0.0019,0.0488,0,0,0,4.7163
0.00190013,0.0487979,0.000471617,0.0026362,-0.0416601,4.71597
0.00190053,0.0487917,0.00094318,0.00526389,-0.0833162,4.71523
0.00190118,0.0487813,0.00141465,0.00788287,-0.124964,4.71409
0.0019021,0.0487667,0.00188598,0.010493,-0.166598,4.71254
0.00190328,0.0487479,0.00235714,0.013094,-0.208214,4.71059
0.00190472,0.048725,0.00282809,0.0156858,-0.249807,4.70824
0.00190642,0.048698,0.00329878,0.0182682,-0.291374,4.70548
0.00190838,0.0486668,0.00376917,0.0208409,-0.332909,4.70232
0.00191059,0.0486314,0.00423923,0.023404,-0.374407,4.69875
0.00191306,0.0485919,0.00470891,0.025957,-0.415865,4.69479
0.00191578,0.0485482,0.00517817,0.0285,-0.457278,4.69042
0.00191876,0.0485004,0.00564698,0.0310327,-0.49864,4.68565
0.00192198,0.0484485,0.00611529,0.0335549,-0.539948,4.68048
0.00192547,0.0483924,0.00658306,0.0360665,-0.581198,4.67491
0.0019292,0.0483323,0.00705026,0.0385674,-0.622384,4.66894
0.00193318,0.048268,0.00751684,0.0410573,-0.663501,4.66258
0.00193741,0.0481996,0.00798276,0.0435362,-0.704547,4.65582
0.00194189,0.0481271,0.00844799,0.0460038,-0.745516,4.64866
0.00194661,0.0480505,0.00891248,0.04846,-0.786403,4.64111
0.00195158,0.0479698,0.0093762,0.0509047,-0.827205,4.63316
0.00195679,0.047885,0.0098391,0.0533376,-0.867917,4.62483
0.00196224,0.0477962,0.0103011,0.0557588,-0.908534,4.6161
0.00196794,0.0477033,0.0107623,0.0581679,-0.949053,4.60698
0.00197388,0.0476064,0.0112225,0.060565,-0.989469,4.59748
0.00198005,0.0475054,0.0116818,0.0629497,-1.02978,4.58759
0.00198647,0.0474004,0.01214,0.0653221,-1.06997,4.57731
0.00199312,0.0472914,0.0125972,0.067682,-1.11006,4.56665
0.002,0.0471784,0.0130534,0.0700291,-1.15002,4.55561
0.00200712,0.0470614,0.0135083,0.0723635,-1.18985,4.54419
0.00201448,0.0469405,0.0139622,0.074685,-1.22956,4.53239
0.00202206,0.0468155,0.0144148,0.0769934,-1.26914,4.52021
0.00202987,0.0466866,0.0148662,0.0792886,-1.30858,4.50766
0.00203792,0.0465538,0.0153163,0.0815706,-1.34788,4.49474
0.00204619,0.0464171,0.0157651,0.0838391,-1.38703,4.48144
0.00205468,0.0462764,0.0162126,0.0860941,-1.42604,4.46778
0.00206341,0.0461319,0.0166587,0.0883355,-1.46489,4.45375
0.00207235,0.0459834,0.0171033,0.0905632,-1.50359,4.43936
0.00208152,0.0458312,0.0175465,0.0927769,-1.54213,4.4246
0.00209091,0.045675,0.0179883,0.0949768,-1.5805,4.40948
0.00210051,0.0455151,0.0184284,0.0971626,-1.6187,4.39401
0.00211034,0.0453513,0.018867,0.0993342,-1.65674,4.37818
0.00212038,0.0451837,0.0193041,0.101492,-1.6946,4.362
0.00213064,0.0450124,0.0197394,0.103635,-1.73228,4.34546
0.00214111,0.0448373,0.0201731,0.105763,-1.76977,4.32858
0.00215179,0.0446584,0.0206051,0.107877,-1.80708,4.31135
0.00216268,0.0444759,0.0210354,0.109977,-1.8442,4.29378
0.00217378,0.0442896,0.0214639,0.112061,-1.88113,4.27586
0.00218509,0.0440996,0.0218906,0.114131,-1.91786,4.25761
0.00219661,0.043906,0.0223154,0.116187,-1.95439,4.23902
0.00220833,0.0437088,0.0227384,0.118227,-1.99072,4.2201
0.00222025,0.0435079,0.0231594,0.120252,-2.02684,4.20085
0.00223238,0.0433034,0.0235785,0.122262,-2.06275,4.18127
0.00224471,0.0430954,0.0239956,0.124257,-2.09844,4.16137
0.00225723,0.0428837,0.0244108,0.126237,-2.13392,4.14114
0.00226995,0.0426686,0.0248239,0.128201,-2.16918,4.1206
0.00228287,0.0424499,0.0252349,0.13015,-2.20422,4.09974
0.00229598,0.0422277,0.0256438,0.132084,-2.23903,4.07856
0.00230929,0.0420021,0.0260506,0.134002,-2.27361,4.05708
0.00232278,0.041773,0.0264552,0.135905,-2.30796,4.03529
0.00233647,0.0415405,0.0268576,0.137792,-2.34208,4.01319
0.00235034,0.0413046,0.0272578,0.139664,-2.37595,3.9908
0.0023644,0.0410653,0.0276558,0.14152,-2.40959,3.9681
0.00237864,0.0408227,0.0280514,0.14336,-2.44298,3.94511
0.00239307,0.0405767,0.0284448,0.145185,-2.47613,3.92183
0.00240768,0.0403275,0.0288358,0.146994,-2.50903,3.89826
0.00242247,0.040075,0.0292244,0.148787,-2.54168,3.8744
0.00243744,0.0398192,0.0296107,0.150564,-2.57407,3.85026
0.00245258,0.0395601,0.0299945,0.152326,-2.60621,3.82585
0.0024679,0.0392979,0.0303758,0.154071,-2.63808,3.80115
0.00248339,0.0390325,0.0307547,0.155801,-2.6697,3.77619
0.00249906,0.038764,0.0311311,0.157514,-2.70105,3.75095
0.0025149,0.0384923,0.0315049,0.159212,-2.73214,3.72545
0.0025309,0.0382176,0.0318761,0.160894,-2.76296,3.69968
0.00254708,0.0379398,0.0322448,0.16256,-2.79351,3.67366
0.00256341,0.0376589,0.0326109,0.164209,-2.82378,3.64738
0.00257992,0.037375,0.0329743,0.165843,-2.85378,3.62085
0.00259658,0.0370881,0.033335,0.167461,-2.88351,3.59407
0.00261341,0.0367983,0.0336931,0.169062,-2.91295,3.56704
0.00263039,0.0365056,0.0340484,0.170648,-2.94212,3.53977
0.00264754,0.0362099,0.034401,0.172218,-2.971,3.51226
0.00266484,0.0359114,0.0347509,0.173771,-2.99959,3.48452
0.00268229,0.03561,0.0350979,0.175309,-3.0279,3.45654
0.0026999,0.0353058,0.0354422,0.17683,-3.05593,3.42833
0.00271766,0.0349988,0.0357836,0.178336,-3.08366,3.3999
0.00273556,0.0346891,0.0361221,0.179826,-3.1111,3.37125
0.00275362,0.0343766,0.0364578,0.181299,-3.13824,3.34238
0.00277182,0.0340614,0.0367906,0.182757,-3.1651,3.31329
0.00279017,0.0337436,0.0371205,0.184198,-3.19165,3.284
0.00280866,0.0334231,0.0374474,0.185624,-3.21791,3.25449
0.0028273,0.0331,0.0377714,0.187034,-3.24387,3.22479
0.00284607,0.0327744,0.0380924,0.188427,-3.26953,3.19488
0.00286498,0.0324461,0.0384103,0.189805,-3.29488,3.16477
0.00288403,0.0321154,0.0387253,0.191167,-3.31993,3.13447
0.00290321,0.0317822,0.0390372,0.192514,-3.34468,3.10398
0.00292253,0.0314465,0.0393461,0.193844,-3.36912,3.0733
0.00294198,0.0311083,0.0396519,0.195159,-3.39326,3.04244
0.00296156,0.0307678,0.0399546,0.196457,-3.41708,3.0114
0.00298127,0.0304249,0.0402542,0.197741,-3.4406,2.98018
0.00300111,0.0300797,0.0405506,0.199008,-3.46381,2.9488
0.00302107,0.0297322,0.0408439,0.20026,-3.48671,2.91724
0.00304116,0.0293824,0.041134,0.201496,-3.50929,2.88551
0.00306137,0.0290303,0.041421,0.202717,-3.53156,2.85363
0.00308171,0.0286761,0.0417048,0.203922,-3.55352,2.82158
0.00310216,0.0283196,0.0419853,0.205112,-3.57516,2.78938
0.00312273,0.0279611,0.0422626,0.206286,-3.59649,2.75703
0.00314341,0.0276004,0.0425367,0.207445,-3.61751,2.72453
0.00316422,0.0272376,0.0428075,0.208589,-3.6382,2.69188
0.00318513,0.0268727,0.0430751,0.209717,-3.65858,2.6591
0.00320616,0.0265059,0.0433394,0.21083,-3.67864,2.62617
0.0032273,0.026137,0.0436003,0.211928,-3.69839,2.59312
0.00324854,0.0257662,0.043858,0.213011,-3.71781,2.55993
0.0032699,0.0253935,0.0441123,0.214078,-3.73692,2.52661
0.00329136,0.0250188,0.0443633,0.215131,-3.7557,2.49317
0.00331292,0.0246423,0.0446109,0.216169,-3.77417,2.4596
0.00333459,0.024264,0.0448552,0.217192,-3.79231,2.42592
0.00335636,0.0238839,0.0450961,0.2182,-3.81014,2.39213
0.00337823,0.023502,0.0453336,0.219193,-3.82764,2.35822
0.0034002,0.0231184,0.0455678,0.220171,-3.84483,2.32421
0.00342227,0.022733,0.0457985,0.221135,-3.86169,2.29009
0.00344443,0.022346,0.0460258,0.222085,-3.87823,2.25588
0.00346668,0.0219574,0.0462496,0.223019,-3.89445,2.22156
0.00348903,0.0215671,0.0464701,0.22394,-3.91035,2.18715
0.00351147,0.0211753,0.0466871,0.224846,-3.92593,2.15265
0.003534,0.020782,0.0469006,0.225737,-3.94118,2.11806
0.00355662,0.0203871,0.0471107,0.226615,-3.95612,2.08339
0.00357932,0.0199908,0.0473173,0.227478,-3.97073,2.04864
0.00360211,0.019593,0.0475204,0.228327,-3.98502,2.01381
0.00362499,0.0191938,0.04772,0.229162,-3.999,1.9789
0.00364794,0.0187932,0.0479162,0.229983,-4.01265,1.94392
0.00367098,0.0183912,0.0481088,0.230791,-4.02598,1.90888
0.0036941,0.017988,0.048298,0.231584,-4.03899,1.87376
0.0037173,0.0175835,0.0484836,0.232364,-4.05168,1.83859
0.00374057,0.0171777,0.0486657,0.23313,-4.06405,1.80336
0.00376392,0.0167707,0.0488442,0.233883,-4.0761,1.76807
0.00378735,0.0163625,0.0490193,0.234622,-4.08783,1.73272
0.00381085,0.0159531,0.0491908,0.235347,-4.09924,1.69733
0.00383442,0.0155426,0.0493587,0.23606,-4.11034,1.66189
0.00385806,0.015131,0.0495232,0.236759,-4.12111,1.62641
0.00388177,0.0147184,0.049684,0.237445,-4.13157,1.59088
0.00390555,0.0143047,0.0498413,0.238117,-4.14172,1.55532
0.00392939,0.0138901,0.0499951,0.238777,-4.15155,1.51972
0.0039533,0.0134744,0.0501453,0.239424,-4.16106,1.48409
0.00397728,0.0130579,0.0502919,0.240058,-4.17025,1.44843
0.00400131,0.0126404,0.050435,0.24068,-4.17914,1.41275
0.00402541,0.0122221,0.0505745,0.241288,-4.18771,1.37704
0.00404957,0.0118029,0.0507104,0.241884,-4.19596,1.34131
0.00407379,0.0113829,0.0508427,0.242468,-4.20391,1.30556
0.00409806,0.0109621,0.0509715,0.243039,-4.21154,1.2698
0.0041224,0.0105406,0.0510967,0.243598,-4.21886,1.23402
0.00414678,0.0101183,0.0512183,0.244144,-4.22587,1.19824
0.00417122,0.00969542,0.0513363,0.244678,-4.23257,1.16245
0.00419572,0.00927184,0.0514508,0.245201,-4.23897,1.12665
0.00422026,0.00884763,0.0515617,0.245711,-4.24506,1.09085
0.00424486,0.00842283,0.0516689,0.246209,-4.25084,1.05505
0.00426951,0.00799747,0.0517727,0.246696,-4.25631,1.01926
0.0042942,0.00757158,0.0518728,0.247171,-4.26148,0.983476
0.00431894,0.00714519,0.0519694,0.247634,-4.26634,0.947699
0.00434373,0.00671832,0.0520623,0.248086,-4.27091,0.911933
0.00436856,0.00629102,0.0521517,0.248526,-4.27517,0.876181
0.00439343,0.0058633,0.0522376,0.248955,-4.27913,0.840446
0.00441835,0.0054352,0.0523198,0.249372,-4.28279,0.80473
0.0044433,0.00500675,0.0523985,0.249778,-4.28615,0.769036
0.0044683,0.00457798,0.0524736,0.250174,-4.28921,0.733366
0.00449334,0.00414892,0.0525452,0.250558,-4.29197,0.697722
0.00451841,0.0037196,0.0526132,0.250931,-4.29444,0.662107
0.00454352,0.00329004,0.0526776,0.251293,-4.29662,0.626523
0.00456867,0.00286028,0.0527385,0.251645,-4.2985,0.590973
0.00459385,0.00243035,0.0527958,0.251986,-4.30009,0.555459
0.00461907,0.00200028,0.0528496,0.252316,-4.30139,0.519983
0.00464432,0.00157009,0.0528998,0.252636,-4.30239,0.484548
0.0046696,0.00113981,0.0529465,0.252945,-4.30311,0.449156
0.0046949,0.000709473,0.0529896,0.253244,-4.30354,0.413809
0.00472024,0.000279109,0.0530293,0.253533,-4.30368,0.378509
0.00474561,-0.000151254,0.0530654,0.253812,-4.30354,0.343259
0.00477101,-0.000581589,0.0530979,0.254081,-4.30311,0.30806
0.00479643,-0.00101187,0.053127,0.254339,-4.3024,0.272916
0.00482187,-0.00144206,0.0531525,0.254588,-4.30141,0.237827
0.00484734,-0.00187214,0.0531745,0.254827,-4.30014,0.202796
0.00487284,-0.00230208,0.0531931,0.255056,-4.29859,0.167826
0.00489836,-0.00273185,0.0532081,0.255276,-4.29676,0.132918
0.00492389,-0.00316142,0.0532196,0.255486,-4.29465,0.0980747
0.00492389,-0.00316142,0.0532196,0.255486,-4.29465,0.0980747
0.00494936,-0.00359085,0.0532278,0.253846,-4.2939,0.0643122
0.00497466,-0.00402019,0.0532325,0.252197,-4.29288,0.0306182
0.0049998,-0.00444942,0.0532339,0.250538,-4.29158,-0.00300522
0.00502477,-0.0048785,0.0532319,0.248871,-4.29,-0.0365559
0.00504957,-0.00530741,0.0532266,0.247194,-4.28816,-0.0700318
0.00507421,-0.00573612,0.0532179,0.245509,-4.28605,-0.103431
0.00509867,-0.00616461,0.0532059,0.243815,-4.28367,-0.136751
0.00512297,-0.00659285,0.0531906,0.242113,-4.28102,-0.16999
0.0051471,-0.00702081,0.0531719,0.240403,-4.27811,-0.203147
0.00517105,-0.00744846,0.0531499,0.238685,-4.27493,-0.236218
0.00519483,-0.00787578,0.0531247,0.23696,-4.27149,-0.269203
0.00521844,-0.00830275,0.0530961,0.235227,-4.26779,-0.302099
0.00524188,-0.00872933,0.0530642,0.233487,-4.26382,-0.334904
0.00526514,-0.00915551,0.0530291,0.23174,-4.2596,-0.367616
0.00528823,-0.00958124,0.0529907,0.229987,-4.25512,-0.400234
0.00531114,-0.0100065,0.0529491,0.228227,-4.25039,-0.432755
0.00533387,-0.0104313,0.0529042,0.226461,-4.2454,-0.465178
0.00535643,-0.0108556,0.052856,0.224689,-4.24016,-0.4975
0.00537881,-0.0112793,0.0528047,0.22291,-4.23466,-0.529721
0.00540101,-0.0117025,0.0527501,0.221127,-4.22892,-0.561838
0.00542303,-0.0121251,0.0526923,0.219338,-4.22292,-0.593849
0.00544488,-0.0125471,0.0526313,0.217543,-4.21668,-0.625753
0.00546654,-0.0129684,0.0525672,0.215744,-4.21019,-0.657547
0.00548803,-0.0133891,0.0524998,0.21394,-4.20346,-0.689231
0.00550933,-0.0138091,0.0524293,0.212131,-4.19649,-0.720802
0.00553045,-0.0142284,0.0523557,0.210318,-4.18927,-0.752259
0.00555139,-0.014647,0.0522789,0.208501,-4.18182,-0.7836
0.00557215,-0.0150648,0.052199,0.20668,-4.17413,-0.814823
0.00559273,-0.0154818,0.0521159,0.204855,-4.1662,-0.845926
0.00561312,-0.015898,0.0520298,0.203027,-4.15803,-0.876909
0.00563334,-0.0163134,0.0519405,0.201195,-4.14963,-0.907769
0.00565336,-0.0167279,0.0518482,0.199361,-4.141,-0.938506
0.00567321,-0.0171416,0.0517528,0.197523,-4.13214,-0.969116
0.00569287,-0.0175543,0.0516544,0.195683,-4.12305,-0.999599
0.00571234,-0.0179662,0.0515529,0.19384,-4.11374,-1.02995
0.00573164,-0.0183771,0.0514484,0.191995,-4.1042,-1.06018
0.00575074,-0.018787,0.0513409,0.190148,-4.09443,-1.09027
0.00576967,-0.019196,0.0512304,0.188299,-4.08444,-1.12023
0.0057884,-0.0196039,0.0511169,0.186448,-4.07424,-1.15005
0.00580695,-0.0200108,0.0510004,0.184596,-4.06381,-1.17974
0.00582532,-0.0204167,0.0508809,0.182742,-4.05317,-1.20929
0.0058435,-0.0208214,0.0507585,0.180887,-4.04231,-1.2387
0.0058615,-0.0212251,0.0506332,0.179032,-4.03123,-1.26797
0.00587931,-0.0216277,0.0505049,0.177175,-4.01995,-1.2971
0.00589693,-0.0220291,0.0503738,0.175319,-4.00845,-1.32609
0.00591437,-0.0224294,0.0502397,0.173462,-3.99675,-1.35493
0.00593163,-0.0228284,0.0501028,0.171604,-3.98484,-1.38363
0.00594869,-0.0232263,0.049963,0.169747,-3.97272,-1.41218
0.00596558,-0.023623,0.0498204,0.16789,-3.9604,-1.44058
0.00598227,-0.0240184,0.0496749,0.166033,-3.94788,-1.46883
0.00599878,-0.0244125,0.0495266,0.164178,-3.93516,-1.49693
0.00601511,-0.0248054,0.0493755,0.162322,-3.92224,-1.52488
0.00603125,-0.025197,0.0492216,0.160468,-3.90913,-1.55268
0.0060472,-0.0255872,0.049065,0.158615,-3.89582,-1.58032
0.00606297,-0.0259761,0.0489056,0.156763,-3.88231,-1.60781
0.00607855,-0.0263637,0.0487434,0.154913,-3.86862,-1.63514
0.00609395,-0.0267499,0.0485785,0.153065,-3.85473,-1.66232
0.00610917,-0.0271346,0.048411,0.151218,-3.84066,-1.68933
0.0061242,-0.027518,0.0482407,0.149373,-3.8264,-1.71619
0.00613904,-0.0278999,0.0480677,0.147531,-3.81196,-1.74288
0.0061537,-0.0282804,0.0478921,0.145691,-3.79733,-1.76941
0.00616818,-0.0286594,0.0477138,0.143853,-3.78253,-1.79578
0.00618247,-0.0290369,0.047533,0.142019,-3.76754,-1.82199
0.00619658,-0.0294129,0.0473495,0.140187,-3.75238,-1.84803
0.00621051,-0.0297873,0.0471634,0.138358,-3.73704,-1.87391
0.00622426,-0.0301603,0.0469747,0.136532,-3.72153,-1.89962
0.00623782,-0.0305316,0.0467834,0.13471,-3.70585,-1.92516
0.0062512,-0.0309014,0.0465896,0.132892,-3.69,-1.95054
0.0062644,-0.0312696,0.0463933,0.131077,-3.67398,-1.97574
0.00627741,-0.0316362,0.0461945,0.129266,-3.65779,-2.00078
0.00629025,-0.0320012,0.0459932,0.127459,-3.64144,-2.02564
0.0063029,-0.0323645,0.0457894,0.125656,-3.62492,-2.05034
0.00631538,-0.0327262,0.0455831,0.123857,-3.60825,-2.07486
0.00632768,-0.0330861,0.0453744,0.122063,-3.59141,-2.09921
0.00633979,-0.0334444,0.0451633,0.120274,-3.57442,-2.12338
0.00635173,-0.033801,0.0449497,0.118489,-3.55727,-2.14738
0.00636349,-0.0341559,0.0447338,0.11671,-3.53997,-2.1712
0.00637507,-0.034509,0.0445155,0.114935,-3.52252,-2.19485
0.00638648,-0.0348604,0.0442948,0.113166,-3.50491,-2.21832
0.00639771,-0.03521,0.0440719,0.111402,-3.48716,-2.24162
0.00640876,-0.0355578,0.0438465,0.109643,-3.46926,-2.26474
0.00641964,-0.0359038,0.0436189,0.107891,-3.45122,-2.28767
0.00643034,-0.0362481,0.043389,0.106144,-3.43303,-2.31043
0.00644086,-0.0365904,0.0431568,0.104403,-3.4147,-2.33301
0.00645122,-0.036931,0.0429224,0.102668,-3.39624,-2.35541
0.0064614,-0.0372697,0.0426858,0.100939,-3.37763,-2.37763
0.00647141,-0.0376065,0.0424469,0.0992165,-3.35889,-2.39967
0.00648124,-0.0379415,0.0422058,0.0975006,-3.34001,-2.42152
0.00649091,-0.0382745,0.0419626,0.0957912,-3.321,-2.44319
0.0065004,-0.0386057,0.0417172,0.0940886,-3.30186,-2.46468
0.00650972,-0.0389349,0.0414697,0.0923929,-3.2826,-2.48599
0.00651888,-0.0392622,0.04122,0.0907041,-3.2632,-2.50711
0.00652787,-0.0395875,0.0409682,0.0890225,-3.24368,-2.52805
0.00653668,-0.0399109,0.0407144,0.0873481,-3.22404,-2.5488
0.00654534,-0.0402323,0.0404585,0.085681,-3.20427,-2.56937
0.00655382,-0.0405518,0.0402005,0.0840214,-3.18438,-2.58976
0.00656214,-0.0408692,0.0399405,0.0823693,-3.16438,-2.60996
0.00657029,-0.0411846,0.0396785,0.080725,-3.14426,-2.62997
0.00657828,-0.041498,0.0394146,0.0790885,-3.12402,-2.6498
0.00658611,-0.0418094,0.0391486,0.0774599,-3.10367,-2.66944
0.00659378,-0.0421188,0.0388807,0.0758393,-3.08321,-2.68889
0.00660128,-0.0424261,0.0386108,0.0742269,-3.06264,-2.70816
0.00660862,-0.0427313,0.038339,0.0726227,-3.04196,-2.72723
0.00661581,-0.0430345,0.0380654,0.0710269,-3.02117,-2.74612
0.00662283,-0.0433355,0.0377898,0.0694396,-3.00028,-2.76483
0.00662969,-0.0436345,0.0375124,0.0678608,-2.97929,-2.78334
0.0066364,-0.0439314,0.0372332,0.0662906,-2.95819,-2.80167
0.00664295,-0.0442261,0.0369521,0.0647293,-2.937,-2.81981
0.00664935,-0.0445188,0.0366692,0.0631768,-2.91571,-2.83776
0.00665559,-0.0448093,0.0363845,0.0616332,-2.89432,-2.85552
0.00666167,-0.0450976,0.0360981,0.0600987,-2.87283,-2.87309
0.00666761,-0.0453838,0.0358099,0.0585733,-2.85126,-2.89048
0.00667339,-0.0456679,0.03552,0.0570572,-2.82959,-2.90767
0.00667902,-0.0459498,0.0352284,0.0555504,-2.80783,-2.92468
0.0066845,-0.0462294,0.0349351,0.0540529,-2.78599,-2.94149
0.00668983,-0.046507,0.0346401,0.052565,-2.76405,-2.95812
0.00669501,-0.0467823,0.0343435,0.0510867,-2.74204,-2.97456
0.00670005,-0.0470554,0.0340452,0.049618,-2.71994,-2.99081
0.00670494,-0.0473262,0.0337453,0.0481591,-2.69776,-3.00687
0.00670968,-0.0475949,0.0334438,0.04671,-2.67549,-3.02274
0.00671428,-0.0478613,0.0331408,0.0452708,-2.65315,-3.03842
0.00671873,-0.0481255,0.0328362,0.0438416,-2.63074,-3.05391
0.00672305,-0.0483875,0.03253,0.0424224,-2.60824,-3.06921
0.00672722,-0.0486472,0.0322223,0.0410133,-2.58568,-3.08433
0.00673125,-0.0489046,0.0319131,0.0396145,-2.56304,-3.09925
0.00673514,-0.0491598,0.0316025,0.0382259,-2.54033,-3.11399
0.0067389,-0.0494127,0.0312904,0.0368477,-2.51755,-3.12853
0.00674251,-0.0496633,0.0309768,0.0354798,-2.49471,-3.14289
0.00674599,-0.0499116,0.0306618,0.0341225,-2.47179,-3.15706
0.00674934,-0.0501576,0.0303454,0.0327756,-2.44882,-3.17104
0.00675255,-0.0504014,0.0300276,0.0314394,-2.42578,-3.18483
0.00675563,-0.0506428,0.0297084,0.0301138,-2.40268,-3.19843
0.00675857,-0.0508819,0.0293879,0.028799,-2.37952,-3.21185
0.00676139,-0.0511187,0.0290661,0.0274949,-2.3563,-3.22507
0.00676407,-0.0513532,0.0287429,0.0262016,-2.33302,-3.23811
0.00676663,-0.0515853,0.0284184,0.0249193,-2.30969,-3.25096
0.00676905,-0.0518151,0.0280927,0.0236479,-2.2863,-3.26363
0.00677136,-0.0520426,0.0277657,0.0223874,-2.26286,-3.2761
0.00677353,-0.0522677,0.0274375,0.0211381,-2.23937,-3.28839
0.00677558,-0.0524904,0.027108,0.0198998,-2.21583,-3.3005
0.00677751,-0.0527108,0.0267774,0.0186726,-2.19224,-3.31241
0.00677932,-0.0529289,0.0264456,0.0174567,-2.1686,-3.32414
0.006781,-0.0531446,0.0261126,0.016252,-2.14492,-3.33569
0.00678257,-0.0533579,0.0257784,0.0150585,-2.1212,-3.34705
0.00678402,-0.0535688,0.0254432,0.0138764,-2.09743,-3.35822
0.00678535,-0.0537774,0.0251068,0.0127056,-2.07362,-3.36921
0.00678656,-0.0539835,0.0247693,0.0115463,-2.04977,-3.38001
0.00678766,-0.0541873,0.0244308,0.0103983,-2.02588,-3.39063
0.00678864,-0.0543887,0.0240912,0.00926186,-2.00195,-3.40107
0.00678951,-0.0545877,0.0237506,0.00813691,-1.97799,-3.41132
0.00679027,-0.0547843,0.023409,0.0070235,-1.95399,-3.42138
0.00679091,-0.0549785,0.0230663,0.00592166,-1.92995,-3.43127
0.00679145,-0.0551703,0.0227227,0.00483144,-1.90589,-3.44097
0.00679188,-0.0553597,0.0223781,0.00375284,-1.88179,-3.45049
0.0067922,-0.0555466,0.0220326,0.00268591,-1.85767,-3.45982
0.00679242,-0.0557312,0.0216862,0.00163067,-1.83352,-3.46898
0.00679253,-0.0559133,0.0213388,0.000587147,-1.80934,-3.47795
0.00679254,-0.0560931,0.0209906,-0.000444635,-1.78513,-3.48674
0.00679244,-0.0562704,0.0206415,-0.00146465,-1.7609,-3.49536
0.00679224,-0.0564452,0.0202915,-0.00247288,-1.73664,-3.50379
0.00679195,-0.0566177,0.0199407,-0.00346931,-1.71236,-3.51204
0.00679155,-0.0567877,0.0195891,-0.00445391,-1.68807,-3.52011
0.00679106,-0.0569553,0.0192367,-0.00542666,-1.66375,-3.52801
0.00679046,-0.0571205,0.0188835,-0.00638756,-1.63941,-3.53572
0.00678978,-0.0572832,0.0185296,-0.00733657,-1.61506,-3.54326
0.006789,-0.0574435,0.0181749,-0.0082737,-1.59068,-3.55062
0.00678812,-0.0576013,0.0178195,-0.00919892,-1.5663,-3.5578
0.00678716,-0.0577567,0.0174633,-0.0101122,-1.5419,-3.5648
0.0067861,-0.0579097,0.0171065,-0.0110136,-1.51748,-3.57163
0.00678496,-0.0580602,0.016749,-0.011903,-1.49306,-3.57829
0.00678372,-0.0582083,0.0163909,-0.0127805,-1.46862,-3.58477
0.0067824,-0.058354,0.0160321,-0.0136461,-1.44418,-3.59107
0.00678099,-0.0584971,0.0156727,-0.0144996,-1.41972,-3.5972
0.0067795,-0.0586379,0.0153126,-0.0153413,-1.39526,-3.60315
0.00677792,-0.0587762,0.014952,-0.0161709,-1.3708,-3.60894
0.00677627,-0.0589121,0.0145909,-0.0169886,-1.34632,-3.61454
0.00677453,-0.0590455,0.0142291,-0.0177943,-1.32185,-3.61998
0.00677271,-0.0591764,0.0138669,-0.018588,-1.29737,-3.62525
0.00677081,-0.0593049,0.0135041,-0.0193698,-1.27288,-3.63034
0.00676883,-0.059431,0.0131408,-0.0201396,-1.2484,-3.63526
0.00676678,-0.0595546,0.012777,-0.0208974,-1.22392,-3.64001
0.00676466,-0.0596758,0.0124128,-0.0216432,-1.19943,-3.6446
0.00676245,-0.0597945,0.0120481,-0.0223771,-1.17495,-3.64901
0.00676018,-0.0599108,0.011683,-0.023099,-1.15047,-3.65325
0.00675783,-0.0600246,0.0113175,-0.023809,-1.126,-3.65733
0.00675542,-0.060136,0.0109515,-0.0245071,-1.10153,-3.66124
0.00675293,-0.0602449,0.0105852,-0.0251932,-1.07707,-3.66498
0.00675038,-0.0603514,0.0102186,-0.0258674,-1.05261,-3.66855
0.00674776,-0.0604554,0.00985153,-0.0265296,-1.02816,-3.67196
0.00674508,-0.060557,0.00948417,-0.02718,-1.00372,-3.67521
0.00674233,-0.0606562,0.00911649,-0.0278185,-0.979291,-3.67828
0.00673951,-0.0607529,0.00874852,-0.0284451,-0.954871,-3.6812
0.00673664,-0.0608471,0.00838026,-0.0290599,-0.930461,-3.68395
0.0067337,-0.060939,0.00801173,-0.0296628,-0.906064,-3.68653
0.0067307,-0.0610284,0.00764296,-0.0302539,-0.881681,-3.68896
0.00672765,-0.0611153,0.00727395,-0.0308331,-0.857311,-3.69122
0.00672454,-0.0611998,0.00690472,-0.0314006,-0.832956,-3.69332
0.00672137,-0.0612819,0.00653529,-0.0319563,-0.808616,-3.69526
0.00671815,-0.0613615,0.00616567,-0.0325003,-0.784293,-3.69703
0.00671487,-0.0614388,0.00579589,-0.0330325,-0.759988,-3.69865
0.00671154,-0.0615135,0.00542595,-0.033553,-0.7357,-3.70011
0.00670816,-0.0615859,0.00505587,-0.0340618,-0.711432,-3.70141
0.00670473,-0.0616558,0.00468567,-0.034559,-0.687183,-3.70255
0.00670125,-0.0617233,0.00431536,-0.0350445,-0.662956,-3.70354
0.00669772,-0.0617884,0.00394497,-0.0355184,-0.638749,-3.70436
0.00669415,-0.0618511,0.0035745,-0.0359807,-0.614565,-3.70503
0.00669053,-0.0619113,0.00320397,-0.0364315,-0.590403,-3.70555
0.00668686,-0.0619692,0.00283339,-0.0368707,-0.566265,-3.70591
0.00668315,-0.0620246,0.00246279,-0.0372984,-0.542152,-3.70611
0.0066794,-0.0620776,0.00209217,-0.0377147,-0.518064,-3.70616
0.00667561,-0.0621282,0.00172156,-0.0381195,-0.494002,-3.70606
0.00667178,-0.0621764,0.00135097,-0.0385128,-0.469967,-3.7058
0.00666791,-0.0622222,0.000980406,-0.0388948,-0.445959,-3.70539
0.006664,-0.0622656,0.000609894,-0.0392654,-0.421979,-3.70483
0.00666005,-0.0623066,0.000239445,-0.0396248,-0.398028,-3.70412
0.00665607,-0.0623452,-0.000130925,-0.0399728,-0.374106,-3.70326
0.00665206,-0.0623814,-0.000501202,-0.0403095,-0.350214,-3.70224
0.00664801,-0.0624152,-0.000871369,-0.0406351,-0.326354,-3.70108
0.00664393,-0.0624467,-0.00124141,-0.0409495,-0.302525,-3.69977
0.00663982,-0.0624758,-0.00161132,-0.0412527,-0.278728,-3.69831
0.00663568,-0.0625024,-0.00198107,-0.0415448,-0.254964,-3.6967
0.00663151,-0.0625267,-0.00235065,-0.0418258,-0.231234,-3.69494
0.00662732,-0.0625487,-0.00272005,-0.0420959,-0.207538,-3.69304
0.0066231,-0.0625683,-0.00308926,-0.0423549,-0.183876,-3.69099
0.00661885,-0.0625855,-0.00345825,-0.0426029,-0.16025,-3.6888
0.00661458,-0.0626003,-0.00382701,-0.0428401,-0.13666,-3.68646
0.00661028,-0.0626128,-0.00419553,-0.0430664,-0.113107,-3.68398
0.00660596,-0.0626229,-0.0045638,-0.0432818,-0.0895904,-3.68135
0.00660162,-0.0626307,-0.0049318,-0.0434864,-0.0661121,-3.67858
0.00659727,-0.0626362,-0.00529951,-0.0436804,-0.0426722,-3.67567
0.00659289,-0.0626393,-0.00566693,-0.0438636,-0.0192713,-3.67261
0.00658849,-0.06264,-0.00603403,-0.0440361,0.00409005,-3.66941
0.00658408,-0.0626384,-0.00640081,-0.044198,0.0274112,-3.66608
0.00657965,-0.0626345,-0.00676724,-0.0443494,0.0506917,-3.6626
0.00657521,-0.0626283,-0.00713332,-0.0444903,0.073931,-3.65898
0.00657076,-0.0626197,-0.00749903,-0.0446206,0.0971284,-3.65522
0.00656629,-0.0626089,-0.00786436,-0.0447406,0.120284,-3.65132
0.00656181,-0.0625957,-0.00822929,-0.0448501,0.143396,-3.64729
0.00655732,-0.0625802,-0.00859381,-0.0449493,0.166465,-3.64312
0.00655282,-0.0625624,-0.00895791,-0.0450383,0.18949,-3.63881
0.00654831,-0.0625423,-0.00932157,-0.045117,0.21247,-3.63436
0.0065438,-0.0625199,-0.00968478,-0.0451855,0.235406,-3.62978
0.00653927,-0.0624952,-0.0100475,-0.0452439,0.258296,-3.62506
0.00653475,-0.0624682,-0.0104098,-0.0452921,0.28114,-3.62021
0.00653022,-0.062439,-0.0107716,-0.0453304,0.303938,-3.61522
0.00652568,-0.0624075,-0.0111328,-0.0453587,0.326689,-3.6101
0.00652114,-0.0623737,-0.0114936,-0.045377,0.349392,-3.60484
0.00651661,-0.0623376,-0.0118538,-0.0453855,0.372048,-3.59946
0.00651207,-0.0622992,-0.0122135,-0.0453841,0.394656,-3.59394
0.00650753,-0.0622587,-0.0125726,-0.045373,0.417214,-3.58829
0.00650299,-0.0622158,-0.0129311,-0.0453522,0.439724,-3.5825
0.00649846,-0.0621707,-0.0132891,-0.0453217,0.462184,-3.57659
0.00649393,-0.0621234,-0.0136464,-0.0452816,0.484593,-3.57055
0.0064894,-0.0620738,-0.0140032,-0.0452319,0.506953,-3.56438
0.00648488,-0.062022,-0.0143593,-0.0451728,0.529261,-3.55807
0.00648037,-0.0619679,-0.0147148,-0.0451042,0.551518,-3.55164
0.00647586,-0.0619117,-0.0150696,-0.0450262,0.573723,-3.54508
0.00647136,-0.0618532,-0.0154238,-0.0449389,0.595876,-3.5384
0.00646688,-0.0617925,-0.0157773,-0.0448424,0.617976,-3.53158
0.0064624,-0.0617296,-0.0161301,-0.0447366,0.640023,-3.52465
0.00645793,-0.0616645,-0.0164822,-0.0446217,0.662017,-3.51758
0.00645347,-0.0615972,-0.0168336,-0.0444977,0.683957,-3.51039
0.00644903,-0.0615277,-0.0171843,-0.0443646,0.705843,-3.50307
0.0064446,-0.061456,-0.0175342,-0.0442227,0.727675,-3.49563
0.00644019,-0.0613822,-0.0178834,-0.0440717,0.749451,-3.48806
0.00643579,-0.0613062,-0.0182318,-0.043912,0.771172,-3.48038
0.0064314,-0.061228,-0.0185795,-0.0437435,0.792837,-3.47256
0.00642704,-0.0611476,-0.0189263,-0.0435662,0.814447,-3.46463
0.00642269,-0.0610651,-0.0192724,-0.0433803,0.835999,-3.45657
0.00641836,-0.0609804,-0.0196177,-0.0431857,0.857495,-3.44839
0.00641405,-0.0608936,-0.0199621,-0.0429827,0.878934,-3.44009
0.00640977,-0.0608046,-0.0203057,-0.0427711,0.900316,-3.43167
0.0064055,-0.0607135,-0.0206484,-0.0425512,0.92164,-3.42313
0.00640126,-0.0606203,-0.0209903,-0.0423229,0.942905,-3.41447
0.00639703,-0.0605249,-0.0213313,-0.0420863,0.964112,-3.40569
0.00639284,-0.0604275,-0.0216714,-0.0418416,0.98526,-3.39679
0.00638867,-0.0603279,-0.0220107,-0.0415886,1.00635,-3.38777
0.00638452,-0.0602262,-0.022349,-0.0413276,1.02738,-3.37864
0.0063804,-0.0601224,-0.0226864,-0.0410586,1.04835,-3.36939
0.00637631,-0.0600165,-0.0230229,-0.0407816,1.06926,-3.36001
0.00637225,-0.0599086,-0.0233584,-0.0404967,1.09011,-3.35053
0.00636821,-0.0597985,-0.023693,-0.040204,1.1109,-3.34092
0.0063642,-0.0596864,-0.0240266,-0.0399035,1.13162,-3.3312
0.00636023,-0.0595722,-0.0243592,-0.0395954,1.15229,-3.32137
0.00635629,-0.0594559,-0.0246908,-0.0392797,1.17289,-3.31142
0.00635237,-0.0593376,-0.0250215,-0.0389564,1.19344,-3.30135
0.0063485,-0.0592172,-0.0253511,-0.0386256,1.21392,-3.29118
0.00634465,-0.0590948,-0.0256797,-0.0382874,1.23434,-3.28088
0.00634084,-0.0589704,-0.0260073,-0.0379419,1.25469,-3.27048
0.00633706,-0.0588439,-0.0263338,-0.0375891,1.27498,-3.25996
0.00633332,-0.0587154,-0.0266593,-0.0372291,1.29521,-3.24933
0.00632962,-0.0585848,-0.0269837,-0.036862,1.31538,-3.23858
0.00632595,-0.0584523,-0.027307,-0.0364879,1.33548,-3.22773
0.00632232,-0.0583178,-0.0276292,-0.0361067,1.35552,-3.21676
0.00631873,-0.0581812,-0.0279503,-0.0357186,1.37549,-3.20568
0.00631517,-0.0580427,-0.0282703,-0.0353237,1.3954,-3.19449
0.00631166,-0.0579021,-0.0285892,-0.0349221,1.41524,-3.18319
0.00630819,-0.0577596,-0.028907,-0.0345137,1.43502,-3.17178
0.00630476,-0.0576151,-0.0292236,-0.0340987,1.45473,-3.16026
0.00630137,-0.0574687,-0.029539,-0.0336772,1.47437,-3.14863
0.00629802,-0.0573202,-0.0298533,-0.0332492,1.49395,-3.1369
0.00629472,-0.0571699,-0.0301664,-0.0328148,1.51347,-3.12505
0.00629146,-0.0570176,-0.0304783,-0.032374,1.53292,-3.1131
0.00628825,-0.0568633,-0.030789,-0.031927,1.5523,-3.10103
0.00628508,-0.0567071,-0.0310985,-0.0314739,1.57161,-3.08887
0.00628195,-0.056549,-0.0314068,-0.0310146,1.59086,-3.07659
0.00627887,-0.0563889,-0.0317138,-0.0305493,1.61004,-3.06421
0.00627584,-0.056227,-0.0320196,-0.0300781,1.62915,-3.05172
0.00627286,-0.0560631,-0.0323242,-0.029601,1.64819,-3.03912
0.00626992,-0.0558973,-0.0326274,-0.0291181,1.66717,-3.02642
0.00626704,-0.0557297,-0.0329294,-0.0286295,1.68607,-3.01361
0.0062642,-0.0555601,-0.0332302,-0.0281353,1.70491,-3.0007
0.00626141,-0.0553887,-0.0335296,-0.0276355,1.72368,-2.98768
0.00625867,-0.0552154,-0.0338277,-0.0271302,1.74238,-2.97456
0.00625598,-0.0550402,-0.0341245,-0.0266195,1.76101,-2.96133
0.00625335,-0.0548632,-0.0344199,-0.0261035,1.77957,-2.948
0.00625076,-0.0546843,-0.0347141,-0.0255822,1.79806,-2.93456
0.00624823,-0.0545036,-0.0350069,-0.0250558,1.81648,-2.92102
0.00624575,-0.054321,-0.0352983,-0.0245243,1.83483,-2.90738
0.00624333,-0.0541366,-0.0355883,-0.0239878,1.85311,-2.89364
0.00624095,-0.0539504,-0.035877,-0.0234464,1.87132,-2.87979
0.00623864,-0.0537624,-0.0361643,-0.0229001,1.88946,-2.86584
0.00623637,-0.0535725,-0.0364502,-0.0223491,1.90752,-2.85179
0.00623417,-0.0533809,-0.0367346,-0.0217934,1.92552,-2.83764
0.00623202,-0.0531874,-0.0370177,-0.0212331,1.94344,-2.82338
0.00622992,-0.0529922,-0.0372993,-0.0206684,1.96129,-2.80902
0.00622788,-0.0527951,-0.0375795,-0.0200991,1.97907,-2.79457
0.0062259,-0.0525964,-0.0378582,-0.0195256,1.99678,-2.78001
0.00622398,-0.0523958,-0.0381355,-0.0189478,2.01441,-2.76535
0.00622211,-0.0521935,-0.0384113,-0.0183658,2.03197,-2.75059
0.0062203,-0.0519894,-0.0386856,-0.0177797,2.04946,-2.73573
0.00621856,-0.0517836,-0.0389584,-0.0171896,2.06688,-2.72077
0.00621687,-0.051576,-0.0392298,-0.0165956,2.08422,-2.70571
0.00621524,-0.0513667,-0.0394996,-0.0159978,2.10149,-2.69055
0.00621367,-0.0511557,-0.0397679,-0.0153962,2.11868,-2.67529
0.00621216,-0.050943,-0.0400346,-0.014791,2.1358,-2.65993
0.00621071,-0.0507286,-0.0402998,-0.0141822,2.15284,-2.64448
0.00620932,-0.0505124,-0.0405635,-0.01357,2.16981,-2.62892
0.00620799,-0.0502946,-0.0408256,-0.0129543,2.18671,-2.61327
0.00620673,-0.0500751,-0.0410862,-0.0123353,2.20353,-2.59751
0.00620553,-0.0498539,-0.0413451,-0.0117132,2.22028,-2.58166
0.00620439,-0.0496311,-0.0416025,-0.0110878,2.23695,-2.56571
0.00620331,-0.0494065,-0.0418583,-0.0104595,2.25354,-2.54967
0.0062023,-0.0491803,-0.0421124,-0.00982823,2.27006,-2.53352
0.00620134,-0.0489525,-0.042365,-0.00919409,2.2865,-2.51728
0.00620046,-0.0487231,-0.0426159,-0.0085572,2.30286,-2.50094
0.00619963,-0.0484919,-0.0428652,-0.00791764,2.31915,-2.4845
0.00619887,-0.0482592,-0.0431128,-0.0072755,2.33536,-2.46797
0.00619818,-0.0480249,-0.0433587,-0.00663088,2.3515,-2.45134
0.00619755,-0.0477889,-0.043603,-0.00598387,2.36755,-2.43461
0.00619698,-0.0475514,-0.0438457,-0.00533457,2.38353,-2.41779
0.00619648,-0.0473122,-0.0440866,-0.00468307,2.39943,-2.40087
0.00619604,-0.0470715,-0.0443258,-0.00402946,2.41526,-2.38385
0.00619567,-0.0468292,-0.0445634,-0.00337384,2.431,-2.36674
0.00619537,-0.0465853,-0.0447992,-0.00271631,2.44667,-2.34953
0.00619513,-0.0463398,-0.0450333,-0.00205696,2.46225,-2.33222
0.00619496,-0.0460928,-0.0452656,-0.00139589,2.47776,-2.31482
0.00619485,-0.0458443,-0.0454962,-0.000733203,2.49319,-2.29732
0.00619481,-0.0455942,-0.0457251,-6.89897e-05,2.50854,-2.27973
0.00619484,-0.0453426,-0.0459522,0.000596648,2.5238,-2.26204
0.00619493,-0.0450895,-0.0461775,0.00126361,2.53899,-2.24426
0.00619509,-0.0448348,-0.046401,0.0019318,2.5541,-2.22638
0.00619532,-0.0445786,-0.0466228,0.00260111,2.56913,-2.2084
0.00619561,-0.044321,-0.0468427,0.00327144,2.58407,-2.19033
0.00619597,-0.0440618,-0.0470608,0.0039427,2.59894,-2.17217
0.0061964,-0.0438012,-0.0472771,0.00461478,2.61372,-2.15391
0.0061969,-0.0435391,-0.0474916,0.00528757,2.62842,-2.13555
0.00619746,-0.0432755,-0.0477042,0.00596097,2.64304,-2.1171
0.00619809,-0.0430105,-0.047915,0.00663488,2.65758,-2.09855
0.00619878,-0.042744,-0.0481239,0.00730919,2.67203,-2.07991
0.00619955,-0.0424761,-0.048331,0.00798381,2.6864,-2.06118
0.00620038,-0.0422067,-0.0485362,0.00865861,2.70069,-2.04235
0.00620128,-0.0419359,-0.0487395,0.00933349,2.71489,-2.02342
0.00620225,-0.0416637,-0.0489408,0.0100084,2.72901,-2.0044
0.00620328,-0.0413901,-0.0491403,0.0106831,2.74305,-1.98528
0.00620438,-0.0411151,-0.0493379,0.0113576,2.757,-1.96607
0.00620555,-0.0408387,-0.0495335,0.0120317,2.77087,-1.94677
0.00620679,-0.040561,-0.0497273,0.0127054,2.78465,-1.92737
0.0062081,-0.0402818,-0.049919,0.0133785,2.79834,-1.90788
0.00620947,-0.0400013,-0.0501088,0.0140509,2.81195,-1.88829
0.00621091,-0.0397194,-0.0502967,0.0147225,2.82548,-1.8686
0.00621241,-0.0394362,-0.0504825,0.0153933,2.83892,-1.84883
0.00621398,-0.0391516,-0.0506664,0.0160629,2.85227,-1.82895
0.00621562,-0.0388658,-0.0508483,0.0167315,2.86553,-1.80898
0.00621733,-0.0385785,-0.0510282,0.0173988,2.87871,-1.78892
0.0062191,-0.03829,-0.0512061,0.0180647,2.89179,-1.76876
0.00622094,-0.0380002,-0.051382,0.0187291,2.9048,-1.74851
0.00622285,-0.0377091,-0.0515558,0.019392,2.91771,-1.72816
0.00622482,-0.0374166,-0.0517276,0.0200531,2.93053,-1.70772
0.00622686,-0.037123,-0.0518974,0.0207123,2.94326,-1.68718
0.00622896,-0.036828,-0.052065,0.0213696,2.95591,-1.66655
0.00623113,-0.0365318,-0.0522307,0.0220248,2.96846,-1.64582
0.00623337,-0.0362343,-0.0523942,0.0226777,2.98093,-1.625
0.00623567,-0.0359356,-0.0525557,0.0233284,2.9933,-1.60408
0.00623803,-0.0356357,-0.052715,0.0239766,3.00558,-1.58307
0.00624046,-0.0353345,-0.0528723,0.0246222,3.01777,-1.56196
0.00624296,-0.0350321,-0.0530274,0.025265,3.02987,-1.54076
0.00624552,-0.0347285,-0.0531804,0.0259051,3.04187,-1.51946
0.00624814,-0.0344237,-0.0533313,0.0265421,3.05379,-1.49806
0.00625083,-0.0341178,-0.05348,0.0271761,3.0656,-1.47657
0.00625357,-0.0338106,-0.0536266,0.0278068,3.07733,-1.45498
0.00625639,-0.0335023,-0.053771,0.0284342,3.08896,-1.4333
0.00625926,-0.0331928,-0.0539133,0.0290581,3.1005,-1.41152
0.0062622,-0.0328822,-0.0540533,0.0296783,3.11194,-1.38965
0.0062652,-0.0325704,-0.0541912,0.0302948,3.12329,-1.36768
0.00626826,-0.0322575,-0.0543269,0.0309074,3.13454,-1.34561
0.00627138,-0.0319435,-0.0544603,0.031516,3.14569,-1.32344
0.00627456,-0.0316284,-0.0545915,0.0321204,3.15675,-1.30118
0.0062778,-0.0313122,-0.0547205,0.0327204,3.16771,-1.27882
0.0062811,-0.0309949,-0.0548473,0.033316,3.17857,-1.25637
0.00628447,-0.0306765,-0.0549718,0.0339071,3.18933,-1.23382
0.00628789,-0.030357,-0.0550941,0.0344933,3.19999,-1.21117
0.00629136,-0.0300365,-0.055214,0.0350747,3.21056,-1.18842
0.0062949,-0.0297149,-0.0553317,0.0356511,3.22102,-1.16558
0.00629849,-0.0293923,-0.0554472,0.0362223,3.23139,-1.14264
0.00630214,-0.0290686,-0.0555603,0.0367882,3.24165,-1.1196
0.00630585,-0.028744,-0.0556711,0.0373486,3.25181,-1.09646
0.00630961,-0.0284183,-0.0557796,0.0379033,3.26187,-1.07322
0.00631343,-0.0280916,-0.0558857,0.0384523,3.27182,-1.04989
0.0063173,-0.0277639,-0.0559895,0.0389954,3.28167,-1.02646
0.00632123,-0.0274353,-0.056091,0.0395324,3.29142,-1.00293
0.00632521,-0.0271056,-0.0561901,0.0400631,3.30106,-0.979296
0.00632924,-0.026775,-0.0562869,0.0405874,3.3106,-0.955566
0.00633333,-0.0264435,-0.0563812,0.0411052,3.32003,-0.931737
0.00633746,-0.026111,-0.0564732,0.0416163,3.32936,-0.907808
0.00634165,-0.0257776,-0.0565628,0.0421205,3.33858,-0.88378
0.00634589,-0.0254433,-0.05665,0.0426176,3.34769,-0.859651
0.00635017,-0.0251081,-0.0567347,0.0431075,3.35669,-0.835422
0.00635451,-0.024772,-0.056817,0.0435901,3.36558,-0.811093
0.00635889,-0.024435,-0.0568969,0.0440651,3.37436,-0.786663
0.00636332,-0.0240971,-0.0569744,0.0445324,3.38304,-0.762132
0.0063678,-0.0237584,-0.0570493,0.0449917,3.3916,-0.7375
0.00637232,-0.0234188,-0.0571219,0.0454431,3.40004,-0.712766
0.00637689,-0.0230784,-0.0571919,0.0458862,3.40838,-0.687931
0.0063815,-0.0227371,-0.0572594,0.0463208,3.4166,-0.662994
0.00638615,-0.0223951,-0.0573245,0.0467469,3.42471,-0.637954
0.00639085,-0.0220522,-0.057387,0.0471642,3.4327,-0.612812
0.00639558,-0.0217085,-0.057447,0.0475726,3.44058,-0.587568
0.00640036,-0.0213641,-0.0575045,0.0479718,3.44834,-0.56222
0.00640518,-0.0210189,-0.0575595,0.0483616,3.45598,-0.536769
0.00641003,-0.0206729,-0.0576119,0.048742,3.4635,-0.511214
0.00641493,-0.0203262,-0.0576617,0.0491126,3.47091,-0.485556
0.00641985,-0.0199787,-0.057709,0.0494734,3.47819,-0.459794
0.00642482,-0.0196305,-0.0577537,0.049824,3.48535,-0.433927
0.00642982,-0.0192817,-0.0577958,0.0501644,3.4924,-0.407955
0.00643485,-0.0189321,-0.0578353,0.0504942,3.49931,-0.381879
0.00643992,-0.0185818,-0.0578722,0.0508134,3.50611,-0.355697
0.00644501,-0.0182308,-0.0579064,0.0511217,3.51278,-0.329409
0.00645014,-0.0178792,-0.057938,0.0514189,3.51932,-0.303016
0.0064553,-0.017527,-0.057967,0.0517047,3.52574,-0.276516
0.00646048,-0.0171741,-0.0579933,0.0519791,3.53203,-0.24991
0.00646569,-0.0168206,-0.058017,0.0522417,3.53819,-0.223197
0.00647093,-0.0164665,-0.058038,0.0524923,3.54422,-0.196377
0.00647619,-0.0161117,-0.0580563,0.0527308,3.55012,-0.169449
0.00648148,-0.0157564,-0.0580719,0.052957,3.55589,-0.142414
0.00648678,-0.0154006,-0.0580847,0.0531705,3.56153,-0.11527
0.00649211,-0.0150441,-0.0580949,0.0533712,3.56703,-0.0880175
0.00649746,-0.0146872,-0.0581023,0.0535588,3.5724,-0.0606564
0.00650282,-0.0143297,-0.058107,0.0537332,3.57763,-0.0331861
0.0065082,-0.0139716,-0.058109,0.053894,3.58272,-0.00560623
0.0065136,-0.0136131,-0.0581081,0.0540411,3.58768,0.0220835
0.00651901,-0.0132541,-0.0581045,0.0541742,3.5925,0.0498834
0.00652443,-0.0128946,-0.0580982,0.0542931,3.59717,0.0777939
0.00652987,-0.0125347,-0.058089,0.0543975,3.6017,0.105815
0.00653531,-0.0121743,-0.058077,0.0544872,3.60609,0.133948
0.00654076,-0.0118135,-0.0580622,0.0545619,3.61033,0.162192
0.00654622,-0.0114522,-0.0580446,0.0546214,3.61443,0.190549
0.00655169,-0.0110906,-0.0580241,0.0546654,3.61838,0.219018
0.00655716,-0.0107286,-0.0580007,0.0546937,3.62218,0.247599
0.00656263,-0.0103662,-0.0579746,0.0547059,3.62584,0.276293
0.0065681,-0.0100034,-0.0579455,0.054702,3.62934,0.305101
0.00657357,-0.0096403,-0.0579135,0.0546815,3.63268,0.334023
0.00657903,-0.00927687,-0.0578787,0.0546442,3.63587,0.363059
0.00658449,-0.00891313,-0.0578409,0.0545898,3.63891,0.39221
0.00658995,-0.00854909,-0.0578002,0.0545181,3.64179,0.421475
0.0065954,-0.00818478,-0.0577566,0.0544288,3.64451,0.450856
0.00660084,-0.0078202,-0.0577101,0.0543215,3.64707,0.480352
0.00660626,-0.00745537,-0.0576605,0.0541961,3.64947,0.509965
0.00661167,-0.00709031,-0.0576081,0.0540521,3.6517,0.539694
0.00661707,-0.00672503,-0.0575526,0.0538894,3.65377,0.569539
0.00662245,-0.00635956,-0.0574941,0.0537076,3.65567,0.599502
0.00662781,-0.00599391,-0.0574327,0.0535064,3.6574,0.629582
0.00663315,-0.00562809,-0.0573682,0.0532855,3.65896,0.65978
0.00663847,-0.00526212,-0.0573007,0.0530446,3.66035,0.690096
0.00664376,-0.00489602,-0.0572302,0.0527833,3.66157,0.720531
0.00664902,-0.00452981,-0.0571566,0.0525014,3.6626,0.751085
0.00665426,-0.00416351,-0.05708,0.0521986,3.66347,0.781758
0.00665946,-0.00379713,-0.0570003,0.0518745,3.66415,0.812551
0.00666463,-0.00343068,-0.0569175,0.0515287,3.66465,0.843464
0.00666977,-0.0030642,-0.0568316,0.0511611,3.66496,0.874497
0.00667487,-0.0026977,-0.0567426,0.0507711,3.66509,0.905651
0.00667992,-0.00233119,-0.0566504,0.0503584,3.66503,0.936926
0.00668494,-0.0019647,-0.0565552,0.0499228,3.66479,0.968322
0.00668991,-0.00159824,-0.0564568,0.0494639,3.66435,0.99984
0.00669483,-0.00123183,-0.0563552,0.0489812,3.66371,1.03148
0.0066997,-0.000865503,-0.0562505,0.0484745,3.66288,1.06324
0.00670452,-0.000499265,-0.0561426,0.0479434,3.66186,1.09513
0.00670929,-0.000133139,-0.0560314,0.0473875,3.66063,1.12713
0.006714,0.000232854,-0.0559171,0.0468064,3.6592,1.15927
0.00671865,0.000598694,-0.0557996,0.0461997,3.65756,1.19152
0.00672324,0.000964359,-0.0556788,0.0455671,3.65571,1.2239
0.00672776,0.00132983,-0.0555548,0.0449082,3.65366,1.2564
0.00673222,0.00169508,-0.0554275,0.0442225,3.65139,1.28903
0.00673661,0.0020601,-0.055297,0.0435097,3.6489,1.32178
0.00674092,0.00242486,-0.0551632,0.0427694,3.6462,1.35466
0.00674516,0.00278933,-0.0550261,0.0420011,3.64328,1.38766
0.00674932,0.0031535,-0.0548856,0.0412045,3.64013,1.42079
0.0067534,0.00351735,-0.0547419,0.040379,3.63676,1.45404
0.00675739,0.00388085,-0.0545948,0.0395243,3.63316,1.48742
0.0067613,0.00424398,-0.0544444,0.03864,3.62933,1.52092
0.00676512,0.00460671,-0.0542906,0.0377255,3.62526,1.55455
0.00676885,0.00496902,-0.0541335,0.0367805,3.62095,1.58831
0.00677248,0.00533089,-0.053973,0.0358045,3.61641,1.62219
0.00677601,0.00569229,-0.053809,0.0347971,3.61162,1.6562
0.00677943,0.0060532,-0.0536417,0.0337577,3.60658,1.69034
0.00678276,0.0064136,-0.053471,0.0326859,3.6013,1.7246
0.00678597,0.00677346,-0.0532968,0.0315812,3.59576,1.75899
0.00678907,0.00713274,-0.0531192,0.0304432,3.58996,1.7935
0.00679206,0.00749144,-0.0529381,0.0292713,3.58391,1.82815
0.00679493,0.00784952,-0.0527535,0.028065,3.57759,1.86292
0.00679767,0.00820695,-0.0525655,0.0268239,3.571,1.89781
0.00680029,0.00856371,-0.052374,0.0255474,3.56415,1.93284
0.00680278,0.00891977,-0.0521789,0.0242351,3.55702,1.96798
0.00680513,0.0092751,-0.0519804,0.0228863,3.54961,2.00326
0.00680735,0.00962968,-0.0517783,0.0215006,3.54193,2.03866
0.00680943,0.00998348,-0.0515726,0.0200774,3.53395,2.07419
0.00681137,0.0103365,-0.0513634,0.0186162,3.52569,2.10984
0.00681316,0.0106886,-0.0511507,0.0171164,3.51714,2.14562
0.00681479,0.0110399,-0.0509343,0.0155774,3.50829,2.18153
0.00681627,0.0113903,-0.0507144,0.0139988,3.49914,2.21756
0.00681759,0.0117397,-0.0504908,0.0123798,3.48968,2.25371
0.00681874,0.0120882,-0.0502636,0.01072,3.47991,2.28999
0.00681973,0.0124357,-0.0500328,0.00901877,3.46983,2.3264
0.00682055,0.0127821,-0.0497983,0.00727545,3.45943,2.36292
0.00682119,0.0131275,-0.0495602,0.00548947,3.44871,2.39957
0.00682164,0.0134719,-0.0493184,0.00366022,3.43766,2.43634
0.00682192,0.0138151,-0.0490729,0.00178707,3.42628,2.47324
0.006822,0.0141571,-0.0488238,-0.0001306,3.41457,2.51025
0.00682189,0.014498,-0.0485709,-0.00209343,3.40251,2.54738
0.00682158,0.0148376,-0.0483143,-0.00410207,3.3901,2.58464
0.00682107,0.015176,-0.0480539,-0.00615717,3.37735,2.62201
0.00682035,0.0155131,-0.0477899,-0.00825938,3.36423,2.6595
0.00681941,0.0158488,-0.047522,-0.0104094,3.35076,2.69711
0.00681826,0.0161832,-0.0472504,-0.0126079,3.33692,2.73483
0.00681689,0.0165162,-0.0469751,-0.0148555,3.3227,2.77266
0.00681529,0.0168477,-0.0466959,-0.0171529,3.30811,2.81061
0.00681346,0.0171778,-0.0464129,-0.0195009,3.29314,2.84868
0.00681139,0.0175063,-0.0461262,-0.0219002,3.27777,2.88685
0.00680908,0.0178333,-0.0458356,-0.0243514,3.26201,2.92513
0.00680652,0.0181587,-0.0455411,-0.0268554,3.24585,2.96352
0.0068037,0.0184825,-0.0452429,-0.0294127,3.22929,3.00201
0.00680063,0.0188046,-0.0449407,-0.0320242,3.21231,3.04061
0.0067973,0.0191249,-0.0446347,-0.0346907,3.19491,3.07931
0.00679369,0.0194435,-0.0443249,-0.0374128,3.17708,3.11812
0.00678981,0.0197603,-0.0440111,-0.0401914,3.15882,3.15702
0.00678565,0.0200753,-0.0436935,-0.0430272,3.14013,3.19601
0.0067812,0.0203884,-0.0433719,-0.0459209,3.12099,3.2351
0.00677646,0.0206995,-0.0430464,-0.0488735,3.1014,3.27429
0.00677143,0.0210086,-0.042717,-0.0518856,3.08134,3.31356
0.00676609,0.0213157,-0.0423837,-0.0549582,3.06083,3.35292
0.00676043,0.0216208,-0.0420465,-0.0580919,3.03984,3.39236
0.00675447,0.0219237,-0.0417052,-0.0612876,3.01837,3.43188
0.00674817,0.0222244,-0.0413601,-0.0645461,2.99641,3.47149
0.00674155,0.0225229,-0.0410109,-0.0678683,2.97396,3.51116
0.0067346,0.0228192,-0.0406578,-0.071255,2.951,3.55091
0.0067273,0.0231131,-0.0403008,-0.0747071,2.92754,3.59073
0.00671965,0.0234047,-0.0399397,-0.0782253,2.90355,3.63061
0.00671165,0.0236938,-0.0395746,-0.0818105,2.87904,3.67055
0.00670329,0.0239805,-0.0392056,-0.0854637,2.854,3.71054
0.00669456,0.0242646,-0.0388325,-0.0891856,2.82841,3.75059
0.00668545,0.0245461,-0.0384555,-0.0929771,2.80227,3.79068
0.00667596,0.024825,-0.0380744,-0.0968391,2.77558,3.83082
0.00666608,0.0251012,-0.0376893,-0.100772,2.74831,3.871
0.0066558,0.0253747,-0.0373002,-0.104778,2.72047,3.91121
0.00664512,0.0256453,-0.0369071,-0.108857,2.69204,3.95145
0.00663403,0.0259131,-0.0365099,-0.113009,2.66302,3.9917
0.00662252,0.0261779,-0.0361087,-0.117237,2.6334,4.03198
0.00661058,0.0264397,-0.0357035,-0.12154,2.60316,4.07226
0.00659821,0.0266985,-0.0352943,-0.12592,2.5723,4.11255
0.00658539,0.0269542,-0.034881,-0.130378,2.54081,4.15284
0.00657213,0.0272066,-0.0344637,-0.134914,2.50868,4.19312
0.00655841,0.0274559,-0.0340424,-0.139529,2.47589,4.23338
0.00654422,0.0277018,-0.033617,-0.144224,2.44245,4.27361
0.00652956,0.0279443,-0.0331876,-0.149,2.40833,4.31382
0.00651442,0.0281834,-0.0327543,-0.153858,2.37354,4.35398
0.00649879,0.028419,-0.0323169,-0.158799,2.33805,4.39409
0.00648266,0.028651,-0.0318754,-0.163823,2.30187,4.43415
0.00646602,0.0288794,-0.03143,-0.168932,2.26497,4.47414
0.00644887,0.029104,-0.0309806,-0.174125,2.22735,4.51405
0.00643119,0.0293248,-0.0305272,-0.179405,2.189,4.55388
0.00641298,0.0295418,-0.0300698,-0.184772,2.14991,4.59361
0.00639423,0.0297548,-0.0296085,-0.190226,2.11006,4.63323
0.00637493,0.0299638,-0.0291432,-0.195768,2.06946,4.67274
0.00635508,0.0301687,-0.028674,-0.201399,2.02807,4.71211
0.00633465,0.0303694,-0.0282008,-0.20712,1.9859,4.75134
0.00631365,0.0305658,-0.0277237,-0.212932,1.94294,4.79042
0.00629206,0.0307579,-0.0272427,-0.218835,1.89917,4.82933
0.00626988,0.0309456,-0.0267578,-0.224829,1.85458,4.86806
0.00624709,0.0311288,-0.0262691,-0.230916,1.80916,4.90659
0.00622369,0.0313074,-0.0257765,-0.237095,1.76291,4.94491
0.00619967,0.0314814,-0.0252801,-0.243369,1.7158,4.983
0.00617502,0.0316506,-0.0247799,-0.249736,1.66784,5.02086
0.00614972,0.0318149,-0.024276,-0.256197,1.619,5.05846
0.00612377,0.0319743,-0.0237682,-0.262753,1.56928,5.09578
0.00609717,0.0321287,-0.0232568,-0.269405,1.51867,5.13281
0.00606989,0.032278,-0.0227417,-0.276152,1.46716,5.16953
0.00604193,0.0324221,-0.0222229,-0.282994,1.41473,5.20592
0.00601329,0.0325609,-0.0217005,-0.289933,1.36138,5.24196
0.00598394,0.0326944,-0.0211745,-0.296967,1.3071,5.27763
0.00595389,0.0328223,-0.020645,-0.304098,1.25187,5.31292
0.00592312,0.0329447,-0.020112,-0.311325,1.1957,5.34779
0.00589162,0.0330614,-0.0195755,-0.318648,1.13856,5.38223
0.00585939,0.0331724,-0.0190355,-0.326067,1.08045,5.41622
0.00582641,0.0332775,-0.0184922,-0.333581,1.02136,5.44972
0.00579267,0.0333766,-0.0179456,-0.341191,0.961286,5.48272
0.00575817,0.0334697,-0.0173957,-0.348896,0.900217,5.5152
0.00572289,0.0335566,-0.0168426,-0.356695,0.838146,5.54711
0.00568682,0.0336373,-0.0162863,-0.364587,0.775065,5.57845
0.00564997,0.0337116,-0.0157269,-0.372573,0.710968,5.60917
0.00561231,0.0337795,-0.0151645,-0.380651,0.64585,5.63926
0.00557383,0.0338408,-0.0145991,-0.38882,0.579705,5.66868
0.00553454,0.0338954,-0.0140308,-0.397078,0.512528,5.6974
0.00549441,0.0339432,-0.0134596,-0.405426,0.444316,5.72539
0.00545345,0.0339842,-0.0128857,-0.413861,0.375065,5.75263
0.00541164,0.0340182,-0.0123091,-0.422382,0.304772,5.77907
0.00536897,0.0340451,-0.0117299,-0.430987,0.233436,5.80469
0.00532544,0.0340649,-0.0111482,-0.439675,0.161056,5.82945
0.00528103,0.0340773,-0.0105641,-0.448443,0.0876332,5.85331
0.00523575,0.0340824,-0.0099776,-0.457288,0.0131675,5.87624
0.00518957,0.0340799,-0.00938887,-0.46621,-0.0623383,5.89821
0.0051425,0.0340698,-0.00879799,-0.475205,-0.138881,5.91918
0.00509453,0.0340521,-0.00820507,-0.48427,-0.216455,5.9391
0.00504565,0.0340265,-0.00761021,-0.493403,-0.295056,5.95794
0.00499585,0.033993,-0.00701352,-0.502601,-0.374676,5.97566
0.00494512,0.0339516,-0.00641511,-0.511859,-0.455306,5.99223
0.00489347,0.033902,-0.00581511,-0.521175,-0.536937,6.00759
0.00484089,0.0338441,-0.00521363,-0.530544,-0.619557,6.02172
0.00478736,0.033778,-0.00461081,-0.539963,-0.703152,6.03456
0.00473289,0.0337035,-0.00400677,-0.549427,-0.787707,6.04608
0.00467748,0.0336204,-0.00340164,-0.558932,-0.873207,6.05623
0.00462111,0.0335288,-0.00279557,-0.568474,-0.959632,6.06497
0.00456378,0.0334285,-0.00218869,-0.578046,-1.04696,6.07226
0.0045055,0.0333194,-0.00158116,-0.587644,-1.13518,6.07805
0.00444625,0.0332014,-0.000973134,-0.597263,-1.22425,6.08231
0.00438604,0.0330745,-0.000364756,-0.606895,-1.31415,6.08498
0.00432487,0.0329386,0.000243808,-0.616537,-1.40486,6.08603
0.00426274,0.0327935,0.000852394,-0.626181,-1.49635,6.08541
0.00419964,0.0326393,0.00146083,-0.63582,-1.58857,6.08307
0.00413557,0.0324758,0.00206895,-0.645448,-1.6815,6.07899
0.00407055,0.0323029,0.00267657,-0.655058,-1.7751,6.07311
0.00400456,0.0321207,0.00328351,-0.664643,-1.86932,6.06539
0.00393762,0.0319291,0.00388959,-0.674194,-1.96413,6.0558
0.00386972,0.0317279,0.00449461,-0.683705,-2.05949,6.04429
0.00380088,0.0315171,0.00509838,-0.693166,-2.15533,6.03082
0.00373109,0.0312968,0.0057007,-0.702571,-2.25163,6.01537
0.00366037,0.0310668,0.00630138,-0.71191,-2.34831,5.99788
0.00358871,0.0308271,0.00690021,-0.721174,-2.44534,5.97834
0.00351614,0.0305777,0.00749698,-0.730355,-2.54264,5.9567
0.00344265,0.0303186,0.00809148,-0.739444,-2.64018,5.93293
0.00336825,0.0300497,0.0086835,-0.748431,-2.73787,5.90702
0.00329296,0.029771,0.00927281,-0.757307,-2.83566,5.87892
0.00321679,0.0294826,0.00985921,-0.766063,-2.93349,5.84862
0.00313975,0.0291843,0.0104425,-0.774689,-3.03128,5.81609
0.00306186,0.0288763,0.0110223,-0.783175,-3.12896,5.78131
0.00298312,0.0285585,0.0115986,-0.791511,-3.22647,5.74428
0.00290356,0.028231,0.0121711,-0.799688,-3.32373,5.70497
0.00282319,0.0278938,0.0127396,-0.807695,-3.42066,5.66338
0.00274203,0.0275469,0.0133037,-0.815524,-3.5172,5.61949
0.00266009,0.0271904,0.0138634,-0.823163,-3.61325,5.57331
0.0025774,0.0268243,0.0144183,-0.830604,-3.70875,5.52483
0.00249398,0.0264486,0.0149683,-0.837837,-3.80361,5.47407
0.00240984,0.0260636,0.0155131,-0.844853,-3.89775,5.42101
0.00232502,0.0256691,0.0160524,-0.851641,-3.99109,5.36569
0.00223952,0.0252654,0.0165861,-0.858193,-4.08355,5.30811
0.00215339,0.0248524,0.017114,-0.8645,-4.17505,5.24829
0.00206663,0.0244304,0.0176357,-0.870553,-4.2655,5.18625
0.00197929,0.0239994,0.0181511,-0.876345,-4.35483,5.12203
0.00189137,0.0235595,0.01866,-0.881866,-4.44296,5.05565
0.00180292,0.0231108,0.0191622,-0.887109,-4.52979,4.98714
0.00171396,0.0226536,0.0196574,-0.892067,-4.61527,4.91655
0.00162452,0.0221878,0.0201454,-0.896733,-4.6993,4.84393
0.00153462,0.0217138,0.0206261,-0.9011,-4.78181,4.7693
0.00144431,0.0212315,0.0210992,-0.905162,-4.86274,4.69274
0.0013536,0.0207413,0.0215646,-0.908914,-4.942,4.61429
0.00126254,0.0202432,0.022022,-0.912351,-5.01954,4.534
0.00117114,0.0197374,0.0224713,-0.915468,-5.09527,4.45195
0.00107945,0.0192242,0.0229124,-0.91826,-5.16915,4.36819
0.000987501,0.0187036,0.0233449,-0.920725,-5.2411,4.2828
0.000895319,0.018176,0.0237689,-0.92286,-5.31107,4.19583
0.00080294,0.0176415,0.024184,-0.924662,-5.37901,4.10738
0.000710397,0.0171003,0.0245903,-0.926129,-5.44487,4.01751
0.000617725,0.0165526,0.0249875,-0.927261,-5.50859,3.92629
0.000524956,0.0159986,0.0253755,-0.928056,-5.57014,3.83382
0.000432125,0.0154386,0.0257542,-0.928515,-5.62948,3.74016
0.000339265,0.0148728,0.0261235,-0.928637,-5.68656,3.64542
0.000246409,0.0143014,0.0264833,-0.928425,-5.74137,3.54965
0.000153591,0.0137246,0.0268334,-0.92788,-5.79387,3.45297
6.08438e-05,0.0131427,0.0271738,-0.927004,-5.84404,3.35544
-3.17991e-05,0.0125559,0.0275045,-0.9258,-5.89185,3.25716
-0.000124305,0.0119644,0.0278252,-0.92427,-5.93731,3.15821
-0.000216642,0.0113685,0.0281361,-0.92242,-5.98039,3.05868
-0.000308779,0.0107684,0.028437,-0.920252,-6.02108,2.95865
-0.000400682,0.0101644,0.0287278,-0.917772,-6.0594,2.85821
-0.000492323,0.00955662,0.0290086,-0.914985,-6.09533,2.75745
-0.000583669,0.00894539,0.0292793,-0.911896,-6.12888,2.65645
-0.000674692,0.00833092,0.0295399,-0.908511,-6.16007,2.55529
-0.000765362,0.00771346,0.0297903,-0.904837,-6.1889,2.45405
-0.00085565,0.00709322,0.0300307,-0.90088,-6.21539,2.35281
-0.000945529,0.00647045,0.0302609,-0.896647,-6.23957,2.25165
-0.00103497,0.00584538,0.030481,-0.892145,-6.26144,2.15064
-0.00112395,0.00521824,0.030691,-0.887381,-6.28105,2.04986
-0.00121244,0.00458925,0.030891,-0.882363,-6.29841,1.94938
-0.00130041,0.00395863,0.0310809,-0.877099,-6.31356,1.84927
-0.00138785,0.00332661,0.0312609,-0.871596,-6.32653,1.74959
-0.00147472,0.0026934,0.0314309,-0.865864,-6.33737,1.65041
-0.00156102,0.00205921,0.031591,-0.859909,-6.34609,1.55179
-0.0016467,0.00142425,0.0317412,-0.85374,-6.35276,1.45379
-0.00173176,0.000788724,0.0318818,-0.847366,-6.3574,1.35646
-0.00181617,0.000152834,0.0320126,-0.840794,-6.36006,1.25985
-0.00189991,-0.000483225,0.0321337,-0.834034,-6.3608,1.16402
-0.00198297,-0.00111926,0.0322454,-0.827093,-6.35964,1.06902
-0.00206532,-0.00175509,0.0323476,-0.819979,-6.35664,0.97488
-0.00214696,-0.00239053,0.0324404,-0.812701,-6.35186,0.881653
-0.00222786,-0.0030254,0.0325239,-0.805267,-6.34532,0.789374
-0.00230801,-0.00365954,0.0325983,-0.797686,-6.3371,0.69808
-0.00238739,-0.00429277,0.0326636,-0.789964,-6.32723,0.607805
-0.00246599,-0.00492493,0.0327199,-0.78211,-6.31576,0.51858
-0.00254381,-0.00555587,0.0327673,-0.774131,-6.30276,0.430434
-0.00262082,-0.00618543,0.032806,-0.766035,-6.28826,0.343391
-0.00269701,-0.00681347,0.0328361,-0.75783,-6.27231,0.257476
-0.00277238,-0.00743985,0.0328576,-0.749522,-6.25498,0.17271
-0.00284691,-0.00806442,0.0328706,-0.741119,-6.2363,0.0891118
-0.0029206,-0.00868707,0.0328754,-0.732627,-6.21632,0.00669745
-0.00299343,-0.00930765,0.032872,-0.724054,-6.1951,-0.0745182
-0.00306541,-0.00992605,0.0328606,-0.715406,-6.17269,-0.154523
-0.00313651,-0.0105421,0.0328412,-0.706688,-6.14913,-0.233306
-0.00320674,-0.0111558,0.0328139,-0.697908,-6.12446,-0.310859
-0.00327609,-0.011767,0.032779,-0.689071,-6.09874,-0.387176
-0.00334456,-0.0123755,0.0327365,-0.680182,-6.07201,-0.46225
-0.00341213,-0.0129814,0.0326866,-0.671249,-6.04431,-0.53608
-0.0034788,-0.0135844,0.0326294,-0.662274,-6.0157,-0.608663
-0.00354458,-0.0141845,0.0325649,-0.653265,-5.9862,-0.679998
-0.00360946,-0.0147816,0.0324934,-0.644226,-5.95587,-0.750086
-0.00367343,-0.0153756,0.032415,-0.635161,-5.92474,-0.818931
-0.00373649,-0.0159665,0.0323297,-0.626075,-5.89286,-0.886535
-0.00379864,-0.0165542,0.0322377,-0.616972,-5.86026,-0.952903
-0.00385988,-0.0171385,0.0321391,-0.607858,-5.82698,-1.01804
-0.00392021,-0.0177196,0.0320341,-0.598735,-5.79306,-1.08196
-0.00397963,-0.0182971,0.0319228,-0.589607,-5.75853,-1.14465
-0.00403813,-0.0188712,0.0318052,-0.580478,-5.72344,-1.20614
-0.00409572,-0.0194418,0.0316816,-0.571353,-5.6878,-1.26644
-0.0041524,-0.0200088,0.031552,-0.562233,-5.65166,-1.32554
-0.00420817,-0.0205721,0.0314165,-0.553121,-5.61504,-1.38347
-0.00426303,-0.0211318,0.0312753,-0.544022,-5.57798,-1.44023
-0.00431698,-0.0216877,0.0311285,-0.534938,-5.54051,-1.49584
-0.00437002,-0.0222399,0.0309762,-0.525871,-5.50265,-1.5503
-0.00442215,-0.0227882,0.0308185,-0.516825,-5.46444,-1.60364
-0.00447338,-0.0233327,0.0306555,-0.507801,-5.42589,-1.65586
-0.00452371,-0.0238734,0.0304874,-0.498801,-5.38704,-1.70697
-0.00457314,-0.0244101,0.0303141,-0.489828,-5.34791,-1.757
-0.00462168,-0.024943,0.030136,-0.480884,-5.30852,-1.80595
-0.00466932,-0.0254718,0.029953,-0.471971,-5.2689,-1.85385
-0.00471607,-0.0259967,0.0297653,-0.46309,-5.22907,-1.9007
-0.00476194,-0.0265176,0.0295729,-0.454243,-5.18904,-1.94651
-0.00480692,-0.0270345,0.029376,-0.445432,-5.14885,-1.99132
-0.00485103,-0.0275474,0.0291747,-0.436658,-5.1085,-2.03512
-0.00489426,-0.0280562,0.028969,-0.427922,-5.06802,-2.07793
-0.00493661,-0.028561,0.0287591,-0.419227,-5.02743,-2.11978
-0.0049781,-0.0290617,0.0285451,-0.410571,-4.98673,-2.16067
-0.00501873,-0.0295584,0.028327,-0.401958,-4.94596,-2.20062
-0.0050585,-0.0300509,0.028105,-0.393388,-4.90513,-2.23964
-0.00509741,-0.0305394,0.0278791,-0.384861,-4.86424,-2.27776
-0.00513547,-0.0310238,0.0276495,-0.376379,-4.82331,-2.31498
-0.00517269,-0.031504,0.0274161,-0.367942,-4.78237,-2.35132
-0.00520906,-0.0319802,0.0271792,-0.359552,-4.74141,-2.3868
-0.0052446,-0.0324523,0.0269388,-0.351208,-4.70046,-2.42142
-0.0052793,-0.0329203,0.026695,-0.342911,-4.65952,-2.45521
-0.00531318,-0.0333842,0.0264478,-0.334662,-4.61861,-2.48819
-0.00534624,-0.033844,0.0261974,-0.326461,-4.57774,-2.52035
-0.00537848,-0.0342998,0.0259437,-0.318308,-4.53692,-2.55172
-0.0054099,-0.0347514,0.025687,-0.310205,-4.49615,-2.58232
-0.00544052,-0.035199,0.0254273,-0.302151,-4.45545,-2.61216
-0.00547033,-0.0356425,0.0251646,-0.294146,-4.41482,-2.64124
-0.00549935,-0.036082,0.0248991,-0.286191,-4.37428,-2.66959
-0.00552757,-0.0365174,0.0246307,-0.278285,-4.33383,-2.69722
-0.00555501,-0.0369487,0.0243597,-0.27043,-4.29348,-2.72413
-0.00558166,-0.0373761,0.0240859,-0.262624,-4.25324,-2.75036
-0.00560753,-0.0377994,0.0238096,-0.254869,-4.21311,-2.7759
-0.00563264,-0.0382187,0.0235308,-0.247163,-4.1731,-2.80077
-0.00565697,-0.038634,0.0232495,-0.239508,-4.13321,-2.82499
-0.00568054,-0.0390454,0.0229658,-0.231903,-4.09346,-2.84856
-0.00570335,-0.0394527,0.0226798,-0.224347,-4.05384,-2.8715
-0.00572541,-0.0398561,0.0223915,-0.216842,-4.01437,-2.89382
-0.00574672,-0.0402556,0.022101,-0.209386,-3.97504,-2.91553
-0.00576729,-0.0406511,0.0218084,-0.20198,-3.93586,-2.93664
-0.00578712,-0.0410428,0.0215137,-0.194623,-3.89684,-2.95717
-0.00580621,-0.0414305,0.021217,-0.187316,-3.85797,-2.97713
-0.00582458,-0.0418144,0.0209183,-0.180057,-3.81927,-2.99652
-0.00584223,-0.0421944,0.0206177,-0.172848,-3.78074,-3.01536
-0.00585915,-0.0425705,0.0203153,-0.165687,-3.74237,-3.03366
-0.00587537,-0.0429429,0.020011,-0.158575,-3.70418,-3.05144
-0.00589087,-0.0433114,0.019705,-0.15151,-3.66616,-3.06869
-0.00590567,-0.0436761,0.0193973,-0.144494,-3.62832,-3.08543
-0.00591977,-0.044037,0.0190879,-0.137525,-3.59066,-3.10167
-0.00593318,-0.0443942,0.018777,-0.130603,-3.55318,-3.11742
-0.00594589,-0.0447477,0.0184645,-0.123729,-3.51589,-3.13269
-0.00595792,-0.0450974,0.0181505,-0.116901,-3.47878,-3.14749
-0.00596927,-0.0454434,0.017835,-0.110119,-3.44186,-3.16182
-0.00597995,-0.0457858,0.0175181,-0.103384,-3.40512,-3.17571
-0.00598995,-0.0461245,0.0171999,-0.0966941,-3.36858,-3.18915
-0.00599929,-0.0464595,0.0168803,-0.0900497,-3.33223,-3.20215
-0.00600796,-0.0467909,0.0165594,-0.0834503,-3.29607,-3.21473
-0.00601598,-0.0471187,0.0162374,-0.0768955,-3.26011,-3.22689
-0.00602335,-0.047443,0.0159141,-0.0703851,-3.22434,-3.23864
-0.00603006,-0.0477636,0.0155896,-0.0639186,-3.18876,-3.24998
-0.00603613,-0.0480807,0.0152641,-0.0574958,-3.15338,-3.26093
-0.00604156,-0.0483943,0.0149375,-0.0511161,-3.1182,-3.2715
-0.00604635,-0.0487044,0.0146098,-0.0447793,-3.08321,-3.28168
-0.00605052,-0.0490109,0.0142812,-0.038485,-3.04843,-3.29149
-0.00605405,-0.0493141,0.0139515,-0.0322329,-3.01383,-3.30094
-0.00605697,-0.0496137,0.013621,-0.0260224,-2.97944,-3.31003
-0.00605926,-0.0499099,0.0132895,-0.0198534,-2.94524,-3.31877
-0.00606094,-0.0502028,0.0129572,-0.0137254,-2.91124,-3.32716
-0.00606201,-0.0504922,0.0126241,-0.00763795,-2.87744,-3.33522
-0.00606247,-0.0507783,0.0122902,-0.0015908,-2.84383,-3.34295
-0.00606233,-0.051061,0.0119555,0.00441646,-2.81043,-3.35035
-0.00606158,-0.0513404,0.0116201,0.0103842,-2.77721,-3.35744
-0.00606025,-0.0516164,0.0112841,0.0163128,-2.7442,-3.36421
-0.00605832,-0.0518892,0.0109473,0.0222027,-2.71138,-3.37067
-0.00605581,-0.0521587,0.0106099,0.0280541,-2.67875,-3.37684
-0.00605271,-0.052425,0.010272,0.0338675,-2.64632,-3.38271
-0.00604904,-0.052688,0.0099334,0.0396433,-2.61409,-3.38829
-0.00604479,-0.0529478,0.0095943,0.0453817,-2.58204,-3.39359
-0.00603996,-0.0532044,0.00925469,0.0510832,-2.5502,-3.39861
-0.00603457,-0.0534578,0.00891459,0.0567482,-2.51854,-3.40336
-0.00602861,-0.0537081,0.00857403,0.0623769,-2.48707,-3.40784
-0.0060221,-0.0539552,0.00823303,0.0679698,-2.4558,-3.41206
-0.00601502,-0.0541993,0.00789162,0.0735271,-2.42471,-3.41602
-0.00600739,-0.0544402,0.00754983,0.0790494,-2.39382,-3.41973
-0.00599921,-0.054678,0.00720769,0.0845368,-2.36311,-3.42318
-0.00599921,-0.054678,0.00720769,0.0845368,-2.36311,-3.42318
-0.00599049,-0.0549127,0.00686514,0.08999,-2.3296,-3.4277
-0.00598122,-0.055144,0.00652216,0.0954098,-2.29627,-3.43197
-0.00597141,-0.0553719,0.00617875,0.100797,-2.26312,-3.43601
-0.00596106,-0.0555966,0.00583496,0.106151,-2.23016,-3.43982
-0.00595018,-0.055818,0.0054908,0.111472,-2.19739,-3.4434
-0.00593876,-0.0560361,0.00514629,0.116762,-2.16479,-3.44676
-0.00592683,-0.0562509,0.00480145,0.122021,-2.13237,-3.44991
-0.00591436,-0.0564626,0.00445631,0.127248,-2.10014,-3.45284
-0.00590138,-0.056671,0.00411089,0.132444,-2.06807,-3.45556
-0.00588787,-0.0568762,0.00376521,0.13761,-2.03619,-3.45807
-0.00587386,-0.0570782,0.00341929,0.142746,-2.00448,-3.46038
-0.00585933,-0.0572771,0.00307314,0.147852,-1.97294,-3.46249
-0.00584429,-0.0574728,0.00272679,0.152928,-1.94157,-3.46441
-0.00582874,-0.0576654,0.00238026,0.157976,-1.91038,-3.46614
-0.00581269,-0.0578549,0.00203357,0.162995,-1.87935,-3.46767
-0.00579614,-0.0580413,0.00168674,0.167985,-1.84849,-3.46903
-0.0057791,-0.0582246,0.00133977,0.172947,-1.8178,-3.47019
-0.00576155,-0.0584048,0.000992702,0.177882,-1.78727,-3.47119
-0.00574352,-0.0585821,0.000645542,0.182789,-1.75691,-3.472
-0.005725,-0.0587562,0.000298308,0.187669,-1.72671,-3.47264
-0.00570599,-0.0589274,-4.89809e-05,0.192521,-1.69667,-3.47311
-0.00568649,-0.0590956,-0.000396309,0.197348,-1.66679,-3.47342
-0.00566652,-0.0592608,-0.000743659,0.202148,-1.63707,-3.47356
-0.00564607,-0.059423,-0.00109101,0.206922,-1.6075,-3.47353
-0.00562514,-0.0595823,-0.00143836,0.21167,-1.5781,-3.47335
-0.00560373,-0.0597386,-0.00178568,0.216393,-1.54884,-3.47302
-0.00558186,-0.059892,-0.00213296,0.22109,-1.51974,-3.47252
-0.00555951,-0.0600426,-0.00248018,0.225763,-1.4908,-3.47188
-0.00553671,-0.0601902,-0.00282733,0.230411,-1.462,-3.47109
-0.00551343,-0.060335,-0.00317439,0.235034,-1.43336,-3.47015
-0.0054897,-0.0604769,-0.00352135,0.239634,-1.40486,-3.46907
-0.00546551,-0.060616,-0.0038682,0.244209,-1.37651,-3.46784
-0.00544086,-0.0607522,-0.00421492,0.248761,-1.3483,-3.46648
-0.00541576,-0.0608856,-0.00456149,0.253289,-1.32025,-3.46498
-0.0053902,-0.0610162,-0.00490791,0.257795,-1.29233,-3.46334
-0.0053642,-0.0611441,-0.00525416,0.262277,-1.26456,-3.46157
-0.00533775,-0.0612692,-0.00560022,0.266736,-1.23693,-3.45967
-0.00531085,-0.0613915,-0.00594608,0.271173,-1.20944,-3.45763
-0.00528351,-0.0615111,-0.00629174,0.275588,-1.18208,-3.45547
-0.00525573,-0.0616279,-0.00663718,0.27998,-1.15487,-3.45319
-0.00522752,-0.061742,-0.00698237,0.284351,-1.12779,-3.45078
-0.00519887,-0.0618535,-0.00732733,0.2887,-1.10085,-3.44825
-0.00516978,-0.0619622,-0.00767202,0.293028,-1.07404,-3.4456
-0.00514026,-0.0620683,-0.00801644,0.297334,-1.04737,-3.44283
-0.00511031,-0.0621717,-0.00836058,0.301619,-1.02083,-3.43994
-0.00507994,-0.0622724,-0.00870443,0.305884,-0.994416,-3.43694
-0.00504914,-0.0623706,-0.00904797,0.310127,-0.968135,-3.43383
-0.00501791,-0.0624661,-0.00939119,0.314351,-0.941984,-3.4306
-0.00498627,-0.062559,-0.00973408,0.318553,-0.91596,-3.42727
-0.0049542,-0.0626493,-0.0100766,0.322736,-0.890064,-3.42382
-0.00492172,-0.062737,-0.0104188,0.326899,-0.864293,-3.42027
-0.00488882,-0.0628221,-0.0107607,0.331042,-0.838647,-3.41662
-0.00485551,-0.0629047,-0.0111022,0.335165,-0.813125,-3.41285
-0.00482179,-0.0629848,-0.0114433,0.339269,-0.787726,-3.40899
-0.00478766,-0.0630623,-0.011784,0.343354,-0.762448,-3.40502
-0.00475312,-0.0631373,-0.0121243,0.34742,-0.737291,-3.40096
-0.00471818,-0.0632097,-0.0124641,0.351466,-0.712254,-3.39679
-0.00468283,-0.0632797,-0.0128036,0.355494,-0.687336,-3.39253
-0.00464708,-0.0633472,-0.0131427,0.359503,-0.662536,-3.38817
-0.00461093,-0.0634122,-0.0134812,0.363494,-0.637853,-3.38372
-0.00457438,-0.0634748,-0.0138194,0.367466,-0.613286,-3.37917
-0.00453744,-0.0635349,-0.0141571,0.37142,-0.588833,-3.37453
-0.0045001,-0.0635925,-0.0144943,0.375356,-0.564495,-3.3698
-0.00446236,-0.0636478,-0.014831,0.379274,-0.540271,-3.36497
-0.00442424,-0.0637006,-0.0151673,0.383174,-0.516158,-3.36006
-0.00438573,-0.063751,-0.015503,0.387056,-0.492157,-3.35506
-0.00434683,-0.063799,-0.0158383,0.390921,-0.468266,-3.34998
-0.00430755,-0.0638447,-0.016173,0.394768,-0.444486,-3.3448
-0.00426788,-0.0638879,-0.0165073,0.398599,-0.420814,-3.33954
-0.00422783,-0.0639288,-0.0168409,0.402412,-0.39725,-3.3342
-0.0041874,-0.0639674,-0.0171741,0.406207,-0.373793,-3.32878
-0.00414659,-0.0640036,-0.0175067,0.409986,-0.350442,-3.32327
-0.0041054,-0.0640375,-0.0178387,0.413749,-0.327197,-3.31768
-0.00406384,-0.0640691,-0.0181702,0.417494,-0.304057,-3.31201
-0.0040219,-0.0640983,-0.0185011,0.421223,-0.28102,-3.30626
-0.00397959,-0.0641253,-0.0188315,0.424935,-0.258087,-3.30044
-0.00393692,-0.0641499,-0.0191612,0.428631,-0.235255,-3.29453
-0.00389387,-0.0641723,-0.0194904,0.43231,-0.212526,-3.28855
-0.00385045,-0.0641924,-0.0198189,0.435974,-0.189897,-3.28249
-0.00380667,-0.0642103,-0.0201469,0.439621,-0.167367,-3.27636
-0.00376253,-0.0642259,-0.0204742,0.443252,-0.144938,-3.27015
-0.00371802,-0.0642393,-0.0208009,0.446867,-0.122606,-3.26387
-0.00367316,-0.0642504,-0.021127,0.450467,-0.100373,-3.25752
-0.00362793,-0.0642594,-0.0214524,0.454051,-0.0782359,-3.25109
-0.00358235,-0.0642661,-0.0217772,0.457619,-0.0561955,-3.2446
-0.00353641,-0.0642706,-0.0221013,0.461171,-0.0342508,-3.23803
-0.00349011,-0.0642729,-0.0224248,0.464708,-0.0124009,-3.23139
-0.00344347,-0.0642731,-0.0227476,0.46823,0.00935479,-3.22468
-0.00339647,-0.0642711,-0.0230697,0.471736,0.031017,-3.21791
-0.00334912,-0.0642669,-0.0233912,0.475227,0.0525863,-3.21106
-0.00330142,-0.0642606,-0.0237119,0.478703,0.0740634,-3.20415
-0.00325338,-0.0642521,-0.024032,0.482164,0.0954491,-3.19718
-0.00320499,-0.0642415,-0.0243514,0.48561,0.116744,-3.19013
-0.00315626,-0.0642287,-0.02467,0.489041,0.137948,-3.18302
-0.00310718,-0.0642139,-0.024988,0.492457,0.159063,-3.17585
-0.00305777,-0.0641969,-0.0253052,0.495858,0.180089,-3.16861
-0.00300801,-0.0641779,-0.0256217,0.499245,0.201027,-3.16131
-0.00295792,-0.0641567,-0.0259375,0.502616,0.221877,-3.15394
-0.00290749,-0.0641335,-0.0262525,0.505973,0.24264,-3.14651
-0.00285672,-0.0641082,-0.0265668,0.509316,0.263316,-3.13902
-0.00280563,-0.0640808,-0.0268803,0.512644,0.283906,-3.13147
-0.0027542,-0.0640514,-0.0271931,0.515958,0.304411,-3.12386
-0.00270244,-0.06402,-0.0275051,0.519257,0.324831,-3.11618
-0.00265035,-0.0639865,-0.0278163,0.522542,0.345167,-3.10845
-0.00259793,-0.0639509,-0.0281267,0.525812,0.365419,-3.10066
-0.00254518,-0.0639134,-0.0284364,0.529068,0.385589,-3.0928
-0.00249211,-0.0638738,-0.0287453,0.532311,0.405675,-3.08489
-0.00243872,-0.0638322,-0.0290534,0.535539,0.42568,-3.07692
-0.00238501,-0.0637887,-0.0293607,0.538752,0.445603,-3.06889
-0.00233097,-0.0637431,-0.0296672,0.541952,0.465445,-3.06081
-0.00227662,-0.0636956,-0.0299728,0.545138,0.485206,-3.05266
-0.00222194,-0.0636461,-0.0302777,0.54831,0.504888,-3.04447
-0.00216696,-0.0635946,-0.0305817,0.551467,0.52449,-3.03621
-0.00211165,-0.0635412,-0.0308849,0.554611,0.544013,-3.0279
-0.00205603,-0.0634858,-0.0311873,0.557741,0.563458,-3.01953
-0.0020001,-0.0634285,-0.0314888,0.560858,0.582825,-3.01111
-0.00194386,-0.0633693,-0.0317895,0.56396,0.602114,-3.00264
-0.00188731,-0.0633081,-0.0320894,0.567049,0.621326,-2.9941
-0.00183045,-0.063245,-0.0323884,0.570124,0.640462,-2.98552
-0.00177329,-0.06318,-0.0326865,0.573185,0.659521,-2.97688
-0.00171582,-0.0631131,-0.0329837,0.576232,0.678505,-2.96819
-0.00165804,-0.0630443,-0.0332801,0.579266,0.697413,-2.95945
-0.00159996,-0.0629736,-0.0335756,0.582287,0.716247,-2.95065
-0.00154159,-0.062901,-0.0338702,0.585293,0.735007,-2.9418
-0.00148291,-0.0628266,-0.034164,0.588286,0.753692,-2.9329
-0.00142393,-0.0627503,-0.0344568,0.591266,0.772304,-2.92395
-0.00136465,-0.0626722,-0.0347488,0.594232,0.790843,-2.91494
-0.00130508,-0.0625921,-0.0350398,0.597184,0.809309,-2.90589
-0.00124522,-0.0625103,-0.0353299,0.600123,0.827703,-2.89678
-0.00118506,-0.0624266,-0.0356192,0.603049,0.846026,-2.88762
-0.00112461,-0.0623411,-0.0359075,0.60596,0.864276,-2.87841
-0.00106387,-0.0622538,-0.0361948,0.608859,0.882456,-2.86916
-0.00100284,-0.0621646,-0.0364813,0.611744,0.900564,-2.85985
-0.000941519,-0.0620736,-0.0367668,0.614616,0.918603,-2.85049
-0.000879914,-0.0619809,-0.0370514,0.617474,0.936571,-2.84109
-0.000818024,-0.0618863,-0.037335,0.620319,0.95447,-2.83163
-0.000755851,-0.06179,-0.0376177,0.62315,0.9723,-2.82213
-0.000693395,-0.0616919,-0.0378994,0.625968,0.99006,-2.81257
-0.000630658,-0.061592,-0.0381802,0.628773,1.00775,-2.80297
-0.000567641,-0.0614903,-0.03846,0.631564,1.02538,-2.79332
-0.000504345,-0.0613869,-0.0387389,0.634341,1.04293,-2.78363
-0.000440773,-0.0612817,-0.0390168,0.637106,1.06042,-2.77388
-0.000376924,-0.0611748,-0.0392937,0.639857,1.07784,-2.76409
-0.000312802,-0.0610662,-0.0395696,0.642595,1.0952,-2.75425
-0.000248406,-0.0609558,-0.0398445,0.645319,1.11248,-2.74436
-0.000183738,-0.0608437,-0.0401184,0.64803,1.1297,-2.73443
-0.000118801,-0.0607298,-0.0403914,0.650727,1.14686,-2.72445
-5.35935e-05,-0.0606143,-0.0406633,0.653411,1.16395,-2.71442
1.18812e-05,-0.0604971,-0.0409343,0.656082,1.18097,-2.70435
7.76224e-05,-0.0603781,-0.0412042,0.658739,1.19793,-2.69423
0.000143629,-0.0602575,-0.0414731,0.661383,1.21483,-2.68407
0.000209899,-0.0601352,-0.041741,0.664013,1.23166,-2.67385
0.000276431,-0.0600111,-0.0420079,0.66663,1.24842,-2.6636
0.000343224,-0.0598855,-0.0422737,0.669234,1.26512,-2.65329
0.000410277,-0.0597581,-0.0425385,0.671824,1.28176,-2.64295
0.000477588,-0.0596291,-0.0428023,0.6744,1.29834,-2.63255
0.000545157,-0.0594985,-0.0430651,0.676964,1.31485,-2.62211
0.000612981,-0.0593662,-0.0433267,0.679513,1.3313,-2.61163
0.000681059,-0.0592322,-0.0435874,0.682049,1.34768,-2.6011
0.00074939,-0.0590966,-0.043847,0.684572,1.364,-2.59053
0.000817973,-0.0589594,-0.0441055,0.687081,1.38026,-2.57991
0.000886806,-0.0588206,-0.0443629,0.689576,1.39646,-2.56925
0.000955888,-0.0586801,-0.0446193,0.692058,1.4126,-2.55854
0.00102522,-0.058538,-0.0448747,0.694526,1.42868,-2.54779
0.00109479,-0.0583944,-0.0451289,0.696981,1.44469,-2.53699
0.00116461,-0.0582491,-0.045382,0.699422,1.46064,-2.52615
0.00123468,-0.0581023,-0.0456341,0.701849,1.47653,-2.51527
0.00130498,-0.0579538,-0.0458851,0.704263,1.49237,-2.50434
0.00137553,-0.0578038,-0.046135,0.706663,1.50814,-2.49337
0.00144631,-0.0576522,-0.0463838,0.709049,1.52385,-2.48236
0.00151734,-0.057499,-0.0466315,0.711421,1.5395,-2.4713
0.0015886,-0.0573443,-0.046878,0.71378,1.55509,-2.4602
0.00166009,-0.057188,-0.0471235,0.716124,1.57062,-2.44905
0.00173182,-0.0570302,-0.0473678,0.718455,1.58609,-2.43787
0.00180378,-0.0568708,-0.0476111,0.720772,1.6015,-2.42664
0.00187598,-0.0567099,-0.0478532,0.723075,1.61685,-2.41536
0.0019484,-0.0565474,-0.0480941,0.725364,1.63215,-2.40404
0.00202105,-0.0563834,-0.048334,0.727639,1.64738,-2.39268
0.00209393,-0.0562179,-0.0485727,0.7299,1.66256,-2.38128
0.00216703,-0.0560509,-0.0488102,0.732147,1.67767,-2.36984
0.00224035,-0.0558824,-0.0490466,0.73438,1.69273,-2.35835
0.0023139,-0.0557124,-0.0492819,0.736598,1.70773,-2.34682
0.00238767,-0.0555409,-0.049516,0.738803,1.72268,-2.33524
0.00246166,-0.0553679,-0.0497489,0.740993,1.73756,-2.32363
0.00253587,-0.0551934,-0.0499807,0.743169,1.75239,-2.31197
0.0026103,-0.0550174,-0.0502113,0.745331,1.76716,-2.30027
0.00268494,-0.0548399,-0.0504408,0.747478,1.78187,-2.28852
0.00275979,-0.054661,-0.050669,0.749611,1.79652,-2.27674
0.00283486,-0.0544806,-0.0508961,0.75173,1.81112,-2.26491
0.00291014,-0.0542988,-0.051122,0.753834,1.82565,-2.25304
0.00298563,-0.0541155,-0.0513467,0.755923,1.84014,-2.24113
0.00306132,-0.0539308,-0.0515702,0.757998,1.85456,-2.22917
0.00313722,-0.0537446,-0.0517926,0.760059,1.86893,-2.21718
0.00321333,-0.053557,-0.0520137,0.762104,1.88324,-2.20514
0.00328964,-0.0533679,-0.0522336,0.764135,1.89749,-2.19306
0.00336616,-0.0531775,-0.0524523,0.766151,1.91169,-2.18094
0.00344287,-0.0529856,-0.0526698,0.768153,1.92583,-2.16877
0.00351979,-0.0527923,-0.052886,0.770139,1.93992,-2.15657
0.0035969,-0.0525976,-0.0531011,0.772111,1.95394,-2.14432
0.00367421,-0.0524015,-0.0533149,0.774068,1.96791,-2.13203
0.00375172,-0.052204,-0.0535275,0.776009,1.98183,-2.1197
0.00382941,-0.0520052,-0.0537388,0.777936,1.99569,-2.10733
0.0039073,-0.0518049,-0.053949,0.779847,2.00949,-2.09491
0.00398538,-0.0516033,-0.0541578,0.781744,2.02324,-2.08246
0.00406365,-0.0514003,-0.0543654,0.783625,2.03693,-2.06996
0.00414211,-0.0511959,-0.0545718,0.78549,2.05056,-2.05742
0.00422075,-0.0509901,-0.0547769,0.787341,2.06414,-2.04484
0.00429957,-0.0507831,-0.0549808,0.789176,2.07767,-2.03221
0.00437858,-0.0505746,-0.0551834,0.790995,2.09113,-2.01955
0.00445777,-0.0503648,-0.0553847,0.792799,2.10454,-2.00684
0.00453714,-0.0501537,-0.0555847,0.794587,2.1179,-1.9941
0.00461669,-0.0499413,-0.0557835,0.79636,2.1312,-1.98131
0.00469641,-0.0497275,-0.055981,0.798117,2.14444,-1.96848
0.00477631,-0.0495124,-0.0561772,0.799858,2.15763,-1.95561
0.00485638,-0.0492959,-0.0563721,0.801583,2.17076,-1.94269
0.00493663,-0.0490782,-0.0565657,0.803292,2.18384,-1.92974
0.00501704,-0.0488592,-0.0567581,0.804986,2.19686,-1.91674
0.00509762,-0.0486388,-0.0569491,0.806663,2.20983,-1.9037
0.00517837,-0.0484172,-0.0571388,0.808324,2.22273,-1.89062
0.00525929,-0.0481943,-0.0573272,0.809969,2.23559,-1.8775
0.00534037,-0.0479701,-0.0575143,0.811597,2.24839,-1.86434
0.00542161,-0.0477446,-0.0577001,0.81321,2.26113,-1.85114
0.00550301,-0.0475179,-0.0578845,0.814805,2.27382,-1.83789
0.00558457,-0.0472899,-0.0580677,0.816385,2.28645,-1.82461
0.00566628,-0.0470606,-0.0582494,0.817948,2.29902,-1.81128
0.00574816,-0.0468301,-0.0584299,0.819494,2.31154,-1.79791
0.00583018,-0.0465983,-0.058609,0.821023,2.32401,-1.7845
0.00591236,-0.0463653,-0.0587868,0.822536,2.33642,-1.77105
0.00599469,-0.046131,-0.0589632,0.824032,2.34877,-1.75756
0.00607717,-0.0458955,-0.0591383,0.82551,2.36106,-1.74402
0.00615979,-0.0456588,-0.059312,0.826972,2.37331,-1.73045
0.00624256,-0.0454208,-0.0594844,0.828417,2.38549,-1.71683
0.00632547,-0.0451817,-0.0596554,0.829844,2.39762,-1.70317
0.00640853,-0.0449413,-0.059825,0.831255,2.40969,-1.68948
0.00649172,-0.0446998,-0.0599933,0.832648,2.42171,-1.67573
0.00657506,-0.044457,-0.0601602,0.834023,2.43367,-1.66195
0.00665853,-0.044213,-0.0603257,0.835381,2.44557,-1.64813
0.00674213,-0.0439679,-0.0604898,0.836721,2.45742,-1.63426
0.00682587,-0.0437215,-0.0606525,0.838044,2.46921,-1.62036
0.00690974,-0.043474,-0.0608139,0.839349,2.48095,-1.60641
0.00699374,-0.0432254,-0.0609738,0.840636,2.49263,-1.59242
0.00707787,-0.0429755,-0.0611324,0.841905,2.50425,-1.57839
0.00716212,-0.0427245,-0.0612895,0.843156,2.51581,-1.56432
0.0072465,-0.0424724,-0.0614452,0.844389,2.52732,-1.55021
0.007331,-0.042219,-0.0615995,0.845604,2.53877,-1.53606
0.00741562,-0.0419646,-0.0617524,0.846801,2.55017,-1.52186
0.00750036,-0.041709,-0.0619039,0.847979,2.56151,-1.50762
0.00758521,-0.0414523,-0.062054,0.849138,2.57279,-1.49335
0.00767019,-0.0411945,-0.0622026,0.85028,2.58401,-1.47903
0.00775527,-0.0409355,-0.0623498,0.851402,2.59518,-1.46467
0.00784047,-0.0406754,-0.0624955,0.852506,2.60628,-1.45026
0.00792577,-0.0404142,-0.0626398,0.85359,2.61733,-1.43582
0.00801118,-0.040152,-0.0627827,0.854656,2.62833,-1.42134
0.0080967,-0.0398886,-0.0629241,0.855703,2.63926,-1.40681
0.00818232,-0.0396241,-0.063064,0.856731,2.65014,-1.39224
0.00826805,-0.0393586,-0.0632025,0.857739,2.66096,-1.37764
0.00835387,-0.0390919,-0.0633396,0.858729,2.67172,-1.36299
0.00843979,-0.0388242,-0.0634751,0.859698,2.68242,-1.3483
0.00852581,-0.0385554,-0.0636092,0.860648,2.69307,-1.33356
0.00861192,-0.0382856,-0.0637418,0.861579,2.70365,-1.31879
0.00869812,-0.0380147,-0.063873,0.86249,2.71418,-1.30398
0.00878442,-0.0377428,-0.0640026,0.863381,2.72465,-1.28912
0.0088708,-0.0374698,-0.0641308,0.864252,2.73506,-1.27422
0.00895727,-0.0371958,-0.0642575,0.865103,2.74541,-1.25929
0.00904382,-0.0369207,-0.0643827,0.865934,2.7557,-1.24431
0.00913045,-0.0366446,-0.0645063,0.866745,2.76593,-1.22929
0.00921717,-0.0363675,-0.0646285,0.867535,2.7761,-1.21422
0.00930396,-0.0360894,-0.0647492,0.868305,2.78621,-1.19912
0.00939083,-0.0358103,-0.0648683,0.869054,2.79626,-1.18398
0.00947777,-0.0355301,-0.064986,0.869783,2.80625,-1.16879
0.00956478,-0.035249,-0.0651021,0.870491,2.81618,-1.15356
0.00965187,-0.0349669,-0.0652167,0.871178,2.82605,-1.1383
0.00973902,-0.0346838,-0.0653297,0.871844,2.83586,-1.12299
0.00982624,-0.0343997,-0.0654413,0.872488,2.84561,-1.10764
0.00991352,-0.0341147,-0.0655513,0.873112,2.8553,-1.09225
0.0100009,-0.0338287,-0.0656597,0.873714,2.86492,-1.07682
0.0100883,-0.0335417,-0.0657666,0.874295,2.87449,-1.06134
0.0101757,-0.0332538,-0.065872,0.874855,2.88399,-1.04583
0.0102632,-0.0329649,-0.0659758,0.875392,2.89343,-1.03028
0.0103508,-0.0326751,-0.066078,0.875908,2.90281,-1.01468
0.0104384,-0.0323844,-0.0661787,0.876402,2.91212,-0.999045
0.0105261,-0.0320927,-0.0662779,0.876875,2.92138,-0.983368
0.0106138,-0.0318001,-0.0663754,0.877324,2.93057,-0.96765
0.0107015,-0.0315066,-0.0664714,0.877752,2.93969,-0.951892
0.0107893,-0.0312121,-0.0665658,0.878158,2.94876,-0.936092
0.0108772,-0.0309168,-0.0666586,0.87854,2.95776,-0.920252
0.010965,-0.0306206,-0.0667498,0.878901,2.96669,-0.904372
0.0110529,-0.0303235,-0.0668395,0.879238,2.97556,-0.888451
0.0111409,-0.0300255,-0.0669275,0.879553,2.98437,-0.872489
0.0112289,-0.0297266,-0.067014,0.879845,2.99311,-0.856487
0.0113169,-0.0294269,-0.0670988,0.880114,3.00179,-0.840444
0.0114049,-0.0291263,-0.0671821,0.880359,3.01041,-0.824361
0.0114929,-0.0288248,-0.0672637,0.880582,3.01895,-0.808238
0.011581,-0.0285225,-0.0673437,0.880781,3.02744,-0.792074
0.0116691,-0.0282193,-0.0674221,0.880956,3.03585,-0.77587
0.0117572,-0.0279153,-0.0674989,0.881108,3.0442,-0.759626
0.0118453,-0.0276105,-0.067574,0.881236,3.05249,-0.743342
0.0119334,-0.0273048,-0.0676475,0.88134,3.0607,-0.727018
0.0120216,-0.0269983,-0.0677194,0.88142,3.06886,-0.710654
0.0121097,-0.026691,-0.0677897,0.881476,3.07694,-0.69425
0.0121979,-0.0263829,-0.0678583,0.881507,3.08495,-0.677806
0.012286,-0.026074,-0.0679252,0.881514,3.0929,-0.661323
0.0123742,-0.0257644,-0.0679905,0.881497,3.10078,-0.644799
0.0124623,-0.0254539,-0.0680542,0.881455,3.10859,-0.628237
0.0125505,-0.0251426,-0.0681162,0.881388,3.11634,-0.611634
0.0126386,-0.0248306,-0.0681765,0.881297,3.12401,-0.594993
0.0127267,-0.0245178,-0.0682352,0.88118,3.13161,-0.578312
0.0128148,-0.0242043,-0.0682922,0.881038,3.13915,-0.561591
0.0129029,-0.02389,-0.0683475,0.880871,3.14661,-0.544832
0.012991,-0.023575,-0.0684011,0.880678,3.15401,-0.528034
0.0130791,-0.0232592,-0.0684531,0.88046,3.16133,-0.511196
0.0131671,-0.0229427,-0.0685034,0.880216,3.16859,-0.49432
0.0132551,-0.0226255,-0.068552,0.879947,3.17577,-0.477405
0.0133431,-0.0223076,-0.0685989,0.879651,3.18288,-0.460452
0.013431,-0.0219889,-0.0686441,0.87933,3.18992,-0.44346
0.0135189,-0.0216696,-0.0686876,0.878982,3.19689,-0.42643
0.0136068,-0.0213496,-0.0687293,0.878608,3.20378,-0.409361
0.0136947,-0.0210288,-0.0687694,0.878207,3.2106,-0.392255
0.0137825,-0.0207074,-0.0688078,0.87778,3.21735,-0.37511
0.0138702,-0.0203854,-0.0688444,0.877326,3.22402,-0.357928
0.0139579,-0.0200626,-0.0688794,0.876846,3.23062,-0.340708
0.0140456,-0.0197392,-0.0689126,0.876338,3.23715,-0.32345
0.0141332,-0.0194152,-0.0689441,0.875803,3.2436,-0.306155
0.0142207,-0.0190905,-0.0689738,0.875242,3.24998,-0.288822
0.0143082,-0.0187652,-0.0690018,0.874652,3.25628,-0.271453
0.0143957,-0.0184393,-0.0690281,0.874035,3.26251,-0.254046
0.014483,-0.0181127,-0.0690526,0.873391,3.26866,-0.236603
0.0145704,-0.0177855,-0.0690754,0.872719,3.27473,-0.219123
0.0146576,-0.0174578,-0.0690965,0.872019,3.28073,-0.201607
0.0147448,-0.0171294,-0.0691157,0.871291,3.28665,-0.184054
0.0148318,-0.0168004,-0.0691333,0.870535,3.29249,-0.166465
0.0149189,-0.0164709,-0.069149,0.86975,3.29825,-0.14884
0.0150058,-0.0161408,-0.069163,0.868937,3.30394,-0.13118
0.0150927,-0.0158101,-0.0691753,0.868096,3.30954,-0.113483
0.0151794,-0.0154789,-0.0691857,0.867226,3.31507,-0.0957519
0.0152661,-0.0151471,-0.0691944,0.866327,3.32052,-0.0779852
0.0153527,-0.0148148,-0.0692013,0.865399,3.32589,-0.0601836
0.0154392,-0.0144819,-0.0692065,0.864443,3.33118,-0.0423472
0.0155256,-0.0141486,-0.0692098,0.863457,3.33638,-0.0244762
0.0156119,-0.0138147,-0.0692113,0.862441,3.34151,-0.0065709
0.0156981,-0.0134803,-0.0692111,0.861396,3.34655,0.0113685
0.0157841,-0.0131454,-0.0692091,0.860322,3.35152,0.0293418
0.0158701,-0.01281,-0.0692052,0.859218,3.3564,0.0473487
0.015956,-0.0124741,-0.0691996,0.858084,3.36119,0.065389
0.0160417,-0.0121377,-0.0691922,0.85692,3.36591,0.0834624
0.0161274,-0.0118009,-0.0691829,0.855726,3.37054,0.101569
0.0162129,-0.0114636,-0.0691718,0.854502,3.37509,0.119708
0.0162983,-0.0111259,-0.069159,0.853248,3.37955,0.137879
0.0163835,-0.0107877,-0.0691443,0.851963,3.38393,0.156083
0.0164687,-0.0104491,-0.0691277,0.850647,3.38822,0.174318
0.0165537,-0.0101101,-0.0691094,0.849301,3.39243,0.192585
0.0166385,-0.00977062,-0.0690892,0.847924,3.39655,0.210883
0.0167232,-0.00943077,-0.0690672,0.846516,3.40058,0.229213
0.0168078,-0.00909051,-0.0690434,0.845076,3.40453,0.247573
0.0168923,-0.00874986,-0.0690177,0.843606,3.40839,0.265963
0.0169765,-0.00840884,-0.0689902,0.842104,3.41216,0.284383
0.0170607,-0.00806743,-0.0689608,0.840571,3.41584,0.302834
0.0171447,-0.00772567,-0.0689296,0.839006,3.41944,0.321313
0.0172285,-0.00738355,-0.0688966,0.837409,3.42295,0.339822
0.0173121,-0.00704108,-0.0688617,0.835781,3.42636,0.35836
0.0173956,-0.00669828,-0.0688249,0.834121,3.42969,0.376926
0.017479,-0.00635515,-0.0687863,0.832428,3.43292,0.39552
0.0175621,-0.0060117,-0.0687458,0.830704,3.43607,0.414143
0.0176451,-0.00566794,-0.0687034,0.828947,3.43912,0.432792
0.0177279,-0.00532388,-0.0686592,0.827157,3.44208,0.451469
0.0178105,-0.00497953,-0.0686132,0.825336,3.44495,0.470172
0.017893,-0.00463489,-0.0685652,0.823481,3.44773,0.488902
0.0179752,-0.00428998,-0.0685154,0.821594,3.45041,0.507657
0.0180573,-0.00394481,-0.0684637,0.819674,3.453,0.526438
0.0181392,-0.00359939,-0.0684101,0.817721,3.45549,0.545245
0.0182208,-0.00325372,-0.0683546,0.815735,3.4579,0.564076
0.0183023,-0.00290781,-0.0682973,0.813715,3.4602,0.582931
0.0183836,-0.00256168,-0.068238,0.811662,3.46241,0.60181
0.0184646,-0.00221533,-0.0681769,0.809576,3.46452,0.620713
0.0185455,-0.00186878,-0.0681139,0.807457,3.46654,0.639639
0.0186261,-0.00152203,-0.068049,0.805303,3.46846,0.658588
0.0187065,-0.00117509,-0.0679822,0.803116,3.47029,0.677558
0.0187867,-0.000827972,-0.0679135,0.800896,3.47201,0.696551
0.0188667,-0.000480689,-0.0678429,0.798641,3.47364,0.715565
0.0189465,-0.000133248,-0.0677703,0.796352,3.47517,0.734599
0.019026,0.000214341,-0.0676959,0.794029,3.4766,0.753654
0.0191053,0.000562068,-0.0676196,0.791672,3.47793,0.772729
0.0191843,0.000909923,-0.0675414,0.789281,3.47916,0.791823
0.0192631,0.0012579,-0.0674613,0.786855,3.48029,0.810936
0.0193417,0.00160598,-0.0673792,0.784395,3.48131,0.830067
0.01942,0.00195416,-0.0672952,0.7819,3.48224,0.849217
0.0194981,0.00230242,-0.0672094,0.779371,3.48306,0.868383
0.0195759,0.00265077,-0.0671216,0.776806,3.48379,0.887566
0.0196534,0.00299918,-0.0670318,0.774207,3.48441,0.906766
0.0197307,0.00334764,-0.0669402,0.771573,3.48492,0.925981
0.0198077,0.00369616,-0.0668466,0.768905,3.48533,0.945212
0.0198845,0.00404471,-0.0667512,0.766201,3.48564,0.964457
0.019961,0.00439328,-0.0666538,0.763461,3.48585,0.983716
0.0200372,0.00474187,-0.0665544,0.760687,3.48594,1.00299
0.0201131,0.00509047,-0.0664532,0.757877,3.48594,1.02227
0.0201888,0.00543906,-0.06635,0.755033,3.48582,1.04157
0.0202641,0.00578763,-0.0662448,0.752152,3.4856,1.06088
0.0203392,0.00613617,-0.0661378,0.749236,3.48528,1.0802
0.020414,0.00648468,-0.0660288,0.746285,3.48484,1.09953
0.0204885,0.00683314,-0.0659179,0.743298,3.4843,1.11887
0.0205626,0.00718154,-0.065805,0.740275,3.48365,1.13822
0.0206365,0.00752986,-0.0656902,0.737217,3.48289,1.15758
0.0207101,0.00787811,-0.0655735,0.734123,3.48202,1.17695
0.0207833,0.00822627,-0.0654548,0.730993,3.48105,1.19632
0.0208563,0.00857432,-0.0653342,0.727827,3.47996,1.2157
0.0209289,0.00892225,-0.0652117,0.724625,3.47876,1.23509
0.0210012,0.00927007,-0.0650872,0.721388,3.47745,1.25448
0.0210732,0.00961774,-0.0649608,0.718114,3.47603,1.27388
0.0211448,0.00996527,-0.0648325,0.714805,3.4745,1.29328
0.0212161,0.0103126,-0.0647022,0.711459,3.47286,1.31268
0.0212871,0.0106598,-0.0645699,0.708077,3.4711,1.33209
0.0213577,0.0110069,-0.0644357,0.704659,3.46923,1.35149
0.021428,0.0113537,-0.0642996,0.701205,3.46725,1.3709
0.021498,0.0117003,-0.0641616,0.697715,3.46516,1.39031
0.0215676,0.0120467,-0.0640216,0.694189,3.46295,1.40972
0.0216368,0.0123929,-0.0638796,0.690627,3.46062,1.42913
0.0217057,0.0127388,-0.0637357,0.687028,3.45819,1.44853
0.0217742,0.0130845,-0.0635899,0.683393,3.45563,1.46793
0.0218424,0.01343,-0.0634421,0.679722,3.45296,1.48733
0.0219102,0.0137751,-0.0632924,0.676015,3.45018,1.50673
0.0219776,0.01412,-0.0631408,0.672271,3.44727,1.52611
0.0220446,0.0144646,-0.0629872,0.668491,3.44426,1.5455
0.0221113,0.0148088,-0.0628317,0.664675,3.44112,1.56487
0.0221776,0.0151528,-0.0626742,0.660823,3.43787,1.58424
0.0222434,0.0154964,-0.0625148,0.656935,3.4345,1.6036
0.0223089,0.0158397,-0.0623535,0.653011,3.43101,1.62295
0.022374,0.0161826,-0.0621903,0.64905,3.4274,1.64229
0.0224388,0.0165252,-0.0620251,0.645053,3.42368,1.66162
0.0225031,0.0168673,-0.0618579,0.64102,3.41983,1.68094
0.022567,0.0172091,-0.0616889,0.636952,3.41587,1.70024
0.0226304,0.0175505,-0.0615179,0.632847,3.41178,1.71953
0.0226935,0.0178915,-0.061345,0.628706,3.40758,1.73881
0.0227562,0.018232,-0.0611701,0.624529,3.40326,1.75807
0.0228184,0.0185721,-0.0609934,0.620317,3.39881,1.77732
0.0228802,0.0189118,-0.0608147,0.616068,3.39425,1.79654
0.0229416,0.019251,-0.060634,0.611784,3.38956,1.81575
0.0230026,0.0195897,-0.0604515,0.607464,3.38475,1.83494
0.0230631,0.0199279,-0.0602671,0.603109,3.37983,1.85411
0.0231232,0.0202656,-0.0600807,0.598718,3.37477,1.87326
0.0231829,0.0206029,-0.0598924,0.594291,3.3696,1.89239
0.0232421,0.0209396,-0.0597022,0.589829,3.36431,1.91149
0.0233008,0.0212757,-0.0595101,0.585332,3.35889,1.93057
0.0233591,0.0216113,-0.0593161,0.580799,3.35335,1.94963
0.023417,0.0219464,-0.0591202,0.576232,3.34769,1.96866
0.0234744,0.0222809,-0.0589224,0.571629,3.3419,1.98766
0.0235313,0.0226148,-0.0587227,0.566991,3.33599,2.00664
0.0235878,0.0229481,-0.058521,0.562318,3.32996,2.02558
0.0236438,0.0232807,-0.0583175,0.557611,3.3238,2.0445
0.0236993,0.0236128,-0.0581121,0.552869,3.31752,2.06338
0.0237544,0.0239442,-0.0579049,0.548093,3.31112,2.08224
0.0238089,0.024275,-0.0576957,0.543282,3.30459,2.10106
0.023863,0.0246052,-0.0574847,0.538436,3.29793,2.11985
0.0239166,0.0249346,-0.0572717,0.533557,3.29116,2.1386
0.0239697,0.0252634,-0.0570569,0.528644,3.28426,2.15731
0.0240223,0.0255915,-0.0568403,0.523697,3.27723,2.17599
0.0240745,0.0259188,-0.0566217,0.518716,3.27008,2.19463
0.0241261,0.0262455,-0.0564013,0.513701,3.2628,2.21324
0.0241772,0.0265714,-0.0561791,0.508653,3.2554,2.2318
0.0242278,0.0268965,-0.055955,0.503572,3.24788,2.25032
0.0242779,0.027221,-0.055729,0.498458,3.24023,2.2688
0.0243275,0.0275446,-0.0555012,0.493311,3.23245,2.28723
0.0243766,0.0278674,-0.0552716,0.488131,3.22455,2.30562
0.0244251,0.0281895,-0.0550401,0.482918,3.21653,2.32396
0.0244732,0.0285107,-0.0548068,0.477673,3.20838,2.34226
0.0245207,0.0288312,-0.0545717,0.472396,3.2001,2.36051
0.0245676,0.0291508,-0.0543347,0.467087,3.1917,2.37871
0.0246141,0.0294695,-0.0540959,0.461747,3.18318,2.39686
0.02466,0.0297874,-0.0538553,0.456374,3.17453,2.41496
0.0247053,0.0301044,-0.0536129,0.45097,3.16575,2.43301
0.0247502,0.0304205,-0.0533687,0.445535,3.15686,2.451
0.0247945,0.0307358,-0.0531227,0.440069,3.14783,2.46894
0.0248382,0.0310501,-0.0528749,0.434573,3.13868,2.48682
0.0248814,0.0313635,-0.0526254,0.429045,3.12941,2.50465
0.024924,0.031676,-0.052374,0.423488,3.12002,2.52242
0.0249661,0.0319875,-0.0521209,0.4179,3.11049,2.54013
0.0250076,0.0322981,-0.051866,0.412283,3.10085,2.55778
0.0250485,0.0326077,-0.0516093,0.406636,3.09108,2.57536
0.0250889,0.0329163,-0.0513509,0.40096,3.08119,2.59289
0.0251287,0.0332239,-0.0510908,0.395255,3.07117,2.61035
0.025168,0.0335305,-0.0508288,0.389521,3.06104,2.62775
0.0252066,0.0338361,-0.0505652,0.383759,3.05077,2.64508
0.0252447,0.0341407,-0.0502998,0.377968,3.04039,2.66234
0.0252822,0.0344442,-0.0500327,0.37215,3.02988,2.67954
0.0253191,0.0347466,-0.0497639,0.366304,3.01925,2.69666
0.0253555,0.035048,-0.0494934,0.36043,3.0085,2.71372
0.0253912,0.0353483,-0.0492212,0.35453,2.99763,2.7307
0.0254264,0.0356475,-0.0489473,0.348602,2.98664,2.74761
0.0254609,0.0359457,-0.0486717,0.342648,2.97552,2.76445
0.0254949,0.0362426,-0.0483944,0.336668,2.96429,2.78121
0.0255283,0.0365385,-0.0481154,0.330663,2.95293,2.7979
0.025561,0.0368332,-0.0478348,0.324631,2.94145,2.81451
0.0255932,0.0371268,-0.0475525,0.318575,2.92986,2.83104
0.0256247,0.0374192,-0.0472686,0.312493,2.91814,2.84749
0.0256557,0.0377104,-0.046983,0.306387,2.90631,2.86386
0.025686,0.0380005,-0.0466958,0.300257,2.89436,2.88014
0.0257157,0.0382893,-0.046407,0.294103,2.88229,2.89635
0.0257448,0.0385769,-0.0461166,0.287925,2.8701,2.91247
0.0257733,0.0388633,-0.0458245,0.281725,2.8578,2.9285
0.0258012,0.0391485,-0.0455309,0.275501,2.84538,2.94445
0.0258284,0.0394324,-0.0452356,0.269255,2.83284,2.96031
0.025855,0.039715,-0.0449388,0.262987,2.82019,2.97608
0.025881,0.0399964,-0.0446404,0.256697,2.80742,2.99176
0.0259064,0.0402765,-0.0443405,0.250386,2.79454,3.00735
0.0259311,0.0405553,-0.044039,0.244053,2.78154,3.02285
0.0259552,0.0408328,-0.0437359,0.237701,2.76844,3.03825
0.0259786,0.041109,-0.0434313,0.231328,2.75521,3.05356
0.0260015,0.0413839,-0.0431252,0.224935,2.74188,3.06878
0.0260236,0.0416574,-0.0428176,0.218522,2.72844,3.08389
0.0260452,0.0419295,-0.0425084,0.212091,2.71488,3.09892
0.026066,0.0422003,-0.0421978,0.205641,2.70121,3.11384
0.0260863,0.0424698,-0.0418856,0.199173,2.68744,3.12866
0.0261059,0.0427378,-0.041572,0.192687,2.67355,3.14338
0.0261248,0.0430045,-0.041257,0.186184,2.65956,3.158
0.0261431,0.0432697,-0.0409404,0.179663,2.64546,3.17252
0.0261608,0.0435336,-0.0406225,0.173126,2.63125,3.18693
0.0261777,0.043796,-0.0403031,0.166573,2.61694,3.20124
0.0261941,0.044057,-0.0399822,0.160005,2.60252,3.21544
0.0262097,0.0443165,-0.03966,0.15342,2.588,3.22953
0.0262248,0.0445746,-0.0393363,0.146822,2.57337,3.24352
0.0262391,0.0448312,-0.0390113,0.140208,2.55865,3.2574
0.0262528,0.0450863,-0.0386849,0.133581,2.54381,3.27117
0.0262658,0.0453399,-0.0383571,0.12694,2.52888,3.28482
0.0262782,0.0455921,-0.0380279,0.120286,2.51385,3.29837
0.0262899,0.0458427,-0.0376974,0.113619,2.49872,3.3118
0.0263009,0.0460918,-0.0373655,0.106941,2.48348,3.32511
0.0263113,0.0463394,-0.0370324,0.10025,2.46816,3.33832
0.026321,0.0465854,-0.0366979,0.0935483,2.45273,3.3514
0.02633,0.0468299,-0.0363621,0.0868357,2.43721,3.36437
0.0263383,0.0470729,-0.036025,0.0801128,2.42159,3.37723
0.026346,0.0473142,-0.0356866,0.0733799,2.40588,3.38996
0.026353,0.047554,-0.035347,0.0666376,2.39007,3.40257
0.0263593,0.0477922,-0.0350061,0.0598863,2.37418,3.41507
0.026365,0.0480289,-0.034664,0.0531266,2.35819,3.42744
0.0263699,0.0482639,-0.0343207,0.0463588,2.34211,3.43969
0.0263742,0.0484973,-0.0339761,0.0395835,2.32594,3.45182
0.0263779,0.0487291,-0.0336303,0.0328011,2.30968,3.46382
0.0263808,0.0489592,-0.0332833,0.0260122,2.29334,3.4757
0.0263831,0.0491877,-0.0329352,0.0192171,2.27691,3.48746
0.0263846,0.0494146,-0.0325858,0.0124164,2.26039,3.49909
0.0263855,0.0496398,-0.0322353,0.00561052,2.24379,3.51059
0.0263858,0.0498633,-0.0318837,-0.00120001,2.22711,3.52196
0.0263853,0.0500852,-0.031531,-0.00801472,2.21034,3.53321
0.0263842,0.0503054,-0.0311771,-0.0148331,2.1935,3.54432
0.0263823,0.0505239,-0.0308221,-0.0216547,2.17657,3.55531
0.0263798,0.0507407,-0.030466,-0.0284791,2.15957,3.56617
0.0263766,0.0509558,-0.0301089,-0.0353057,2.14248,3.57689
0.0263728,0.0511692,-0.0297506,-0.042134,2.12532,3.58748
0.0263682,0.0513809,-0.0293914,-0.0489636,2.10809,3.59794
0.026363,0.0515908,-0.0290311,-0.055794,2.09078,3.60827
0.0263571,0.051799,-0.0286697,-0.0626246,2.07339,3.61846
0.0263505,0.0520055,-0.0283074,-0.0694551,2.05594,3.62852
0.0263432,0.0522102,-0.027944,-0.0762848,2.03841,3.63844
0.0263352,0.0524132,-0.0275797,-0.0831134,2.02082,3.64823
0.0263265,0.0526144,-0.0272144,-0.0899403,2.00315,3.65788
0.0263172,0.0528138,-0.0268481,-0.0967651,1.98542,3.6674
0.0263072,0.0530115,-0.0264809,-0.103587,1.96762,3.67678
0.0262965,0.0532073,-0.0261128,-0.110406,1.94976,3.68602
0.0262851,0.0534014,-0.0257437,-0.117221,1.93183,3.69512
0.026273,0.0535937,-0.0253737,-0.124033,1.91384,3.70408
0.0262603,0.0537842,-0.0250029,-0.130839,1.89579,3.7129
0.0262469,0.0539729,-0.0246312,-0.137641,1.87768,3.72158
0.0262328,0.0541597,-0.0242586,-0.144437,1.85951,3.73013
0.026218,0.0543448,-0.0238851,-0.151227,1.84129,3.73853
0.0262025,0.054528,-0.0235109,-0.15801,1.823,3.74679
0.0261864,0.0547094,-0.0231358,-0.164787,1.80467,3.75491
0.0261696,0.0548889,-0.0227599,-0.171555,1.78627,3.76289
0.0261521,0.0550666,-0.0223832,-0.178316,1.76783,3.77072
0.0261339,0.0552425,-0.0220058,-0.185069,1.74933,3.77842
0.0261151,0.0554165,-0.0216275,-0.191812,1.73078,3.78597
0.0260956,0.0555886,-0.0212486,-0.198547,1.71219,3.79337
0.0260754,0.0557589,-0.0208689,-0.205271,1.69355,3.80064
0.0260545,0.0559273,-0.0204885,-0.211985,1.67486,3.80776
0.026033,0.0560939,-0.0201073,-0.218688,1.65612,3.81473
0.0260108,0.0562586,-0.0197255,-0.22538,1.63735,3.82156
0.0259879,0.0564214,-0.019343,-0.232061,1.61853,3.82825
0.0259643,0.0565823,-0.0189599,-0.238729,1.59966,3.83479
0.0259401,0.0567413,-0.0185761,-0.245384,1.58076,3.84119
0.0259153,0.0568984,-0.0181916,-0.252027,1.56182,3.84744
0.0258897,0.0570537,-0.0178066,-0.258656,1.54285,3.85355
0.0258635,0.057207,-0.0174209,-0.265271,1.52383,3.85951
0.0258367,0.0573584,-0.0170347,-0.271871,1.50479,3.86533
0.0258092,0.0575079,-0.0166479,-0.278457,1.4857,3.871
0.025781,0.0576556,-0.0162605,-0.285027,1.46659,3.87653
0.0257522,0.0578013,-0.0158726,-0.291582,1.44745,3.88191
0.0257227,0.057945,-0.0154841,-0.29812,1.42827,3.88714
0.0256925,0.0580869,-0.0150951,-0.304642,1.40907,3.89223
0.0256617,0.0582269,-0.0147057,-0.311147,1.38985,3.89717
0.0256303,0.0583649,-0.0143157,-0.317634,1.37059,3.90197
0.0255982,0.058501,-0.0139253,-0.324104,1.35131,3.90662
0.0255655,0.0586351,-0.0135344,-0.330555,1.33201,3.91113
0.0255321,0.0587674,-0.0131431,-0.336988,1.31269,3.91549
0.0254981,0.0588977,-0.0127513,-0.343401,1.29335,3.9197
0.0254634,0.059026,-0.0123591,-0.349795,1.27398,3.92377
0.0254281,0.0591525,-0.0119666,-0.356169,1.2546,3.92769
0.0253922,0.059277,-0.0115736,-0.362523,1.2352,3.93147
0.0253556,0.0593995,-0.0111803,-0.368856,1.21579,3.93511
0.0253184,0.0595201,-0.0107866,-0.375168,1.19636,3.93859
0.0252806,0.0596388,-0.0103926,-0.381459,1.17693,3.94194
0.0252421,0.0597555,-0.0099982,-0.387728,1.15747,3.94514
0.0252031,0.0598703,-0.00960353,-0.393974,1.13801,3.94819
0.0251633,0.0599831,-0.00920856,-0.400198,1.11854,3.9511
0.025123,0.060094,-0.00881331,-0.406399,1.09906,3.95387
0.0250821,0.0602029,-0.00841779,-0.412577,1.07958,3.95649
0.0250405,0.0603099,-0.00802202,-0.418731,1.06009,3.95897
0.0249983,0.0604149,-0.00762601,-0.424861,1.04059,3.9613
0.0249555,0.060518,-0.00722976,-0.430967,1.02109,3.96349
0.0249121,0.0606192,-0.00683331,-0.437048,1.0016,3.96554
0.0248681,0.0607183,-0.00643666,-0.443104,0.982096,3.96745
0.0248235,0.0608156,-0.00603983,-0.449135,0.962596,3.96921
0.0247783,0.0609109,-0.00564282,-0.45514,0.943099,3.97084
0.0247325,0.0610042,-0.00524566,-0.461118,0.923605,3.97232
0.0246861,0.0610956,-0.00484836,-0.467071,0.904115,3.97366
0.0246391,0.061185,-0.00445094,-0.472997,0.88463,3.97486
0.0245915,0.0612725,-0.0040534,-0.478896,0.865152,3.97592
0.0245433,0.0613581,-0.00365576,-0.484768,0.845682,3.97684
0.0244945,0.0614416,-0.00325803,-0.490612,0.82622,3.97762
0.0244452,0.0615233,-0.00286024,-0.496428,0.806769,3.97826
0.0243952,0.061603,-0.00246238,-0.502216,0.787329,3.97877
0.0243447,0.0616808,-0.00206449,-0.507976,0.767901,3.97913
0.0242936,0.0617566,-0.00166656,-0.513707,0.748486,3.97936
0.024242,0.0618305,-0.00126862,-0.519409,0.729086,3.97945
0.0241898,0.0619024,-0.000870677,-0.525081,0.709702,3.9794
0.024137,0.0619724,-0.000472744,-0.530725,0.690334,3.97922
0.0240836,0.0620405,-7.48369e-05,-0.536338,0.670984,3.9789
0.0240297,0.0621066,0.000323032,-0.541921,0.651653,3.97845
0.0239752,0.0621708,0.000720849,-0.547474,0.632342,3.97786
0.0239202,0.0622331,0.0011186,-0.552997,0.613052,3.97714
0.0238646,0.0622934,0.00151627,-0.558489,0.593784,3.97629
0.0238085,0.0623518,0.00191385,-0.56395,0.574539,3.9753
0.0237518,0.0624083,0.00231133,-0.569379,0.555318,3.97418
0.0236946,0.0624629,0.00270869,-0.574777,0.536122,3.97293
0.0236369,0.0625155,0.00310591,-0.580144,0.516953,3.97155
0.0235786,0.0625663,0.00350299,-0.585478,0.49781,3.97003
0.0235198,0.0626151,0.00389991,-0.590781,0.478695,3.96839
0.0234605,0.062662,0.00429666,-0.596051,0.45961,3.96662
0.0234006,0.062707,0.00469323,-0.601288,0.440554,3.96472
0.0233402,0.0627501,0.0050896,-0.606493,0.42153,3.96269
0.0232793,0.0627913,0.00548576,-0.611666,0.402537,3.96053
0.0232179,0.0628306,0.0058817,-0.616805,0.383577,3.95825
0.0231559,0.0628681,0.00627741,-0.62191,0.364651,3.95584
0.0230935,0.0629036,0.00667287,-0.626983,0.345759,3.9533
0.0230305,0.0629372,0.00706807,-0.632022,0.326903,3.95065
0.0229671,0.062969,0.00746299,-0.637027,0.308084,3.94786
0.0229031,0.0629988,0.00785764,-0.641998,0.289302,3.94496
0.0228387,0.0630268,0.00825198,-0.646935,0.270558,3.94193
0.0227737,0.0630529,0.00864602,-0.651838,0.251853,3.93878
0.0227083,0.0630772,0.00903973,-0.656707,0.233187,3.93551
0.0226424,0.0630996,0.00943311,-0.661541,0.214563,3.93211
0.022576,0.0631201,0.00982615,-0.66634,0.19598,3.9286
0.0225091,0.0631388,0.0102188,-0.671105,0.177439,3.92497
0.0224418,0.0631556,0.0106111,-0.675835,0.158942,3.92122
0.022374,0.0631706,0.0110031,-0.68053,0.140488,3.91736
0.0223057,0.0631837,0.0113946,-0.68519,0.122079,3.91337
0.0222369,0.063195,0.0117857,-0.689815,0.103716,3.90927
0.0221677,0.0632044,0.0121765,-0.694404,0.0853982,3.90506
0.0220981,0.0632121,0.0125668,-0.698958,0.0671277,3.90073
0.0220279,0.0632179,0.0129566,-0.703476,0.0489048,3.89629
0.0219574,0.0632218,0.013346,-0.707959,0.0307303,3.89173
0.0218863,0.063224,0.0137349,-0.712406,0.0126048,3.88707
0.0218149,0.0632244,0.0141234,-0.716818,-0.00547097,3.88229
0.021743,0.0632229,0.0145114,-0.721193,-0.0234963,3.8774
0.0216706,0.0632197,0.0148989,-0.725533,-0.0414705,3.8724
0.0215979,0.0632146,0.0152859,-0.729837,-0.059393,3.86729
0.0215247,0.0632078,0.0156723,-0.734104,-0.0772631,3.86208
0.0214511,0.0631992,0.0160583,-0.738336,-0.0950802,3.85675
0.021377,0.0631888,0.0164437,-0.742531,-0.112844,3.85132
0.0213025,0.0631766,0.0168285,-0.74669,-0.130553,3.84579
0.0212277,0.0631627,0.0172128,-0.750813,-0.148207,3.84015
0.0211524,0.063147,0.0175966,-0.754899,-0.165806,3.8344
0.0210767,0.0631295,0.0179797,-0.758949,-0.183349,3.82855
0.0210006,0.0631103,0.0183623,-0.762963,-0.200835,3.8226
0.0209241,0.0630893,0.0187442,-0.766941,-0.218264,3.81655
0.0208472,0.0630666,0.0191256,-0.770881,-0.235636,3.8104
0.0207699,0.0630422,0.0195063,-0.774786,-0.252949,3.80414
0.0206923,0.0630161,0.0198864,-0.778654,-0.270204,3.79779
0.0206142,0.0629882,0.0202659,-0.782485,-0.287399,3.79134
0.0205358,0.0629586,0.0206447,-0.78628,-0.304534,3.78479
0.0204569,0.0629273,0.0210228,-0.790038,-0.32161,3.77814
0.0203778,0.0628943,0.0214003,-0.79376,-0.338624,3.7714
0.0202982,0.0628596,0.0217771,-0.797445,-0.355578,3.76456
0.0202183,0.0628231,0.0221532,-0.801094,-0.37247,3.75763
0.020138,0.0627851,0.0225286,-0.804706,-0.389299,3.7506
0.0200573,0.0627453,0.0229033,-0.808282,-0.406066,3.74348
0.0199763,0.0627038,0.0232773,-0.811821,-0.422771,3.73627
0.019895,0.0626607,0.0236506,-0.815323,-0.439412,3.72897
0.0198133,0.062616,0.0240231,-0.81879,-0.455989,3.72158
0.0197312,0.0625695,0.0243949,-0.822219,-0.472502,3.71409
0.0196488,0.0625215,0.0247659,-0.825612,-0.48895,3.70652
0.0195661,0.0624718,0.0251362,-0.828969,-0.505334,3.69886
0.019483,0.0624204,0.0255057,-0.83229,-0.521652,3.69112
0.0193996,0.0623674,0.0258744,-0.835574,-0.537905,3.68329
0.0193159,0.0623128,0.0262423,-0.838821,-0.554091,3.67537
0.0192319,0.0622566,0.0266095,-0.842033,-0.570212,3.66736
0.0191475,0.0621988,0.0269758,-0.845208,-0.586266,3.65928
0.0190628,0.0621394,0.0273413,-0.848347,-0.602253,3.65111
0.0189778,0.0620783,0.027706,-0.85145,-0.618172,3.64285
0.0188925,0.0620157,0.0280699,-0.854517,-0.634024,3.63452
0.0188069,0.0619515,0.0284329,-0.857547,-0.649809,3.6261
0.018721,0.0618858,0.0287951,-0.860542,-0.665525,3.61761
0.0186348,0.0618184,0.0291565,-0.863501,-0.681173,3.60903
0.0185483,0.0617495,0.0295169,-0.866424,-0.696752,3.60038
0.0184615,0.0616791,0.0298765,-0.869311,-0.712262,3.59165
0.0183745,0.0616071,0.0302353,-0.872162,-0.727704,3.58284
0.0182871,0.0615335,0.0305931,-0.874978,-0.743075,3.57396
0.0181995,0.0614585,0.03095,-0.877758,-0.758378,3.565
0.0181116,0.0613819,0.0313061,-0.880503,-0.77361,3.55597
0.0180234,0.0613038,0.0316612,-0.883212,-0.788773,3.54686
0.0179349,0.0612241,0.0320155,-0.885886,-0.803865,3.53768
0.0178462,0.061143,0.0323688,-0.888524,-0.818887,3.52842
0.0177572,0.0610603,0.0327211,-0.891127,-0.833839,3.5191
0.017668,0.0609762,0.0330726,-0.893695,-0.84872,3.5097
0.0175785,0.0608906,0.0334231,-0.896228,-0.86353,3.50024
0.0174887,0.0608035,0.0337726,-0.898726,-0.878269,3.4907
0.0173987,0.060715,0.0341212,-0.90119,-0.892936,3.4811
0.0173085,0.0606249,0.0344688,-0.903618,-0.907533,3.47143
0.017218,0.0605335,0.0348155,-0.906012,-0.922057,3.46169
0.0171273,0.0604405,0.0351612,-0.908371,-0.936511,3.45188
0.0170363,0.0603462,0.0355059,-0.910695,-0.950892,3.44201
0.0169452,0.0602503,0.0358496,-0.912985,-0.965202,3.43208
0.0168537,0.0601531,0.0361923,-0.915241,-0.97944,3.42208
0.0167621,0.0600545,0.036534,-0.917463,-0.993605,3.41201
0.0166703,0.0599544,0.0368747,-0.91965,-1.0077,3.40189
0.0165782,0.0598529,0.0372144,-0.921804,-1.02172,3.3917
0.0164859,0.0597501,0.037553,-0.923923,-1.03567,3.38145
0.0163934,0.0596458,0.0378907,-0.926009,-1.04955,3.37114
0.0163007,0.0595401,0.0382273,-0.928061,-1.06335,3.36076
0.0162078,0.0594331,0.0385628,-0.93008,-1.07708,3.35033
0.0161147,0.0593247,0.0388973,-0.932065,-1.09074,3.33984
0.0160214,0.059215,0.0392308,-0.934016,-1.10433,3.3293
0.0159279,0.0591039,0.0395632,-0.935935,-1.11784,3.31869
0.0158342,0.0589914,0.0398945,-0.93782,-1.13129,3.30803
0.0157403,0.0588776,0.0402248,-0.939672,-1.14465,3.29731
0.0156463,0.0587625,0.040554,-0.941491,-1.15795,3.28654
0.015552,0.058646,0.0408821,-0.943278,-1.17117,3.27571
0.0154576,0.0585282,0.0412091,-0.945032,-1.18433,3.26483
0.015363,0.0584092,0.0415351,-0.946753,-1.1974,3.2539
0.0152682,0.0582888,0.0418599,-0.948442,-1.21041,3.24291
0.0151733,0.0581671,0.0421836,-0.950099,-1.22334,3.23187
0.0150782,0.0580441,0.0425063,-0.951723,-1.2362,3.22078
0.014983,0.0579198,0.0428278,-0.953315,-1.24899,3.20963
0.0148876,0.0577943,0.0431482,-0.954875,-1.2617,3.19844
0.014792,0.0576675,0.0434675,-0.956404,-1.27435,3.1872
0.0146963,0.0575394,0.0437856,-0.957901,-1.28692,3.17591
0.0146004,0.0574101,0.0441027,-0.959366,-1.29941,3.16457
0.0145044,0.0572796,0.0444185,-0.9608,-1.31184,3.15318
0.0144083,0.0571478,0.0447333,-0.962202,-1.32419,3.14174
0.014312,0.0570147,0.0450469,-0.963573,-1.33647,3.13026
0.0142156,0.0568805,0.0453593,-0.964913,-1.34868,3.11873
0.014119,0.056745,0.0456706,-0.966222,-1.36081,3.10716
0.0140223,0.0566083,0.0459808,-0.967501,-1.37287,3.09554
0.0139255,0.0564704,0.0462897,-0.968748,-1.38487,3.08388
0.0138286,0.0563313,0.0465975,-0.969966,-1.39678,3.07217
0.0137315,0.0561911,0.0469042,-0.971152,-1.40863,3.06042
0.0136343,0.0560496,0.0472096,-0.972309,-1.42041,3.04863
0.013537,0.055907,0.0475139,-0.973435,-1.43211,3.03679
0.0134396,0.0557632,0.047817,-0.974531,-1.44374,3.02491
0.0133421,0.0556182,0.0481189,-0.975597,-1.4553,3.013
0.0132445,0.0554721,0.0484196,-0.976633,-1.46679,3.00104
0.0131468,0.0553249,0.0487191,-0.97764,-1.4782,2.98904
0.013049,0.0551765,0.0490174,-0.978618,-1.48955,2.977
0.0129511,0.055027,0.0493145,-0.979565,-1.50082,2.96492
0.0128531,0.0548763,0.0496104,-0.980484,-1.51203,2.95281
0.012755,0.0547246,0.049905,-0.981374,-1.52316,2.94065
0.0126568,0.0545717,0.0501985,-0.982234,-1.53422,2.92846
0.0125585,0.0544177,0.0504907,-0.983066,-1.54521,2.91623
0.0124602,0.0542627,0.0507817,-0.983869,-1.55613,2.90397
0.0123618,0.0541065,0.0510715,-0.984643,-1.56698,2.89166
0.0122633,0.0539493,0.0513601,-0.985389,-1.57776,2.87933
0.0121647,0.053791,0.0516474,-0.986106,-1.58846,2.86696
0.0120661,0.0536316,0.0519335,-0.986796,-1.5991,2.85455
0.0119673,0.0534711,0.0522183,-0.987457,-1.60967,2.84211
0.0118686,0.0533097,0.0525019,-0.98809,-1.62017,2.82963
0.0117697,0.0531471,0.0527842,-0.988696,-1.6306,2.81713
0.0116708,0.0529835,0.0530653,-0.989273,-1.64095,2.80458
0.0115719,0.0528189,0.0533451,-0.989824,-1.65124,2.79201
0.0114729,0.0526533,0.0536237,-0.990347,-1.66146,2.77941
0.0113738,0.0524866,0.053901,-0.990842,-1.67162,2.76677
0.0112747,0.052319,0.0541771,-0.991311,-1.6817,2.7541
0.0111755,0.0521503,0.0544518,-0.991752,-1.69171,2.7414
0.0110763,0.0519806,0.0547253,-0.992167,-1.70166,2.72868
0.0110763,0.0519806,0.0547253,-0.992167,-1.70166,2.72868
0.010977,0.0518099,0.0549976,-0.994419,-1.71217,2.71633
0.0108775,0.0516382,0.0552686,-0.996644,-1.72262,2.70395
0.0107777,0.0514654,0.0555384,-0.998843,-1.733,2.69155
0.0106777,0.0512916,0.0558069,-1.00102,-1.74331,2.67911
0.0105775,0.0511168,0.0560742,-1.00316,-1.75356,2.66665
0.0104771,0.0509409,0.0563402,-1.00528,-1.76373,2.65416
0.0103764,0.050764,0.056605,-1.00738,-1.77384,2.64164
0.0102756,0.0505861,0.0568686,-1.00944,-1.78388,2.6291
0.0101745,0.0504072,0.0571309,-1.01149,-1.79385,2.61652
0.0100733,0.0502274,0.0573919,-1.0135,-1.80376,2.60392
0.00997184,0.0500465,0.0576516,-1.01549,-1.8136,2.5913
0.00987019,0.0498646,0.0579101,-1.01746,-1.82337,2.57865
0.00976835,0.0496818,0.0581674,-1.0194,-1.83307,2.56597
0.00966631,0.049498,0.0584233,-1.02131,-1.84271,2.55327
0.00956409,0.0493133,0.058678,-1.0232,-1.85228,2.54055
0.00946167,0.0491276,0.0589314,-1.02507,-1.86178,2.5278
0.00935908,0.0489409,0.0591836,-1.0269,-1.87122,2.51502
0.00925629,0.0487533,0.0594344,-1.02872,-1.88059,2.50222
0.00915333,0.0485648,0.059684,-1.03051,-1.8899,2.4894
0.00905019,0.0483754,0.0599323,-1.03227,-1.89914,2.47656
0.00894688,0.048185,0.0601793,-1.03401,-1.90831,2.46369
0.00884339,0.0479937,0.0604251,-1.03572,-1.91742,2.4508
0.00873974,0.0478015,0.0606695,-1.03741,-1.92647,2.43789
0.00863591,0.0476084,0.0609126,-1.03907,-1.93545,2.42495
0.00853192,0.0474144,0.0611545,-1.04071,-1.94436,2.41199
0.00842777,0.0472195,0.061395,-1.04233,-1.95321,2.39902
0.00832346,0.0470238,0.0616343,-1.04392,-1.962,2.38602
0.00821899,0.0468271,0.0618722,-1.04549,-1.97072,2.373
0.00811436,0.0466296,0.0621089,-1.04703,-1.97938,2.35996
0.00800958,0.0464313,0.0623442,-1.04855,-1.98797,2.3469
0.00790465,0.046232,0.0625783,-1.05005,-1.9965,2.33382
0.00779957,0.046032,0.062811,-1.05152,-2.00497,2.32072
0.00769435,0.045831,0.0630424,-1.05296,-2.01337,2.3076
0.00758898,0.0456293,0.0632725,-1.05439,-2.02171,2.29446
0.00748347,0.0454267,0.0635013,-1.05579,-2.02999,2.2813
0.00737782,0.0452233,0.0637288,-1.05716,-2.0382,2.26813
0.00727204,0.0450191,0.0639549,-1.05852,-2.04635,2.25493
0.00716612,0.044814,0.0641798,-1.05984,-2.05444,2.24172
0.00706007,0.0446082,0.0644033,-1.06115,-2.06246,2.22849
0.00695389,0.0444015,0.0646255,-1.06243,-2.07043,2.21525
0.00684759,0.0441941,0.0648463,-1.06369,-2.07833,2.20198
0.00674116,0.0439859,0.0650658,-1.06493,-2.08617,2.1887
0.0066346,0.0437769,0.0652841,-1.06614,-2.09395,2.1754
0.00652793,0.0435671,0.0655009,-1.06733,-2.10166,2.16208
0.00642114,0.0433565,0.0657165,-1.0685,-2.10932,2.14875
0.00631423,0.0431452,0.0659307,-1.06964,-2.11691,2.13541
0.00620721,0.0429332,0.0661436,-1.07077,-2.12445,2.12204
0.00610008,0.0427203,0.0663551,-1.07187,-2.13192,2.10866
0.00599284,0.0425068,0.0665653,-1.07294,-2.13933,2.09527
0.00588549,0.0422925,0.0667741,-1.074,-2.14668,2.08186
0.00577804,0.0420774,0.0669817,-1.07503,-2.15397,2.06843
0.00567048,0.0418617,0.0671878,-1.07604,-2.1612,2.05499
0.00556283,0.0416452,0.0673927,-1.07702,-2.16837,2.04154
0.00545508,0.041428,0.0675961,-1.07799,-2.17548,2.02807
0.00534723,0.0412101,0.0677983,-1.07893,-2.18253,2.01459
0.00523929,0.0409915,0.0679991,-1.07985,-2.18953,2.00109
0.00513126,0.0407722,0.0681985,-1.08075,-2.19646,1.98758
0.00502315,0.0405522,0.0683966,-1.08163,-2.20333,1.97406
0.00491494,0.0403315,0.0685933,-1.08248,-2.21015,1.96052
0.00480665,0.0401102,0.0687887,-1.08331,-2.2169,1.94697
0.00469828,0.0398882,0.0689827,-1.08413,-2.2236,1.93341
0.00458983,0.0396655,0.0691754,-1.08492,-2.23024,1.91983
0.00448129,0.0394421,0.0693667,-1.08568,-2.23682,1.90624
0.00437269,0.0392181,0.0695566,-1.08643,-2.24334,1.89264
0.00426401,0.0389935,0.0697452,-1.08715,-2.2498,1.87903
0.00415526,0.0387682,0.0699324,-1.08786,-2.25621,1.8654
0.00404644,0.0385422,0.0701183,-1.08854,-2.26255,1.85176
0.00393755,0.0383156,0.0703028,-1.0892,-2.26885,1.83812
0.0038286,0.0380884,0.0704859,-1.08984,-2.27508,1.82446
0.00371958,0.0378606,0.0706676,-1.09046,-2.28125,1.81078
0.00361051,0.0376322,0.070848,-1.09106,-2.28737,1.7971
0.00350137,0.0374032,0.0710271,-1.09163,-2.29344,1.78341
0.00339218,0.0371735,0.0712047,-1.09219,-2.29944,1.7697
0.00328294,0.0369433,0.071381,-1.09272,-2.30539,1.75599
0.00317364,0.0367124,0.0715559,-1.09324,-2.31128,1.74226
0.00306429,0.036481,0.0717295,-1.09373,-2.31712,1.72853
0.00295489,0.036249,0.0719016,-1.0942,-2.3229,1.71478
0.00284545,0.0360164,0.0720724,-1.09465,-2.32862,1.70102
0.00273596,0.0357833,0.0722418,-1.09508,-2.33429,1.68726
0.00262643,0.0355496,0.0724099,-1.09549,-2.3399,1.67348
0.00251687,0.0353153,0.0725765,-1.09588,-2.34546,1.6597
0.00240726,0.0350805,0.0727418,-1.09625,-2.35096,1.6459
0.00229762,0.0348451,0.0729057,-1.0966,-2.35641,1.6321
0.00218794,0.0346092,0.0730682,-1.09693,-2.3618,1.61828
0.00207823,0.0343728,0.0732294,-1.09724,-2.36713,1.60446
0.00196849,0.0341358,0.0733891,-1.09753,-2.37242,1.59063
0.00185872,0.0338983,0.0735475,-1.0978,-2.37764,1.57679
0.00174893,0.0336603,0.0737045,-1.09804,-2.38282,1.56294
0.00163912,0.0334217,0.0738601,-1.09827,-2.38793,1.54909
0.00152928,0.0331827,0.0740143,-1.09848,-2.393,1.53522
0.00141942,0.0329431,0.0741671,-1.09867,-2.39801,1.52135
0.00130955,0.0327031,0.0743186,-1.09884,-2.40296,1.50747
0.00119966,0.0324625,0.0744686,-1.09898,-2.40787,1.49358
0.00108975,0.0322215,0.0746173,-1.09911,-2.41271,1.47968
0.000979833,0.03198,0.0747645,-1.09922,-2.41751,1.46577
0.000869907,0.031738,0.0749104,-1.09931,-2.42225,1.45186
0.000759972,0.0314955,0.0750549,-1.09938,-2.42694,1.43794
0.000650032,0.0312526,0.075198,-1.09943,-2.43157,1.42401
0.000540088,0.0310092,0.0753397,-1.09946,-2.43615,1.41008
0.000430141,0.0307654,0.07548,-1.09947,-2.44068,1.39614
0.000320195,0.0305211,0.0756189,-1.09946,-2.44516,1.38219
0.00021025,0.0302764,0.0757565,-1.09943,-2.44958,1.36823
0.000100309,0.0300312,0.0758926,-1.09938,-2.45396,1.35427
-9.62601e-06,0.0297856,0.0760273,-1.09932,-2.45828,1.3403
-0.000119553,0.0295395,0.0761607,-1.09923,-2.46254,1.32632
-0.000229471,0.0292931,0.0762926,-1.09912,-2.46676,1.31234
-0.000339377,0.0290462,0.0764231,-1.099,-2.47092,1.29835
-0.00044927,0.0287989,0.0765523,-1.09885,-2.47503,1.28436
-0.000559148,0.0285512,0.07668,-1.09869,-2.47909,1.27036
-0.000669008,0.0283031,0.0768063,-1.09851,-2.4831,1.25635
-0.000778849,0.0280546,0.0769313,-1.09831,-2.48705,1.24234
-0.000888669,0.0278057,0.0770548,-1.09809,-2.49096,1.22832
-0.000998466,0.0275564,0.0771769,-1.09785,-2.49481,1.21429
-0.00110824,0.0273067,0.0772977,-1.09759,-2.49862,1.20026
-0.00121798,0.0270566,0.077417,-1.09731,-2.50237,1.18622
-0.0013277,0.0268062,0.0775349,-1.09702,-2.50607,1.17218
-0.00143739,0.0265554,0.0776514,-1.0967,-2.50972,1.15813
-0.00154704,0.0263043,0.0777665,-1.09637,-2.51332,1.14408
-0.00165666,0.0260528,0.0778802,-1.09602,-2.51687,1.13002
-0.00176624,0.0258009,0.0779925,-1.09564,-2.52037,1.11596
-0.00187579,0.0255487,0.0781034,-1.09525,-2.52381,1.10189
-0.00198529,0.0252961,0.0782129,-1.09485,-2.52721,1.08782
-0.00209475,0.0250433,0.078321,-1.09442,-2.53056,1.07374
-0.00220417,0.02479,0.0784277,-1.09397,-2.53386,1.05965
-0.00231355,0.0245365,0.0785329,-1.09351,-2.53711,1.04556
-0.00242288,0.0242826,0.0786368,-1.09303,-2.5403,1.03147
-0.00253215,0.0240284,0.0787392,-1.09252,-2.54345,1.01737
-0.00264138,0.0237739,0.0788402,-1.09201,-2.54655,1.00327
-0.00275055,0.0235191,0.0789399,-1.09147,-2.5496,0.989162
-0.00285967,0.023264,0.0790381,-1.09091,-2.5526,0.97505
-0.00296874,0.0230086,0.0791349,-1.09034,-2.55555,0.960933
-0.00307774,0.0227529,0.0792303,-1.08974,-2.55845,0.946812
-0.00318668,0.0224969,0.0793242,-1.08913,-2.56131,0.932687
-0.00329556,0.0222406,0.0794168,-1.0885,-2.56411,0.918557
-0.00340438,0.0219841,0.0795079,-1.08785,-2.56687,0.904423
-0.00351313,0.0217273,0.0795977,-1.08719,-2.56957,0.890286
-0.00362182,0.0214702,0.079686,-1.0865,-2.57223,0.876144
-0.00373043,0.0212128,0.0797729,-1.0858,-2.57484,0.861997
-0.00383898,0.0209552,0.0798584,-1.08508,-2.5774,0.847847
-0.00394745,0.0206973,0.0799425,-1.08434,-2.57991,0.833693
-0.00405585,0.0204392,0.0800251,-1.08358,-2.58237,0.819536
-0.00416417,0.0201809,0.0801064,-1.08281,-2.58479,0.805374
-0.00427241,0.0199223,0.0801862,-1.08201,-2.58716,0.791209
-0.00438057,0.0196634,0.0802646,-1.0812,-2.58948,0.777039
-0.00448865,0.0194044,0.0803416,-1.08037,-2.59175,0.762867
-0.00459664,0.0191451,0.0804172,-1.07952,-2.59397,0.74869
-0.00470455,0.0188856,0.0804914,-1.07866,-2.59615,0.73451
-0.00481237,0.0186259,0.0805641,-1.07778,-2.59827,0.720326
-0.0049201,0.0183659,0.0806354,-1.07687,-2.60035,0.706139
-0.00502775,0.0181058,0.0807053,-1.07595,-2.60239,0.691949
-0.0051353,0.0178455,0.0807738,-1.07502,-2.60437,0.677755
-0.00524275,0.0175849,0.0808409,-1.07406,-2.60631,0.663558
-0.00535011,0.0173242,0.0809065,-1.07309,-2.6082,0.649357
-0.00545737,0.0170633,0.0809708,-1.0721,-2.61004,0.635153
-0.00556453,0.0168022,0.0810336,-1.07109,-2.61184,0.620946
-0.00567158,0.0165409,0.0810949,-1.07006,-2.61359,0.606735
-0.00577854,0.0162795,0.0811549,-1.06902,-2.61529,0.592522
-0.00588539,0.0160179,0.0812134,-1.06796,-2.61694,0.578305
-0.00599213,0.0157561,0.0812706,-1.06687,-2.61855,0.564085
-0.00609876,0.0154942,0.0813263,-1.06578,-2.62011,0.549862
-0.00620528,0.0152321,0.0813805,-1.06466,-2.62162,0.535637
-0.00631169,0.0149698,0.0814334,-1.06353,-2.62309,0.521408
-0.00641799,0.0147075,0.0814848,-1.06238,-2.62451,0.507176
-0.00652417,0.0144449,0.0815348,-1.06121,-2.62588,0.492941
-0.00663023,0.0141823,0.0815834,-1.06002,-2.62721,0.478703
-0.00673617,0.0139195,0.0816306,-1.05882,-2.62849,0.464462
-0.00684199,0.0136566,0.0816763,-1.05759,-2.62972,0.450219
-0.00694769,0.0133936,0.0817206,-1.05635,-2.63091,0.435972
-0.00705326,0.0131304,0.0817635,-1.05509,-2.63205,0.421723
-0.00715871,0.0128671,0.081805,-1.05382,-2.63315,0.407471
-0.00726402,0.0126038,0.081845,-1.05253,-2.6342,0.393216
-0.00736921,0.0123403,0.0818836,-1.05121,-2.6352,0.378959
-0.00747427,0.0120767,0.0819208,-1.04989,-2.63616,0.364698
-0.00757919,0.0118131,0.0819565,-1.04854,-2.63706,0.350435
-0.00768397,0.0115493,0.0819909,-1.04717,-2.63793,0.33617
-0.00778862,0.0112855,0.0820238,-1.04579,-2.63875,0.321901
-0.00789313,0.0110216,0.0820552,-1.04439,-2.63952,0.30763
-0.0079975,0.0107576,0.0820853,-1.04298,-2.64024,0.293357
-0.00810173,0.0104935,0.0821139,-1.04154,-2.64092,0.27908
-0.00820581,0.0102294,0.0821411,-1.04009,-2.64156,0.264802
-0.00830974,0.00996522,0.0821669,-1.03862,-2.64215,0.25052
-0.00841353,0.00970098,0.0821912,-1.03713,-2.64269,0.236236
-0.00851717,0.00943668,0.0822141,-1.03562,-2.64319,0.22195
-0.00862065,0.00917234,0.0822356,-1.0341,-2.64364,0.207661
-0.00872399,0.00890796,0.0822557,-1.03256,-2.64404,0.193369
-0.00882717,0.00864353,0.0822743,-1.031,-2.6444,0.179075
-0.00893019,0.00837908,0.0822915,-1.02942,-2.64471,0.164778
-0.00903305,0.00811459,0.0823072,-1.02783,-2.64498,0.150479
-0.00913575,0.00785008,0.0823216,-1.02621,-2.6452,0.136177
-0.00923829,0.00758555,0.0823345,-1.02458,-2.64538,0.121873
-0.00934067,0.00732101,0.0823459,-1.02294,-2.64551,0.107567
-0.00944288,0.00705645,0.082356,-1.02127,-2.6456,0.0932576
-0.00954492,0.00679189,0.0823646,-1.01959,-2.64564,0.0789461
-0.00964679,0.00652733,0.0823718,-1.01789,-2.64563,0.0646322
-0.0097485,0.00626277,0.0823775,-1.01617,-2.64558,0.0503158
-0.00985003,0.00599821,0.0823818,-1.01443,-2.64549,0.035997
-0.00995138,0.00573367,0.0823847,-1.01267,-2.64534,0.0216757
-0.0100526,0.00546914,0.0823862,-1.0109,-2.64516,0.00735207
-0.0101536,0.00520464,0.0823862,-1.00911,-2.64492,-0.00697403
-0.0102544,0.00494016,0.0823848,-1.0073,-2.64465,-0.0213026
-0.010355,0.00467571,0.0823819,-1.00548,-2.64432,-0.0356335
-0.0104555,0.0044113,0.0823777,-1.00363,-2.64395,-0.0499669
-0.0105557,0.00414692,0.0823719,-1.00177,-2.64354,-0.0643026
-0.0106558,0.00388259,0.0823648,-0.999891,-2.64308,-0.0786408
-0.0107557,0.00361831,0.0823562,-0.997993,-2.64257,-0.0929814
-0.0108554,0.00335408,0.0823462,-0.996077,-2.64202,-0.107324
-0.0109549,0.00308991,0.0823347,-0.994143,-2.64143,-0.12167
-0.0110543,0.0028258,0.0823219,-0.992191,-2.64078,-0.136018
-0.0111534,0.00256175,0.0823075,-0.990221,-2.6401,-0.150368
-0.0112523,0.00229778,0.0822918,-0.988233,-2.63936,-0.164721
-0.011351,0.00203388,0.0822746,-0.986227,-2.63859,-0.179076
-0.0114495,0.00177006,0.082256,-0.984203,-2.63776,-0.193433
-0.0115479,0.00150633,0.0822359,-0.982161,-2.63689,-0.207793
-0.011646,0.00124269,0.0822144,-0.9801,-2.63598,-0.222156
-0.0117439,0.000979135,0.0821915,-0.978022,-2.63502,-0.236521
-0.0118416,0.000715683,0.0821671,-0.975925,-2.63401,-0.250888
-0.0119391,0.000452334,0.0821413,-0.97381,-2.63296,-0.265258
-0.0120363,0.000189092,0.0821141,-0.971676,-2.63187,-0.27963
-0.0121334,-7.40377e-05,0.0820854,-0.969525,-2.63072,-0.294005
-0.0122302,-0.000337051,0.0820553,-0.967355,-2.62954,-0.308382
-0.0123269,-0.000599943,0.0820237,-0.965167,-2.6283,-0.322761
-0.0124233,-0.00086271,0.0819907,-0.96296,-2.62702,-0.337144
-0.0125195,-0.00112535,0.0819563,-0.960735,-2.6257,-0.351528
-0.0126154,-0.00138785,0.0819204,-0.958492,-2.62433,-0.365915
-0.0127112,-0.00165021,0.0818831,-0.95623,-2.62291,-0.380305
-0.0128067,-0.00191243,0.0818443,-0.95395,-2.62145,-0.394697
-0.012902,-0.0021745,0.0818041,-0.951651,-2.61994,-0.409092
-0.012997,-0.00243641,0.0817625,-0.949334,-2.61839,-0.423489
-0.0130918,-0.00269817,0.0817194,-0.946998,-2.61679,-0.437889
-0.0131864,-0.00295977,0.0816749,-0.944643,-2.61514,-0.452291
-0.0132807,-0.0032212,0.081629,-0.94227,-2.61345,-0.466696
-0.0133749,-0.00348246,0.0815816,-0.939878,-2.61171,-0.481104
-0.0134687,-0.00374354,0.0815328,-0.937468,-2.60993,-0.495514
-0.0135623,-0.00400444,0.0814825,-0.935038,-2.6081,-0.509927
-0.0136557,-0.00426516,0.0814308,-0.93259,-2.60622,-0.524342
-0.0137489,-0.00452568,0.0813776,-0.930123,-2.6043,-0.53876
-0.0138418,-0.00478602,0.081323,-0.927637,-2.60233,-0.553181
-0.0139344,-0.00504615,0.081267,-0.925132,-2.60031,-0.567604
-0.0140268,-0.00530608,0.0812095,-0.922608,-2.59825,-0.58203
-0.0141189,-0.0055658,0.0811506,-0.920065,-2.59614,-0.596458
-0.0142108,-0.0058253,0.0810902,-0.917503,-2.59399,-0.61089
-0.0143024,-0.00608459,0.0810284,-0.914922,-2.59179,-0.625324
-0.0143938,-0.00634366,0.0809652,-0.912322,-2.58954,-0.639761
-0.0144849,-0.0066025,0.0809005,-0.909703,-2.58724,-0.6542
-0.0145757,-0.00686111,0.0808343,-0.907064,-2.5849,-0.668643
-0.0146663,-0.00711948,0.0807667,-0.904406,-2.58251,-0.683088
-0.0147566,-0.00737761,0.0806977,-0.901729,-2.58008,-0.697536
-0.0148466,-0.00763549,0.0806272,-0.899032,-2.5776,-0.711986
-0.0149364,-0.00789313,0.0805553,-0.896316,-2.57507,-0.72644
-0.0150259,-0.0081505,0.0804819,-0.89358,-2.57249,-0.740896
-0.0151151,-0.00840762,0.0804071,-0.890825,-2.56987,-0.755355
-0.0152041,-0.00866448,0.0803309,-0.88805,-2.5672,-0.769817
-0.0152927,-0.00892106,0.0802532,-0.885255,-2.56448,-0.784282
-0.0153811,-0.00917737,0.080174,-0.882441,-2.56171,-0.79875
-0.0154692,-0.0094334,0.0800934,-0.879607,-2.5589,-0.813221
-0.015557,-0.00968915,0.0800114,-0.876753,-2.55603,-0.827694
-0.0156446,-0.00994461,0.0799279,-0.87388,-2.55313,-0.842171
-0.0157318,-0.0101998,0.0798429,-0.870986,-2.55017,-0.85665
-0.0158188,-0.0104546,0.0797565,-0.868072,-2.54716,-0.871133
-0.0159054,-0.0107092,0.0796687,-0.865138,-2.54411,-0.885619
-0.0159918,-0.0109635,0.0795794,-0.862185,-2.54101,-0.900107
-0.0160779,-0.0112174,0.0794887,-0.859211,-2.53786,-0.914599
-0.0161636,-0.011471,0.0793965,-0.856216,-2.53466,-0.929093
-0.0162491,-0.0117243,0.0793029,-0.853202,-2.53141,-0.943591
-0.0163343,-0.0119773,0.0792078,-0.850167,-2.52812,-0.958092
-0.0164191,-0.01223,0.0791112,-0.847111,-2.52477,-0.972596
-0.0165037,-0.0124823,0.0790133,-0.844035,-2.52138,-0.987103
-0.0165879,-0.0127342,0.0789138,-0.840939,-2.51794,-1.00161
-0.0166719,-0.0129858,0.0788129,-0.837821,-2.51444,-1.01613
-0.0167555,-0.0132371,0.0787106,-0.834683,-2.5109,-1.03064
-0.0168388,-0.013488,0.0786068,-0.831525,-2.50731,-1.04516
-0.0169218,-0.0137386,0.0785016,-0.828345,-2.50367,-1.05968
-0.0170045,-0.0139888,0.0783949,-0.825144,-2.49998,-1.07421
-0.0170868,-0.0142386,0.0782867,-0.821923,-2.49625,-1.08874
-0.0171689,-0.014488,0.0781771,-0.81868,-2.49246,-1.10327
-0.0172506,-0.0147371,0.0780661,-0.815416,-2.48862,-1.11781
-0.0173319,-0.0149857,0.0779536,-0.812131,-2.48473,-1.13235
-0.017413,-0.015234,0.0778396,-0.808825,-2.48079,-1.14689
-0.0174937,-0.0154819,0.0777242,-0.805497,-2.4768,-1.16143
-0.0175741,-0.0157294,0.0776073,-0.802148,-2.47276,-1.17598
-0.0176541,-0.0159764,0.077489,-0.798777,-2.46867,-1.19054
-0.0177338,-0.0162231,0.0773692,-0.795384,-2.46452,-1.20509
-0.0178132,-0.0164693,0.077248,-0.79197,-2.46033,-1.21965
-0.0178922,-0.0167152,0.0771253,-0.788534,-2.45608,-1.23421
-0.0179709,-0.0169606,0.0770011,-0.785076,-2.45179,-1.24878
-0.0180493,-0.0172055,0.0768755,-0.781596,-2.44744,-1.26335
-0.0181272,-0.01745,0.0767485,-0.778094,-2.44304,-1.27792
-0.0182049,-0.0176941,0.0766199,-0.77457,-2.43859,-1.2925
-0.0182822,-0.0179378,0.07649,-0.771023,-2.43408,-1.30708
-0.0183591,-0.0181809,0.0763585,-0.767454,-2.42953,-1.32166
-0.0184356,-0.0184237,0.0762256,-0.763863,-2.42492,-1.33624
-0.0185118,-0.0186659,0.0760913,-0.760249,-2.42026,-1.35083
-0.0185877,-0.0189077,0.0759555,-0.756613,-2.41554,-1.36543
-0.0186632,-0.019149,0.0758182,-0.752953,-2.41078,-1.38002
-0.0187383,-0.0193899,0.0756794,-0.749271,-2.40595,-1.39462
-0.018813,-0.0196302,0.0755393,-0.745566,-2.40108,-1.40923
-0.0188874,-0.0198701,0.0753976,-0.741838,-2.39615,-1.42384
-0.0189614,-0.0201094,0.0752545,-0.738087,-2.39117,-1.43845
-0.019035,-0.0203483,0.0751099,-0.734313,-2.38614,-1.45306
-0.0191083,-0.0205867,0.0749639,-0.730515,-2.38105,-1.46768
-0.0191811,-0.0208245,0.0748164,-0.726694,-2.3759,-1.4823
-0.0192536,-0.0210618,0.0746674,-0.722849,-2.3707,-1.49692
-0.0193257,-0.0212987,0.074517,-0.718981,-2.36545,-1.51155
-0.0193974,-0.0215349,0.0743651,-0.715089,-2.36014,-1.52619
-0.0194687,-0.0217707,0.0742118,-0.711173,-2.35477,-1.54082
-0.0195396,-0.0220059,0.0740569,-0.707233,-2.34935,-1.55546
-0.0196101,-0.0222405,0.0739007,-0.703269,-2.34388,-1.5701
-0.0196803,-0.0224747,0.0737429,-0.69928,-2.33835,-1.58475
-0.01975,-0.0227082,0.0735837,-0.695268,-2.33276,-1.5994
-0.0198193,-0.0229412,0.073423,-0.69123,-2.32711,-1.61405
-0.0198882,-0.0231736,0.0732609,-0.687169,-2.32141,-1.62871
-0.0199568,-0.0234055,0.0730973,-0.683082,-2.31565,-1.64337
-0.0200249,-0.0236368,0.0729322,-0.678971,-2.30984,-1.65804
-0.0200926,-0.0238675,0.0727657,-0.674835,-2.30396,-1.6727
-0.0201598,-0.0240976,0.0725977,-0.670674,-2.29803,-1.68738
-0.0202267,-0.0243271,0.0724282,-0.666488,-2.29204,-1.70205
-0.0202931,-0.024556,0.0722573,-0.662276,-2.28599,-1.71673
-0.0203591,-0.0247843,0.0720849,-0.658039,-2.27989,-1.73141
-0.0204247,-0.0250119,0.071911,-0.653776,-2.27372,-1.7461
-0.0204899,-0.025239,0.0717356,-0.649488,-2.2675,-1.76079
-0.0205546,-0.0254654,0.0715588,-0.645173,-2.26121,-1.77548
-0.0206189,-0.0256912,0.0713806,-0.640833,-2.25487,-1.79018
-0.0206828,-0.0259164,0.0712008,-0.636467,-2.24846,-1.80488
-0.0207462,-0.0261409,0.0710196,-0.632074,-2.242,-1.81958
-0.0208092,-0.0263648,0.0708369,-0.627655,-2.23547,-1.83429
-0.0208718,-0.026588,0.0706527,-0.62321,-2.22889,-1.849
-0.0209338,-0.0268106,0.0704671,-0.618738,-2.22224,-1.86371
-0.0209955,-0.0270325,0.07028,-0.614238,-2.21553,-1.87843
-0.0210567,-0.0272537,0.0700914,-0.609713,-2.20876,-1.89315
-0.0211174,-0.0274742,0.0699013,-0.605159,-2.20193,-1.90788
-0.0211777,-0.0276941,0.0697098,-0.600579,-2.19503,-1.92261
-0.0212376,-0.0279132,0.0695168,-0.595971,-2.18807,-1.93734
-0.0212969,-0.0281317,0.0693224,-0.591336,-2.18105,-1.95207
-0.0213558,-0.0283494,0.0691264,-0.586673,-2.17396,-1.96681
-0.0214143,-0.0285665,0.068929,-0.581982,-2.16681,-1.98155
-0.0214722,-0.0287828,0.0687301,-0.577263,-2.1596,-1.99629
-0.0215297,-0.0289984,0.0685297,-0.572516,-2.15232,-2.01104
-0.0215867,-0.0292132,0.0683279,-0.56774,-2.14498,-2.02579
-0.0216433,-0.0294274,0.0681246,-0.562936,-2.13757,-2.04055
-0.0216993,-0.0296408,0.0679198,-0.558103,-2.13009,-2.0553
-0.0217549,-0.0298534,0.0677135,-0.553241,-2.12255,-2.07006
-0.02181,-0.0300653,0.0675058,-0.548351,-2.11495,-2.08483
-0.0218645,-0.0302764,0.0672965,-0.543431,-2.10727,-2.09959
-0.0219186,-0.0304867,0.0670859,-0.538482,-2.09953,-2.11436
-0.0219722,-0.0306963,0.0668737,-0.533503,-2.09172,-2.12914
-0.0220253,-0.0309051,0.06666,-0.528494,-2.08384,-2.14391
-0.0220779,-0.0311131,0.0664449,-0.523456,-2.0759,-2.15869
-0.02213,-0.0313202,0.0662283,-0.518387,-2.06788,-2.17347
-0.0221816,-0.0315266,0.0660102,-0.513288,-2.0598,-2.18825
-0.0222327,-0.0317322,0.0657906,-0.508159,-2.05164,-2.20304
-0.0222832,-0.031937,0.0655696,-0.502999,-2.04342,-2.21783
-0.0223333,-0.0321409,0.0653471,-0.497808,-2.03512,-2.23262
-0.0223828,-0.032344,0.0651231,-0.492586,-2.02676,-2.24741
-0.0224318,-0.0325462,0.0648976,-0.487333,-2.01832,-2.26221
-0.0224803,-0.0327476,0.0646706,-0.482048,-2.00981,-2.27701
-0.0225282,-0.0329482,0.0644422,-0.476732,-2.00123,-2.29181
-0.0225756,-0.0331479,0.0642123,-0.471384,-1.99257,-2.30661
-0.0226225,-0.0333467,0.0639809,-0.466004,-1.98385,-2.32142
-0.0226688,-0.0335446,0.063748,-0.460592,-1.97504,-2.33623
-0.0227146,-0.0337417,0.0635136,-0.455147,-1.96617,-2.35103
-0.0227598,-0.0339379,0.0632778,-0.449669,-1.95722,-2.36585
-0.0228045,-0.0341331,0.0630404,-0.444159,-1.94819,-2.38066
-0.0228487,-0.0343275,0.0628016,-0.438616,-1.93909,-2.39547
-0.0228923,-0.034521,0.0625614,-0.433039,-1.92991,-2.41029
-0.0229353,-0.0347135,0.0623196,-0.427429,-1.92065,-2.42511
-0.0229777,-0.0349051,0.0620763,-0.421785,-1.91132,-2.43993
-0.0230196,-0.0350958,0.0618316,-0.416107,-1.90191,-2.45475
-0.023061,-0.0352855,0.0615854,-0.410395,-1.89242,-2.46957
-0.0231017,-0.0354742,0.0613377,-0.404648,-1.88285,-2.48439
-0.0231419,-0.035662,0.0610885,-0.398867,-1.8732,-2.49922
-0.0231815,-0.0358489,0.0608378,-0.393051,-1.86347,-2.51404
-0.0232205,-0.0360347,0.0605857,-0.387199,-1.85366,-2.52887
-0.0232589,-0.0362196,0.0603321,-0.381313,-1.84377,-2.54369
-0.0232968,-0.0364035,0.060077,-0.37539,-1.8338,-2.55852
-0.023334,-0.0365864,0.0598204,-0.369432,-1.82374,-2.57335
-0.0233706,-0.0367682,0.0595623,-0.363438,-1.8136,-2.58817
-0.0234067,-0.0369491,0.0593027,-0.357407,-1.80338,-2.603
-0.0234421,-0.0371289,0.0590417,-0.35134,-1.79307,-2.61783
-0.023477,-0.0373077,0.0587792,-0.345236,-1.78268,-2.63266
-0.0235112,-0.0374854,0.0585152,-0.339095,-1.77221,-2.64748
-0.0235448,-0.0376621,0.0582497,-0.332916,-1.76164,-2.66231
-0.0235778,-0.0378378,0.0579827,-0.326699,-1.75099,-2.67713
-0.0236101,-0.0380123,0.0577142,-0.320445,-1.74025,-2.69196
-0.0236418,-0.0381858,0.0574443,-0.314153,-1.72943,-2.70678
-0.0236729,-0.0383582,0.0571729,-0.307821,-1.71851,-2.7216
-0.0237034,-0.0385295,0.0569,-0.301452,-1.70751,-2.73642
-0.0237332,-0.0386997,0.0566256,-0.295043,-1.69641,-2.75124
-0.0237624,-0.0388688,0.0563497,-0.288595,-1.68523,-2.76606
-0.0237909,-0.0390367,0.0560724,-0.282107,-1.67395,-2.78087
-0.0238188,-0.0392036,0.0557936,-0.275579,-1.66258,-2.79569
-0.0238461,-0.0393693,0.0555132,-0.269011,-1.65112,-2.8105
-0.0238726,-0.0395338,0.0552315,-0.262403,-1.63956,-2.8253
-0.0238985,-0.0396972,0.0549482,-0.255753,-1.62791,-2.84011
-0.0239238,-0.0398594,0.0546634,-0.249063,-1.61616,-2.85491
-0.0239484,-0.0400204,0.0543772,-0.242331,-1.60432,-2.86971
-0.0239722,-0.0401802,0.0540895,-0.235558,-1.59237,-2.8845
-0.0239955,-0.0403389,0.0538003,-0.228742,-1.58034,-2.89929
-0.024018,-0.0404963,0.0535096,-0.221884,-1.5682,-2.91408
-0.0240398,-0.0406525,0.0532175,-0.214984,-1.55596,-2.92886
-0.024061,-0.0408075,0.0529239,-0.20804,-1.54362,-2.94363
-0.0240814,-0.0409612,0.0526288,-0.201054,-1.53119,-2.95841
-0.0241012,-0.0411137,0.0523322,-0.194023,-1.51865,-2.97317
-0.0241202,-0.0412649,0.0520341,-0.186948,-1.506,-2.98793
-0.0241386,-0.0414149,0.0517346,-0.17983,-1.49326,-3.00269
-0.0241562,-0.0415636,0.0514336,-0.172666,-1.4804,-3.01743
-0.0241731,-0.041711,0.0511311,-0.165457,-1.46745,-3.03218
-0.0241893,-0.0418571,0.0508272,-0.158203,-1.45438,-3.04691
-0.0242048,-0.0420019,0.0505217,-0.150904,-1.44121,-3.06164
-0.0242195,-0.0421453,0.0502148,-0.143558,-1.42794,-3.07636
-0.0242335,-0.0422874,0.0499065,-0.136166,-1.41455,-3.09107
-0.0242467,-0.0424282,0.0495966,-0.128727,-1.40105,-3.10577
-0.0242592,-0.0425677,0.0492853,-0.121241,-1.38744,-3.12046
-0.024271,-0.0427057,0.0489725,-0.113707,-1.37372,-3.13515
-0.0242819,-0.0428424,0.0486583,-0.106125,-1.35988,-3.14982
-0.0242922,-0.0429777,0.0483426,-0.0984952,-1.34593,-3.16449
-0.0243016,-0.0431116,0.0480254,-0.0908165,-1.33187,-3.17914
-0.0243103,-0.0432441,0.0477067,-0.0830887,-1.31769,-3.19379
-0.0243183,-0.0433751,0.0473866,-0.0753114,-1.30339,-3.20842
-0.0243254,-0.0435047,0.0470651,-0.0674843,-1.28898,-3.22304
-0.0243318,-0.0436329,0.046742,-0.0596068,-1.27444,-3.23765
-0.0243373,-0.0437596,0.0464175,-0.0516787,-1.25978,-3.25224
-0.0243421,-0.0438849,0.0460916,-0.0436995,-1.24501,-3.26682
-0.0243461,-0.0440086,0.0457642,-0.0356687,-1.23011,-3.28139
-0.0243492,-0.0441309,0.0454353,-0.0275861,-1.21508,-3.29594
-0.0243516,-0.0442516,0.045105,-0.019451,-1.19993,-3.31048
-0.0243531,-0.0443709,0.0447732,-0.0112632,-1.18466,-3.325
-0.0243538,-0.0444885,0.04444,-0.00302211,-1.16925,-3.33951
-0.0243537,-0.0446047,0.0441053,0.0052726,-1.15372,-3.35399
-0.0243528,-0.0447193,0.0437692,0.0136214,-1.13806,-3.36846
-0.024351,-0.0448323,0.0434316,0.0220248,-1.12227,-3.38292
-0.0243484,-0.0449437,0.0430926,0.0304832,-1.10634,-3.39735
-0.0243449,-0.0450536,0.0427521,0.038997,-1.09028,-3.41177
-0.0243406,-0.0451618,0.0424102,0.0475667,-1.07409,-3.42616
-0.0243354,-0.0452684,0.0420669,0.0561928,-1.05776,-3.44054
-0.0243293,-0.0453733,0.0417221,0.0648758,-1.04129,-3.45489
-0.0243224,-0.0454766,0.0413759,0.0736161,-1.02468,-3.46922
-0.0243146,-0.0455783,0.0410283,0.0824142,-1.00793,-3.48353
-0.0243059,-0.0456782,0.0406792,0.0912706,-0.991046,-3.49781
-0.0242963,-0.0457765,0.0403287,0.100186,-0.974014,-3.51207
-0.0242859,-0.045873,0.0399768,0.10916,-0.956838,-3.5263
-0.0242745,-0.0459678,0.0396235,0.118194,-0.939515,-3.54051
-0.0242622,-0.0460609,0.0392687,0.127289,-0.922046,-3.55469
-0.024249,-0.0461522,0.0389125,0.136444,-0.904427,-3.56884
-0.0242349,-0.0462418,0.0385549,0.145661,-0.886658,-3.58296
-0.0242199,-0.0463296,0.0381959,0.154939,-0.868737,-3.59705
-0.024204,-0.0464155,0.0378355,0.16428,-0.850663,-3.61111
-0.0241871,-0.0464997,0.0374737,0.173683,-0.832434,-3.62514
-0.0241692,-0.046582,0.0371105,0.18315,-0.814048,-3.63914
-0.0241504,-0.0466625,0.0367459,0.192681,-0.795505,-3.6531
-0.0241307,-0.0467411,0.0363799,0.202276,-0.776801,-3.66703
-0.02411,-0.0468178,0.0360125,0.211937,-0.757936,-3.68092
-0.0240883,-0.0468927,0.0356437,0.221663,-0.738908,-3.69477
-0.0240656,-0.0469656,0.0352735,0.231455,-0.719715,-3.70859
-0.024042,-0.0470366,0.034902,0.241313,-0.700356,-3.72236
-0.0240174,-0.0471057,0.0345291,0.251239,-0.680829,-3.7361
-0.0239917,-0.0471728,0.0341548,0.261233,-0.661131,-3.74979
-0.0239651,-0.0472379,0.0337791,0.271295,-0.641262,-3.76344
-0.0239375,-0.047301,0.0334021,0.281427,-0.62122,-3.77704
-0.0239088,-0.0473622,0.0330237,0.291627,-0.601002,-3.7906
-0.0238792,-0.0474212,0.032644,0.301898,-0.580607,-3.80411
-0.0238484,-0.0474783,0.0322629,0.31224,-0.560033,-3.81757
-0.0238167,-0.0475332,0.0318805,0.322653,-0.539279,-3.83098
-0.0237839,-0.0475861,0.0314967,0.333138,-0.518341,-3.84434
-0.0237501,-0.0476369,0.0311116,0.343695,-0.497218,-3.85765
-0.0237152,-0.0476856,0.0307252,0.354326,-0.475909,-3.8709
-0.0236792,-0.0477321,0.0303374,0.36503,-0.454411,-3.88409
-0.0236422,-0.0477764,0.0299483,0.375809,-0.432723,-3.89723
-0.023604,-0.0478186,0.029558,0.386663,-0.410842,-3.9103
-0.0235648,-0.0478586,0.0291663,0.397592,-0.388765,-3.92331
-0.0235245,-0.0478964,0.0287733,0.408598,-0.366492,-3.93626
-0.0235245,-0.0478964,0.0287733,0.408598,-0.366492,-3.93626
-0.0234829,-0.0479319,0.028379,0.423385,-0.345078,-3.9494
-0.0234398,-0.0479654,0.0279834,0.438249,-0.323463,-3.96246
-0.0233953,-0.0479966,0.0275865,0.453191,-0.301645,-3.97546
-0.0233492,-0.0480257,0.0271883,0.46821,-0.279621,-3.98838
-0.0233016,-0.0480525,0.0267889,0.483309,-0.257391,-4.00123
-0.0232525,-0.0480772,0.0263881,0.498487,-0.23495,-4.01401
-0.0232019,-0.0480995,0.0259861,0.513745,-0.212297,-4.0267
-0.0231498,-0.0481196,0.0255828,0.529083,-0.18943,-4.03932
-0.0230961,-0.0481374,0.0251782,0.544501,-0.166345,-4.05186
-0.0230409,-0.0481529,0.0247724,0.560001,-0.14304,-4.06431
-0.0229841,-0.048166,0.0243653,0.575582,-0.119513,-4.07667
-0.0229258,-0.0481768,0.0239571,0.591246,-0.0957612,-4.08894
-0.0228659,-0.0481851,0.0235476,0.606992,-0.071782,-4.10112
-0.0228044,-0.0481911,0.0231368,0.622822,-0.0475727,-4.11321
-0.0227413,-0.0481947,0.0227249,0.638735,-0.0231306,-4.1252
-0.0226766,-0.0481957,0.0223118,0.654733,0.00154679,-4.13709
-0.0226103,-0.0481943,0.0218975,0.670814,0.0264623,-4.14887
-0.0225424,-0.0481904,0.021482,0.686981,0.0516187,-4.16055
-0.0224729,-0.048184,0.0210654,0.703234,0.0770187,-4.17212
-0.0224018,-0.048175,0.0206476,0.719572,0.102665,-4.18358
-0.022329,-0.0481635,0.0202287,0.735996,0.128561,-4.19492
-0.0222546,-0.0481493,0.0198086,0.752508,0.154709,-4.20615
-0.0221785,-0.0481325,0.0193875,0.769106,0.181112,-4.21725
-0.0221008,-0.0481131,0.0189652,0.785792,0.207772,-4.22823
-0.0220214,-0.0480909,0.0185418,0.802566,0.234694,-4.23908
-0.0219403,-0.0480661,0.0181174,0.819428,0.26188,-4.24979
-0.0218575,-0.0480386,0.0176919,0.836379,0.289332,-4.26037
-0.021773,-0.0480082,0.0172653,0.853419,0.317054,-4.27081
-0.0216868,-0.0479751,0.0168377,0.870549,0.34505,-4.2811
-0.0215989,-0.0479392,0.0164091,0.887768,0.373321,-4.29125
-0.0215092,-0.0479005,0.0159795,0.905077,0.401871,-4.30124
-0.0214178,-0.0478588,0.0155488,0.922476,0.430704,-4.31108
-0.0213247,-0.0478143,0.0151172,0.939965,0.459822,-4.32076
-0.0212298,-0.0477669,0.0146847,0.957546,0.489228,-4.33027
-0.0211332,-0.0477165,0.0142512,0.975217,0.518926,-4.33961
-0.0210348,-0.0476631,0.0138168,0.992979,0.548919,-4.34877
-0.0209346,-0.0476067,0.0133815,1.01083,0.579211,-4.35775
-0.0208326,-0.0475472,0.0129452,1.02878,0.609803,-4.36655
-0.0207289,-0.0474847,0.0125081,1.04681,0.640701,-4.37516
-0.0206233,-0.0474191,0.0120702,1.06494,0.671906,-4.38357
-0.0205159,-0.0473503,0.0116314,1.08316,0.703422,-4.39179
-0.0204066,-0.0472784,0.0111919,1.10147,0.735253,-4.39979
-0.0202956,-0.0472032,0.0107515,1.11988,0.767401,-4.40758
-0.0201827,-0.0471249,0.0103103,1.13837,0.799871,-4.41515
-0.0200679,-0.0470433,0.00986846,1.15696,0.832665,-4.4225
-0.0199513,-0.0469583,0.00942586,1.17563,0.865786,-4.42962
-0.0198328,-0.0468701,0.00898255,1.1944,0.899239,-4.4365
-0.0197124,-0.0467785,0.00853856,1.21326,0.933025,-4.44313
-0.0195901,-0.0466835,0.00809393,1.23221,0.967149,-4.44952
-0.0194659,-0.046585,0.00764867,1.25125,1.00161,-4.45564
-0.0193398,-0.0464831,0.00720281,1.27038,1.03642,-4.46151
-0.0192118,-0.0463777,0.00675638,1.2896,1.07158,-4.46709
-0.0190819,-0.0462688,0.0063094,1.3089,1.10709,-4.4724
-0.0189501,-0.0461563,0.00586191,1.3283,1.14295,-4.47742
-0.0188163,-0.0460402,0.00541392,1.34778,1.17916,-4.48215
-0.0186805,-0.0459205,0.00496549,1.36735,1.21574,-4.48657
-0.0185428,-0.0457971,0.00451662,1.38701,1.25268,-4.49067
-0.0184031,-0.0456699,0.00406736,1.40675,1.28998,-4.49446
-0.0182614,-0.045539,0.00361774,1.42658,1.32766,-4.49792
-0.0181178,-0.0454044,0.00316779,1.44648,1.3657,-4.50103
-0.0179721,-0.0452659,0.00271755,1.46647,1.40412,-4.5038
-0.0178245,-0.0451235,0.00226704,1.48655,1.44292,-4.50621
-0.0176748,-0.0449773,0.00181631,1.5067,1.4821,-4.50826
-0.0175231,-0.0448271,0.0013654,1.52693,1.52166,-4.50992
-0.0173694,-0.044673,0.000914343,1.54723,1.56161,-4.5112
-0.0172137,-0.0445148,0.000463176,1.56761,1.60194,-4.51208
-0.0170559,-0.0443526,1.19411e-05,1.58807,1.64266,-4.51255
-0.0168961,-0.0441862,-0.00043932,1.60859,1.68378,-4.5126
-0.0167342,-0.0440158,-0.000890564,1.62919,1.72528,-4.51221
-0.0165702,-0.0438412,-0.00134175,1.64985,1.76719,-4.51139
-0.0164042,-0.0436623,-0.00179283,1.67058,1.80949,-4.51011
-0.0162361,-0.0434792,-0.00224375,1.69137,1.85219,-4.50836
-0.0160659,-0.0432919,-0.00269448,1.71221,1.89529,-4.50613
-0.0158937,-0.0431002,-0.00314496,1.73312,1.9388,-4.50341
-0.0157193,-0.0429041,-0.00359515,1.75408,1.98271,-4.50018
-0.0155429,-0.0427036,-0.00404498,1.7751,2.02702,-4.49643
-0.0153643,-0.0424987,-0.00449442,1.79616,2.07173,-4.49216
-0.0151836,-0.0422893,-0.00494339,1.81727,2.11685,-4.48733
-0.0150008,-0.0420753,-0.00539186,1.83841,2.16237,-4.48195
-0.0148159,-0.0418568,-0.00583976,1.8596,2.2083,-4.47599
-0.0146289,-0.0416336,-0.00628704,1.88082,2.25463,-4.46944
-0.0144398,-0.0414058,-0.00673363,1.90207,2.30137,-4.46228
-0.0142485,-0.0411733,-0.00717948,1.92334,2.34851,-4.45451
-0.0140551,-0.0409361,-0.00762451,1.94464,2.39605,-4.4461
-0.0138596,-0.0406941,-0.00806867,1.96595,2.44398,-4.43704
-0.0136619,-0.0404473,-0.0085119,1.98727,2.49232,-4.42731
-0.0134621,-0.0401956,-0.00895411,2.0086,2.54105,-4.41689
-0.0132602,-0.0399391,-0.00939525,2.02993,2.59017,-4.40578
-0.0130561,-0.0396776,-0.00983524,2.05125,2.63967,-4.39395
-0.0128499,-0.0394111,-0.010274,2.07256,2.68956,-4.38138
-0.0126416,-0.0391397,-0.0107115,2.09385,2.73984,-4.36806
-0.0124312,-0.0388632,-0.0111476,2.11512,2.79048,-4.35397
-0.0122186,-0.0385816,-0.0115823,2.13635,2.8415,-4.33909
-0.0120039,-0.0382948,-0.0120154,2.15755,2.89288,-4.3234
-0.0117871,-0.038003,-0.0124469,2.1787,2.94461,-4.30689
-0.0115682,-0.0377059,-0.0128767,2.19979,2.99669,-4.28954
-0.0113471,-0.0374036,-0.0133048,2.22082,3.04912,-4.27132
-0.011124,-0.0370961,-0.013731,2.24178,3.10188,-4.25223
-0.0108988,-0.0367832,-0.0141552,2.26266,3.15496,-4.23223
-0.0106715,-0.0364651,-0.0145774,2.28346,3.20836,-4.21132
-0.0104421,-0.0361416,-0.0149974,2.30415,3.26206,-4.18946
-0.0102107,-0.0358127,-0.0154153,2.32473,3.31606,-4.16665
-0.00997715,-0.0354783,-0.0158307,2.3452,3.37033,-4.14286
-0.00974162,-0.0351386,-0.0162438,2.36554,3.42487,-4.11808
-0.00950405,-0.0347934,-0.0166543,2.38573,3.47966,-4.09228
-0.00926448,-0.0344426,-0.0170622,2.40578,3.5347,-4.06544
-0.0090229,-0.0340864,-0.0174674,2.42566,3.58995,-4.03756
-0.00877935,-0.0337246,-0.0178697,2.44536,3.64541,-4.0086
-0.00853384,-0.0333573,-0.0182691,2.46488,3.70106,-3.97855
-0.00828638,-0.0329844,-0.0186654,2.4842,3.75688,-3.94739
-0.008037,-0.0326059,-0.0190585,2.5033,3.81285,-3.9151
-0.00778573,-0.0322219,-0.0194483,2.52217,3.86894,-3.88167
-0.00753258,-0.0318321,-0.0198348,2.54081,3.92515,-3.84707
-0.00727758,-0.0314368,-0.0202177,2.55919,3.98144,-3.8113
-0.00702075,-0.0310359,-0.020597,2.57729,4.03779,-3.77433
-0.00676213,-0.0306293,-0.0209725,2.59512,4.09418,-3.73615
-0.00650174,-0.030217,-0.0213442,2.61264,4.15058,-3.69674
-0.00623961,-0.0297991,-0.0217119,2.62985,4.20696,-3.65609
-0.00597578,-0.0293756,-0.0220754,2.64672,4.2633,-3.61419
-0.00571028,-0.0289465,-0.0224346,2.66325,4.31956,-3.57101
-0.00544314,-0.0285117,-0.0227895,2.67941,4.37572,-3.52656
-0.00517441,-0.0280713,-0.0231399,2.69519,4.43174,-3.48082
-0.00490411,-0.0276254,-0.0234857,2.71058,4.48759,-3.43378
-0.0046323,-0.0271738,-0.0238266,2.72554,4.54323,-3.38542
-0.00435902,-0.0267167,-0.0241627,2.74008,4.59864,-3.33575
-0.0040843,-0.0262541,-0.0244937,2.75417,4.65377,-3.28476
-0.0038082,-0.025786,-0.0248196,2.76778,4.70859,-3.23244
-0.00353076,-0.0253124,-0.0251402,2.78092,4.76307,-3.17879
-0.00325204,-0.0248334,-0.0254553,2.79355,4.81715,-3.12381
-0.00297207,-0.024349,-0.0257649,2.80566,4.8708,-3.06749
-0.00269092,-0.0238593,-0.0260688,2.81724,4.92398,-3.00985
-0.00240864,-0.0233642,-0.0263668,2.82825,4.97665,-2.95087
-0.00212529,-0.0228639,-0.0266589,2.8387,5.02877,-2.89057
-0.00184092,-0.0223585,-0.0269449,2.84856,5.08029,-2.82896
-0.0015556,-0.0218479,-0.0272247,2.85781,5.13116,-2.76604
-0.00126938,-0.0213323,-0.0274981,2.86644,5.18135,-2.70183
-0.000982331,-0.0208117,-0.027765,2.87443,5.23081,-2.63633
-0.000694516,-0.0202861,-0.0280253,2.88177,5.2795,-2.56957
-0.000406,-0.0197558,-0.0282789,2.88843,5.32737,-2.50156
-0.000116852,-0.0192207,-0.0285256,2.89441,5.37436,-2.43232
0.000172859,-0.0186809,-0.0287653,2.89969,5.42045,-2.36188
0.000463063,-0.0181366,-0.0289979,2.90426,5.46558,-2.29025
0.000753687,-0.0175879,-0.0292233,2.9081,5.50971,-2.21747
0.00104466,-0.0170347,-0.0294413,2.91121,5.55279,-2.14357
0.0013359,-0.0164773,-0.029652,2.91356,5.59478,-2.06856
0.00162735,-0.0159158,-0.029855,2.91516,5.63564,-1.9925
0.00191891,-0.0153502,-0.0300504,2.91598,5.67532,-1.91542
0.00221052,-0.0147808,-0.0302381,2.91603,5.71378,-1.83735
0.00250209,-0.0142075,-0.0304179,2.91529,5.75098,-1.75833
0.00279355,-0.0136306,-0.0305897,2.91375,5.78687,-1.67841
0.00308481,-0.0130502,-0.0307535,2.91142,5.82143,-1.59763
0.0033758,-0.0124664,-0.0309092,2.90829,5.85461,-1.51605
0.00366644,-0.0118793,-0.0310567,2.90435,5.88638,-1.4337
0.00395665,-0.0112892,-0.0311959,2.8996,5.91671,-1.35064
0.00424634,-0.010696,-0.0313268,2.89404,5.94555,-1.26692
0.00453543,-0.0101001,-0.0314493,2.88767,5.97289,-1.1826
0.00482384,-0.00950151,-0.0315633,2.8805,5.99869,-1.09773
0.0051115,-0.00890041,-0.0316688,2.87252,6.02293,-1.01237
0.00539832,-0.00829697,-0.0317658,2.86375,6.04559,-0.926571
0.00568422,-0.00769135,-0.0318541,2.85418,6.06663,-0.8404
0.00596913,-0.0070837,-0.0319338,2.84382,6.08605,-0.753914
0.00625296,-0.00647419,-0.0320049,2.83269,6.10383,-0.667175
0.00653564,-0.00586299,-0.0320673,2.82078,6.11995,-0.580244
0.00681709,-0.00525026,-0.0321209,2.80812,6.13441,-0.493182
0.00709724,-0.00463616,-0.0321659,2.79471,6.14719,-0.406052
0.00737601,-0.00402088,-0.0322022,2.78056,6.15828,-0.318915
0.00765333,-0.00340456,-0.0322297,2.7657,6.16769,-0.231835
0.00792913,-0.00278739,-0.0322485,2.75013,6.17542,-0.144872
0.00820333,-0.00216954,-0.0322587,2.73387,6.18146,-0.0580882
0.00847588,-0.00155116,-0.0322601,2.71695,6.18582,0.0284563
0.0087467,-0.000932428,-0.032253,2.69937,6.18851,0.114701
0.00901573,-0.000313512,-0.0322372,2.68116,6.18954,0.200588
0.00928291,0.000305425,-0.0322129,2.66233,6.18892,0.286059
0.00954818,0.000924217,-0.03218,2.64292,6.18666,0.371057
0.00981148,0.0015427,-0.0321387,2.62293,6.18279,0.455528
0.0100727,0.00216072,-0.0320889,2.60239,6.17731,0.539417
0.0103319,0.00277811,-0.0320308,2.58133,6.17027,0.622672
0.010589,0.00339472,-0.0319644,2.55976,6.16166,0.705244
0.0108439,0.00401039,-0.0318898,2.53771,6.15154,0.787084
0.0110965,0.00462498,-0.031807,2.51521,6.13991,0.868145
0.0113469,0.00523833,-0.0317162,2.49228,6.12682,0.948383
0.011595,0.00585029,-0.0316174,2.46894,6.11228,1.02776
0.0118407,0.00646074,-0.0315107,2.44521,6.09634,1.10622
0.012084,0.00706952,-0.0313962,2.42112,6.07903,1.18375
0.0123249,0.0076765,-0.031274,2.39671,6.06038,1.26029
0.0125633,0.00828155,-0.0311442,2.37198,6.04043,1.33582
0.0127993,0.00888454,-0.0310068,2.34696,6.01922,1.41031
0.0130327,0.00948535,-0.0308621,2.32168,5.99679,1.48373
0.0132636,0.0100839,-0.0307101,2.29616,5.97317,1.55604
0.0134919,0.0106799,-0.030551,2.27043,5.9484,1.62723
0.0137177,0.0112735,-0.0303847,2.24451,5.92252,1.69728
0.0139408,0.0118644,-0.0302115,2.21841,5.89559,1.76616
0.0141614,0.0124526,-0.0300315,2.19217,5.86762,1.83386
0.0143793,0.0130379,-0.0298448,2.1658,5.83867,1.90035
0.0145945,0.0136203,-0.0296515,2.13933,5.80878,1.96564
0.0148071,0.0141996,-0.0294517,2.11277,5.77799,2.0297
0.0150171,0.0147759,-0.0292456,2.08615,5.74634,2.09253
0.0152244,0.0153489,-0.0290333,2.05949,5.71386,2.15412
0.015429,0.0159186,-0.0288148,2.0328,5.68061,2.21446
0.0156309,0.016485,-0.0285904,2.0061,5.64661,2.27355
0.0158302,0.0170479,-0.0283601,1.97942,5.61191,2.33139
0.0160268,0.0176073,-0.0281242,1.95276,5.57655,2.38798
0.0162207,0.0181632,-0.0278826,1.92614,5.54057,2.44331
0.016412,0.0187154,-0.0276355,1.89959,5.50399,2.4974
0.0166007,0.019264,-0.0273832,1.8731,5.46687,2.55025
0.0167867,0.0198088,-0.0271255,1.84671,5.42923,2.60185
0.01697,0.0203498,-0.0268628,1.82042,5.39112,2.65222
0.0171507,0.020887,-0.0265951,1.79424,5.35255,2.70137
0.0173289,0.0214203,-0.0263226,1.7682,5.31358,2.7493
0.0175044,0.0219497,-0.0260453,1.74229,5.27423,2.79603
0.0176773,0.0224751,-0.0257634,1.71653,5.23453,2.84156
0.0178477,0.0229966,-0.025477,1.69093,5.19452,2.88591
0.0180155,0.023514,-0.0251863,1.6655,5.15422,2.92909
0.0181808,0.0240274,-0.0248913,1.64025,5.11366,2.97111
0.0183436,0.0245368,-0.0245921,1.61519,5.07287,3.012
0.0185038,0.025042,-0.0242889,1.59032,5.03188,3.05175
0.0186616,0.0255431,-0.0239818,1.56566,4.99072,3.09039
0.018817,0.0260401,-0.0236709,1.54121,4.9494,3.12793
0.0189699,0.026533,-0.0233562,1.51698,4.90796,3.1644
0.0191204,0.0270217,-0.023038,1.49297,4.86641,3.19979
0.0192685,0.0275063,-0.0227163,1.46918,4.82479,3.23415
0.0194142,0.0279867,-0.0223912,1.44563,4.7831,3.26747
0.0195576,0.0284629,-0.0220629,1.42232,4.74137,3.29978
0.0196987,0.028935,-0.0217313,1.39925,4.69962,3.33109
0.0198375,0.0294028,-0.0213967,1.37642,4.65788,3.36143
0.019974,0.0298665,-0.021059,1.35385,4.61615,3.39081
0.0201083,0.0303261,-0.0207185,1.33152,4.57445,3.41925
0.0202403,0.0307814,-0.0203752,1.30945,4.5328,3.44677
0.0203702,0.0312326,-0.0200292,1.28764,4.49122,3.47338
0.0204978,0.0316797,-0.0196806,1.26608,4.44972,3.4991
0.0206234,0.0321226,-0.0193294,1.24478,4.40832,3.52396
0.0207468,0.0325613,-0.0189758,1.22374,4.36702,3.54796
0.0208681,0.032996,-0.0186199,1.20297,4.32584,3.57113
0.0209874,0.0334265,-0.0182616,1.18245,4.2848,3.59349
0.0211046,0.0338529,-0.0179012,1.1622,4.2439,3.61505
0.0212199,0.0342753,-0.0175386,1.14222,4.20315,3.63583
0.0213331,0.0346936,-0.017174,1.12249,4.16256,3.65584
0.0214444,0.0351078,-0.0168075,1.10303,4.12215,3.67511
0.0215537,0.035518,-0.016439,1.08383,4.08192,3.69365
0.0216611,0.0359242,-0.0160688,1.06489,4.04188,3.71148
0.0217667,0.0363264,-0.0156968,1.04621,4.00204,3.72861
0.0218704,0.0367246,-0.0153231,1.02779,3.96241,3.74507
0.0219723,0.0371189,-0.0149478,1.00962,3.92298,3.76086
0.0220723,0.0375092,-0.0145709,0.99172,3.88378,3.776
0.0221706,0.0378956,-0.0141926,0.974071,3.84479,3.79051
0.0222671,0.0382782,-0.0138129,0.956676,3.80604,3.8044
0.022362,0.0386569,-0.0134317,0.939534,3.76752,3.81769
0.0224551,0.0390317,-0.0130493,0.922642,3.72924,3.8304
0.0225465,0.0394027,-0.0126657,0.905998,3.6912,3.84253
0.0226363,0.0397699,-0.0122808,0.889602,3.65341,3.8541
0.0227244,0.0401334,-0.0118949,0.87345,3.61586,3.86513
0.022811,0.0404931,-0.0115078,0.857541,3.57857,3.87562
0.0228959,0.0408491,-0.0111198,0.841872,3.54154,3.8856
0.0229793,0.0412014,-0.0107307,0.826442,3.50476,3.89508
0.0230612,0.0415501,-0.0103408,0.811247,3.46825,3.90406
0.0231416,0.0418951,-0.00994994,0.796286,3.432,3.91256
0.0232205,0.0422365,-0.00955828,0.781557,3.39601,3.9206
0.0232979,0.0425743,-0.00916584,0.767056,3.36029,3.92818
0.0233739,0.0429086,-0.00877266,0.752781,3.32483,3.93532
0.0234485,0.0432393,-0.00837879,0.738731,3.28964,3.94203
0.0235217,0.0435665,-0.00798427,0.724901,3.25472,3.94832
0.0235935,0.0438902,-0.00758914,0.711291,3.22007,3.95419
0.0236639,0.0442105,-0.00719344,0.697896,3.18569,3.95967
0.0237331,0.0445274,-0.00679721,0.684716,3.15158,3.96477
0.0238009,0.0448409,-0.0064005,0.671746,3.11774,3.96948
0.0238674,0.0451509,-0.00600333,0.658985,3.08417,3.97383
0.0239327,0.0454577,-0.00560575,0.64643,3.05087,3.97782
0.0239967,0.0457611,-0.00520778,0.634079,3.01784,3.98146
0.0240595,0.0460613,-0.00480947,0.621928,2.98508,3.98476
0.0241211,0.0463582,-0.00441084,0.609976,2.95258,3.98773
0.0241815,0.0466518,-0.00401193,0.598219,2.92036,3.99038
0.0242408,0.0469422,-0.00361277,0.586655,2.8884,3.99271
0.0242988,0.0472295,-0.0032134,0.575282,2.8567,3.99475
0.0243558,0.0475136,-0.00281383,0.564097,2.82527,3.99648
0.0244117,0.0477946,-0.00241411,0.553098,2.79411,3.99793
0.0244664,0.0480724,-0.00201426,0.542281,2.7632,3.9991
0.0245201,0.0483472,-0.0016143,0.531645,2.73256,4
0.0245728,0.0486189,-0.00121427,0.521187,2.70217,4.00063
0.0246244,0.0488876,-0.000814184,0.510905,2.67205,4.001
0.024675,0.0491534,-0.000414076,0.500796,2.64218,4.00112
0.0247245,0.0494161,-1.39678e-05,0.490857,2.61256,4.001
0.0247731,0.0496759,0.000386116,0.481087,2.5832,4.00064
0.0248208,0.0499327,0.000786153,0.471483,2.55409,4.00005
0.0248674,0.0501867,0.00118612,0.462042,2.52523,3.99924
0.0249132,0.0504378,0.00158599,0.452763,2.49662,3.9982
0.024958,0.050686,0.00198575,0.443642,2.46826,3.99696
0.0250019,0.0509315,0.00238538,0.434678,2.44014,3.99551
0.0250449,0.0511741,0.00278485,0.425869,2.41226,3.99386
0.0250871,0.0514139,0.00318414,0.417212,2.38463,3.99201
0.0251284,0.051651,0.00358324,0.408705,2.35723,3.98997
0.0251688,0.0518854,0.00398213,0.400346,2.33007,3.98775
0.0252085,0.052117,0.00438079,0.392132,2.30315,3.98535
0.0252473,0.052346,0.00477919,0.384062,2.27645,3.98277
0.0252853,0.0525723,0.00517734,0.376133,2.24999,3.98003
0.0253225,0.052796,0.0055752,0.368344,2.22376,3.97712
0.025359,0.0530171,0.00597275,0.360693,2.19776,3.97405
0.0253946,0.0532356,0.00637,0.353176,2.17198,3.97083
0.0254296,0.0534515,0.00676692,0.345793,2.14643,3.96745
0.0254638,0.0536649,0.00716349,0.338541,2.12109,3.96393
0.0254973,0.0538757,0.0075597,0.331419,2.09598,3.96026
0.0255301,0.0540841,0.00795553,0.324424,2.07108,3.95646
0.0255622,0.0542899,0.00835098,0.317555,2.0464,3.95252
0.0255936,0.0544934,0.00874603,0.31081,2.02193,3.94845
0.0256244,0.0546943,0.00914067,0.304187,1.99767,3.94425
0.0256545,0.0548929,0.00953488,0.297684,1.97362,3.93993
0.0256839,0.0550891,0.00992865,0.2913,1.94978,3.93548
0.0257127,0.0552829,0.010322,0.285032,1.92614,3.93092
0.0257409,0.0554743,0.0107148,0.278879,1.90271,3.92625
0.0257685,0.0556634,0.0111072,0.272839,1.87948,3.92147
0.0257955,0.0558502,0.0114991,0.266911,1.85644,3.91658
0.0258219,0.0560347,0.0118905,0.261093,1.83361,3.91159
0.0258477,0.0562169,0.0122814,0.255383,1.81096,3.90649
0.025873,0.0563969,0.0126718,0.24978,1.78851,3.9013
0.0258977,0.0565746,0.0130617,0.244283,1.76626,3.89601
0.0259218,0.0567502,0.013451,0.238888,1.74419,3.89063
0.0259454,0.0569235,0.0138398,0.233596,1.7223,3.88516
0.0259685,0.0570946,0.0142281,0.228404,1.70061,3.87961
0.0259911,0.0572636,0.0146157,0.223312,1.67909,3.87397
0.0260132,0.0574304,0.0150028,0.218317,1.65776,3.86824
0.0260348,0.0575952,0.0153894,0.213419,1.63661,3.86244
0.0260559,0.0577578,0.0157753,0.208615,1.61564,3.85656
0.0260765,0.0579183,0.0161607,0.203904,1.59484,3.85061
0.0260967,0.0580767,0.0165454,0.199286,1.57421,3.84458
0.0261164,0.0582331,0.0169296,0.194759,1.55376,3.83848
0.0261356,0.0583875,0.0173131,0.19032,1.53348,3.83231
0.0261545,0.0585398,0.0176961,0.18597,1.51337,3.82608
0.0261728,0.0586902,0.0180784,0.181707,1.49342,3.81978
0.0261908,0.0588385,0.01846,0.177529,1.47364,3.81343
0.0262083,0.0589849,0.018841,0.173436,1.45402,3.80701
0.0262255,0.0591293,0.0192214,0.169425,1.43456,3.80053
0.0262422,0.0592718,0.0196011,0.165497,1.41527,3.79399
0.0262586,0.0594124,0.0199802,0.161649,1.39613,3.7874
0.0262746,0.0595511,0.0203586,0.157881,1.37715,3.78076
0.0262902,0.0596878,0.0207364,0.154191,1.35832,3.77406
0.0263054,0.0598227,0.0211134,0.150579,1.33965,3.76732
0.0263203,0.0599558,0.0214898,0.147043,1.32112,3.76052
0.0263348,0.060087,0.0218655,0.143581,1.30275,3.75368
0.026349,0.0602163,0.0222406,0.140194,1.28453,3.74679
0.0263629,0.0603439,0.0226149,0.13688,1.26645,3.73986
0.0263764,0.0604696,0.0229885,0.133637,1.24852,3.73289
0.0263896,0.0605936,0.0233615,0.130466,1.23073,3.72588
0.0264025,0.0607158,0.0237337,0.127364,1.21308,3.71882
0.0264151,0.0608362,0.0241052,0.124332,1.19558,3.71173
0.0264273,0.0609549,0.024476,0.121367,1.17821,3.7046
0.0264393,0.0610719,0.0248462,0.118469,1.16099,3.69743
0.026451,0.0611871,0.0252155,0.115637,1.14389,3.69023
0.0264625,0.0613006,0.0255842,0.11287,1.12694,3.683
0.0264736,0.0614125,0.0259521,0.110168,1.11011,3.67573
0.0264845,0.0615227,0.0263193,0.107529,1.09342,3.66843
0.0264951,0.0616312,0.0266858,0.104952,1.07686,3.6611
0.0265055,0.061738,0.0270516,0.102436,1.06043,3.65375
0.0265156,0.0618433,0.0274166,0.0999816,1.04412,3.64636
0.0265255,0.0619469,0.0277808,0.0975867,1.02794,3.63895
0.0265351,0.0620489,0.0281444,0.0952508,1.01189,3.63151
0.0265445,0.0621493,0.0285071,0.0929731,0.995961,3.62404
0.0265537,0.0622481,0.0288692,0.0907527,0.980155,3.61655
0.0265627,0.0623453,0.0292304,0.088589,0.964469,3.60904
0.0265715,0.062441,0.029591,0.0864811,0.948903,3.6015
0.02658,0.0625351,0.0299507,0.0844282,0.933456,3.59395
0.0265883,0.0626276,0.0303098,0.0824295,0.918127,3.58637
0.0265965,0.0627187,0.030668,0.0804845,0.902914,3.57877
0.0266044,0.0628082,0.0310255,0.0785922,0.887815,3.57116
0.0266122,0.0628963,0.0313822,0.076752,0.872831,3.56352
0.0266198,0.0629828,0.0317382,0.0749633,0.857959,3.55587
0.0266272,0.0630679,0.0320934,0.0732252,0.843198,3.5482
0.0266344,0.0631514,0.0324479,0.0715371,0.828548,3.54051
0.0266415,0.0632336,0.0328015,0.0698984,0.814006,3.53281
0.0266484,0.0633143,0.0331544,0.0683083,0.799573,3.52509
0.0266552,0.0633935,0.0335065,0.0667663,0.785247,3.51736
0.0266618,0.0634713,0.0338579,0.0652716,0.771026,3.50962
0.0266682,0.0635477,0.0342085,0.0638236,0.75691,3.50186
0.0266745,0.0636227,0.0345583,0.0624218,0.742897,3.49409
0.0266807,0.0636963,0.0349073,0.0610655,0.728988,3.48631
0.0266868,0.0637685,0.0352555,0.059754,0.715179,3.47851
0.0266927,0.0638393,0.035603,0.0584869,0.701471,3.47071
0.0266985,0.0639088,0.0359497,0.0572634,0.687862,3.4629
0.0267041,0.0639769,0.0362956,0.0560831,0.674352,3.45507
0.0267097,0.0640437,0.0366407,0.0549454,0.660939,3.44724
0.0267151,0.0641091,0.036985,0.0538497,0.647623,3.4394
0.0267204,0.0641732,0.0373286,0.0527954,0.634402,3.43155
0.0267257,0.064236,0.0376713,0.051782,0.621275,3.42369
0.0267308,0.0642974,0.0380133,0.050809,0.608242,3.41583
0.0267358,0.0643576,0.0383545,0.0498759,0.595302,3.40796
0.0267408,0.0644165,0.0386949,0.0489821,0.582453,3.40008
0.0267456,0.0644741,0.0390345,0.0481271,0.569695,3.3922
0.0267504,0.0645305,0.0393733,0.0473104,0.557026,3.38431
0.0267551,0.0645855,0.0397114,0.0465316,0.544447,3.37642
0.0267597,0.0646393,0.0400486,0.04579,0.531955,3.36852
0.0267643,0.0646919,0.0403851,0.0450854,0.519551,3.36062
0.0267687,0.0647433,0.0407207,0.0444171,0.507233,3.35272
0.0267731,0.0647934,0.0410556,0.0437847,0.495,3.34481
0.0267775,0.0648423,0.0413897,0.0431878,0.482852,3.3369
0.0267818,0.0648899,0.041723,0.0426259,0.470787,3.32898
0.026786,0.0649364,0.0420555,0.0420985,0.458806,3.32107
0.0267902,0.0649817,0.0423872,0.0416053,0.446906,3.31315
0.0267943,0.0650258,0.0427181,0.0411457,0.435088,3.30523
0.0267984,0.0650687,0.0430482,0.0407194,0.423351,3.29731
0.0268025,0.0651105,0.0433776,0.0403259,0.411693,3.28938
0.0268065,0.0651511,0.0437061,0.0399648,0.400114,3.28146
0.0268105,0.0651905,0.0440339,0.0396358,0.388613,3.27354
0.0268144,0.0652288,0.0443608,0.0393383,0.377189,3.26561
0.0268183,0.0652659,0.044687,0.0390721,0.365842,3.25769
0.0268222,0.065302,0.0450124,0.0388367,0.354572,3.24976
0.0268261,0.0653369,0.0453369,0.0386317,0.343376,3.24184
0.02683,0.0653706,0.0456607,0.0384568,0.332255,3.23392
0.0268338,0.0654033,0.0459837,0.0383115,0.321207,3.226
0.0268376,0.0654349,0.0463059,0.0381956,0.310233,3.21808
0.0268414,0.0654654,0.0466273,0.0381086,0.29933,3.21016
0.0268453,0.0654948,0.046948,0.0380503,0.2885,3.20224
0.0268491,0.0655231,0.0472678,0.0380201,0.27774,3.19432
0.0268529,0.0655503,0.0475868,0.0380179,0.267051,3.18641
0.0268567,0.0655765,0.0479051,0.0380431,0.256432,3.1785
0.0268605,0.0656016,0.0482225,0.0380956,0.245881,3.17059
0.0268643,0.0656257,0.0485392,0.038175,0.235399,3.16269
0.0268681,0.0656487,0.0488551,0.0382809,0.224984,3.15479
0.0268719,0.0656707,0.0491702,0.0384131,0.214637,3.14689
0.0268758,0.0656916,0.0494844,0.0385711,0.204355,3.13899
0.0268797,0.0657115,0.049798,0.0387548,0.19414,3.1311
0.0268835,0.0657304,0.0501107,0.0389637,0.18399,3.12321
0.0268874,0.0657483,0.0504226,0.0391976,0.173905,3.11532
0.0268914,0.0657652,0.0507337,0.0394561,0.163883,3.10744
0.0268953,0.0657811,0.0510441,0.039739,0.153925,3.09957
0.0268993,0.065796,0.0513536,0.040046,0.14403,3.09169
0.0269033,0.0658099,0.0516624,0.0403768,0.134197,3.08383
0.0269074,0.0658228,0.0519704,0.040731,0.124426,3.07596
0.0269115,0.0658348,0.0522776,0.0411085,0.114715,3.0681
0.0269156,0.0658458,0.052584,0.041509,0.105066,3.06025
0.0269198,0.0658558,0.0528897,0.0419321,0.0954763,3.0524
0.026924,0.0658649,0.0531945,0.0423775,0.0859461,3.04456
0.0269283,0.065873,0.0534986,0.0428451,0.076475,3.03672
0.0269326,0.0658802,0.0538019,0.0433346,0.0670622,3.02888
0.0269369,0.0658864,0.0541044,0.0438457,0.0577073,3.02106
0.0269414,0.0658917,0.0544061,0.0443781,0.0484097,3.01323
0.0269458,0.0658961,0.054707,0.0449316,0.039169,3.00542
0.0269503,0.0658996,0.0550071,0.045506,0.0299847,2.99761
0.0269549,0.0659021,0.0553065,0.046101,0.0208562,2.9898
0.0269596,0.0659037,0.0556051,0.0467163,0.011783,2.982
0.0269643,0.0659045,0.0559029,0.0473517,0.00276468,2.97421
0.026969,0.0659043,0.0562,0.048007,-0.00619927,2.96642
0.0269739,0.0659032,0.0564962,0.048682,-0.0151093,2.95864
0.0269739,0.0659032,0.0564962,0.048682,-0.0151093,2.95864
0.0269786,0.0659013,0.0567917,0.0466244,-0.0225842,2.9503
0.0269832,0.0658987,0.0570863,0.0445864,-0.0300057,2.94197
0.0269875,0.0658953,0.05738,0.0425677,-0.0373741,2.93364
0.0269917,0.0658912,0.057673,0.0405681,-0.04469,2.92533
0.0269957,0.0658864,0.0579651,0.0385875,-0.0519539,2.91701
0.0269994,0.0658809,0.0582564,0.0366256,-0.0591662,2.90871
0.027003,0.0658746,0.0585469,0.0346822,-0.0663274,2.90041
0.0270064,0.0658676,0.0588365,0.0327573,-0.073438,2.89212
0.0270095,0.0658599,0.0591253,0.0308505,-0.0804983,2.88383
0.0270125,0.0658515,0.0594132,0.0289618,-0.0875089,2.87555
0.0270153,0.0658424,0.0597004,0.027091,-0.0944702,2.86728
0.0270179,0.0658326,0.0599867,0.0252378,-0.101383,2.85902
0.0270204,0.0658221,0.0602722,0.0234022,-0.108247,2.85076
0.0270226,0.0658109,0.0605569,0.0215839,-0.115063,2.84251
0.0270247,0.0657991,0.0608407,0.0197828,-0.121831,2.83427
0.0270266,0.0657866,0.0611237,0.0179987,-0.128552,2.82603
0.0270283,0.0657734,0.0614059,0.0162315,-0.135227,2.81781
0.0270298,0.0657595,0.0616873,0.014481,-0.141855,2.80959
0.0270312,0.065745,0.0619678,0.012747,-0.148437,2.80137
0.0270324,0.0657299,0.0622475,0.0110294,-0.154974,2.79317
0.0270334,0.065714,0.0625265,0.00932807,-0.161466,2.78497
0.0270342,0.0656976,0.0628045,0.0076428,-0.167912,2.77678
0.0270349,0.0656805,0.0630818,0.00597347,-0.174315,2.7686
0.0270354,0.0656627,0.0633583,0.00431991,-0.180673,2.76042
0.0270358,0.0656443,0.0636339,0.00268199,-0.186988,2.75225
0.027036,0.0656253,0.0639087,0.00105956,-0.19326,2.74409
0.027036,0.0656057,0.0641827,-0.00054753,-0.199489,2.73594
0.0270359,0.0655854,0.0644559,-0.00213942,-0.205675,2.7278
0.0270356,0.0655645,0.0647283,-0.00371624,-0.211819,2.71966
0.0270351,0.065543,0.0649998,-0.00527814,-0.217922,2.71153
0.0270345,0.065521,0.0652706,-0.00682526,-0.223983,2.70341
0.0270338,0.0654983,0.0655405,-0.00835773,-0.230003,2.6953
0.0270329,0.065475,0.0658096,-0.00987569,-0.235982,2.68719
0.0270318,0.0654511,0.066078,-0.0113793,-0.241921,2.6791
0.0270306,0.0654266,0.0663455,-0.0128686,-0.24782,2.67101
0.0270292,0.0654015,0.0666122,-0.0143438,-0.253679,2.66293
0.0270277,0.0653758,0.066878,-0.015805,-0.259499,2.65485
0.0270261,0.0653496,0.0671431,-0.0172524,-0.26528,2.64679
0.0270243,0.0653228,0.0674074,-0.018686,-0.271022,2.63873
0.0270223,0.0652954,0.0676709,-0.020106,-0.276725,2.63068
0.0270202,0.0652674,0.0679335,-0.0215125,-0.282391,2.62264
0.027018,0.0652389,0.0681954,-0.0229056,-0.288019,2.61461
0.0270157,0.0652098,0.0684565,-0.0242855,-0.293609,2.60658
0.0270132,0.0651802,0.0687167,-0.0256523,-0.299163,2.59856
0.0270105,0.06515,0.0689762,-0.0270061,-0.304679,2.59055
0.0270078,0.0651193,0.0692348,-0.028347,-0.310159,2.58255
0.0270049,0.065088,0.0694927,-0.029675,-0.315603,2.57456
0.0270018,0.0650561,0.0697497,-0.0309905,-0.321011,2.56657
0.0269987,0.0650238,0.070006,-0.0322933,-0.326383,2.5586
0.0269954,0.0649909,0.0702615,-0.0335838,-0.33172,2.55063
0.0269919,0.0649574,0.0705161,-0.0348619,-0.337022,2.54266
0.0269884,0.0649235,0.07077,-0.0361278,-0.342289,2.53471
0.0269847,0.064889,0.0710231,-0.0373815,-0.347522,2.52677
0.0269809,0.064854,0.0712753,-0.0386233,-0.35272,2.51883
0.026977,0.0648184,0.0715268,-0.0398532,-0.357884,2.5109
0.0269729,0.0647824,0.0717775,-0.0410713,-0.363015,2.50298
0.0269688,0.0647458,0.0720274,-0.0422776,-0.368113,2.49506
0.0269645,0.0647088,0.0722765,-0.0434724,-0.373177,2.48716
0.0269601,0.0646712,0.0725249,-0.0446557,-0.378208,2.47926
0.0269556,0.0646331,0.0727724,-0.0458277,-0.383207,2.47137
0.0269509,0.0645946,0.0730191,-0.0469883,-0.388173,2.46349
0.0269462,0.0645555,0.0732651,-0.0481377,-0.393108,2.45562
0.0269413,0.0645159,0.0735103,-0.0492761,-0.39801,2.44775
0.0269363,0.0644759,0.0737546,-0.0504034,-0.402881,2.43989
0.0269312,0.0644354,0.0739982,-0.0515199,-0.407721,2.43204
0.026926,0.0643943,0.074241,-0.0526255,-0.412529,2.4242
0.0269207,0.0643529,0.0744831,-0.0537205,-0.417307,2.41637
0.0269153,0.0643109,0.0747243,-0.0548048,-0.422054,2.40854
0.0269097,0.0642684,0.0749648,-0.0558786,-0.426771,2.40072
0.0269041,0.0642255,0.0752045,-0.0569419,-0.431457,2.39291
0.0268983,0.0641822,0.0754434,-0.0579949,-0.436114,2.38511
0.0268925,0.0641383,0.0756815,-0.0590377,-0.440741,2.37731
0.0268865,0.064094,0.0759188,-0.0600702,-0.445339,2.36953
0.0268805,0.0640492,0.0761554,-0.0610927,-0.449907,2.36175
0.0268743,0.064004,0.0763912,-0.0621052,-0.454446,2.35397
0.0268681,0.0639584,0.0766262,-0.0631078,-0.458957,2.34621
0.0268617,0.0639122,0.0768604,-0.0641005,-0.463439,2.33845
0.0268552,0.0638657,0.0770939,-0.0650835,-0.467893,2.33071
0.0268487,0.0638187,0.0773266,-0.0660568,-0.472318,2.32296
0.026842,0.0637712,0.0775585,-0.0670205,-0.476716,2.31523
0.0268353,0.0637233,0.0777896,-0.0679748,-0.481086,2.30751
0.0268284,0.063675,0.07802,-0.0689196,-0.485429,2.29979
0.0268215,0.0636262,0.0782496,-0.0698551,-0.489744,2.29208
0.0268145,0.063577,0.0784784,-0.0707813,-0.494032,2.28437
0.0268073,0.0635274,0.0787064,-0.0716983,-0.498294,2.27668
0.0268001,0.0634774,0.0789337,-0.0726062,-0.502528,2.26899
0.0267928,0.0634269,0.0791602,-0.0735051,-0.506737,2.26131
0.0267854,0.063376,0.079386,-0.074395,-0.510919,2.25364
0.0267779,0.0633247,0.079611,-0.075276,-0.515075,2.24597
0.0267704,0.063273,0.0798352,-0.0761483,-0.519205,2.23831
0.0267627,0.0632209,0.0800586,-0.0770118,-0.523309,2.23066
0.026755,0.0631684,0.0802813,-0.0778666,-0.527388,2.22302
0.0267471,0.0631154,0.0805032,-0.0787128,-0.531442,2.21538
0.0267392,0.0630621,0.0807244,-0.0795506,-0.53547,2.20776
0.0267312,0.0630083,0.0809448,-0.0803798,-0.539474,2.20013
0.0267231,0.0629542,0.0811644,-0.0812007,-0.543453,2.19252
0.026715,0.0628996,0.0813833,-0.0820133,-0.547407,2.18491
0.0267067,0.0628447,0.0816014,-0.0828176,-0.551337,2.17731
0.0266984,0.0627894,0.0818188,-0.0836138,-0.555243,2.16972
0.02669,0.0627336,0.0820353,-0.0844019,-0.559124,2.16214
0.0266815,0.0626775,0.0822512,-0.0851819,-0.562982,2.15456
0.026673,0.0626211,0.0824663,-0.0859539,-0.566816,2.14699
0.0266643,0.0625642,0.0826806,-0.0867181,-0.570627,2.13942
0.0266556,0.0625069,0.0828941,-0.0874744,-0.574414,2.13187
0.0266469,0.0624493,0.083107,-0.0882229,-0.578179,2.12432
0.026638,0.0623913,0.083319,-0.0889637,-0.58192,2.11677
0.0266291,0.0623329,0.0835303,-0.0896968,-0.585638,2.10924
0.0266201,0.0622742,0.0837409,-0.0904224,-0.589334,2.10171
0.026611,0.0622151,0.0839506,-0.0911404,-0.593007,2.09419
0.0266018,0.0621556,0.0841597,-0.0918509,-0.596658,2.08667
0.0265926,0.0620957,0.084368,-0.0925541,-0.600286,2.07916
0.0265833,0.0620355,0.0845755,-0.0932499,-0.603893,2.07166
0.026574,0.0619749,0.0847823,-0.0939384,-0.607477,2.06416
0.0265645,0.061914,0.0849884,-0.0946197,-0.61104,2.05668
0.026555,0.0618527,0.0851936,-0.0952938,-0.614582,2.04919
0.0265455,0.0617911,0.0853982,-0.0959608,-0.618102,2.04172
0.0265358,0.0617291,0.085602,-0.0966208,-0.6216,2.03425
0.0265261,0.0616668,0.085805,-0.0972737,-0.625078,2.02679
0.0265164,0.0616041,0.0860074,-0.0979198,-0.628535,2.01933
0.0265066,0.0615411,0.0862089,-0.0985589,-0.63197,2.01189
0.0264967,0.0614777,0.0864097,-0.0991912,-0.635386,2.00444
0.0264867,0.061414,0.0866098,-0.0998167,-0.63878,1.99701
0.0264767,0.06135,0.0868091,-0.100436,-0.642154,1.98958
0.0264666,0.0612856,0.0870077,-0.101048,-0.645508,1.98216
0.0264565,0.0612209,0.0872056,-0.101653,-0.648842,1.97474
0.0264463,0.0611558,0.0874027,-0.102252,-0.652156,1.96733
0.0264361,0.0610904,0.087599,-0.102845,-0.65545,1.95993
0.0264257,0.0610247,0.0877947,-0.103431,-0.658724,1.95253
0.0264154,0.0609587,0.0879895,-0.10401,-0.661979,1.94514
0.0264049,0.0608923,0.0881837,-0.104583,-0.665214,1.93775
0.0263945,0.0608256,0.0883771,-0.10515,-0.66843,1.93038
0.0263839,0.0607586,0.0885698,-0.105711,-0.671627,1.923
0.0263733,0.0606913,0.0887617,-0.106266,-0.674805,1.91564
0.0263627,0.0606237,0.0889529,-0.106814,-0.677964,1.90828
0.0263519,0.0605557,0.0891433,-0.107356,-0.681104,1.90092
0.0263412,0.0604874,0.0893331,-0.107892,-0.684226,1.89357
0.0263304,0.0604189,0.0895221,-0.108422,-0.687329,1.88623
0.0263195,0.06035,0.0897103,-0.108947,-0.690413,1.87889
0.0263086,0.0602808,0.0898978,-0.109465,-0.69348,1.87156
0.0262976,0.0602113,0.0900846,-0.109977,-0.696528,1.86424
0.0262866,0.0601415,0.0902707,-0.110484,-0.699558,1.85692
0.0262755,0.0600714,0.090456,-0.110985,-0.70257,1.84961
0.0262644,0.060001,0.0906406,-0.11148,-0.705564,1.8423
0.0262532,0.0599303,0.0908245,-0.111969,-0.708541,1.835
0.026242,0.0598593,0.0910076,-0.112453,-0.7115,1.8277
0.0262307,0.059788,0.09119,-0.112931,-0.714442,1.82041
0.0262194,0.0597164,0.0913717,-0.113404,-0.717367,1.81313
0.026208,0.0596445,0.0915526,-0.113871,-0.720274,1.80585
0.0261966,0.0595723,0.0917329,-0.114333,-0.723164,1.79858
0.0261852,0.0594999,0.0919124,-0.114789,-0.726037,1.79131
0.0261737,0.0594271,0.0920911,-0.11524,-0.728893,1.78405
0.0261621,0.0593541,0.0922692,-0.115686,-0.731733,1.77679
0.0261505,0.0592808,0.0924465,-0.116126,-0.734556,1.76954
0.0261389,0.0592072,0.0926231,-0.116561,-0.737362,1.76229
0.0261272,0.0591333,0.0927989,-0.116991,-0.740152,1.75505
0.0261155,0.0590591,0.0929741,-0.117416,-0.742926,1.74782
0.0261037,0.0589847,0.0931485,-0.117835,-0.745683,1.74059
0.0260919,0.05891,0.0933222,-0.11825,-0.748424,1.73336
0.0260801,0.058835,0.0934952,-0.118659,-0.751149,1.72614
0.0260682,0.0587598,0.0936674,-0.119064,-0.753859,1.71893
0.0260563,0.0586843,0.093839,-0.119463,-0.756552,1.71172
0.0260443,0.0586085,0.0940098,-0.119858,-0.75923,1.70451
0.0260323,0.0585324,0.0941799,-0.120247,-0.761892,1.69731
0.0260203,0.0584561,0.0943492,-0.120632,-0.764539,1.69012
0.0260082,0.0583795,0.0945179,-0.121012,-0.76717,1.68293
0.0259961,0.0583027,0.0946858,-0.121387,-0.769786,1.67575
0.0259839,0.0582255,0.094853,-0.121758,-0.772387,1.66857
0.0259717,0.0581482,0.0950195,-0.122124,-0.774973,1.66139
0.0259595,0.0580706,0.0951853,-0.122485,-0.777543,1.65422
0.0259472,0.0579927,0.0953504,-0.122841,-0.780099,1.64706
0.0259349,0.0579145,0.0955147,-0.123193,-0.78264,1.6399
0.0259226,0.0578361,0.0956784,-0.123541,-0.785166,1.63274
0.0259102,0.0577575,0.0958413,-0.123883,-0.787677,1.62559
0.0258978,0.0576786,0.0960035,-0.124222,-0.790174,1.61845
0.0258854,0.0575995,0.096165,-0.124556,-0.792657,1.61131
0.0258729,0.0575201,0.0963257,-0.124885,-0.795125,1.60417
0.0258604,0.0574404,0.0964858,-0.12521,-0.797579,1.59704
0.0258478,0.0573606,0.0966451,-0.125531,-0.800019,1.58991
0.0258353,0.0572804,0.0968038,-0.125848,-0.802444,1.58279
0.0258227,0.0572001,0.0969617,-0.12616,-0.804856,1.57567
0.02581,0.0571195,0.0971189,-0.126468,-0.807253,1.56855
0.0257974,0.0570386,0.0972754,-0.126772,-0.809637,1.56144
0.0257847,0.0569575,0.0974312,-0.127072,-0.812007,1.55434
0.025772,0.0568762,0.0975863,-0.127367,-0.814364,1.54723
0.0257592,0.0567947,0.0977407,-0.127659,-0.816707,1.54014
0.0257464,0.0567129,0.0978943,-0.127946,-0.819036,1.53304
0.0257336,0.0566309,0.0980473,-0.128229,-0.821352,1.52596
0.0257208,0.0565486,0.0981995,-0.128509,-0.823654,1.51887
0.0257079,0.0564661,0.098351,-0.128784,-0.825944,1.51179
0.025695,0.0563834,0.0985019,-0.129055,-0.82822,1.50471
0.0256821,0.0563005,0.098652,-0.129323,-0.830483,1.49764
0.0256692,0.0562173,0.0988014,-0.129586,-0.832733,1.49057
0.0256562,0.0561339,0.0989501,-0.129846,-0.83497,1.48351
0.0256432,0.0560503,0.0990981,-0.130102,-0.837194,1.47645
0.0256302,0.0559665,0.0992454,-0.130354,-0.839405,1.46939
0.0256171,0.0558825,0.099392,-0.130603,-0.841604,1.46234
0.0256041,0.0557982,0.0995378,-0.130848,-0.84379,1.45529
0.025591,0.0557137,0.099683,-0.131089,-0.845964,1.44825
0.0255778,0.055629,0.0998275,-0.131326,-0.848125,1.4412
0.0255647,0.0555441,0.0999713,-0.13156,-0.850274,1.43417
0.0255515,0.0554589,0.100114,-0.13179,-0.85241,1.42713
0.0255383,0.0553736,0.100257,-0.132016,-0.854534,1.4201
0.0255251,0.055288,0.100398,-0.132239,-0.856646,1.41307
0.0255119,0.0552023,0.100539,-0.132459,-0.858746,1.40605
0.0254986,0.0551163,0.10068,-0.132675,-0.860834,1.39903
0.0254854,0.0550301,0.100819,-0.132887,-0.86291,1.39202
0.0254721,0.0549437,0.100958,-0.133096,-0.864973,1.385
0.0254587,0.0548571,0.101096,-0.133302,-0.867026,1.37799
0.0254454,0.0547703,0.101234,-0.133504,-0.869066,1.37099
0.025432,0.0546833,0.10137,-0.133703,-0.871095,1.36398
0.0254187,0.0545961,0.101506,-0.133899,-0.873112,1.35698
0.0254053,0.0545087,0.101642,-0.134091,-0.875117,1.34999
0.0253918,0.0544211,0.101776,-0.13428,-0.877111,1.343
0.0253784,0.0543332,0.10191,-0.134466,-0.879094,1.33601
0.0253649,0.0542452,0.102044,-0.134649,-0.881065,1.32902
0.0253515,0.054157,0.102176,-0.134828,-0.883025,1.32204
0.025338,0.0540686,0.102308,-0.135004,-0.884974,1.31506
0.0253245,0.05398,0.102439,-0.135177,-0.886912,1.30808
0.0253109,0.0538912,0.10257,-0.135348,-0.888838,1.3011
0.0252974,0.0538023,0.102699,-0.135514,-0.890754,1.29413
0.0252838,0.0537131,0.102828,-0.135678,-0.892658,1.28716
0.0252703,0.0536237,0.102957,-0.135839,-0.894552,1.2802
0.0252567,0.0535342,0.103084,-0.135997,-0.896435,1.27323
0.0252431,0.0534445,0.103211,-0.136152,-0.898307,1.26627
0.0252294,0.0533545,0.103338,-0.136304,-0.900168,1.25932
0.0252158,0.0532644,0.103463,-0.136453,-0.902019,1.25236
0.0252022,0.0531741,0.103588,-0.136599,-0.903859,1.24541
0.0251885,0.0530836,0.103712,-0.136742,-0.905689,1.23846
0.0251748,0.052993,0.103836,-0.136883,-0.907508,1.23152
0.0251611,0.0529021,0.103959,-0.13702,-0.909317,1.22457
0.0251474,0.0528111,0.104081,-0.137155,-0.911115,1.21763
0.0251337,0.0527199,0.104202,-0.137287,-0.912903,1.21069
0.0251199,0.0526285,0.104323,-0.137416,-0.914681,1.20375
0.0251062,0.052537,0.104443,-0.137542,-0.916449,1.19682
0.0250924,0.0524453,0.104562,-0.137666,-0.918206,1.18989
0.0250787,0.0523533,0.104681,-0.137787,-0.919954,1.18296
0.0250649,0.0522613,0.104799,-0.137906,-0.921691,1.17603
0.0250511,0.052169,0.104916,-0.138021,-0.923419,1.16911
0.0250373,0.0520766,0.105033,-0.138135,-0.925136,1.16219
0.0250235,0.051984,0.105149,-0.138245,-0.926844,1.15527
0.0250096,0.0518912,0.105264,-0.138353,-0.928542,1.14835
0.0249958,0.0517983,0.105378,-0.138459,-0.930231,1.14143
0.0249819,0.0517052,0.105492,-0.138562,-0.931909,1.13452
0.0249681,0.0516119,0.105605,-0.138662,-0.933578,1.12761
0.0249542,0.0515185,0.105718,-0.13876,-0.935238,1.1207
0.0249403,0.0514248,0.105829,-0.138855,-0.936888,1.11379
0.0249264,0.0513311,0.10594,-0.138948,-0.938528,1.10688
0.0249125,0.0512371,0.106051,-0.139039,-0.940159,1.09998
0.0248986,0.051143,0.10616,-0.139127,-0.941781,1.09308
0.0248847,0.0510488,0.106269,-0.139213,-0.943393,1.08618
0.0248708,0.0509544,0.106378,-0.139297,-0.944996,1.07928
0.0248568,0.0508598,0.106485,-0.139378,-0.94659,1.07238
0.0248429,0.050765,0.106592,-0.139457,-0.948175,1.06549
0.024829,0.0506701,0.106698,-0.139534,-0.949751,1.05859
0.024815,0.0505751,0.106804,-0.139608,-0.951317,1.0517
0.024801,0.0504799,0.106909,-0.13968,-0.952875,1.04481
0.0247871,0.0503845,0.107013,-0.13975,-0.954424,1.03792
0.0247731,0.050289,0.107116,-0.139818,-0.955963,1.03104
0.0247591,0.0501933,0.107219,-0.139883,-0.957494,1.02415
0.0247451,0.0500975,0.107321,-0.139947,-0.959016,1.01727
0.0247311,0.0500015,0.107422,-0.140008,-0.96053,1.01038
0.0247171,0.0499054,0.107523,-0.140067,-0.962034,1.0035
0.0247031,0.0498091,0.107623,-0.140124,-0.96353,0.996622
0.0246891,0.0497127,0.107722,-0.140179,-0.965017,0.989743
0.0246751,0.0496161,0.107821,-0.140232,-0.966496,0.982866
0.024661,0.0495194,0.107919,-0.140283,-0.967966,0.97599
0.024647,0.0494225,0.108016,-0.140332,-0.969428,0.969115
0.024633,0.0493255,0.108113,-0.140379,-0.970881,0.962241
0.0246189,0.0492283,0.108209,-0.140424,-0.972326,0.955368
0.0246049,0.049131,0.108304,-0.140467,-0.973762,0.948496
0.0245908,0.0490336,0.108398,-0.140508,-0.97519,0.941626
0.0245768,0.048936,0.108492,-0.140547,-0.97661,0.934756
0.0245627,0.0488383,0.108585,-0.140584,-0.978022,0.927887
0.0245487,0.0487404,0.108678,-0.14062,-0.979425,0.921019
0.0245346,0.0486424,0.10877,-0.140653,-0.980821,0.914152
0.0245205,0.0485442,0.108861,-0.140685,-0.982208,0.907286
0.0245065,0.0484459,0.108951,-0.140715,-0.983587,0.900421
0.0244924,0.0483475,0.109041,-0.140743,-0.984958,0.893556
0.0244783,0.048249,0.10913,-0.140769,-0.986321,0.886692
0.0244642,0.0481503,0.109218,-0.140794,-0.987677,0.879829
0.0244502,0.0480514,0.109306,-0.140816,-0.989024,0.872966
0.0244361,0.0479525,0.109393,-0.140838,-0.990363,0.866104
0.024422,0.0478533,0.109479,-0.140857,-0.991695,0.859243
0.0244079,0.0477541,0.109564,-0.140875,-0.993019,0.852382
0.0243938,0.0476547,0.109649,-0.140891,-0.994335,0.845521
0.0243797,0.0475552,0.109734,-0.140905,-0.995644,0.838661
0.0243656,0.0474556,0.109817,-0.140918,-0.996945,0.831801
0.0243515,0.0473559,0.1099,-0.140929,-0.998238,0.824942
0.0243374,0.047256,0.109982,-0.140939,-0.999523,0.818083
0.0243234,0.047156,0.110064,-0.140947,-1.0008,0.811224
0.0243093,0.0470558,0.110144,-0.140953,-1.00207,0.804366
0.0242952,0.0469555,0.110224,-0.140958,-1.00334,0.797507
0.0242811,0.0468551,0.110304,-0.140962,-1.00459,0.790649
0.024267,0.0467546,0.110383,-0.140964,-1.00584,0.783791
0.0242529,0.046654,0.110461,-0.140964,-1.00708,0.776933
0.0242388,0.0465532,0.110538,-0.140963,-1.00831,0.770075
0.0242247,0.0464523,0.110615,-0.140961,-1.00954,0.763217
0.0242106,0.0463513,0.110691,-0.140957,-1.01076,0.756359
0.0241965,0.0462502,0.110766,-0.140952,-1.01197,0.749501
0.0241824,0.0461489,0.11084,-0.140945,-1.01318,0.742643
0.0241683,0.0460475,0.110914,-0.140937,-1.01437,0.735784
0.0241542,0.045946,0.110988,-0.140928,-1.01556,0.728926
0.0241401,0.0458444,0.11106,-0.140917,-1.01675,0.722067
0.024126,0.0457427,0.111132,-0.140905,-1.01793,0.715207
0.0241119,0.0456408,0.111203,-0.140892,-1.01909,0.708348
0.0240978,0.0455389,0.111274,-0.140877,-1.02026,0.701488
0.0240838,0.0454368,0.111344,-0.140861,-1.02141,0.694628
0.0240697,0.0453346,0.111413,-0.140844,-1.02256,0.687767
0.0240556,0.0452323,0.111481,-0.140826,-1.0237,0.680906
0.0240415,0.0451298,0.111549,-0.140806,-1.02484,0.674044
0.0240274,0.0450273,0.111616,-0.140785,-1.02597,0.667182
0.0240134,0.0449246,0.111682,-0.140764,-1.02709,0.660319
0.0239993,0.0448219,0.111748,-0.140741,-1.0282,0.653455
0.0239852,0.044719,0.111813,-0.140716,-1.02931,0.646591
0.0239711,0.044616,0.111877,-0.140691,-1.03041,0.639725
0.0239571,0.0445129,0.111941,-0.140665,-1.03151,0.63286
0.023943,0.0444097,0.112004,-0.140637,-1.0326,0.625993
0.0239289,0.0443064,0.112066,-0.140608,-1.03368,0.619125
0.0239149,0.044203,0.112128,-0.140579,-1.03475,0.612257
0.0239008,0.0440995,0.112189,-0.140548,-1.03582,0.605387
0.0238868,0.0439958,0.112249,-0.140516,-1.03688,0.598517
0.0238727,0.0438921,0.112308,-0.140484,-1.03794,0.591645
0.0238587,0.0437882,0.112367,-0.14045,-1.03899,0.584772
0.0238446,0.0436843,0.112425,-0.140415,-1.04003,0.577899
0.0238306,0.0435802,0.112483,-0.14038,-1.04107,0.571024
0.0238166,0.0434761,0.112539,-0.140343,-1.0421,0.564148
0.0238025,0.0433718,0.112595,-0.140305,-1.04312,0.55727
0.0237885,0.0432674,0.112651,-0.140267,-1.04414,0.550392
0.0237745,0.043163,0.112706,-0.140228,-1.04515,0.543512
0.0237604,0.0430584,0.11276,-0.140188,-1.04616,0.53663
0.0237464,0.0429537,0.112813,-0.140147,-1.04716,0.529747
0.0237324,0.042849,0.112866,-0.140105,-1.04815,0.522863
0.0237184,0.0427441,0.112917,-0.140062,-1.04914,0.515977
0.0237044,0.0426391,0.112969,-0.140018,-1.05012,0.50909
0.0236904,0.0425341,0.113019,-0.139974,-1.05109,0.502201
0.0236764,0.0424289,0.113069,-0.139929,-1.05206,0.49531
0.0236624,0.0423237,0.113118,-0.139883,-1.05303,0.488418
0.0236484,0.0422183,0.113167,-0.139837,-1.05398,0.481523
0.0236345,0.0421129,0.113215,-0.139789,-1.05493,0.474628
0.0236205,0.0420073,0.113262,-0.139742,-1.05588,0.46773
0.0236065,0.0419017,0.113308,-0.139693,-1.05682,0.46083
0.0235925,0.041796,0.113354,-0.139643,-1.05775,0.453929
0.0235786,0.0416902,0.113399,-0.139593,-1.05868,0.447025
0.0235646,0.0415842,0.113443,-0.139543,-1.0596,0.44012
0.0235507,0.0414782,0.113487,-0.139492,-1.06052,0.433212
0.0235367,0.0413721,0.11353,-0.13944,-1.06143,0.426303
0.0235228,0.041266,0.113572,-0.139387,-1.06233,0.419391
0.0235088,0.0411597,0.113614,-0.139334,-1.06323,0.412477
0.0234949,0.0410533,0.113655,-0.139281,-1.06412,0.405561
0.023481,0.0409468,0.113695,-0.139226,-1.06501,0.398642
0.0234671,0.0408403,0.113734,-0.139172,-1.06589,0.391721
0.0234532,0.0407337,0.113773,-0.139117,-1.06677,0.384798
0.0234392,0.040627,0.113811,-0.139061,-1.06764,0.377873
0.0234253,0.0405201,0.113849,-0.139005,-1.0685,0.370945
0.0234114,0.0404133,0.113886,-0.138948,-1.06936,0.364014
0.0233976,0.0403063,0.113922,-0.138891,-1.07021,0.357081
0.0233837,0.0401992,0.113957,-0.138834,-1.07106,0.350145
0.0233698,0.0400921,0.113992,-0.138776,-1.07191,0.343207
0.0233559,0.0399848,0.114026,-0.138717,-1.07274,0.336266
0.023342,0.0398775,0.114059,-0.138659,-1.07358,0.329322
0.0233282,0.0397701,0.114092,-0.1386,-1.0744,0.322375
0.0233143,0.0396626,0.114123,-0.13854,-1.07522,0.315425
0.0233005,0.0395551,0.114155,-0.138481,-1.07604,0.308473
0.0232866,0.0394474,0.114185,-0.138421,-1.07685,0.301518
0.0232728,0.0393397,0.114215,-0.13836,-1.07766,0.294559
0.023259,0.0392319,0.114244,-0.1383,-1.07846,0.287598
0.0232451,0.039124,0.114272,-0.138239,-1.07925,0.280633
0.0232313,0.039016,0.1143,-0.138178,-1.08004,0.273666
0.0232175,0.038908,0.114327,-0.138116,-1.08082,0.266695
0.0232037,0.0387999,0.114354,-0.138055,-1.0816,0.259721
0.0231899,0.0386917,0.114379,-0.137993,-1.08238,0.252744
0.0231761,0.0385834,0.114404,-0.137931,-1.08315,0.245763
0.0231623,0.038475,0.114428,-0.137869,-1.08391,0.238779
0.0231485,0.0383666,0.114452,-0.137806,-1.08467,0.231791
0.0231347,0.0382581,0.114475,-0.137744,-1.08542,0.2248
0.023121,0.0381495,0.114497,-0.137682,-1.08617,0.217806
0.0231072,0.0380409,0.114518,-0.137619,-1.08692,0.210808
0.0230934,0.0379322,0.114539,-0.137556,-1.08765,0.203806
0.0230797,0.0378234,0.114559,-0.137493,-1.08839,0.196801
0.0230659,0.0377145,0.114578,-0.137431,-1.08912,0.189791
0.0230522,0.0376055,0.114597,-0.137368,-1.08984,0.182778
0.0230385,0.0374965,0.114615,-0.137305,-1.09056,0.175762
0.0230247,0.0373874,0.114632,-0.137242,-1.09127,0.168741
0.023011,0.0372783,0.114649,-0.137179,-1.09198,0.161716
0.0229973,0.037169,0.114664,-0.137116,-1.09268,0.154688
0.0229836,0.0370597,0.11468,-0.137053,-1.09338,0.147655
0.0229699,0.0369503,0.114694,-0.136991,-1.09408,0.140618
0.0229562,0.0368409,0.114708,-0.136928,-1.09477,0.133577
0.0229425,0.0367314,0.114721,-0.136865,-1.09545,0.126532
0.0229288,0.0366218,0.114733,-0.136803,-1.09613,0.119482
0.0229151,0.0365122,0.114745,-0.136741,-1.09681,0.112428
0.0229015,0.0364025,0.114755,-0.136678,-1.09748,0.10537
0.0228878,0.0362927,0.114766,-0.136616,-1.09814,0.0983076
0.0228742,0.0361828,0.114775,-0.136555,-1.0988,0.0912405
0.0228605,0.0360729,0.114784,-0.136493,-1.09946,0.0841689
0.0228469,0.0359629,0.114792,-0.136432,-1.10011,0.0770926
0.0228332,0.0358529,0.114799,-0.136371,-1.10076,0.0700117
0.0228196,0.0357428,0.114806,-0.13631,-1.1014,0.0629261
0.022806,0.0356326,0.114812,-0.136249,-1.10204,0.0558357
0.0227923,0.0355224,0.114817,-0.136189,-1.10267,0.0487405
0.0227787,0.0354121,0.114822,-0.136129,-1.1033,0.0416404
0.0227651,0.0353017,0.114825,-0.136069,-1.10392,0.0345354
0.0227515,0.0351913,0.114829,-0.136009,-1.10454,0.0274253
0.0227379,0.0350808,0.114831,-0.13595,-1.10516,0.0203103
0.0227243,0.0349703,0.114833,-0.135892,-1.10577,0.0131901
0.0227107,0.0348596,0.114834,-0.135833,-1.10637,0.00606475
0.0226971,0.034749,0.114834,-0.135775,-1.10697,-0.00106581
0.0226836,0.0346383,0.114833,-0.135718,-1.10757,-0.00820166
0.02267,0.0345275,0.114832,-0.135661,-1.10816,-0.0153429
0.0226564,0.0344166,0.11483,-0.135604,-1.10875,-0.0224894
0.0226429,0.0343057,0.114828,-0.135548,-1.10934,-0.0296415
0.0226293,0.0341948,0.114824,-0.135493,-1.10991,-0.0367991
0.0226158,0.0340837,0.11482,-0.135438,-1.11049,-0.0439622
0.0226022,0.0339727,0.114816,-0.135383,-1.11106,-0.051131
0.0225887,0.0338615,0.11481,-0.135329,-1.11163,-0.0583055
0.0225752,0.0337503,0.114804,-0.135276,-1.11219,-0.0654858
0.0225616,0.0336391,0.114797,-0.135223,-1.11274,-0.0726719
0.0225481,0.0335278,0.114789,-0.135171,-1.1133,-0.0798638
0.0225346,0.0334164,0.114781,-0.135119,-1.11385,-0.0870618
0.0225211,0.033305,0.114772,-0.135068,-1.11439,-0.0942657
0.0225076,0.0331935,0.114762,-0.135018,-1.11493,-0.101476
0.0224941,0.033082,0.114752,-0.134968,-1.11547,-0.108692
0.0224806,0.0329705,0.11474,-0.134919,-1.116,-0.115914
0.0224671,0.0328588,0.114728,-0.134871,-1.11653,-0.123143
0.0224536,0.0327472,0.114716,-0.134823,-1.11705,-0.130378
0.0224402,0.0326354,0.114702,-0.134776,-1.11757,-0.137619
0.0224267,0.0325236,0.114688,-0.13473,-1.11808,-0.144867
0.0224132,0.0324118,0.114673,-0.134685,-1.11859,-0.152121
0.0223997,0.0322999,0.114658,-0.134641,-1.1191,-0.159382
0.0223863,0.032188,0.114642,-0.134597,-1.1196,-0.16665
0.0223728,0.032076,0.114625,-0.134554,-1.1201,-0.173924
0.0223594,0.031964,0.114607,-0.134512,-1.12059,-0.181205
0.0223459,0.0318519,0.114588,-0.134471,-1.12108,-0.188493
0.0223325,0.0317397,0.114569,-0.134431,-1.12157,-0.195788
0.022319,0.0316276,0.114549,-0.134392,-1.12205,-0.20309
0.0223056,0.0315153,0.114528,-0.134354,-1.12253,-0.210398
0.0222922,0.0314031,0.114507,-0.134317,-1.123,-0.217715
0.0222787,0.0312907,0.114485,-0.13428,-1.12347,-0.225038
0.0222653,0.0311784,0.114462,-0.134245,-1.12394,-0.232368
0.0222519,0.0310659,0.114438,-0.134211,-1.1244,-0.239706
0.0222385,0.0309535,0.114414,-0.134177,-1.12486,-0.247051
0.022225,0.030841,0.114389,-0.134145,-1.12531,-0.254404
0.0222116,0.0307284,0.114363,-0.134114,-1.12576,-0.261764
0.0221982,0.0306158,0.114337,-0.134084,-1.12621,-0.269132
0.0221848,0.0305032,0.114309,-0.134055,-1.12665,-0.276508
0.0221714,0.0303905,0.114281,-0.134027,-1.12709,-0.283891
0.022158,0.0302778,0.114253,-0.134001,-1.12752,-0.291282
0.0221446,0.030165,0.114223,-0.133975,-1.12795,-0.298681
0.0221312,0.0300522,0.114193,-0.133951,-1.12837,-0.306089
0.0221178,0.0299393,0.114162,-0.133928,-1.1288,-0.313504
0.0221044,0.0298264,0.11413,-0.133906,-1.12921,-0.320927
0.022091,0.0297135,0.114098,-0.133886,-1.12963,-0.328359
0.0220777,0.0296005,0.114064,-0.133867,-1.13004,-0.335798
0.0220643,0.0294875,0.114031,-0.133849,-1.13044,-0.343247
0.0220509,0.0293744,0.113996,-0.133832,-1.13085,-0.350703
0.0220375,0.0292613,0.11396,-0.133817,-1.13125,-0.358168
0.0220241,0.0291482,0.113924,-0.133803,-1.13164,-0.365642
0.0220107,0.029035,0.113887,-0.133791,-1.13203,-0.373124
0.0219974,0.0289217,0.11385,-0.13378,-1.13242,-0.380616
0.021984,0.0288085,0.113811,-0.13377,-1.1328,-0.388116
0.0219706,0.0286952,0.113772,-0.133762,-1.13318,-0.395625
0.0219572,0.0285819,0.113732,-0.133755,-1.13356,-0.403143
0.0219439,0.0284685,0.113691,-0.13375,-1.13393,-0.41067
0.0219305,0.0283551,0.11365,-0.133746,-1.1343,-0.418206
0.0219171,0.0282416,0.113608,-0.133744,-1.13466,-0.425751
0.0219037,0.0281281,0.113565,-0.133744,-1.13502,-0.433306
0.0218904,0.0280146,0.113521,-0.133745,-1.13538,-0.44087
0.021877,0.0279011,0.113477,-0.133748,-1.13573,-0.448444
0.0218636,0.0277875,0.113431,-0.133752,-1.13608,-0.456027
0.0218502,0.0276738,0.113385,-0.133758,-1.13643,-0.46362
0.0218369,0.0275602,0.113339,-0.133766,-1.13677,-0.471223
0.0218235,0.0274465,0.113291,-0.133775,-1.13711,-0.478835
0.0218101,0.0273328,0.113243,-0.133786,-1.13744,-0.486458
0.0217967,0.027219,0.113194,-0.133799,-1.13777,-0.49409
0.0217833,0.0271052,0.113144,-0.133814,-1.1381,-0.501733
0.02177,0.0269914,0.113093,-0.13383,-1.13842,-0.509386
0.0217566,0.0268775,0.113042,-0.133848,-1.13874,-0.517049
0.0217432,0.0267636,0.11299,-0.133869,-1.13906,-0.524722
0.0217298,0.0266497,0.112937,-0.133891,-1.13937,-0.532406
0.0217164,0.0265358,0.112884,-0.133915,-1.13968,-0.5401
0.021703,0.0264218,0.112829,-0.133941,-1.13998,-0.547806
0.0216896,0.0263078,0.112774,-0.133968,-1.14028,-0.555521
0.0216762,0.0261937,0.112718,-0.133998,-1.14058,-0.563248
0.0216628,0.0260796,0.112661,-0.13403,-1.14088,-0.570986
0.0216494,0.0259655,0.112604,-0.134064,-1.14117,-0.578734
0.021636,0.0258514,0.112546,-0.1341,-1.14145,-0.586494
0.0216226,0.0257373,0.112487,-0.134138,-1.14173,-0.594265
0.0216092,0.0256231,0.112427,-0.134178,-1.14201,-0.602047
0.0215958,0.0255089,0.112366,-0.13422,-1.14229,-0.609841
0.0215823,0.0253946,0.112305,-0.134265,-1.14256,-0.617646
0.0215689,0.0252803,0.112243,-0.134311,-1.14283,-0.625463
0.0215555,0.025166,0.11218,-0.13436,-1.1431,-0.633292
0.021542,0.0250517,0.112116,-0.134411,-1.14336,-0.641132
0.0215286,0.0249374,0.112051,-0.134465,-1.14361,-0.648985
0.0215151,0.024823,0.111986,-0.134521,-1.14387,-0.656849
0.0215017,0.0247086,0.11192,-0.134579,-1.14412,-0.664726
0.0214882,0.0245942,0.111853,-0.134639,-1.14437,-0.672614
0.0214748,0.0244797,0.111786,-0.134702,-1.14461,-0.680515
0.0214613,0.0243653,0.111717,-0.134767,-1.14485,-0.688429
0.0214478,0.0242508,0.111648,-0.134835,-1.14508,-0.696355
0.0214343,0.0241362,0.111578,-0.134905,-1.14532,-0.704294
0.0214208,0.0240217,0.111507,-0.134978,-1.14555,-0.712245
0.0214073,0.0239071,0.111435,-0.135053,-1.14577,-0.72021
0.0213938,0.0237925,0.111363,-0.13513,-1.14599,-0.728187
0.0213803,0.0236779,0.11129,-0.135211,-1.14621,-0.736178
0.0213668,0.0235633,0.111216,-0.135294,-1.14643,-0.744181
0.0213532,0.0234486,0.111141,-0.135379,-1.14664,-0.752199
0.0213397,0.023334,0.111065,-0.135468,-1.14684,-0.760229
0.0213261,0.0232193,0.110989,-0.135559,-1.14705,-0.768273
0.0213126,0.0231046,0.110912,-0.135653,-1.14725,-0.776331
0.021299,0.0229898,0.110834,-0.135749,-1.14744,-0.784403
0.0212854,0.0228751,0.110755,-0.135849,-1.14764,-0.792488
0.0212718,0.0227603,0.110675,-0.135951,-1.14783,-0.800588
0.0212582,0.0226455,0.110595,-0.136056,-1.14801,-0.808701
0.0212446,0.0225307,0.110513,-0.136164,-1.1482,-0.816829
0.021231,0.0224159,0.110431,-0.136275,-1.14837,-0.824972
0.0212174,0.022301,0.110348,-0.136389,-1.14855,-0.833129
0.0212037,0.0221862,0.110265,-0.136506,-1.14872,-0.8413
0.0211901,0.0220713,0.11018,-0.136626,-1.14889,-0.849486
0.0211764,0.0219564,0.110095,-0.136749,-1.14905,-0.857688
0.0211627,0.0218415,0.110009,-0.136876,-1.14921,-0.865904
0.021149,0.0217265,0.109922,-0.137005,-1.14937,-0.874136
0.0211353,0.0216116,0.109834,-0.137138,-1.14953,-0.882382
0.0211216,0.0214966,0.109745,-0.137274,-1.14968,-0.890645
0.0211079,0.0213817,0.109656,-0.137413,-1.14982,-0.898922
0.0210941,0.0212667,0.109565,-0.137555,-1.14996,-0.907216
0.0210804,0.0211517,0.109474,-0.137701,-1.1501,-0.915525
0.0210666,0.0210366,0.109382,-0.13785,-1.15024,-0.92385
0.0210528,0.0209216,0.109289,-0.138002,-1.15037,-0.932192
0.021039,0.0208066,0.109196,-0.138158,-1.1505,-0.940549
0.0210252,0.0206915,0.109101,-0.138318,-1.15063,-0.948924
0.0210113,0.0205764,0.109006,-0.138481,-1.15075,-0.957314
0.0209975,0.0204614,0.10891,-0.138647,-1.15086,-0.965721
0.0209836,0.0203463,0.108813,-0.138818,-1.15098,-0.974145
0.0209697,0.0202312,0.108715,-0.138991,-1.15109,-0.982587
0.0209558,0.0201161,0.108616,-0.139169,-1.1512,-0.991045
0.0209419,0.0200009,0.108517,-0.13935,-1.1513,-0.99952
0.0209279,0.0198858,0.108416,-0.139535,-1.1514,-1.00801
0.020914,0.0197707,0.108315,-0.139724,-1.15149,-1.01652
0.0209,0.0196555,0.108213,-0.139917,-1.15159,-1.02505
0.020886,0.0195403,0.10811,-0.140113,-1.15167,-1.0336
0.020872,0.0194252,0.108006,-0.140313,-1.15176,-1.04216
0.0208579,0.01931,0.107902,-0.140518,-1.15184,-1.05074
0.0208439,0.0191948,0.107796,-0.140726,-1.15192,-1.05934
0.0208298,0.0190796,0.10769,-0.140939,-1.15199,-1.06796
0.0208157,0.0189644,0.107583,-0.141156,-1.15206,-1.0766
0.0208015,0.0188492,0.107475,-0.141376,-1.15213,-1.08526
0.0207874,0.018734,0.107366,-0.141601,-1.15219,-1.09393
0.0207732,0.0186187,0.107256,-0.141831,-1.15225,-1.10263
0.020759,0.0185035,0.107145,-0.142064,-1.1523,-1.11134
0.0207448,0.0183883,0.107034,-0.142302,-1.15236,-1.12008
0.0207306,0.0182731,0.106921,-0.142544,-1.1524,-1.12883
0.0207163,0.0181578,0.106808,-0.142791,-1.15245,-1.1376
0.020702,0.0180426,0.106694,-0.143042,-1.15249,-1.1464
0.0206877,0.0179273,0.106578,-0.143298,-1.15252,-1.15521
0.0206733,0.0178121,0.106463,-0.143558,-1.15256,-1.16404
0.020659,0.0176968,0.106346,-0.143823,-1.15258,-1.1729
0.0206446,0.0175815,0.106228,-0.144092,-1.15261,-1.18177
0.0206302,0.0174663,0.106109,-0.144367,-1.15263,-1.19067
0.0206157,0.017351,0.10599,-0.144646,-1.15265,-1.19959
0.0206012,0.0172357,0.105869,-0.14493,-1.15266,-1.20853
0.0205867,0.0171205,0.105748,-0.145219,-1.15267,-1.21749
0.0205722,0.0170052,0.105626,-0.145512,-1.15268,-1.22647
0.0205576,0.0168899,0.105503,-0.145811,-1.15268,-1.23547
0.020543,0.0167747,0.105379,-0.146115,-1.15267,-1.2445
0.0205284,0.0166594,0.105254,-0.146424,-1.15267,-1.25355
0.0205137,0.0165441,0.105128,-0.146738,-1.15266,-1.26262
0.020499,0.0164289,0.105001,-0.147057,-1.15264,-1.27171
0.0204843,0.0163136,0.104874,-0.147382,-1.15262,-1.28083
0.0204696,0.0161984,0.104745,-0.147712,-1.1526,-1.28997
0.0204548,0.0160831,0.104616,-0.148047,-1.15258,-1.29913
0.02044,0.0159678,0.104485,-0.148388,-1.15255,-1.30832
0.0204251,0.0158526,0.104354,-0.148734,-1.15251,-1.31753
0.0204102,0.0157373,0.104222,-0.149086,-1.15247,-1.32676
0.0203953,0.0156221,0.104089,-0.149444,-1.15243,-1.33602
0.0203803,0.0155069,0.103955,-0.149807,-1.15238,-1.3453
0.0203653,0.0153916,0.10382,-0.150176,-1.15233,-1.35461
0.0203503,0.0152764,0.103684,-0.150551,-1.15228,-1.36394
0.0203352,0.0151612,0.103547,-0.150931,-1.15222,-1.3733
0.0203201,0.0150459,0.103409,-0.151318,-1.15215,-1.38268
0.020305,0.0149307,0.10327,-0.151711,-1.15209,-1.39209
0.0202898,0.0148155,0.103131,-0.152109,-1.15201,-1.40153
0.0202745,0.0147003,0.10299,-0.152514,-1.15194,-1.41099
0.0202593,0.0145851,0.102848,-0.152925,-1.15186,-1.42047
0.0202439,0.01447,0.102706,-0.153343,-1.15177,-1.42999
0.0202286,0.0143548,0.102562,-0.153767,-1.15168,-1.43953
0.0202132,0.0142396,0.102418,-0.154197,-1.15159,-1.4491
0.0201977,0.0141245,0.102273,-0.154634,-1.15149,-1.45869
0.0201823,0.0140093,0.102126,-0.155077,-1.15139,-1.46831
0.0201667,0.0138942,0.101979,-0.155527,-1.15128,-1.47796
0.0201512,0.0137791,0.101831,-0.155984,-1.15117,-1.48764
0.0201355,0.013664,0.101681,-0.156447,-1.15105,-1.49735
0.0201199,0.0135489,0.101531,-0.156918,-1.15093,-1.50708
0.0201042,0.0134338,0.10138,-0.157395,-1.15081,-1.51685
0.0200884,0.0133187,0.101228,-0.15788,-1.15068,-1.52664
0.0200726,0.0132036,0.101075,-0.158371,-1.15054,-1.53646
0.0200567,0.0130886,0.100921,-0.15887,-1.1504,-1.54632
0.0200408,0.0129736,0.100765,-0.159376,-1.15026,-1.5562
0.0200248,0.0128585,0.100609,-0.159889,-1.15011,-1.56611
0.0200088,0.0127435,0.100452,-0.16041,-1.14996,-1.57606
0.0199928,0.0126285,0.100294,-0.160939,-1.1498,-1.58603
0.0199766,0.0125136,0.100135,-0.161475,-1.14964,-1.59604
0.0199605,0.0123986,0.0999749,-0.162018,-1.14947,-1.60607
0.0199442,0.0122837,0.0998138,-0.16257,-1.1493,-1.61614
0.0199279,0.0121688,0.0996517,-0.163129,-1.14912,-1.62625
0.0199116,0.0120539,0.0994885,-0.163697,-1.14894,-1.63638
0.0198952,0.011939,0.0993244,-0.164272,-1.14875,-1.64655
0.0198788,0.0118241,0.0991592,-0.164856,-1.14856,-1.65675
0.0198622,0.0117093,0.098993,-0.165448,-1.14836,-1.66698
0.0198457,0.0115944,0.0988258,-0.166049,-1.14816,-1.67725
0.019829,0.0114796,0.0986576,-0.166657,-1.14795,-1.68755
0.0198123,0.0113648,0.0984883,-0.167275,-1.14773,-1.69789
0.0197956,0.0112501,0.098318,-0.167901,-1.14751,-1.70826
0.0197787,0.0111353,0.0981467,-0.168536,-1.14729,-1.71867
0.0197619,0.0110206,0.0979743,-0.16918,-1.14706,-1.72911
0.0197449,0.0109059,0.0978008,-0.169832,-1.14683,-1.73959
0.0197279,0.0107913,0.0976264,-0.170494,-1.14658,-1.7501
0.0197108,0.0106766,0.0974508,-0.171165,-1.14634,-1.76065
0.0196937,0.010562,0.0972742,-0.171845,-1.14609,-1.77124
0.0196764,0.0104474,0.0970966,-0.172535,-1.14583,-1.78187
0.0196592,0.0103328,0.0969179,-0.173235,-1.14557,-1.79253
0.0196418,0.0102183,0.0967381,-0.173944,-1.1453,-1.80324
0.0196244,0.0101038,0.0965572,-0.174662,-1.14502,-1.81398
0.0196069,0.00998928,0.0963753,-0.175391,-1.14474,-1.82476
0.0195893,0.00987482,0.0961923,-0.17613,-1.14446,-1.83558
0.0195716,0.00976039,0.0960082,-0.176878,-1.14416,-1.84644
0.0195539,0.00964598,0.095823,-0.177637,-1.14386,-1.85734
0.0195361,0.00953161,0.0956367,-0.178407,-1.14356,-1.86828
0.0195182,0.00941727,0.0954493,-0.179187,-1.14325,-1.87926
0.0195003,0.00930296,0.0952608,-0.179978,-1.14293,-1.89028
0.0194822,0.00918869,0.0950713,-0.180779,-1.14261,-1.90135
0.0194641,0.00907444,0.0948806,-0.181591,-1.14228,-1.91246
0.0194459,0.00896023,0.0946888,-0.182415,-1.14194,-1.92361
0.0194276,0.00884605,0.0944958,-0.183249,-1.1416,-1.9348
0.0194093,0.00873191,0.0943018,-0.184095,-1.14125,-1.94604
0.0193908,0.0086178,0.0941066,-0.184953,-1.14089,-1.95732
0.0193723,0.00850373,0.0939103,-0.185822,-1.14053,-1.96865
0.0193536,0.0083897,0.0937129,-0.186703,-1.14016,-1.98002
0.0193349,0.0082757,0.0935143,-0.187595,-1.13978,-1.99144
0.0193161,0.00816174,0.0933146,-0.1885,-1.1394,-2.00291
0.0193161,0.00816174,0.0933146,-0.1885,-1.1394,-2.00291
0.0192972,0.00804774,0.0931138,-0.19037,-1.14075,-2.01277
0.0192781,0.00793359,0.0929121,-0.192252,-1.1421,-2.02268
0.0192587,0.00781932,0.0927093,-0.194147,-1.14344,-2.03263
0.0192392,0.00770491,0.0925055,-0.196056,-1.14477,-2.04263
0.0192195,0.00759036,0.0923008,-0.197977,-1.14609,-2.05269
0.0191996,0.00747569,0.092095,-0.199912,-1.1474,-2.06279
0.0191795,0.00736088,0.0918882,-0.20186,-1.14871,-2.07294
0.0191593,0.00724595,0.0916804,-0.203821,-1.15001,-2.08314
0.0191388,0.00713088,0.0914716,-0.205797,-1.1513,-2.0934
0.0191181,0.00701569,0.0912617,-0.207786,-1.15258,-2.1037
0.0190972,0.00690036,0.0910508,-0.20979,-1.15386,-2.11406
0.0190761,0.00678491,0.0908389,-0.211808,-1.15512,-2.12447
0.0190549,0.00666934,0.0906259,-0.21384,-1.15638,-2.13494
0.0190334,0.00655364,0.0904119,-0.215887,-1.15763,-2.14546
0.0190117,0.00643781,0.0901968,-0.217949,-1.15887,-2.15603
0.0189898,0.00632187,0.0899807,-0.220025,-1.1601,-2.16666
0.0189677,0.00620579,0.0897635,-0.222117,-1.16132,-2.17735
0.0189454,0.0060896,0.0895452,-0.224224,-1.16253,-2.18809
0.0189228,0.00597329,0.0893259,-0.226346,-1.16373,-2.19889
0.0189001,0.00585686,0.0891055,-0.228484,-1.16492,-2.20974
0.0189001,0.00585686,0.0891055,-0.228484,-1.16492,-2.20974
0.0188771,0.00574033,0.0888839,-0.231196,-1.16559,-2.22145
0.0188538,0.00562374,0.0886612,-0.233924,-1.16625,-2.23322
0.0188303,0.00550708,0.0884372,-0.236669,-1.1669,-2.24505
0.0188065,0.00539036,0.0882121,-0.239429,-1.16754,-2.25694
0.0187824,0.00527358,0.0879859,-0.242206,-1.16817,-2.2689
0.0187581,0.00515673,0.0877584,-0.245,-1.16879,-2.28091
0.0187334,0.00503982,0.0875297,-0.247811,-1.16939,-2.29299
0.0187085,0.00492285,0.0872998,-0.250639,-1.16999,-2.30513
0.0186833,0.00480582,0.0870686,-0.253485,-1.17057,-2.31734
0.0186578,0.00468874,0.0868363,-0.256348,-1.17114,-2.32961
0.018632,0.00457159,0.0866027,-0.259229,-1.1717,-2.34195
0.018606,0.0044544,0.0863679,-0.262128,-1.17225,-2.35435
0.0185796,0.00433714,0.0861318,-0.265045,-1.17279,-2.36682
0.018553,0.00421984,0.0858945,-0.267981,-1.17331,-2.37937
0.018526,0.00410248,0.085656,-0.270936,-1.17382,-2.39198
0.0184988,0.00398507,0.0854161,-0.27391,-1.17432,-2.40466
0.0184712,0.00386762,0.085175,-0.276903,-1.17481,-2.41742
0.0184434,0.00375011,0.0849327,-0.279915,-1.17528,-2.43024
0.0184152,0.00363256,0.084689,-0.282948,-1.17573,-2.44314
0.0183868,0.00351497,0.084444,-0.286001,-1.17618,-2.45612
0.018358,0.00339733,0.0841978,-0.289074,-1.17661,-2.46917
0.018329,0.00327965,0.0839502,-0.292167,-1.17703,-2.4823
0.0182996,0.00316192,0.0837013,-0.295282,-1.17743,-2.4955
0.0182699,0.00304416,0.0834511,-0.298418,-1.17781,-2.50878
0.0182399,0.00292636,0.0831995,-0.301575,-1.17818,-2.52215
0.0182096,0.00280852,0.0829467,-0.304754,-1.17854,-2.53559
0.018179,0.00269065,0.0826924,-0.307956,-1.17888,-2.54911
0.018148,0.00257275,0.0824368,-0.311179,-1.1792,-2.56272
0.0181167,0.00245481,0.0821799,-0.314426,-1.17951,-2.57642
0.0180851,0.00233685,0.0819215,-0.317696,-1.1798,-2.59019
0.0180532,0.00221885,0.0816618,-0.320989,-1.18008,-2.60406
0.0180209,0.00210083,0.0814007,-0.324306,-1.18034,-2.61801
0.0179883,0.00198279,0.0811382,-0.327647,-1.18057,-2.63205
0.0179554,0.00186472,0.0808743,-0.331012,-1.1808,-2.64618
0.0179221,0.00174663,0.080609,-0.334403,-1.181,-2.6604
0.0178885,0.00162852,0.0803422,-0.337819,-1.18119,-2.67471
0.0178546,0.00151039,0.080074,-0.34126,-1.18135,-2.68912
0.0178203,0.00139225,0.0798044,-0.344727,-1.1815,-2.70363
0.0177856,0.00127409,0.0795333,-0.348221,-1.18162,-2.71823
0.0177506,0.00115592,0.0792608,-0.351742,-1.18173,-2.73293
0.0177153,0.00103775,0.0789867,-0.355289,-1.18182,-2.74773
0.0176796,0.000919562,0.0787112,-0.358865,-1.18188,-2.76263
0.0176435,0.000801372,0.0784342,-0.362468,-1.18193,-2.77763
0.0176071,0.000683178,0.0781557,-0.3661,-1.18195,-2.79274
0.0175703,0.000564983,0.0778756,-0.369761,-1.18195,-2.80795
0.0175331,0.000446789,0.0775941,-0.373452,-1.18192,-2.82327
0.0174956,0.000328599,0.077311,-0.377172,-1.18188,-2.8387
0.0174577,0.000210414,0.0770263,-0.380923,-1.18181,-2.85424
0.0174194,9.22379e-05,0.0767401,-0.384705,-1.18171,-2.86989
0.0173807,-2.59277e-05,0.0764524,-0.388518,-1.18159,-2.88566
0.0173417,-0.00014408,0.076163,-0.392363,-1.18145,-2.90154
0.0173023,-0.000262217,0.075872,-0.39624,-1.18128,-2.91754
0.0172624,-0.000380335,0.0755795,-0.400151,-1.18108,-2.93367
0.0172222,-0.000498432,0.0752853,-0.404095,-1.18086,-2.94991
0.0171816,-0.000616506,0.0749895,-0.408073,-1.18061,-2.96628
0.0171406,-0.000734552,0.074692,-0.412086,-1.18033,-2.98277
0.0170992,-0.00085257,0.0743929,-0.416135,-1.18002,-2.99939
0.0170574,-0.000970555,0.0740922,-0.420219,-1.17968,-3.01614
0.0170152,-0.0010885,0.0737897,-0.42434,-1.17931,-3.03302
0.0169725,-0.00120642,0.0734856,-0.428498,-1.17891,-3.05004
0.0169295,-0.00132429,0.0731797,-0.432694,-1.17848,-3.06719
0.016886,-0.00144211,0.0728721,-0.436929,-1.17801,-3.08448
0.0168421,-0.00155989,0.0725628,-0.441202,-1.17752,-3.10191
0.0167977,-0.00167761,0.0722517,-0.445516,-1.17699,-3.11949
0.016753,-0.00179528,0.0719389,-0.449871,-1.17642,-3.13721
0.0167078,-0.00191289,0.0716243,-0.454267,-1.17582,-3.15509
0.0166621,-0.00203044,0.0713079,-0.458706,-1.17518,-3.17311
0.016616,-0.00214793,0.0709897,-0.463187,-1.1745,-3.19128
0.0165695,-0.00226534,0.0706696,-0.467712,-1.17379,-3.20962
0.0165225,-0.00238269,0.0703477,-0.472283,-1.17303,-3.22811
0.016475,-0.00249995,0.070024,-0.476898,-1.17224,-3.24677
0.0164271,-0.00261713,0.0696984,-0.48156,-1.17141,-3.26559
0.0163787,-0.00273423,0.0693709,-0.48627,-1.17053,-3.28458
0.0163298,-0.00285124,0.0690414,-0.491028,-1.16961,-3.30374
0.0162805,-0.00296815,0.0687101,-0.495835,-1.16864,-3.32308
0.0162307,-0.00308496,0.0683768,-0.500693,-1.16763,-3.34259
0.0161804,-0.00320167,0.0680416,-0.505602,-1.16657,-3.36229
0.0161295,-0.00331828,0.0677044,-0.510563,-1.16546,-3.38217
0.0160782,-0.00343476,0.0673651,-0.515577,-1.16431,-3.40224
0.0160264,-0.00355113,0.0670239,-0.520647,-1.1631,-3.4225
0.0159741,-0.00366738,0.0666806,-0.525772,-1.16184,-3.44296
0.0159213,-0.0037835,0.0663353,-0.530953,-1.16052,-3.46361
0.0158679,-0.00389948,0.0659879,-0.536193,-1.15915,-3.48448
0.015814,-0.00401533,0.0656384,-0.541493,-1.15773,-3.50554
0.0157596,-0.00413103,0.0652868,-0.546853,-1.15624,-3.52683
0.0157047,-0.00424658,0.064933,-0.552274,-1.1547,-3.54832
0.0156492,-0.00436197,0.0645771,-0.55776,-1.15309,-3.57004
0.0155931,-0.00447719,0.064219,-0.56331,-1.15142,-3.59199
0.0155365,-0.00459225,0.0638587,-0.568926,-1.14969,-3.61417
0.0154793,-0.00470713,0.0634962,-0.574611,-1.14789,-3.63658
0.0154216,-0.00482182,0.0631314,-0.580364,-1.14601,-3.65923
0.0153632,-0.00493633,0.0627643,-0.586189,-1.14407,-3.68212
0.0153043,-0.00505063,0.062395,-0.592086,-1.14205,-3.70527
0.0152448,-0.00516474,0.0620233,-0.598057,-1.13996,-3.72868
0.0151847,-0.00527862,0.0616492,-0.604105,-1.13779,-3.75234
0.015124,-0.00539229,0.0612728,-0.61023,-1.13554,-3.77628
0.0150627,-0.00550573,0.0608939,-0.616436,-1.1332,-3.80049
0.0150007,-0.00561893,0.0605127,-0.622723,-1.13078,-3.82497
0.0149381,-0.00573188,0.0601289,-0.629095,-1.12827,-3.84975
0.0148749,-0.00584458,0.0597427,-0.635552,-1.12567,-3.87482
0.014811,-0.00595701,0.059354,-0.642097,-1.12298,-3.90019
0.0147465,-0.00606917,0.0589627,-0.648734,-1.12019,-3.92587
0.0146813,-0.00618105,0.0585688,-0.655463,-1.1173,-3.95186
0.0146154,-0.00629263,0.0581723,-0.662287,-1.1143,-3.97817
0.0145488,-0.00640391,0.0577731,-0.669209,-1.11119,-4.00482
0.0144815,-0.00651486,0.0573713,-0.676232,-1.10798,-4.0318
0.0144135,-0.0066255,0.0569668,-0.683358,-1.10465,-4.05914
0.0143448,-0.00673579,0.0565595,-0.69059,-1.1012,-4.08683
0.0142754,-0.00684573,0.0561494,-0.697931,-1.09762,-4.11488
0.0142053,-0.00695531,0.0557365,-0.705384,-1.09392,-4.14331
0.0141343,-0.00706451,0.0553207,-0.712952,-1.09009,-4.17212
0.0140627,-0.00717332,0.054902,-0.72064,-1.08612,-4.20133
0.0139902,-0.00728173,0.0544804,-0.728449,-1.08201,-4.23094
0.013917,-0.00738972,0.0540558,-0.736384,-1.07775,-4.26097
0.0138429,-0.00749728,0.0536282,-0.744449,-1.07333,-4.29143
0.0137681,-0.00760438,0.0531975,-0.752647,-1.06876,-4.32233
0.0136924,-0.00771102,0.0527637,-0.760982,-1.06402,-4.35368
0.0136159,-0.00781718,0.0523268,-0.76946,-1.05912,-4.38549
0.0135385,-0.00792284,0.0518866,-0.778084,-1.05403,-4.41778
0.0134603,-0.00802798,0.0514432,-0.786858,-1.04876,-4.45057
0.0133811,-0.00813259,0.0509965,-0.795789,-1.04329,-4.48386
0.0133011,-0.00823663,0.0505464,-0.804881,-1.03762,-4.51767
0.0132201,-0.0083401,0.0500929,-0.814139,-1.03175,-4.55203
0.0131383,-0.00844297,0.049636,-0.823569,-1.02565,-4.58693
0.0130554,-0.00854523,0.0491755,-0.833176,-1.01933,-4.62241
0.0129716,-0.00864683,0.0487115,-0.842968,-1.01277,-4.65848
0.0128868,-0.00874777,0.0482438,-0.85295,-1.00597,-4.69515
0.012801,-0.00884802,0.0477725,-0.86313,-0.998903,-4.73246
0.0127142,-0.00894754,0.0472973,-0.873514,-0.991568,-4.77041
0.0126263,-0.00904632,0.0468183,-0.884109,-0.983951,-4.80903
0.0125374,-0.00914432,0.0463355,-0.894925,-0.976038,-4.84835
0.0124473,-0.00924152,0.0458487,-0.905969,-0.967816,-4.88838
0.0123562,-0.00933788,0.0453578,-0.917249,-0.95927,-4.92916
0.0122639,-0.00943336,0.0448628,-0.928776,-0.950384,-4.9707
0.0121704,-0.00952794,0.0443636,-0.940559,-0.941142,-5.01304
0.0120757,-0.00962158,0.0438602,-0.952608,-0.931525,-5.0562
0.0119799,-0.00971423,0.0433523,-0.964934,-0.921516,-5.10022
0.0118827,-0.00980587,0.0428401,-0.977549,-0.911093,-5.14513
0.0117843,-0.00989644,0.0423233,-0.990465,-0.900235,-5.19095
0.0116846,-0.0099859,0.0418019,-1.00369,-0.88892,-5.23774
0.0115836,-0.0100742,0.0412757,-1.01725,-0.877122,-5.28551
0.0114812,-0.0101613,0.0407447,-1.03115,-0.864815,-5.33432
0.0113774,-0.0102472,0.0402088,-1.04541,-0.85197,-5.38421
0.0112721,-0.0103317,0.0396678,-1.06004,-0.838558,-5.43522
0.0111653,-0.0104148,0.0391217,-1.07507,-0.824544,-5.4874
0.0110571,-0.0104966,0.0385703,-1.09051,-0.809894,-5.5408
0.0109472,-0.0105768,0.0380135,-1.10638,-0.79457,-5.59546
0.0108358,-0.0106555,0.0374512,-1.1227,-0.77853,-5.65146
0.0107227,-0.0107325,0.0368832,-1.1395,-0.76173,-5.70885
0.0106078,-0.0108078,0.0363094,-1.1568,-0.744121,-5.76769
0.0104913,-0.0108813,0.0357296,-1.17462,-0.725651,-5.82806
0.0103729,-0.0109529,0.0351437,-1.19301,-0.706263,-5.89002
0.0102527,-0.0110225,0.0345515,-1.21198,-0.685894,-5.95365
0.0101305,-0.01109,0.0339529,-1.23157,-0.664477,-6.01904
0.0100063,-0.0111554,0.0333477,-1.25183,-0.641938,-6.08629
0.0098801,-0.0112184,0.0327356,-1.27277,-0.618195,-6.15547
0.00975174,-0.0112789,0.0321165,-1.29446,-0.593159,-6.22671
0.00962118,-0.011337,0.0314902,-1.31694,-0.566733,-6.30011
0.00948833,-0.0113922,0.0308564,-1.34025,-0.538808,-6.3758
0.0093531,-0.0114447,0.0302149,-1.36445,-0.509265,-6.4539
0.00921541,-0.011494,0.0295655,-1.3896,-0.477972,-6.53455
0.00907515,-0.0115402,0.0289079,-1.41578,-0.444782,-6.61792
0.00893222,-0.0115829,0.0282419,-1.44304,-0.409532,-6.70416
0.0087865,-0.011622,0.027567,-1.47147,-0.372038,-6.79346
0.00863788,-0.0116573,0.0268831,-1.50117,-0.332095,-6.88602
0.00848622,-0.0116884,0.0261897,-1.53222,-0.289475,-6.98205
0.00833139,-0.0117151,0.0254865,-1.56474,-0.243918,-7.08179
0.00817322,-0.011737,0.0247732,-1.59884,-0.195129,-7.18551
0.00801156,-0.011754,0.0240493,-1.63468,-0.142776,-7.29348
0.00784622,-0.0117655,0.0233143,-1.67239,-0.0864763,-7.40603
0.00767701,-0.0117711,0.0225679,-1.71215,-0.0257952,-7.5235
0.00767701,-0.0117711,0.0225679,-1.71215,-0.0257952,-7.5235
0.00750377,-0.0117705,0.0218094,-1.75317,0.0388483,-7.64725
0.0073263,-0.0117632,0.0210383,-1.79667,0.108958,-7.77674
0.00714434,-0.0117485,0.0202539,-1.84288,0.18521,-7.91245
0.00695762,-0.0117259,0.0194556,-1.89211,0.268396,-8.0549
0.00676581,-0.0116946,0.0186426,-1.94469,0.359449,-8.2047
0.00656856,-0.0116537,0.0178144,-2.001,0.459472,-8.36251
0.00636547,-0.0116023,0.0169698,-2.0615,0.569782,-8.52907
0.0061561,-0.0115393,0.0161082,-2.12672,0.691965,-8.70522
0.00593995,-0.0114635,0.0152285,-2.19729,0.827942,-8.8919
0.00571644,-0.0113732,0.0143295,-2.27396,0.980063,-9.09017
0.00548492,-0.0112668,0.01341,-2.35762,1.15124,-9.3012
0.00524465,-0.0111422,0.0124687,-2.44935,1.34509,-9.52629
0.00499474,-0.0109969,0.0115042,-2.55047,1.56622,-9.76687
0.00473419,-0.0108279,0.0105148,-2.66259,1.8205,-10.0244
0.00446179,-0.0106314,0.00949871,-2.78772,2.11558,-10.3006
0.00417613,-0.0104031,0.00845403,-2.92837,2.46154,-10.5966
0.00387549,-0.010137,0.0073787,-3.0877,2.87193,-10.9135
0.00355783,-0.00982592,0.00627064,-3.26968,3.36525,-11.251
0.00322064,-0.00946034,0.00512788,-3.47934,3.96725,-11.6067
0.00286084,-0.00902766,0.00394894,-3.72292,4.71445,-11.9728
0.00247468,-0.0085109,0.00273356,-4.00774,5.6593,-12.331
0.00205767,-0.00788674,0.00148431,-4.34112,6.87726,-12.6406
0.00160471,-0.00712289,0.000209867,-4.72629,8.47351,-12.8137
0.00111109,-0.00617515,-0.00106793,-5.14953,10.5764,-12.6642
0.00057554,-0.00498771,-0.00230035,-5.54668,13.2681,-11.8256
8.27857e-06,-0.00350811,-0.00339084,-5.74301,16.336,-9.72465
-0.000556822,-0.00173765,-0.00418947,-5.46085,18.8761,-6.00162
