0.0019,0.0488,0,0,0,4.7163
0.00189992,0.0487979,0.000471629,-0.00160651,-0.0418007,4.71621
0.00189968,0.0487916,0.000943229,-0.00322121,-0.0835966,4.71572
0.00189928,0.0487812,0.00141476,-0.00484392,-0.125383,4.71482
0.00189871,0.0487666,0.00188618,-0.00647445,-0.167156,4.71352
0.00189798,0.0487478,0.00235745,-0.00811264,-0.20891,4.71181
0.00189709,0.0487248,0.00282853,-0.00975829,-0.25064,4.7097
0.00189603,0.0486976,0.00329938,-0.0114112,-0.292344,4.70718
0.0018948,0.0486663,0.00376995,-0.0130712,-0.334015,4.70426
0.00189341,0.0486308,0.00424022,-0.0147382,-0.37565,4.70094
0.00189186,0.0485912,0.00471013,-0.0164119,-0.417243,4.69722
0.00189013,0.0485474,0.00517965,-0.0180921,-0.458791,4.69309
0.00188824,0.0484994,0.00564873,-0.0197786,-0.500289,4.68856
0.00188618,0.0484473,0.00611734,-0.0214713,-0.541732,4.68364
0.00188394,0.0483911,0.00658545,-0.02317,-0.583116,4.67831
0.00188154,0.0483307,0.00705299,-0.0248744,-0.624436,4.67258
0.00187897,0.0482662,0.00751995,-0.0265844,-0.665689,4.66646
0.00187622,0.0481976,0.00798627,-0.0282998,-0.706869,4.65993
0.00187331,0.0481248,0.00845192,-0.0300204,-0.747972,4.65302
0.00187022,0.048048,0.00891686,-0.031746,-0.788994,4.6457
0.00186696,0.047967,0.00938105,-0.0334763,-0.829931,4.638
0.00186352,0.047882,0.00984445,-0.0352113,-0.870777,4.6299
0.00185992,0.0477929,0.010307,-0.0369506,-0.911529,4.6214
0.00185613,0.0476997,0.0107687,-0.0386942,-0.952182,4.61252
0.00185218,0.0476024,0.0112295,-0.0404417,-0.992733,4.60325
0.00184805,0.0475012,0.0116894,-0.042193,-1.03318,4.59359
0.00184374,0.0473958,0.0121482,-0.0439479,-1.07351,4.58355
0.00183926,0.0472865,0.012606,-0.0457062,-1.11372,4.57312
0.0018346,0.0471731,0.0130628,-0.0474676,-1.15382,4.56231
0.00182976,0.0470557,0.0135185,-0.0492321,-1.19379,4.55112
0.00182475,0.0469343,0.013973,-0.0509993,-1.23364,4.53954
0.00181956,0.046809,0.0144264,-0.0527691,-1.27335,4.5276
0.0018142,0.0466797,0.0148785,-0.0545412,-1.31292,4.51527
0.00180865,0.0465464,0.0153294,-0.0563155,-1.35236,4.50257
0.00180293,0.0464092,0.015779,-0.0580918,-1.39165,4.4895
0.00179704,0.0462681,0.0162273,-0.0598698,-1.43079,4.47606
0.00179096,0.046123,0.0166742,-0.0616494,-1.46978,4.46225
0.00178471,0.0459741,0.0171198,-0.0634303,-1.50862,4.44807
0.00177827,0.0458213,0.0175638,-0.0652123,-1.54729,4.43353
0.00177166,0.0456647,0.0180065,-0.0669953,-1.5858,4.41863
0.00176487,0.0455042,0.0184476,-0.068779,-1.62414,4.40337
0.00175791,0.0453398,0.0188871,-0.0705632,-1.66231,4.38775
0.00175076,0.0451717,0.0193251,-0.0723478,-1.70031,4.37177
0.00174344,0.0449998,0.0197615,-0.0741324,-1.73812,4.35545
0.00173594,0.0448241,0.0201962,-0.075917,-1.77575,4.33877
0.00172825,0.0446446,0.0206292,-0.0777013,-1.8132,4.32174
0.0017204,0.0444615,0.0210605,-0.079485,-1.85046,4.30437
0.00171236,0.0442746,0.0214901,-0.0812681,-1.88752,4.28666
0.00170414,0.044084,0.0219178,-0.0830503,-1.92438,4.26861
0.00169575,0.0438897,0.0223438,-0.0848313,-1.96105,4.25021
0.00168718,0.0436918,0.0227679,-0.0866111,-1.99751,4.23149
0.00167843,0.0434902,0.0231901,-0.0883894,-2.03377,4.21243
0.0016695,0.043285,0.0236103,-0.0901659,-2.06981,4.19304
0.00166039,0.0430762,0.0240287,-0.0919406,-2.10564,4.17333
0.00165111,0.0428639,0.024445,-0.0937131,-2.14125,4.15329
0.00164165,0.042648,0.0248593,-0.0954833,-2.17664,4.13293
0.00163201,0.0424286,0.0252716,-0.0972511,-2.21181,4.11225
0.0016222,0.0422056,0.0256817,-0.0990161,-2.24676,4.09126
0.00161221,0.0419792,0.0260898,-0.100778,-2.28147,4.06995
0.00160204,0.0417493,0.0264957,-0.102537,-2.31595,4.04833
0.0015917,0.041516,0.0268995,-0.104293,-2.35019,4.02641
0.00158119,0.0412793,0.027301,-0.106045,-2.3842,4.00419
0.00157049,0.0410392,0.0277003,-0.107794,-2.41796,3.98166
0.00155963,0.0407957,0.0280973,-0.109539,-2.45148,3.95884
0.00154859,0.0405489,0.028492,-0.11128,-2.48476,3.93572
0.00153737,0.0402988,0.0288845,-0.113016,-2.51778,3.91231
0.00152598,0.0400454,0.0292745,-0.114748,-2.55055,3.88862
0.00151442,0.0397887,0.0296622,-0.116476,-2.58307,3.86464
0.00150269,0.0395288,0.0300474,-0.118198,-2.61533,3.84037
0.00149078,0.0392656,0.0304302,-0.119916,-2.64733,3.81583
0.0014787,0.0389993,0.0308106,-0.121629,-2.67906,3.79102
0.00146646,0.0387298,0.0311884,-0.123336,-2.71053,3.76593
0.00145404,0.0384572,0.0315638,-0.125038,-2.74174,3.74058
0.00144145,0.0381815,0.0319365,-0.126734,-2.77267,3.71496
0.00142869,0.0379027,0.0323067,-0.128424,-2.80334,3.68908
0.00141576,0.0376208,0.0326743,-0.130108,-2.83372,3.66294
0.00140267,0.037336,0.0330393,-0.131786,-2.86383,3.63655
0.00138941,0.0370481,0.0334016,-0.133457,-2.89367,3.6099
0.00137598,0.0367572,0.0337613,-0.135122,-2.92322,3.58301
0.00136238,0.0364634,0.0341182,-0.13678,-2.95249,3.55587
0.00134862,0.0361667,0.0344725,-0.138431,-2.98148,3.5285
0.0013347,0.0358672,0.0348239,-0.140075,-3.01017,3.50088
0.00132061,0.0355647,0.0351726,-0.141712,-3.03859,3.47303
0.00130636,0.0352594,0.0355185,-0.143342,-3.06671,3.44495
0.00129194,0.0349514,0.0358616,-0.144963,-3.09453,3.41665
0.00127736,0.0346405,0.0362018,-0.146578,-3.12207,3.38812
0.00126262,0.034327,0.0365392,-0.148184,-3.14931,3.35937
0.00124773,0.0340107,0.0368737,-0.149782,-3.17625,3.3304
0.00123267,0.0336917,0.0372053,-0.151372,-3.2029,3.30122
0.00121745,0.0333701,0.037534,-0.152954,-3.22924,3.27183
0.00120208,0.0330459,0.0378597,-0.154527,-3.25528,3.24224
0.00118655,0.0327191,0.0381824,-0.156091,-3.28102,3.21244
0.00117086,0.0323897,0.0385021,-0.157647,-3.30646,3.18244
0.00115502,0.0320578,0.0388189,-0.159194,-3.33159,3.15225
0.00113902,0.0317234,0.0391326,-0.160731,-3.35641,3.12187
0.00112287,0.0313865,0.0394432,-0.162259,-3.38093,3.0913
0.00110657,0.0310472,0.0397508,-0.163778,-3.40513,3.06055
0.00109012,0.0307055,0.0400553,-0.165288,-3.42903,3.02961
0.00107351,0.0303614,0.0403568,-0.166787,-3.45261,2.9985
0.00105676,0.030015,0.040655,-0.168277,-3.47588,2.96721
0.00103986,0.0296663,0.0409502,-0.169757,-3.49884,2.93576
0.00102281,0.0293152,0.0412422,-0.171227,-3.52148,2.90413
0.00100561,0.028962,0.041531,-0.172687,-3.54381,2.87235
0.000988272,0.0286065,0.0418166,-0.174136,-3.56582,2.8404
0.000970786,0.0282488,0.0420991,-0.175575,-3.58752,2.8083
0.000953157,0.027889,0.0423783,-0.177003,-3.6089,2.77604
0.000935386,0.0275271,0.0426543,-0.17842,-3.62995,2.74364
0.000917473,0.027163,0.042927,-0.179827,-3.65069,2.71109
0.000899421,0.0267969,0.0431965,-0.181223,-3.67112,2.6784
0.000881229,0.0264288,0.0434627,-0.182607,-3.69122,2.64557
0.0008629,0.0260587,0.0437256,-0.18398,-3.71099,2.61261
0.000844433,0.0256866,0.0439852,-0.185342,-3.73045,2.57951
0.000825831,0.0253126,0.0442415,-0.186693,-3.74959,2.54629
0.000807095,0.0249367,0.0444945,-0.188032,-3.7684,2.51294
0.000788225,0.0245589,0.0447441,-0.189359,-3.7869,2.47947
0.000769224,0.0241793,0.0449904,-0.190675,-3.80506,2.44589
0.000750091,0.0237979,0.0452333,-0.191979,-3.82291,2.41219
0.000730828,0.0234148,0.0454728,-0.19327,-3.84043,2.37838
0.000711437,0.0230299,0.0457089,-0.19455,-3.85763,2.34446
0.000691919,0.0226433,0.0459417,-0.195817,-3.87451,2.31044
0.000672274,0.022255,0.046171,-0.197072,-3.89106,2.27631
0.000652505,0.0218651,0.0463969,-0.198315,-3.90729,2.24209
0.000632612,0.0214735,0.0466194,-0.199545,-3.92319,2.20778
0.000612596,0.0210804,0.0468385,-0.200763,-3.93877,2.17338
0.00059246,0.0206858,0.0470541,-0.201968,-3.95403,2.13889
0.000572203,0.0202896,0.0472663,-0.20316,-3.96896,2.10431
0.000551828,0.019892,0.047475,-0.204339,-3.98357,2.06966
0.000531336,0.0194929,0.0476802,-0.205505,-3.99786,2.03492
0.000510727,0.0190924,0.047882,-0.206659,-4.01182,2.00012
0.000490004,0.0186906,0.0480802,-0.207799,-4.02546,1.96524
0.000469168,0.0182874,0.048275,-0.208926,-4.03878,1.93029
0.00044822,0.0178828,0.0484663,-0.210039,-4.05177,1.89529
0.000427161,0.017477,0.0486541,-0.21114,-4.06444,1.86021
0.000405992,0.01707,0.0488383,-0.212227,-4.07679,1.82509
0.000384716,0.0166617,0.0490191,-0.2133,-4.08882,1.7899
0.000363333,0.0162522,0.0491963,-0.21436,-4.10053,1.75467
0.000341844,0.0158416,0.04937,-0.215406,-4.11191,1.71938
0.000320252,0.0154298,0.0495402,-0.216438,-4.12298,1.68405
0.000298557,0.015017,0.0497068,-0.217457,-4.13373,1.64868
0.000276761,0.0146031,0.0498699,-0.218462,-4.14416,1.61327
0.000254865,0.0141882,0.0500295,-0.219452,-4.15427,1.57782
0.000232871,0.0137722,0.0501855,-0.220429,-4.16406,1.54234
0.00021078,0.0133554,0.0503379,-0.221392,-4.17353,1.50683
0.000188593,0.0129376,0.0504868,-0.22234,-4.18269,1.47129
0.000166312,0.0125188,0.0506322,-0.223274,-4.19153,1.43572
0.000143939,0.0120993,0.050774,-0.224195,-4.20006,1.40014
0.000121474,0.0116788,0.0509122,-0.2251,-4.20827,1.36453
9.89192e-05,0.0112576,0.0510469,-0.225992,-4.21617,1.32891
7.6276e-05,0.0108356,0.051178,-0.226869,-4.22375,1.29328
5.35459e-05,0.0104129,0.0513055,-0.227731,-4.23103,1.25763
3.07303e-05,0.00998942,0.0514295,-0.228579,-4.23799,1.22198
7.83058e-06,0.00956529,0.0515499,-0.229412,-4.24464,1.18632
-1.51517e-05,0.0091405,0.0516668,-0.230231,-4.25098,1.15066
-3.82152e-05,0.0087151,0.0517801,-0.231035,-4.25702,1.115
-6.13583e-05,0.00828911,0.0518898,-0.231825,-4.26274,1.07935
-8.45796e-05,0.00786256,0.0519959,-0.232599,-4.26816,1.0437
-0.000107878,0.00743549,0.0520985,-0.233359,-4.27327,1.00806
-0.000131251,0.00700792,0.0521976,-0.234104,-4.27808,0.972429
-0.000154698,0.00657988,0.052293,-0.234834,-4.28258,0.936814
-0.000178217,0.00615141,0.0523849,-0.235549,-4.28679,0.901214
-0.000201807,0.00572253,0.0524733,-0.23625,-4.29069,0.865634
-0.000225467,0.00529328,0.052558,-0.236935,-4.29429,0.830075
-0.000249194,0.00486369,0.0526393,-0.237605,-4.29759,0.79454
-0.000272987,0.00443378,0.052717,-0.23826,-4.30059,0.759032
-0.000296845,0.00400358,0.0527911,-0.2389,-4.30329,0.723552
-0.000320767,0.00357313,0.0528617,-0.239525,-4.3057,0.688104
-0.00034475,0.00314245,0.0529287,-0.240135,-4.30781,0.65269
-0.000368793,0.00271158,0.0529922,-0.240729,-4.30963,0.617311
-0.000392895,0.00228053,0.0530522,-0.241309,-4.31116,0.581971
-0.000417054,0.00184935,0.0531086,-0.241873,-4.31239,0.546672
-0.000441269,0.00141807,0.0531615,-0.242421,-4.31333,0.511416
-0.000465538,0.000986697,0.0532109,-0.242955,-4.31399,0.476206
-0.00048986,0.000555277,0.0532567,-0.243473,-4.31436,0.441043
-0.000514232,0.000123835,0.0532991,-0.243976,-4.31444,0.40593
-0.000538654,-0.000307601,0.0533379,-0.244464,-4.31424,0.370869
-0.000563125,-0.000739003,0.0533733,-0.244936,-4.31375,0.335862
-0.000587641,-0.00117034,0.0534051,-0.245393,-4.31298,0.300912
-0.000612203,-0.00160159,0.0534335,-0.245834,-4.31193,0.26602
-0.000636807,-0.00203272,0.0534583,-0.24626,-4.31059,0.231189
-0.000661454,-0.0024637,0.0534797,-0.24667,-4.30898,0.196421
-0.000686141,-0.0028945,0.0534976,-0.247065,-4.3071,0.161717
-0.000710867,-0.00332511,0.053512,-0.247445,-4.30493,0.12708
-0.000735629,-0.00375548,0.053523,-0.247809,-4.3025,0.0925126
-0.000760428,-0.0041856,0.0535305,-0.248157,-4.29978,0.0580156
-0.00078526,-0.00461543,0.0535346,-0.248491,-4.2968,0.0235915
-0.000810125,-0.00504495,0.0535353,-0.248808,-4.29355,-0.0107578
-0.000835021,-0.00547413,0.0535325,-0.24911,-4.29003,-0.0450305
-0.000859947,-0.00590295,0.0535263,-0.249397,-4.28624,-0.0792245
-0.0008849,-0.00633137,0.0535166,-0.249668,-4.28218,-0.113338
-0.00090988,-0.00675937,0.0535036,-0.249923,-4.27786,-0.147369
-0.000934884,-0.00718693,0.0534872,-0.250163,-4.27328,-0.181317
-0.000959912,-0.00761402,0.0534673,-0.250388,-4.26843,-0.215178
-0.000984961,-0.00804061,0.0534441,-0.250596,-4.26333,-0.248951
-0.00101003,-0.00846668,0.0534175,-0.25079,-4.25796,-0.282635
-0.00103512,-0.00889219,0.0533876,-0.250967,-4.25234,-0.316228
-0.00106022,-0.00931714,0.0533543,-0.25113,-4.24646,-0.349728
-0.00108534,-0.00974148,0.0533177,-0.251276,-4.24033,-0.383133
-0.00111048,-0.0101652,0.0532777,-0.251407,-4.23394,-0.416442
-0.00113563,-0.0105883,0.0532344,-0.251523,-4.22731,-0.449653
-0.00116078,-0.0110106,0.0531878,-0.251623,-4.22042,-0.482764
-0.00118595,-0.0114323,0.0531378,-0.251707,-4.21328,-0.515774
-0.00121112,-0.0118533,0.0530846,-0.251776,-4.2059,-0.548681
-0.0012363,-0.0122735,0.0530281,-0.25183,-4.19827,-0.581484
-0.00126149,-0.0126929,0.0529683,-0.251868,-4.1904,-0.614182
-0.00128668,-0.0131116,0.0529053,-0.25189,-4.18229,-0.646771
-0.00131187,-0.0135294,0.052839,-0.251897,-4.17393,-0.679252
-0.00133706,-0.0139464,0.0527694,-0.251889,-4.16534,-0.711622
-0.00136224,-0.0143625,0.0526966,-0.251864,-4.1565,-0.743881
-0.00138743,-0.0147776,0.0526206,-0.251825,-4.14744,-0.776026
-0.00141261,-0.0151919,0.0525414,-0.25177,-4.13813,-0.808057
-0.00143778,-0.0156053,0.052459,-0.251699,-4.12859,-0.839971
-0.00146295,-0.0160176,0.0523734,-0.251613,-4.11882,-0.871768
-0.0014881,-0.016429,0.0522847,-0.251512,-4.10883,-0.903446
-0.00151325,-0.0168394,0.0521928,-0.251395,-4.0986,-0.935004
-0.00153838,-0.0172487,0.0520977,-0.251263,-4.08814,-0.96644
-0.0015635,-0.017657,0.0519995,-0.251116,-4.07746,-0.997754
-0.00158861,-0.0180642,0.0518981,-0.250953,-4.06655,-1.02894
-0.00161369,-0.0184703,0.0517937,-0.250774,-4.05543,-1.06001
-0.00163876,-0.0188753,0.0516861,-0.250581,-4.04408,-1.09094
-0.00166381,-0.0192791,0.0515755,-0.250372,-4.03251,-1.12175
-0.00168883,-0.0196818,0.0514618,-0.250148,-4.02072,-1.15244
-0.00171384,-0.0200833,0.051345,-0.249908,-4.00872,-1.18299
-0.00173881,-0.0204835,0.0512252,-0.249653,-3.9965,-1.2134
-0.00176377,-0.0208826,0.0511024,-0.249383,-3.98407,-1.24369
-0.00178869,-0.0212803,0.0509765,-0.249098,-3.97143,-1.27384
-0.00181359,-0.0216768,0.0508476,-0.248797,-3.95857,-1.30386
-0.00183845,-0.022072,0.0507157,-0.248482,-3.94551,-1.33374
-0.00186328,-0.0224659,0.0505808,-0.248151,-3.93224,-1.36349
-0.00188808,-0.0228585,0.050443,-0.247805,-3.91876,-1.39309
-0.00191284,-0.0232497,0.0503022,-0.247443,-3.90508,-1.42256
-0.00193757,-0.0236395,0.0501585,-0.247067,-3.8912,-1.45189
-0.00196225,-0.0240279,0.0500119,-0.246676,-3.87711,-1.48108
-0.0019869,-0.0244149,0.0498623,-0.246269,-3.86283,-1.51012
-0.00201151,-0.0248005,0.0497098,-0.245848,-3.84835,-1.53902
-0.00203607,-0.0251846,0.0495545,-0.245411,-3.83367,-1.56778
-0.00206059,-0.0255672,0.0493963,-0.24496,-3.8188,-1.59639
-0.00208506,-0.0259483,0.0492352,-0.244494,-3.80373,-1.62485
-0.00210949,-0.0263279,0.0490713,-0.244012,-3.78847,-1.65317
-0.00213386,-0.026706,0.0489046,-0.243516,-3.77302,-1.68134
-0.00215819,-0.0270825,0.0487351,-0.243005,-3.75738,-1.70936
-0.00218246,-0.0274575,0.0485627,-0.242479,-3.74155,-1.73723
-0.00220669,-0.0278308,0.0483876,-0.241938,-3.72554,-1.76495
-0.00223085,-0.0282026,0.0482097,-0.241382,-3.70934,-1.79252
-0.00225496,-0.0285727,0.0480291,-0.240812,-3.69295,-1.81994
-0.00227901,-0.0289412,0.0478458,-0.240227,-3.67639,-1.84721
-0.00230301,-0.029308,0.0476597,-0.239627,-3.65965,-1.87432
-0.00232694,-0.0296731,0.0474709,-0.239012,-3.64272,-1.90127
-0.00235081,-0.0300365,0.0472794,-0.238383,-3.62563,-1.92807
-0.00237461,-0.0303982,0.0470853,-0.237739,-3.60835,-1.95472
-0.00239836,-0.0307582,0.0468885,-0.237081,-3.5909,-1.9812
-0.00242203,-0.0311164,0.0466891,-0.236408,-3.57328,-2.00753
-0.00244564,-0.0314728,0.046487,-0.23572,-3.55548,-2.0337
-0.00246917,-0.0318275,0.0462823,-0.235018,-3.53752,-2.05971
-0.00249264,-0.0321803,0.0460751,-0.234302,-3.51938,-2.08556
-0.00251603,-0.0325313,0.0458652,-0.233571,-3.50108,-2.11125
-0.00253935,-0.0328805,0.0456528,-0.232825,-3.48262,-2.13678
-0.0025626,-0.0332279,0.0454379,-0.232066,-3.46399,-2.16215
-0.00258577,-0.0335733,0.0452204,-0.231292,-3.44519,-2.18735
-0.00260886,-0.0339169,0.0450004,-0.230503,-3.42624,-2.21239
-0.00263187,-0.0342586,0.0447779,-0.2297,-3.40713,-2.23727
-0.0026548,-0.0345983,0.0445529,-0.228883,-3.38785,-2.26198
-0.00267764,-0.0349361,0.0443255,-0.228052,-3.36842,-2.28653
-0.00270041,-0.035272,0.0440956,-0.227207,-3.34884,-2.31091
-0.00272308,-0.0356059,0.0438633,-0.226348,-3.3291,-2.33512
-0.00274568,-0.0359378,0.0436286,-0.225474,-3.3092,-2.35917
-0.00276818,-0.0362677,0.0433915,-0.224586,-3.28916,-2.38305
-0.00279059,-0.0365956,0.043152,-0.223685,-3.26896,-2.40676
-0.00281291,-0.0369215,0.0429102,-0.222769,-3.24862,-2.4303
-0.00283515,-0.0372454,0.042666,-0.221839,-3.22813,-2.45368
-0.00285728,-0.0375671,0.0424194,-0.220896,-3.20749,-2.47688
-0.00287932,-0.0378869,0.0421706,-0.219938,-3.18671,-2.49991
-0.00290127,-0.0382045,0.0419195,-0.218967,-3.16579,-2.52277
-0.00292312,-0.03852,0.0416661,-0.217982,-3.14472,-2.54546
-0.00294487,-0.0388334,0.0414104,-0.216983,-3.12351,-2.56798
-0.00296651,-0.0391447,0.0411525,-0.215971,-3.10217,-2.59033
-0.00298806,-0.0394538,0.0408923,-0.214944,-3.08068,-2.6125
-0.0030095,-0.0397608,0.04063,-0.213904,-3.05906,-2.6345
-0.00303084,-0.0400657,0.0403654,-0.212851,-3.0373,-2.65633
-0.00305207,-0.0403683,0.0400987,-0.211783,-3.01541,-2.67798
-0.0030732,-0.0406687,0.0398298,-0.210703,-2.99339,-2.69945
-0.00309421,-0.040967,0.0395588,-0.209608,-2.97124,-2.72076
-0.00311512,-0.041263,0.0392857,-0.208501,-2.94895,-2.74188
-0.00313591,-0.0415568,0.0390105,-0.20738,-2.92654,-2.76283
-0.00315659,-0.0418483,0.0387331,-0.206245,-2.904,-2.7836
-0.00317716,-0.0421375,0.0384537,-0.205097,-2.88133,-2.8042
-0.00319761,-0.0424245,0.0381723,-0.203936,-2.85854,-2.82462
-0.00321795,-0.0427093,0.0378888,-0.202762,-2.83563,-2.84486
-0.00323816,-0.0429917,0.0376033,-0.201574,-2.81259,-2.86492
-0.00325826,-0.0432718,0.0373158,-0.200373,-2.78944,-2.88481
-0.00327824,-0.0435495,0.0370264,-0.199159,-2.76616,-2.90451
-0.00329809,-0.043825,0.0367349,-0.197932,-2.74276,-2.92404
-0.00331782,-0.0440981,0.0364416,-0.196692,-2.71925,-2.94338
-0.00333743,-0.0443688,0.0361463,-0.195438,-2.69563,-2.96255
-0.00335691,-0.0446372,0.0358491,-0.194172,-2.67188,-2.98154
-0.00337626,-0.0449032,0.03555,-0.192893,-2.64803,-3.00034
-0.00339549,-0.0451668,0.035249,-0.191601,-2.62406,-3.01897
-0.00341458,-0.045428,0.0349462,-0.190296,-2.59998,-3.03741
-0.00343355,-0.0456868,0.0346415,-0.188979,-2.57579,-3.05567
-0.00345238,-0.0459432,0.0343351,-0.187648,-2.5515,-3.07375
-0.00347108,-0.0461971,0.0340268,-0.186305,-2.52709,-3.09165
-0.00348964,-0.0464486,0.0337167,-0.184949,-2.50259,-3.10936
-0.00350807,-0.0466976,0.0334049,-0.183581,-2.47797,-3.12689
-0.00352636,-0.0469442,0.0330914,-0.1822,-2.45325,-3.14424
-0.00354451,-0.0471883,0.0327761,-0.180806,-2.42844,-3.16141
-0.00356252,-0.0474299,0.0324591,-0.1794,-2.40352,-3.17839
-0.00358039,-0.047669,0.0321404,-0.177982,-2.37849,-3.19518
-0.00359811,-0.0479056,0.0318201,-0.176551,-2.35338,-3.2118
-0.0036157,-0.0481396,0.0314981,-0.175108,-2.32816,-3.22822
-0.00363313,-0.0483712,0.0311744,-0.173652,-2.30285,-3.24447
-0.00365043,-0.0486002,0.0308492,-0.172184,-2.27744,-3.26052
-0.00366757,-0.0488267,0.0305223,-0.170704,-2.25194,-3.27639
-0.00368457,-0.0490506,0.0301939,-0.169212,-2.22634,-3.29208
-0.00370141,-0.0492719,0.0298639,-0.167708,-2.20066,-3.30758
-0.00371811,-0.0494907,0.0295324,-0.166191,-2.17488,-3.32289
-0.00373465,-0.0497069,0.0291993,-0.164663,-2.14902,-3.33802
-0.00375104,-0.0499205,0.0288648,-0.163122,-2.12306,-3.35296
-0.00376727,-0.0501315,0.0285287,-0.16157,-2.09702,-3.36772
-0.00378335,-0.0503399,0.0281912,-0.160006,-2.0709,-3.38228
-0.00379927,-0.0505457,0.0278523,-0.15843,-2.04469,-3.39666
-0.00381504,-0.0507489,0.0275119,-0.156842,-2.01839,-3.41085
-0.00383064,-0.0509494,0.0271701,-0.155242,-1.99202,-3.42486
-0.00384609,-0.0511473,0.026827,-0.153631,-1.96556,-3.43867
-0.00386137,-0.0513425,0.0264824,-0.152008,-1.93902,-3.4523
-0.00387649,-0.0515351,0.0261365,-0.150373,-1.9124,-3.46574
-0.00389144,-0.051725,0.0257893,-0.148727,-1.88571,-3.47899
-0.00390623,-0.0519122,0.0254407,-0.14707,-1.85894,-3.49205
-0.00392086,-0.0520968,0.0250909,-0.145401,-1.83209,-3.50492
-0.00393531,-0.0522786,0.0247397,-0.14372,-1.80517,-3.5176
-0.0039496,-0.0524578,0.0243874,-0.142029,-1.77818,-3.53009
-0.00396372,-0.0526342,0.0240337,-0.140326,-1.75111,-3.54239
-0.00397766,-0.052808,0.0236789,-0.138611,-1.72397,-3.55451
-0.00399144,-0.052979,0.0233228,-0.136886,-1.69676,-3.56643
-0.00400504,-0.0531474,0.0229656,-0.135149,-1.66949,-3.57816
-0.00401847,-0.0533129,0.0226072,-0.133402,-1.64214,-3.5897
-0.00403172,-0.0534758,0.0222477,-0.131643,-1.61473,-3.60106
-0.0040448,-0.0536359,0.021887,-0.129874,-1.58725,-3.61222
-0.0040577,-0.0537932,0.0215252,-0.128093,-1.55971,-3.62318
-0.00407042,-0.0539478,0.0211624,-0.126302,-1.5321,-3.63396
-0.00408296,-0.0540996,0.0207984,-0.124499,-1.50444,-3.64455
-0.00409532,-0.0542487,0.0204335,-0.122686,-1.47671,-3.65494
-0.00410749,-0.054395,0.0200675,-0.120863,-1.44892,-3.66515
-0.00411949,-0.0545385,0.0197004,-0.119028,-1.42107,-3.67516
-0.0041313,-0.0546792,0.0193324,-0.117183,-1.39316,-3.68498
-0.00414292,-0.0548171,0.0189635,-0.115328,-1.3652,-3.69461
-0.00415436,-0.0549522,0.0185935,-0.113462,-1.33718,-3.70404
-0.00416562,-0.0550845,0.0182227,-0.111586,-1.3091,-3.71328
-0.00417668,-0.0552141,0.0178509,-0.109699,-1.28097,-3.72233
-0.00418756,-0.0553407,0.0174782,-0.107802,-1.25279,-3.73119
-0.00419824,-0.0554646,0.0171046,-0.105895,-1.22456,-3.73985
-0.00420873,-0.0555856,0.0167302,-0.103977,-1.19627,-3.74832
-0.00421904,-0.0557039,0.016355,-0.10205,-1.16794,-3.7566
-0.00422914,-0.0558192,0.0159789,-0.100112,-1.13955,-3.76468
-0.00423906,-0.0559318,0.015602,-0.0981642,-1.11112,-3.77257
-0.00424878,-0.0560415,0.0152244,-0.0962066,-1.08264,-3.78027
-0.0042583,-0.0561483,0.014846,-0.094239,-1.05412,-3.78777
-0.00426762,-0.0562523,0.0144669,-0.0922616,-1.02555,-3.79508
-0.00427675,-0.0563534,0.014087,-0.0902745,-0.996942,-3.80219
-0.00428568,-0.0564517,0.0137064,-0.0882776,-0.968288,-3.80911
-0.00429441,-0.0565471,0.0133252,-0.086271,-0.939593,-3.81583
-0.00430293,-0.0566396,0.0129433,-0.0842549,-0.910857,-3.82237
-0.00431126,-0.0567292,0.0125607,-0.0822292,-0.882082,-3.8287
-0.00431938,-0.056816,0.0121775,-0.0801941,-0.853269,-3.83484
-0.00432729,-0.0568999,0.0117937,-0.0781495,-0.824418,-3.84079
-0.00433501,-0.0569809,0.0114094,-0.0760957,-0.795531,-3.84654
-0.00434251,-0.057059,0.0110244,-0.0740325,-0.766609,-3.85209
-0.00434981,-0.0571342,0.010639,-0.0719601,-0.737652,-3.85745
-0.00435691,-0.0572065,0.010253,-0.0698786,-0.708663,-3.86262
-0.00436379,-0.0572759,0.00986645,-0.0677879,-0.679641,-3.86758
-0.00437046,-0.0573424,0.00947946,-0.0656883,-0.650588,-3.87236
-0.00437693,-0.0574061,0.00909199,-0.0635797,-0.621504,-3.87693
-0.00438318,-0.0574667,0.00870408,-0.0614622,-0.592392,-3.88131
-0.00438922,-0.0575245,0.00831573,-0.0593359,-0.563251,-3.8855
-0.00439504,-0.0575794,0.00792698,-0.0572008,-0.534084,-3.88948
-0.00440066,-0.0576313,0.00753784,-0.055057,-0.50489,-3.89328
-0.00440606,-0.0576804,0.00714833,-0.0529046,-0.475671,-3.89687
-0.00441124,-0.0577265,0.00675848,-0.0507437,-0.446428,-3.90027
-0.0044162,-0.0577697,0.00636829,-0.0485743,-0.417162,-3.90347
-0.00442095,-0.0578099,0.00597779,-0.0463964,-0.387874,-3.90647
-0.00442548,-0.0578472,0.005587,-0.0442102,-0.358565,-3.90928
-0.00442979,-0.0578816,0.00519594,-0.0420158,-0.329236,-3.91189
-0.00443389,-0.0579131,0.00480463,-0.0398131,-0.299888,-3.9143
-0.00443776,-0.0579416,0.00441309,-0.0376023,-0.270522,-3.91652
-0.00444141,-0.0579672,0.00402133,-0.0353835,-0.241139,-3.91853
-0.00444483,-0.0579898,0.00362939,-0.0331566,-0.21174,-3.92035
-0.00444804,-0.0580095,0.00323727,-0.0309219,-0.182326,-3.92197
-0.00445102,-0.0580263,0.002845,-0.0286793,-0.152898,-3.9234
-0.00445377,-0.0580401,0.0024526,-0.0264289,-0.123458,-3.92462
-0.0044563,-0.058051,0.00206008,-0.0241709,-0.0940051,-3.92565
-0.00445861,-0.0580589,0.00166747,-0.0219052,-0.0645418,-3.92648
-0.00446068,-0.0580639,0.00127479,-0.019632,-0.0350686,-3.92711
-0.00446253,-0.0580659,0.000882058,-0.0173514,-0.00558668,-3.92754
-0.00446415,-0.058065,0.00048929,-0.0150633,0.0239031,-3.92777
-0.00446555,-0.0580611,9.65098e-05,-0.012768,0.0533996,-3.92781
-0.00446671,-0.0580543,-0.000296264,-0.0104654,0.0829018,-3.92764
-0.00446764,-0.0580446,-0.000689012,-0.00815561,0.112409,-3.92728
-0.00446834,-0.0580318,-0.00108171,-0.0058388,0.141919,-3.92671
-0.00446881,-0.0580162,-0.00147435,-0.00351499,0.171433,-3.92595
-0.00446904,-0.0579976,-0.0018669,-0.00118427,0.200948,-3.92499
-0.00446904,-0.057976,-0.00225934,0.00115328,0.230463,-3.92383
-0.00446881,-0.0579515,-0.00265166,0.00349758,0.259978,-3.92247
-0.00446834,-0.057924,-0.00304383,0.00584855,0.289492,-3.92091
-0.00446764,-0.0578936,-0.00343583,0.0082061,0.319003,-3.91915
-0.0044667,-0.0578602,-0.00382765,0.0105702,0.348511,-3.91719
-0.00446553,-0.0578239,-0.00421926,0.0129406,0.378014,-3.91503
-0.00446411,-0.0577846,-0.00461065,0.0153174,0.407511,-3.91267
-0.00446246,-0.0577424,-0.00500179,0.0177005,0.437002,-3.91011
-0.00446057,-0.0576972,-0.00539266,0.0200896,0.466485,-3.90734
-0.00445844,-0.0576491,-0.00578325,0.0224849,0.495959,-3.90438
-0.00445608,-0.057598,-0.00617353,0.0248862,0.525424,-3.90122
-0.00445347,-0.057544,-0.00656349,0.0272933,0.554878,-3.89786
-0.00445062,-0.057487,-0.0069531,0.0297063,0.584319,-3.89429
-0.00444753,-0.0574271,-0.00734234,0.0321249,0.613748,-3.89053
-0.00444419,-0.0573643,-0.0077312,0.0345492,0.643163,-3.88656
-0.00444062,-0.0572985,-0.00811965,0.036979,0.672562,-3.8824
-0.0044368,-0.0572298,-0.00850767,0.0394143,0.701946,-3.87803
-0.00443273,-0.0571581,-0.00889524,0.0418549,0.731312,-3.87346
-0.00442842,-0.0570835,-0.00928235,0.0443007,0.76066,-3.86869
-0.00442387,-0.057006,-0.00966897,0.0467518,0.789989,-3.86371
-0.00441907,-0.0569255,-0.0100551,0.0492078,0.819297,-3.85854
-0.00441403,-0.0568421,-0.0104407,0.0516689,0.848584,-3.85316
-0.00440874,-0.0567558,-0.0108257,0.0541348,0.877848,-3.84758
-0.0044032,-0.0566665,-0.0112102,0.0566055,0.907088,-3.8418
-0.00439742,-0.0565744,-0.0115941,0.0590808,0.936304,-3.83582
-0.00439139,-0.0564793,-0.0119773,0.0615608,0.965493,-3.82964
-0.00438511,-0.0563813,-0.01236,0.0640452,0.994656,-3.82325
-0.00437858,-0.0562803,-0.012742,0.066534,1.02379,-3.81666
-0.0043718,-0.0561765,-0.0131233,0.069027,1.0529,-3.80987
-0.00436477,-0.0560698,-0.013504,0.0715242,1.08197,-3.80288
-0.00435749,-0.0559601,-0.0138839,0.0740255,1.11101,-3.79568
-0.00434997,-0.0558476,-0.0142631,0.0765308,1.14003,-3.78828
-0.00434219,-0.0557321,-0.0146415,0.0790399,1.169,-3.78068
-0.00433416,-0.0556138,-0.0150192,0.0815527,1.19795,-3.77288
-0.00432588,-0.0554925,-0.0153961,0.0840692,1.22685,-3.76487
-0.00431734,-0.0553684,-0.0157722,0.0865892,1.25572,-3.75666
-0.00430856,-0.0552414,-0.0161474,0.0891127,1.28455,-3.74824
-0.00429952,-0.0551115,-0.0165218,0.0916394,1.31335,-3.73963
-0.00429023,-0.0549787,-0.0168953,0.0941694,1.3421,-3.73081
-0.00428069,-0.0548431,-0.017268,0.0967024,1.37081,-3.72178
-0.00427089,-0.0547046,-0.0176397,0.0992385,1.39948,-3.71256
-0.00426084,-0.0545632,-0.0180105,0.101777,1.4281,-3.70313
-0.00425054,-0.0544189,-0.0183803,0.104319,1.45668,-3.69349
-0.00423998,-0.0542718,-0.0187492,0.106863,1.48521,-3.68365
-0.00422916,-0.0541219,-0.019117,0.10941,1.5137,-3.67361
-0.00421809,-0.0539691,-0.0194839,0.111959,1.54213,-3.66337
-0.00420677,-0.0538135,-0.0198497,0.114511,1.57052,-3.65292
-0.00419519,-0.053655,-0.0202145,0.117064,1.59885,-3.64227
-0.00418336,-0.0534937,-0.0205782,0.11962,1.62714,-3.63141
-0.00417127,-0.0533296,-0.0209407,0.122178,1.65536,-3.62035
-0.00415892,-0.0531626,-0.0213022,0.124737,1.68354,-3.60908
-0.00414632,-0.0529929,-0.0216626,0.127298,1.71166,-3.59761
-0.00413346,-0.0528203,-0.0220217,0.129861,1.73972,-3.58594
-0.00412035,-0.0526449,-0.0223797,0.132425,1.76772,-3.57406
-0.00410698,-0.0524668,-0.0227365,0.13499,1.79567,-3.56198
-0.00409335,-0.0522858,-0.0230921,0.137556,1.82355,-3.5497
-0.00407947,-0.0521021,-0.0234465,0.140124,1.85137,-3.53721
-0.00406533,-0.0519155,-0.0237996,0.142692,1.87913,-3.52451
-0.00405093,-0.0517262,-0.0241514,0.145262,1.90682,-3.51161
-0.00403627,-0.0515342,-0.0245019,0.147831,1.93445,-3.49851
-0.00402136,-0.0513393,-0.0248511,0.150402,1.96201,-3.4852
-0.00400619,-0.0511418,-0.0251989,0.152972,1.9895,-3.47169
-0.00399077,-0.0509414,-0.0255454,0.155543,2.01693,-3.45797
-0.00397508,-0.0507384,-0.0258905,0.158114,2.04428,-3.44405
-0.00395914,-0.0505326,-0.0262342,0.160685,2.07156,-3.42993
-0.00394295,-0.0503241,-0.0265765,0.163256,2.09876,-3.4156
-0.00392649,-0.0501128,-0.0269173,0.165827,2.12589,-3.40106
-0.00390978,-0.0498989,-0.0272567,0.168397,2.15295,-3.38632
-0.00389281,-0.0496823,-0.0275946,0.170966,2.17992,-3.37138
-0.00387559,-0.0494629,-0.0279309,0.173535,2.20682,-3.35623
-0.00385811,-0.0492409,-0.0282658,0.176103,2.23364,-3.34088
-0.00384037,-0.0490162,-0.0285991,0.178669,2.26038,-3.32533
-0.00382237,-0.0487888,-0.0289309,0.181235,2.28703,-3.30956
-0.00380412,-0.0485588,-0.029261,0.183799,2.3136,-3.2936
-0.00378561,-0.0483261,-0.0295896,0.186362,2.34008,-3.27743
-0.00376685,-0.0480908,-0.0299165,0.188923,2.36648,-3.26106
-0.00374783,-0.0478528,-0.0302418,0.191482,2.39279,-3.24448
-0.00372855,-0.0476122,-0.0305654,0.194039,2.41901,-3.2277
-0.00370902,-0.047369,-0.0308873,0.196594,2.44514,-3.21071
-0.00368923,-0.0471232,-0.0312075,0.199147,2.47117,-3.19352
-0.00366919,-0.0468748,-0.031526,0.201698,2.49711,-3.17613
-0.00364889,-0.0466238,-0.0318427,0.204246,2.52296,-3.15853
-0.00362834,-0.0463702,-0.0321577,0.206791,2.54871,-3.14073
-0.00360754,-0.046114,-0.0324709,0.209333,2.57436,-3.12272
-0.00358648,-0.0458553,-0.0327822,0.211872,2.59991,-3.10452
-0.00356516,-0.0455941,-0.0330918,0.214408,2.62535,-3.0861
-0.00354359,-0.0453303,-0.0333995,0.21694,2.6507,-3.06749
-0.00352177,-0.0450639,-0.0337053,0.219469,2.67594,-3.04867
-0.0034997,-0.0447951,-0.0340092,0.221994,2.70108,-3.02965
-0.00347738,-0.0445237,-0.0343112,0.224516,2.72611,-3.01042
-0.0034548,-0.0442499,-0.0346113,0.227033,2.75103,-2.991
-0.00343197,-0.0439735,-0.0349094,0.229546,2.77584,-2.97136
-0.00340889,-0.0436947,-0.0352055,0.232054,2.80054,-2.95153
-0.00338556,-0.0434134,-0.0354997,0.234558,2.82513,-2.9315
-0.00336198,-0.0431297,-0.0357918,0.237057,2.8496,-2.91126
-0.00333815,-0.0428435,-0.0360819,0.239551,2.87395,-2.89082
-0.00331407,-0.0425549,-0.03637,0.24204,2.89819,-2.87018
-0.00328974,-0.0422639,-0.036656,0.244523,2.92231,-2.84934
-0.00326516,-0.0419704,-0.0369398,0.247001,2.9463,-2.82829
-0.00324034,-0.0416746,-0.0372216,0.249473,2.97018,-2.80705
-0.00321527,-0.0413764,-0.0375012,0.25194,2.99393,-2.7856
-0.00318995,-0.0410758,-0.0377787,0.2544,3.01755,-2.76395
-0.00316439,-0.0407729,-0.038054,0.256854,3.04105,-2.7421
-0.00313858,-0.0404676,-0.0383271,0.259302,3.06442,-2.72006
-0.00311253,-0.04016,-0.038598,0.261743,3.08765,-2.69781
-0.00308623,-0.0398501,-0.0388667,0.264177,3.11076,-2.67536
-0.00305969,-0.0395379,-0.0391331,0.266604,3.13373,-2.65271
-0.00303291,-0.0392233,-0.0393972,0.269023,3.15657,-2.62987
-0.00300589,-0.0389065,-0.0396591,0.271435,3.17927,-2.60682
-0.00297863,-0.0385875,-0.0399186,0.27384,3.20183,-2.58358
-0.00295112,-0.0382662,-0.0401758,0.276237,3.22425,-2.56014
-0.00292338,-0.0379426,-0.0404306,0.278626,3.24652,-2.5365
-0.0028954,-0.0376169,-0.0406831,0.281006,3.26866,-2.51266
-0.00286718,-0.0372889,-0.0409331,0.283378,3.29064,-2.48862
-0.00283872,-0.0369588,-0.0411808,0.285741,3.31248,-2.46439
-0.00281003,-0.0366264,-0.041426,0.288096,3.33418,-2.43997
-0.0027811,-0.0362919,-0.0416688,0.290441,3.35572,-2.41534
-0.00275194,-0.0359553,-0.0419091,0.292777,3.3771,-2.39052
-0.00272255,-0.0356165,-0.0421469,0.295103,3.39834,-2.36551
-0.00269292,-0.0352756,-0.0423822,0.29742,3.41942,-2.3403
-0.00266306,-0.0349326,-0.0426149,0.299727,3.44034,-2.3149
-0.00263298,-0.0345876,-0.0428451,0.302023,3.4611,-2.2893
-0.00260266,-0.0342404,-0.0430728,0.304309,3.4817,-2.26351
-0.00257211,-0.0338912,-0.0432978,0.306585,3.50213,-2.23753
-0.00254134,-0.03354,-0.0435203,0.30885,3.5224,-2.21135
-0.00251035,-0.0331868,-0.0437401,0.311103,3.54251,-2.18498
-0.00247912,-0.0328315,-0.0439573,0.313345,3.56244,-2.15843
-0.00244768,-0.0324743,-0.0441718,0.315576,3.58221,-2.13168
-0.00241601,-0.0321151,-0.0443836,0.317795,3.6018,-2.10474
-0.00238412,-0.0317539,-0.0445927,0.320002,3.62122,-2.07761
-0.00235201,-0.0313908,-0.0447991,0.322197,3.64046,-2.05029
-0.00231968,-0.0310258,-0.0450028,0.324379,3.65953,-2.02279
-0.00228713,-0.0306589,-0.0452037,0.326549,3.67841,-1.99509
-0.00225437,-0.0302902,-0.0454018,0.328705,3.69712,-1.96721
-0.00222139,-0.0299195,-0.0455971,0.330849,3.71564,-1.93915
-0.0021882,-0.029547,-0.0457896,0.332979,3.73397,-1.9109
-0.0021548,-0.0291727,-0.0459793,0.335095,3.75212,-1.88246
-0.00212118,-0.0287966,-0.0461661,0.337198,3.77008,-1.85384
-0.00208736,-0.0284187,-0.04635,0.339286,3.78784,-1.82503
-0.00205333,-0.0280391,-0.0465311,0.34136,3.80542,-1.79605
-0.00201909,-0.0276576,-0.0467092,0.343419,3.8228,-1.76688
-0.00198464,-0.0272745,-0.0468845,0.345464,3.83998,-1.73753
-0.00194999,-0.0268897,-0.0470567,0.347493,3.85696,-1.708
-0.00191514,-0.0265031,-0.0472261,0.349507,3.87374,-1.67829
-0.00188009,-0.0261149,-0.0473924,0.351505,3.89032,-1.6484
-0.00184484,-0.0257251,-0.0475557,0.353487,3.9067,-1.61833
-0.0018094,-0.0253336,-0.047716,0.355453,3.92286,-1.58809
-0.00177375,-0.0249405,-0.0478733,0.357403,3.93882,-1.55767
-0.00173792,-0.0245458,-0.0480276,0.359336,3.95457,-1.52708
-0.00170189,-0.0241496,-0.0481787,0.361252,3.9701,-1.49632
-0.00166567,-0.0237518,-0.0483268,0.363151,3.98542,-1.46538
-0.00162926,-0.0233525,-0.0484718,0.365032,4.00053,-1.43426
-0.00159266,-0.0229517,-0.0486137,0.366896,4.01541,-1.40298
-0.00155588,-0.0225494,-0.0487524,0.368741,4.03007,-1.37153
-0.00151891,-0.0221457,-0.048888,0.370568,4.04452,-1.33991
-0.00148177,-0.0217405,-0.0490204,0.372377,4.05873,-1.30812
-0.00144444,-0.021334,-0.0491496,0.374167,4.07272,-1.27617
-0.00140693,-0.020926,-0.0492756,0.375938,4.08648,-1.24405
-0.00136925,-0.0205167,-0.0493984,0.377689,4.10001,-1.21176
-0.0013314,-0.020106,-0.049518,0.379421,4.1133,-1.17932
-0.00129337,-0.019694,-0.0496343,0.381133,4.12636,-1.14671
-0.00125517,-0.0192807,-0.0497473,0.382825,4.13918,-1.11394
-0.0012168,-0.0188662,-0.049857,0.384496,4.15177,-1.08101
-0.00117827,-0.0184504,-0.0499635,0.386146,4.16411,-1.04793
-0.00113957,-0.0180334,-0.0500666,0.387776,4.1762,-1.01469
-0.00110072,-0.0176152,-0.0501664,0.389384,4.18806,-0.98129
-0.0010617,-0.0171958,-0.0502629,0.390971,4.19966,-0.94774
-0.00102252,-0.0167752,-0.050356,0.392535,4.21101,-0.914038
-0.000983192,-0.0163536,-0.0504457,0.394078,4.22212,-0.880184
-0.000943708,-0.0159308,-0.050532,0.395598,4.23297,-0.846182
-0.000904073,-0.015507,-0.0506149,0.397095,4.24356,-0.812032
-0.00086429,-0.0150821,-0.0506944,0.398569,4.25389,-0.777736
-0.00082436,-0.0146562,-0.0507705,0.40002,4.26397,-0.743295
-0.000784287,-0.0142293,-0.0508431,0.401448,4.27378,-0.708711
-0.000744072,-0.0138015,-0.0509122,0.402851,4.28332,-0.673985
-0.000703717,-0.0133727,-0.0509779,0.404231,4.29261,-0.63912
-0.000663226,-0.012943,-0.05104,0.405586,4.30162,-0.604117
-0.000622601,-0.0125124,-0.0510987,0.406916,4.31036,-0.568978
-0.000581844,-0.0120809,-0.0511538,0.408221,4.31883,-0.533704
-0.000540958,-0.0116486,-0.0512054,0.409501,4.32702,-0.498297
-0.000499945,-0.0112155,-0.0512535,0.410755,4.33494,-0.462759
-0.000458808,-0.0107816,-0.051298,0.411983,4.34257,-0.427092
-0.000417549,-0.010347,-0.0513389,0.413185,4.34993,-0.391298
-0.000376171,-0.00991166,-0.0513762,0.41436,4.357,-0.355379
-0.000334678,-0.00947562,-0.0514099,0.415509,4.36379,-0.319336
-0.000293071,-0.00903891,-0.0514401,0.416631,4.37029,-0.283172
-0.000251353,-0.00860157,-0.0514666,0.417725,4.3765,-0.246888
-0.000209526,-0.00816362,-0.0514894,0.418791,4.38242,-0.210487
-0.000167595,-0.0077251,-0.0515087,0.41983,4.38804,-0.173971
-0.000125561,-0.00728602,-0.0515242,0.42084,4.39337,-0.137342
-8.34281e-05,-0.00684643,-0.0515361,0.421822,4.3984,-0.100602
-4.1198e-05,-0.00640635,-0.0515444,0.422775,4.40314,-0.0637525
1.1259e-06,-0.00596582,-0.0515489,0.423698,4.40757,-0.0267969
4.35407e-05,-0.00552485,-0.0515497,0.424593,4.41169,0.010263
8.60434e-05,-0.00508349,-0.0515468,0.425457,4.41551,0.0474248
0.000128631,-0.00464176,-0.0515402,0.426291,4.41903,0.0846864
0.000171301,-0.00419969,-0.0515299,0.427095,4.42223,0.122045
0.000214049,-0.00375732,-0.0515158,0.427869,4.42512,0.159499
0.000256873,-0.00331468,-0.051498,0.428611,4.4277,0.197045
0.00029977,-0.00287179,-0.0514764,0.429323,4.42996,0.234681
0.000342737,-0.0024287,-0.051451,0.430003,4.43191,0.272405
0.00038577,-0.00198542,-0.0514219,0.430651,4.43353,0.310214
0.000428866,-0.001542,-0.051389,0.431267,4.43484,0.348104
0.000472022,-0.00109847,-0.0513523,0.43185,4.43582,0.386075
0.000515235,-0.000654848,-0.0513118,0.432401,4.43647,0.424123
0.000558501,-0.000211182,-0.0512675,0.432919,4.4368,0.462245
0.000601818,0.000232501,-0.0512193,0.433404,4.4368,0.500438
0.000645181,0.000676168,-0.0511674,0.433855,4.43647,0.538701
0.000688588,0.00111978,-0.0511116,0.434272,4.43581,0.577029
0.000732034,0.00156332,-0.051052,0.434656,4.43481,0.61542
0.000775518,0.00200674,-0.0509885,0.435005,4.43348,0.653872
0.000819034,0.00245,-0.0509212,0.435319,4.43181,0.692381
0.00086258,0.00289309,-0.05085,0.435599,4.42979,0.730945
0.000906153,0.00333595,-0.050775,0.435843,4.42744,0.769559
0.000949748,0.00377856,-0.0506961,0.436052,4.42475,0.808222
0.000993362,0.00422089,-0.0506134,0.436225,4.42171,0.846931
0.00103699,0.00466289,-0.0505267,0.436362,4.41832,0.885681
0.00108063,0.00510454,-0.0504362,0.436463,4.41459,0.92447
0.00112428,0.0055458,-0.0503418,0.436527,4.4105,0.963295
0.00116794,0.00598663,-0.0502436,0.436554,4.40607,1.00215
0.00121159,0.006427,-0.0501414,0.436545,4.40128,1.04104
0.00125524,0.00686687,-0.0500353,0.436498,4.39614,1.07995
0.00129889,0.00730622,-0.0499254,0.436413,4.39064,1.11889
0.00134253,0.00774499,-0.0498116,0.436291,4.38479,1.15784
0.00138615,0.00818316,-0.0496938,0.436131,4.37858,1.19681
0.00142975,0.00862069,-0.0495722,0.435932,4.37201,1.23579
0.00147333,0.00905755,-0.0494467,0.435695,4.36508,1.27478
0.00151689,0.0094937,-0.0493172,0.435419,4.35778,1.31378
0.00156042,0.0099291,-0.0491839,0.435104,4.35012,1.35278
0.00160391,0.0103637,-0.0490467,0.434749,4.3421,1.39177
0.00164736,0.0107975,-0.0489056,0.434356,4.33371,1.43076
0.00169078,0.0112304,-0.0487605,0.433922,4.32495,1.46974
0.00173415,0.0116625,-0.0486116,0.433448,4.31582,1.50871
0.00177747,0.0120936,-0.0484588,0.432935,4.30633,1.54766
0.00182073,0.0125237,-0.0483021,0.432381,4.29646,1.58659
0.00186394,0.0129529,-0.0481415,0.431786,4.28623,1.62549
0.00190709,0.013381,-0.047977,0.43115,4.27561,1.66437
0.00195017,0.013808,-0.0478086,0.430474,4.26463,1.70321
0.00199318,0.0142339,-0.0476363,0.429756,4.25327,1.74202
0.00203612,0.0146586,-0.0474602,0.428997,4.24154,1.78079
0.00207898,0.0150822,-0.0472802,0.428196,4.22943,1.81951
0.00212176,0.0155045,-0.0470963,0.427353,4.21694,1.85818
0.00216445,0.0159256,-0.0469086,0.426469,4.20408,1.89681
0.00220705,0.0163453,-0.0467169,0.425542,4.19083,1.93537
0.00224956,0.0167637,-0.0465215,0.424573,4.17721,1.97388
0.00229196,0.0171807,-0.0463222,0.423561,4.16321,2.01232
0.00233427,0.0175963,-0.046119,0.422507,4.14883,2.05069
0.00237646,0.0180105,-0.045912,0.42141,4.13407,2.08899
0.00241855,0.0184231,-0.0457012,0.42027,4.11893,2.12721
0.00246052,0.0188343,-0.0454866,0.419087,4.1034,2.16535
0.00250236,0.0192438,-0.0452682,0.417861,4.0875,2.2034
0.00254409,0.0196517,-0.0450459,0.416591,4.07121,2.24136
0.00258568,0.020058,-0.0448199,0.415278,4.05454,2.27923
0.00258568,0.020058,-0.0448199,0.415278,4.05454,2.27923
0.00262714,0.0204626,-0.0445901,0.413902,4.03741,2.31695
0.00266846,0.0208655,-0.0443565,0.412481,4.01989,2.35456
0.00270963,0.0212666,-0.0441192,0.411017,4.00198,2.39207
0.00275066,0.0216659,-0.0438781,0.409509,3.9837,2.42946
0.00279153,0.0220633,-0.0436333,0.407957,3.96504,2.46674
0.00283225,0.0224589,-0.0433848,0.40636,3.94599,2.5039
0.00287281,0.0228525,-0.0431325,0.40472,3.92656,2.54093
0.00291319,0.0232442,-0.0428766,0.403035,3.90675,2.57783
0.00295341,0.0236338,-0.042617,0.401306,3.88656,2.61459
0.00299345,0.0240215,-0.0423537,0.399532,3.86598,2.65121
0.00303332,0.024407,-0.0420867,0.397714,3.84503,2.68769
0.00307299,0.0247905,-0.0418161,0.395851,3.8237,2.72402
0.00311248,0.0251718,-0.0415419,0.393944,3.80199,2.7602
0.00315178,0.0255509,-0.0412641,0.391992,3.7799,2.79622
0.00319088,0.0259277,-0.0409827,0.389996,3.75743,2.83207
0.00322978,0.0263023,-0.0406977,0.387955,3.73459,2.86776
0.00326847,0.0266746,-0.0404091,0.385869,3.71137,2.90327
0.00330695,0.0270446,-0.040117,0.383739,3.68777,2.93861
0.00334522,0.0274122,-0.0398214,0.381564,3.6638,2.97376
0.00338326,0.0277773,-0.0395223,0.379344,3.63946,3.00873
0.00342108,0.0281401,-0.0392197,0.37708,3.61475,3.04351
0.00345868,0.0285003,-0.0389136,0.374771,3.58966,3.07809
0.00349604,0.028858,-0.0386041,0.372418,3.56421,3.11247
0.00353316,0.0292131,-0.0382911,0.37002,3.53839,3.14665
0.00357004,0.0295656,-0.0379747,0.367578,3.5122,3.18061
0.00360667,0.0299155,-0.037655,0.365091,3.48565,3.21436
0.00364306,0.0302628,-0.0373319,0.362561,3.45873,3.24789
0.00367918,0.0306073,-0.0370054,0.359986,3.43145,3.28119
0.00371505,0.030949,-0.0366756,0.357366,3.40382,3.31427
0.00375066,0.031288,-0.0363426,0.354703,3.37582,3.34711
0.00378599,0.0316242,-0.0360062,0.351996,3.34747,3.37971
0.00382105,0.0319575,-0.0356666,0.349245,3.31876,3.41208
0.00385584,0.0322879,-0.0353238,0.34645,3.2897,3.44419
0.00389034,0.0326154,-0.0349778,0.343612,3.26029,3.47605
0.00392456,0.03294,-0.0346286,0.340731,3.23053,3.50765
0.00395849,0.0332615,-0.0342763,0.337806,3.20043,3.53899
0.00399212,0.03358,-0.0339208,0.334838,3.16998,3.57006
0.00402545,0.0338955,-0.0335623,0.331827,3.1392,3.60087
0.00405848,0.0342079,-0.0332007,0.328774,3.10807,3.63139
0.00409121,0.0345171,-0.032836,0.325678,3.07661,3.66164
0.00412362,0.0348232,-0.0324684,0.32254,3.04481,3.6916
0.00415571,0.0351261,-0.0320977,0.319359,3.01269,3.72127
0.00418749,0.0354257,-0.0317241,0.316137,2.98023,3.75065
0.00421894,0.0357221,-0.0313476,0.312873,2.94745,3.77973
0.00425006,0.0360152,-0.0309682,0.309567,2.91435,3.80851
0.00428085,0.036305,-0.0305859,0.30622,2.88093,3.83698
0.0043113,0.0365914,-0.0302008,0.302832,2.84719,3.86514
0.00434142,0.0368744,-0.0298129,0.299404,2.81314,3.89298
0.00437118,0.037154,-0.0294222,0.295935,2.77878,3.9205
0.0044006,0.0374301,-0.0290288,0.292426,2.74412,3.9477
0.00442967,0.0377028,-0.0286327,0.288877,2.70915,3.97457
0.00445838,0.037972,-0.0282339,0.285289,2.67388,4.0011
0.00448672,0.0382376,-0.0278325,0.281661,2.63831,4.0273
0.00451471,0.0384996,-0.0274284,0.277994,2.60246,4.05316
0.00454232,0.038758,-0.0270218,0.274289,2.56631,4.07867
0.00456956,0.0390129,-0.0266127,0.270546,2.52988,4.10383
0.00459643,0.039264,-0.0262011,0.266764,2.49317,4.12864
0.00462292,0.0395115,-0.025787,0.262945,2.45618,4.15309
0.00464902,0.0397552,-0.0253705,0.259089,2.41891,4.17718
0.00467473,0.0399953,-0.0249516,0.255196,2.38138,4.2009
0.00470006,0.0402315,-0.0245303,0.251266,2.34358,4.22426
0.00472498,0.040464,-0.0241067,0.247301,2.30552,4.24724
0.00474951,0.0406926,-0.0236809,0.243299,2.26721,4.26985
0.00477364,0.0409174,-0.0232528,0.239263,2.22864,4.29208
0.00479737,0.0411383,-0.0228225,0.235191,2.18982,4.31392
0.00482068,0.0413554,-0.02239,0.231086,2.15076,4.33538
0.00484358,0.0415685,-0.0219554,0.226946,2.11146,4.35644
0.00486607,0.0417776,-0.0215187,0.222772,2.07192,4.37711
0.00488814,0.0419828,-0.02108,0.218566,2.03216,4.39739
0.00490978,0.0421841,-0.0206393,0.214327,1.99216,4.41726
0.004931,0.0423813,-0.0201966,0.210055,1.95195,4.43673
0.00495179,0.0425744,-0.0197519,0.205752,1.91152,4.4558
0.00497215,0.0427636,-0.0193054,0.201418,1.87088,4.47445
0.00499207,0.0429486,-0.0188571,0.197053,1.83003,4.49269
0.00501156,0.0431296,-0.0184069,0.192658,1.78898,4.51052
0.0050306,0.0433064,-0.017955,0.188233,1.74773,4.52793
0.0050492,0.0434791,-0.0175013,0.183779,1.70629,4.54491
0.00506736,0.0436477,-0.017046,0.179296,1.66467,4.56148
0.00508506,0.043812,-0.016589,0.174784,1.62286,4.57761
0.00510231,0.0439722,-0.0161305,0.170246,1.58087,4.59332
0.00511911,0.0441282,-0.0156704,0.16568,1.53872,4.60859
0.00513545,0.04428,-0.0152088,0.161087,1.4964,4.62344
0.00515133,0.0444275,-0.0147457,0.156468,1.45392,4.63784
0.00516674,0.0445707,-0.0142812,0.151824,1.41128,4.65181
0.00518169,0.0447097,-0.0138154,0.147155,1.36849,4.66533
0.00519617,0.0448444,-0.0133482,0.142462,1.32556,4.67842
0.00521018,0.0449748,-0.0128797,0.137745,1.28249,4.69106
0.00522372,0.0451009,-0.01241,0.133005,1.23928,4.70325
0.00523678,0.0452227,-0.0119391,0.128242,1.19595,4.715
0.00524937,0.0453401,-0.011467,0.123457,1.15249,4.72629
0.00526147,0.0454532,-0.0109938,0.11865,1.10892,4.73713
0.0052731,0.0455619,-0.0105196,0.113823,1.06523,4.74752
0.00528424,0.0456662,-0.0100443,0.108976,1.02144,4.75746
0.00529489,0.0457662,-0.00956811,0.104108,0.977547,4.76694
0.00530506,0.0458617,-0.00909096,0.0992224,0.93356,4.77596
0.00531474,0.0459529,-0.00861293,0.094318,0.889484,4.78452
0.00532392,0.0460396,-0.00813407,0.0893958,0.845325,4.79263
0.00533261,0.0461219,-0.00765442,0.0844564,0.801088,4.80027
0.00534081,0.0461998,-0.00717403,0.0795006,0.756779,4.80746
0.00534851,0.0462733,-0.00669295,0.0745289,0.712404,4.81418
0.00535572,0.0463423,-0.00621121,0.069542,0.667968,4.82043
0.00536242,0.0464069,-0.00572888,0.0645404,0.623478,4.82623
0.00536862,0.046467,-0.00524598,0.0595249,0.578939,4.83156
0.00537433,0.0465227,-0.00476258,0.0544961,0.534356,4.83642
0.00537952,0.0465739,-0.00427871,0.0494547,0.489736,4.84082
0.00538422,0.0466206,-0.00379443,0.0444012,0.445084,4.84476
0.0053884,0.0466629,-0.00330978,0.0393363,0.400407,4.84823
0.00539208,0.0467007,-0.0028248,0.0342608,0.355709,4.85123
0.00539526,0.046734,-0.00233955,0.0291752,0.310997,4.85377
0.00539792,0.0467629,-0.00185406,0.0240801,0.266277,4.85584
0.00540007,0.0467873,-0.0013684,0.0189763,0.221554,4.85745
0.00540171,0.0468072,-0.000882589,0.0138645,0.176833,4.85859
0.00540284,0.0468227,-0.000396693,0.00874516,0.132121,4.85927
0.00540346,0.0468336,8.92488e-05,0.00361908,0.0874241,4.85948
0.00540357,0.0468401,0.000575188,-0.00151312,0.0427469,4.85923
0.00540316,0.0468422,0.00106108,-0.00665078,-0.00190446,4.85852
0.00540224,0.0468398,0.00154688,-0.0117932,-0.0465243,4.85734
0.0054008,0.0468329,0.00203253,-0.0169398,-0.0911071,4.8557
0.00539885,0.0468215,0.002518,-0.0220899,-0.135647,4.8536
0.00539638,0.0468058,0.00300324,-0.0272428,-0.180139,4.85105
0.0053934,0.0467855,0.0034882,-0.0323979,-0.224576,4.84803
0.0053899,0.0467608,0.00397283,-0.0375545,-0.268954,4.84455
0.00538589,0.0467317,0.00445709,-0.042712,-0.313267,4.84062
0.00538136,0.0466982,0.00494094,-0.0478696,-0.357509,4.83624
0.00537632,0.0466602,0.00542432,-0.0530269,-0.401675,4.8314
0.00537076,0.0466179,0.0059072,-0.058183,-0.44576,4.82611
0.00536468,0.0465711,0.00638953,-0.0633374,-0.489757,4.82036
0.00535809,0.0465199,0.00687126,-0.0684894,-0.533662,4.81417
0.00535098,0.0464644,0.00735235,-0.0736384,-0.57747,4.80753
0.00534336,0.0464044,0.00783275,-0.0787837,-0.621174,4.80045
0.00533522,0.0463401,0.00831242,-0.0839248,-0.66477,4.79292
0.00532658,0.0462715,0.00879132,-0.0890608,-0.708253,4.78495
0.00531741,0.0461985,0.0092694,-0.0941914,-0.751617,4.77654
0.00530774,0.0461212,0.00974662,-0.0993157,-0.794857,4.7677
0.00529755,0.0460395,0.0102229,-0.104433,-0.837968,4.75841
0.00528685,0.0459536,0.0106983,-0.109543,-0.880945,4.7487
0.00527564,0.0458633,0.0111726,-0.114645,-0.923783,4.73855
0.00526392,0.0457688,0.011646,-0.119739,-0.966477,4.72798
0.00525169,0.04567,0.0121182,-0.124823,-1.00902,4.71698
0.00523896,0.045567,0.0125894,-0.129897,-1.05141,4.70555
0.00522571,0.0454598,0.0130593,-0.134961,-1.09365,4.69371
0.00521197,0.0453483,0.0135281,-0.140013,-1.13572,4.68145
0.00519771,0.0452326,0.0139956,-0.145054,-1.17762,4.66877
0.00518296,0.0451128,0.0144618,-0.150083,-1.21935,4.65568
0.0051677,0.0449888,0.0149267,-0.155099,-1.2609,4.64218
0.00515194,0.0448606,0.0153902,-0.160101,-1.30227,4.62827
0.00513568,0.0447283,0.0158524,-0.16509,-1.34345,4.61396
0.00511892,0.0445919,0.016313,-0.170064,-1.38445,4.59924
0.00510166,0.0444514,0.0167722,-0.175023,-1.42525,4.58413
0.00508391,0.0443069,0.0172298,-0.179966,-1.46585,4.56863
0.00506567,0.0441583,0.0176859,-0.184893,-1.50624,4.55273
0.00504694,0.0440056,0.0181404,-0.189803,-1.54643,4.53645
0.00502771,0.043849,0.0185932,-0.194696,-1.58641,4.51978
0.005008,0.0436884,0.0190443,-0.199571,-1.62617,4.50273
0.0049878,0.0435238,0.0194937,-0.204428,-1.66571,4.4853
0.00496711,0.0433552,0.0199414,-0.209266,-1.70502,4.46749
0.00494595,0.0431828,0.0203872,-0.214084,-1.74411,4.44932
0.0049243,0.0430064,0.0208312,-0.218883,-1.78297,4.43077
0.00490217,0.0428262,0.0212734,-0.223661,-1.82159,4.41187
0.00487957,0.0426421,0.0217136,-0.228418,-1.85998,4.3926
0.00485649,0.0424542,0.0221519,-0.233154,-1.89812,4.37297
0.00483294,0.0422625,0.0225882,-0.237868,-1.93601,4.353
0.00480891,0.042067,0.0230224,-0.24256,-1.97366,4.33267
0.00478442,0.0418678,0.0234547,-0.247229,-2.01105,4.31199
0.00475947,0.0416648,0.0238848,-0.251875,-2.04819,4.29098
0.00473405,0.0414581,0.0243129,-0.256497,-2.08507,4.26962
0.00470817,0.0412478,0.0247387,-0.261095,-2.12168,4.24794
0.00468183,0.0410338,0.0251624,-0.265669,-2.15803,4.22592
0.00465504,0.0408162,0.0255839,-0.270217,-2.19412,4.20357
0.00462779,0.040595,0.0260031,-0.27474,-2.22993,4.18091
0.00460009,0.0403702,0.0264201,-0.279237,-2.26546,4.15792
0.00457194,0.0401419,0.0268347,-0.283708,-2.30072,4.13462
0.00454335,0.0399101,0.027247,-0.288152,-2.3357,4.11101
0.00451431,0.0396748,0.0276569,-0.292569,-2.37039,4.08709
0.00448484,0.039436,0.0280644,-0.296958,-2.4048,4.06287
0.00445492,0.0391938,0.0284695,-0.30132,-2.43892,4.03836
0.00442457,0.0389482,0.0288721,-0.305654,-2.47275,4.01354
0.00439379,0.0386993,0.0292722,-0.309959,-2.50629,3.98844
0.00436258,0.038447,0.0296698,-0.314234,-2.53953,3.96305
0.00433095,0.0381914,0.0300648,-0.318481,-2.57248,3.93738
0.00429889,0.0379325,0.0304572,-0.322698,-2.60512,3.91143
0.00426641,0.0376704,0.0308471,-0.326885,-2.63747,3.88521
0.00423351,0.037405,0.0312343,-0.331042,-2.6695,3.85872
0.0042002,0.0371365,0.0316188,-0.335168,-2.70124,3.83196
0.00416648,0.0368648,0.0320006,-0.339263,-2.73266,3.80494
0.00413235,0.03659,0.0323798,-0.343327,-2.76378,3.77767
0.00409781,0.036312,0.0327562,-0.34736,-2.79458,3.75014
0.00406288,0.0360311,0.0331298,-0.35136,-2.82507,3.72237
0.00402754,0.035747,0.0335006,-0.355328,-2.85524,3.69435
0.00399181,0.03546,0.0338687,-0.359264,-2.8851,3.66609
0.00395569,0.03517,0.0342338,-0.363167,-2.91464,3.63759
0.00391918,0.0348771,0.0345962,-0.367038,-2.94386,3.60886
0.00388229,0.0345813,0.0349556,-0.370875,-2.97275,3.57991
0.00384501,0.0342826,0.0353121,-0.374678,-3.00133,3.55073
0.00380735,0.033981,0.0356657,-0.378448,-3.02958,3.52133
0.00376932,0.0336767,0.0360164,-0.382184,-3.0575,3.49172
0.00373092,0.0333695,0.0363641,-0.385885,-3.0851,3.4619
0.00369214,0.0330596,0.0367088,-0.389552,-3.11237,3.43187
0.00365301,0.0327471,0.0370504,-0.393185,-3.13931,3.40163
0.00361351,0.0324318,0.0373891,-0.396782,-3.16593,3.3712
0.00357365,0.0321139,0.0377247,-0.400345,-3.19221,3.34058
0.00353344,0.0317934,0.0380572,-0.403872,-3.21816,3.30976
0.00349288,0.0314703,0.0383866,-0.407364,-3.24378,3.27876
0.00345197,0.0311446,0.0387129,-0.41082,-3.26906,3.24758
0.00341071,0.0308165,0.0390361,-0.414241,-3.29401,3.21622
0.00336912,0.0304858,0.0393562,-0.417625,-3.31863,3.18469
0.00332719,0.0301527,0.0396731,-0.420974,-3.34291,3.15298
0.00328493,0.0298173,0.0399868,-0.424286,-3.36686,3.12111
0.00324234,0.0294794,0.0402973,-0.427561,-3.39047,3.08908
0.00319942,0.0291392,0.0406046,-0.4308,-3.41374,3.0569
0.00315618,0.0287966,0.0409087,-0.434002,-3.43668,3.02456
0.00311262,0.0284518,0.0412095,-0.437167,-3.45927,2.99207
0.00306874,0.0281048,0.0415071,-0.440296,-3.48153,2.95943
0.00302456,0.0277556,0.0418014,-0.443387,-3.50346,2.92665
0.00298007,0.0274041,0.0420924,-0.44644,-3.52504,2.89374
0.00293527,0.0270506,0.0423801,-0.449457,-3.54629,2.86069
0.00289018,0.0266949,0.0426645,-0.452436,-3.5672,2.82751
0.00284479,0.0263371,0.0429456,-0.455377,-3.58777,2.79421
0.0027991,0.0259773,0.0432234,-0.458281,-3.608,2.76078
0.00275313,0.0256155,0.0434978,-0.461147,-3.62789,2.72723
0.00270688,0.0252518,0.0437688,-0.463975,-3.64745,2.69357
0.00266034,0.0248861,0.0440365,-0.466765,-3.66667,2.6598
0.00261352,0.0245184,0.0443008,-0.469518,-3.68555,2.62593
0.00256644,0.024149,0.0445617,-0.472232,-3.70409,2.59195
0.00251908,0.0237776,0.0448191,-0.474908,-3.72229,2.55787
0.00247146,0.0234045,0.0450732,-0.477546,-3.74016,2.52369
0.00242357,0.0230296,0.0453239,-0.480145,-3.75769,2.48942
0.00237543,0.022653,0.0455711,-0.482707,-3.77488,2.45506
0.00232703,0.0222747,0.0458149,-0.48523,-3.79174,2.42062
0.00227838,0.0218946,0.0460552,-0.487714,-3.80827,2.38609
0.00222949,0.021513,0.0462921,-0.490161,-3.82445,2.35149
0.00218035,0.0211298,0.0465255,-0.492569,-3.84031,2.31681
0.00213098,0.020745,0.0467555,-0.494938,-3.85583,2.28206
0.00208137,0.0203586,0.0469819,-0.497269,-3.87101,2.24725
0.00203152,0.0199708,0.0472049,-0.499561,-3.88587,2.21237
0.00198145,0.0195815,0.0474244,-0.501815,-3.90039,2.17743
0.00193116,0.0191907,0.0476404,-0.504031,-3.91458,2.14243
0.00188065,0.0187985,0.0478529,-0.506208,-3.92844,2.10737
0.00182992,0.018405,0.0480619,-0.508346,-3.94197,2.07227
0.00177898,0.0180102,0.0482673,-0.510447,-3.95517,2.03711
0.00172783,0.017614,0.0484693,-0.512508,-3.96805,2.00192
0.00167648,0.0172166,0.0486677,-0.514531,-3.98059,1.96668
0.00162493,0.0168179,0.0488626,-0.516516,-3.99281,1.9314
0.00157318,0.016418,0.049054,-0.518462,-4.00471,1.89609
0.00152124,0.016017,0.0492418,-0.52037,-4.01628,1.86075
0.00146911,0.0156148,0.0494262,-0.522239,-4.02753,1.82537
0.00141679,0.0152115,0.0496069,-0.52407,-4.03845,1.78997
0.00136429,0.0148071,0.0497841,-0.525863,-4.04906,1.75455
0.00131162,0.0144017,0.0499578,-0.527617,-4.05934,1.71911
0.00125877,0.0139952,0.050128,-0.529334,-4.0693,1.68365
0.00120575,0.0135878,0.0502946,-0.531012,-4.07895,1.64818
0.00115257,0.0131795,0.0504576,-0.532652,-4.08828,1.6127
0.00109923,0.0127702,0.0506171,-0.534254,-4.09729,1.5772
0.00104572,0.01236,0.050773,-0.535817,-4.10599,1.54171
0.000992063,0.011949,0.0509254,-0.537343,-4.11437,1.50621
0.000938254,0.0115371,0.0510743,-0.538831,-4.12244,1.47071
0.000884298,0.0111245,0.0512196,-0.540281,-4.13021,1.43521
0.000830199,0.0107111,0.0513613,-0.541694,-4.13766,1.39972
0.000775961,0.010297,0.0514995,-0.543068,-4.1448,1.36424
0.000721587,0.00988216,0.0516342,-0.544405,-4.15164,1.32876
0.000667081,0.00946667,0.0517653,-0.545704,-4.15817,1.2933
0.000612447,0.00905054,0.0518928,-0.546966,-4.16439,1.25786
0.000557689,0.0086338,0.0520169,-0.548191,-4.17031,1.22243
0.00050281,0.00821649,0.0521373,-0.549378,-4.17593,1.18703
0.000447815,0.00779862,0.0522543,-0.550528,-4.18125,1.15165
0.000392706,0.00738025,0.0523677,-0.551641,-4.18627,1.1163
0.000337488,0.00696138,0.0524775,-0.552716,-4.19099,1.08097
0.000282164,0.00654206,0.0525838,-0.553755,-4.19542,1.04567
0.000226738,0.00612231,0.0526867,-0.554757,-4.19955,1.01041
0.000171214,0.00570216,0.0527859,-0.555721,-4.20338,0.975186
0.000115595,0.00528164,0.0528817,-0.55665,-4.20693,0.939997
5.98852e-05,0.00486078,0.0529739,-0.557541,-4.21018,0.904847
4.08802e-06,0.00443961,0.0530627,-0.558396,-4.21315,0.869741
-5.17929e-05,0.00401816,0.0531479,-0.559215,-4.21582,0.834678
-0.000107754,0.00359646,0.0532296,-0.559997,-4.21821,0.799662
-0.000163791,0.00317453,0.0533078,-0.560744,-4.22032,0.764695
-0.000219901,0.0027524,0.0533825,-0.561454,-4.22214,0.729779
-0.000276081,0.00233011,0.0534538,-0.562128,-4.22368,0.694916
-0.000332326,0.00190768,0.0535215,-0.562766,-4.22494,0.660108
-0.000388633,0.00148513,0.0535858,-0.563368,-4.22593,0.625357
-0.000444998,0.0010625,0.0536466,-0.563935,-4.22663,0.590665
-0.000501419,0.000639812,0.0537039,-0.564466,-4.22706,0.556034
-0.00055789,0.000217096,0.0537578,-0.564962,-4.22721,0.521466
-0.00061441,-0.000205622,0.0538082,-0.565423,-4.2271,0.486963
-0.000670974,-0.000628314,0.0538552,-0.565848,-4.22671,0.452527
-0.000727578,-0.00105095,0.0538987,-0.566238,-4.22605,0.418159
-0.00078422,-0.00147352,0.0539388,-0.566593,-4.22512,0.383862
-0.000840896,-0.00189597,0.0539755,-0.566914,-4.22393,0.349638
-0.000897602,-0.00231829,0.0540088,-0.567199,-4.22247,0.315488
-0.000954335,-0.00274046,0.0540386,-0.567451,-4.22075,0.281413
-0.00101109,-0.00316243,0.0540651,-0.567667,-4.21877,0.247416
-0.00106787,-0.0035842,0.0540881,-0.567849,-4.21653,0.213499
-0.00112466,-0.00400573,0.0541078,-0.567997,-4.21403,0.179662
-0.00118147,-0.004427,0.054124,-0.568111,-4.21128,0.145909
-0.00123828,-0.00484798,0.0541369,-0.568191,-4.20826,0.112239
-0.0012951,-0.00526864,0.0541465,-0.568237,-4.205,0.0786557
-0.00135193,-0.00568897,0.0541527,-0.56825,-4.20148,0.0451598
-0.00140875,-0.00610893,0.0541555,-0.568229,-4.19771,0.011753
-0.00146557,-0.0065285,0.054155,-0.568174,-4.1937,-0.0215632
-0.00152238,-0.00694766,0.0541512,-0.568086,-4.18943,-0.0547872
-0.00157919,-0.00736638,0.0541441,-0.567965,-4.18492,-0.0879176
-0.00163598,-0.00778464,0.0541336,-0.567811,-4.18017,-0.120953
-0.00169275,-0.00820241,0.0541199,-0.567624,-4.17518,-0.153892
-0.0017495,-0.00861967,0.0541029,-0.567404,-4.16994,-0.186732
-0.00180623,-0.00903639,0.0540825,-0.567151,-4.16447,-0.219474
-0.00186293,-0.00945255,0.054059,-0.566866,-4.15875,-0.252115
-0.0019196,-0.00986813,0.0540321,-0.566548,-4.1528,-0.284653
-0.00197624,-0.0102831,0.054002,-0.566199,-4.14662,-0.317088
-0.00203284,-0.0106974,0.0539687,-0.565817,-4.1402,-0.349419
-0.0020894,-0.0111111,0.0539322,-0.565403,-4.13356,-0.381643
-0.00214592,-0.0115242,0.0538924,-0.564957,-4.12668,-0.41376
-0.00220239,-0.0119365,0.0538494,-0.56448,-4.11958,-0.445769
-0.00225881,-0.0123481,0.0538032,-0.563971,-4.11225,-0.477668
-0.00231518,-0.0127589,0.0537539,-0.56343,-4.10469,-0.509456
-0.0023715,-0.013169,0.0537013,-0.562858,-4.09691,-0.541132
-0.00242775,-0.0135783,0.0536457,-0.562256,-4.08891,-0.572694
-0.00248395,-0.0139868,0.0535868,-0.561622,-4.08069,-0.604142
-0.00254008,-0.0143944,0.0535248,-0.560957,-4.07225,-0.635474
-0.00259614,-0.0148012,0.0534597,-0.560261,-4.0636,-0.66669
-0.00265213,-0.0152071,0.0533915,-0.559535,-4.05473,-0.697788
-0.00270804,-0.0156121,0.0533202,-0.558778,-4.04564,-0.728767
-0.00276388,-0.0160162,0.0532457,-0.557991,-4.03634,-0.759626
-0.00281964,-0.0164194,0.0531682,-0.557173,-4.02684,-0.790365
-0.00287532,-0.0168216,0.0530877,-0.556326,-4.01712,-0.820981
-0.00293091,-0.0172228,0.0530041,-0.555449,-4.00719,-0.851474
-0.00298641,-0.017623,0.0529174,-0.554542,-3.99706,-0.881844
-0.00304181,-0.0180222,0.0528277,-0.553605,-3.98673,-0.912088
-0.00309713,-0.0184204,0.052735,-0.552638,-3.97619,-0.942207
-0.00315234,-0.0188175,0.0526393,-0.551643,-3.96545,-0.972199
-0.00320745,-0.0192135,0.0525405,-0.550618,-3.95451,-1.00206
-0.00326246,-0.0196084,0.0524388,-0.549564,-3.94338,-1.0318
-0.00331737,-0.0200021,0.0523342,-0.548481,-3.93204,-1.06141
-0.00337216,-0.0203948,0.0522266,-0.547369,-3.92051,-1.09088
-0.00342684,-0.0207862,0.052116,-0.546228,-3.90879,-1.12023
-0.0034814,-0.0211765,0.0520025,-0.545059,-3.89687,-1.14944
-0.00353585,-0.0215656,0.0518861,-0.543861,-3.88477,-1.17852
-0.00359017,-0.0219535,0.0517668,-0.542635,-3.87247,-1.20747
-0.00364438,-0.0223401,0.0516446,-0.541381,-3.85999,-1.23628
-0.00369845,-0.0227255,0.0515196,-0.540099,-3.84732,-1.26495
-0.00375239,-0.0231095,0.0513917,-0.538789,-3.83446,-1.2935
-0.00380621,-0.0234923,0.0512609,-0.537452,-3.82142,-1.3219
-0.00385988,-0.0238738,0.0511273,-0.536086,-3.8082,-1.35017
-0.00391342,-0.024254,0.0509909,-0.534693,-3.7948,-1.3783
-0.00396682,-0.0246328,0.0508516,-0.533273,-3.78122,-1.40629
-0.00402008,-0.0250102,0.0507096,-0.531826,-3.76746,-1.43414
-0.00407319,-0.0253863,0.0505648,-0.530351,-3.75353,-1.46185
-0.00412615,-0.0257609,0.0504172,-0.52885,-3.73942,-1.48942
-0.00417895,-0.0261341,0.0502669,-0.527322,-3.72514,-1.51684
-0.00423161,-0.0265059,0.0501139,-0.525767,-3.71068,-1.54413
-0.00428411,-0.0268763,0.0499581,-0.524185,-3.69606,-1.57127
-0.00433645,-0.0272451,0.0497996,-0.522577,-3.68126,-1.59827
-0.00438862,-0.0276125,0.0496384,-0.520943,-3.6663,-1.62513
-0.00444063,-0.0279784,0.0494746,-0.519283,-3.65117,-1.65184
-0.00449248,-0.0283427,0.0493081,-0.517597,-3.63588,-1.6784
-0.00454415,-0.0287056,0.0491389,-0.515884,-3.62042,-1.70482
-0.00459565,-0.0290668,0.0489671,-0.514146,-3.6048,-1.7311
-0.00464698,-0.0294265,0.0487927,-0.512383,-3.58902,-1.75722
-0.00469813,-0.0297846,0.0486157,-0.510594,-3.57308,-1.7832
-0.0047491,-0.0301411,0.0484361,-0.508779,-3.55698,-1.80903
-0.00479988,-0.030496,0.0482539,-0.506939,-3.54073,-1.83472
-0.00485049,-0.0308493,0.0480691,-0.505075,-3.52432,-1.86025
-0.0049009,-0.0312009,0.0478818,-0.503185,-3.50775,-1.88563
-0.00495112,-0.0315508,0.047692,-0.50127,-3.49103,-1.91087
-0.00500115,-0.0318991,0.0474997,-0.499331,-3.47417,-1.93595
-0.00505099,-0.0322456,0.0473048,-0.497367,-3.45715,-1.96089
-0.00510062,-0.0325905,0.0471075,-0.495378,-3.43998,-1.98567
-0.00515006,-0.0329336,0.0469077,-0.493365,-3.42266,-2.0103
-0.0051993,-0.033275,0.0467054,-0.491328,-3.4052,-2.03478
-0.00524833,-0.0336147,0.0465007,-0.489267,-3.38759,-2.0591
-0.00529715,-0.0339525,0.0462936,-0.487182,-3.36984,-2.08327
-0.00534576,-0.0342886,0.0460841,-0.485073,-3.35195,-2.10729
-0.00539416,-0.0346229,0.0458722,-0.48294,-3.33391,-2.13116
-0.00544235,-0.0349554,0.0456579,-0.480784,-3.31573,-2.15487
-0.00549032,-0.0352861,0.0454412,-0.478604,-3.29742,-2.17842
-0.00553807,-0.0356149,0.0452222,-0.476401,-3.27897,-2.20182
-0.0055856,-0.0359419,0.0450008,-0.474175,-3.26038,-2.22507
-0.0056329,-0.036267,0.0447772,-0.471925,-3.24166,-2.24815
-0.00567998,-0.0365902,0.0445512,-0.469653,-3.2228,-2.27109
-0.00572683,-0.0369115,0.044323,-0.467358,-3.20381,-2.29386
-0.00577345,-0.0372309,0.0440925,-0.46504,-3.18469,-2.31648
-0.00581984,-0.0375484,0.0438597,-0.462699,-3.16544,-2.33894
-0.00586599,-0.037864,0.0436247,-0.460336,-3.14606,-2.36125
-0.00591191,-0.0381777,0.0433874,-0.457951,-3.12655,-2.38339
-0.00595758,-0.0384893,0.043148,-0.455543,-3.10691,-2.40538
-0.00600301,-0.038799,0.0429064,-0.453113,-3.08715,-2.42721
-0.0060482,-0.0391068,0.0426626,-0.450661,-3.06727,-2.44888
-0.00609315,-0.0394125,0.0424166,-0.448187,-3.04726,-2.47039
-0.00613784,-0.0397162,0.0421685,-0.445692,-3.02713,-2.49174
-0.00618228,-0.0400179,0.0419183,-0.443174,-3.00688,-2.51293
-0.00622647,-0.0403176,0.0416659,-0.440636,-2.98651,-2.53397
-0.00627041,-0.0406152,0.0414115,-0.438075,-2.96602,-2.55484
-0.00631409,-0.0409108,0.0411549,-0.435494,-2.94541,-2.57555
-0.00635751,-0.0412043,0.0408964,-0.432891,-2.92469,-2.5961
-0.00640067,-0.0414957,0.0406357,-0.430267,-2.90385,-2.61649
-0.00644356,-0.041785,0.0403731,-0.427623,-2.8829,-2.63671
-0.00648619,-0.0420723,0.0401084,-0.424957,-2.86184,-2.65678
-0.00652855,-0.0423574,0.0398417,-0.422271,-2.84066,-2.67668
-0.00657064,-0.0426404,0.0395731,-0.419564,-2.81937,-2.69642
-0.00661246,-0.0429213,0.0393024,-0.416836,-2.79797,-2.716
-0.00665401,-0.0432,0.0390299,-0.414088,-2.77647,-2.73541
-0.00669528,-0.0434766,0.0387554,-0.41132,-2.75485,-2.75467
-0.00673627,-0.043751,0.0384789,-0.408532,-2.73313,-2.77376
-0.00677699,-0.0440232,0.0382006,-0.405724,-2.71131,-2.79268
-0.00681742,-0.0442932,0.0379204,-0.402895,-2.68938,-2.81144
-0.00685756,-0.0445611,0.0376383,-0.400047,-2.66734,-2.83004
-0.00689743,-0.0448267,0.0373544,-0.397179,-2.64521,-2.84848
-0.006937,-0.0450901,0.0370686,-0.394292,-2.62297,-2.86675
-0.00697628,-0.0453513,0.0367811,-0.391385,-2.60063,-2.88485
-0.00701528,-0.0456102,0.0364917,-0.388459,-2.5782,-2.90279
-0.00705398,-0.0458669,0.0362005,-0.385513,-2.55566,-2.92057
-0.00709238,-0.0461214,0.0359076,-0.382549,-2.53303,-2.93818
-0.00713048,-0.0463735,0.0356129,-0.379565,-2.51031,-2.95562
-0.00716829,-0.0466234,0.0353165,-0.376562,-2.48748,-2.9729
-0.0072058,-0.046871,0.0350183,-0.373541,-2.46457,-2.99002
-0.007243,-0.0471163,0.0347185,-0.370501,-2.44156,-3.00697
-0.0072799,-0.0473593,0.0344169,-0.367442,-2.41846,-3.02375
-0.00731649,-0.0476,0.0341137,-0.364365,-2.39526,-3.04036
-0.00735277,-0.0478384,0.0338089,-0.361269,-2.37198,-3.05681
-0.00738874,-0.0480744,0.0335024,-0.358155,-2.34861,-3.0731
-0.0074244,-0.0483081,0.0331942,-0.355023,-2.32515,-3.08921
-0.00745974,-0.0485394,0.0328845,-0.351873,-2.3016,-3.10516
-0.00749477,-0.0487684,0.0325732,-0.348704,-2.27797,-3.12094
-0.00752948,-0.048995,0.0322603,-0.345518,-2.25425,-3.13656
-0.00756388,-0.0492193,0.0319459,-0.342315,-2.23045,-3.152
-0.00759795,-0.0494411,0.0316299,-0.339093,-2.20656,-3.16728
-0.00763169,-0.0496606,0.0313125,-0.335854,-2.1826,-3.18239
-0.00766512,-0.0498776,0.0309935,-0.332598,-2.15855,-3.19734
-0.00769821,-0.0500923,0.030673,-0.329324,-2.13442,-3.21211
-0.00773098,-0.0503045,0.030351,-0.326033,-2.11021,-3.22672
-0.00776342,-0.0505143,0.0300277,-0.322726,-2.08592,-3.24116
-0.00779552,-0.0507217,0.0297028,-0.319401,-2.06155,-3.25543
-0.0078273,-0.0509266,0.0293766,-0.316059,-2.03711,-3.26953
-0.00785874,-0.0511291,0.0290489,-0.3127,-2.01259,-3.28346
-0.00788984,-0.0513291,0.0287199,-0.309325,-1.988,-3.29722
-0.0079206,-0.0515267,0.0283895,-0.305933,-1.96333,-3.31082
-0.00795102,-0.0517218,0.0280577,-0.302525,-1.93859,-3.32424
-0.0079811,-0.0519144,0.0277246,-0.2991,-1.91378,-3.3375
-0.00801084,-0.0521046,0.0273902,-0.295659,-1.8889,-3.35058
-0.00804024,-0.0522922,0.0270545,-0.292202,-1.86395,-3.3635
-0.00806928,-0.0524773,0.0267175,-0.288729,-1.83892,-3.37624
-0.00809798,-0.05266,0.0263793,-0.28524,-1.81383,-3.38882
-0.00812633,-0.0528401,0.0260398,-0.281735,-1.78867,-3.40122
-0.00815433,-0.0530177,0.025699,-0.278214,-1.76345,-3.41345
-0.00818197,-0.0531928,0.0253571,-0.274678,-1.73815,-3.42552
-0.00820926,-0.0533653,0.025014,-0.271126,-1.7128,-3.43741
-0.0082362,-0.0535354,0.0246696,-0.267559,-1.68737,-3.44913
-0.00826277,-0.0537028,0.0243241,-0.263977,-1.66189,-3.46068
-0.00828899,-0.0538677,0.0239775,-0.260379,-1.63634,-3.47206
-0.00831485,-0.0540301,0.0236297,-0.256766,-1.61073,-3.48327
-0.00834035,-0.0541899,0.0232808,-0.253138,-1.58507,-3.49431
-0.00836548,-0.0543471,0.0229309,-0.249496,-1.55934,-3.50517
-0.00839024,-0.0545017,0.0225798,-0.245838,-1.53355,-3.51587
-0.00841464,-0.0546538,0.0222277,-0.242166,-1.5077,-3.52639
-0.00843868,-0.0548033,0.0218745,-0.238479,-1.4818,-3.53674
-0.00846234,-0.0549502,0.0215204,-0.234778,-1.45584,-3.54692
-0.00848563,-0.0550944,0.0211652,-0.231063,-1.42982,-3.55692
-0.00850855,-0.0552361,0.020809,-0.227333,-1.40375,-3.56676
-0.0085311,-0.0553752,0.0204518,-0.223589,-1.37763,-3.57642
-0.00855327,-0.0555116,0.0200937,-0.219831,-1.35145,-3.58591
-0.00857506,-0.0556455,0.0197346,-0.216059,-1.32522,-3.59522
-0.00859648,-0.0557767,0.0193747,-0.212273,-1.29894,-3.60436
-0.00861752,-0.0559053,0.0190138,-0.208474,-1.27261,-3.61333
-0.00863817,-0.0560312,0.018652,-0.204661,-1.24623,-3.62213
-0.00865845,-0.0561545,0.0182894,-0.200834,-1.2198,-3.63075
-0.00867834,-0.0562752,0.0179259,-0.196994,-1.19332,-3.6392
-0.00869785,-0.0563932,0.0175615,-0.19314,-1.16679,-3.64747
-0.00871697,-0.0565085,0.0171964,-0.189274,-1.14022,-3.65558
-0.0087357,-0.0566212,0.0168304,-0.185394,-1.1136,-3.6635
-0.00875405,-0.0567312,0.0164637,-0.181501,-1.08694,-3.67126
-0.008772,-0.0568386,0.0160962,-0.177596,-1.06024,-3.67884
-0.00878957,-0.0569433,0.0157279,-0.173678,-1.03349,-3.68624
-0.00880674,-0.0570453,0.0153589,-0.169747,-1.0067,-3.69347
-0.00882351,-0.0571446,0.0149892,-0.165803,-0.979862,-3.70053
-0.0088399,-0.0572413,0.0146188,-0.161847,-0.952988,-3.70741
-0.00885588,-0.0573352,0.0142477,-0.157879,-0.926074,-3.71411
-0.00887147,-0.0574265,0.013876,-0.153898,-0.899122,-3.72064
-0.00888666,-0.057515,0.0135036,-0.149905,-0.872131,-3.727
-0.00890145,-0.0576009,0.0131306,-0.145901,-0.845102,-3.73318
-0.00891584,-0.0576841,0.012757,-0.141884,-0.818037,-3.73918
-0.00892983,-0.0577645,0.0123828,-0.137855,-0.790936,-3.74501
-0.00894341,-0.0578423,0.012008,-0.133815,-0.7638,-3.75066
-0.00895659,-0.0579173,0.0116327,-0.129764,-0.736629,-3.75614
-0.00896937,-0.0579896,0.0112568,-0.1257,-0.709426,-3.76144
-0.00898173,-0.0580592,0.0108804,-0.121626,-0.682189,-3.76656
-0.00899369,-0.058126,0.0105035,-0.11754,-0.654921,-3.77151
-0.00900524,-0.0581901,0.0101261,-0.113443,-0.627622,-3.77628
-0.00901638,-0.0582515,0.00974822,-0.109335,-0.600292,-3.78087
-0.00902711,-0.0583102,0.00936991,-0.105216,-0.572934,-3.78529
-0.00903742,-0.0583661,0.00899117,-0.101087,-0.545546,-3.78953
-0.00904732,-0.0584193,0.00861201,-0.0969462,-0.518131,-3.79359
-0.00905681,-0.0584697,0.00823246,-0.0927952,-0.490689,-3.79748
-0.00906588,-0.0585174,0.00785252,-0.0886338,-0.463221,-3.80119
-0.00907454,-0.0585624,0.00747222,-0.0844621,-0.435727,-3.80472
-0.00908277,-0.0586046,0.00709158,-0.0802801,-0.408209,-3.80807
-0.00909059,-0.058644,0.00671062,-0.076088,-0.380667,-3.81124
-0.00909799,-0.0586807,0.00632934,-0.0718859,-0.353102,-3.81424
-0.00910497,-0.0587147,0.00594778,-0.0676739,-0.325515,-3.81705
-0.00911153,-0.0587458,0.00556594,-0.0634522,-0.297906,-3.81969
-0.00911766,-0.0587742,0.00518384,-0.0592208,-0.270277,-3.82215
-0.00912337,-0.0587999,0.00480151,-0.0549799,-0.242628,-3.82443
-0.00912865,-0.0588228,0.00441896,-0.0507295,-0.214961,-3.82653
-0.00913351,-0.0588429,0.00403621,-0.0464699,-0.187275,-3.82846
-0.00913795,-0.0588602,0.00365328,-0.0422011,-0.159572,-3.8302
-0.00914195,-0.0588748,0.00327018,-0.0379232,-0.131852,-3.83176
-0.00914553,-0.0588866,0.00288693,-0.0336365,-0.104117,-3.83314
-0.00914868,-0.0588956,0.00250355,-0.0293409,-0.0763668,-3.83435
-0.0091514,-0.0589019,0.00212007,-0.0250366,-0.0486027,-3.83537
-0.00915369,-0.0589053,0.00173649,-0.0207237,-0.0208253,-3.83621
-0.00915555,-0.058906,0.00135283,-0.0164024,0.00696447,-3.83688
-0.00915697,-0.0589039,0.000969118,-0.0120728,0.0347658,-3.83736
-0.00915796,-0.0588991,0.000585365,-0.00773501,0.0625779,-3.83766
-0.00915852,-0.0588914,0.000201592,-0.00338913,0.0904,-3.83778
-0.00915864,-0.058881,-0.000182184,0.000964683,0.118231,-3.83771
-0.00915832,-0.0588678,-0.000565945,0.00532631,0.146071,-3.83747
-0.00915757,-0.0588518,-0.000949672,0.00969563,0.173918,-3.83705
-0.00915638,-0.058833,-0.00133335,0.0140725,0.201771,-3.83644
-0.00915476,-0.0588114,-0.00171695,0.0184568,0.22963,-3.83565
-0.00915269,-0.0587871,-0.00210047,0.0228484,0.257495,-3.83468
-0.00915019,-0.0587599,-0.00248388,0.0272472,0.285363,-3.83353
-0.00914724,-0.05873,-0.00286717,0.031653,0.313235,-3.83219
-0.00914724,-0.05873,-0.00286717,0.031653,0.313235,-3.83219
-0.00914386,-0.0586973,-0.00325032,0.0360573,0.3411,-3.83074
-0.00914003,-0.0586618,-0.00363331,0.0404683,0.368968,-3.8291
-0.00913576,-0.0586235,-0.00401613,0.0448859,0.396836,-3.82728
-0.00913105,-0.0585824,-0.00439876,0.0493101,0.424704,-3.82528
-0.0091259,-0.0585385,-0.00478118,0.0537406,0.452571,-3.8231
-0.0091203,-0.0584919,-0.00516338,0.0581774,0.480436,-3.82073
-0.00911426,-0.0584425,-0.00554532,0.0626202,0.508298,-3.81817
-0.00910778,-0.0583902,-0.00592701,0.067069,0.536157,-3.81544
-0.00910085,-0.0583352,-0.0063084,0.0715236,0.564011,-3.81252
-0.00909348,-0.0582774,-0.0066895,0.0759839,0.59186,-3.80941
-0.00908565,-0.0582168,-0.00707028,0.0804497,0.619703,-3.80612
-0.00907739,-0.0581535,-0.00745072,0.0849209,0.647539,-3.80264
-0.00906867,-0.0580873,-0.0078308,0.0893973,0.675367,-3.79898
-0.00905951,-0.0580184,-0.00821051,0.0938789,0.703186,-3.79513
-0.00904989,-0.0579467,-0.00858982,0.0983653,0.730995,-3.7911
-0.00903983,-0.0578722,-0.00896872,0.102857,0.758794,-3.78688
-0.00902932,-0.0577949,-0.00934719,0.107353,0.786581,-3.78248
-0.00901836,-0.0577149,-0.00972521,0.111853,0.814356,-3.77789
-0.00900695,-0.0576321,-0.0101028,0.116358,0.842118,-3.77311
-0.00899509,-0.0575465,-0.0104798,0.120867,0.869865,-3.76815
-0.00898278,-0.0574581,-0.0108564,0.12538,0.897597,-3.763
-0.00897001,-0.057367,-0.0112324,0.129897,0.925313,-3.75766
-0.0089568,-0.057273,-0.0116079,0.134418,0.953012,-3.75213
-0.00894313,-0.0571764,-0.0119828,0.138942,0.980693,-3.74642
-0.00892901,-0.0570769,-0.0123572,0.14347,1.00836,-3.74052
-0.00891444,-0.0569747,-0.0127309,0.148001,1.036,-3.73443
-0.00889941,-0.0568697,-0.0131041,0.152535,1.06362,-3.72816
-0.00888393,-0.056762,-0.0134766,0.157072,1.09122,-3.72169
-0.008868,-0.0566515,-0.0138484,0.161612,1.1188,-3.71504
-0.00885161,-0.0565382,-0.0142196,0.166154,1.14635,-3.7082
-0.00883476,-0.0564222,-0.01459,0.170699,1.17388,-3.70116
-0.00881747,-0.0563034,-0.0149598,0.175246,1.20138,-3.69394
-0.00879971,-0.0561819,-0.0153288,0.179796,1.22886,-3.68653
-0.00878151,-0.0560577,-0.0156971,0.184347,1.25631,-3.67893
-0.00876285,-0.0559307,-0.0160646,0.1889,1.28373,-3.67115
-0.00874373,-0.0558009,-0.0164313,0.193455,1.31112,-3.66317
-0.00872415,-0.0556684,-0.0167972,0.198011,1.33848,-3.655
-0.00870413,-0.0555332,-0.0171623,0.202568,1.36581,-3.64664
-0.00868364,-0.0553953,-0.0175265,0.207127,1.39311,-3.63809
-0.0086627,-0.0552546,-0.0178899,0.211686,1.42038,-3.62934
-0.0086413,-0.0551112,-0.0182524,0.216246,1.4476,-3.62041
-0.00861945,-0.0549651,-0.018614,0.220807,1.4748,-3.61129
-0.00859714,-0.0548162,-0.0189747,0.225368,1.50195,-3.60197
-0.00857438,-0.0546647,-0.0193344,0.229929,1.52907,-3.59246
-0.00855116,-0.0545104,-0.0196931,0.23449,1.55616,-3.58276
-0.00852748,-0.0543535,-0.0200509,0.239051,1.5832,-3.57287
-0.00850335,-0.0541938,-0.0204077,0.243612,1.6102,-3.56279
-0.00847876,-0.0540314,-0.0207635,0.248172,1.63715,-3.55251
-0.00845371,-0.0538664,-0.0211182,0.252731,1.66407,-3.54204
-0.00842821,-0.0536986,-0.0214719,0.25729,1.69094,-3.53138
-0.00840225,-0.0535282,-0.0218245,0.261847,1.71777,-3.52053
-0.00837584,-0.0533551,-0.022176,0.266403,1.74455,-3.50948
-0.00834897,-0.0531793,-0.0225264,0.270957,1.77128,-3.49824
-0.00832165,-0.0530008,-0.0228756,0.275509,1.79796,-3.4868
-0.00829387,-0.0528197,-0.0232237,0.28006,1.8246,-3.47517
-0.00826564,-0.0526359,-0.0235706,0.284608,1.85118,-3.46335
-0.00823695,-0.0524494,-0.0239164,0.289154,1.87772,-3.45133
-0.00820781,-0.0522603,-0.0242609,0.293698,1.90419,-3.43912
-0.00817821,-0.0520686,-0.0246042,0.298239,1.93062,-3.42671
-0.00814816,-0.0518742,-0.0249462,0.302776,1.95699,-3.41411
-0.00811766,-0.0516772,-0.025287,0.307311,1.9833,-3.40131
-0.0080867,-0.0514776,-0.0256265,0.311842,2.00956,-3.38832
-0.00805529,-0.0512753,-0.0259647,0.316369,2.03576,-3.37513
-0.00802342,-0.0510704,-0.0263015,0.320893,2.06189,-3.36175
-0.00799111,-0.0508629,-0.026637,0.325412,2.08797,-3.34817
-0.00795834,-0.0506528,-0.0269711,0.329928,2.11398,-3.33439
-0.00792512,-0.0504401,-0.0273039,0.334438,2.13993,-3.32042
-0.00789145,-0.0502248,-0.0276352,0.338944,2.16582,-3.30626
-0.00785733,-0.050007,-0.0279651,0.343445,2.19164,-3.29189
-0.00782277,-0.0497865,-0.0282936,0.347941,2.21739,-3.27733
-0.00778775,-0.0495635,-0.0286206,0.352431,2.24307,-3.26258
-0.00775228,-0.0493379,-0.0289461,0.356916,2.26869,-3.24763
-0.00771636,-0.0491097,-0.0292701,0.361394,2.29423,-3.23248
-0.00768,-0.048879,-0.0295926,0.365867,2.3197,-3.21713
-0.00764319,-0.0486458,-0.0299135,0.370333,2.3451,-3.20158
-0.00760593,-0.04841,-0.0302329,0.374792,2.37042,-3.18584
-0.00756823,-0.0481717,-0.0305507,0.379245,2.39566,-3.1699
-0.00753009,-0.0479309,-0.0308669,0.38369,2.42083,-3.15377
-0.00749149,-0.0476876,-0.0311814,0.388129,2.44592,-3.13743
-0.00745246,-0.0474417,-0.0314944,0.392559,2.47093,-3.1209
-0.00741298,-0.0471934,-0.0318056,0.396981,2.49586,-3.10417
-0.00737306,-0.0469426,-0.0321152,0.401396,2.5207,-3.08725
-0.0073327,-0.0466892,-0.0324231,0.405802,2.54546,-3.07012
-0.0072919,-0.0464335,-0.0327292,0.410199,2.57014,-3.0528
-0.00725066,-0.0461752,-0.0330336,0.414587,2.59473,-3.03527
-0.00720899,-0.0459145,-0.0333363,0.418966,2.61922,-3.01755
-0.00716687,-0.0456514,-0.0336371,0.423336,2.64363,-2.99963
-0.00712432,-0.0453858,-0.0339362,0.427696,2.66795,-2.98152
-0.00708133,-0.0451178,-0.0342334,0.432046,2.69218,-2.9632
-0.00703791,-0.0448474,-0.0345288,0.436385,2.71631,-2.94469
-0.00699406,-0.0445745,-0.0348223,0.440714,2.74035,-2.92598
-0.00694977,-0.0442993,-0.035114,0.445033,2.76428,-2.90706
-0.00690505,-0.0440217,-0.0354037,0.44934,2.78813,-2.88795
-0.0068599,-0.0437417,-0.0356916,0.453635,2.81187,-2.86865
-0.00681432,-0.0434593,-0.0359775,0.457919,2.83551,-2.84914
-0.00676832,-0.0431746,-0.0362614,0.462191,2.85904,-2.82943
-0.00672189,-0.0428875,-0.0365434,0.466451,2.88247,-2.80953
-0.00667503,-0.0425981,-0.0368233,0.470698,2.9058,-2.78942
-0.00662775,-0.0423063,-0.0371012,0.474932,2.92902,-2.76912
-0.00658004,-0.0420123,-0.0373771,0.479153,2.95213,-2.74862
-0.00653192,-0.0417159,-0.0376509,0.48336,2.97513,-2.72792
-0.00648337,-0.0414173,-0.0379227,0.487554,2.99801,-2.70703
-0.00643441,-0.0411163,-0.0381923,0.491734,3.02079,-2.68593
-0.00638502,-0.0408131,-0.0384599,0.495899,3.04344,-2.66463
-0.00633523,-0.0405076,-0.0387253,0.50005,3.06599,-2.64314
-0.00628501,-0.0401999,-0.0389885,0.504185,3.08841,-2.62145
-0.00623439,-0.03989,-0.0392495,0.508305,3.11071,-2.59956
-0.00618335,-0.0395778,-0.0395084,0.51241,3.13289,-2.57747
-0.00613191,-0.0392634,-0.039765,0.516498,3.15495,-2.55519
-0.00608005,-0.0389468,-0.0400194,0.52057,3.17688,-2.5327
-0.00602779,-0.038628,-0.0402716,0.524626,3.19869,-2.51002
-0.00597513,-0.0383071,-0.0405214,0.528664,3.22036,-2.48714
-0.00592206,-0.0379839,-0.040769,0.532685,3.24191,-2.46407
-0.00586859,-0.0376587,-0.0410142,0.536689,3.26333,-2.44079
-0.00581473,-0.0373313,-0.0412571,0.540674,3.28461,-2.41732
-0.00576046,-0.0370018,-0.0414977,0.544641,3.30575,-2.39365
-0.0057058,-0.0366701,-0.0417359,0.54859,3.32676,-2.36979
-0.00565074,-0.0363364,-0.0419716,0.552519,3.34764,-2.34573
-0.00559529,-0.0360006,-0.042205,0.556429,3.36837,-2.32147
-0.00553946,-0.0356628,-0.0424359,0.56032,3.38895,-2.29702
-0.00548323,-0.0353228,-0.0426644,0.56419,3.4094,-2.27237
-0.00542662,-0.0349809,-0.0428904,0.56804,3.4297,-2.24753
-0.00536962,-0.0346369,-0.0431139,0.571869,3.44985,-2.22249
-0.00531225,-0.0342909,-0.0433349,0.575677,3.46985,-2.19725
-0.00525449,-0.0339429,-0.0435533,0.579463,3.4897,-2.17182
-0.00519635,-0.033593,-0.0437693,0.583228,3.5094,-2.1462
-0.00513784,-0.0332411,-0.0439826,0.58697,3.52894,-2.12038
-0.00507896,-0.0328872,-0.0441933,0.590689,3.54833,-2.09437
-0.00501971,-0.0325314,-0.0444015,0.594386,3.56755,-2.06817
-0.00496009,-0.0321737,-0.0446069,0.598059,3.58662,-2.04177
-0.0049001,-0.0318141,-0.0448098,0.601708,3.60552,-2.01518
-0.00483974,-0.0314526,-0.04501,0.605333,3.62426,-1.9884
-0.00477903,-0.0310892,-0.0452075,0.608933,3.64284,-1.96143
-0.00471796,-0.030724,-0.0454023,0.612509,3.66124,-1.93427
-0.00465653,-0.030357,-0.0455943,0.616059,3.67948,-1.90691
-0.00459475,-0.0299881,-0.0457836,0.619584,3.69754,-1.87937
-0.00453261,-0.0296175,-0.0459702,0.623082,3.71543,-1.85164
-0.00447013,-0.0292451,-0.046154,0.626554,3.73314,-1.82371
-0.0044073,-0.0288709,-0.0463349,0.629998,3.75068,-1.7956
-0.00434413,-0.0284949,-0.0465131,0.633416,3.76803,-1.7673
-0.00428062,-0.0281173,-0.0466884,0.636806,3.78521,-1.73882
-0.00421677,-0.0277379,-0.0468608,0.640167,3.80219,-1.71015
-0.00415259,-0.0273568,-0.0470304,0.6435,3.819,-1.68129
-0.00408807,-0.0269741,-0.0471971,0.646804,3.83561,-1.65224
-0.00402323,-0.0265897,-0.0473608,0.650078,3.85204,-1.62301
-0.00395806,-0.0262037,-0.0475217,0.653323,3.86827,-1.5936
-0.00389257,-0.0258161,-0.0476796,0.656537,3.88431,-1.56401
-0.00382675,-0.0254268,-0.0478345,0.659721,3.90015,-1.53423
-0.00376062,-0.025036,-0.0479864,0.662873,3.91579,-1.50427
-0.00369418,-0.0246437,-0.0481353,0.665994,3.93124,-1.47412
-0.00362743,-0.0242498,-0.0482812,0.669083,3.94648,-1.4438
-0.00356036,-0.0238544,-0.0484241,0.672139,3.96151,-1.4133
-0.003493,-0.0234575,-0.0485639,0.675163,3.97634,-1.38262
-0.00342533,-0.0230591,-0.0487006,0.678153,3.99096,-1.35177
-0.00335737,-0.0226593,-0.0488342,0.681109,4.00537,-1.32073
-0.00328911,-0.0222581,-0.0489647,0.684031,4.01956,-1.28952
-0.00322056,-0.0218554,-0.0490921,0.686919,4.03354,-1.25814
-0.00315173,-0.0214514,-0.0492164,0.689771,4.04731,-1.22658
-0.00308261,-0.021046,-0.0493374,0.692588,4.06085,-1.19485
-0.00301321,-0.0206392,-0.0494553,0.695369,4.07417,-1.16295
-0.00294354,-0.0202311,-0.04957,0.698113,4.08726,-1.13087
-0.00287359,-0.0198218,-0.0496815,0.700821,4.10013,-1.09863
-0.00280338,-0.0194111,-0.0497897,0.70349,4.11277,-1.06622
-0.00273289,-0.0189992,-0.0498947,0.706123,4.12519,-1.03364
-0.00266215,-0.0185861,-0.0499965,0.708716,4.13736,-1.00089
-0.00259115,-0.0181718,-0.0500949,0.711271,4.1493,-0.967983
-0.0025199,-0.0177562,-0.05019,0.713787,4.16101,-0.93491
-0.0024484,-0.0173396,-0.0502819,0.716263,4.17247,-0.901674
-0.00237665,-0.0169218,-0.0503704,0.718698,4.1837,-0.868276
-0.00230466,-0.0165028,-0.0504555,0.721093,4.19468,-0.834719
-0.00223243,-0.0160828,-0.0505373,0.723447,4.20541,-0.801004
-0.00215997,-0.0156618,-0.0506157,0.725759,4.21589,-0.767131
-0.00208728,-0.0152397,-0.0506907,0.728029,4.22612,-0.733103
-0.00201437,-0.0148165,-0.0507623,0.730256,4.2361,-0.69892
-0.00194123,-0.0143924,-0.0508305,0.732441,4.24583,-0.664585
-0.00186788,-0.0139674,-0.0508952,0.734581,4.25529,-0.630099
-0.00179432,-0.0135414,-0.0509565,0.736678,4.2645,-0.595463
-0.00172055,-0.0131145,-0.0510143,0.73873,4.27344,-0.560679
-0.00164657,-0.0126867,-0.0510687,0.740737,4.28212,-0.525749
-0.0015724,-0.0122581,-0.0511195,0.742699,4.29054,-0.490673
-0.00149803,-0.0118286,-0.0511668,0.744614,4.29868,-0.455455
-0.00142348,-0.0113983,-0.0512106,0.746483,4.30655,-0.420096
-0.00134874,-0.0109673,-0.0512508,0.748305,4.31415,-0.384597
-0.00127382,-0.0105355,-0.0512875,0.750079,4.32147,-0.34896
-0.00119872,-0.010103,-0.0513206,0.751806,4.32851,-0.313188
-0.00112346,-0.00966984,-0.0513501,0.753484,4.33528,-0.277281
-0.00104803,-0.00923598,-0.051376,0.755113,4.34176,-0.241242
-0.000972438,-0.00880149,-0.0513984,0.756693,4.34795,-0.205073
-0.000896692,-0.0083664,-0.0514171,0.758222,4.35386,-0.168776
-0.000820795,-0.00793073,-0.0514321,0.759702,4.35948,-0.132353
-0.000744753,-0.00749451,-0.0514435,0.76113,4.36481,-0.0958053
-0.000668571,-0.00705778,-0.0514513,0.762507,4.36984,-0.059136
-0.000592253,-0.00662056,-0.0514553,0.763832,4.37458,-0.0223468
-0.000515806,-0.00618287,-0.0514557,0.765104,4.37902,0.0145601
-0.000439234,-0.00574476,-0.0514524,0.766324,4.38315,0.0515824
-0.000362543,-0.00530625,-0.0514454,0.76749,4.38699,0.0887178
-0.000285738,-0.00486737,-0.0514347,0.768602,4.39052,0.125964
-0.000208825,-0.00442816,-0.0514202,0.76966,4.39374,0.163319
-0.000131808,-0.00398864,-0.051402,0.770663,4.39665,0.20078
-5.46938e-05,-0.00354884,-0.0513801,0.771611,4.39925,0.238345
2.25124e-05,-0.0031088,-0.0513543,0.772503,4.40154,0.27601
9.98049e-05,-0.00266854,-0.0513249,0.773338,4.40351,0.313775
0.000177178,-0.00222811,-0.0512916,0.774117,4.40516,0.351636
0.000254626,-0.00178752,-0.0512545,0.774839,4.40649,0.38959
0.000332144,-0.00134682,-0.0512137,0.775502,4.4075,0.427635
0.000409725,-0.000906033,-0.051169,0.776108,4.40818,0.465769
0.000487364,-0.000465195,-0.0511205,0.776654,4.40854,0.503988
0.000565054,-2.43365e-05,-0.0510682,0.777142,4.40857,0.54229
0.00064279,0.000416508,-0.051012,0.77757,4.40826,0.580671
0.000720566,0.000857305,-0.0509521,0.777937,4.40763,0.61913
0.000798375,0.00129802,-0.0508882,0.778244,4.40666,0.657663
0.000876213,0.00173862,-0.0508205,0.77849,4.40535,0.696267
0.000954071,0.00217908,-0.050749,0.778675,4.4037,0.73494
0.00103195,0.00261935,-0.0506735,0.778797,4.40171,0.773677
0.00110983,0.00305941,-0.0505942,0.778857,4.39938,0.812477
0.00118771,0.00349922,-0.050511,0.778854,4.3967,0.851336
0.0012656,0.00393874,-0.050424,0.778788,4.39368,0.89025
0.00134347,0.00437794,-0.050333,0.778657,4.39031,0.929218
0.00142133,0.00481679,-0.0502381,0.778463,4.38659,0.968234
0.00149916,0.00525525,-0.0501393,0.778204,4.38251,1.0073
0.00157697,0.00569328,-0.0500366,0.77788,4.37808,1.0464
0.00165473,0.00613085,-0.04993,0.77749,4.3733,1.08555
0.00173246,0.00656793,-0.0498195,0.777035,4.36816,1.12473
0.00181014,0.00700447,-0.0497051,0.776513,4.36265,1.16394
0.00188776,0.00744045,-0.0495867,0.775924,4.35679,1.20318
0.00196532,0.00787582,-0.0494645,0.775268,4.35056,1.24245
0.00204281,0.00831055,-0.0493383,0.774544,4.34397,1.28174
0.00212023,0.0087446,-0.0492081,0.773753,4.33702,1.32105
0.00219756,0.00917794,-0.049074,0.772893,4.32969,1.36037
0.0022748,0.00961053,-0.048936,0.771964,4.322,1.3997
0.00235195,0.0100423,-0.0487941,0.770966,4.31393,1.43904
0.002429,0.0104733,-0.0486482,0.769899,4.3055,1.47838
0.00250593,0.0109034,-0.0484984,0.768761,4.29669,1.51772
0.00258275,0.0113326,-0.0483447,0.767554,4.2875,1.55706
0.00265944,0.0117609,-0.048187,0.766276,4.27794,1.59638
0.002736,0.0121882,-0.0480254,0.764927,4.268,1.6357
0.00281242,0.0126145,-0.0478599,0.763507,4.25769,1.67499
0.0028887,0.0130397,-0.0476904,0.762015,4.24699,1.71427
0.00296482,0.0134639,-0.047517,0.760451,4.23591,1.75352
0.00304078,0.0138869,-0.0473397,0.758815,4.22445,1.79275
0.00311658,0.0143088,-0.0471585,0.757106,4.21261,1.83193
0.0031922,0.0147294,-0.0469733,0.755325,4.20038,1.87108
0.00326764,0.0151488,-0.0467843,0.75347,4.18777,1.91019
0.00334289,0.0155669,-0.0465913,0.751542,4.17477,1.94926
0.00341795,0.0159838,-0.0463944,0.749541,4.16139,1.98827
0.0034928,0.0163992,-0.0461936,0.747465,4.14761,2.02723
0.00356744,0.0168133,-0.045989,0.745316,4.13345,2.06612
0.00364186,0.0172259,-0.0457804,0.743092,4.1189,2.10496
0.00371606,0.017637,-0.045568,0.740793,4.10396,2.14372
0.00379002,0.0180467,-0.0453517,0.73842,4.08863,2.18241
0.00386374,0.0184547,-0.0451315,0.735971,4.0729,2.22103
0.00393721,0.0188612,-0.0449075,0.733447,4.05679,2.25956
0.00401042,0.0192661,-0.0446796,0.730848,4.04028,2.298
0.00408338,0.0196693,-0.0444479,0.728173,4.02338,2.33636
0.00415606,0.0200708,-0.0442123,0.725422,4.00609,2.37461
0.00422846,0.0204705,-0.043973,0.722596,3.98841,2.41277
0.00430057,0.0208684,-0.0437298,0.719693,3.97033,2.45082
0.00437239,0.0212645,-0.0434828,0.716714,3.95186,2.48876
0.00444391,0.0216588,-0.043232,0.713659,3.933,2.52658
0.00451512,0.0220511,-0.0429775,0.710527,3.91374,2.56428
0.00458602,0.0224415,-0.0427192,0.707319,3.89409,2.60186
0.00465658,0.0228299,-0.0424571,0.704034,3.87405,2.63931
0.00472682,0.0232163,-0.0421913,0.700672,3.85361,2.67662
0.00479672,0.0236006,-0.0419218,0.697234,3.83279,2.71379
0.00486626,0.0239829,-0.0416486,0.693719,3.81157,2.75082
0.00493546,0.0243629,-0.0413716,0.690127,3.78996,2.7877
0.00500429,0.0247408,-0.041091,0.686459,3.76795,2.82442
0.00507275,0.0251165,-0.0408068,0.682714,3.74556,2.86098
0.00514083,0.0254899,-0.0405188,0.678891,3.72278,2.89738
0.00520852,0.0258611,-0.0402273,0.674993,3.69961,2.9336
0.00527582,0.0262298,-0.0399321,0.671017,3.67605,2.96966
0.00534272,0.0265963,-0.0396334,0.666965,3.6521,3.00553
0.00540921,0.0269603,-0.039331,0.662836,3.62777,3.04121
0.00547529,0.0273218,-0.0390251,0.658631,3.60305,3.0767
0.00554094,0.0276808,-0.0387157,0.654349,3.57795,3.112
0.00560616,0.0280374,-0.0384027,0.649991,3.55246,3.1471
0.00567093,0.0283913,-0.0380863,0.645557,3.5266,3.18199
0.00573526,0.0287427,-0.0377663,0.641047,3.50035,3.21667
0.00579914,0.0290914,-0.0374429,0.636462,3.47372,3.25113
0.00586255,0.0294374,-0.0371161,0.6318,3.44672,3.28538
0.0059255,0.0297807,-0.0367859,0.627064,3.41934,3.31939
0.00598796,0.0301213,-0.0364523,0.622252,3.39159,3.35317
0.00604995,0.030459,-0.0361153,0.617365,3.36346,3.38672
0.00611143,0.0307939,-0.0357749,0.612403,3.33496,3.42002
0.00617242,0.031126,-0.0354313,0.607367,3.3061,3.45308
0.00623291,0.0314552,-0.0350843,0.602257,3.27687,3.48588
0.00629287,0.0317814,-0.0347341,0.597073,3.24727,3.51843
0.00635232,0.0321046,-0.0343806,0.591815,3.21732,3.55071
0.00641123,0.0324248,-0.034024,0.586484,3.187,3.58273
0.00646961,0.032742,-0.0336641,0.58108,3.15632,3.61447
0.00652745,0.0330561,-0.0333011,0.575604,3.12529,3.64594
0.00658473,0.033367,-0.0329349,0.570056,3.09391,3.67712
0.00664146,0.0336748,-0.0325657,0.564435,3.06218,3.70802
0.00669762,0.0339795,-0.0321933,0.558744,3.0301,3.73862
0.0067532,0.0342808,-0.0318179,0.552982,2.99768,3.76892
0.00680821,0.034579,-0.0314395,0.547149,2.96491,3.79892
0.00686263,0.0348738,-0.0310582,0.541246,2.93181,3.82862
0.00691646,0.0351653,-0.0306738,0.535274,2.89837,3.858
0.00696968,0.0354535,-0.0302866,0.529232,2.8646,3.88706
0.0070223,0.0357382,-0.0298964,0.523123,2.8305,3.9158
0.0070743,0.0360196,-0.0295034,0.516945,2.79607,3.94422
0.00712569,0.0362974,-0.0291076,0.5107,2.76132,3.9723
0.00717644,0.0365718,-0.028709,0.504388,2.72626,4.00005
0.00722656,0.0368427,-0.0283076,0.49801,2.69087,4.02745
0.00727604,0.03711,-0.0279035,0.491566,2.65518,4.05451
0.00732487,0.0373737,-0.0274967,0.485057,2.61918,4.08122
0.00737305,0.0376338,-0.0270873,0.478484,2.58287,4.10757
0.00742057,0.0378903,-0.0266752,0.471847,2.54626,4.13356
0.00746742,0.0381431,-0.0262606,0.465148,2.50936,4.15919
0.0075136,0.0383921,-0.0258434,0.458385,2.47216,4.18446
0.00755909,0.0386375,-0.0254237,0.451561,2.43468,4.20935
0.00760391,0.0388791,-0.0250015,0.444677,2.39691,4.23386
0.00764803,0.0391169,-0.0245769,0.437732,2.35886,4.25799
0.00769145,0.0393508,-0.0241499,0.430727,2.32054,4.28174
0.00773417,0.039581,-0.0237206,0.423664,2.28195,4.30509
0.00777618,0.0398072,-0.0232889,0.416543,2.24308,4.32806
0.00781748,0.0400296,-0.022855,0.409364,2.20396,4.35062
0.00785805,0.040248,-0.0224188,0.40213,2.16458,4.37279
0.0078979,0.0404625,-0.0219805,0.39484,2.12495,4.39455
0.00793702,0.040673,-0.0215399,0.387495,2.08507,4.4159
0.0079754,0.0408795,-0.0210973,0.380097,2.04495,4.43684
0.00801304,0.041082,-0.0206526,0.372646,2.00458,4.45736
0.00804993,0.0412804,-0.0202058,0.365142,1.96399,4.47747
0.00808606,0.0414747,-0.0197571,0.357588,1.92317,4.49715
0.00812144,0.041665,-0.0193064,0.349983,1.88212,4.5164
0.00815606,0.0418512,-0.0188538,0.342329,1.84086,4.53523
0.00818991,0.0420332,-0.0183994,0.334627,1.79938,4.55362
0.00822298,0.042211,-0.0179431,0.326877,1.7577,4.57157
0.00825528,0.0423847,-0.0174851,0.319081,1.71582,4.58909
0.0082868,0.0425542,-0.0170253,0.311239,1.67374,4.60616
0.00831753,0.0427194,-0.0165639,0.303353,1.63147,4.62279
0.00834747,0.0428805,-0.0161008,0.295424,1.58901,4.63897
0.00837661,0.0430372,-0.0156361,0.287452,1.54637,4.6547
0.00840495,0.0431897,-0.0151698,0.279438,1.50356,4.66998
0.0084325,0.043338,-0.0147021,0.271384,1.46058,4.6848
0.00845923,0.0434819,-0.0142329,0.263291,1.41744,4.69916
0.00848515,0.0436214,-0.0137623,0.25516,1.37414,4.71306
0.00851026,0.0437567,-0.0132903,0.246991,1.33069,4.7265
0.00853455,0.0438876,-0.012817,0.238786,1.28709,4.73947
0.00855802,0.0440141,-0.0123424,0.230546,1.24335,4.75198
0.00858066,0.0441362,-0.0118666,0.222272,1.19948,4.76401
0.00860247,0.044254,-0.0113896,0.213966,1.15548,4.77558
0.00862345,0.0443673,-0.0109115,0.205627,1.11136,4.78667
0.00864359,0.0444762,-0.0104323,0.197258,1.06713,4.79729
0.0086629,0.0445807,-0.00995208,0.188859,1.02278,4.80744
0.00868137,0.0446808,-0.00947085,0.180432,0.97833,4.8171
0.00869899,0.0447764,-0.00898868,0.171978,0.933782,4.82629
0.00871576,0.0448676,-0.00850561,0.163497,0.889143,4.83499
0.00873168,0.0449542,-0.00802169,0.154992,0.844418,4.84322
0.00874676,0.0450364,-0.00753698,0.146462,0.799613,4.85096
0.00876098,0.0451142,-0.00705152,0.13791,0.754736,4.85822
0.00877434,0.0451874,-0.00656535,0.129337,0.709791,4.86499
0.00878684,0.0452561,-0.00607854,0.120743,0.664785,4.87128
0.00879849,0.0453203,-0.00559111,0.11213,0.619724,4.87708
0.00880927,0.0453801,-0.00510314,0.103499,0.574614,4.8824
0.00881919,0.0454353,-0.00461465,0.0948518,0.529463,4.88723
0.00882824,0.0454859,-0.00412571,0.0861885,0.484274,4.89157
0.00883642,0.0455321,-0.00363635,0.0775108,0.439056,4.89543
0.00884374,0.0455738,-0.00314664,0.0688199,0.393814,4.8988
0.00885019,0.0456109,-0.00265661,0.0601169,0.348555,4.90168
0.00885576,0.0456435,-0.00216632,0.051403,0.303284,4.90407
0.00886047,0.0456715,-0.00167581,0.0426794,0.258007,4.90597
0.0088643,0.0456951,-0.00118514,0.0339474,0.212732,4.90739
0.00886726,0.0457141,-0.00069435,0.025208,0.167463,4.90832
0.00886934,0.0457286,-0.000203491,0.0164625,0.122208,4.90877
0.00887055,0.0457385,0.000287387,0.00771211,0.0769719,4.90872
0.00887088,0.045744,0.000778237,-0.00104205,0.0317612,4.9082
0.00887034,0.0457449,0.00126901,-0.00979878,-0.013418,4.90719
0.00886892,0.0457413,0.00175966,-0.0185569,-0.0585597,4.90569
0.00886663,0.0457332,0.00225013,-0.0273152,-0.103658,4.90371
0.00886346,0.0457205,0.00274039,-0.0360725,-0.148706,4.90126
0.00885941,0.0457034,0.00323037,-0.0448277,-0.193699,4.89832
0.00885449,0.0456818,0.00372003,-0.0535796,-0.238631,4.8949
0.0088487,0.0456557,0.00420933,-0.062327,-0.283495,4.891
0.00884203,0.0456251,0.00469822,-0.0710688,-0.328285,4.88663
0.00883449,0.04559,0.00518664,-0.0798038,-0.372997,4.88178
0.00882607,0.0455505,0.00567456,-0.0885309,-0.417623,4.87646
0.00881678,0.0455065,0.00616192,-0.0972488,-0.462159,4.87067
0.00880662,0.0454581,0.00664868,-0.105957,-0.506598,4.86441
0.00879559,0.0454052,0.00713478,-0.114653,-0.550934,4.85768
0.00878369,0.0453479,0.0076202,-0.123337,-0.595163,4.85048
0.00877092,0.0452862,0.00810487,-0.132007,-0.639278,4.84282
0.00875729,0.04522,0.00858875,-0.140663,-0.683275,4.8347
0.00874279,0.0451495,0.00907179,-0.149303,-0.727146,4.82612
0.00872743,0.0450746,0.00955395,-0.157925,-0.770888,4.81708
0.0087112,0.0449954,0.0100352,-0.16653,-0.814494,4.80759
0.00869412,0.0449117,0.0105155,-0.175116,-0.857959,4.79765
0.00867618,0.0448238,0.0109947,-0.183682,-0.901279,4.78726
0.00865739,0.0447315,0.0114729,-0.192226,-0.944446,4.77642
0.00863774,0.0446349,0.01195,-0.200748,-0.987458,4.76513
0.00861724,0.044534,0.0124259,-0.209247,-1.03031,4.7534
0.00859589,0.0444288,0.0129006,-0.217722,-1.07299,4.74124
0.00857369,0.0443194,0.0133741,-0.226171,-1.1155,4.72864
0.00855066,0.0442057,0.0138464,-0.234594,-1.15783,4.71561
0.00852678,0.0440878,0.0143172,-0.242989,-1.19999,4.70215
0.00850206,0.0439657,0.0147868,-0.251356,-1.24195,4.68826
0.00847651,0.0438395,0.0152549,-0.259694,-1.28373,4.67394
0.00845012,0.043709,0.0157215,-0.268001,-1.32531,4.65921
0.00842291,0.0435744,0.0161867,-0.276278,-1.36668,4.64407
0.00839487,0.0434357,0.0166503,-0.284522,-1.40786,4.6285
0.008366,0.0432928,0.0171124,-0.292732,-1.44882,4.61253
0.00833632,0.0431459,0.0175728,-0.300909,-1.48957,4.59616
0.00830582,0.0429949,0.0180316,-0.309051,-1.5301,4.57938
0.00827451,0.0428399,0.0184887,-0.317157,-1.57041,4.5622
0.00824239,0.0426809,0.018944,-0.325226,-1.61049,4.54462
0.00820947,0.0425178,0.0193976,-0.333257,-1.65034,4.52666
0.00817574,0.0423508,0.0198494,-0.34125,-1.68996,4.50831
0.00814122,0.0421798,0.0202993,-0.349204,-1.72933,4.48957
0.0081059,0.0420049,0.0207473,-0.357117,-1.76847,4.47045
0.0080698,0.0418261,0.0211933,-0.364989,-1.80735,4.45096
0.00803291,0.0416435,0.0216374,-0.37282,-1.84599,4.4311
0.00799524,0.041457,0.0220795,-0.380608,-1.88437,4.41086
0.00795679,0.0412666,0.0225196,-0.388353,-1.92249,4.39026
0.00791757,0.0410725,0.0229576,-0.396053,-1.96035,4.36931
0.00787758,0.0408745,0.0233935,-0.403709,-1.99795,4.34799
0.00783683,0.0406729,0.0238272,-0.411319,-2.03528,4.32633
0.00779532,0.0404675,0.0242587,-0.418882,-2.07234,4.30432
0.00775305,0.0402584,0.024688,-0.426399,-2.10912,4.28196
0.00771004,0.0400457,0.0251151,-0.433868,-2.14562,4.25927
0.00766628,0.0398293,0.0255399,-0.441288,-2.18184,4.23624
0.00762178,0.0396093,0.0259623,-0.448659,-2.21778,4.21288
0.00757655,0.0393858,0.0263824,-0.455981,-2.25343,4.18919
0.00753059,0.0391587,0.0268002,-0.463252,-2.28879,4.16518
0.0074839,0.038928,0.0272155,-0.470472,-2.32386,4.14086
0.00743649,0.0386939,0.0276283,-0.47764,-2.35864,4.11622
0.00738837,0.0384563,0.0280387,-0.484756,-2.39311,4.09127
0.00733954,0.0382153,0.0284466,-0.491819,-2.42729,4.06602
0.00729001,0.0379709,0.0288519,-0.498829,-2.46116,4.04047
0.00723978,0.0377231,0.0292546,-0.505785,-2.49472,4.01462
0.00718886,0.0374719,0.0296548,-0.512686,-2.52798,3.98849
0.00713725,0.0372175,0.0300523,-0.519532,-2.56093,3.96206
0.00708495,0.0369597,0.0304472,-0.526323,-2.59356,3.93536
0.00703198,0.0366988,0.0308394,-0.533057,-2.62588,3.90837
0.00697834,0.0364346,0.0312289,-0.539735,-2.65789,3.88112
0.00692404,0.0361672,0.0316156,-0.546356,-2.68957,3.85359
0.00686907,0.0358967,0.0319996,-0.55292,-2.72094,3.8258
0.00681346,0.035623,0.0323808,-0.559425,-2.75198,3.79776
0.00675719,0.0353463,0.0327591,-0.565872,-2.7827,3.76945
0.00670028,0.0350665,0.0331346,-0.572261,-2.8131,3.7409
0.00664274,0.0347837,0.0335073,-0.57859,-2.84317,3.7121
0.00658457,0.0344979,0.0338771,-0.58486,-2.8729,3.68306
0.00652577,0.0342091,0.0342439,-0.591069,-2.90231,3.65378
0.00646636,0.0339174,0.0346078,-0.597218,-2.93139,3.62427
0.00640633,0.0336228,0.0349687,-0.603307,-2.96013,3.59453
0.0063457,0.0333254,0.0353267,-0.609334,-2.98854,3.56457
0.00628446,0.0330251,0.0356817,-0.615301,-3.01662,3.53439
0.00622264,0.0327221,0.0360336,-0.621205,-3.04436,3.504
0.00616022,0.0324163,0.0363824,-0.627048,-3.07176,3.47339
0.00609723,0.0321077,0.0367282,-0.632828,-3.09882,3.44258
0.00603366,0.0317965,0.037071,-0.638545,-3.12555,3.41157
0.00596952,0.0314827,0.0374106,-0.6442,-3.15193,3.38036
0.00590482,0.0311662,0.037747,-0.649792,-3.17797,3.34896
0.00583957,0.0308471,0.0380803,-0.65532,-3.20367,3.31737
0.00577376,0.0305254,0.0384105,-0.660785,-3.22903,3.2856
0.00570741,0.0302013,0.0387375,-0.666186,-3.25404,3.25365
0.00564053,0.0298746,0.0390612,-0.671523,-3.27872,3.22152
0.00557311,0.0295455,0.0393817,-0.676796,-3.30304,3.18922
0.00550517,0.029214,0.039699,-0.682005,-3.32703,3.15676
0.00543671,0.0288801,0.0400131,-0.687149,-3.35066,3.12414
0.00536774,0.0285439,0.0403239,-0.692228,-3.37396,3.09135
0.00529827,0.0282054,0.0406314,-0.697243,-3.3969,3.05841
0.0052283,0.0278645,0.0409355,-0.702192,-3.4195,3.02533
0.00515783,0.0275215,0.0412364,-0.707077,-3.44176,2.9921
0.00508688,0.0271762,0.041534,-0.711896,-3.46367,2.95872
0.00501545,0.0268288,0.0418282,-0.71665,-3.48523,2.92521
0.00494355,0.0264792,0.042119,-0.721338,-3.50645,2.89157
0.00487119,0.0261275,0.0424065,-0.725961,-3.52732,2.8578
0.00479836,0.0257737,0.0426906,-0.730518,-3.54785,2.8239
0.00472509,0.0254179,0.0429712,-0.73501,-3.56803,2.78989
0.00465136,0.0250601,0.0432485,-0.739435,-3.58786,2.75575
0.0045772,0.0247004,0.0435224,-0.743795,-3.60735,2.72151
0.00450261,0.0243387,0.0437928,-0.74809,-3.62649,2.68715
0.00442759,0.0239751,0.0440598,-0.752318,-3.64529,2.65269
0.00435215,0.0236096,0.0443234,-0.75648,-3.66374,2.61813
0.00427629,0.0232423,0.0445834,-0.760577,-3.68185,2.58347
0.00420003,0.0228733,0.0448401,-0.764607,-3.69962,2.54872
0.00412337,0.0225024,0.0450932,-0.768572,-3.71704,2.51388
0.00404632,0.0221299,0.0453428,-0.77247,-3.73412,2.47895
0.00396888,0.0217556,0.045589,-0.776303,-3.75086,2.44395
0.00389106,0.0213797,0.0458316,-0.78007,-3.76726,2.40886
0.00381287,0.0210022,0.0460707,-0.783771,-3.78332,2.3737
0.00373431,0.0206231,0.0463064,-0.787407,-3.79904,2.33846
0.00365539,0.0202424,0.0465384,-0.790976,-3.81441,2.30316
0.00357612,0.0198602,0.046767,-0.79448,-3.82945,2.2678
0.0034965,0.0194765,0.046992,-0.797918,-3.84415,2.23237
0.00341654,0.0190914,0.0472135,-0.801291,-3.85852,2.19689
0.00333624,0.0187048,0.0474314,-0.804598,-3.87255,2.16135
0.00325562,0.0183169,0.0476457,-0.80784,-3.88624,2.12577
0.00317467,0.0179276,0.0478565,-0.811017,-3.8996,2.09014
0.00309342,0.017537,0.0480638,-0.814128,-3.91263,2.05446
0.00301185,0.0171451,0.0482674,-0.817174,-3.92532,2.01874
0.00292998,0.0167519,0.0484675,-0.820155,-3.93768,1.98299
0.00284782,0.0163575,0.048664,-0.823072,-3.94972,1.9472
0.00276537,0.015962,0.0488569,-0.825923,-3.96142,1.91139
0.00268264,0.0155653,0.0490463,-0.82871,-3.9728,1.87554
0.00259963,0.0151674,0.049232,-0.831433,-3.98384,1.83968
0.00251636,0.0147685,0.0494142,-0.834091,-3.99457,1.80379
0.00243282,0.0143685,0.0495928,-0.836685,-4.00497,1.76788
0.00234902,0.0139675,0.0497678,-0.839214,-4.01504,1.73196
0.00226498,0.0135655,0.0499392,-0.84168,-4.02479,1.69603
0.00218069,0.0131626,0.050107,-0.844082,-4.03423,1.66008
0.00209616,0.0127587,0.0502712,-0.846421,-4.04334,1.62414
0.0020114,0.0123539,0.0504318,-0.848696,-4.05213,1.58819
0.00192642,0.0119483,0.0505888,-0.850908,-4.06061,1.55224
0.00184123,0.0115418,0.0507423,-0.853057,-4.06877,1.51629
0.00175581,0.0111345,0.0508921,-0.855143,-4.07662,1.48035
0.0016702,0.0107265,0.0510383,-0.857166,-4.08416,1.44441
0.00158438,0.0103177,0.051181,-0.859127,-4.09138,1.40849
0.00149838,0.00990822,0.05132,-0.861025,-4.09829,1.37258
0.00141218,0.00949805,0.0514555,-0.862861,-4.1049,1.33669
0.00132581,0.00908725,0.0515874,-0.864636,-4.11119,1.30081
0.00123926,0.00867583,0.0517157,-0.866348,-4.11718,1.26496
0.00115254,0.00826382,0.0518404,-0.867999,-4.12287,1.22913
0.00106566,0.00785126,0.0519615,-0.869589,-4.12825,1.19333
0.000978622,0.00743818,0.052079,-0.871118,-4.13334,1.15756
0.000891437,0.0070246,0.052193,-0.872585,-4.13812,1.12182
0.000804107,0.00661057,0.0523034,-0.873993,-4.1426,1.08611
0.00071664,0.00619609,0.0524102,-0.875339,-4.14679,1.05044
0.000629041,0.00578122,0.0525135,-0.876626,-4.15068,1.01481
0.000541317,0.00536597,0.0526132,-0.877852,-4.15428,0.979222
0.000453473,0.00495037,0.0527093,-0.879019,-4.15758,0.943676
0.000365515,0.00453446,0.0528019,-0.880126,-4.1606,0.908175
0.00027745,0.00411826,0.052891,-0.881174,-4.16332,0.872722
0.000189282,0.00370181,0.0529765,-0.882163,-4.16576,0.83732
0.000101019,0.00328512,0.0530584,-0.883093,-4.16792,0.80197
1.26655e-05,0.00286823,0.0531369,-0.883965,-4.16978,0.766674
-7.57721e-05,0.00245117,0.0532118,-0.884778,-4.17137,0.731435
-0.000164288,0.00203397,0.0532832,-0.885533,-4.17267,0.696254
-0.000252877,0.00161665,0.053351,-0.886231,-4.1737,0.661134
-0.000341532,0.00119924,0.0534154,-0.88687,-4.17445,0.626077
-0.000430249,0.000781767,0.0534763,-0.887453,-4.17492,0.591085
-0.000519021,0.000364263,0.0535336,-0.887978,-4.17511,0.556159
-0.000607843,-5.32468e-05,0.0535875,-0.888447,-4.17504,0.521302
-0.000696708,-0.000470735,0.0536379,-0.888859,-4.17469,0.486516
-0.000785613,-0.000888176,0.0536848,-0.889215,-4.17407,0.451801
-0.000874549,-0.00130554,0.0537282,-0.889514,-4.17319,0.417161
-0.000963514,-0.0017228,0.0537682,-0.889758,-4.17204,0.382597
-0.0010525,-0.00213994,0.0538048,-0.889946,-4.17062,0.348111
-0.0011415,-0.00255692,0.0538379,-0.89008,-4.16894,0.313705
-0.00123051,-0.00297372,0.0538675,-0.890158,-4.167,0.279379
-0.00131953,-0.00339031,0.0538937,-0.890181,-4.1648,0.245137
-0.00140855,-0.00380667,0.0539165,-0.89015,-4.16234,0.210979
-0.00149756,-0.00422277,0.0539359,-0.890065,-4.15963,0.176908
-0.00158656,-0.00463859,0.0539519,-0.889926,-4.15666,0.142924
-0.00167554,-0.00505409,0.0539645,-0.889733,-4.15344,0.10903
-0.0017645,-0.00546927,0.0539737,-0.889487,-4.14996,0.0752275
-0.00185344,-0.00588408,0.0539796,-0.889187,-4.14624,0.0415173
-0.00194234,-0.00629851,0.053982,-0.888835,-4.14227,0.00790127
-0.0020312,-0.00671252,0.0539811,-0.88843,-4.13806,-0.0256191
-0.00212002,-0.00712611,0.0539769,-0.887973,-4.13359,-0.0590423
-0.0022088,-0.00753924,0.0539693,-0.887464,-4.12889,-0.092367
-0.00229751,-0.00795188,0.0539584,-0.886903,-4.12394,-0.125592
-0.00238617,-0.00836402,0.0539442,-0.88629,-4.11876,-0.158715
-0.00247477,-0.00877562,0.0539267,-0.885626,-4.11334,-0.191735
-0.0025633,-0.00918668,0.0539059,-0.884911,-4.10768,-0.224652
-0.00265175,-0.00959715,0.0538818,-0.884146,-4.10178,-0.257463
-0.00274013,-0.010007,0.0538544,-0.88333,-4.09566,-0.290167
-0.00282842,-0.0104163,0.0538237,-0.882464,-4.0893,-0.322763
-0.00291662,-0.0108249,0.0537898,-0.881548,-4.08271,-0.35525
-0.00300472,-0.0112328,0.0537527,-0.880582,-4.0759,-0.387626
-0.00309273,-0.01164,0.0537123,-0.879568,-4.06885,-0.419891
-0.00318064,-0.0120466,0.0536687,-0.878504,-4.06159,-0.452042
-0.00326843,-0.0124524,0.0536219,-0.877391,-4.0541,-0.48408
-0.00335611,-0.0128574,0.0535719,-0.876229,-4.04639,-0.516002
-0.00344368,-0.0132616,0.0535187,-0.87502,-4.03845,-0.547808
-0.00353111,-0.0136651,0.0534624,-0.873762,-4.03031,-0.579496
-0.00361843,-0.0140677,0.0534028,-0.872457,-4.02194,-0.611066
-0.0037056,-0.0144694,0.0533401,-0.871104,-4.01336,-0.642516
-0.00379265,-0.0148703,0.0532743,-0.869704,-4.00456,-0.673845
-0.00387954,-0.0152704,0.0532054,-0.868257,-3.99556,-0.705052
-0.00396629,-0.0156695,0.0531333,-0.866763,-3.98634,-0.736137
-0.00405289,-0.0160676,0.0530582,-0.865223,-3.97692,-0.767098
-0.00413934,-0.0164648,0.0529799,-0.863637,-3.96729,-0.797934
-0.00422562,-0.0168611,0.0528986,-0.862004,-3.95745,-0.828644
-0.00431174,-0.0172563,0.0528142,-0.860327,-3.94741,-0.859228
-0.00439768,-0.0176505,0.0527267,-0.858604,-3.93716,-0.889684
-0.00448346,-0.0180437,0.0526363,-0.856835,-3.92672,-0.920011
-0.00456905,-0.0184359,0.0525427,-0.855022,-3.91608,-0.95021
-0.00465446,-0.0188269,0.0524462,-0.853165,-3.90524,-0.980277
-0.00473968,-0.0192169,0.0523467,-0.851263,-3.8942,-1.01021
-0.00482471,-0.0196058,0.0522442,-0.849317,-3.88297,-1.04002
-0.00490954,-0.0199935,0.0521387,-0.847328,-3.87155,-1.06969
-0.00499417,-0.0203801,0.0520302,-0.845294,-3.85993,-1.09923
-0.0050786,-0.0207655,0.0519188,-0.843218,-3.84812,-1.12863
-0.00516282,-0.0211497,0.0518045,-0.841099,-3.83613,-1.1579
-0.00524682,-0.0215327,0.0516873,-0.838936,-3.82395,-1.18703
-0.0053306,-0.0219145,0.0515671,-0.836732,-3.81158,-1.21603
-0.00541416,-0.022295,0.0514441,-0.834485,-3.79903,-1.24489
-0.0054975,-0.0226743,0.0513181,-0.832196,-3.7863,-1.27361
-0.0055806,-0.0230523,0.0511894,-0.829865,-3.77339,-1.30219
-0.00566347,-0.023429,0.0510577,-0.827493,-3.76029,-1.33063
-0.0057461,-0.0238043,0.0509232,-0.82508,-3.74702,-1.35893
-0.00582848,-0.0241784,0.0507859,-0.822626,-3.73358,-1.38709
-0.00591062,-0.024551,0.0506458,-0.820131,-3.71995,-1.41511
-0.00599251,-0.0249223,0.0505029,-0.817595,-3.70616,-1.44299
-0.00607414,-0.0252923,0.0503572,-0.815019,-3.69219,-1.47072
-0.00615551,-0.0256608,0.0502088,-0.812404,-3.67805,-1.49831
-0.00623662,-0.0260279,0.0500576,-0.809748,-3.66374,-1.52576
-0.00631746,-0.0263935,0.0499036,-0.807053,-3.64926,-1.55306
-0.00639803,-0.0267577,0.049747,-0.804319,-3.63462,-1.58022
-0.00647832,-0.0271204,0.0495876,-0.801546,-3.61981,-1.60723
-0.00655834,-0.0274817,0.0494255,-0.798734,-3.60484,-1.63409
-0.00663807,-0.0278414,0.0492608,-0.795883,-3.58971,-1.66081
-0.00671751,-0.0281996,0.0490934,-0.792994,-3.57441,-1.68738
-0.00679667,-0.0285563,0.0489233,-0.790067,-3.55896,-1.7138
-0.00687552,-0.0289114,0.0487506,-0.787103,-3.54334,-1.74007
-0.00695408,-0.0292649,0.0485753,-0.7841,-3.52757,-1.7662
-0.00703234,-0.0296169,0.0483974,-0.781061,-3.51165,-1.79217
-0.0071103,-0.0299673,0.0482169,-0.777984,-3.49557,-1.818
-0.00718794,-0.030316,0.0480338,-0.774871,-3.47934,-1.84367
-0.00726527,-0.0306631,0.0478481,-0.77172,-3.46295,-1.8692
-0.00734228,-0.0310086,0.0476599,-0.768534,-3.44642,-1.89457
-0.00741897,-0.0313524,0.0474692,-0.765311,-3.42974,-1.91979
-0.00749534,-0.0316945,0.047276,-0.762052,-3.41291,-1.94486
-0.00757138,-0.032035,0.0470803,-0.758757,-3.39593,-1.96977
-0.00764709,-0.0323737,0.046882,-0.755427,-3.37881,-1.99453
-0.00772247,-0.0327107,0.0466814,-0.752062,-3.36154,-2.01914
-0.0077975,-0.033046,0.0464782,-0.748662,-3.34413,-2.0436
-0.0078722,-0.0333796,0.0462726,-0.745227,-3.32658,-2.0679
-0.00794655,-0.0337113,0.0460646,-0.741757,-3.3089,-2.09204
-0.00802055,-0.0340413,0.0458542,-0.738253,-3.29107,-2.11603
-0.0080942,-0.0343695,0.0456414,-0.734715,-3.2731,-2.13987
-0.00816749,-0.0346959,0.0454263,-0.731142,-3.255,-2.16355
-0.00824043,-0.0350205,0.0452087,-0.727536,-3.23677,-2.18707
-0.008313,-0.0353433,0.0449889,-0.723897,-3.2184,-2.21043
-0.0083852,-0.0356642,0.0447667,-0.720224,-3.19989,-2.23364
-0.00845704,-0.0359833,0.0445421,-0.716518,-3.18126,-2.2567
-0.00852851,-0.0363005,0.0443153,-0.71278,-3.1625,-2.27959
-0.0085996,-0.0366158,0.0440862,-0.709009,-3.1436,-2.30233
-0.00867031,-0.0369292,0.0438549,-0.705205,-3.12458,-2.32491
-0.00874064,-0.0372407,0.0436212,-0.701369,-3.10544,-2.34733
-0.00881058,-0.0375503,0.0433854,-0.697501,-3.08617,-2.36959
-0.00888013,-0.0378579,0.0431473,-0.693601,-3.06677,-2.39169
-0.0089493,-0.0381636,0.0429071,-0.68967,-3.04725,-2.41363
-0.00901807,-0.0384674,0.0426646,-0.685707,-3.02761,-2.43542
-0.00908644,-0.0387691,0.04242,-0.681714,-3.00785,-2.45704
-0.00915441,-0.0390689,0.0421732,-0.677689,-2.98797,-2.4785
-0.00922198,-0.0393667,0.0419243,-0.673633,-2.96797,-2.4998
-0.00928914,-0.0396625,0.0416733,-0.669547,-2.94785,-2.52095
-0.00935588,-0.0399563,0.0414201,-0.665431,-2.92762,-2.54193
-0.00942222,-0.040248,0.0411649,-0.661284,-2.90727,-2.56274
-0.00948814,-0.0405377,0.0409076,-0.657108,-2.88681,-2.5834
-0.00955364,-0.0408254,0.0406482,-0.652901,-2.86624,-2.6039
-0.00961872,-0.041111,0.0403868,-0.648666,-2.84555,-2.62423
-0.00968337,-0.0413945,0.0401234,-0.6444,-2.82475,-2.6444
-0.0097476,-0.0416759,0.0398579,-0.640106,-2.80385,-2.66441
-0.00981139,-0.0419553,0.0395905,-0.635783,-2.78283,-2.68426
-0.00987475,-0.0422325,0.0393211,-0.631431,-2.76171,-2.70394
-0.00993768,-0.0425076,0.0390497,-0.62705,-2.74048,-2.72346
-0.0100002,-0.0427806,0.0387764,-0.622641,-2.71915,-2.74282
-0.0100622,-0.0430514,0.0385011,-0.618204,-2.69771,-2.76201
-0.0101238,-0.0433201,0.038224,-0.613739,-2.67617,-2.78104
-0.010185,-0.0435867,0.0379449,-0.609246,-2.65453,-2.79991
-0.0102457,-0.043851,0.037664,-0.604726,-2.63278,-2.81861
-0.0103059,-0.0441132,0.0373812,-0.600178,-2.61094,-2.83714
-0.0103657,-0.0443732,0.0370966,-0.595603,-2.589,-2.85552
-0.010425,-0.044631,0.0368101,-0.591001,-2.56696,-2.87372
-0.0104839,-0.0448866,0.0365218,-0.586372,-2.54482,-2.89177
-0.0105423,-0.04514,0.0362318,-0.581716,-2.52259,-2.90964
-0.0106002,-0.0453911,0.0359399,-0.577034,-2.50026,-2.92735
-0.0106577,-0.04564,0.0356463,-0.572326,-2.47783,-2.9449
-0.0107147,-0.0458867,0.035351,-0.567591,-2.45532,-2.96228
-0.0107712,-0.0461311,0.0350539,-0.562831,-2.43271,-2.9795
-0.0108273,-0.0463732,0.0347551,-0.558045,-2.41001,-2.99654
-0.0108828,-0.0466131,0.0344546,-0.553233,-2.38722,-3.01343
-0.0109379,-0.0468507,0.0341524,-0.548396,-2.36435,-3.03014
-0.0109925,-0.0470859,0.0338485,-0.543534,-2.34138,-3.04669
-0.0110466,-0.0473189,0.033543,-0.538647,-2.31833,-3.06307
-0.0111002,-0.0475496,0.0332359,-0.533735,-2.29519,-3.07929
-0.0111534,-0.047778,0.0329272,-0.528799,-2.27197,-3.09534
-0.011206,-0.048004,0.0326169,-0.523838,-2.24866,-3.11122
-0.0112581,-0.0482277,0.032305,-0.518853,-2.22527,-3.12693
-0.0113098,-0.048449,0.0319915,-0.513843,-2.2018,-3.14248
-0.0113609,-0.048668,0.0316765,-0.50881,-2.17824,-3.15785
-0.0114115,-0.0488847,0.0313599,-0.503753,-2.15461,-3.17307
-0.0114616,-0.049099,0.0310419,-0.498672,-2.13089,-3.18811
-0.0115113,-0.0493109,0.0307223,-0.493568,-2.1071,-3.20298
-0.0115604,-0.0495204,0.0304013,-0.488441,-2.08323,-3.21769
-0.0116089,-0.0497275,0.0300788,-0.483291,-2.05928,-3.23222
-0.011657,-0.0499322,0.0297548,-0.478118,-2.03525,-3.24659
-0.0117046,-0.0501346,0.0294295,-0.472922,-2.01116,-3.26079
-0.0117516,-0.0503345,0.0291027,-0.467704,-1.98698,-3.27482
-0.0117981,-0.050532,0.0287745,-0.462463,-1.96274,-3.28869
-0.0118441,-0.050727,0.0284449,-0.457201,-1.93842,-3.30238
-0.0118895,-0.0509196,0.028114,-0.451916,-1.91403,-3.3159
-0.0119345,-0.0511098,0.0277818,-0.446609,-1.88957,-3.32926
-0.0119789,-0.0512975,0.0274482,-0.441281,-1.86504,-3.34244
-0.0120227,-0.0514828,0.0271133,-0.435931,-1.84044,-3.35545
-0.012066,-0.0516656,0.0267771,-0.43056,-1.81577,-3.3683
-0.0121088,-0.051846,0.0264396,-0.425168,-1.79104,-3.38097
-0.0121511,-0.0520238,0.0261009,-0.419755,-1.76624,-3.39348
-0.0121928,-0.0521992,0.0257609,-0.414321,-1.74138,-3.40581
-0.0122339,-0.0523721,0.0254198,-0.408867,-1.71645,-3.41798
-0.0122746,-0.0525425,0.0250774,-0.403392,-1.69145,-3.42997
-0.0123146,-0.0527104,0.0247338,-0.397896,-1.6664,-3.44179
-0.0123541,-0.0528758,0.024389,-0.392381,-1.64128,-3.45344
-0.0123931,-0.0530387,0.0240431,-0.386846,-1.6161,-3.46492
-0.0124315,-0.053199,0.023696,-0.381291,-1.59086,-3.47623
-0.0124694,-0.0533568,0.0233478,-0.375716,-1.56557,-3.48737
-0.0125066,-0.0535121,0.0229986,-0.370122,-1.54021,-3.49834
-0.0125434,-0.0536649,0.0226482,-0.364508,-1.5148,-3.50913
-0.0125795,-0.0538151,0.0222967,-0.358876,-1.48933,-3.51975
-0.0126152,-0.0539627,0.0219442,-0.353224,-1.4638,-3.5302
-0.0126502,-0.0541078,0.0215907,-0.347554,-1.43822,-3.54048
-0.0126847,-0.0542504,0.0212361,-0.341865,-1.41258,-3.55059
-0.0127186,-0.0543903,0.0208806,-0.336158,-1.38689,-3.56053
-0.0127519,-0.0545277,0.020524,-0.330432,-1.36115,-3.57029
-0.0127847,-0.0546626,0.0201665,-0.324688,-1.33536,-3.57988
-0.0128168,-0.0547948,0.0198081,-0.318927,-1.30951,-3.5893
-0.0128484,-0.0549245,0.0194487,-0.313147,-1.28362,-3.59854
-0.0128795,-0.0550515,0.0190884,-0.30735,-1.25767,-3.60761
-0.0129099,-0.055176,0.0187272,-0.301536,-1.23168,-3.61651
-0.0129398,-0.0552979,0.0183651,-0.295704,-1.20564,-3.62523
-0.012969,-0.0554171,0.0180021,-0.289855,-1.17955,-3.63379
-0.0129977,-0.0555338,0.0176383,-0.28399,-1.15341,-3.64217
-0.0130258,-0.0556478,0.0172737,-0.278107,-1.12724,-3.65037
-0.0130534,-0.0557592,0.0169083,-0.272208,-1.10101,-3.6584
-0.0130803,-0.055868,0.016542,-0.266293,-1.07474,-3.66626
-0.0131066,-0.0559742,0.016175,-0.260361,-1.04843,-3.67394
-0.0131324,-0.0560777,0.0158072,-0.254413,-1.02208,-3.68145
-0.0131575,-0.0561786,0.0154387,-0.248449,-0.995686,-3.68878
-0.013182,-0.0562768,0.0150695,-0.242469,-0.969252,-3.69594
-0.013206,-0.0563724,0.0146995,-0.236474,-0.942777,-3.70293
-0.0132293,-0.0564654,0.0143289,-0.230463,-0.916264,-3.70974
-0.0132521,-0.0565557,0.0139576,-0.224438,-0.889713,-3.71637
-0.0132742,-0.0566433,0.0135856,-0.218397,-0.863124,-3.72283
-0.0132958,-0.0567283,0.013213,-0.212341,-0.836499,-3.72912
-0.0133167,-0.0568106,0.0128398,-0.20627,-0.809838,-3.73523
-0.013337,-0.0568903,0.012466,-0.200185,-0.783142,-3.74116
-0.0133567,-0.0569673,0.0120916,-0.194085,-0.756411,-3.74692
-0.0133758,-0.0570416,0.0117166,-0.187971,-0.729648,-3.7525
-0.0133943,-0.0571132,0.0113411,-0.181843,-0.702851,-3.75791
-0.0134122,-0.0571821,0.010965,-0.175701,-0.676023,-3.76314
-0.0134295,-0.0572484,0.0105885,-0.169546,-0.649164,-3.76819
-0.0134461,-0.057312,0.0102114,-0.163376,-0.622275,-3.77307
-0.0134621,-0.0573728,0.00983387,-0.157194,-0.595356,-3.77777
-0.0134775,-0.057431,0.00945587,-0.150998,-0.568409,-3.78229
-0.0134923,-0.0574865,0.00907742,-0.144789,-0.541433,-3.78664
-0.0135065,-0.0575393,0.00869855,-0.138568,-0.514431,-3.79081
-0.0135201,-0.0575894,0.00831926,-0.132333,-0.487402,-3.7948
-0.013533,-0.0576368,0.00793959,-0.126086,-0.460348,-3.79862
-0.0135453,-0.0576815,0.00755955,-0.119827,-0.433269,-3.80225
-0.0135569,-0.0577234,0.00717915,-0.113556,-0.406166,-3.80571
-0.013568,-0.0577627,0.00679841,-0.107272,-0.379041,-3.80899
-0.0135784,-0.0577993,0.00641735,-0.100977,-0.351892,-3.8121
-0.0135882,-0.0578331,0.006036,-0.0946699,-0.324722,-3.81502
-0.0135973,-0.0578642,0.00565436,-0.0883515,-0.297532,-3.81777
-0.0136058,-0.0578926,0.00527245,-0.0820218,-0.270321,-3.82033
-0.0136137,-0.0579183,0.0048903,-0.075681,-0.243092,-3.82272
-0.013621,-0.0579412,0.00450791,-0.0693292,-0.215843,-3.82493
-0.0136276,-0.0579614,0.00412531,-0.0629668,-0.188578,-3.82696
-0.0136336,-0.0579789,0.00374252,-0.0565937,-0.161295,-3.82881
-0.0136389,-0.0579937,0.00335956,-0.0502102,-0.133997,-3.83048
-0.0136436,-0.0580057,0.00297643,-0.0438166,-0.106683,-3.83198
-0.0136477,-0.058015,0.00259317,-0.0374129,-0.0793553,-3.83329
-0.0136511,-0.0580216,0.00220978,-0.0309994,-0.0520138,-3.83442
-0.0136539,-0.0580254,0.00182629,-0.0245762,-0.0246595,-3.83537
-0.013656,-0.0580265,0.00144271,-0.0181435,0.00270682,-3.83614
-0.0136575,-0.0580249,0.00105907,-0.0117016,0.0300843,-3.83673
-0.0136584,-0.0580205,0.000675373,-0.0052505,0.057472,-3.83714
-0.0136584,-0.0580205,0.000675373,-0.0052505,0.057472,-3.83714
-0.0136584,-0.0580134,0.000291573,0.00394922,0.0841792,-3.83884
-0.0136576,-0.0580037,-9.23878e-05,0.0131574,0.110895,-3.84035
-0.0136558,-0.0579912,-0.000476491,0.0223737,0.137617,-3.84168
-0.0136531,-0.0579761,-0.000860718,0.0315978,0.164347,-3.84283
-0.0136495,-0.0579584,-0.00124505,0.0408294,0.191082,-3.8438
-0.0136449,-0.0579379,-0.00162947,0.0500682,0.217822,-3.84458
-0.0136395,-0.0579148,-0.00201396,0.0593138,0.244566,-3.84519
-0.0136331,-0.057889,-0.0023985,0.0685658,0.271314,-3.84561
-0.0136257,-0.0578605,-0.00278308,0.0778241,0.298064,-3.84584
-0.0136175,-0.0578294,-0.00316767,0.0870881,0.324816,-3.8459
-0.0136083,-0.0577956,-0.00355225,0.0963577,0.351569,-3.84577
-0.0135982,-0.0577591,-0.00393681,0.105632,0.378322,-3.84545
-0.0135872,-0.0577199,-0.00432133,0.114912,0.405073,-3.84495
-0.0135752,-0.0576781,-0.0047058,0.124196,0.431824,-3.84427
-0.0135624,-0.0576336,-0.00509018,0.133484,0.458571,-3.8434
-0.0135485,-0.0575864,-0.00547447,0.142776,0.485315,-3.84235
-0.0135338,-0.0575365,-0.00585865,0.152071,0.512055,-3.84111
-0.0135181,-0.0574839,-0.00624269,0.161369,0.53879,-3.83969
-0.0135015,-0.0574287,-0.00662658,0.17067,0.565518,-3.83808
-0.013484,-0.0573708,-0.0070103,0.179973,0.592239,-3.83629
-0.0134655,-0.0573103,-0.00739383,0.189279,0.618953,-3.83431
-0.0134461,-0.0572471,-0.00777715,0.198585,0.645657,-3.83214
-0.0134258,-0.0571812,-0.00816025,0.207894,0.672352,-3.82978
-0.0134046,-0.0571126,-0.0085431,0.217202,0.699036,-3.82724
-0.0133824,-0.0570413,-0.00892569,0.226512,0.725708,-3.82451
-0.0133593,-0.0569674,-0.009308,0.235821,0.752367,-3.8216
-0.0133352,-0.0568909,-0.00969001,0.245131,0.779013,-3.81849
-0.0133102,-0.0568116,-0.0100717,0.254439,0.805645,-3.8152
-0.0132843,-0.0567297,-0.010453,0.263747,0.832261,-3.81172
-0.0132575,-0.0566452,-0.010834,0.273053,0.85886,-3.80805
-0.0132297,-0.056558,-0.0112146,0.282357,0.885442,-3.8042
-0.013201,-0.0564681,-0.0115949,0.291659,0.912005,-3.80015
-0.0131714,-0.0563756,-0.0119747,0.300959,0.938549,-3.79591
-0.0131408,-0.0562804,-0.012354,0.310255,0.965072,-3.79149
-0.0131093,-0.0561826,-0.012733,0.319549,0.991574,-3.78687
-0.0130769,-0.0560821,-0.0131114,0.328838,1.01805,-3.78207
-0.0130436,-0.055979,-0.0134894,0.338123,1.04451,-3.77707
-0.0130093,-0.0558732,-0.0138668,0.347403,1.07094,-3.77189
-0.0129741,-0.0557648,-0.0142437,0.356679,1.09734,-3.76651
-0.0129379,-0.0556537,-0.0146201,0.365949,1.12372,-3.76095
-0.0129009,-0.05554,-0.0149959,0.375213,1.15007,-3.75519
-0.0128629,-0.0554237,-0.0153711,0.384471,1.17639,-3.74924
-0.012824,-0.0553047,-0.0157458,0.393722,1.20269,-3.7431
-0.0127842,-0.0551832,-0.0161198,0.402966,1.22895,-3.73677
-0.0127434,-0.055059,-0.0164931,0.412202,1.25517,-3.73025
-0.0127017,-0.0549321,-0.0168658,0.421431,1.28137,-3.72353
-0.0126591,-0.0548027,-0.0172378,0.430651,1.30753,-3.71663
-0.0126156,-0.0546706,-0.0176091,0.439862,1.33365,-3.70953
-0.0125711,-0.054536,-0.0179797,0.449063,1.35974,-3.70224
-0.0125258,-0.0543987,-0.0183496,0.458255,1.38579,-3.69475
-0.0124795,-0.0542588,-0.0187187,0.467437,1.4118,-3.68708
-0.0124323,-0.0541163,-0.019087,0.476608,1.43777,-3.67921
-0.0123842,-0.0539712,-0.0194545,0.485768,1.4637,-3.67115
-0.0123351,-0.0538236,-0.0198212,0.494916,1.48959,-3.66289
-0.0122852,-0.0536733,-0.0201871,0.504053,1.51543,-3.65444
-0.0122343,-0.0535205,-0.0205521,0.513177,1.54123,-3.6458
-0.0121826,-0.0533651,-0.0209162,0.522287,1.56698,-3.63697
-0.0121299,-0.0532071,-0.0212795,0.531385,1.59268,-3.62794
-0.0120763,-0.0530465,-0.0216418,0.540468,1.61834,-3.61872
-0.0120218,-0.0528834,-0.0220032,0.549537,1.64394,-3.6093
-0.0119664,-0.0527178,-0.0223637,0.558592,1.6695,-3.5997
-0.0119101,-0.0525495,-0.0227231,0.567631,1.695,-3.58989
-0.0118528,-0.0523788,-0.0230816,0.576654,1.72044,-3.5799
-0.0117947,-0.0522055,-0.0234391,0.585661,1.74584,-3.56971
-0.0117357,-0.0520296,-0.0237956,0.594651,1.77117,-3.55932
-0.0116758,-0.0518512,-0.024151,0.603623,1.79645,-3.54875
-0.011615,-0.0516703,-0.0245053,0.612578,1.82167,-3.53797
-0.0115533,-0.0514869,-0.0248586,0.621515,1.84683,-3.52701
-0.0114907,-0.0513009,-0.0252107,0.630433,1.87193,-3.51585
-0.0114272,-0.0511125,-0.0255617,0.639331,1.89697,-3.5045
-0.0113628,-0.0509216,-0.0259116,0.64821,1.92194,-3.49295
-0.0112976,-0.0507281,-0.0262603,0.657069,1.94685,-3.48121
-0.0112314,-0.0505322,-0.0266078,0.665906,1.97169,-3.46927
-0.0111644,-0.0503338,-0.0269541,0.674723,1.99646,-3.45715
-0.0110965,-0.0501329,-0.0272992,0.683517,2.02116,-3.44482
-0.0110277,-0.0499296,-0.0276431,0.692289,2.04579,-3.43231
-0.010958,-0.0497237,-0.0279857,0.701038,2.07035,-3.4196
-0.0108875,-0.0495155,-0.028327,0.709764,2.09483,-3.4067
-0.0108161,-0.0493048,-0.028667,0.718466,2.11924,-3.3936
-0.0107438,-0.0490916,-0.0290057,0.727144,2.14358,-3.38031
-0.0106706,-0.0488761,-0.0293431,0.735796,2.16783,-3.36683
-0.0105966,-0.0486581,-0.0296791,0.744423,2.19201,-3.35316
-0.0105217,-0.0484377,-0.0300137,0.753024,2.2161,-3.33929
-0.010446,-0.0482149,-0.0303469,0.761598,2.24012,-3.32523
-0.0103694,-0.0479896,-0.0306788,0.770145,2.26405,-3.31098
-0.010292,-0.0477621,-0.0310091,0.778665,2.28789,-3.29654
-0.0102137,-0.0475321,-0.0313381,0.787156,2.31165,-3.2819
-0.0101346,-0.0472997,-0.0316655,0.795618,2.33532,-3.26708
-0.0100546,-0.047065,-0.0319915,0.804052,2.3589,-3.25206
-0.00997375,-0.0468279,-0.0323159,0.812455,2.38239,-3.23685
-0.00989208,-0.0465885,-0.0326388,0.820828,2.40579,-3.22145
-0.00980958,-0.0463468,-0.0329602,0.829169,2.42909,-3.20586
-0.00972625,-0.0461027,-0.03328,0.83748,2.4523,-3.19008
-0.00964209,-0.0458563,-0.0335982,0.845758,2.47541,-3.17411
-0.0095571,-0.0456076,-0.0339148,0.854003,2.49842,-3.15796
-0.00947129,-0.0453567,-0.0342298,0.862216,2.52133,-3.14161
-0.00938466,-0.0451034,-0.0345431,0.870394,2.54415,-3.12507
-0.00929721,-0.0448478,-0.0348548,0.878538,2.56686,-3.10835
-0.00920895,-0.04459,-0.0351648,0.886647,2.58946,-3.09143
-0.00911988,-0.0443299,-0.0354731,0.894721,2.61196,-3.07433
-0.00903001,-0.0440676,-0.0357797,0.902759,2.63435,-3.05705
-0.00893933,-0.0438031,-0.0360845,0.91076,2.65663,-3.03958
-0.00884786,-0.0435363,-0.0363876,0.918724,2.6788,-3.02192
-0.00875559,-0.0432673,-0.0366889,0.92665,2.70086,-3.00407
-0.00866253,-0.0429961,-0.0369884,0.934537,2.72281,-2.98604
-0.00856868,-0.0427228,-0.0372861,0.942386,2.74464,-2.96783
-0.00847405,-0.0424472,-0.0375819,0.950196,2.76635,-2.94943
-0.00837864,-0.0421695,-0.0378759,0.957965,2.78795,-2.93085
-0.00828246,-0.0418896,-0.0381681,0.965693,2.80942,-2.91209
-0.00818551,-0.0416076,-0.0384584,0.973381,2.83078,-2.89314
-0.00808778,-0.0413235,-0.0387467,0.981026,2.85201,-2.87401
-0.0079893,-0.0410372,-0.0390332,0.988629,2.87311,-2.85471
-0.00789006,-0.0407489,-0.0393177,0.996189,2.89409,-2.83522
-0.00779006,-0.0404584,-0.0396002,1.00371,2.91495,-2.81555
-0.00768932,-0.0401659,-0.0398808,1.01118,2.93567,-2.7957
-0.00758783,-0.0398713,-0.0401593,1.01861,2.95626,-2.77568
-0.0074856,-0.0395746,-0.0404359,1.02599,2.97672,-2.75548
-0.00738263,-0.0392759,-0.0407104,1.03333,2.99705,-2.7351
-0.00727894,-0.0389752,-0.0409829,1.04062,3.01724,-2.71455
-0.00717451,-0.0386725,-0.0412533,1.04786,3.03729,-2.69382
-0.00706937,-0.0383678,-0.0415217,1.05505,3.05721,-2.67292
-0.0069635,-0.0380611,-0.0417879,1.0622,3.07698,-2.65184
-0.00685693,-0.0377524,-0.042052,1.0693,3.09661,-2.6306
-0.00674965,-0.0374417,-0.042314,1.07635,3.1161,-2.60918
-0.00664166,-0.0371292,-0.0425739,1.08335,3.13544,-2.58759
-0.00653298,-0.0368147,-0.0428315,1.0903,3.15464,-2.56583
-0.0064236,-0.0364982,-0.043087,1.0972,3.17369,-2.5439
-0.00631354,-0.0361799,-0.0433403,1.10404,3.19259,-2.52181
-0.0062028,-0.0358597,-0.0435914,1.11084,3.21134,-2.49955
-0.00609137,-0.0355377,-0.0438402,1.11758,3.22993,-2.47712
-0.00597928,-0.0352137,-0.0440868,1.12426,3.24837,-2.45453
-0.00586652,-0.034888,-0.0443311,1.1309,3.26666,-2.43177
-0.0057531,-0.0345604,-0.0445731,1.13748,3.28478,-2.40886
-0.00563903,-0.034231,-0.0448129,1.144,3.30275,-2.38578
-0.00552431,-0.0338999,-0.0450503,1.15047,3.32056,-2.36254
-0.00540894,-0.0335669,-0.0452854,1.15688,3.3382,-2.33914
-0.00529293,-0.0332322,-0.0455181,1.16324,3.35569,-2.31559
-0.00517629,-0.0328958,-0.0457485,1.16954,3.373,-2.29188
-0.00505902,-0.0325576,-0.0459765,1.17578,3.39015,-2.26801
-0.00494114,-0.0322178,-0.0462021,1.18196,3.40713,-2.24399
-0.00482263,-0.0318762,-0.0464253,1.18809,3.42394,-2.21981
-0.00470352,-0.031533,-0.046646,1.19415,3.44058,-2.19549
-0.00458381,-0.0311881,-0.0468644,1.20015,3.45705,-2.17101
-0.00446349,-0.0308416,-0.0470802,1.2061,3.47334,-2.14639
-0.00434259,-0.0304934,-0.0472936,1.21198,3.48946,-2.12162
-0.0042211,-0.0301437,-0.0475046,1.2178,3.5054,-2.0967
-0.00409903,-0.0297924,-0.047713,1.22356,3.52116,-2.07164
-0.00397639,-0.0294395,-0.0479189,1.22926,3.53674,-2.04643
-0.00385318,-0.029085,-0.0481223,1.23489,3.55214,-2.02109
-0.00372941,-0.028729,-0.0483231,1.24046,3.56736,-1.9956
-0.00360509,-0.0283716,-0.0485214,1.24597,3.58239,-1.96997
-0.00348022,-0.0280126,-0.0487171,1.25141,3.59724,-1.94421
-0.00335481,-0.0276521,-0.0489102,1.25678,3.6119,-1.91831
-0.00322887,-0.0272902,-0.0491007,1.26209,3.62637,-1.89227
-0.0031024,-0.0269268,-0.0492887,1.26733,3.64065,-1.86611
-0.0029754,-0.0265621,-0.049474,1.27251,3.65474,-1.83981
-0.0028479,-0.0261959,-0.0496566,1.27762,3.66864,-1.81338
-0.00271988,-0.0258284,-0.0498366,1.28266,3.68234,-1.78683
-0.00259137,-0.0254594,-0.050014,1.28764,3.69585,-1.76015
-0.00246236,-0.0250892,-0.0501887,1.29254,3.70916,-1.73334
-0.00233286,-0.0247176,-0.0503606,1.29738,3.72228,-1.70641
-0.00220288,-0.0243447,-0.0505299,1.30214,3.73519,-1.67936
-0.00207243,-0.0239706,-0.0506965,1.30684,3.74791,-1.65219
-0.00194152,-0.0235952,-0.0508604,1.31147,3.76042,-1.62491
-0.00181014,-0.0232185,-0.0510215,1.31602,3.77273,-1.5975
-0.00167831,-0.0228406,-0.0511799,1.32051,3.78484,-1.56999
-0.00154604,-0.0224615,-0.0513355,1.32492,3.79674,-1.54236
-0.00141333,-0.0220813,-0.0514883,1.32926,3.80843,-1.51462
-0.00128019,-0.0216999,-0.0516384,1.33353,3.81992,-1.48678
-0.00114663,-0.0213173,-0.0517857,1.33772,3.83119,-1.45882
-0.00101265,-0.0209336,-0.0519302,1.34184,3.84226,-1.43076
-0.000878264,-0.0205489,-0.0520718,1.34589,3.85312,-1.4026
-0.000743476,-0.020163,-0.0522107,1.34986,3.86376,-1.37434
-0.000608294,-0.0197761,-0.0523467,1.35376,3.87419,-1.34598
-0.000472725,-0.0193882,-0.0524799,1.35759,3.88441,-1.31753
-0.000336778,-0.0189992,-0.0526102,1.36134,3.89441,-1.28897
-0.00020046,-0.0186093,-0.0527377,1.36501,3.90419,-1.26033
-6.3779e-05,-0.0182184,-0.0528623,1.36861,3.91376,-1.23159
7.32584e-05,-0.0178266,-0.052984,1.37213,3.92311,-1.20277
0.000210644,-0.0174338,-0.0531028,1.37557,3.93224,-1.17386
0.00034837,-0.0170401,-0.0532187,1.37894,3.94115,-1.14486
0.000486429,-0.0166456,-0.0533318,1.38223,3.94984,-1.11579
0.000624813,-0.0162502,-0.0534419,1.38544,3.95831,-1.08663
0.000763515,-0.0158539,-0.0535491,1.38858,3.96655,-1.05739
0.000902526,-0.0154569,-0.0536534,1.39163,3.97457,-1.02808
0.00104184,-0.015059,-0.0537547,1.39461,3.98236,-0.998694
0.00118145,-0.0146604,-0.0538531,1.39751,3.98993,-0.969236
0.00132134,-0.014261,-0.0539486,1.40033,3.99728,-0.939709
0.00146151,-0.013861,-0.0540411,1.40307,4.0044,-0.910114
0.00160195,-0.0134602,-0.0541306,1.40573,4.01128,-0.880454
0.00174265,-0.0130587,-0.0542171,1.40831,4.01795,-0.850731
0.00188361,-0.0126566,-0.0543007,1.41081,4.02438,-0.820947
0.00202481,-0.0122538,-0.0543813,1.41323,4.03058,-0.791105
0.00216625,-0.0118505,-0.0544589,1.41557,4.03655,-0.761207
0.00230792,-0.0114465,-0.0545336,1.41783,4.04229,-0.731255
0.00244981,-0.011042,-0.0546052,1.42001,4.0478,-0.701251
0.00259192,-0.010637,-0.0546738,1.4221,4.05308,-0.671198
0.00273423,-0.0102314,-0.0547394,1.42412,4.05813,-0.641098
0.00287674,-0.00982536,-0.054802,1.42605,4.06294,-0.610953
0.00301944,-0.00941884,-0.0548616,1.4279,4.06752,-0.580766
0.00316232,-0.00901187,-0.0549182,1.42967,4.07186,-0.550538
0.00330537,-0.00860448,-0.0549717,1.43136,4.07597,-0.520273
0.00344859,-0.00819668,-0.0550222,1.43297,4.07985,-0.489973
0.00359196,-0.00778851,-0.0550697,1.43449,4.08349,-0.459639
0.00373548,-0.00737999,-0.0551142,1.43593,4.08689,-0.429275
0.00387915,-0.00697114,-0.0551556,1.43729,4.09006,-0.398883
0.00402294,-0.00656199,-0.0551939,1.43857,4.09299,-0.368465
0.00416686,-0.00615255,-0.0552293,1.43976,4.09569,-0.338023
0.00431089,-0.00574286,-0.0552615,1.44087,4.09814,-0.30756
0.00445503,-0.00533293,-0.0552908,1.4419,4.10037,-0.277078
0.00459927,-0.00492279,-0.055317,1.44285,4.10235,-0.246579
0.0047436,-0.00451247,-0.0553401,1.44371,4.1041,-0.216067
0.00488801,-0.00410198,-0.0553602,1.44449,4.10561,-0.185543
0.00503249,-0.00369136,-0.0553772,1.44519,4.10688,-0.15501
0.00517704,-0.00328061,-0.0553912,1.4458,4.10792,-0.12447
0.00532165,-0.00286978,-0.0554021,1.44633,4.10871,-0.0939261
0.0054663,-0.00245888,-0.05541,1.44678,4.10927,-0.0633798
0.005611,-0.00204793,-0.0554148,1.44714,4.1096,-0.0328339
0.00575573,-0.00163697,-0.0554165,1.44742,4.10968,-0.00229089
0.00590048,-0.00122601,-0.0554152,1.44762,4.10953,0.0282469
0.00604525,-0.00081507,-0.0554109,1.44774,4.10914,0.0587772
0.00619003,-0.000404186,-0.0554035,1.44777,4.10851,0.0892974
0.0063348,6.62421e-06,-0.055393,1.44772,4.10765,0.119805
0.00647957,0.000417336,-0.0553795,1.44759,4.10654,0.150298
0.00662432,0.000827925,-0.055363,1.44737,4.10521,0.180774
0.00676904,0.00123837,-0.0553434,1.44707,4.10363,0.21123
0.00691373,0.00164864,-0.0553207,1.44669,4.10182,0.241664
0.00705838,0.00205873,-0.055295,1.44623,4.09977,0.272074
0.00720297,0.00246859,-0.0552663,1.44568,4.09749,0.302457
0.00734751,0.00287822,-0.0552345,1.44505,4.09497,0.332811
0.00749198,0.00328758,-0.0551997,1.44434,4.09222,0.363133
0.00763637,0.00369665,-0.0551619,1.44355,4.08923,0.393422
0.00778069,0.00410541,-0.0551211,1.44268,4.08601,0.423674
0.00792491,0.00451384,-0.0550772,1.44172,4.08255,0.453888
0.00806903,0.00492192,-0.0550303,1.44069,4.07886,0.484061
0.00821304,0.00532961,-0.0549804,1.43957,4.07494,0.514191
0.00835694,0.0057369,-0.0549274,1.43837,4.07079,0.544275
0.00850071,0.00614376,-0.0548715,1.43709,4.0664,0.574312
0.00864435,0.00655017,-0.0548126,1.43573,4.06178,0.604298
0.00878786,0.00695611,-0.0547507,1.43429,4.05694,0.634232
0.00893121,0.00736155,-0.0546857,1.43277,4.05186,0.664111
0.00907441,0.00776647,-0.0546178,1.43117,4.04655,0.693933
0.00921744,0.00817085,-0.054547,1.42949,4.04102,0.723696
0.0093603,0.00857467,-0.0544731,1.42773,4.03526,0.753397
0.00950298,0.0089779,-0.0543963,1.42589,4.02927,0.783035
0.00964548,0.00938052,-0.0543165,1.42397,4.02305,0.812606
0.00978777,0.0097825,-0.0542338,1.42197,4.01661,0.84211
0.00992987,0.0101838,-0.0541481,1.4199,4.00995,0.871543
0.0100718,0.0105845,-0.0540595,1.41774,4.00306,0.900903
0.0102134,0.0109844,-0.0539679,1.41551,3.99595,0.930189
0.0103549,0.0113837,-0.0538734,1.41321,3.98861,0.959398
0.0104961,0.0117821,-0.053776,1.41082,3.98106,0.988528
0.010637,0.0121799,-0.0536757,1.40836,3.97328,1.01758
0.0107777,0.0125768,-0.0535725,1.40582,3.96529,1.04654
0.0109182,0.0129729,-0.0534664,1.40321,3.95707,1.07542
0.0110584,0.0133682,-0.0533574,1.40051,3.94864,1.10422
0.0111983,0.0137626,-0.0532456,1.39775,3.94,1.13292
0.0113379,0.0141562,-0.0531308,1.39491,3.93113,1.16153
0.0114773,0.0145489,-0.0530133,1.39199,3.92206,1.19005
0.0116163,0.0149406,-0.0528928,1.389,3.91277,1.21847
0.0117551,0.0153314,-0.0527696,1.38594,3.90327,1.2468
0.0118935,0.0157212,-0.0526435,1.3828,3.89356,1.27502
0.0120316,0.0161101,-0.0525146,1.37959,3.88364,1.30315
0.0121694,0.016498,-0.0523829,1.37631,3.8735,1.33117
0.0123069,0.0168848,-0.0522483,1.37296,3.86317,1.35909
0.012444,0.0172706,-0.052111,1.36953,3.85262,1.38689
0.0125808,0.0176553,-0.051971,1.36603,3.84188,1.41459
0.0127172,0.018039,-0.0518281,1.36246,3.83092,1.44218
0.0128533,0.0184215,-0.0516825,1.35882,3.81977,1.46966
0.012989,0.0188029,-0.0515342,1.35511,3.80841,1.49702
0.0131243,0.0191832,-0.0513831,1.35133,3.79686,1.52426
0.0132592,0.0195623,-0.0512294,1.34749,3.7851,1.55139
0.0133938,0.0199402,-0.0510729,1.34357,3.77315,1.5784
0.0135279,0.0203169,-0.0509137,1.33958,3.761,1.60528
0.0136617,0.0206924,-0.0507518,1.33553,3.74866,1.63205
0.013795,0.0210666,-0.0505873,1.33141,3.73613,1.65868
0.013928,0.0214396,-0.0504201,1.32722,3.7234,1.68519
0.0140605,0.0218113,-0.0502502,1.32297,3.71048,1.71158
0.0141926,0.0221817,-0.0500778,1.31865,3.69738,1.73783
0.0143242,0.0225508,-0.0499027,1.31426,3.68408,1.76395
0.0144554,0.0229185,-0.049725,1.30981,3.6706,1.78994
0.0144554,0.0229185,-0.049725,1.30981,3.6706,1.78994
0.0145861,0.0232849,-0.0495447,1.30322,3.65807,1.81632
0.0147161,0.0236501,-0.0493617,1.29657,3.64536,1.84256
0.0148454,0.024014,-0.0491762,1.28985,3.63246,1.86866
0.014974,0.0243766,-0.048988,1.28306,3.61939,1.89463
0.015102,0.0247379,-0.0487972,1.27622,3.60613,1.92045
0.0152293,0.0250978,-0.0486039,1.26932,3.5927,1.94613
0.0153558,0.0254564,-0.048408,1.26235,3.57909,1.97167
0.0154817,0.0258136,-0.0482096,1.25533,3.56531,1.99707
0.0156069,0.0261695,-0.0480086,1.24824,3.55136,2.02232
0.0157314,0.0265239,-0.0478051,1.2411,3.53723,2.04742
0.0158551,0.0268769,-0.0475991,1.2339,3.52294,2.07237
0.0159782,0.0272285,-0.0473907,1.22664,3.50847,2.09718
0.0161005,0.0275786,-0.0471797,1.21933,3.49384,2.12183
0.016222,0.0279272,-0.0469663,1.21196,3.47904,2.14633
0.0163428,0.0282744,-0.0467504,1.20453,3.46408,2.17068
0.0164629,0.0286201,-0.0465322,1.19705,3.44896,2.19487
0.0165823,0.0289642,-0.0463115,1.18952,3.43367,2.2189
0.0167008,0.0293068,-0.0460884,1.18193,3.41823,2.24278
0.0168186,0.0296478,-0.0458629,1.17429,3.40262,2.26651
0.0169357,0.0299873,-0.0456351,1.1666,3.38687,2.29007
0.017052,0.0303252,-0.0454049,1.15885,3.37095,2.31347
0.0171675,0.0306615,-0.0451724,1.15105,3.35488,2.33671
0.0172822,0.0309962,-0.0449376,1.14321,3.33866,2.35979
0.0173961,0.0313292,-0.0447004,1.13531,3.3223,2.38271
0.0175092,0.0316606,-0.044461,1.12737,3.30578,2.40546
0.0176216,0.0319904,-0.0442194,1.11937,3.28911,2.42804
0.0177331,0.0323184,-0.0439754,1.11133,3.2723,2.45046
0.0178438,0.0326448,-0.0437293,1.10325,3.25535,2.47271
0.0179537,0.0329695,-0.0434809,1.09511,3.23825,2.4948
0.0180629,0.0332925,-0.0432303,1.08693,3.22101,2.51671
0.0181711,0.0336137,-0.0429776,1.07871,3.20363,2.53846
0.0182786,0.0339332,-0.0427226,1.07044,3.18612,2.56003
0.0183852,0.0342509,-0.0424656,1.06212,3.16847,2.58143
0.018491,0.0345669,-0.0422064,1.05377,3.15068,2.60266
0.018596,0.034881,-0.041945,1.04537,3.13276,2.62372
0.0187001,0.0351934,-0.0416816,1.03693,3.11471,2.6446
0.0188034,0.035504,-0.0414161,1.02845,3.09654,2.66531
0.0189058,0.0358127,-0.0411486,1.01993,3.07823,2.68584
0.0190073,0.0361196,-0.040879,1.01136,3.05979,2.7062
0.019108,0.0364247,-0.0406073,1.00276,3.04124,2.72638
0.0192079,0.0367279,-0.0403337,0.994123,3.02255,2.74638
0.0193069,0.0370292,-0.0400581,0.985445,3.00375,2.7662
0.019405,0.0373286,-0.0397805,0.976731,2.98483,2.78585
0.0195022,0.0376262,-0.0395009,0.967979,2.96579,2.80532
0.0195986,0.0379218,-0.0392194,0.959192,2.94663,2.8246
0.0196941,0.0382155,-0.038936,0.950369,2.92735,2.84371
0.0197886,0.0385072,-0.0386507,0.941512,2.90797,2.86263
0.0198824,0.0387971,-0.0383635,0.932621,2.88847,2.88137
0.0199752,0.0390849,-0.0380744,0.923696,2.86886,2.89993
0.0200671,0.0393708,-0.0377835,0.914739,2.84914,2.91831
0.0201581,0.0396548,-0.0374907,0.905749,2.82932,2.9365
0.0202482,0.0399367,-0.0371962,0.896728,2.80939,2.95452
0.0203375,0.0402166,-0.0368998,0.887676,2.78935,2.97234
0.0204258,0.0404946,-0.0366017,0.878594,2.76921,2.98999
0.0205132,0.0407705,-0.0363018,0.869482,2.74898,3.00744
0.0205997,0.0410443,-0.0360002,0.860342,2.72864,3.02472
0.0206852,0.0413162,-0.0356969,0.851173,2.7082,3.0418
0.0207699,0.041586,-0.0353919,0.841976,2.68767,3.0587
0.0208536,0.0418537,-0.0350852,0.832753,2.66705,3.07542
0.0209365,0.0421194,-0.0347768,0.823502,2.64633,3.09195
0.0210183,0.042383,-0.0344668,0.814226,2.62552,3.10829
0.0210993,0.0426445,-0.0341552,0.804925,2.60462,3.12445
0.0211793,0.0429039,-0.0338419,0.795599,2.58364,3.14041
0.0212584,0.0431612,-0.0335271,0.786249,2.56256,3.15619
0.0213366,0.0434164,-0.0332107,0.776876,2.5414,3.17179
0.0214138,0.0436695,-0.0328927,0.76748,2.52016,3.18719
0.0214901,0.0439204,-0.0325732,0.758061,2.49884,3.20241
0.0215654,0.0441693,-0.0322523,0.748621,2.47743,3.21743
0.0216398,0.0444159,-0.0319298,0.73916,2.45595,3.23227
0.0217132,0.0446604,-0.0316058,0.729679,2.43439,3.24693
0.0217857,0.0449028,-0.0312804,0.720178,2.41275,3.26139
0.0218573,0.045143,-0.0309535,0.710657,2.39104,3.27566
0.0219279,0.045381,-0.0306253,0.701118,2.36925,3.28975
0.0219975,0.0456168,-0.0302956,0.69156,2.3474,3.30364
0.0220662,0.0458505,-0.0299645,0.681986,2.32547,3.31735
0.0221339,0.0460819,-0.0296321,0.672394,2.30348,3.33087
0.0222006,0.0463112,-0.0292984,0.662785,2.28142,3.3442
0.0222664,0.0465382,-0.0289633,0.653161,2.25929,3.35734
0.0223313,0.046763,-0.0286269,0.643522,2.2371,3.37029
0.0223951,0.0469856,-0.0282892,0.633868,2.21485,3.38305
0.0224581,0.047206,-0.0279503,0.6242,2.19254,3.39562
0.02252,0.0474241,-0.0276101,0.614518,2.17017,3.40801
0.022581,0.04764,-0.0272687,0.604823,2.14774,3.4202
0.022641,0.0478537,-0.0269261,0.595116,2.12525,3.43221
0.0227,0.0480651,-0.0265823,0.585396,2.1027,3.44402
0.022758,0.0482742,-0.0262373,0.575666,2.08011,3.45565
0.0228151,0.0484811,-0.0258912,0.565924,2.05746,3.46709
0.0228712,0.0486857,-0.0255439,0.556172,2.03476,3.47835
0.0229263,0.0488881,-0.0251955,0.54641,2.01201,3.48941
0.0229805,0.0490881,-0.024846,0.536639,1.98921,3.50028
0.0230337,0.0492859,-0.0244954,0.526859,1.96636,3.51097
0.0230859,0.0494814,-0.0241438,0.51707,1.94347,3.52147
0.0231371,0.0496746,-0.0237912,0.507274,1.92054,3.53178
0.0231873,0.0498655,-0.0234375,0.497471,1.89756,3.54191
0.0232366,0.0500541,-0.0230828,0.487661,1.87454,3.55185
0.0232849,0.0502404,-0.0227271,0.477844,1.85148,3.5616
0.0233321,0.0504244,-0.0223705,0.468022,1.82838,3.57116
0.0233785,0.0506061,-0.0220129,0.458194,1.80525,3.58054
0.0234238,0.0507854,-0.0216544,0.448362,1.78208,3.58973
0.0234681,0.0509625,-0.0212949,0.438525,1.75887,3.59874
0.0235115,0.0511372,-0.0209346,0.428684,1.73563,3.60756
0.0235539,0.0513096,-0.0205734,0.41884,1.71235,3.61619
0.0235953,0.0514797,-0.0202114,0.408994,1.68905,3.62464
0.0236357,0.0516474,-0.0198485,0.399144,1.66572,3.63291
0.0236751,0.0518128,-0.0194848,0.389293,1.64235,3.64099
0.0237135,0.0519759,-0.0191203,0.37944,1.61896,3.64888
0.023751,0.0521366,-0.018755,0.369586,1.59555,3.65659
0.0237874,0.052295,-0.018389,0.359732,1.57211,3.66412
0.0238229,0.052451,-0.0180222,0.349877,1.54864,3.67147
0.0238574,0.0526047,-0.0176547,0.340023,1.52515,3.67863
0.0238909,0.0527561,-0.0172865,0.330169,1.50164,3.68561
0.0239235,0.0529051,-0.0169176,0.320316,1.47812,3.69241
0.023955,0.0530517,-0.016548,0.310465,1.45457,3.69903
0.0239855,0.053196,-0.0161778,0.300616,1.431,3.70546
0.0240151,0.0533379,-0.0158069,0.29077,1.40742,3.71172
0.0240437,0.0534775,-0.0154355,0.280926,1.38382,3.71779
0.0240713,0.0536147,-0.0150634,0.271086,1.36021,3.72369
0.0240979,0.0537495,-0.0146907,0.261249,1.33658,3.7294
0.0241236,0.053882,-0.0143175,0.251416,1.31295,3.73494
0.0241482,0.0540121,-0.0139438,0.241588,1.2893,3.74029
0.0241719,0.0541398,-0.0135695,0.231765,1.26564,3.74547
0.0241946,0.0542652,-0.0131947,0.221947,1.24197,3.75047
0.0242163,0.0543882,-0.0128194,0.212134,1.2183,3.7553
0.024237,0.0545089,-0.0124436,0.202328,1.19462,3.75994
0.0242567,0.0546271,-0.0120674,0.192528,1.17093,3.76441
0.0242755,0.0547431,-0.0116907,0.182735,1.14724,3.7687
0.0242933,0.0548566,-0.0113137,0.172949,1.12354,3.77282
0.0243101,0.0549678,-0.0109362,0.16317,1.09984,3.77677
0.0243259,0.0550766,-0.0105583,0.1534,1.07614,3.78053
0.0243408,0.055183,-0.0101801,0.143638,1.05244,3.78413
0.0243546,0.0552871,-0.00980149,0.133884,1.02875,3.78755
0.0243675,0.0553887,-0.00942257,0.12414,1.00505,3.7908
0.0243795,0.0554881,-0.00904334,0.114405,0.981353,3.79387
0.0243904,0.055585,-0.0086638,0.104679,0.957661,3.79677
0.0244004,0.0556796,-0.00828399,0.0949637,0.933974,3.7995
0.0244094,0.0557718,-0.00790391,0.0852587,0.910292,3.80206
0.0244174,0.0558617,-0.00752358,0.0755644,0.886616,3.80445
0.0244245,0.0559491,-0.00714302,0.0658812,0.862948,3.80667
0.0244306,0.0560342,-0.00676225,0.0562093,0.839288,3.80872
0.0244358,0.056117,-0.00638128,0.0465492,0.815637,3.8106
0.0244399,0.0561974,-0.00600014,0.0369011,0.791996,3.81232
0.0244431,0.0562754,-0.00561883,0.0272654,0.768366,3.81386
0.0244454,0.056351,-0.00523737,0.0176423,0.744748,3.81524
0.0244467,0.0564243,-0.00485578,0.00803227,0.721142,3.81645
0.024447,0.0564953,-0.00447409,-0.00156449,0.69755,3.81749
0.0244464,0.0565639,-0.00409229,-0.0111477,0.673973,3.81837
0.0244448,0.0566301,-0.00371042,-0.0207169,0.65041,3.81908
0.0244422,0.0566939,-0.00332848,-0.030272,0.626864,3.81963
0.0244387,0.0567554,-0.0029465,-0.0398125,0.603335,3.82001
0.0244343,0.0568146,-0.00256448,-0.0493383,0.579824,3.82024
0.0244288,0.0568714,-0.00218246,-0.058849,0.556331,3.82029
0.0244225,0.0569259,-0.00180043,-0.0683443,0.532858,3.82019
0.0244152,0.056978,-0.00141842,-0.077824,0.509405,3.81992
0.0244069,0.0570278,-0.00103645,-0.0872878,0.485973,3.81949
0.0243977,0.0570752,-0.000654529,-0.0967354,0.462562,3.81891
0.0243876,0.0571203,-0.000272675,-0.106166,0.439175,3.81816
0.0243765,0.057163,0.000109097,-0.115581,0.41581,3.81725
0.0243645,0.0572034,0.00049077,-0.124978,0.39247,3.81618
0.0243515,0.0572415,0.000872328,-0.134358,0.369154,3.81496
0.0243376,0.0572773,0.00125376,-0.143721,0.345865,3.81357
0.0243228,0.0573107,0.00163504,-0.153066,0.322601,3.81203
0.024307,0.0573418,0.00201616,-0.162392,0.299364,3.81033
0.0242903,0.0573706,0.0023971,-0.171701,0.276156,3.80848
0.0242726,0.057397,0.00277785,-0.180991,0.252975,3.80647
0.0242541,0.0574212,0.00315839,-0.190262,0.229824,3.80431
0.0242346,0.057443,0.0035387,-0.199514,0.206703,3.80199
0.0242142,0.0574625,0.00391878,-0.208747,0.183612,3.79951
0.0241928,0.0574797,0.0042986,-0.217961,0.160553,3.79689
0.0241706,0.0574946,0.00467815,-0.227154,0.137525,3.79411
0.0241474,0.0575072,0.00505742,-0.236328,0.11453,3.79118
0.0241233,0.0575175,0.00543638,-0.245481,0.0915683,3.7881
0.0240983,0.0575255,0.00581503,-0.254615,0.0686404,3.78486
0.0240724,0.0575312,0.00619335,-0.263727,0.0457469,3.78148
0.0240456,0.0575347,0.00657132,-0.272819,0.0228886,3.77794
0.0240178,0.0575358,0.00694893,-0.281889,6.60629e-05,3.77426
0.0239892,0.0575347,0.00732617,-0.290939,-0.0227201,3.77043
0.0239596,0.0575313,0.00770302,-0.299967,-0.0454693,3.76645
0.0239292,0.0575256,0.00807946,-0.308973,-0.0681809,3.76232
0.0238979,0.0575176,0.00845547,-0.317957,-0.0908543,3.75805
0.0238656,0.0575074,0.00883106,-0.326919,-0.113489,3.75363
0.0238325,0.0574949,0.0092062,-0.335859,-0.136084,3.74906
0.0237984,0.0574802,0.00958087,-0.344776,-0.158639,3.74435
0.0237635,0.0574632,0.00995506,-0.353671,-0.181154,3.73949
0.0237277,0.057444,0.0103288,-0.362542,-0.203628,3.73449
0.023691,0.0574225,0.010702,-0.371391,-0.22606,3.72934
0.0236534,0.0573988,0.0110746,-0.380216,-0.24845,3.72405
0.023615,0.0573728,0.0114468,-0.389018,-0.270797,3.71862
0.0235756,0.0573446,0.0118183,-0.397796,-0.293101,3.71305
0.0235354,0.0573142,0.0121894,-0.40655,-0.315361,3.70734
0.0234943,0.0572815,0.0125598,-0.415281,-0.337577,3.70148
0.0234523,0.0572467,0.0129297,-0.423987,-0.359748,3.69549
0.0234095,0.0572096,0.0132989,-0.432668,-0.381873,3.68935
0.0233658,0.0571703,0.0136675,-0.441326,-0.403953,3.68308
0.0233213,0.0571288,0.0140355,-0.449958,-0.425986,3.67666
0.0232758,0.0570851,0.0144028,-0.458565,-0.447973,3.67011
0.0232295,0.0570392,0.0147695,-0.467148,-0.469912,3.66342
0.0231824,0.0569911,0.0151355,-0.475705,-0.491803,3.6566
0.0231344,0.0569409,0.0155008,-0.484237,-0.513646,3.64963
0.0230855,0.0568884,0.0158655,-0.492743,-0.53544,3.64254
0.0230359,0.0568338,0.0162293,-0.501223,-0.557185,3.6353
0.0229853,0.056777,0.0165925,-0.509678,-0.578881,3.62793
0.0229339,0.056718,0.0169549,-0.518107,-0.600526,3.62043
0.0228817,0.0566569,0.0173166,-0.526509,-0.62212,3.61279
0.0228286,0.0565936,0.0176775,-0.534885,-0.643663,3.60502
0.0227747,0.0565281,0.0180376,-0.543234,-0.665155,3.59712
0.02272,0.0564605,0.0183969,-0.551557,-0.686595,3.58908
0.0226644,0.0563908,0.0187554,-0.559853,-0.707982,3.58091
0.022608,0.0563189,0.0191131,-0.568122,-0.729317,3.57261
0.0225508,0.0562449,0.0194699,-0.576364,-0.750598,3.56418
0.0224927,0.0561688,0.0198259,-0.584578,-0.771826,3.55562
0.0224339,0.0560906,0.020181,-0.592765,-0.793,3.54693
0.0223742,0.0560102,0.0205353,-0.600925,-0.814119,3.53811
0.0223137,0.0559278,0.0208887,-0.609057,-0.835183,3.52917
0.0222524,0.0558432,0.0212411,-0.617161,-0.856192,3.52009
0.0221902,0.0557565,0.0215927,-0.625237,-0.877146,3.51088
0.0221273,0.0556678,0.0219433,-0.633285,-0.898043,3.50155
0.0220636,0.0555769,0.022293,-0.641304,-0.918884,3.49209
0.0219991,0.055484,0.0226417,-0.649296,-0.939668,3.48251
0.0219337,0.055389,0.0229895,-0.657259,-0.960394,3.4728
0.0218676,0.0552919,0.0233363,-0.665193,-0.981063,3.46296
0.0218007,0.0551928,0.0236821,-0.673098,-1.00167,3.453
0.021733,0.0550916,0.0240269,-0.680974,-1.02223,3.44291
0.0216645,0.0549883,0.0243706,-0.688822,-1.04272,3.4327
0.0215952,0.054883,0.0247134,-0.69664,-1.06316,3.42237
0.0215252,0.0547757,0.0250551,-0.704429,-1.08353,3.41191
0.0214543,0.0546663,0.0253958,-0.712188,-1.10385,3.40133
0.0213827,0.0545549,0.0257354,-0.719918,-1.1241,3.39063
0.0213104,0.0544415,0.0260739,-0.727618,-1.1443,3.3798
0.0212372,0.0543261,0.0264113,-0.735288,-1.16443,3.36886
0.0211633,0.0542086,0.0267477,-0.742929,-1.1845,3.35779
0.0210886,0.0540892,0.0270829,-0.750539,-1.20452,3.34661
0.0210132,0.0539677,0.027417,-0.758119,-1.22447,3.3353
0.020937,0.0538443,0.0277499,-0.765669,-1.24435,3.32387
0.0208601,0.0537189,0.0280817,-0.773188,-1.26418,3.31233
0.0207824,0.0535915,0.0284124,-0.780677,-1.28394,3.30066
0.0207039,0.0534621,0.0287419,-0.788135,-1.30364,3.28888
0.0206247,0.0533307,0.0290702,-0.795562,-1.32327,3.27698
0.0205448,0.0531974,0.0293973,-0.802959,-1.34285,3.26496
0.0204642,0.0530622,0.0297232,-0.810324,-1.36235,3.25283
0.0203828,0.052925,0.0300478,-0.817658,-1.3818,3.24057
0.0203006,0.0527858,0.0303713,-0.824961,-1.40118,3.22821
0.0202178,0.0526447,0.0306935,-0.832233,-1.42049,3.21572
0.0201342,0.0525017,0.0310144,-0.839473,-1.43974,3.20312
0.0200499,0.0523568,0.0313341,-0.846681,-1.45892,3.19041
0.0199648,0.0522099,0.0316525,-0.853858,-1.47803,3.17758
0.0198791,0.0520612,0.0319696,-0.861003,-1.49708,3.16463
0.0197926,0.0519105,0.0322854,-0.868115,-1.51607,3.15157
0.0197055,0.051758,0.0325999,-0.875196,-1.53498,3.1384
0.0196176,0.0516035,0.0329131,-0.882245,-1.55383,3.12512
0.019529,0.0514472,0.0332249,-0.889261,-1.57261,3.11172
0.0194398,0.051289,0.0335354,-0.896245,-1.59133,3.09821
0.0193498,0.0511289,0.0338446,-0.903196,-1.60997,3.08459
0.0192591,0.050967,0.0341523,-0.910115,-1.62855,3.07085
0.0191678,0.0508032,0.0344587,-0.917,-1.64706,3.05701
0.0190757,0.0506376,0.0347637,-0.923853,-1.6655,3.04305
0.018983,0.0504701,0.0350673,-0.930673,-1.68387,3.02898
0.0188896,0.0503008,0.0353695,-0.93746,-1.70217,3.0148
0.0187955,0.0501297,0.0356703,-0.944214,-1.7204,3.00051
0.0187007,0.0499567,0.0359696,-0.950934,-1.73856,2.98612
0.0186053,0.049782,0.0362675,-0.957621,-1.75665,2.97161
0.0185092,0.0496054,0.0365639,-0.964274,-1.77467,2.95699
0.0184125,0.0494271,0.0368589,-0.970893,-1.79262,2.94227
0.018315,0.0492469,0.0371524,-0.977479,-1.8105,2.92743
0.018217,0.049065,0.0374444,-0.984031,-1.8283,2.91249
0.0181182,0.0488812,0.0377349,-0.990548,-1.84604,2.89744
0.0180189,0.0486958,0.0380239,-0.997032,-1.8637,2.88228
0.0179188,0.0485085,0.0383113,-1.00348,-1.88129,2.86702
0.0178182,0.0483195,0.0385973,-1.0099,-1.89881,2.85164
0.0177169,0.0481287,0.0388817,-1.01628,-1.91625,2.83617
0.0176149,0.0479362,0.0391645,-1.02262,-1.93362,2.82058
0.0175123,0.047742,0.0394458,-1.02893,-1.95092,2.80489
0.0174091,0.0475461,0.0397255,-1.03521,-1.96814,2.78909
0.0173053,0.0473484,0.0400036,-1.04145,-1.98529,2.77319
0.0172008,0.047149,0.0402801,-1.04766,-2.00237,2.75718
0.0170958,0.0469479,0.040555,-1.05383,-2.01937,2.74107
0.0169901,0.0467451,0.0408283,-1.05996,-2.0363,2.72485
0.0168838,0.0465407,0.0411,-1.06606,-2.05315,2.70853
0.0167769,0.0463345,0.04137,-1.07213,-2.06992,2.69211
0.0166693,0.0461267,0.0416384,-1.07815,-2.08662,2.67558
0.0165612,0.0459172,0.0419051,-1.08415,-2.10324,2.65894
0.0164525,0.045706,0.0421702,-1.0901,-2.11979,2.6422
0.0163432,0.0454932,0.0424336,-1.09603,-2.13626,2.62536
0.0162333,0.0452788,0.0426953,-1.10191,-2.15266,2.60842
0.0161228,0.0450627,0.0429553,-1.10776,-2.16897,2.59138
0.0160118,0.044845,0.0432135,-1.11357,-2.18521,2.57423
0.0159001,0.0446257,0.0434701,-1.11934,-2.20137,2.55698
0.0157879,0.0444047,0.0437249,-1.12508,-2.21746,2.53962
0.0156751,0.0441822,0.043978,-1.13078,-2.23346,2.52217
0.0155617,0.043958,0.0442294,-1.13645,-2.24939,2.50461
0.0154478,0.0437323,0.0444789,-1.14208,-2.26523,2.48696
0.0153333,0.043505,0.0447268,-1.14767,-2.281,2.4692
0.0152183,0.0432761,0.0449728,-1.15322,-2.29669,2.45134
0.0151027,0.0430457,0.045217,-1.15873,-2.3123,2.43338
0.0149865,0.0428136,0.0454595,-1.16421,-2.32783,2.41532
0.0148698,0.0425801,0.0457001,-1.16965,-2.34328,2.39716
0.0147526,0.042345,0.0459389,-1.17505,-2.35865,2.37889
0.0146348,0.0421084,0.0461759,-1.18042,-2.37393,2.36053
0.0145165,0.0418702,0.046411,-1.18574,-2.38914,2.34207
0.0143977,0.0416305,0.0466443,-1.19103,-2.40426,2.32351
0.0142783,0.0413894,0.0468757,-1.19628,-2.4193,2.30485
0.0141584,0.0411467,0.0471052,-1.20149,-2.43426,2.28609
0.014038,0.0409025,0.0473329,-1.20666,-2.44914,2.26723
0.0139171,0.0406569,0.0475587,-1.21179,-2.46394,2.24828
0.0137957,0.0404097,0.0477826,-1.21688,-2.47865,2.22922
0.0136737,0.0401611,0.0480045,-1.22194,-2.49327,2.21007
0.0135513,0.0399111,0.0482246,-1.22695,-2.50782,2.19081
0.0134283,0.0396596,0.0484427,-1.23192,-2.52228,2.17146
0.0133049,0.0394066,0.0486588,-1.23686,-2.53665,2.15201
0.013181,0.0391522,0.0488731,-1.24175,-2.55094,2.13247
0.0130565,0.0388964,0.0490853,-1.24661,-2.56515,2.11282
0.0129316,0.0386392,0.0492956,-1.25142,-2.57927,2.09308
0.0128063,0.0383806,0.049504,-1.2562,-2.5933,2.07324
0.0126804,0.0381206,0.0497103,-1.26093,-2.60725,2.0533
0.0125541,0.0378591,0.0499146,-1.26562,-2.62111,2.03326
0.0124273,0.0375963,0.0501169,-1.27028,-2.63489,2.01313
0.0123,0.0373322,0.0503172,-1.27489,-2.64857,1.9929
0.0121723,0.0370666,0.0505155,-1.27946,-2.66217,1.97258
0.0120441,0.0367997,0.0507117,-1.28398,-2.67568,1.95215
0.0119155,0.0365315,0.0509059,-1.28847,-2.68911,1.93163
0.0117864,0.0362619,0.0510981,-1.29292,-2.70244,1.91102
0.0116569,0.035991,0.0512881,-1.29732,-2.71569,1.89031
0.011527,0.0357188,0.0514761,-1.30168,-2.72884,1.8695
0.0113966,0.0354452,0.051662,-1.306,-2.74191,1.84859
0.0112658,0.0351704,0.0518458,-1.31027,-2.75489,1.82759
0.0111345,0.0348943,0.0520275,-1.31451,-2.76777,1.80649
0.0110029,0.0346168,0.0522071,-1.3187,-2.78057,1.7853
0.0108708,0.0343382,0.0523846,-1.32284,-2.79327,1.76401
0.0107383,0.0340582,0.0525599,-1.32695,-2.80588,1.74263
0.0106054,0.033777,0.0527331,-1.33101,-2.8184,1.72115
0.0104721,0.0334945,0.0529042,-1.33503,-2.83083,1.69957
0.0103384,0.0332108,0.053073,-1.339,-2.84316,1.6779
0.0102043,0.0329259,0.0532397,-1.34293,-2.8554,1.65613
0.0100698,0.0326397,0.0534043,-1.34681,-2.86754,1.63427
0.00993495,0.0323524,0.0535666,-1.35065,-2.8796,1.61231
0.0097997,0.0320638,0.0537267,-1.35445,-2.89155,1.59026
0.00966407,0.0317741,0.0538846,-1.3582,-2.90341,1.56811
0.00952806,0.0314831,0.0540403,-1.3619,-2.91518,1.54587
0.00939169,0.031191,0.0541938,-1.36556,-2.92685,1.52353
0.00925495,0.0308978,0.054345,-1.36917,-2.93842,1.5011
0.00911785,0.0306034,0.054494,-1.37274,-2.9499,1.47857
0.0089804,0.0303078,0.0546408,-1.37626,-2.96128,1.45595
0.0088426,0.0300111,0.0547852,-1.37974,-2.97256,1.43323
0.00870446,0.0297133,0.0549274,-1.38317,-2.98374,1.41042
0.00856597,0.0294144,0.0550673,-1.38655,-2.99483,1.38751
0.00842715,0.0291143,0.0552049,-1.38989,-3.00581,1.36451
0.008288,0.0288132,0.0553402,-1.39317,-3.01669,1.34141
0.00814852,0.028511,0.0554732,-1.39641,-3.02748,1.31822
0.00800871,0.0282077,0.0556038,-1.39961,-3.03816,1.29494
0.0078686,0.0279034,0.0557322,-1.40275,-3.04874,1.27156
0.00772817,0.027598,0.0558581,-1.40585,-3.05922,1.24808
0.00758743,0.0272915,0.0559818,-1.40889,-3.0696,1.22452
0.00744639,0.0269841,0.056103,-1.41189,-3.07987,1.20085
0.00730505,0.0266756,0.0562219,-1.41484,-3.09004,1.1771
0.00716342,0.026366,0.0563385,-1.41774,-3.10011,1.15324
0.0070215,0.0260555,0.0564526,-1.42059,-3.11007,1.1293
0.00687931,0.025744,0.0565643,-1.42339,-3.11993,1.10526
0.00673683,0.0254316,0.0566736,-1.42614,-3.12968,1.08112
0.00659408,0.0251181,0.0567805,-1.42884,-3.13932,1.0569
0.00645106,0.0248037,0.056885,-1.43149,-3.14886,1.03257
0.00630778,0.0244883,0.056987,-1.43409,-3.15828,1.00816
0.00616425,0.024172,0.0570866,-1.43663,-3.16761,0.983647
0.00602046,0.0238548,0.0571838,-1.43913,-3.17682,0.959042
0.00587642,0.0235367,0.0572784,-1.44157,-3.18592,0.934343
0.00573215,0.0232176,0.0573706,-1.44396,-3.19491,0.90955
0.00558763,0.0228977,0.0574603,-1.4463,-3.20379,0.884663
0.00544289,0.0225769,0.0575476,-1.44858,-3.21256,0.859682
0.00529792,0.0222552,0.0576323,-1.45081,-3.22122,0.834607
0.00515273,0.0219326,0.0577145,-1.45299,-3.22976,0.809438
0.00500732,0.0216092,0.0577942,-1.45511,-3.2382,0.784174
0.00486171,0.021285,0.0578713,-1.45718,-3.24651,0.758817
0.00471589,0.0209599,0.0579459,-1.45919,-3.25472,0.733366
0.00456987,0.0206341,0.058018,-1.46115,-3.2628,0.707821
0.00442366,0.0203074,0.0580875,-1.46306,-3.27077,0.682182
0.00427726,0.0199799,0.0581544,-1.4649,-3.27863,0.656449
0.00413068,0.0196517,0.0582188,-1.4667,-3.28636,0.630623
0.00398392,0.0193227,0.0582805,-1.46843,-3.29398,0.604702
0.003837,0.0189929,0.0583397,-1.47011,-3.30148,0.578687
0.0036899,0.0186624,0.0583963,-1.47173,-3.30886,0.552579
0.00354265,0.0183311,0.0584502,-1.47329,-3.31611,0.526377
0.00339525,0.0179991,0.0585015,-1.4748,-3.32325,0.500081
0.00324769,0.0176665,0.0585502,-1.47625,-3.33026,0.473691
0.0031,0.0173331,0.0585963,-1.47764,-3.33715,0.447207
0.00295217,0.016999,0.0586397,-1.47896,-3.34392,0.420629
0.00280421,0.0166643,0.0586804,-1.48023,-3.35056,0.393958
0.00265612,0.0163289,0.0587185,-1.48144,-3.35708,0.367193
0.00250792,0.0159929,0.0587538,-1.48259,-3.36347,0.340334
0.00235961,0.0156562,0.0587865,-1.48368,-3.36973,0.313382
0.00221119,0.015319,0.0588165,-1.48471,-3.37586,0.286336
0.00206267,0.0149811,0.0588438,-1.48567,-3.38187,0.259196
0.00191406,0.0146426,0.0588684,-1.48658,-3.38774,0.231963
0.00176535,0.0143035,0.0588902,-1.48742,-3.39348,0.204636
0.00161657,0.0139639,0.0589093,-1.4882,-3.39909,0.177215
0.00146772,0.0136237,0.0589256,-1.48891,-3.40457,0.149701
0.00131879,0.013283,0.0589392,-1.48956,-3.40992,0.122094
0.00116981,0.0129417,0.05895,-1.49015,-3.41513,0.094393
0.00102077,0.0126,0.0589581,-1.49067,-3.4202,0.0665987
0.000871676,0.0122577,0.0589634,-1.49112,-3.42514,0.0387112
0.000722544,0.0119149,0.0589658,-1.49151,-3.42994,0.0107303
0.000573376,0.0115717,0.0589655,-1.49184,-3.4346,-0.0173437
0.000424179,0.011228,0.0589624,-1.49209,-3.43912,-0.0455109
0.000274959,0.0108839,0.0589564,-1.49228,-3.4435,-0.0737713
0.000125724,0.0105393,0.0589476,-1.4924,-3.44774,-0.102125
-2.35191e-05,0.0101944,0.058936,-1.49246,-3.45183,-0.130571
-0.000172764,0.00984898,0.0589215,-1.49244,-3.45578,-0.15911
-0.000322005,0.00950321,0.0589041,-1.49235,-3.45958,-0.187742
-0.000471233,0.00915706,0.0588839,-1.4922,-3.46324,-0.216467
-0.000620442,0.00881056,0.0588608,-1.49197,-3.46675,-0.245284
-0.000769625,0.00846372,0.0588349,-1.49168,-3.47012,-0.274194
-0.000918775,0.00811654,0.058806,-1.49131,-3.47333,-0.303196
-0.00106788,0.00776906,0.0587742,-1.49086,-3.47639,-0.33229
-0.00121695,0.00742127,0.0587395,-1.49035,-3.4793,-0.361477
-0.00136595,0.0070732,0.0587019,-1.48976,-3.48205,-0.390756
-0.0015149,0.00672487,0.0586614,-1.4891,-3.48465,-0.420126
-0.00166377,0.00637628,0.0586179,-1.48837,-3.4871,-0.449589
-0.00181257,0.00602745,0.0585715,-1.48755,-3.48938,-0.479143
-0.00196128,0.00567841,0.0585221,-1.48667,-3.49151,-0.508788
-0.0021099,0.00532916,0.0584697,-1.4857,-3.49348,-0.538525
-0.00225842,0.00497972,0.0584144,-1.48466,-3.49529,-0.568353
-0.00240683,0.0046301,0.058356,-1.48354,-3.49693,-0.598272
-0.00255512,0.00428034,0.0582947,-1.48235,-3.49841,-0.628282
-0.00270329,0.00393043,0.0582304,-1.48107,-3.49972,-0.658382
-0.00285133,0.0035804,0.058163,-1.47972,-3.50087,-0.688573
-0.00299923,0.00323026,0.0580927,-1.47828,-3.50185,-0.718854
-0.00314699,0.00288003,0.0580192,-1.47676,-3.50266,-0.749225
-0.00329458,0.00252973,0.0579428,-1.47516,-3.5033,-0.779685
-0.00344202,0.00217938,0.0578633,-1.47348,-3.50376,-0.810235
-0.00358928,0.00182899,0.0577808,-1.47172,-3.50405,-0.840874
-0.00373636,0.00147857,0.0576951,-1.46987,-3.50417,-0.871602
-0.00388325,0.00112816,0.0576064,-1.46794,-3.50411,-0.902419
-0.00402994,0.000777758,0.0575146,-1.46592,-3.50387,-0.933324
-0.00417643,0.000427391,0.0574198,-1.46381,-3.50344,-0.964317
-0.0043227,7.70748e-05,0.0573218,-1.46162,-3.50284,-0.995398
-0.00446875,-0.000273171,0.0572207,-1.45934,-3.50205,-1.02657
-0.00461457,-0.00062333,0.0571165,-1.45698,-3.50108,-1.05782
-0.00476014,-0.000973381,0.0570091,-1.45452,-3.49992,-1.08916
-0.00490547,-0.00132331,0.0568986,-1.45198,-3.49857,-1.12059
-0.00505054,-0.00167309,0.056785,-1.44934,-3.49703,-1.1521
-0.00519533,-0.00202271,0.0566682,-1.44661,-3.4953,-1.1837
-0.00533985,-0.00237214,0.0565483,-1.44379,-3.49338,-1.21539
-0.00548409,-0.00272138,0.0564251,-1.44088,-3.49125,-1.24715
-0.00562803,-0.00307039,0.0562988,-1.43787,-3.48894,-1.27901
-0.00577166,-0.00341916,0.0561693,-1.43477,-3.48642,-1.31094
-0.00591498,-0.00376766,0.0560366,-1.43157,-3.4837,-1.34296
-0.00605797,-0.00411589,0.0559007,-1.42827,-3.48077,-1.37506
-0.00620063,-0.00446381,0.0557616,-1.42488,-3.47764,-1.40725
-0.00634294,-0.00481141,0.0556193,-1.42139,-3.47431,-1.43951
-0.0064849,-0.00515867,0.0554737,-1.4178,-3.47076,-1.47186
-0.0066265,-0.00550556,0.0553249,-1.41411,-3.46701,-1.50428
-0.00676772,-0.00585206,0.0551728,-1.41032,-3.46304,-1.53679
-0.00690856,-0.00619816,0.0550175,-1.40642,-3.45885,-1.56937
-0.007049,-0.00654382,0.054859,-1.40243,-3.45445,-1.60203
-0.00718904,-0.00688904,0.0546971,-1.39833,-3.44983,-1.63477
-0.00732866,-0.00723378,0.054532,-1.39412,-3.44498,-1.66759
-0.00746786,-0.00757803,0.0543636,-1.38981,-3.43992,-1.70048
-0.00760662,-0.00792176,0.0541919,-1.38539,-3.43462,-1.73345
-0.00774494,-0.00826495,0.0540169,-1.38087,-3.4291,-1.76649
-0.00788279,-0.00860757,0.0538386,-1.37624,-3.42335,-1.7996
-0.00802018,-0.00894961,0.053657,-1.37149,-3.41737,-1.83279
-0.00815709,-0.00929104,0.0534721,-1.36664,-3.41115,-1.86605
-0.0082935,-0.00963183,0.0532838,-1.36167,-3.40469,-1.89937
-0.00842942,-0.00997197,0.0530922,-1.35659,-3.398,-1.93277
-0.00856482,-0.0103114,0.0528972,-1.3514,-3.39106,-1.96624
-0.00869969,-0.0106502,0.0526989,-1.34609,-3.38388,-1.99977
-0.00883403,-0.0109882,0.0524973,-1.34066,-3.37645,-2.03337
-0.00896782,-0.0113255,0.0522922,-1.33512,-3.36877,-2.06704
-0.00910105,-0.0116619,0.0520839,-1.32946,-3.36084,-2.10077
-0.00923371,-0.0119976,0.0518721,-1.32368,-3.35266,-2.13456
-0.00936578,-0.0123325,0.0516569,-1.31778,-3.34422,-2.16842
-0.00949726,-0.0126664,0.0514384,-1.31176,-3.33552,-2.20233
-0.00962813,-0.0129996,0.0512165,-1.30561,-3.32655,-2.2363
-0.00975838,-0.0133317,0.0509911,-1.29934,-3.31733,-2.27033
-0.009888,-0.013663,0.0507624,-1.29295,-3.30783,-2.30442
-0.010017,-0.0139933,0.0505303,-1.28643,-3.29807,-2.33856
-0.0101453,-0.0143226,0.0502947,-1.27978,-3.28803,-2.37276
-0.0102729,-0.0146509,0.0500557,-1.27301,-3.27772,-2.407
-0.0103999,-0.0149781,0.0498133,-1.2661,-3.26713,-2.4413
-0.0105261,-0.0153043,0.0495674,-1.25906,-3.25625,-2.47564
-0.0106517,-0.0156294,0.0493182,-1.25189,-3.2451,-2.51003
-0.0107765,-0.0159533,0.0490654,-1.24459,-3.23365,-2.54447
-0.0109006,-0.0162761,0.0488093,-1.23715,-3.22192,-2.57894
-0.0110239,-0.0165977,0.0485496,-1.22958,-3.2099,-2.61346
-0.0111465,-0.0169181,0.0482866,-1.22186,-3.19757,-2.64802
-0.0112683,-0.0172372,0.04802,-1.21401,-3.18495,-2.68261
-0.0113893,-0.0175551,0.04775,-1.20602,-3.17203,-2.71724
-0.0115095,-0.0178716,0.0474766,-1.19789,-3.15881,-2.7519
-0.0116289,-0.0181868,0.0471997,-1.18962,-3.14527,-2.7866
-0.0117474,-0.0185006,0.0469193,-1.1812,-3.13143,-2.82132
-0.0118651,-0.0188131,0.0466354,-1.17264,-3.11727,-2.85606
-0.0119819,-0.0191241,0.0463481,-1.16393,-3.10279,-2.89083
-0.0120979,-0.0194336,0.0460572,-1.15507,-3.08799,-2.92562
-0.012213,-0.0197417,0.0457629,-1.14606,-3.07287,-2.96043
-0.0123271,-0.0200482,0.0454652,-1.1369,-3.05742,-2.99525
-0.0124403,-0.0203532,0.0451639,-1.1276,-3.04165,-3.03009
-0.0125526,-0.0206565,0.0448591,-1.11813,-3.02554,-3.06493
-0.0126639,-0.0209582,0.0445509,-1.10852,-3.00909,-3.09979
-0.0127743,-0.0212583,0.0442392,-1.09875,-2.9923,-3.13464
-0.0128837,-0.0215567,0.043924,-1.08882,-2.97517,-3.1695
-0.0129921,-0.0218533,0.0436053,-1.07873,-2.95769,-3.20436
-0.0130994,-0.0221482,0.0432831,-1.06848,-2.93986,-3.23921
-0.0132058,-0.0224413,0.0429574,-1.05807,-2.92168,-3.27405
-0.013311,-0.0227325,0.0426283,-1.0475,-2.90314,-3.30888
-0.0134153,-0.0230219,0.0422957,-1.03676,-2.88424,-3.3437
-0.0135184,-0.0233094,0.0419595,-1.02586,-2.86498,-3.37849
-0.0136204,-0.0235949,0.04162,-1.01479,-2.84535,-3.41326
-0.0137213,-0.0238784,0.0412769,-1.00355,-2.82535,-3.44801
-0.0138211,-0.02416,0.0409304,-0.992142,-2.80497,-3.48272
-0.0139198,-0.0244394,0.0405804,-0.980564,-2.78422,-3.5174
-0.0140172,-0.0247168,0.0402269,-0.968813,-2.76308,-3.55204
-0.0141135,-0.024992,0.0398699,-0.956888,-2.74156,-3.58664
-0.0142086,-0.0252651,0.0395096,-0.944788,-2.71965,-3.62119
-0.0143025,-0.0255359,0.0391457,-0.932511,-2.69735,-3.65569
-0.0143951,-0.0258046,0.0387784,-0.920056,-2.67466,-3.69013
-0.0144865,-0.0260709,0.0384077,-0.907422,-2.65156,-3.72451
-0.0145766,-0.0263349,0.0380335,-0.894607,-2.62806,-3.75882
-0.0146654,-0.0265965,0.0376559,-0.88161,-2.60416,-3.79306
-0.0147529,-0.0268557,0.0372749,-0.86843,-2.57984,-3.82723
-0.0148391,-0.0271124,0.0368905,-0.855065,-2.55511,-3.86131
-0.0149239,-0.0273667,0.0365026,-0.841515,-2.52997,-3.89531
-0.0150074,-0.0276184,0.0361114,-0.827777,-2.5044,-3.92921
-0.0150895,-0.0278675,0.0357168,-0.81385,-2.47841,-3.96302
-0.0151701,-0.0281141,0.0353188,-0.799734,-2.45199,-3.99672
-0.0152494,-0.0283579,0.0349175,-0.785427,-2.42514,-4.03031
-0.0153272,-0.0285991,0.0345128,-0.770927,-2.39786,-4.06378
-0.0154036,-0.0288375,0.0341047,-0.756234,-2.37013,-4.09713
-0.0154785,-0.0290731,0.0336933,-0.741347,-2.34197,-4.13036
-0.0155518,-0.0293059,0.0332786,-0.726264,-2.31336,-4.16344
-0.0156237,-0.0295357,0.0328607,-0.710984,-2.28431,-4.19639
-0.015694,-0.0297627,0.0324394,-0.695506,-2.2548,-4.22918
-0.0157628,-0.0299867,0.0320148,-0.679829,-2.22484,-4.26182
-0.01583,-0.0302077,0.031587,-0.663952,-2.19442,-4.2943
-0.0158956,-0.0304256,0.031156,-0.647875,-2.16354,-4.32661
-0.0159596,-0.0306404,0.0307217,-0.631595,-2.13219,-4.35873
-0.0160219,-0.030852,0.0302842,-0.615113,-2.10038,-4.39067
-0.0160826,-0.0310604,0.0298436,-0.598426,-2.0681,-4.42242
-0.0161416,-0.0312656,0.0293998,-0.581536,-2.03534,-4.45397
-0.0161989,-0.0314675,0.0289528,-0.56444,-2.00211,-4.48531
-0.0162544,-0.031666,0.0285027,-0.547138,-1.9684,-4.51642
-0.0163083,-0.0318611,0.0280495,-0.529629,-1.93421,-4.54731
-0.0163604,-0.0320528,0.0275932,-0.511913,-1.89954,-4.57797
-0.0164107,-0.032241,0.0271339,-0.493989,-1.86438,-4.60838
-0.0164592,-0.0324257,0.0266716,-0.475857,-1.82873,-4.63854
-0.0165058,-0.0326067,0.0262062,-0.457516,-1.79259,-4.66843
-0.0165507,-0.0327842,0.0257379,-0.438965,-1.75595,-4.69805
-0.0165936,-0.0329579,0.0252666,-0.420205,-1.71883,-4.72739
-0.0166347,-0.0331279,0.0247924,-0.401236,-1.6812,-4.75644
-0.0166739,-0.0332941,0.0243153,-0.382056,-1.64308,-4.78518
-0.0167111,-0.0334565,0.0238354,-0.362666,-1.60445,-4.81361
-0.0167464,-0.033615,0.0233526,-0.343067,-1.56533,-4.84172
-0.0167797,-0.0337696,0.0228671,-0.323257,-1.5257,-4.8695
-0.016811,-0.0339201,0.0223787,-0.303237,-1.48557,-4.89693
-0.016811,-0.0339201,0.0223787,-0.303237,-1.48557,-4.89693
-0.0168402,-0.0340667,0.0218878,-0.279398,-1.44551,-4.92284
-0.0168669,-0.0342092,0.0213942,-0.25535,-1.40496,-4.94838
-0.0168912,-0.0343477,0.0208981,-0.231094,-1.36389,-4.97355
-0.0169131,-0.034482,0.0203995,-0.206632,-1.32232,-4.99832
-0.0169325,-0.0346121,0.0198984,-0.181963,-1.28025,-5.0227
-0.0169495,-0.034738,0.019395,-0.157089,-1.23766,-5.04666
-0.016964,-0.0348596,0.0188891,-0.132012,-1.19457,-5.07021
-0.0169759,-0.0349769,0.0183809,-0.106733,-1.15097,-5.09331
-0.0169853,-0.0350898,0.0178705,-0.081253,-1.10686,-5.11597
-0.0169921,-0.0351983,0.0173578,-0.0555741,-1.06225,-5.13817
-0.0169964,-0.0353023,0.0168429,-0.0296979,-1.01712,-5.1599
-0.0169981,-0.0354017,0.0163258,-0.0036263,-0.971499,-5.18115
-0.0169971,-0.0354965,0.0158066,0.0226387,-0.925369,-5.20189
-0.0169935,-0.0355867,0.0152854,0.0490949,-0.878738,-5.22213
-0.0169873,-0.0356723,0.0147622,0.0757399,-0.831606,-5.24185
-0.0169784,-0.035753,0.0142371,0.102571,-0.783975,-5.26102
-0.0169668,-0.035829,0.01371,0.129587,-0.735849,-5.27965
-0.0169525,-0.0359002,0.0131812,0.156783,-0.687229,-5.29772
-0.0169354,-0.0359665,0.0126505,0.184158,-0.638119,-5.31521
-0.0169156,-0.0360278,0.0121182,0.211708,-0.588522,-5.33211
-0.0168931,-0.0360842,0.0115841,0.239429,-0.538441,-5.34841
-0.0168677,-0.0361355,0.0110485,0.267319,-0.48788,-5.36409
-0.0168396,-0.0361817,0.0105113,0.295374,-0.436844,-5.37913
-0.0168086,-0.0362228,0.00997269,0.32359,-0.385337,-5.39354
-0.0167749,-0.0362588,0.00943264,0.351964,-0.333364,-5.40728
-0.0167382,-0.0362895,0.00889125,0.38049,-0.28093,-5.42036
-0.0166988,-0.0363149,0.00834859,0.409165,-0.228042,-5.43274
-0.0166564,-0.0363351,0.00780473,0.437984,-0.174704,-5.44442
-0.0166112,-0.0363499,0.00725973,0.466943,-0.120923,-5.45539
-0.016563,-0.0363593,0.00671367,0.496037,-0.0667061,-5.46563
-0.016512,-0.0363632,0.00616663,0.525261,-0.0120607,-5.47513
-0.016458,-0.0363617,0.00561867,0.554609,0.0430058,-5.48386
-0.016401,-0.0363546,0.00506988,0.584075,0.0984854,-5.49183
-0.0163411,-0.0363419,0.00452033,0.613656,0.15437,-5.49901
-0.0162783,-0.0363237,0.00397011,0.643343,0.21065,-5.50539
-0.0162125,-0.0362998,0.00341928,0.673132,0.267316,-5.51096
-0.0161437,-0.0362702,0.00286794,0.703017,0.324359,-5.5157
-0.0160719,-0.0362349,0.00231617,0.73299,0.381769,-5.51959
-0.0159971,-0.0361939,0.00176405,0.763044,0.439535,-5.52264
-0.0159193,-0.036147,0.00121167,0.793175,0.497645,-5.52481
-0.0158384,-0.0360943,0.000659118,0.823373,0.556089,-5.52611
-0.0157546,-0.0360358,0.00010648,0.853632,0.614853,-5.52651
-0.0156677,-0.0359713,-0.000446153,0.883944,0.673927,-5.526
-0.0155778,-0.035901,-0.000998689,0.914301,0.733296,-5.52457
-0.0154848,-0.0358247,-0.00155104,0.944697,0.792947,-5.52221
-0.0153888,-0.0357424,-0.0021031,0.975122,0.852867,-5.51891
-0.0152898,-0.0356541,-0.00265479,1.00557,0.91304,-5.51465
-0.0151877,-0.0355598,-0.003206,1.03603,0.973453,-5.50942
-0.0150826,-0.0354594,-0.00375664,1.06649,1.03409,-5.50321
-0.0149744,-0.0353529,-0.00430661,1.09695,1.09493,-5.49602
-0.0148632,-0.0352404,-0.00485581,1.12739,1.15597,-5.48782
-0.014749,-0.0351217,-0.00540414,1.15781,1.21718,-5.47861
-0.0146317,-0.0349969,-0.0059515,1.1882,1.27855,-5.46838
-0.0145113,-0.034866,-0.00649778,1.21855,1.34006,-5.45713
-0.0143879,-0.0347289,-0.00704289,1.24885,1.40169,-5.44483
-0.0142615,-0.0345857,-0.00758671,1.27908,1.46343,-5.43149
-0.0141321,-0.0344362,-0.00812915,1.30924,1.52525,-5.41709
-0.0139997,-0.0342806,-0.00867009,1.33932,1.58713,-5.40164
-0.0138643,-0.0341188,-0.00920944,1.36931,1.64906,-5.38511
-0.0137258,-0.0339508,-0.00974708,1.3992,1.71102,-5.36751
-0.0135844,-0.0337766,-0.0102829,1.42897,1.77298,-5.34883
-0.0134401,-0.0335962,-0.0108168,1.45862,1.83493,-5.32907
-0.0132927,-0.0334096,-0.0113487,1.48813,1.89684,-5.30821
-0.0131424,-0.0332169,-0.0118784,1.5175,1.95869,-5.28627
-0.0129892,-0.0330179,-0.0124059,1.54672,2.02046,-5.26323
-0.0128331,-0.0328128,-0.012931,1.57576,2.08212,-5.23909
-0.0126741,-0.0326015,-0.0134537,1.60463,2.14367,-5.21385
-0.0125122,-0.032384,-0.0139738,1.63331,2.20506,-5.18751
-0.0123474,-0.0321605,-0.0144911,1.66179,2.26629,-5.16007
-0.0121798,-0.0319308,-0.0150057,1.69005,2.32732,-5.13153
-0.0120094,-0.031695,-0.0155174,1.7181,2.38814,-5.1019
-0.0118362,-0.0314532,-0.0160261,1.74591,2.44871,-5.07117
-0.0116602,-0.0312053,-0.0165316,1.77347,2.50903,-5.03934
-0.0114815,-0.0309514,-0.0170339,1.80078,2.56905,-5.00643
-0.0113001,-0.0306915,-0.0175329,1.82783,2.62876,-4.97243
-0.011116,-0.0304256,-0.0180284,1.85459,2.68814,-4.93735
-0.0109292,-0.0301539,-0.0185203,1.88107,2.74717,-4.9012
-0.0107398,-0.0298762,-0.0190086,1.90725,2.8058,-4.86398
-0.0105477,-0.0295927,-0.0194931,1.93312,2.86404,-4.82571
-0.0103532,-0.0293034,-0.0199737,1.95867,2.92184,-4.78639
-0.010156,-0.0290084,-0.0204503,1.98389,2.97919,-4.74603
-0.00995639,-0.0287076,-0.0209228,2.00877,3.03607,-4.70464
-0.00975428,-0.0284012,-0.0213912,2.03329,3.09244,-4.66224
-0.00954974,-0.0280891,-0.0218553,2.05746,3.14829,-4.61883
-0.0093428,-0.0277715,-0.0223149,2.08126,3.2036,-4.57442
-0.0091335,-0.0274484,-0.0227701,2.10468,3.25834,-4.52904
-0.00892188,-0.0271199,-0.0232207,2.12771,3.31249,-4.4827
-0.00870797,-0.0267859,-0.0236666,2.15034,3.36602,-4.43541
-0.00849182,-0.0264467,-0.0241078,2.17256,3.41893,-4.38718
-0.00827347,-0.0261022,-0.024544,2.19438,3.47117,-4.33804
-0.00805296,-0.0257525,-0.0249753,2.21577,3.52274,-4.28801
-0.00783033,-0.0253977,-0.0254016,2.23672,3.57362,-4.23709
-0.00760563,-0.0250378,-0.0258227,2.25725,3.62378,-4.18531
-0.0073789,-0.0246729,-0.0262386,2.27732,3.6732,-4.1327
-0.00715018,-0.0243032,-0.0266492,2.29695,3.72187,-4.07926
-0.00691953,-0.0239286,-0.0270545,2.31612,3.76977,-4.02503
-0.00668698,-0.0235492,-0.0274542,2.33482,3.81688,-3.97001
-0.00645258,-0.0231652,-0.0278484,2.35305,3.86318,-3.91425
-0.00621638,-0.0227766,-0.028237,2.37081,3.90865,-3.85775
-0.00597843,-0.0223835,-0.02862,2.38808,3.95329,-3.80054
-0.00573878,-0.021986,-0.0289971,2.40487,3.99707,-3.74265
-0.00573878,-0.021986,-0.0289971,2.40487,3.99707,-3.74265
-0.00549765,-0.0215841,-0.0293684,2.41757,4.04051,-3.68335
-0.00525528,-0.0211779,-0.0297338,2.42977,4.08307,-3.62342
-0.00501172,-0.0207675,-0.0300931,2.44147,4.12474,-3.56288
-0.00476701,-0.020353,-0.0304463,2.45267,4.16549,-3.50175
-0.0045212,-0.0199345,-0.0307934,2.46338,4.20533,-3.44006
-0.00427435,-0.019512,-0.0311343,2.47359,4.24423,-3.37783
-0.0040265,-0.0190856,-0.031469,2.48329,4.2822,-3.3151
-0.00377771,-0.0186556,-0.0317973,2.49248,4.31922,-3.25189
-0.00352802,-0.0182218,-0.0321193,2.50118,4.35528,-3.18822
-0.00327749,-0.0177845,-0.032435,2.50937,4.39037,-3.12412
-0.00302616,-0.0173438,-0.0327441,2.51705,4.42449,-3.05961
-0.00277409,-0.0168997,-0.0330469,2.52424,4.45763,-2.99473
-0.00252133,-0.0164523,-0.0333431,2.53092,4.48979,-2.9295
-0.00226793,-0.0160017,-0.0336328,2.5371,4.52096,-2.86395
-0.00201393,-0.0155481,-0.0339159,2.54278,4.55114,-2.7981
-0.00175939,-0.0150916,-0.0341924,2.54796,4.58033,-2.73198
-0.00150435,-0.0146321,-0.0344622,2.55265,4.60851,-2.66561
-0.00124887,-0.0141699,-0.0347255,2.55685,4.6357,-2.59903
-0.000993,-0.013705,-0.034982,2.56055,4.66188,-2.53225
-0.00073678,-0.0132375,-0.0352319,2.56377,4.68707,-2.46531
-0.000480262,-0.0127676,-0.0354751,2.56651,4.71126,-2.39822
-0.000223493,-0.0122953,-0.0357116,2.56877,4.73444,-2.33102
3.34772e-05,-0.0118208,-0.0359413,2.57056,4.75664,-2.26373
0.000290603,-0.011344,-0.0361643,2.57188,4.77783,-2.19637
0.000547837,-0.0108652,-0.0363806,2.57273,4.79804,-2.12896
0.000805133,-0.0103845,-0.0365901,2.57312,4.81726,-2.06154
0.00106245,-0.00990181,-0.0367929,2.57305,4.8355,-1.99412
0.00131973,-0.00941739,-0.0369889,2.57254,4.85276,-1.92673
0.00157694,-0.00893129,-0.0371782,2.57158,4.86905,-1.85939
0.00183403,-0.00844361,-0.0373608,2.57018,4.88437,-1.79211
0.00209096,-0.00795445,-0.0375367,2.56835,4.89874,-1.72494
0.00234769,-0.00746389,-0.0377058,2.5661,4.91215,-1.65787
0.00260417,-0.00697205,-0.0378682,2.56342,4.92462,-1.59095
0.00286036,-0.006479,-0.038024,2.56033,4.93616,-1.52417
0.00311622,-0.00598485,-0.0381731,2.55684,4.94676,-1.45758
0.00337171,-0.00548968,-0.0383155,2.55294,4.95645,-1.39118
0.00362679,-0.00499359,-0.0384513,2.54865,4.96523,-1.32499
0.00388143,-0.00449666,-0.0385805,2.54397,4.97311,-1.25903
0.00413558,-0.00399899,-0.0387031,2.53891,4.9801,-1.19332
0.0043892,-0.00350067,-0.0388192,2.53348,4.98622,-1.12788
0.00464226,-0.00300178,-0.0389287,2.52769,4.99146,-1.06272
0.00489472,-0.00250241,-0.0390317,2.52153,4.99585,-0.997858
0.00514655,-0.00200264,-0.0391283,2.51503,4.9994,-0.933312
0.00539772,-0.00150255,-0.0392184,2.50818,5.00211,-0.869095
0.00564818,-0.00100224,-0.0393021,2.50099,5.004,-0.805222
0.0058979,-0.000501782,-0.0393795,2.49348,5.00508,-0.741707
0.00614686,-1.25331e-06,-0.0394505,2.48564,5.00536,-0.678562
0.00639502,0.000499264,-0.0395152,2.47749,5.00486,-0.615801
0.00664235,0.000999693,-0.0395737,2.46904,5.00358,-0.553437
0.00688882,0.00149996,-0.0396259,2.46028,5.00155,-0.49148
0.0071344,0.00199998,-0.039672,2.45124,4.99877,-0.429942
0.00737906,0.00249969,-0.0397119,2.4419,4.99526,-0.368833
0.00762277,0.002999,-0.0397458,2.4323,4.99102,-0.308165
0.00786551,0.00349787,-0.0397736,2.42242,4.98608,-0.247946
0.00810725,0.0039962,-0.0397954,2.41228,4.98044,-0.188186
0.00834795,0.00449393,-0.0398112,2.40188,4.97413,-0.128893
0.00858761,0.004991,-0.0398212,2.39124,4.96714,-0.070076
0.00882619,0.00548734,-0.0398252,2.38035,4.9595,-0.0117426
0.00906368,0.00598288,-0.0398235,2.36923,4.95122,0.0461001
0.00930003,0.00647756,-0.039816,2.35789,4.94231,0.103445
0.00953525,0.00697132,-0.0398028,2.34632,4.93279,0.160286
0.00976929,0.0074641,-0.039784,2.33454,4.92266,0.216617
0.0100021,0.00795583,-0.0397595,2.32256,4.91195,0.272433
0.0102338,0.00844647,-0.0397295,2.31038,4.90066,0.327727
0.0104642,0.00893595,-0.039694,2.298,4.88881,0.382497
0.0106934,0.00942421,-0.039653,2.28544,4.87641,0.436736
0.0109213,0.00991121,-0.0396067,2.27269,4.86347,0.490442
0.0111479,0.0103969,-0.039555,2.25978,4.85001,0.543611
0.0113732,0.0108812,-0.039498,2.2467,4.83604,0.59624
0.0115973,0.0113641,-0.0394357,2.23345,4.82157,0.648325
0.0118199,0.0118455,-0.0393683,2.22005,4.80662,0.699864
0.0120413,0.0123254,-0.0392958,2.20651,4.79119,0.750855
0.0122612,0.0128037,-0.0392182,2.19282,4.7753,0.801296
0.0124798,0.0132804,-0.0391355,2.17899,4.75896,0.851186
0.012697,0.0137555,-0.039048,2.16503,4.74219,0.900523
0.0129128,0.0142289,-0.0389555,2.15094,4.72499,0.949306
0.0131272,0.0147005,-0.0388581,2.13674,4.70737,0.997535
0.0133402,0.0151703,-0.038756,2.12242,4.68936,1.04521
0.0135517,0.0156383,-0.0386491,2.10798,4.67095,1.09233
0.0137618,0.0161045,-0.0385375,2.09345,4.65217,1.13889
0.0139704,0.0165688,-0.0384213,2.07881,4.63301,1.1849
0.0141775,0.0170311,-0.0383006,2.06408,4.6135,1.23036
0.0143832,0.0174914,-0.0381753,2.04926,4.59364,1.27526
0.0145874,0.0179498,-0.0380455,2.03436,4.57345,1.31961
0.0147901,0.0184061,-0.0379114,2.01937,4.55293,1.36341
0.0149912,0.0188604,-0.0377729,2.00431,4.53209,1.40666
0.0151909,0.0193125,-0.0376301,1.98918,4.51095,1.44936
0.0153891,0.0197626,-0.037483,1.97398,4.48951,1.49152
0.0155857,0.0202104,-0.0373318,1.95871,4.46779,1.53313
0.0157808,0.0206561,-0.0371764,1.94339,4.44579,1.57419
0.0159744,0.0210996,-0.037017,1.92801,4.42353,1.61472
0.0161664,0.0215408,-0.0368535,1.91259,4.40101,1.65471
0.0163569,0.0219798,-0.036686,1.89711,4.37823,1.69417
0.0165458,0.0224164,-0.0365147,1.88159,4.35522,1.73309
0.0167332,0.0228508,-0.0363394,1.86603,4.33198,1.77148
0.016919,0.0232828,-0.0361604,1.85044,4.30852,1.80935
0.0171033,0.0237125,-0.0359776,1.83481,4.28484,1.84669
0.017286,0.0241398,-0.0357911,1.81915,4.26095,1.88351
0.0174671,0.0245647,-0.0356009,1.80347,4.23687,1.91982
0.0176467,0.0249872,-0.0354071,1.78776,4.2126,1.95561
0.0178247,0.0254072,-0.0352098,1.77204,4.18814,1.99089
0.0180011,0.0258248,-0.035009,1.75629,4.16351,2.02566
0.0181759,0.0262399,-0.0348047,1.74054,4.13872,2.05993
0.0183492,0.0266525,-0.034597,1.72477,4.11376,2.09369
0.0185209,0.0270626,-0.034386,1.70899,4.08865,2.12696
0.018691,0.0274703,-0.0341716,1.69321,4.0634,2.15974
0.0188595,0.0278753,-0.033954,1.67743,4.038,2.19203
0.0190265,0.0282778,-0.0337332,1.66164,4.01247,2.22383
0.0191919,0.0286778,-0.0335093,1.64586,3.98682,2.25516
0.0193557,0.0290752,-0.0332822,1.63008,3.96104,2.286
0.0195179,0.02947,-0.0330521,1.61431,3.93516,2.31637
0.0196785,0.0298622,-0.0328189,1.59854,3.90916,2.34627
0.0198376,0.0302518,-0.0325828,1.58279,3.88306,2.37571
0.0199951,0.0306388,-0.0323438,1.56705,3.85687,2.40469
0.020151,0.0310232,-0.0321019,1.55133,3.83058,2.4332
0.0203054,0.031405,-0.0318572,1.53562,3.80421,2.46127
0.0204581,0.0317841,-0.0316097,1.51993,3.77776,2.48889
0.0206093,0.0321605,-0.0313594,1.50427,3.75124,2.51606
0.020759,0.0325343,-0.0311065,1.48862,3.72464,2.54279
0.0209071,0.0329054,-0.0308509,1.473,3.69798,2.56908
0.0210536,0.0332739,-0.0305927,1.45741,3.67126,2.59495
0.0211985,0.0336397,-0.0303319,1.44184,3.64449,2.62038
0.021342,0.0340028,-0.0300686,1.4263,3.61767,2.64539
0.0214838,0.0343632,-0.0298028,1.4108,3.5908,2.66998
0.0216241,0.0347209,-0.0295346,1.39532,3.56388,2.69416
0.0217629,0.035076,-0.029264,1.37988,3.53693,2.71792
0.0219001,0.0354283,-0.0289911,1.36447,3.50995,2.74128
0.0220358,0.035778,-0.0287158,1.34911,3.48294,2.76423
0.0221699,0.0361249,-0.0284382,1.33377,3.4559,2.78679
0.0223025,0.0364692,-0.0281584,1.31848,3.42884,2.80895
0.0224336,0.0368107,-0.0278765,1.30322,3.40176,2.83072
0.0225632,0.0371495,-0.0275923,1.28801,3.37467,2.8521
0.0226912,0.0374856,-0.027306,1.27284,3.34756,2.8731
0.0228177,0.037819,-0.0270177,1.25771,3.32045,2.89373
0.0229428,0.0381497,-0.0267273,1.24263,3.29334,2.91398
0.0230663,0.0384777,-0.0264349,1.22759,3.26622,2.93385
0.0231883,0.038803,-0.0261406,1.2126,3.23911,2.95337
0.0233088,0.0391255,-0.0258443,1.19765,3.212,2.97252
0.0234278,0.0394454,-0.0255461,1.18275,3.1849,2.99131
0.0235453,0.0397625,-0.025246,1.1679,3.15781,3.00975
0.0236614,0.0400769,-0.0249441,1.1531,3.13073,3.02783
0.023776,0.0403886,-0.0246405,1.13835,3.10367,3.04557
0.0238891,0.0406977,-0.024335,1.12364,3.07663,3.06297
0.0240007,0.041004,-0.0240279,1.10899,3.04962,3.08003
0.0241109,0.0413076,-0.023719,1.0944,3.02262,3.09676
0.0242196,0.0416085,-0.0234085,1.07985,2.99565,3.11315
0.0243268,0.0419067,-0.0230964,1.06536,2.96871,3.12922
0.0244326,0.0422022,-0.0227827,1.05092,2.94181,3.14496
0.024537,0.0424951,-0.0224674,1.03653,2.91493,3.16038
0.02464,0.0427852,-0.0221506,1.0222,2.88809,3.17549
0.0247415,0.0430727,-0.0218323,1.00793,2.86129,3.19028
0.0248415,0.0433575,-0.0215126,0.993706,2.83453,3.20476
0.0249402,0.0436396,-0.0211914,0.979542,2.80781,3.21894
0.0250375,0.043919,-0.0208688,0.965434,2.78113,3.23282
0.0251333,0.0441958,-0.0205448,0.951383,2.7545,3.24639
0.0252277,0.0444699,-0.0202195,0.937389,2.72791,3.25968
0.0253208,0.0447414,-0.0198929,0.923453,2.70138,3.27267
0.0254124,0.0450102,-0.019565,0.909574,2.67489,3.28537
0.0255027,0.0452764,-0.0192359,0.895753,2.64845,3.29779
0.0255916,0.0455399,-0.0189055,0.881991,2.62207,3.30993
0.0256791,0.0458008,-0.0185739,0.868287,2.59575,3.32178
0.0257652,0.0460591,-0.0182411,0.854641,2.56948,3.33337
0.02585,0.0463147,-0.0179072,0.841055,2.54326,3.34468
0.0259334,0.0465677,-0.0175722,0.827528,2.51711,3.35572
0.0260155,0.0468181,-0.0172361,0.81406,2.49102,3.3665
0.0260963,0.0470659,-0.0168989,0.800652,2.46498,3.37702
0.0261757,0.0473111,-0.0165607,0.787303,2.43901,3.38727
0.0262537,0.0475537,-0.0162215,0.774015,2.41311,3.39727
0.0263305,0.0477937,-0.0158812,0.760786,2.38727,3.40702
0.0264059,0.0480312,-0.0155401,0.747617,2.36149,3.41652
0.02648,0.0482661,-0.0151979,0.734508,2.33579,3.42577
0.0265528,0.0484983,-0.0148549,0.72146,2.31015,3.43478
0.0266243,0.0487281,-0.014511,0.708472,2.28458,3.44354
0.0266945,0.0489553,-0.0141662,0.695544,2.25908,3.45207
0.0267634,0.0491799,-0.0138206,0.682676,2.23365,3.46036
0.026831,0.049402,-0.0134741,0.669869,2.20829,3.46842
0.0268974,0.0496216,-0.0131269,0.657123,2.18301,3.47625
0.0269624,0.0498386,-0.0127789,0.644436,2.1578,3.48385
0.0270263,0.0500531,-0.0124302,0.631811,2.13266,3.49123
0.0270888,0.0502651,-0.0120807,0.619245,2.1076,3.49839
0.0271501,0.0504746,-0.0117305,0.60674,2.08262,3.50532
0.0272102,0.0506817,-0.0113796,0.594296,2.05771,3.51204
0.027269,0.0508862,-0.0110281,0.581912,2.03287,3.51855
0.0273265,0.0510882,-0.0106759,0.569588,2.00812,3.52485
0.0273829,0.0512878,-0.0103231,0.557324,1.98344,3.53093
0.027438,0.0514849,-0.00996973,0.545121,1.95884,3.53681
0.0274919,0.0516796,-0.00961576,0.532977,1.93432,3.54249
0.0275446,0.0518718,-0.00926124,0.520894,1.90988,3.54797
0.0275961,0.0520616,-0.00890617,0.50887,1.88553,3.55324
0.0276464,0.0522489,-0.00855059,0.496907,1.86125,3.55832
0.0276955,0.0524338,-0.00819452,0.485003,1.83705,3.56321
0.0277434,0.0526163,-0.00783796,0.473159,1.81293,3.5679
0.0277901,0.0527964,-0.00748094,0.461374,1.7889,3.57241
0.0278357,0.0529741,-0.00712348,0.449649,1.76495,3.57672
0.02788,0.0531494,-0.0067656,0.437983,1.74108,3.58085
0.0279233,0.0533223,-0.00640732,0.426376,1.7173,3.5848
0.0279653,0.0534929,-0.00604865,0.414829,1.69359,3.58857
0.0280062,0.053661,-0.00568961,0.40334,1.66997,3.59216
0.028046,0.0538269,-0.00533022,0.39191,1.64644,3.59557
0.0280846,0.0539903,-0.0049705,0.380538,1.62299,3.59881
0.0281221,0.0541515,-0.00461047,0.369225,1.59962,3.60188
0.0281585,0.0543103,-0.00425013,0.35797,1.57634,3.60477
0.0281937,0.0544667,-0.00388952,0.346774,1.55315,3.6075
0.0282278,0.0546209,-0.00352864,0.335635,1.53004,3.61006
0.0282608,0.0547727,-0.00316751,0.324554,1.50701,3.61246
0.0282927,0.0549223,-0.00280615,0.313531,1.48407,3.6147
0.0283235,0.0550696,-0.00244458,0.302565,1.46121,3.61677
0.0283532,0.0552145,-0.0020828,0.291656,1.43844,3.61869
0.0283819,0.0553573,-0.00172084,0.280805,1.41576,3.62045
0.0284094,0.0554977,-0.00135872,0.27001,1.39316,3.62205
0.0284359,0.0556359,-0.000996438,0.259272,1.37065,3.62351
0.0284613,0.0557718,-0.000634021,0.248591,1.34823,3.62481
0.0284856,0.0559055,-0.000271481,0.237966,1.32589,3.62596
0.0285089,0.056037,9.11665e-05,0.227397,1.30364,3.62697
0.0285311,0.0561663,0.000453907,0.216884,1.28147,3.62782
0.0285522,0.0562933,0.000816727,0.206427,1.25939,3.62854
0.0285724,0.0564181,0.00117961,0.196026,1.2374,3.62911
0.0285914,0.0565408,0.00154254,0.185679,1.21549,3.62954
0.0286095,0.0566612,0.00190551,0.175388,1.19367,3.62984
0.0286265,0.0567795,0.00226851,0.165152,1.17193,3.62999
0.0286425,0.0568956,0.00263151,0.154971,1.15028,3.63001
0.0286575,0.0570096,0.00299451,0.144844,1.12872,3.6299
0.0286715,0.0571214,0.00335748,0.134771,1.10725,3.62965
0.0286845,0.057231,0.00372043,0.124752,1.08586,3.62927
0.0286965,0.0573386,0.00408333,0.114788,1.06456,3.62877
0.0287074,0.057444,0.00444618,0.104877,1.04334,3.62813
0.0287174,0.0575472,0.00480896,0.0950192,1.02221,3.62737
0.0287264,0.0576484,0.00517165,0.0852149,1.00116,3.62648
0.0287345,0.0577475,0.00553425,0.0754636,0.980206,3.62547
0.0287415,0.0578444,0.00589674,0.065765,0.959334,3.62434
0.0287476,0.0579393,0.00625911,0.0561191,0.938547,3.62309
0.0287528,0.0580322,0.00662135,0.0465256,0.917846,3.62171
0.0287569,0.0581229,0.00698345,0.0369842,0.897231,3.62022
0.0287602,0.0582116,0.00734539,0.0274947,0.876701,3.61861
0.0287624,0.0582983,0.00770717,0.0180569,0.856257,3.61689
0.0287638,0.0583829,0.00806877,0.00867064,0.835898,3.61506
0.0287642,0.0584654,0.00843018,-0.000664375,0.815625,3.61311
0.0287636,0.058546,0.00879139,-0.00994835,0.795436,3.61105
0.0287622,0.0586245,0.00915238,-0.0191815,0.775332,3.60888
0.0287598,0.0587011,0.00951316,-0.028364,0.755313,3.6066
0.0287565,0.0587756,0.0098737,-0.0374962,0.735378,3.60421
0.0287523,0.0588481,0.010234,-0.0465782,0.715528,3.60172
0.0287472,0.0589187,0.010594,-0.0556103,0.695763,3.59912
0.0287412,0.0589873,0.0109538,-0.0645926,0.676081,3.59642
0.0287343,0.0590539,0.0113133,-0.0735255,0.656483,3.59361
0.0287265,0.0591186,0.0116725,-0.082409,0.63697,3.59071
0.0287178,0.0591813,0.0120315,-0.0912435,0.61754,3.5877
0.0287082,0.0592421,0.0123901,-0.100029,0.598193,3.5846
0.0286978,0.059301,0.0127484,-0.108766,0.578929,3.58139
0.0286865,0.0593579,0.0131063,-0.117455,0.559749,3.57809
0.0286743,0.0594129,0.013464,-0.126095,0.540652,3.57469
0.0286613,0.059466,0.0138213,-0.134688,0.521637,3.5712
0.0286474,0.0595172,0.0141782,-0.143233,0.502705,3.56762
0.0286326,0.0595666,0.0145348,-0.15173,0.483855,3.56394
0.028617,0.059614,0.014891,-0.16018,0.465087,3.56017
0.0286006,0.0596596,0.0152468,-0.168583,0.446402,3.55631
0.0285833,0.0597033,0.0156023,-0.176939,0.427798,3.55236
0.0285652,0.0597451,0.0159573,-0.185248,0.409275,3.54832
0.0285463,0.0597852,0.0163119,-0.193511,0.390834,3.5442
0.0285265,0.0598233,0.0166661,-0.201728,0.372474,3.53999
0.0285059,0.0598596,0.0170199,-0.209899,0.354195,3.53569
0.0284845,0.0598942,0.0173733,-0.218023,0.335996,3.53131
0.0284623,0.0599269,0.0177262,-0.226103,0.317878,3.52684
0.0284393,0.0599577,0.0180786,-0.234137,0.299841,3.52229
0.0284155,0.0599868,0.0184306,-0.242125,0.281883,3.51766
0.0283909,0.0600141,0.0187822,-0.250069,0.264005,3.51295
0.0283655,0.0600396,0.0191332,-0.257968,0.246207,3.50816
0.0283393,0.0600634,0.0194838,-0.265823,0.228488,3.50329
0.0283123,0.0600853,0.0198339,-0.273633,0.210848,3.49834
0.0282846,0.0601055,0.0201835,-0.281399,0.193287,3.49331
0.028256,0.060124,0.0205325,-0.289121,0.175805,3.48821
0.0282267,0.0601407,0.0208811,-0.2968,0.158401,3.48303
0.0281967,0.0601557,0.0212291,-0.304435,0.141076,3.47778
0.0281659,0.0601689,0.0215767,-0.312026,0.123828,3.47245
0.0281343,0.0601804,0.0219236,-0.319575,0.106658,3.46705
0.0281019,0.0601902,0.0222701,-0.327081,0.0895661,3.46157
0.0280689,0.0601984,0.0226159,-0.334544,0.0725511,3.45603
0.028035,0.0602048,0.0229613,-0.341964,0.0556132,3.45041
0.0280005,0.0602095,0.023306,-0.349342,0.0387521,3.44473
0.0279652,0.0602125,0.0236502,-0.356678,0.0219676,3.43897
0.0279291,0.0602139,0.0239938,-0.363973,0.00525943,3.43315
0.0278924,0.0602136,0.0243368,-0.371225,-0.0113726,3.42725
0.0278549,0.0602116,0.0246793,-0.378436,-0.0279288,3.42129
0.0278167,0.060208,0.0250211,-0.385606,-0.0444094,3.41527
0.0277778,0.0602027,0.0253623,-0.392734,-0.0608145,3.40918
0.0277381,0.0601958,0.0257029,-0.399822,-0.0771445,3.40302
0.0276978,0.0601873,0.0260429,-0.406869,-0.0933996,3.3968
0.0276568,0.0601771,0.0263823,-0.413875,-0.10958,3.39051
0.027615,0.0601654,0.026721,-0.420841,-0.125686,3.38417
0.0275726,0.060152,0.0270591,-0.427767,-0.141718,3.37776
0.0275295,0.060137,0.0273966,-0.434653,-0.157676,3.37129
0.0274857,0.0601205,0.0277334,-0.441499,-0.17356,3.36475
0.0274412,0.0601023,0.0280695,-0.448305,-0.18937,3.35816
0.027396,0.0600826,0.028405,-0.455072,-0.205108,3.35151
0.0273502,0.0600613,0.0287398,-0.4618,-0.220772,3.3448
0.0273037,0.0600385,0.029074,-0.468489,-0.236364,3.33803
0.0272565,0.060014,0.0294074,-0.475139,-0.251883,3.3312
0.0272086,0.0599881,0.0297402,-0.48175,-0.26733,3.32432
0.0271601,0.0599606,0.0300723,-0.488322,-0.282705,3.31738
0.027111,0.0599315,0.0304037,-0.494856,-0.298008,3.31038
0.0270612,0.059901,0.0307344,-0.501352,-0.313239,3.30333
0.0270107,0.0598689,0.0310643,-0.50781,-0.3284,3.29622
0.0269596,0.0598353,0.0313936,-0.514231,-0.343489,3.28906
0.0269079,0.0598002,0.0317221,-0.520613,-0.358507,3.28185
0.0268555,0.0597636,0.03205,-0.526958,-0.373455,3.27458
0.0268025,0.0597255,0.0323771,-0.533266,-0.388332,3.26726
0.0267488,0.0596859,0.0327034,-0.539537,-0.403139,3.25989
0.0266946,0.0596449,0.033029,-0.54577,-0.417877,3.25246
0.0266397,0.0596024,0.0333539,-0.551967,-0.432544,3.24499
0.0265842,0.0595584,0.033678,-0.558128,-0.447143,3.23746
0.026528,0.0595129,0.0340014,-0.564251,-0.461672,3.22989
0.0264713,0.059466,0.034324,-0.570339,-0.476132,3.22226
0.026414,0.0594177,0.0346459,-0.57639,-0.490523,3.21459
0.026356,0.0593679,0.0349669,-0.582406,-0.504846,3.20687
0.0262975,0.0593167,0.0352872,-0.588385,-0.519101,3.1991
0.0262384,0.0592641,0.0356067,-0.594329,-0.533287,3.19128
0.0261786,0.0592101,0.0359255,-0.600237,-0.547406,3.18342
0.0261183,0.0591546,0.0362434,-0.60611,-0.561458,3.17551
0.0260574,0.0590978,0.0365606,-0.611948,-0.575442,3.16755
0.0259959,0.0590396,0.0368769,-0.617751,-0.589359,3.15955
0.0259339,0.0589799,0.0371925,-0.623519,-0.603209,3.15151
0.0258712,0.0589189,0.0375072,-0.629252,-0.616992,3.14342
0.025808,0.0588565,0.0378212,-0.634951,-0.630709,3.13528
0.0257442,0.0587928,0.0381343,-0.640615,-0.64436,3.1271
0.0256799,0.0587277,0.0384466,-0.646246,-0.657945,3.11888
0.025615,0.0586612,0.0387581,-0.651841,-0.671464,3.11062
0.0255495,0.0585934,0.0390687,-0.657403,-0.684918,3.10231
0.0254835,0.0585242,0.0393785,-0.662932,-0.698306,3.09396
0.0254169,0.0584537,0.0396875,-0.668426,-0.711629,3.08557
0.0253498,0.0583819,0.0399956,-0.673887,-0.724888,3.07714
0.0252822,0.0583087,0.0403029,-0.679315,-0.738082,3.06867
0.025214,0.0582343,0.0406094,-0.684709,-0.751211,3.06016
0.0251452,0.0581585,0.040915,-0.690071,-0.764276,3.0516
0.025076,0.0580814,0.0412197,-0.695399,-0.777278,3.04301
0.0250061,0.0580031,0.0415236,-0.700694,-0.790215,3.03438
0.0249358,0.0579234,0.0418266,-0.705957,-0.80309,3.02571
0.024865,0.0578424,0.0421287,-0.711188,-0.8159,3.01701
0.0247936,0.0577602,0.04243,-0.716386,-0.828648,3.00826
0.0247217,0.0576767,0.0427304,-0.721551,-0.841333,2.99948
0.0246493,0.0575919,0.0430299,-0.726685,-0.853955,2.99066
0.0245763,0.0575059,0.0433285,-0.731787,-0.866515,2.9818
0.0245029,0.0574186,0.0436262,-0.736857,-0.879012,2.97291
0.024429,0.0573301,0.0439231,-0.741895,-0.891448,2.96398
0.0243545,0.0572404,0.044219,-0.746901,-0.903821,2.95502
0.0242796,0.0571494,0.0445141,-0.751876,-0.916133,2.94602
0.0242042,0.0570571,0.0448082,-0.75682,-0.928384,2.93698
0.0241282,0.0569637,0.0451015,-0.761733,-0.940573,2.92791
0.0240518,0.056869,0.0453938,-0.766614,-0.952702,2.91881
0.0239749,0.0567731,0.0456852,-0.771465,-0.96477,2.90967
0.0238975,0.0566761,0.0459757,-0.776284,-0.976777,2.9005
0.0238197,0.0565778,0.0462653,-0.781074,-0.988723,2.89129
0.0237413,0.0564783,0.046554,-0.785832,-1.00061,2.88205
0.0236625,0.0563777,0.0468417,-0.79056,-1.01244,2.87278
0.0235832,0.0562758,0.0471285,-0.795258,-1.0242,2.86348
0.0235034,0.0561728,0.0474144,-0.799926,-1.03591,2.85414
0.0234232,0.0560687,0.0476994,-0.804563,-1.04756,2.84477
0.0233425,0.0559633,0.0479834,-0.809171,-1.05915,2.83537
0.0232614,0.0558568,0.0482664,-0.813748,-1.07068,2.82594
0.0231798,0.0557492,0.0485486,-0.818296,-1.08215,2.81648
0.0230977,0.0556404,0.0488297,-0.822815,-1.09356,2.80699
0.0230152,0.0555305,0.04911,-0.827304,-1.10491,2.79747
0.0229323,0.0554194,0.0493892,-0.831763,-1.11621,2.78792
0.0228489,0.0553072,0.0496675,-0.836194,-1.12745,2.77833
0.022765,0.0551939,0.0499449,-0.840595,-1.13863,2.76872
0.0226807,0.0550795,0.0502213,-0.844967,-1.14975,2.75908
0.022596,0.054964,0.0504967,-0.84931,-1.16081,2.74941
0.0225109,0.0548474,0.0507712,-0.853625,-1.17182,2.73971
0.0224253,0.0547296,0.0510447,-0.857911,-1.18277,2.72999
0.0223393,0.0546108,0.0513172,-0.862168,-1.19366,2.72023
0.0222529,0.0544909,0.0515887,-0.866397,-1.2045,2.71045
0.022166,0.0543699,0.0518593,-0.870597,-1.21528,2.70064
0.0220788,0.0542478,0.0521288,-0.874769,-1.22601,2.6908
0.0219911,0.0541247,0.0523974,-0.878913,-1.23667,2.68094
0.021903,0.0540005,0.052665,-0.883029,-1.24729,2.67104
0.0218145,0.0538752,0.0529316,-0.887117,-1.25784,2.66113
0.0217256,0.0537489,0.0531972,-0.891177,-1.26834,2.65118
0.0216362,0.0536216,0.0534619,-0.895209,-1.27879,2.64121
0.0215465,0.0534932,0.0537255,-0.899214,-1.28918,2.63121
0.0214564,0.0533637,0.0539881,-0.903191,-1.29951,2.62119
0.0213659,0.0532333,0.0542497,-0.907141,-1.30979,2.61114
0.021275,0.0531018,0.0545103,-0.911064,-1.32001,2.60107
0.0211837,0.0529693,0.0547699,-0.914959,-1.33018,2.59097
0.021092,0.0528358,0.0550285,-0.918827,-1.3403,2.58085
0.0209999,0.0527012,0.0552861,-0.922668,-1.35036,2.5707
0.0209074,0.0525657,0.0555427,-0.926482,-1.36037,2.56053
0.0208146,0.0524292,0.0557982,-0.930269,-1.37032,2.55033
0.0207214,0.0522916,0.0560527,-0.93403,-1.38022,2.54011
0.0206278,0.0521531,0.0563062,-0.937764,-1.39007,2.52987
0.0205338,0.0520136,0.0565587,-0.941471,-1.39986,2.5196
0.0204395,0.0518731,0.0568101,-0.945152,-1.4096,2.50931
0.0203448,0.0517317,0.0570606,-0.948806,-1.41929,2.499
0.0202497,0.0515893,0.0573099,-0.952434,-1.42892,2.48867
0.0201543,0.0514459,0.0575583,-0.956036,-1.4385,2.47831
0.0200585,0.0513016,0.0578056,-0.959612,-1.44803,2.46793
0.0199624,0.0511563,0.0580519,-0.963162,-1.45751,2.45752
0.0198659,0.0510101,0.0582971,-0.966685,-1.46693,2.4471
0.0197691,0.0508629,0.0585413,-0.970183,-1.4763,2.43665
0.0196719,0.0507148,0.0587844,-0.973655,-1.48562,2.42618
0.0195743,0.0505658,0.0590265,-0.977102,-1.49489,2.41569
0.0194765,0.0504158,0.0592676,-0.980523,-1.5041,2.40518
0.0193782,0.050265,0.0595076,-0.983918,-1.51327,2.39465
0.0192797,0.0501132,0.0597465,-0.987288,-1.52238,2.38409
0.0191808,0.0499605,0.0599844,-0.990633,-1.53144,2.37352
0.0190815,0.0498069,0.0602212,-0.993952,-1.54045,2.36292
0.018982,0.0496524,0.060457,-0.997246,-1.54941,2.35231
0.0188821,0.049497,0.0606917,-1.00052,-1.55832,2.34167
0.0187819,0.0493408,0.0609253,-1.00376,-1.56718,2.33101
0.0186813,0.0491836,0.0611579,-1.00698,-1.57599,2.32034
0.0185805,0.0490256,0.0613894,-1.01017,-1.58474,2.30964
0.0184793,0.0488666,0.0616198,-1.01334,-1.59345,2.29893
0.0183778,0.0487069,0.0618491,-1.01649,-1.60211,2.28819
0.018276,0.0485462,0.0620774,-1.01961,-1.61072,2.27744
0.0181739,0.0483847,0.0623046,-1.0227,-1.61927,2.26667
0.0180715,0.0482224,0.0625308,-1.02577,-1.62778,2.25588
0.0179687,0.0480592,0.0627558,-1.02882,-1.63624,2.24506
0.0178657,0.0478951,0.0629798,-1.03184,-1.64465,2.23424
0.0177624,0.0477302,0.0632027,-1.03484,-1.65301,2.22339
0.0176587,0.0475645,0.0634245,-1.03781,-1.66132,2.21252
0.0175548,0.047398,0.0636452,-1.04076,-1.66958,2.20164
0.0174506,0.0472306,0.0638648,-1.04369,-1.67779,2.19073
0.0173461,0.0470624,0.0640833,-1.04659,-1.68596,2.17981
0.0172413,0.0468934,0.0643007,-1.04947,-1.69407,2.16888
0.0171362,0.0467236,0.0645171,-1.05232,-1.70214,2.15792
0.0170308,0.046553,0.0647323,-1.05515,-1.71016,2.14695
0.0169252,0.0463816,0.0649465,-1.05796,-1.71813,2.13596
0.0168192,0.0462094,0.0651595,-1.06074,-1.72605,2.12495
0.016713,0.0460364,0.0653715,-1.0635,-1.73393,2.11393
0.0166065,0.0458626,0.0655823,-1.06624,-1.74176,2.10288
0.0164998,0.045688,0.065792,-1.06895,-1.74954,2.09183
0.0163927,0.0455127,0.0660007,-1.07164,-1.75727,2.08075
0.0162854,0.0453366,0.0662082,-1.0743,-1.76495,2.06966
0.0161779,0.0451597,0.0664146,-1.07695,-1.77259,2.05855
0.01607,0.0449821,0.0666199,-1.07956,-1.78018,2.04743
0.015962,0.0448037,0.0668241,-1.08216,-1.78772,2.03629
0.0158536,0.0446245,0.0670272,-1.08473,-1.79522,2.02513
0.015745,0.0444446,0.0672291,-1.08728,-1.80267,2.01396
0.0156362,0.044264,0.0674299,-1.08981,-1.81007,2.00277
0.0155271,0.0440826,0.0676297,-1.09231,-1.81743,1.99157
0.0154177,0.0439005,0.0678283,-1.0948,-1.82474,1.98035
0.0153081,0.0437177,0.0680257,-1.09725,-1.832,1.96911
0.0151982,0.0435341,0.0682221,-1.09969,-1.83922,1.95786
0.0150882,0.0433498,0.0684173,-1.1021,-1.84639,1.9466
0.0149778,0.0431648,0.0686114,-1.10449,-1.85351,1.93532
0.0148673,0.0429791,0.0688044,-1.10686,-1.86059,1.92402
0.0147565,0.0427927,0.0689962,-1.10921,-1.86762,1.91271
0.0146454,0.0426056,0.0691869,-1.11153,-1.87461,1.90139
0.0145341,0.0424178,0.0693765,-1.11383,-1.88155,1.89005
0.0144227,0.0422293,0.0695649,-1.11611,-1.88845,1.8787
0.0143109,0.0420401,0.0697522,-1.11837,-1.8953,1.86733
0.014199,0.0418502,0.0699384,-1.1206,-1.90211,1.85595
0.0140868,0.0416597,0.0701234,-1.12281,-1.90887,1.84455
0.0139744,0.0414685,0.0703073,-1.125,-1.91558,1.83314
0.0138618,0.0412766,0.07049,-1.12717,-1.92225,1.82171
0.013749,0.041084,0.0706716,-1.12931,-1.92888,1.81027
0.0136359,0.0408908,0.0708521,-1.13144,-1.93546,1.79882
0.0135227,0.0406969,0.0710314,-1.13354,-1.942,1.78735
0.0134092,0.0405024,0.0712096,-1.13562,-1.94849,1.77587
0.0132956,0.0403072,0.0713866,-1.13768,-1.95494,1.76438
0.0131817,0.0401114,0.0715624,-1.13971,-1.96134,1.75287
0.0130676,0.039915,0.0717371,-1.14173,-1.9677,1.74135
0.0129534,0.0397179,0.0719107,-1.14372,-1.97401,1.72982
0.0128389,0.0395202,0.0720831,-1.14569,-1.98028,1.71827
0.0127242,0.0393218,0.0722544,-1.14764,-1.98651,1.70671
0.0126094,0.0391229,0.0724245,-1.14957,-1.99269,1.69514
0.0124943,0.0389233,0.0725934,-1.15147,-1.99883,1.68355
0.0123791,0.0387231,0.0727612,-1.15336,-2.00493,1.67195
0.0122636,0.0385223,0.0729278,-1.15522,-2.01098,1.66034
0.012148,0.0383209,0.0730932,-1.15707,-2.01699,1.64872
0.0120322,0.0381189,0.0732575,-1.15889,-2.02295,1.63708
0.0119162,0.0379163,0.0734206,-1.16069,-2.02888,1.62543
0.0118001,0.0377131,0.0735826,-1.16246,-2.03475,1.61377
0.0116838,0.0375094,0.0737434,-1.16422,-2.04059,1.60209
0.0115672,0.037305,0.073903,-1.16596,-2.04638,1.59041
0.0114506,0.0371001,0.0740615,-1.16767,-2.05213,1.57871
0.0113337,0.0368946,0.0742188,-1.16937,-2.05784,1.567
0.0112167,0.0366885,0.0743749,-1.17104,-2.0635,1.55527
0.0110995,0.0364819,0.0745298,-1.17269,-2.06912,1.54354
0.0109822,0.0362747,0.0746836,-1.17432,-2.0747,1.53179
0.0108646,0.0360669,0.0748362,-1.17593,-2.08024,1.52003
0.010747,0.0358586,0.0749876,-1.17752,-2.08573,1.50826
0.0106291,0.0356498,0.0751378,-1.17909,-2.09118,1.49648
0.0105112,0.0354404,0.0752869,-1.18063,-2.09659,1.48469
0.010393,0.0352305,0.0754348,-1.18216,-2.10195,1.47288
0.0102747,0.03502,0.0755815,-1.18367,-2.10728,1.46107
0.0101563,0.034809,0.075727,-1.18515,-2.11256,1.44924
0.0100377,0.0345975,0.0758713,-1.18661,-2.1178,1.4374
0.00991896,0.0343855,0.0760145,-1.18806,-2.123,1.42555
0.00980008,0.0341729,0.0761564,-1.18948,-2.12815,1.41369
0.00968106,0.0339598,0.0762972,-1.19088,-2.13327,1.40181
0.00956191,0.0337463,0.0764368,-1.19226,-2.13834,1.38993
0.00944261,0.0335322,0.0765752,-1.19363,-2.14337,1.37804
0.00932318,0.0333176,0.0767124,-1.19497,-2.14836,1.36613
0.00920362,0.0331025,0.0768484,-1.19629,-2.15331,1.35421
0.00908392,0.0328869,0.0769832,-1.19759,-2.15821,1.34228
0.0089641,0.0326709,0.0771169,-1.19887,-2.16308,1.33035
0.00884415,0.0324543,0.0772493,-1.20012,-2.1679,1.3184
0.00872408,0.0322373,0.0773805,-1.20136,-2.17268,1.30644
0.00860388,0.0320198,0.0775106,-1.20258,-2.17742,1.29447
0.00848356,0.0318018,0.0776394,-1.20378,-2.18212,1.28249
0.00836313,0.0315834,0.0777671,-1.20496,-2.18678,1.27049
0.00824257,0.0313644,0.0778935,-1.20611,-2.1914,1.25849
0.0081219,0.0311451,0.0780188,-1.20725,-2.19598,1.24648
0.00800112,0.0309252,0.0781428,-1.20837,-2.20051,1.23446
0.00788023,0.030705,0.0782657,-1.20946,-2.20501,1.22242
0.00775923,0.0304842,0.0783873,-1.21054,-2.20946,1.21038
0.00763812,0.0302631,0.0785078,-1.2116,-2.21387,1.19833
0.00751691,0.0300415,0.078627,-1.21263,-2.21825,1.18626
0.0073956,0.0298194,0.078745,-1.21365,-2.22258,1.17419
0.00727418,0.029597,0.0788618,-1.21464,-2.22687,1.16211
0.00715267,0.0293741,0.0789774,-1.21562,-2.23112,1.15001
0.00703106,0.0291507,0.0790918,-1.21658,-2.23533,1.13791
0.00690935,0.028927,0.079205,-1.21751,-2.2395,1.1258
0.00678756,0.0287028,0.079317,-1.21843,-2.24363,1.11367
0.00666567,0.0284783,0.0794277,-1.21932,-2.24772,1.10154
0.00654369,0.0282533,0.0795373,-1.2202,-2.25177,1.0894
0.00642163,0.0280279,0.0796456,-1.22105,-2.25578,1.07724
0.00629948,0.0278021,0.0797527,-1.22189,-2.25974,1.06508
0.00617725,0.027576,0.0798586,-1.22271,-2.26367,1.05291
0.00605494,0.0273494,0.0799633,-1.2235,-2.26756,1.04073
0.00593255,0.0271225,0.0800668,-1.22428,-2.27141,1.02854
0.00581009,0.0268951,0.080169,-1.22504,-2.27522,1.01634
0.00568755,0.0266674,0.08027,-1.22577,-2.27899,1.00413
0.00556493,0.0264393,0.0803699,-1.22649,-2.28271,0.991907
0.00544225,0.0262109,0.0804684,-1.22719,-2.2864,0.979678
0.0053195,0.0259821,0.0805658,-1.22786,-2.29005,0.96744
0.00519668,0.0257529,0.0806619,-1.22852,-2.29366,0.955193
0.00507379,0.0255233,0.0807568,-1.22916,-2.29723,0.942936
0.00495085,0.0252934,0.0808505,-1.22978,-2.30076,0.93067
0.00482784,0.0250632,0.080943,-1.23037,-2.30425,0.918395
0.00470477,0.0248326,0.0810342,-1.23095,-2.3077,0.906111
0.00458165,0.0246016,0.0811242,-1.23151,-2.31111,0.893817
0.00445847,0.0243704,0.0812129,-1.23205,-2.31448,0.881515
0.00433524,0.0241387,0.0813005,-1.23257,-2.31781,0.869203
0.00421196,0.0239068,0.0813868,-1.23307,-2.32111,0.856882
0.00408863,0.0236745,0.0814719,-1.23355,-2.32436,0.844553
0.00396525,0.0234419,0.0815557,-1.23401,-2.32757,0.832214
0.00384183,0.023209,0.0816383,-1.23445,-2.33075,0.819867
0.00371836,0.0229758,0.0817197,-1.23487,-2.33388,0.807511
0.00359485,0.0227422,0.0817998,-1.23527,-2.33698,0.795145
0.00347131,0.0225084,0.0818787,-1.23565,-2.34003,0.782771
0.00334772,0.0222742,0.0819564,-1.23601,-2.34305,0.770388
0.00322411,0.0220398,0.0820328,-1.23635,-2.34603,0.757997
0.00310045,0.021805,0.082108,-1.23668,-2.34896,0.745596
0.00297677,0.02157,0.0821819,-1.23698,-2.35186,0.733187
0.00285306,0.0213347,0.0822546,-1.23726,-2.35472,0.720769
0.00272932,0.021099,0.082326,-1.23753,-2.35754,0.708343
0.00260555,0.0208631,0.0823963,-1.23777,-2.36032,0.695908
0.00248177,0.020627,0.0824652,-1.23799,-2.36307,0.683464
0.00235796,0.0203905,0.082533,-1.2382,-2.36577,0.671012
0.00223413,0.0201538,0.0825994,-1.23838,-2.36843,0.658551
0.00211028,0.0199168,0.0826647,-1.23855,-2.37106,0.646081
0.00198642,0.0196796,0.0827286,-1.23869,-2.37365,0.633603
0.00186254,0.0194421,0.0827914,-1.23882,-2.37619,0.621117
0.00173865,0.0192044,0.0828529,-1.23893,-2.3787,0.608622
0.00161476,0.0189664,0.0829131,-1.23901,-2.38117,0.596118
0.00149085,0.0187281,0.0829721,-1.23908,-2.3836,0.583607
0.00136694,0.0184897,0.0830298,-1.23913,-2.38599,0.571086
0.00124303,0.0182509,0.0830863,-1.23916,-2.38834,0.558558
0.00111911,0.018012,0.0831415,-1.23917,-2.39066,0.546021
0.000995194,0.0177728,0.0831955,-1.23915,-2.39293,0.533475
0.00087128,0.0175334,0.0832482,-1.23912,-2.39517,0.520922
0.00074737,0.0172938,0.0832997,-1.23907,-2.39736,0.50836
0.000623466,0.0170539,0.0833499,-1.239,-2.39952,0.49579
0.00049957,0.0168139,0.0833989,-1.23891,-2.40164,0.483211
0.000375684,0.0165736,0.0834465,-1.2388,-2.40372,0.470625
0.00025181,0.0163331,0.083493,-1.23867,-2.40576,0.45803
0.00012795,0.0160925,0.0835382,-1.23853,-2.40776,0.445426
4.1057e-06,0.0158516,0.0835821,-1.23836,-2.40972,0.432815
-0.000119721,0.0156105,0.0836247,-1.23817,-2.41165,0.420196
-0.000243527,0.0153693,0.0836661,-1.23796,-2.41353,0.407568
-0.000367312,0.0151278,0.0837062,-1.23773,-2.41538,0.394932
-0.000491073,0.0148862,0.0837451,-1.23749,-2.41719,0.382288
-0.000614809,0.0146444,0.0837827,-1.23722,-2.41896,0.369636
-0.000738517,0.0144024,0.083819,-1.23693,-2.42068,0.356976
-0.000862195,0.0141602,0.0838541,-1.23663,-2.42238,0.344308
-0.000985841,0.0139179,0.0838879,-1.2363,-2.42403,0.331631
-0.00110945,0.0136754,0.0839204,-1.23595,-2.42564,0.318947
-0.00123303,0.0134328,0.0839517,-1.23559,-2.42721,0.306255
-0.00135657,0.01319,0.0839817,-1.2352,-2.42875,0.293554
-0.00148007,0.012947,0.0840104,-1.2348,-2.43025,0.280846
-0.00160353,0.0127039,0.0840378,-1.23437,-2.4317,0.268129
-0.00172694,0.0124607,0.084064,-1.23393,-2.43312,0.255405
-0.00185031,0.0122173,0.0840889,-1.23346,-2.4345,0.242673
-0.00197364,0.0119738,0.0841125,-1.23298,-2.43584,0.229932
-0.00209691,0.0117302,0.0841349,-1.23247,-2.43714,0.217184
-0.00222013,0.0114864,0.084156,-1.23195,-2.4384,0.204428
-0.0023433,0.0112425,0.0841758,-1.2314,-2.43963,0.191663
-0.00246641,0.0109985,0.0841943,-1.23084,-2.44081,0.178891
-0.00258946,0.0107543,0.0842116,-1.23025,-2.44196,0.166111
-0.00271246,0.0105101,0.0842275,-1.22965,-2.44306,0.153323
-0.00283539,0.0102657,0.0842422,-1.22902,-2.44413,0.140527
-0.00295826,0.0100212,0.0842556,-1.22838,-2.44516,0.127724
-0.00308107,0.00977667,0.0842678,-1.22772,-2.44615,0.114912
-0.00320381,0.00953201,0.0842786,-1.22703,-2.4471,0.102092
-0.00332647,0.00928726,0.0842882,-1.22633,-2.44801,0.0892651
-0.00344907,0.00904241,0.0842965,-1.2256,-2.44888,0.0764298
-0.00357159,0.00879748,0.0843035,-1.22486,-2.44971,0.0635868
-0.00369404,0.00855247,0.0843092,-1.22409,-2.4505,0.0507359
-0.00381641,0.00830738,0.0843136,-1.22331,-2.45126,0.0378771
-0.0039387,0.00806222,0.0843168,-1.2225,-2.45197,0.0250105
-0.00406091,0.00781699,0.0843186,-1.22168,-2.45265,0.0121361
-0.00418304,0.00757169,0.0843192,-1.22083,-2.45328,-0.000746116
-0.00430508,0.00732633,0.0843185,-1.21996,-2.45388,-0.0136362
-0.00442703,0.00708092,0.0843165,-1.21908,-2.45443,-0.026534
-0.00454889,0.00683545,0.0843132,-1.21817,-2.45495,-0.0394396
-0.00467066,0.00658993,0.0843086,-1.21724,-2.45543,-0.0523531
-0.00479234,0.00634436,0.0843027,-1.2163,-2.45587,-0.0652743
-0.00491392,0.00609876,0.0842955,-1.21533,-2.45627,-0.0782033
-0.0050354,0.00585311,0.0842871,-1.21434,-2.45662,-0.0911401
-0.00515679,0.00560743,0.0842773,-1.21333,-2.45694,-0.104085
-0.00527807,0.00536172,0.0842662,-1.2123,-2.45722,-0.117037
-0.00539925,0.00511599,0.0842539,-1.21125,-2.45746,-0.129997
-0.00552032,0.00487023,0.0842402,-1.21018,-2.45766,-0.142965
-0.00564128,0.00462446,0.0842253,-1.20909,-2.45782,-0.155941
-0.00576214,0.00437867,0.084209,-1.20798,-2.45794,-0.168924
-0.00588288,0.00413287,0.0841915,-1.20685,-2.45802,-0.181915
-0.00600351,0.00388707,0.0841727,-1.20569,-2.45806,-0.194914
-0.00612402,0.00364126,0.0841525,-1.20452,-2.45806,-0.207921
-0.00624441,0.00339545,0.0841311,-1.20333,-2.45802,-0.220935
-0.00636468,0.00314966,0.0841083,-1.20211,-2.45794,-0.233958
-0.00648483,0.00290387,0.0840843,-1.20087,-2.45782,-0.246987
-0.00660486,0.00265809,0.0840589,-1.19962,-2.45766,-0.260025
-0.00672475,0.00241234,0.0840323,-1.19834,-2.45746,-0.273071
-0.00684452,0.0021666,0.0840043,-1.19704,-2.45722,-0.286124
-0.00696416,0.00192089,0.0839751,-1.19572,-2.45694,-0.299185
-0.00708367,0.00167521,0.0839445,-1.19438,-2.45662,-0.312253
-0.00720304,0.00142957,0.0839126,-1.19302,-2.45626,-0.32533
-0.00732227,0.00118396,0.0838794,-1.19163,-2.45585,-0.338414
-0.00744136,0.000938401,0.0838449,-1.19023,-2.45541,-0.351506
-0.00756031,0.000692884,0.0838091,-1.1888,-2.45492,-0.364605
-0.00767912,0.000447418,0.083772,-1.18736,-2.4544,-0.377713
-0.00779778,0.000202006,0.0837336,-1.18589,-2.45383,-0.390828
-0.0079163,-4.33477e-05,0.0836938,-1.1844,-2.45323,-0.403951
-0.00803466,-0.000288638,0.0836528,-1.18289,-2.45258,-0.417081
-0.00815287,-0.000533862,0.0836104,-1.18135,-2.45189,-0.43022
-0.00827093,-0.000779015,0.0835667,-1.1798,-2.45116,-0.443366
-0.00838883,-0.00102409,0.0835217,-1.17822,-2.45039,-0.45652
-0.00850658,-0.00126909,0.0834754,-1.17663,-2.44957,-0.469681
-0.00862416,-0.00151401,0.0834278,-1.17501,-2.44872,-0.482851
-0.00874158,-0.00175883,0.0833789,-1.17337,-2.44782,-0.496028
-0.00885883,-0.00200357,0.0833286,-1.17171,-2.44689,-0.509213
-0.00897592,-0.00224821,0.083277,-1.17002,-2.44591,-0.522405
-0.00909283,-0.00249275,0.0832241,-1.16832,-2.44489,-0.535605
-0.00920958,-0.00273719,0.0831699,-1.16659,-2.44383,-0.548814
-0.00932615,-0.00298151,0.0831144,-1.16484,-2.44272,-0.562029
-0.00944255,-0.00322573,0.0830575,-1.16307,-2.44158,-0.575253
-0.00955876,-0.00346983,0.0829993,-1.16127,-2.44039,-0.588484
-0.0096748,-0.0037138,0.0829398,-1.15946,-2.43916,-0.601723
-0.00979065,-0.00395766,0.082879,-1.15762,-2.43788,-0.61497
-0.00990632,-0.00420138,0.0828168,-1.15576,-2.43657,-0.628225
-0.0100218,-0.00444497,0.0827533,-1.15388,-2.43521,-0.641487
-0.0101371,-0.00468842,0.0826885,-1.15197,-2.43381,-0.654758
-0.0102522,-0.00493173,0.0826224,-1.15004,-2.43237,-0.668035
-0.0103671,-0.00517489,0.0825549,-1.14809,-2.43089,-0.681321
-0.0104818,-0.00541791,0.0824861,-1.14612,-2.42936,-0.694615
-0.0105963,-0.00566076,0.082416,-1.14413,-2.42779,-0.707916
-0.0107106,-0.00590346,0.0823445,-1.14211,-2.42617,-0.721225
-0.0108247,-0.006146,0.0822717,-1.14007,-2.42452,-0.734542
-0.0109387,-0.00638836,0.0821976,-1.138,-2.42282,-0.747866
-0.0110524,-0.00663056,0.0821222,-1.13592,-2.42107,-0.761199
-0.0111658,-0.00687258,0.0820454,-1.13381,-2.41929,-0.774539
-0.0112791,-0.00711442,0.0819672,-1.13168,-2.41746,-0.787887
-0.0113922,-0.00735607,0.0818878,-1.12952,-2.41558,-0.801243
-0.011505,-0.00759753,0.081807,-1.12734,-2.41367,-0.814606
-0.0116176,-0.0078388,0.0817249,-1.12514,-2.41171,-0.827977
-0.01173,-0.00807987,0.0816414,-1.12292,-2.4097,-0.841356
-0.0118422,-0.00832074,0.0815566,-1.12067,-2.40765,-0.854743
-0.0119542,-0.0085614,0.0814705,-1.1184,-2.40556,-0.868138
-0.0120659,-0.00880185,0.081383,-1.1161,-2.40342,-0.88154
-0.0121774,-0.00904208,0.0812941,-1.11379,-2.40124,-0.894951
-0.0122887,-0.00928209,0.081204,-1.11144,-2.39901,-0.908369
-0.0123997,-0.00952188,0.0811125,-1.10908,-2.39674,-0.921795
-0.0125105,-0.00976144,0.0810196,-1.10669,-2.39442,-0.935228
-0.012621,-0.0100008,0.0809254,-1.10427,-2.39206,-0.94867
-0.0127313,-0.0102398,0.0808299,-1.10184,-2.38965,-0.962119
-0.0128414,-0.0104787,0.080733,-1.09938,-2.3872,-0.975576
-0.0129512,-0.0107173,0.0806348,-1.09689,-2.3847,-0.989041
-0.0130608,-0.0109556,0.0805352,-1.09438,-2.38216,-1.00251
-0.0131701,-0.0111937,0.0804343,-1.09185,-2.37957,-1.01599
-0.0132791,-0.0114315,0.080332,-1.08929,-2.37693,-1.02948
-0.0133879,-0.0116691,0.0802284,-1.0867,-2.37425,-1.04298
-0.0134965,-0.0119064,0.0801234,-1.0841,-2.37152,-1.05648
-0.0136048,-0.0121434,0.0800171,-1.08147,-2.36875,-1.06999
-0.0137128,-0.0123801,0.0799094,-1.07881,-2.36593,-1.08351
-0.0138205,-0.0126166,0.0798004,-1.07613,-2.36306,-1.09704
-0.013928,-0.0128528,0.07969,-1.07342,-2.36015,-1.11058
-0.0140352,-0.0130886,0.0795783,-1.07069,-2.35719,-1.12412
-0.0141421,-0.0133242,0.0794652,-1.06793,-2.35418,-1.13767
-0.0142488,-0.0135595,0.0793507,-1.06515,-2.35113,-1.15123
-0.0143552,-0.0137944,0.0792349,-1.06234,-2.34803,-1.1648
-0.0144612,-0.0140291,0.0791178,-1.05951,-2.34488,-1.17837
-0.0145671,-0.0142634,0.0789992,-1.05665,-2.34168,-1.19195
-0.0146726,-0.0144974,0.0788794,-1.05377,-2.33844,-1.20554
-0.0147778,-0.0147311,0.0787581,-1.05086,-2.33514,-1.21914
-0.0148828,-0.0149644,0.0786355,-1.04793,-2.3318,-1.23274
-0.0149874,-0.0151974,0.0785116,-1.04497,-2.32841,-1.24636
-0.0150917,-0.0154301,0.0783863,-1.04198,-2.32497,-1.25998
-0.0151958,-0.0156624,0.0782596,-1.03897,-2.32149,-1.27361
-0.0152995,-0.0158944,0.0781316,-1.03593,-2.31795,-1.28724
-0.015403,-0.016126,0.0780021,-1.03286,-2.31436,-1.30089
-0.0155061,-0.0163573,0.0778714,-1.02977,-2.31073,-1.31454
-0.0156089,-0.0165882,0.0777392,-1.02665,-2.30705,-1.3282
-0.0157114,-0.0168187,0.0776057,-1.02351,-2.30331,-1.34186
-0.0158136,-0.0170488,0.0774709,-1.02034,-2.29953,-1.35554
-0.0159155,-0.0172786,0.0773346,-1.01714,-2.29569,-1.36922
-0.0160171,-0.017508,0.077197,-1.01392,-2.29181,-1.38291
-0.0161183,-0.0177369,0.077058,-1.01066,-2.28787,-1.39661
-0.0162192,-0.0179655,0.0769177,-1.00738,-2.28389,-1.41032
-0.0163198,-0.0181937,0.076776,-1.00408,-2.27985,-1.42403
-0.01642,-0.0184215,0.0766329,-1.00074,-2.27576,-1.43775
-0.0165199,-0.0186489,0.0764884,-0.997383,-2.27162,-1.45148
-0.0166195,-0.0188758,0.0763426,-0.993994,-2.26743,-1.46522
-0.0167187,-0.0191023,0.0761954,-0.990577,-2.26319,-1.47896
-0.0168176,-0.0193285,0.0760468,-0.987132,-2.25889,-1.49271
-0.0169161,-0.0195541,0.0758968,-0.98366,-2.25455,-1.50647
-0.0170143,-0.0197794,0.0757455,-0.980159,-2.25015,-1.52024
-0.0171122,-0.0200042,0.0755928,-0.97663,-2.24569,-1.53401
-0.0172097,-0.0202285,0.0754387,-0.973073,-2.24119,-1.5478
-0.0173068,-0.0204524,0.0752832,-0.969487,-2.23663,-1.56159
-0.0174035,-0.0206758,0.0751264,-0.965872,-2.23202,-1.57538
-0.0175,-0.0208988,0.0749682,-0.962228,-2.22735,-1.58919
-0.017596,-0.0211213,0.0748085,-0.958556,-2.22263,-1.603
-0.0176917,-0.0213433,0.0746476,-0.954855,-2.21786,-1.61682
-0.017787,-0.0215649,0.0744852,-0.951124,-2.21303,-1.63065
-0.0178819,-0.0217859,0.0743214,-0.947364,-2.20814,-1.64448
-0.0179764,-0.0220065,0.0741563,-0.943575,-2.2032,-1.65832
-0.0180706,-0.0222266,0.0739898,-0.939756,-2.19821,-1.67217
-0.0181644,-0.0224461,0.0738219,-0.935907,-2.19316,-1.68603
-0.0182578,-0.0226652,0.0736526,-0.932028,-2.18806,-1.69989
-0.0183508,-0.0228837,0.0734819,-0.928119,-2.1829,-1.71376
-0.0184434,-0.0231018,0.0733098,-0.92418,-2.17768,-1.72764
-0.0185356,-0.0233193,0.0731363,-0.920211,-2.1724,-1.74153
-0.0186274,-0.0235362,0.0729615,-0.916211,-2.16707,-1.75542
-0.0187189,-0.0237527,0.0727853,-0.91218,-2.16168,-1.76932
-0.0188099,-0.0239686,0.0726076,-0.908119,-2.15624,-1.78323
-0.0189005,-0.0241839,0.0724286,-0.904026,-2.15074,-1.79714
-0.0189907,-0.0243987,0.0722482,-0.899903,-2.14517,-1.81107
-0.0190805,-0.024613,0.0720664,-0.895748,-2.13955,-1.825
-0.0191698,-0.0248266,0.0718832,-0.891561,-2.13388,-1.83893
-0.0192588,-0.0250397,0.0716986,-0.887343,-2.12814,-1.85287
-0.0193473,-0.0252523,0.0715126,-0.883094,-2.12234,-1.86682
-0.0194354,-0.0254642,0.0713253,-0.878812,-2.11648,-1.88078
-0.0195231,-0.0256756,0.0711365,-0.874498,-2.11057,-1.89474
-0.0196103,-0.0258863,0.0709463,-0.870152,-2.10459,-1.90871
-0.0196971,-0.0260965,0.0707547,-0.865773,-2.09855,-1.92269
-0.0197834,-0.026306,0.0705618,-0.861362,-2.09246,-1.93668
-0.0198694,-0.026515,0.0703674,-0.856917,-2.0863,-1.95067
-0.0199548,-0.0267233,0.0701716,-0.85244,-2.08008,-1.96466
-0.0200398,-0.026931,0.0699745,-0.84793,-2.07379,-1.97867
-0.0201244,-0.027138,0.0697759,-0.843386,-2.06745,-1.99268
-0.0202085,-0.0273445,0.0695759,-0.838809,-2.06104,-2.0067
-0.0202922,-0.0275502,0.0693746,-0.834197,-2.05457,-2.02072
-0.0203754,-0.0277554,0.0691718,-0.829552,-2.04803,-2.03475
-0.0204581,-0.0279598,0.0689676,-0.824873,-2.04144,-2.04879
-0.0205403,-0.0281637,0.068762,-0.82016,-2.03477,-2.06283
-0.0206221,-0.0283668,0.068555,-0.815411,-2.02805,-2.07688
-0.0207034,-0.0285693,0.0683466,-0.810629,-2.02126,-2.09093
-0.0207842,-0.028771,0.0681369,-0.805811,-2.0144,-2.105
-0.0208646,-0.0289721,0.0679256,-0.800958,-2.00748,-2.11906
-0.0209444,-0.0291725,0.067713,-0.79607,-2.00049,-2.13314
-0.0210238,-0.0293722,0.067499,-0.791146,-1.99343,-2.14722
-0.0211027,-0.0295712,0.0672836,-0.786186,-1.98631,-2.1613
-0.021181,-0.0297695,0.0670668,-0.781191,-1.97912,-2.17539
-0.0212589,-0.029967,0.0668485,-0.776159,-1.97187,-2.18949
-0.0213363,-0.0301639,0.0666289,-0.771091,-1.96454,-2.20359
-0.0214131,-0.03036,0.0664078,-0.765986,-1.95715,-2.2177
-0.0214895,-0.0305553,0.0661853,-0.760845,-1.94969,-2.23181
-0.0215653,-0.0307499,0.0659614,-0.755666,-1.94216,-2.24593
-0.0216406,-0.0309437,0.0657361,-0.75045,-1.93456,-2.26005
-0.0217154,-0.0311368,0.0655094,-0.745197,-1.92689,-2.27418
-0.0217896,-0.0313291,0.0652813,-0.739906,-1.91915,-2.28832
-0.0218633,-0.0315206,0.0650518,-0.734577,-1.91133,-2.30245
-0.0219365,-0.0317114,0.0648208,-0.729209,-1.90345,-2.3166
-0.0220092,-0.0319013,0.0645884,-0.723803,-1.89549,-2.33075
-0.0220813,-0.0320905,0.0643547,-0.718359,-1.88746,-2.3449
-0.0221529,-0.0322788,0.0641195,-0.712875,-1.87936,-2.35906
-0.0222239,-0.0324663,0.0638828,-0.707353,-1.87118,-2.37322
-0.0222943,-0.032653,0.0636448,-0.70179,-1.86294,-2.38739
-0.0223642,-0.0328389,0.0634054,-0.696189,-1.85461,-2.40156
-0.0224336,-0.033024,0.0631645,-0.690547,-1.84621,-2.41573
-0.0225023,-0.0332082,0.0629222,-0.684865,-1.83774,-2.42991
-0.0225705,-0.0333915,0.0626785,-0.679142,-1.82919,-2.4441
-0.0226382,-0.033574,0.0624334,-0.673379,-1.82056,-2.45828
-0.0227052,-0.0337556,0.0621869,-0.667575,-1.81186,-2.47247
-0.0227717,-0.0339364,0.0619389,-0.66173,-1.80307,-2.48667
-0.0228376,-0.0341162,0.0616895,-0.655843,-1.79421,-2.50086
-0.0229028,-0.0342952,0.0614387,-0.649914,-1.78528,-2.51506
-0.0229675,-0.0344733,0.0611865,-0.643943,-1.77626,-2.52927
-0.0230316,-0.0346504,0.0609329,-0.63793,-1.76716,-2.54347
-0.0230951,-0.0348267,0.0606778,-0.631874,-1.75798,-2.55768
-0.023158,-0.035002,0.0604213,-0.625775,-1.74872,-2.57189
-0.0232203,-0.0351764,0.0601634,-0.619632,-1.73938,-2.58611
-0.0232819,-0.0353499,0.0599041,-0.613447,-1.72996,-2.60032
-0.023343,-0.0355224,0.0596434,-0.607217,-1.72046,-2.61454
-0.0234034,-0.035694,0.0593812,-0.600943,-1.71087,-2.62876
-0.0234631,-0.0358646,0.0591176,-0.594625,-1.7012,-2.64298
-0.0235223,-0.0360342,0.0588526,-0.588262,-1.69144,-2.65721
-0.0235808,-0.0362029,0.0585862,-0.581854,-1.6816,-2.67143
-0.0236387,-0.0363706,0.0583183,-0.575401,-1.67167,-2.68566
-0.0236959,-0.0365372,0.0580491,-0.568902,-1.66165,-2.69989
-0.0237524,-0.0367029,0.0577784,-0.562356,-1.65155,-2.71411
-0.0238083,-0.0368675,0.0575062,-0.555765,-1.64136,-2.72834
-0.0238636,-0.0370312,0.0572327,-0.549127,-1.63108,-2.74257
-0.0239182,-0.0371937,0.0569577,-0.542441,-1.62072,-2.7568
-0.0239721,-0.0373553,0.0566813,-0.535709,-1.61026,-2.77103
-0.0240253,-0.0375158,0.0564035,-0.528928,-1.59971,-2.78525
-0.0240779,-0.0376752,0.0561243,-0.5221,-1.58907,-2.79948
-0.0241297,-0.0378336,0.0558436,-0.515223,-1.57834,-2.81371
-0.0241809,-0.0379909,0.0555615,-0.508298,-1.56752,-2.82793
-0.0242314,-0.0381471,0.055278,-0.501323,-1.5566,-2.84216
-0.0242812,-0.0383022,0.0549931,-0.494299,-1.54559,-2.85638
-0.0243302,-0.0384562,0.0547068,-0.487225,-1.53449,-2.8706
-0.0243786,-0.0386091,0.054419,-0.480101,-1.52329,-2.88482
-0.0244263,-0.0387609,0.0541298,-0.472926,-1.51199,-2.89904
-0.0244732,-0.0389115,0.0538392,-0.4657,-1.50059,-2.91325
-0.0245194,-0.039061,0.0535471,-0.458423,-1.4891,-2.92746
-0.0245649,-0.0392093,0.0532537,-0.451094,-1.47751,-2.94167
-0.0246096,-0.0393565,0.0529588,-0.443713,-1.46582,-2.95587
-0.0246536,-0.0395025,0.0526625,-0.43628,-1.45402,-2.97007
-0.0246969,-0.0396473,0.0523648,-0.428793,-1.44213,-2.98426
-0.0247394,-0.0397909,0.0520657,-0.421254,-1.43014,-2.99845
-0.0247811,-0.0399333,0.0517651,-0.41366,-1.41804,-3.01264
-0.0248221,-0.0400745,0.0514631,-0.406013,-1.40584,-3.02682
-0.0248623,-0.0402145,0.0511597,-0.39831,-1.39353,-3.04099
-0.0249018,-0.0403532,0.0508549,-0.390553,-1.38112,-3.05516
-0.0249404,-0.0404907,0.0505487,-0.382741,-1.3686,-3.06932
-0.0249783,-0.0406269,0.0502411,-0.374872,-1.35597,-3.08348
-0.0250154,-0.0407619,0.049932,-0.366947,-1.34324,-3.09762
-0.0250517,-0.0408956,0.0496215,-0.358966,-1.33039,-3.11176
-0.0250872,-0.041028,0.0493097,-0.350927,-1.31744,-3.12589
-0.0251219,-0.0411591,0.0489964,-0.342831,-1.30437,-3.14002
-0.0251558,-0.0412888,0.0486817,-0.334676,-1.2912,-3.15413
-0.0251888,-0.0414173,0.0483655,-0.326463,-1.27791,-3.16823
-0.0252211,-0.0415444,0.048048,-0.318191,-1.2645,-3.18233
-0.0252525,-0.0416702,0.0477291,-0.30986,-1.25098,-3.19641
-0.025283,-0.0417946,0.0474087,-0.301468,-1.23735,-3.21048
-0.0253127,-0.0419177,0.047087,-0.293016,-1.22359,-3.22454
-0.0253416,-0.0420393,0.0467638,-0.284503,-1.20972,-3.23859
-0.0253696,-0.0421596,0.0464393,-0.275928,-1.19573,-3.25263
-0.0253968,-0.0422785,0.0461133,-0.267292,-1.18162,-3.26665
-0.0254231,-0.0423959,0.0457859,-0.258593,-1.16739,-3.28066
-0.0254485,-0.0425119,0.0454572,-0.249831,-1.15303,-3.29466
-0.0254731,-0.0426265,0.045127,-0.241005,-1.13855,-3.30864
-0.0254967,-0.0427396,0.0447954,-0.232116,-1.12395,-3.32261
-0.0255195,-0.0428513,0.0444625,-0.223161,-1.10922,-3.33656
-0.0255414,-0.0429615,0.0441281,-0.214142,-1.09436,-3.35049
-0.0255623,-0.0430702,0.0437924,-0.205057,-1.07937,-3.36441
-0.0255824,-0.0431773,0.0434552,-0.195906,-1.06426,-3.37831
-0.0256015,-0.043283,0.0431167,-0.186688,-1.04901,-3.39218
-0.0256197,-0.0433871,0.0427768,-0.177403,-1.03363,-3.40605
-0.025637,-0.0434897,0.0424355,-0.16805,-1.01812,-3.41989
-0.0256533,-0.0435908,0.0420928,-0.158628,-1.00248,-3.4337
-0.0256687,-0.0436902,0.0417488,-0.149137,-0.986694,-3.4475
-0.0256831,-0.0437881,0.0414033,-0.139577,-0.970775,-3.46128
-0.0256966,-0.0438844,0.0410565,-0.129946,-0.954718,-3.47503
-0.0257091,-0.043979,0.0407083,-0.120245,-0.93852,-3.48876
-0.0257207,-0.0440721,0.0403588,-0.110472,-0.922182,-3.50246
-0.0257312,-0.0441635,0.0400078,-0.100627,-0.905701,-3.51614
-0.0257408,-0.0442532,0.0396555,-0.0907088,-0.889075,-3.52979
-0.0257493,-0.0443413,0.0393019,-0.0807177,-0.872305,-3.54342
-0.0257569,-0.0444277,0.0389469,-0.0706526,-0.855388,-3.55702
-0.0257635,-0.0445124,0.0385905,-0.060513,-0.838322,-3.57058
-0.025769,-0.0445953,0.0382327,-0.050298,-0.821107,-3.58412
-0.0257735,-0.0446766,0.0378737,-0.0400072,-0.803741,-3.59763
-0.025777,-0.0447561,0.0375132,-0.0296397,-0.786222,-3.6111
-0.0257795,-0.0448338,0.0371514,-0.019195,-0.768549,-3.62454
-0.0257809,-0.0449098,0.0367883,-0.00867234,-0.75072,-3.63795
-0.0257812,-0.044984,0.0364238,0.00192895,-0.732734,-3.65132
-0.0257805,-0.0450563,0.036058,0.0126096,-0.714588,-3.66465
-0.0257787,-0.0451269,0.0356909,0.0233702,-0.696283,-3.67795
-0.0257758,-0.0451956,0.0353225,0.0342116,-0.677815,-3.69121
-0.0257718,-0.0452624,0.0349527,0.0451344,-0.659183,-3.70442
-0.0257668,-0.0453274,0.0345816,0.0561394,-0.640386,-3.7176
-0.0257606,-0.0453905,0.0342092,0.0672273,-0.621422,-3.73073
-0.0257533,-0.0454517,0.0338354,0.0783989,-0.602289,-3.74383
-0.0257449,-0.0455109,0.0334604,0.0896549,-0.582985,-3.75687
-0.0257354,-0.0455683,0.0330841,0.100996,-0.563508,-3.76987
-0.0257247,-0.0456236,0.0327064,0.112423,-0.543858,-3.78282
-0.0257129,-0.045677,0.0323275,0.123937,-0.524031,-3.79572
-0.0256999,-0.0457284,0.0319473,0.135538,-0.504027,-3.80857
-0.0256858,-0.0457778,0.0315658,0.147227,-0.483843,-3.82137
-0.0256705,-0.0458252,0.031183,0.159006,-0.463477,-3.83411
-0.025654,-0.0458705,0.030799,0.170874,-0.442928,-3.8468
-0.0256363,-0.0459138,0.0304136,0.182833,-0.422194,-3.85943
-0.0256174,-0.045955,0.0300271,0.194884,-0.401272,-3.872
-0.0255973,-0.045994,0.0296393,0.207027,-0.38016,-3.88451
-0.025576,-0.046031,0.0292502,0.219262,-0.358858,-3.89696
-0.0255535,-0.0460658,0.0288599,0.231592,-0.337362,-3.90935
-0.0255297,-0.0460984,0.0284683,0.244017,-0.31567,-3.92166
-0.0255046,-0.0461289,0.0280755,0.256537,-0.293781,-3.93391
-0.0254784,-0.0461572,0.0276815,0.269154,-0.271692,-3.94609
-0.0254508,-0.0461833,0.0272863,0.281869,-0.249401,-3.9582
-0.025422,-0.0462071,0.0268899,0.294681,-0.226906,-3.97024
-0.0253919,-0.0462286,0.0264923,0.307593,-0.204205,-3.98219
-0.0253605,-0.0462479,0.0260935,0.320605,-0.181295,-3.99407
-0.0253277,-0.0462649,0.0256935,0.333718,-0.158175,-4.00587
-0.0252937,-0.0462795,0.0252923,0.346933,-0.134842,-4.01759
-0.0252584,-0.0462918,0.0248899,0.36025,-0.111293,-4.02922
-0.0252217,-0.0463018,0.0244864,0.373671,-0.0875273,-4.04076
-0.0251836,-0.0463093,0.0240818,0.387197,-0.0635412,-4.05221
-0.0251442,-0.0463145,0.023676,0.400829,-0.0393328,-4.06357
-0.0251035,-0.0463172,0.0232691,0.414567,-0.0148995,-4.07483
-0.0250613,-0.0463175,0.022861,0.428412,0.00976109,-4.086
-0.0250178,-0.0463152,0.0224519,0.442366,0.0346514,-4.09706
-0.0249728,-0.0463105,0.0220416,0.456429,0.0597739,-4.10802
-0.0249265,-0.0463033,0.0216303,0.470603,0.0851313,-4.11888
-0.0248787,-0.0462935,0.0212179,0.484888,0.110726,-4.12962
-0.0248295,-0.0462811,0.0208044,0.499285,0.136561,-4.14025
-0.0247788,-0.0462662,0.0203898,0.513795,0.162638,-4.15077
-0.0247267,-0.0462486,0.0199742,0.52842,0.18896,-4.16116
-0.0246732,-0.0462284,0.0195576,0.54316,0.215531,-4.17144
-0.0246181,-0.0462055,0.0191399,0.558016,0.242352,-4.18158
-0.0245615,-0.0461799,0.0187213,0.57299,0.269426,-4.1916
-0.0245035,-0.0461516,0.0183016,0.588081,0.296757,-4.20149
-0.0244439,-0.0461205,0.017881,0.603292,0.324346,-4.21123
-0.0243828,-0.0460867,0.0174594,0.618623,0.352197,-4.22084
-0.0243202,-0.0460501,0.0170368,0.634076,0.380313,-4.23031
-0.024256,-0.0460106,0.0166133,0.64965,0.408697,-4.23962
-0.0241903,-0.0459683,0.0161889,0.665348,0.43735,-4.24878
-0.0241229,-0.0459232,0.0157636,0.68117,0.466277,-4.25779
-0.024054,-0.0458751,0.0153373,0.697117,0.495481,-4.26663
-0.0239835,-0.045824,0.0149103,0.713191,0.524963,-4.27531
-0.0239114,-0.0457701,0.0144823,0.729392,0.554728,-4.28382
-0.0238376,-0.0457131,0.0140535,0.745721,0.584778,-4.29215
-0.0237622,-0.0456531,0.0136239,0.762179,0.615117,-4.3003
-0.0236852,-0.0455901,0.0131934,0.778768,0.645747,-4.30827
-0.0236065,-0.0455239,0.0127622,0.795487,0.676671,-4.31605
-0.0235261,-0.0454547,0.0123302,0.812339,0.707893,-4.32363
-0.023444,-0.0453823,0.0118975,0.829325,0.739416,-4.33101
-0.0233602,-0.0453068,0.011464,0.846444,0.771243,-4.33819
-0.0232747,-0.0452281,0.0110299,0.863698,0.803377,-4.34515
-0.0231875,-0.0451461,0.010595,0.881089,0.835821,-4.3519
-0.0230985,-0.0450609,0.0101595,0.898616,0.868579,-4.35842
-0.0230077,-0.0449724,0.00972334,0.916281,0.901654,-4.36471
-0.0229152,-0.0448806,0.00928657,0.934085,0.935048,-4.37077
-0.0228209,-0.0447854,0.0088492,0.952029,0.968766,-4.37658
-0.0227248,-0.0446868,0.00841126,0.970113,1.00281,-4.38214
-0.0226269,-0.0445848,0.00797278,0.988338,1.03718,-4.38745
-0.0225271,-0.0444794,0.00753378,1.00671,1.07189,-4.39249
-0.0224256,-0.0443704,0.00709429,1.02522,1.10693,-4.39726
-0.0223221,-0.044258,0.00665434,1.04387,1.14232,-4.40175
-0.0222168,-0.0441419,0.00621395,1.06267,1.17804,-4.40596
-0.0221096,-0.0440223,0.00577315,1.08161,1.21411,-4.40987
-0.0220004,-0.0438991,0.00533198,1.1007,1.25053,-4.41349
-0.0218894,-0.0437722,0.00489047,1.11994,1.2873,-4.41679
-0.0217765,-0.0436416,0.00444864,1.13932,1.32443,-4.41977
-0.0216615,-0.0435073,0.00400652,1.15885,1.36192,-4.42242
-0.0215447,-0.0433692,0.00356416,1.17853,1.39976,-4.42474
-0.0214258,-0.0432274,0.00312159,1.19836,1.43798,-4.42671
-0.021305,-0.0430816,0.00267883,1.21833,1.47656,-4.42832
-0.021305,-0.0430816,0.00267883,1.21833,1.47656,-4.42832
-0.0211822,-0.0429321,0.00223593,1.2382,1.51517,-4.42975
-0.0210574,-0.0427786,0.00179289,1.25822,1.55416,-4.43081
-0.0209305,-0.0426212,0.00134978,1.27838,1.59353,-4.43148
-0.0208017,-0.0424599,0.000906612,1.2987,1.63328,-4.43175
-0.0206708,-0.0422945,0.000463441,1.31917,1.67341,-4.43161
-0.0205378,-0.0421252,2.03036e-05,1.33978,1.71392,-4.43106
-0.0204028,-0.0419517,-0.000422757,1.36055,1.75482,-4.43007
-0.0202657,-0.0417742,-0.000865696,1.38147,1.79611,-4.42865
-0.0201265,-0.0415925,-0.00130847,1.40253,1.8378,-4.42677
-0.0199852,-0.0414066,-0.00175103,1.42375,1.87987,-4.42442
-0.0198418,-0.0412165,-0.00219334,1.44511,1.92235,-4.42159
-0.0196962,-0.0410221,-0.00263534,1.46663,1.96522,-4.41827
-0.0195484,-0.0408235,-0.00307698,1.48829,2.00849,-4.41444
-0.0193985,-0.0406204,-0.00351821,1.51009,2.05217,-4.4101
-0.0192464,-0.040413,-0.00395898,1.53205,2.09624,-4.40522
-0.0190921,-0.0402012,-0.00439923,1.55414,2.14073,-4.39979
-0.0189356,-0.0399849,-0.00483892,1.57639,2.18561,-4.3938
-0.0187768,-0.039764,-0.00527797,1.59877,2.23091,-4.38723
-0.0186158,-0.0395387,-0.00571634,1.62129,2.27661,-4.38007
-0.0184526,-0.0393087,-0.00615397,1.64396,2.32272,-4.3723
-0.018287,-0.0390741,-0.00659078,1.66676,2.36924,-4.3639
-0.0181192,-0.0388348,-0.00702673,1.6897,2.41617,-4.35486
-0.0179491,-0.0385909,-0.00746173,1.71277,2.46351,-4.34516
-0.0177766,-0.0383421,-0.00789574,1.73597,2.51125,-4.33478
-0.0176019,-0.0380886,-0.00832867,1.7593,2.5594,-4.32371
-0.0174248,-0.0378302,-0.00876045,1.78276,2.60796,-4.31192
-0.0172453,-0.037567,-0.00919103,1.80634,2.65692,-4.2994
-0.0170635,-0.0372988,-0.00962031,1.83004,2.70628,-4.28613
-0.0168793,-0.0370257,-0.0100482,1.85385,2.75605,-4.27208
-0.0166927,-0.0367476,-0.0104747,1.87778,2.80621,-4.25725
-0.0165038,-0.0364645,-0.0108996,1.90182,2.85676,-4.24161
-0.0163124,-0.0361762,-0.011323,1.92595,2.90771,-4.22513
-0.0161186,-0.0358829,-0.0117446,1.95019,2.95904,-4.2078
-0.0159223,-0.0355844,-0.0121645,1.97453,3.01075,-4.18959
-0.0157237,-0.0352807,-0.0125825,1.99895,3.06284,-4.17049
-0.0155225,-0.0349718,-0.0129986,2.02345,3.1153,-4.15047
-0.015319,-0.0346577,-0.0134126,2.04803,3.16813,-4.12951
-0.0151129,-0.0343382,-0.0138245,2.07269,3.22131,-4.10758
-0.0149044,-0.0340134,-0.0142341,2.0974,3.27484,-4.08467
-0.0146934,-0.0336832,-0.0146414,2.12218,3.32871,-4.06074
-0.01448,-0.0333476,-0.0150462,2.147,3.38291,-4.03578
-0.014264,-0.0330066,-0.0154485,2.17187,3.43744,-4.00975
-0.0140456,-0.0326602,-0.0158481,2.19676,3.49228,-3.98264
-0.0138247,-0.0323082,-0.016245,2.22169,3.54741,-3.95442
-0.0136013,-0.0319507,-0.016639,2.24662,3.60284,-3.92506
-0.0133754,-0.0315876,-0.0170299,2.27157,3.65854,-3.89454
-0.013147,-0.0312189,-0.0174178,2.2965,3.71449,-3.86284
-0.0129161,-0.0308447,-0.0178025,2.32143,3.7707,-3.82992
-0.0126827,-0.0304648,-0.0181838,2.34632,3.82712,-3.79576
-0.0124468,-0.0300793,-0.0185616,2.37117,3.88376,-3.76034
-0.0122084,-0.029688,-0.0189358,2.39597,3.94059,-3.72363
-0.0119676,-0.0292911,-0.0193063,2.42071,3.9976,-3.6856
-0.0117243,-0.0288885,-0.0196729,2.44536,4.05475,-3.64622
-0.0114785,-0.0284802,-0.0200355,2.46992,4.11203,-3.60547
-0.0112303,-0.0280661,-0.0203939,2.49438,4.16942,-3.56333
-0.0109797,-0.0276463,-0.0207481,2.5187,4.22689,-3.51977
-0.0107266,-0.0272207,-0.0210978,2.54289,4.28441,-3.47476
-0.0104711,-0.0267894,-0.021443,2.56692,4.34196,-3.42828
-0.0102132,-0.0263523,-0.0217834,2.59077,4.3995,-3.3803
-0.00995294,-0.0259095,-0.022119,2.61443,4.45701,-3.3308
-0.00969033,-0.0254609,-0.0224495,2.63787,4.51445,-3.27976
-0.00942538,-0.0250066,-0.0227749,2.66108,4.5718,-3.22715
-0.00915812,-0.0245466,-0.0230949,2.68404,4.62901,-3.17295
-0.00888858,-0.0240808,-0.0234094,2.70672,4.68605,-3.11714
-0.00861678,-0.0236094,-0.0237183,2.72911,4.74288,-3.0597
-0.00834277,-0.0231323,-0.0240213,2.75117,4.79946,-3.00061
-0.00806656,-0.0226495,-0.0243183,2.77289,4.85575,-2.93985
-0.0077882,-0.0221611,-0.0246092,2.79424,4.91171,-2.8774
-0.00750773,-0.0216672,-0.0248938,2.8152,4.96729,-2.81326
-0.00722517,-0.0211677,-0.0251718,2.83575,5.02244,-2.74741
-0.00694059,-0.0206627,-0.0254432,2.85585,5.07711,-2.67983
-0.00665402,-0.0201523,-0.0257077,2.87548,5.13126,-2.61051
-0.00636551,-0.0196365,-0.0259652,2.89462,5.18484,-2.53945
-0.00607511,-0.0191153,-0.0262156,2.91323,5.23779,-2.46665
-0.00578288,-0.0185889,-0.0264585,2.93129,5.29006,-2.39209
-0.00548888,-0.0180573,-0.0266939,2.94877,5.34159,-2.31577
-0.00519315,-0.0175206,-0.0269216,2.96563,5.39232,-2.23771
-0.00489577,-0.0169789,-0.0271414,2.98186,5.4422,-2.15789
-0.0045968,-0.0164322,-0.0273531,2.99743,5.49117,-2.07634
-0.00429631,-0.0158807,-0.0275566,3.01229,5.53916,-1.99305
-0.00399437,-0.0153244,-0.0277517,3.02643,5.58612,-1.90804
-0.00369105,-0.0147635,-0.0279382,3.03981,5.63198,-1.82133
-0.00338643,-0.0141981,-0.0281159,3.0524,5.67668,-1.73294
-0.0030806,-0.0136282,-0.0282847,3.06417,5.72016,-1.64289
-0.00277363,-0.0130541,-0.0284444,3.0751,5.76235,-1.5512
-0.00246561,-0.0124758,-0.0285949,3.08515,5.80318,-1.4579
-0.00215662,-0.0118935,-0.0287359,3.0943,5.8426,-1.36304
-0.00184678,-0.0113073,-0.0288674,3.10252,5.88053,-1.26664
-0.00153615,-0.0107174,-0.0289892,3.10978,5.91692,-1.16876
-0.00122485,-0.010124,-0.0291011,3.11605,5.9517,-1.06942
-0.000912976,-0.00952715,-0.0292031,3.12131,5.98481,-0.968694
-0.000600625,-0.00892708,-0.0292948,3.12553,6.01618,-0.866622
-0.000287905,-0.00832397,-0.0293763,3.12869,6.04576,-0.763265
2.50768e-05,-0.00771799,-0.0294475,3.13077,6.07349,-0.658684
0.000338211,-0.00710934,-0.029508,3.13174,6.09931,-0.552943
0.000651387,-0.0064982,-0.029558,3.13159,6.12316,-0.446113
0.000964491,-0.00588477,-0.0295972,3.13029,6.14499,-0.338264
0.00127741,-0.00526927,-0.0296256,3.12784,6.16475,-0.229475
0.00159002,-0.00465189,-0.0296431,3.12421,6.1824,-0.119824
0.00190221,-0.00403286,-0.0296496,3.11939,6.19788,-0.00939419
0.00221386,-0.00341239,-0.029645,3.11337,6.21116,0.101728
0.00252484,-0.00279071,-0.0296292,3.10615,6.2222,0.213455
0.00283505,-0.00216803,-0.0296022,3.09771,6.23095,0.325693
0.00314434,-0.00154459,-0.029564,3.08806,6.2374,0.438351
0.00345262,-0.000920626,-0.0295146,3.07718,6.24152,0.55133
0.00375974,-0.000296367,-0.0294538,3.06508,6.24327,0.664534
0.00406559,0.000327949,-0.0293817,3.05176,6.24265,0.777863
0.00437005,0.000952083,-0.0292982,3.03723,6.23963,0.891216
0.004673,0.0015758,-0.0292034,3.0215,6.23422,1.00449
0.00497431,0.00219885,-0.0290973,3.00456,6.22639,1.11759
0.00527387,0.00282099,-0.0289799,2.98644,6.21616,1.2304
0.00557156,0.003442,-0.0288512,2.96715,6.20352,1.34283
0.00586726,0.00406162,-0.0287114,2.94671,6.18849,1.45478
0.00616086,0.00467962,-0.0285603,2.92512,6.17108,1.56614
0.00645225,0.00529575,-0.0283981,2.90243,6.1513,1.67681
0.00674131,0.0059098,-0.028225,2.87864,6.12918,1.7867
0.00702794,0.00652151,-0.0280408,2.85379,6.10475,1.8957
0.00731204,0.00713067,-0.0278459,2.82789,6.07803,2.00373
0.00759349,0.00773705,-0.0276401,2.80099,6.04907,2.1107
0.0078722,0.00834041,-0.0274238,2.7731,6.0179,2.21651
0.00814808,0.00894055,-0.0271969,2.74427,5.98457,2.32107
0.00842102,0.00953726,-0.0269596,2.71452,5.94912,2.42431
0.00869095,0.0101303,-0.0267121,2.6839,5.9116,2.52615
0.00895778,0.0107195,-0.0264544,2.65243,5.87207,2.62651
0.00922141,0.0113047,-0.0261868,2.62016,5.83058,2.72532
0.00948178,0.0118856,-0.0259094,2.58712,5.7872,2.8225
0.00973881,0.012462,-0.0256224,2.55335,5.74199,2.91801
0.00999243,0.0130339,-0.0253259,2.51889,5.69501,3.01177
0.0102426,0.013601,-0.0250201,2.48378,5.64632,3.10374
0.0104892,0.0141631,-0.0247052,2.44807,5.596,3.19387
0.0107322,0.0147201,-0.0243814,2.41178,5.54411,3.2821
0.0109715,0.0152719,-0.0240488,2.37497,5.49073,3.3684
0.0112071,0.0158182,-0.0237077,2.33768,5.43593,3.45272
0.011439,0.016359,-0.0233583,2.29993,5.37977,3.53505
0.0116671,0.0168941,-0.0230008,2.26179,5.32234,3.61534
0.0118914,0.0174235,-0.0226353,2.22327,5.2637,3.69358
0.0121118,0.0179468,-0.0222621,2.18442,5.20393,3.76975
0.0123282,0.0184642,-0.0218815,2.14529,5.1431,3.84383
0.0125408,0.0189754,-0.0214935,2.10591,5.08128,3.91581
0.0127494,0.0194804,-0.0210984,2.0663,5.01855,3.98567
0.0129541,0.0199791,-0.0206964,2.02653,4.95496,4.05343
0.0131547,0.0204714,-0.0202877,1.9866,4.8906,4.11907
0.0133514,0.0209572,-0.0198726,1.94657,4.82554,4.18261
0.013544,0.0214365,-0.0194513,1.90646,4.75983,4.24404
0.0137327,0.0219092,-0.0190239,1.8663,4.69354,4.30338
0.0139173,0.0223752,-0.0185907,1.82613,4.62674,4.36064
0.0140979,0.0228345,-0.0181518,1.78598,4.55949,4.41583
0.0142745,0.0232871,-0.0177076,1.74587,4.49185,4.46898
0.0144471,0.0237328,-0.0172581,1.70583,4.42388,4.5201
0.0146157,0.0241718,-0.0168036,1.66588,4.35564,4.56921
0.0147803,0.024604,-0.0163443,1.62606,4.28717,4.61634
0.0149409,0.0250293,-0.0158804,1.58638,4.21854,4.66151
0.0150975,0.0254477,-0.0154121,1.54687,4.1498,4.70476
0.0152503,0.0258592,-0.0149395,1.50755,4.08098,4.74611
0.015399,0.0262639,-0.0144629,1.46843,4.01215,4.78559
0.0155439,0.0266616,-0.0139825,1.42955,3.94334,4.82323
0.015685,0.0270525,-0.0134984,1.3909,3.87459,4.85908
0.0158221,0.0274366,-0.0130107,1.35252,3.80596,4.89315
0.0159555,0.0278137,-0.0125198,1.31441,3.73747,4.92549
0.016085,0.0281841,-0.0120257,1.2766,3.66916,4.95613
0.0162108,0.0285476,-0.0115286,1.23909,3.60107,4.9851
0.0163329,0.0289043,-0.0110287,1.20189,3.53324,5.01245
0.0164512,0.0292542,-0.0105262,1.16502,3.46568,5.03821
0.0165659,0.0295974,-0.0100211,1.12849,3.39844,5.06242
0.0166769,0.0299339,-0.00951375,1.09231,3.33153,5.0851
0.0167843,0.0302638,-0.00900416,1.05648,3.26499,5.10631
0.0168882,0.0305869,-0.00849253,1.02101,3.19884,5.12608
0.0169886,0.0309035,-0.00797899,0.985918,3.1331,5.14444
0.0170854,0.0312136,-0.00746369,0.9512,3.06779,5.16143
0.0171788,0.0315171,-0.00694675,0.916863,3.00294,5.17708
0.0172688,0.0318142,-0.00642832,0.882914,2.93855,5.19144
0.0173554,0.0321048,-0.00590851,0.849355,2.87465,5.20454
0.0174387,0.0323891,-0.00538745,0.81619,2.81125,5.21642
0.0175187,0.0326671,-0.00486526,0.783422,2.74837,5.2271
0.0175954,0.0329388,-0.00434207,0.751054,2.68601,5.23663
0.0176689,0.0332043,-0.00381797,0.719086,2.62419,5.24503
0.0177392,0.0334637,-0.0032931,0.687522,2.56293,5.25234
0.0178064,0.0337169,-0.00276754,0.65636,2.50222,5.2586
0.0178705,0.0339641,-0.00224141,0.625602,2.44208,5.26384
0.0179315,0.0342054,-0.00171481,0.595247,2.38252,5.26808
0.0179896,0.0344407,-0.00118783,0.565295,2.32354,5.27136
0.0180446,0.0346701,-0.000660567,0.535746,2.26514,5.27371
0.0180967,0.0348937,-0.000133117,0.506598,2.20734,5.27515
0.0181459,0.0351116,0.000394435,0.477849,2.15013,5.27573
0.0181923,0.0353238,0.000922001,0.449498,2.09352,5.27546
0.0182359,0.0355303,0.0014495,0.421544,2.03752,5.27438
0.0182766,0.0357313,0.00197685,0.393983,1.98211,5.2725
0.0183147,0.0359267,0.00250397,0.366813,1.92732,5.26987
0.01835,0.0361168,0.0030308,0.340031,1.87312,5.26649
0.0183827,0.0363014,0.00355725,0.313635,1.81954,5.26241
0.0184127,0.0364807,0.00408326,0.287622,1.76656,5.25763
0.0184402,0.0366547,0.00460875,0.261988,1.71418,5.2522
0.0184652,0.0368235,0.00513367,0.236729,1.66241,5.24612
0.0184876,0.0369872,0.00565796,0.211843,1.61124,5.23943
0.0185075,0.0371458,0.00618154,0.187326,1.56066,5.23214
0.0185251,0.0372994,0.00670437,0.163174,1.51069,5.22427
0.0185402,0.037448,0.00722638,0.139382,1.46131,5.21585
0.0185529,0.0375917,0.00774752,0.115948,1.41252,5.2069
0.0185634,0.0377305,0.00826774,0.0928674,1.36432,5.19743
0.0185715,0.0378645,0.00878699,0.0701358,1.3167,5.18747
0.0185774,0.0379939,0.00930522,0.0477491,1.26967,5.17703
0.0185811,0.0381185,0.00982238,0.0257033,1.22321,5.16613
0.0185826,0.0382385,0.0103384,0.00399422,1.17732,5.15479
0.0185819,0.038354,0.0108533,-0.0173824,1.132,5.14302
0.0185791,0.0384649,0.011367,-0.0384309,1.08724,5.13085
0.0185742,0.0385714,0.0118795,-0.0591554,1.04304,5.11828
0.0185673,0.0386736,0.0123907,-0.0795603,0.999397,5.10533
0.0185583,0.0387713,0.0129005,-0.0996498,0.956299,5.09202
0.0185474,0.0388648,0.0134091,-0.119428,0.913744,5.07837
0.0185344,0.0389541,0.0139162,-0.1389,0.871727,5.06437
0.0185196,0.0390392,0.0144219,-0.158069,0.830243,5.05006
0.0185028,0.0391202,0.0149262,-0.176939,0.789285,5.03543
0.0184842,0.0391971,0.015429,-0.195516,0.748848,5.02051
0.0184637,0.03927,0.0159303,-0.213803,0.708928,5.00531
0.0184415,0.0393389,0.01643,-0.231804,0.669518,4.98983
0.0184174,0.0394039,0.0169282,-0.249524,0.630612,4.9741
0.0183916,0.039465,0.0174249,-0.266966,0.592206,4.95811
0.018364,0.0395223,0.0179199,-0.284135,0.554292,4.94188
0.0183348,0.0395759,0.0184132,-0.301035,0.516867,4.92543
0.0183038,0.0396257,0.0189049,-0.317669,0.479923,4.90876
0.0182712,0.0396719,0.019395,-0.334043,0.443455,4.89187
0.018237,0.0397144,0.0198833,-0.350159,0.407458,4.87479
0.0182012,0.0397534,0.0203699,-0.366021,0.371926,4.85752
0.0181638,0.0397888,0.0208548,-0.381635,0.336852,4.84006
0.0181249,0.0398208,0.0213379,-0.397002,0.302232,4.82243
0.0180844,0.0398493,0.0218193,-0.412128,0.26806,4.80463
0.0180425,0.0398744,0.0222989,-0.427016,0.23433,4.78668
0.017999,0.0398962,0.0227766,-0.441669,0.201037,4.76858
0.0179541,0.0399146,0.0232526,-0.456091,0.168175,4.75033
0.0179078,0.0399298,0.0237267,-0.470286,0.135738,4.73194
0.0178601,0.0399418,0.0241989,-0.484258,0.103721,4.71343
0.017811,0.0399506,0.0246694,-0.498009,0.0721188,4.6948
0.0177605,0.0399562,0.0251379,-0.511543,0.0409258,4.67604
0.0177087,0.0399588,0.0256046,-0.524864,0.0101366,4.65718
0.0176555,0.0399583,0.0260693,-0.537975,-0.020254,4.63822
0.0176011,0.0399547,0.0265322,-0.550879,-0.0502514,4.61915
0.0175454,0.0399482,0.0269932,-0.56358,-0.0798607,4.6
0.0174884,0.0399388,0.0274522,-0.57608,-0.109087,4.58075
0.0174302,0.0399264,0.0279093,-0.588383,-0.137936,4.56142
0.0173707,0.0399112,0.0283645,-0.600492,-0.166411,4.54202
0.0173101,0.0398932,0.0288177,-0.61241,-0.194519,4.52254
0.0172482,0.0398723,0.029269,-0.62414,-0.222264,4.50299
0.0171852,0.0398487,0.0297183,-0.635686,-0.249651,4.48339
0.0171211,0.0398224,0.0301657,-0.647048,-0.276685,4.46372
0.0170558,0.0397934,0.030611,-0.658232,-0.303371,4.44399
0.0169895,0.0397617,0.0310545,-0.669239,-0.329713,4.42422
0.016922,0.0397275,0.0314959,-0.680072,-0.355715,4.4044
0.0168535,0.0396906,0.0319353,-0.690735,-0.381384,4.38453
0.0167839,0.0396512,0.0323728,-0.701229,-0.406722,4.36462
0.0167132,0.0396093,0.0328083,-0.711557,-0.431735,4.34468
0.0166415,0.0395649,0.0332417,-0.721723,-0.456427,4.32471
0.0165689,0.039518,0.0336732,-0.731728,-0.480802,4.3047
0.0164952,0.0394687,0.0341027,-0.741574,-0.504865,4.28467
0.0164206,0.039417,0.0345301,-0.751266,-0.528619,4.26461
0.016345,0.039363,0.0349556,-0.760804,-0.55207,4.24454
0.0162684,0.0393066,0.035379,-0.770191,-0.575221,4.22444
0.0161909,0.039248,0.0358005,-0.77943,-0.598076,4.20433
0.0161125,0.039187,0.0362199,-0.788523,-0.620639,4.18421
0.0160332,0.0391238,0.0366373,-0.797471,-0.642914,4.16407
0.015953,0.0390584,0.0370527,-0.806278,-0.664906,4.14393
0.015872,0.0389909,0.0374661,-0.814946,-0.686617,4.12379
0.0157901,0.0389211,0.0378775,-0.823476,-0.708052,4.10363
0.0157073,0.0388493,0.0382868,-0.831871,-0.729215,4.08348
0.0156237,0.0387753,0.0386942,-0.840133,-0.750108,4.06333
0.0155393,0.0386993,0.0390995,-0.848264,-0.770736,4.04318
0.015454,0.0386212,0.0395028,-0.856265,-0.791103,4.02304
0.015368,0.038541,0.0399041,-0.864139,-0.811211,4.0029
0.0152812,0.0384589,0.0403034,-0.871888,-0.831065,3.98277
0.0151936,0.0383748,0.0407007,-0.879514,-0.850667,3.96265
0.0151053,0.0382888,0.0410959,-0.887018,-0.870021,3.94254
0.0150162,0.0382008,0.0414892,-0.894403,-0.889131,3.92245
0.0149264,0.038111,0.0418804,-0.901669,-0.907999,3.90237
0.0148359,0.0380193,0.0422696,-0.908819,-0.926629,3.88231
0.0147447,0.0379257,0.0426569,-0.915855,-0.945023,3.86226
0.0146527,0.0378303,0.0430421,-0.922778,-0.963186,3.84223
0.0145601,0.037733,0.0434253,-0.929591,-0.98112,3.82222
0.0144668,0.037634,0.0438065,-0.936293,-0.998829,3.80224
0.0143729,0.0375333,0.0441858,-0.942888,-1.01631,3.78228
0.0142783,0.0374308,0.044563,-0.949377,-1.03358,3.76234
0.014183,0.0373266,0.0449382,-0.955761,-1.05063,3.74242
0.0140871,0.0372207,0.0453115,-0.962042,-1.06746,3.72253
0.0139906,0.0371131,0.0456827,-0.968221,-1.08408,3.70267
0.0138935,0.0370039,0.046052,-0.974301,-1.1005,3.68284
0.0137957,0.036893,0.0464193,-0.980281,-1.11671,3.66303
0.0136974,0.0367805,0.0467846,-0.986164,-1.13271,3.64325
0.0135985,0.0366665,0.047148,-0.991952,-1.14851,3.62351
0.013499,0.0365508,0.0475093,-0.997644,-1.16412,3.60379
0.013399,0.0364336,0.0478687,-1.00324,-1.17953,3.58411
0.0132984,0.0363149,0.0482262,-1.00875,-1.19475,3.56446
0.0131972,0.0361947,0.0485816,-1.01417,-1.20977,3.54485
0.0130955,0.036073,0.0489351,-1.0195,-1.22461,3.52527
0.0129933,0.0359498,0.0492867,-1.02474,-1.23927,3.50572
0.0128906,0.0358251,0.0496363,-1.02989,-1.25374,3.48621
0.0127874,0.035699,0.0499839,-1.03496,-1.26802,3.46673
0.0126836,0.0355715,0.0503296,-1.03994,-1.28213,3.4473
0.0125794,0.0354426,0.0506734,-1.04484,-1.29607,3.42789
0.0124746,0.0353123,0.0510152,-1.04966,-1.30982,3.40853
0.0123694,0.0351807,0.0513551,-1.0544,-1.32341,3.38921
0.0122638,0.0350476,0.051693,-1.05906,-1.33683,3.36992
0.0121576,0.0349133,0.0520291,-1.06364,-1.35008,3.35067
0.012051,0.0347776,0.0523632,-1.06814,-1.36316,3.33146
0.011944,0.0346407,0.0526954,-1.07256,-1.37608,3.3123
0.0118365,0.0345024,0.0530256,-1.07691,-1.38883,3.29317
0.0117286,0.0343629,0.053354,-1.08119,-1.40143,3.27408
0.0116203,0.0342221,0.0536805,-1.08539,-1.41387,3.25503
0.0115116,0.0340801,0.054005,-1.08952,-1.42616,3.23603
0.0114024,0.0339369,0.0543277,-1.09357,-1.43829,3.21706
0.0112928,0.0337925,0.0546484,-1.09756,-1.45026,3.19814
0.0111829,0.0336469,0.0549673,-1.10148,-1.46209,3.17926
0.0110725,0.0335001,0.0552843,-1.10533,-1.47377,3.16042
0.0109618,0.0333521,0.0555994,-1.10911,-1.4853,3.14163
0.0108507,0.033203,0.0559126,-1.11282,-1.49669,3.12288
0.0107393,0.0330528,0.056224,-1.11647,-1.50793,3.10417
0.0106274,0.0329014,0.0565334,-1.12005,-1.51903,3.0855
0.0105153,0.032749,0.0568411,-1.12357,-1.53,3.06688
0.0104027,0.0325954,0.0571468,-1.12703,-1.54082,3.0483
0.0102899,0.0324408,0.0574507,-1.13042,-1.55151,3.02976
0.0101766,0.0322851,0.0577528,-1.13375,-1.56206,3.01127
0.0100631,0.0321284,0.058053,-1.13702,-1.57248,2.99282
0.00994924,0.0319707,0.0583513,-1.14023,-1.58277,2.97442
0.00983506,0.0318119,0.0586479,-1.14338,-1.59293,2.95606
0.00972057,0.0316521,0.0589426,-1.14647,-1.60295,2.93774
0.00960577,0.0314913,0.0592354,-1.1495,-1.61286,2.91947
0.00949067,0.0313295,0.0595264,-1.15248,-1.62263,2.90125
0.00937527,0.0311668,0.0598157,-1.15539,-1.63228,2.88306
0.00925959,0.0310031,0.0601031,-1.15826,-1.64181,2.86492
0.00914363,0.0308384,0.0603886,-1.16106,-1.65122,2.84683
0.00902738,0.0306728,0.0606724,-1.16382,-1.6605,2.82878
0.00891086,0.0305063,0.0609544,-1.16652,-1.66967,2.81077
0.00879408,0.0303389,0.0612346,-1.16916,-1.67872,2.79281
0.00867703,0.0301706,0.061513,-1.17176,-1.68765,2.7749
0.00855973,0.0300014,0.0617896,-1.1743,-1.69647,2.75702
0.00844218,0.0298313,0.0620644,-1.17679,-1.70518,2.7392
0.00832437,0.0296603,0.0623374,-1.17923,-1.71377,2.72141
0.00820633,0.0294885,0.0626087,-1.18162,-1.72225,2.70368
0.00808805,0.0293159,0.0628781,-1.18396,-1.73062,2.68598
0.00796954,0.0291424,0.0631459,-1.18625,-1.73889,2.66833
0.0078508,0.0289681,0.0634118,-1.18849,-1.74704,2.65073
0.00773185,0.028793,0.063676,-1.19068,-1.75509,2.63316
0.00761267,0.0286171,0.0639384,-1.19283,-1.76303,2.61565
0.00749328,0.0284404,0.0641991,-1.19493,-1.77087,2.59818
0.00737368,0.0282629,0.0644581,-1.19699,-1.77861,2.58075
0.00725388,0.0280847,0.0647153,-1.199,-1.78625,2.56336
0.00713389,0.0279057,0.0649708,-1.20096,-1.79378,2.54602
0.00701369,0.0277259,0.0652245,-1.20288,-1.80122,2.52872
0.00689331,0.0275454,0.0654765,-1.20476,-1.80855,2.51147
0.00677274,0.0273642,0.0657268,-1.20659,-1.81579,2.49426
0.00665199,0.0271823,0.0659754,-1.20838,-1.82293,2.47709
0.00653107,0.0269996,0.0662222,-1.21013,-1.82998,2.45997
0.00640997,0.0268163,0.0664674,-1.21183,-1.83693,2.44289
0.0062887,0.0266323,0.0667108,-1.21349,-1.84379,2.42586
0.00616727,0.0264475,0.0669525,-1.21512,-1.85055,2.40886
0.00604568,0.0262621,0.0671926,-1.2167,-1.85723,2.39192
0.00592394,0.0260761,0.0674309,-1.21824,-1.86381,2.37501
0.00580204,0.0258894,0.0676676,-1.21974,-1.87031,2.35815
0.00567999,0.025702,0.0679025,-1.2212,-1.87671,2.34132
0.0055578,0.025514,0.0681358,-1.22262,-1.88303,2.32455
0.00543547,0.0253254,0.0683674,-1.22401,-1.88926,2.30781
0.005313,0.0251362,0.0685974,-1.22535,-1.8954,2.29112
0.0051904,0.0249464,0.0688257,-1.22666,-1.90146,2.27446
0.00506767,0.0247559,0.0690523,-1.22793,-1.90743,2.25786
0.00494481,0.0245649,0.0692772,-1.22917,-1.91332,2.24129
0.00482183,0.0243732,0.0695005,-1.23037,-1.91913,2.22476
0.00469874,0.024181,0.0697222,-1.23153,-1.92486,2.20828
0.00457553,0.0239883,0.0699422,-1.23265,-1.9305,2.19184
0.00445221,0.0237949,0.0701606,-1.23374,-1.93606,2.17543
0.00432878,0.0236011,0.0703773,-1.2348,-1.94155,2.15907
0.00420525,0.0234066,0.0705924,-1.23582,-1.94695,2.14276
0.00408162,0.0232117,0.0708058,-1.23681,-1.95228,2.12648
0.00395789,0.0230162,0.0710177,-1.23776,-1.95753,2.11024
0.00383407,0.0228202,0.0712279,-1.23868,-1.9627,2.09404
0.00371016,0.0226237,0.0714365,-1.23956,-1.9678,2.07789
0.00358616,0.0224266,0.0716435,-1.24041,-1.97282,2.06177
0.00346208,0.0222291,0.0718488,-1.24123,-1.97777,2.0457
0.00333791,0.0220311,0.0720526,-1.24202,-1.98265,2.02966
0.00321367,0.0218326,0.0722548,-1.24278,-1.98745,2.01367
0.00308936,0.0216336,0.0724553,-1.2435,-1.99218,1.99771
0.00296497,0.0214341,0.0726543,-1.24419,-1.99683,1.98179
0.00284052,0.0212342,0.0728517,-1.24486,-2.00142,1.96592
0.002716,0.0210338,0.0730475,-1.24549,-2.00593,1.95008
0.00259142,0.020833,0.0732417,-1.24609,-2.01038,1.93428
0.00246679,0.0206318,0.0734344,-1.24666,-2.01476,1.91852
0.00234209,0.0204301,0.0736254,-1.2472,-2.01907,1.9028
0.00221735,0.020228,0.0738149,-1.24771,-2.02331,1.88712
0.00209255,0.0200254,0.0740029,-1.24819,-2.02748,1.87147
0.00196771,0.0198225,0.0741892,-1.24864,-2.03159,1.85587
0.00184283,0.0196191,0.074374,-1.24907,-2.03563,1.8403
0.0017179,0.0194153,0.0745573,-1.24946,-2.0396,1.82477
0.00159293,0.0192112,0.074739,-1.24983,-2.04351,1.80928
0.00146793,0.0190066,0.0749191,-1.25017,-2.04736,1.79382
0.0013429,0.0188017,0.0750978,-1.25048,-2.05114,1.7784
0.00121784,0.0185964,0.0752748,-1.25076,-2.05486,1.76302
0.00109275,0.0183907,0.0754504,-1.25102,-2.05852,1.74768
0.000967638,0.0181847,0.0756244,-1.25125,-2.06211,1.73237
0.000842503,0.0179783,0.0757968,-1.25145,-2.06565,1.7171
0.000717349,0.0177716,0.0759678,-1.25162,-2.06912,1.70187
0.000592179,0.0175645,0.0761372,-1.25177,-2.07253,1.68667
0.000466995,0.0173571,0.0763051,-1.2519,-2.07588,1.67151
0.000341801,0.0171493,0.0764715,-1.25199,-2.07918,1.65639
0.000216597,0.0169413,0.0766364,-1.25207,-2.08241,1.6413
9.13884e-05,0.0167329,0.0767998,-1.25211,-2.08558,1.62625
-3.38241e-05,0.0165241,0.0769616,-1.25213,-2.0887,1.61123
-0.000159037,0.0163151,0.077122,-1.25213,-2.09176,1.59625
-0.000284249,0.0161058,0.0772809,-1.2521,-2.09476,1.5813
-0.000409457,0.0158962,0.0774383,-1.25205,-2.09771,1.56639
-0.000534658,0.0156862,0.0775942,-1.25197,-2.1006,1.55151
-0.00065985,0.015476,0.0777486,-1.25187,-2.10343,1.53667
-0.000785031,0.0152656,0.0779015,-1.25174,-2.10621,1.52186
-0.000910198,0.0150548,0.078053,-1.25159,-2.10893,1.50709
-0.00103535,0.0148438,0.0782029,-1.25142,-2.1116,1.49235
-0.00116048,0.0146325,0.0783514,-1.25123,-2.11422,1.47764
-0.00128559,0.0144209,0.0784985,-1.25101,-2.11678,1.46297
-0.00141068,0.0142091,0.078644,-1.25076,-2.11929,1.44833
-0.00153575,0.0139971,0.0787881,-1.2505,-2.12175,1.43373
-0.00166078,0.0137848,0.0789308,-1.25021,-2.12415,1.41916
-0.00178579,0.0135723,0.079072,-1.2499,-2.1265,1.40462
-0.00191076,0.0133595,0.0792117,-1.24957,-2.12881,1.39012
-0.0020357,0.0131465,0.07935,-1.24921,-2.13106,1.37564
-0.0021606,0.0129333,0.0794868,-1.24883,-2.13325,1.3612
-0.00228547,0.0127198,0.0796222,-1.24844,-2.1354,1.3468
-0.00241029,0.0125062,0.0797562,-1.24802,-2.1375,1.33242
-0.00253507,0.0122923,0.0798887,-1.24757,-2.13955,1.31808
-0.0026598,0.0120783,0.0800198,-1.24711,-2.14155,1.30377
-0.00278449,0.011864,0.0801495,-1.24663,-2.14351,1.28949
-0.00290913,0.0116496,0.0802777,-1.24612,-2.14541,1.27524
-0.00303371,0.011435,0.0804045,-1.24559,-2.14727,1.26103
-0.00315824,0.0112201,0.0805299,-1.24505,-2.14907,1.24685
-0.00328272,0.0110051,0.0806539,-1.24448,-2.15083,1.23269
-0.00340714,0.01079,0.0807765,-1.24389,-2.15255,1.21857
-0.0035315,0.0105746,0.0808976,-1.24328,-2.15421,1.20448
-0.0036558,0.0103591,0.0810173,-1.24265,-2.15583,1.19042
-0.00378003,0.0101435,0.0811357,-1.242,-2.15741,1.17639
-0.0039042,0.00992765,0.0812526,-1.24134,-2.15894,1.16239
-0.00402829,0.00971168,0.0813682,-1.24065,-2.16042,1.14842
-0.00415232,0.00949557,0.0814823,-1.23994,-2.16186,1.13448
-0.00427628,0.00927931,0.0815951,-1.23921,-2.16325,1.12057
-0.00440017,0.00906292,0.0817064,-1.23847,-2.1646,1.10669
-0.00452397,0.00884639,0.0818164,-1.2377,-2.16591,1.09284
-0.00464771,0.00862974,0.081925,-1.23691,-2.16717,1.07902
-0.00477136,0.00841296,0.0820322,-1.23611,-2.16839,1.06523
-0.00489493,0.00819606,0.082138,-1.23529,-2.16956,1.05147
-0.00501841,0.00797905,0.0822425,-1.23445,-2.17069,1.03774
-0.00514182,0.00776193,0.0823456,-1.23359,-2.17178,1.02403
-0.00526513,0.0075447,0.0824473,-1.23271,-2.17283,1.01036
-0.00538836,0.00732736,0.0825477,-1.23181,-2.17383,0.996709
-0.00551149,0.00710993,0.0826467,-1.23089,-2.17479,0.983091
-0.00563453,0.0068924,0.0827443,-1.22996,-2.17572,0.9695
-0.00575748,0.00667479,0.0828406,-1.22901,-2.17659,0.955937
-0.00588034,0.00645709,0.0829355,-1.22804,-2.17743,0.942403
-0.00600309,0.0062393,0.083029,-1.22705,-2.17823,0.928896
-0.00612574,0.00602144,0.0831213,-1.22605,-2.17899,0.915416
-0.0062483,0.00580351,0.0832121,-1.22502,-2.17971,0.901964
-0.00637075,0.0055855,0.0833016,-1.22398,-2.18038,0.88854
-0.00649309,0.00536743,0.0833898,-1.22292,-2.18102,0.875142
-0.00661533,0.0051493,0.0834767,-1.22185,-2.18162,0.861772
-0.00673746,0.00493111,0.0835622,-1.22076,-2.18218,0.848428
-0.00685948,0.00471287,0.0836464,-1.21965,-2.1827,0.835111
-0.00698139,0.00449457,0.0837292,-1.21852,-2.18318,0.82182
-0.00710319,0.00427623,0.0838107,-1.21738,-2.18362,0.808556
-0.00722487,0.00405785,0.0838909,-1.21622,-2.18402,0.795319
-0.00734643,0.00383943,0.0839698,-1.21504,-2.18439,0.782107
-0.00746787,0.00362097,0.0840473,-1.21384,-2.18472,0.768921
-0.0075892,0.00340249,0.0841236,-1.21263,-2.18501,0.755761
-0.0077104,0.00318397,0.0841985,-1.21141,-2.18526,0.742627
-0.00783148,0.00296544,0.0842721,-1.21016,-2.18547,0.729518
-0.00795243,0.00274688,0.0843444,-1.2089,-2.18565,0.716435
-0.00807326,0.00252831,0.0844154,-1.20762,-2.18579,0.703377
-0.00819396,0.00230972,0.0844851,-1.20633,-2.1859,0.690344
-0.00831452,0.00209113,0.0845535,-1.20502,-2.18597,0.677336
-0.00843496,0.00187253,0.0846205,-1.2037,-2.186,0.664353
-0.00855526,0.00165393,0.0846863,-1.20236,-2.18599,0.651395
-0.00867543,0.00143533,0.0847508,-1.201,-2.18595,0.638461
-0.00879546,0.00121674,0.084814,-1.19963,-2.18588,0.625552
-0.00891536,0.000998158,0.0848759,-1.19824,-2.18577,0.612667
-0.00903511,0.000779589,0.0849366,-1.19684,-2.18562,0.599806
-0.00915472,0.000561035,0.0849959,-1.19542,-2.18544,0.586969
-0.00927419,0.000342502,0.085054,-1.19398,-2.18522,0.574156
-0.00939352,0.000123992,0.0851107,-1.19253,-2.18497,0.561367
-0.0095127,-9.44914e-05,0.0851662,-1.19106,-2.18469,0.548601
-0.00963173,-0.000312944,0.0852205,-1.18958,-2.18437,0.535859
-0.00975061,-0.000531364,0.0852734,-1.18809,-2.18401,0.52314
-0.00986935,-0.000749746,0.0853251,-1.18657,-2.18362,0.510445
-0.00998793,-0.000968087,0.0853755,-1.18505,-2.1832,0.497772
-0.0101064,-0.00118639,0.0854246,-1.18351,-2.18275,0.485123
-0.0102246,-0.00140464,0.0854725,-1.18195,-2.18226,0.472496
-0.0103427,-0.00162284,0.0855191,-1.18038,-2.18173,0.459892
-0.0104607,-0.00184098,0.0855645,-1.17879,-2.18118,0.447311
-0.0105785,-0.00205907,0.0856086,-1.17719,-2.18059,0.434752
-0.0106961,-0.0022771,0.0856514,-1.17557,-2.17997,0.422215
-0.0108136,-0.00249506,0.085693,-1.17394,-2.17931,0.409701
-0.0109309,-0.00271296,0.0857334,-1.17229,-2.17863,0.397208
-0.0110481,-0.00293079,0.0857725,-1.17063,-2.17791,0.384738
-0.0111651,-0.00314854,0.0858103,-1.16895,-2.17715,0.372289
-0.0112819,-0.00336622,0.0858469,-1.16726,-2.17637,0.359862
-0.0113985,-0.00358381,0.0858823,-1.16556,-2.17555,0.347457
-0.011515,-0.00380133,0.0859164,-1.16384,-2.1747,0.335073
-0.0116313,-0.00401875,0.0859493,-1.16211,-2.17382,0.32271
-0.0117474,-0.00423609,0.085981,-1.16036,-2.17291,0.310368
-0.0118633,-0.00445333,0.0860114,-1.1586,-2.17197,0.298048
-0.0119791,-0.00467048,0.0860406,-1.15682,-2.171,0.285748
-0.0120947,-0.00488753,0.0860686,-1.15503,-2.16999,0.27347
-0.0122101,-0.00510448,0.0860953,-1.15322,-2.16895,0.261212
-0.0123254,-0.00532132,0.0861208,-1.15141,-2.16788,0.248974
-0.0124404,-0.00553806,0.0861451,-1.14957,-2.16679,0.236757
-0.0125553,-0.00575468,0.0861681,-1.14773,-2.16566,0.224561
-0.0126699,-0.00597119,0.08619,-1.14586,-2.1645,0.212385
-0.0127844,-0.00618758,0.0862106,-1.14399,-2.1633,0.200228
-0.0128987,-0.00640385,0.08623,-1.1421,-2.16208,0.188092
-0.0130129,-0.00661999,0.0862482,-1.1402,-2.16083,0.175976
-0.0131268,-0.00683601,0.0862652,-1.13828,-2.15955,0.163879
-0.0132405,-0.0070519,0.086281,-1.13635,-2.15824,0.151802
-0.0133541,-0.00726766,0.0862956,-1.1344,-2.1569,0.139745
-0.0134674,-0.00748328,0.086309,-1.13245,-2.15553,0.127707
-0.0135805,-0.00769876,0.0863211,-1.13047,-2.15412,0.115688
-0.0136935,-0.0079141,0.0863321,-1.12849,-2.15269,0.103688
-0.0138062,-0.0081293,0.0863419,-1.12649,-2.15123,0.0917078
-0.0139188,-0.00834435,0.0863504,-1.12448,-2.14974,0.0797462
-0.0140311,-0.00855925,0.0863578,-1.12245,-2.14822,0.0678036
-0.0141433,-0.00877399,0.086364,-1.12041,-2.14667,0.0558796
-0.0142552,-0.00898858,0.086369,-1.11835,-2.1451,0.0439743
-0.0143669,-0.00920301,0.0863728,-1.11629,-2.14349,0.0320875
-0.0144785,-0.00941728,0.0863754,-1.11421,-2.14185,0.0202191
-0.0145898,-0.00963138,0.0863768,-1.11211,-2.14019,0.00836905
-0.0147009,-0.00984531,0.0863771,-1.11,-2.1385,-0.00346285
-0.0148118,-0.0100591,0.0863762,-1.10788,-2.13677,-0.0152767
-0.0149225,-0.0102727,0.086374,-1.10575,-2.13502,-0.0270725
-0.0150329,-0.0104861,0.0863707,-1.1036,-2.13324,-0.0388505
-0.0151432,-0.0106993,0.0863663,-1.10144,-2.13144,-0.0506107
-0.0152532,-0.0109124,0.0863606,-1.09926,-2.1296,-0.0623533
-0.015363,-0.0111252,0.0863538,-1.09707,-2.12773,-0.0740784
-0.0154726,-0.0113379,0.0863458,-1.09487,-2.12584,-0.085786
-0.015582,-0.0115504,0.0863366,-1.09266,-2.12392,-0.0974762
-0.0156912,-0.0117627,0.0863263,-1.09043,-2.12197,-0.109149
-0.0158001,-0.0119748,0.0863148,-1.08819,-2.11999,-0.120805
-0.0159088,-0.0121867,0.0863022,-1.08593,-2.11799,-0.132444
-0.0160173,-0.0123984,0.0862883,-1.08367,-2.11596,-0.144066
-0.0161255,-0.0126099,0.0862733,-1.08139,-2.1139,-0.155671
-0.0162336,-0.0128212,0.0862572,-1.07909,-2.11181,-0.16726
-0.0163414,-0.0130322,0.0862399,-1.07678,-2.10969,-0.178831
-0.0164489,-0.0132431,0.0862214,-1.07446,-2.10755,-0.190387
-0.0165562,-0.0134538,0.0862018,-1.07213,-2.10538,-0.201926
-0.0166633,-0.0136642,0.086181,-1.06978,-2.10318,-0.213448
-0.0167702,-0.0138744,0.0861591,-1.06742,-2.10095,-0.224955
-0.0168768,-0.0140844,0.0861361,-1.06505,-2.0987,-0.236445
-0.0169832,-0.0142941,0.0861118,-1.06266,-2.09642,-0.247919
-0.0170894,-0.0145037,0.0860865,-1.06027,-2.09411,-0.259377
-0.0171953,-0.0147129,0.08606,-1.05785,-2.09177,-0.27082
-0.0173009,-0.014922,0.0860323,-1.05543,-2.08941,-0.282247
-0.0174064,-0.0151308,0.0860035,-1.05299,-2.08702,-0.293658
-0.0175115,-0.0153394,0.0859736,-1.05054,-2.0846,-0.305054
-0.0176165,-0.0155477,0.0859425,-1.04807,-2.08216,-0.316434
-0.0177211,-0.0157558,0.0859103,-1.0456,-2.07969,-0.327799
-0.0178256,-0.0159637,0.0858769,-1.0431,-2.07719,-0.339148
-0.0179298,-0.0161713,0.0858425,-1.0406,-2.07466,-0.350483
-0.0180337,-0.0163786,0.0858068,-1.03808,-2.07211,-0.361802
-0.0181374,-0.0165857,0.0857701,-1.03555,-2.06953,-0.373107
-0.0182408,-0.0167925,0.0857322,-1.03301,-2.06693,-0.384396
-0.018344,-0.0169991,0.0856932,-1.03046,-2.0643,-0.395671
-0.0184469,-0.0172054,0.0856531,-1.02789,-2.06164,-0.406932
-0.0185496,-0.0174114,0.0856118,-1.0253,-2.05895,-0.418177
-0.018652,-0.0176172,0.0855695,-1.02271,-2.05624,-0.429408
-0.0187541,-0.0178227,0.085526,-1.0201,-2.0535,-0.440625
-0.018856,-0.0180279,0.0854813,-1.01748,-2.05074,-0.451827
-0.0189576,-0.0182328,0.0854356,-1.01485,-2.04795,-0.463016
-0.0190589,-0.0184375,0.0853887,-1.0122,-2.04513,-0.47419
-0.01916,-0.0186418,0.0853408,-1.00954,-2.04228,-0.48535
-0.0192609,-0.0188459,0.0852917,-1.00687,-2.03941,-0.496496
-0.0193614,-0.0190497,0.0852415,-1.00418,-2.03652,-0.507628
-0.0194617,-0.0192532,0.0851901,-1.00148,-2.03359,-0.518746
-0.0195617,-0.0194564,0.0851377,-0.998768,-2.03064,-0.529851
-0.0196614,-0.0196593,0.0850842,-0.996043,-2.02766,-0.540942
-0.0197609,-0.019862,0.0850295,-0.993304,-2.02466,-0.55202
-0.0198601,-0.0200643,0.0849738,-0.990553,-2.02163,-0.563084
-0.019959,-0.0202663,0.0849169,-0.987788,-2.01858,-0.574135
-0.0200577,-0.020468,0.0848589,-0.98501,-2.01549,-0.585173
-0.020156,-0.0206694,0.0847999,-0.982219,-2.01239,-0.596197
-0.0202541,-0.0208705,0.0847397,-0.979415,-2.00925,-0.607209
-0.0203519,-0.0210712,0.0846784,-0.976598,-2.00609,-0.618207
-0.0204494,-0.0212717,0.0846161,-0.973768,-2.0029,-0.629192
-0.0205467,-0.0214718,0.0845526,-0.970924,-1.99969,-0.640165
-0.0206436,-0.0216716,0.084488,-0.968068,-1.99645,-0.651125
-0.0207403,-0.0218711,0.0844224,-0.965198,-1.99318,-0.662072
-0.0208366,-0.0220703,0.0843556,-0.962315,-1.98989,-0.673007
-0.0209327,-0.0222691,0.0842878,-0.959418,-1.98657,-0.683929
-0.0210285,-0.0224676,0.0842188,-0.956509,-1.98323,-0.694839
-0.021124,-0.0226657,0.0841488,-0.953586,-1.97986,-0.705737
-0.0212192,-0.0228635,0.0840777,-0.95065,-1.97646,-0.716622
-0.0213142,-0.023061,0.0840055,-0.947701,-1.97304,-0.727495
-0.0214088,-0.0232582,0.0839322,-0.944738,-1.96959,-0.738356
-0.0215031,-0.0234549,0.0838578,-0.941763,-1.96612,-0.749205
-0.0215971,-0.0236514,0.0837823,-0.938773,-1.96261,-0.760042
-0.0216909,-0.0238475,0.0837058,-0.935771,-1.95909,-0.770867
-0.0217843,-0.0240432,0.0836282,-0.932755,-1.95553,-0.78168
-0.0218774,-0.0242386,0.0835495,-0.929726,-1.95195,-0.792482
-0.0219702,-0.0244336,0.0834697,-0.926683,-1.94834,-0.803272
-0.0220628,-0.0246282,0.0833888,-0.923627,-1.94471,-0.814051
-0.022155,-0.0248225,0.0833069,-0.920557,-1.94105,-0.824818
-0.0222469,-0.0250164,0.0832238,-0.917474,-1.93737,-0.835574
-0.0223385,-0.02521,0.0831397,-0.914378,-1.93366,-0.846318
-0.0224297,-0.0254032,0.0830546,-0.911268,-1.92992,-0.857052
-0.0225207,-0.025596,0.0829683,-0.908144,-1.92615,-0.867774
-0.0226114,-0.0257884,0.082881,-0.905007,-1.92236,-0.878485
-0.0227017,-0.0259804,0.0827926,-0.901856,-1.91854,-0.889185
-0.0227917,-0.0261721,0.0827032,-0.898692,-1.9147,-0.899874
-0.0228815,-0.0263634,0.0826127,-0.895514,-1.91083,-0.910552
-0.0229708,-0.0265543,0.0825211,-0.892322,-1.90693,-0.92122
-0.0230599,-0.0267448,0.0824284,-0.889116,-1.90301,-0.931876
-0.0231487,-0.0269349,0.0823347,-0.885897,-1.89906,-0.942523
-0.0232371,-0.0271246,0.0822399,-0.882664,-1.89509,-0.953158
-0.0233252,-0.0273139,0.0821441,-0.879418,-1.89108,-0.963783
-0.023413,-0.0275028,0.0820472,-0.876157,-1.88705,-0.974398
-0.0235004,-0.0276913,0.0819492,-0.872883,-1.883,-0.985003
-0.0235876,-0.0278794,0.0818502,-0.869594,-1.87892,-0.995597
-0.0236743,-0.0280671,0.0817501,-0.866292,-1.87481,-1.00618
-0.0237608,-0.0282544,0.0816489,-0.862976,-1.87067,-1.01675
-0.0238469,-0.0284412,0.0815467,-0.859646,-1.86651,-1.02732
-0.0239327,-0.0286277,0.0814435,-0.856301,-1.86232,-1.03787
-0.0240182,-0.0288137,0.0813391,-0.852943,-1.8581,-1.04842
-0.0241033,-0.0289993,0.0812338,-0.849571,-1.85386,-1.05895
-0.0241881,-0.0291845,0.0811274,-0.846184,-1.84959,-1.06947
-0.0242726,-0.0293692,0.0810199,-0.842784,-1.84529,-1.07999
-0.0243567,-0.0295535,0.0809114,-0.839369,-1.84097,-1.09049
-0.0244404,-0.0297374,0.0808018,-0.83594,-1.83662,-1.10099
-0.0245239,-0.0299208,0.0806912,-0.832496,-1.83224,-1.11148
-0.0246069,-0.0301038,0.0805795,-0.829038,-1.82784,-1.12195
-0.0246897,-0.0302864,0.0804668,-0.825566,-1.8234,-1.13242
-0.024772,-0.0304685,0.080353,-0.82208,-1.81894,-1.14288
-0.0248541,-0.0306502,0.0802382,-0.818579,-1.81446,-1.15333
-0.0249358,-0.0308314,0.0801223,-0.815063,-1.80994,-1.16377
-0.0250171,-0.0310122,0.0800054,-0.811533,-1.8054,-1.1742
-0.0250981,-0.0311925,0.0798875,-0.807989,-1.80083,-1.18462
-0.0251787,-0.0313723,0.0797685,-0.80443,-1.79624,-1.19503
-0.025259,-0.0315517,0.0796485,-0.800856,-1.79161,-1.20543
-0.0253389,-0.0317307,0.0795274,-0.797267,-1.78696,-1.21583
-0.0254184,-0.0319091,0.0794053,-0.793664,-1.78228,-1.22621
-0.0254976,-0.0320871,0.0792822,-0.790046,-1.77757,-1.23659
-0.0255764,-0.0322646,0.079158,-0.786413,-1.77284,-1.24696
-0.0256549,-0.0324417,0.0790328,-0.782765,-1.76808,-1.25732
-0.025733,-0.0326183,0.0789065,-0.779102,-1.76328,-1.26767
-0.0258107,-0.0327943,0.0787793,-0.775425,-1.75847,-1.27801
-0.0258881,-0.0329699,0.0786509,-0.771732,-1.75362,-1.28835
-0.025965,-0.0331451,0.0785216,-0.768024,-1.74874,-1.29867
-0.0260417,-0.0333197,0.0783912,-0.764301,-1.74384,-1.30899
-0.0261179,-0.0334938,0.0782598,-0.760562,-1.73891,-1.3193
-0.0261938,-0.0336675,0.0781274,-0.756809,-1.73395,-1.3296
-0.0262693,-0.0338406,0.0779939,-0.75304,-1.72896,-1.3399
-0.0263444,-0.0340133,0.0778594,-0.749256,-1.72394,-1.35018
-0.0264191,-0.0341854,0.0777238,-0.745456,-1.7189,-1.36046
-0.0264935,-0.034357,0.0775873,-0.741641,-1.71382,-1.37073
-0.0265674,-0.0345282,0.0774497,-0.73781,-1.70872,-1.38099
-0.026641,-0.0346988,0.0773111,-0.733964,-1.70359,-1.39124
-0.0267142,-0.0348689,0.0771714,-0.730102,-1.69843,-1.40149
-0.026787,-0.0350385,0.0770308,-0.726224,-1.69323,-1.41173
-0.0268595,-0.0352075,0.0768891,-0.722331,-1.68802,-1.42196
-0.0269315,-0.0353761,0.0767464,-0.718422,-1.68277,-1.43218
-0.0270032,-0.0355441,0.0766027,-0.714497,-1.67749,-1.4424
-0.0270744,-0.0357116,0.0764579,-0.710556,-1.67218,-1.45261
-0.0271453,-0.0358785,0.0763121,-0.706598,-1.66684,-1.46281
-0.0272157,-0.0360449,0.0761654,-0.702625,-1.66148,-1.473
-0.0272858,-0.0362108,0.0760175,-0.698636,-1.65608,-1.48319
-0.0273555,-0.0363762,0.0758687,-0.69463,-1.65066,-1.49337
-0.0274247,-0.0365409,0.0757189,-0.690608,-1.6452,-1.50354
-0.0274936,-0.0367052,0.075568,-0.68657,-1.63971,-1.5137
-0.027562,-0.0368689,0.0754161,-0.682516,-1.6342,-1.52386
-0.0276301,-0.037032,0.0752632,-0.678444,-1.62865,-1.53401
-0.0276977,-0.0371946,0.0751093,-0.674357,-1.62307,-1.54415
-0.027765,-0.0373566,0.0749544,-0.670252,-1.61747,-1.55429
-0.0278318,-0.0375181,0.0747985,-0.666131,-1.61183,-1.56442
-0.0278982,-0.037679,0.0746415,-0.661994,-1.60616,-1.57454
-0.0279642,-0.0378393,0.0744836,-0.657839,-1.60046,-1.58466
-0.0280297,-0.0379991,0.0743246,-0.653667,-1.59473,-1.59477
-0.0280949,-0.0381583,0.0741646,-0.649479,-1.58897,-1.60487
-0.0281596,-0.0383169,0.0740036,-0.645273,-1.58318,-1.61497
-0.028224,-0.0384749,0.0738416,-0.641051,-1.57735,-1.62506
-0.0282879,-0.0386324,0.0736786,-0.636811,-1.5715,-1.63514
-0.0283513,-0.0387892,0.0735146,-0.632553,-1.56561,-1.64522
-0.0284144,-0.0389455,0.0733496,-0.628279,-1.55969,-1.65529
-0.028477,-0.0391012,0.0731835,-0.623986,-1.55374,-1.66535
-0.0285392,-0.0392562,0.0730165,-0.619677,-1.54776,-1.67541
-0.0286009,-0.0394107,0.0728484,-0.615349,-1.54175,-1.68546
-0.0286622,-0.0395646,0.0726794,-0.611004,-1.5357,-1.6955
-0.0287231,-0.0397178,0.0725093,-0.606642,-1.52962,-1.70554
-0.0287836,-0.0398705,0.0723383,-0.602261,-1.52351,-1.71557
-0.0288436,-0.0400225,0.0721662,-0.597862,-1.51736,-1.7256
-0.0289031,-0.040174,0.0719932,-0.593445,-1.51119,-1.73562
-0.0289623,-0.0403248,0.0718191,-0.589011,-1.50498,-1.74563
-0.0290209,-0.040475,0.071644,-0.584557,-1.49874,-1.75564
-0.0290792,-0.0406245,0.071468,-0.580086,-1.49246,-1.76564
-0.0291369,-0.0407735,0.0712909,-0.575596,-1.48615,-1.77564
-0.0291943,-0.0409218,0.0711129,-0.571088,-1.47981,-1.78563
-0.0292512,-0.0410694,0.0709338,-0.566561,-1.47343,-1.79561
-0.0293076,-0.0412164,0.0707537,-0.562015,-1.46702,-1.80559
-0.0293636,-0.0413628,0.0705727,-0.557451,-1.46058,-1.81556
-0.0294191,-0.0415086,0.0703906,-0.552867,-1.4541,-1.82553
-0.0294741,-0.0416536,0.0702076,-0.548265,-1.44758,-1.83549
-0.0295287,-0.0417981,0.0700235,-0.543644,-1.44104,-1.84544
-0.0295829,-0.0419418,0.0698385,-0.539003,-1.43445,-1.85539
-0.0296365,-0.042085,0.0696524,-0.534343,-1.42784,-1.86534
-0.0296897,-0.0422274,0.0694654,-0.529664,-1.42118,-1.87528
-0.0297425,-0.0423692,0.0692774,-0.524965,-1.4145,-1.88521
-0.0297947,-0.0425103,0.0690884,-0.520247,-1.40777,-1.89514
-0.0298465,-0.0426508,0.0688984,-0.515509,-1.40102,-1.90506
-0.0298978,-0.0427905,0.0687074,-0.510751,-1.39422,-1.91497
-0.0299487,-0.0429296,0.0685154,-0.505973,-1.38739,-1.92488
-0.029999,-0.043068,0.0683224,-0.501175,-1.38053,-1.93479
-0.0300489,-0.0432057,0.0681284,-0.496357,-1.37362,-1.94469
-0.0300983,-0.0433427,0.0679334,-0.491519,-1.36668,-1.95459
-0.0301472,-0.043479,0.0677375,-0.486661,-1.35971,-1.96448
-0.0301956,-0.0436147,0.0675406,-0.481782,-1.3527,-1.97436
-0.0302436,-0.0437496,0.0673426,-0.476882,-1.34565,-1.98424
-0.030291,-0.0438838,0.0671437,-0.471962,-1.33856,-1.99411
-0.0303379,-0.0440173,0.0669438,-0.46702,-1.33143,-2.00398
-0.0303844,-0.0441501,0.0667429,-0.462058,-1.32427,-2.01384
-0.0304304,-0.0442821,0.066541,-0.457075,-1.31707,-2.0237
-0.0304758,-0.0444135,0.0663382,-0.452071,-1.30983,-2.03356
-0.0305208,-0.0445441,0.0661343,-0.447045,-1.30256,-2.0434
-0.0305652,-0.044674,0.0659295,-0.441998,-1.29524,-2.05325
-0.0306092,-0.0448031,0.0657237,-0.436929,-1.28789,-2.06309
-0.0306526,-0.0449316,0.0655169,-0.431839,-1.28049,-2.07292
-0.0306955,-0.0450592,0.0653091,-0.426727,-1.27306,-2.08275
-0.030738,-0.0451862,0.0651003,-0.421593,-1.26559,-2.09257
-0.0307799,-0.0453124,0.0648906,-0.416436,-1.25808,-2.10239
-0.0308212,-0.0454378,0.0646798,-0.411258,-1.25052,-2.1122
-0.0308621,-0.0455625,0.0644681,-0.406057,-1.24293,-2.12201
-0.0309025,-0.0456864,0.0642554,-0.400834,-1.2353,-2.13181
-0.0309423,-0.0458095,0.0640418,-0.395588,-1.22762,-2.14161
-0.0309816,-0.0459319,0.0638271,-0.390319,-1.21991,-2.1514
-0.0310203,-0.0460535,0.0636115,-0.385027,-1.21215,-2.16119
-0.0310586,-0.0461743,0.0633949,-0.379713,-1.20436,-2.17097
-0.0310963,-0.0462944,0.0631773,-0.374375,-1.19652,-2.18075
-0.0311334,-0.0464136,0.0629587,-0.369013,-1.18864,-2.19052
-0.0311701,-0.0465321,0.0627392,-0.363629,-1.18071,-2.20029
-0.0312062,-0.0466498,0.0625187,-0.35822,-1.17275,-2.21006
-0.0312417,-0.0467666,0.0622972,-0.352788,-1.16474,-2.21981
-0.0312767,-0.0468827,0.0620747,-0.347332,-1.15669,-2.22957
-0.0313112,-0.046998,0.0618513,-0.341852,-1.14859,-2.23932
-0.0313451,-0.0471124,0.0616269,-0.336347,-1.14045,-2.24906
-0.0313785,-0.0472261,0.0614015,-0.330819,-1.13227,-2.2588
-0.0314113,-0.0473389,0.0611751,-0.325265,-1.12404,-2.26853
-0.0314435,-0.0474509,0.0609478,-0.319687,-1.11577,-2.27826
-0.0314752,-0.047562,0.0607194,-0.314084,-1.10745,-2.28799
-0.0315063,-0.0476724,0.0604902,-0.308456,-1.09909,-2.29771
-0.0315369,-0.0477819,0.0602599,-0.302802,-1.09068,-2.30742
-0.0315669,-0.0478905,0.0600287,-0.297124,-1.08223,-2.31713
-0.0315963,-0.0479983,0.0597965,-0.291419,-1.07373,-2.32683
-0.0316252,-0.0481052,0.0595633,-0.285689,-1.06518,-2.33653
-0.0316535,-0.0482113,0.0593292,-0.279933,-1.05659,-2.34623
-0.0316812,-0.0483166,0.0590941,-0.274151,-1.04795,-2.35592
-0.0317083,-0.0484209,0.058858,-0.268342,-1.03926,-2.3656
-0.0317348,-0.0485244,0.0586209,-0.262508,-1.03053,-2.37528
-0.0317608,-0.048627,0.0583829,-0.256646,-1.02174,-2.38496
-0.0317862,-0.0487288,0.0581439,-0.250758,-1.01291,-2.39462
-0.0318109,-0.0488296,0.057904,-0.244842,-1.00403,-2.40429
-0.0318351,-0.0489296,0.0576631,-0.2389,-0.9951,-2.41395
-0.0318587,-0.0490286,0.0574212,-0.23293,-0.986121,-2.4236
-0.0318817,-0.0491268,0.0571784,-0.226932,-0.977092,-2.43325
-0.0319041,-0.049224,0.0569346,-0.220907,-0.968012,-2.44289
-0.0319259,-0.0493204,0.0566898,-0.214854,-0.958882,-2.45253
-0.0319471,-0.0494158,0.0564441,-0.208772,-0.949701,-2.46217
-0.0319676,-0.0495103,0.0561974,-0.202662,-0.940468,-2.47179
-0.0319876,-0.0496039,0.0559497,-0.196524,-0.931184,-2.48141
-0.0320069,-0.0496966,0.0557011,-0.190357,-0.921847,-2.49103
-0.0320257,-0.0497883,0.0554515,-0.18416,-0.912458,-2.50064
-0.0320438,-0.049879,0.0552009,-0.177935,-0.903016,-2.51025
-0.0320613,-0.0499689,0.0549494,-0.17168,-0.89352,-2.51985
-0.0320781,-0.0500578,0.054697,-0.165395,-0.883971,-2.52944
-0.0320943,-0.0501457,0.0544436,-0.159081,-0.874367,-2.53903
-0.0321099,-0.0502326,0.0541892,-0.152736,-0.864708,-2.54862
-0.0321249,-0.0503186,0.0539338,-0.146361,-0.854995,-2.55819
-0.0321392,-0.0504036,0.0536775,-0.139956,-0.845226,-2.56777
-0.0321529,-0.0504877,0.0534203,-0.133519,-0.835401,-2.57733
-0.0321659,-0.0505707,0.0531621,-0.127052,-0.825519,-2.58689
-0.0321783,-0.0506528,0.0529029,-0.120553,-0.81558,-2.59644
-0.03219,-0.0507338,0.0526428,-0.114023,-0.805585,-2.60599
-0.0322011,-0.0508139,0.0523817,-0.107462,-0.795531,-2.61553
-0.0322115,-0.0508929,0.0521197,-0.100868,-0.785419,-2.62507
-0.0322213,-0.0509709,0.0518567,-0.0942418,-0.775248,-2.6346
-0.0322303,-0.051048,0.0515928,-0.0875833,-0.765018,-2.64412
-0.0322388,-0.051124,0.0513279,-0.080892,-0.754728,-2.65364
-0.0322465,-0.0511989,0.051062,-0.0741677,-0.744378,-2.66315
-0.0322536,-0.0512728,0.0507952,-0.0674102,-0.733967,-2.67265
-0.03226,-0.0513457,0.0505275,-0.0606192,-0.723495,-2.68215
-0.0322657,-0.0514175,0.0502588,-0.0537944,-0.712961,-2.69163
-0.0322708,-0.0514883,0.0499892,-0.0469355,-0.702364,-2.70112
-0.0322751,-0.051558,0.0497186,-0.0400423,-0.691705,-2.71059
-0.0322788,-0.0516266,0.0494471,-0.0331144,-0.680982,-2.72006
-0.0322817,-0.0516942,0.0491746,-0.0261517,-0.670195,-2.72952
-0.032284,-0.0517607,0.0489011,-0.0191538,-0.659344,-2.73897
-0.0322856,-0.0518261,0.0486268,-0.0121204,-0.648427,-2.74842
-0.0322864,-0.0518903,0.0483515,-0.00505133,-0.637445,-2.75786
-0.0322866,-0.0519535,0.0480752,0.00205384,-0.626397,-2.76729
-0.032286,-0.0520156,0.047798,0.00919534,-0.615282,-2.77671
-0.0322847,-0.0520766,0.0475199,0.0163735,-0.604099,-2.78612
-0.0322827,-0.0521364,0.0472408,0.0235886,-0.592848,-2.79553
-0.03228,-0.0521952,0.0469608,0.030841,-0.581529,-2.80493
-0.0322766,-0.0522527,0.0466798,0.0381309,-0.57014,-2.81432
-0.0322724,-0.0523092,0.0463979,0.0454588,-0.558681,-2.8237
-0.0322675,-0.0523645,0.0461151,0.0528248,-0.547152,-2.83307
-0.0322618,-0.0524186,0.0458313,0.0602294,-0.535551,-2.84243
-0.0322554,-0.0524716,0.0455466,0.0676729,-0.523878,-2.85179
-0.0322483,-0.0525234,0.0452609,0.0751555,-0.512133,-2.86113
-0.0322404,-0.052574,0.0449743,0.0826778,-0.500315,-2.87047
-0.0322317,-0.0526234,0.0446868,0.0902398,-0.488423,-2.87979
-0.0322223,-0.0526717,0.0443984,0.0978422,-0.476456,-2.88911
-0.0322122,-0.0527187,0.044109,0.105485,-0.464414,-2.89841
-0.0322012,-0.0527646,0.0438187,0.113169,-0.452295,-2.90771
-0.0321895,-0.0528092,0.0435275,0.120894,-0.4401,-2.91699
-0.0321771,-0.0528526,0.0432353,0.128661,-0.427827,-2.92627
-0.0321638,-0.0528948,0.0429422,0.13647,-0.415477,-2.93553
-0.0321498,-0.0529357,0.0426482,0.144321,-0.403047,-2.94478
-0.0321349,-0.0529754,0.0423533,0.152215,-0.390537,-2.95402
-0.0321193,-0.0530138,0.0420574,0.160152,-0.377946,-2.96325
-0.0321029,-0.0530509,0.0417606,0.168133,-0.365274,-2.97247
-0.0320857,-0.0530868,0.0414629,0.176158,-0.35252,-2.98168
-0.0320677,-0.0531215,0.0411643,0.184227,-0.339683,-2.99087
-0.0320488,-0.0531548,0.0408647,0.19234,-0.326762,-3.00005
-0.0320292,-0.0531868,0.0405643,0.200499,-0.313757,-3.00922
-0.0320087,-0.0532175,0.0402629,0.208704,-0.300665,-3.01837
-0.0319875,-0.0532469,0.0399606,0.216955,-0.287488,-3.02751
-0.0319654,-0.053275,0.0396574,0.225252,-0.274223,-3.03664
-0.0319424,-0.0533018,0.0393533,0.233595,-0.260869,-3.04575
-0.0319186,-0.0533272,0.0390482,0.241987,-0.247427,-3.05485
-0.031894,-0.0533513,0.0387423,0.250425,-0.233895,-3.06394
-0.0318685,-0.053374,0.0384354,0.258913,-0.220271,-3.07301
-0.0318422,-0.0533953,0.0381277,0.267448,-0.206556,-3.08206
-0.0318151,-0.0534153,0.037819,0.276033,-0.192748,-3.0911
-0.031787,-0.0534339,0.0375095,0.284668,-0.178846,-3.10012
-0.0317581,-0.053451,0.037199,0.293352,-0.164849,-3.10912
-0.0317283,-0.0534668,0.0368876,0.302087,-0.150756,-3.11811
-0.0316977,-0.0534812,0.0365754,0.310873,-0.136566,-3.12708
-0.0316662,-0.0534941,0.0362622,0.319711,-0.122278,-3.13604
-0.0316338,-0.0535056,0.0359482,0.3286,-0.107891,-3.14497
-0.0316004,-0.0535157,0.0356332,0.337543,-0.0934045,-3.15389
-0.0315662,-0.0535243,0.0353174,0.346538,-0.0788164,-3.16279
-0.0315311,-0.0535315,0.0350007,0.355587,-0.064126,-3.17167
-0.0314951,-0.0535371,0.0346831,0.364689,-0.0493323,-3.18053
-0.0314582,-0.0535413,0.0343646,0.373847,-0.0344339,-3.18936
-0.0314204,-0.053544,0.0340452,0.38306,-0.0194298,-3.19818
-0.0313816,-0.0535452,0.0337249,0.392328,-0.00431881,-3.20698
-0.0313419,-0.0535449,0.0334038,0.401653,0.0109003,-3.21575
-0.0313013,-0.053543,0.0330818,0.411034,0.0262287,-3.22451
-0.0312597,-0.0535396,0.0327589,0.420473,0.0416678,-3.23323
-0.0312172,-0.0535347,0.0324351,0.42997,0.0572186,-3.24194
-0.0311737,-0.0535282,0.0321105,0.439526,0.0728825,-3.25062
-0.0311293,-0.0535201,0.031785,0.449141,0.0886609,-3.25928
-0.0310839,-0.0535104,0.0314587,0.458815,0.104555,-3.26791
-0.0310375,-0.0534992,0.0311314,0.46855,0.120566,-3.27652
-0.0309901,-0.0534863,0.0308034,0.478347,0.136696,-3.2851
-0.0309418,-0.0534718,0.0304744,0.488204,0.152945,-3.29365
-0.0308925,-0.0534557,0.0301446,0.498125,0.169316,-3.30217
-0.0308422,-0.053438,0.029814,0.508108,0.185809,-3.31067
-0.0307909,-0.0534186,0.0294825,0.518155,0.202426,-3.31913
-0.0307386,-0.0533975,0.0291502,0.528266,0.219169,-3.32757
-0.0306852,-0.0533747,0.028817,0.538442,0.236039,-3.33598
-0.0306309,-0.0533503,0.028483,0.548684,0.253038,-3.34435
-0.0305755,-0.0533241,0.0281481,0.558992,0.270167,-3.35269
-0.0305191,-0.0532962,0.0278124,0.569367,0.287427,-3.361
-0.0304616,-0.0532666,0.0274759,0.579811,0.304821,-3.36927
-0.0304031,-0.0532353,0.0271386,0.590322,0.32235,-3.37751
-0.0303435,-0.0532022,0.0268004,0.600903,0.340016,-3.38571
-0.0302829,-0.0531673,0.0264614,0.611555,0.35782,-3.39388
-0.0302212,-0.0531306,0.0261216,0.622277,0.375764,-3.40201
-0.0301585,-0.0530921,0.025781,0.63307,0.39385,-3.4101
-0.0300946,-0.0530518,0.0254396,0.643936,0.412079,-3.41815
-0.0300297,-0.0530097,0.0250974,0.654875,0.430454,-3.42615
-0.0299636,-0.0529657,0.0247544,0.665888,0.448977,-3.43412
-0.0298965,-0.0529199,0.0244106,0.676976,0.467648,-3.44205
-0.0298282,-0.0528722,0.024066,0.68814,0.48647,-3.44992
-0.0297589,-0.0528226,0.0237206,0.69938,0.505445,-3.45776
-0.0296884,-0.0527711,0.0233744,0.710698,0.524576,-3.46555
-0.0296167,-0.0527177,0.0230275,0.722094,0.543863,-3.47329
-0.0295439,-0.0526623,0.0226798,0.733568,0.563309,-3.48098
-0.02947,-0.052605,0.0223313,0.745123,0.582916,-3.48862
-0.0293949,-0.0525457,0.0219821,0.756759,0.602686,-3.49621
-0.0293186,-0.0524845,0.0216321,0.768477,0.622622,-3.50374
-0.0292412,-0.0524212,0.0212813,0.780277,0.642725,-3.51122
-0.0291626,-0.0523559,0.0209298,0.792161,0.662998,-3.51865
-0.0290828,-0.0522886,0.0205776,0.80413,0.683443,-3.52602
-0.0290018,-0.0522192,0.0202246,0.816185,0.704062,-3.53333
-0.0289195,-0.0521478,0.0198709,0.828326,0.724858,-3.54057
-0.0288361,-0.0520742,0.0195165,0.840555,0.745833,-3.54776
-0.0287514,-0.0519986,0.0191614,0.852873,0.76699,-3.55488
-0.0286655,-0.0519208,0.0188055,0.86528,0.78833,-3.56194
-0.0285784,-0.0518409,0.018449,0.877778,0.809857,-3.56892
-0.02849,-0.0517589,0.0180917,0.890368,0.831573,-3.57584
-0.0284003,-0.0516746,0.0177338,0.903051,0.853481,-3.58269
-0.0283093,-0.0515882,0.0173752,0.915828,0.875583,-3.58946
-0.0282171,-0.0514995,0.0170159,0.928701,0.897882,-3.59616
-0.0281236,-0.0514086,0.016656,0.941669,0.920381,-3.60278
-0.0280288,-0.0513154,0.0162954,0.954735,0.943083,-3.60932
-0.0279326,-0.0512199,0.0159341,0.9679,0.96599,-3.61578
-0.0278352,-0.0511222,0.0155722,0.981164,0.989106,-3.62216
-0.0277364,-0.0510221,0.0152097,0.99453,1.01243,-3.62845
-0.0276363,-0.0509197,0.0148465,1.008,1.03597,-3.63465
-0.0275348,-0.0508149,0.0144828,1.02157,1.05973,-3.64075
-0.027432,-0.0507077,0.0141184,1.03524,1.08371,-3.64677
-0.0273278,-0.0505982,0.0137534,1.04903,1.10792,-3.65268
-0.0272222,-0.0504862,0.0133879,1.06291,1.13235,-3.6585
-0.0271152,-0.0503717,0.0130217,1.07691,1.15701,-3.66421
-0.0270068,-0.0502547,0.012655,1.09102,1.1819,-3.66982
-0.026897,-0.0501353,0.0122878,1.10524,1.20703,-3.67532
-0.0267857,-0.0500133,0.01192,1.11957,1.23241,-3.68071
-0.026673,-0.0498888,0.0115516,1.13401,1.25802,-3.68599
-0.0265589,-0.0497617,0.0111828,1.14857,1.28389,-3.69114
-0.0264433,-0.049632,0.0108134,1.16325,1.31001,-3.69617
-0.0263263,-0.0494997,0.0104435,1.17805,1.33638,-3.70108
-0.0262077,-0.0493647,0.0100732,1.19296,1.36301,-3.70586
-0.0260877,-0.0492271,0.00970236,1.208,1.3899,-3.71051
-0.0259661,-0.0490867,0.00933109,1.22316,1.41707,-3.71502
-0.025843,-0.0489437,0.00895936,1.23844,1.4445,-3.71938
-0.0257184,-0.0487978,0.00858721,1.25385,1.47221,-3.72361
-0.0255923,-0.0486492,0.00821465,1.26938,1.5002,-3.72768
-0.0254645,-0.0484978,0.00784168,1.28505,1.52847,-3.7316
-0.0253352,-0.0483435,0.00746833,1.30084,1.55703,-3.73536
-0.0252044,-0.0481864,0.00709461,1.31677,1.58588,-3.73896
-0.0250719,-0.0480263,0.00672055,1.33283,1.61503,-3.74239
-0.0249378,-0.0478634,0.00634614,1.34902,1.64449,-3.74565
-0.0248021,-0.0476974,0.00597142,1.36536,1.67425,-3.74872
-0.0246647,-0.0475285,0.0055964,1.38183,1.70432,-3.75162
-0.0245257,-0.0473566,0.0052211,1.39844,1.73471,-3.75432
-0.024385,-0.0471815,0.00484555,1.41519,1.76542,-3.75683
-0.0242427,-0.0470035,0.00446975,1.43209,1.79645,-3.75913
-0.0240986,-0.0468222,0.00409373,1.44913,1.82782,-3.76123
-0.0239528,-0.0466379,0.00371751,1.46632,1.85952,-3.76311
-0.0238053,-0.0464503,0.00334111,1.48365,1.89157,-3.76478
-0.0236561,-0.0462596,0.00296456,1.50114,1.92396,-3.76621
-0.0235051,-0.0460655,0.00258788,1.51878,1.95671,-3.76741
-0.0233523,-0.0458682,0.00221109,1.53657,1.98982,-3.76836
-0.0231978,-0.0456675,0.00183421,1.55452,2.02329,-3.76906
-0.0230414,-0.0454635,0.00145728,1.57263,2.05713,-3.76951
-0.0228832,-0.0452561,0.00108032,1.5909,2.09135,-3.76968
-0.0227232,-0.0450452,0.000703355,1.60933,2.12595,-3.76958
-0.0225614,-0.0448309,0.000326413,1.62792,2.16094,-3.7692
-0.0223976,-0.044613,-5.04755e-05,1.64667,2.19632,-3.76852
-0.022232,-0.0443916,-0.000427281,1.6656,2.2321,-3.76754
-0.0220645,-0.0441666,-0.000803973,1.68469,2.2683,-3.76625
-0.0218951,-0.043938,-0.00118052,1.70395,2.3049,-3.76463
-0.0217237,-0.0437056,-0.00155689,1.72338,2.34193,-3.76267
-0.0215504,-0.0434696,-0.00193304,1.74299,2.37938,-3.76037
-0.0213751,-0.0432297,-0.00230895,1.76277,2.41727,-3.75772
-0.0211978,-0.0429861,-0.00268457,1.78274,2.4556,-3.75469
-0.0210186,-0.0427386,-0.00305988,1.80287,2.49438,-3.75128
-0.0208373,-0.0424872,-0.00343482,1.8232,2.53361,-3.74748
-0.0206539,-0.0422319,-0.00380936,1.8437,2.57331,-3.74327
-0.0204685,-0.0419725,-0.00418346,1.86439,2.61348,-3.73864
-0.020281,-0.0417091,-0.00455707,1.88526,2.65412,-3.73357
-0.0200915,-0.0414417,-0.00493016,1.90632,2.69525,-3.72805
-0.0198998,-0.0411701,-0.00530267,1.92757,2.73687,-3.72207
-0.0197059,-0.0408943,-0.00567456,1.949,2.77899,-3.7156
-0.01951,-0.0406143,-0.00604577,1.97063,2.82161,-3.70863
-0.0193118,-0.0403299,-0.00641627,1.99246,2.86476,-3.70115
-0.0191115,-0.0400413,-0.00678598,2.01447,2.90842,-3.69313
-0.0189089,-0.0397482,-0.00715487,2.03668,2.95261,-3.68456
-0.0187041,-0.0394508,-0.00752288,2.05909,2.99735,-3.67541
-0.0184971,-0.0391488,-0.00788994,2.08169,3.04263,-3.66567
-0.0182878,-0.0388422,-0.00825599,2.10449,3.08846,-3.65532
-0.0180762,-0.038531,-0.00862098,2.12749,3.13485,-3.64433
-0.0178623,-0.0382152,-0.00898483,2.15069,3.18182,-3.63268
-0.017646,-0.0378947,-0.00934749,2.17409,3.22936,-3.62035
-0.0174275,-0.0375693,-0.00970888,2.19768,3.27749,-3.60731
-0.0172065,-0.0372391,-0.0100689,2.22148,3.3262,-3.59353
-0.0169831,-0.0369041,-0.0104276,2.24547,3.37552,-3.579
-0.0167574,-0.036564,-0.0107847,2.26966,3.42545,-3.56368
-0.0165292,-0.036219,-0.0111403,2.29405,3.47599,-3.54754
-0.0162986,-0.0358688,-0.0114942,2.31863,3.52715,-3.53056
-0.0160655,-0.0355135,-0.0118464,2.34341,3.57894,-3.5127
-0.0158299,-0.035153,-0.0121967,2.36838,3.63137,-3.49393
-0.0155918,-0.0347872,-0.0125451,2.39354,3.68443,-3.47421
-0.0153512,-0.0344161,-0.0128915,2.41889,3.73815,-3.45352
-0.015108,-0.0340396,-0.0132358,2.44442,3.79251,-3.43182
-0.0148623,-0.0336576,-0.0135778,2.47014,3.84753,-3.40906
-0.014614,-0.03327,-0.0139176,2.49603,3.90322,-3.38521
-0.0143631,-0.0328769,-0.0142548,2.5221,3.95957,-3.36022
-0.0141096,-0.0324781,-0.0145896,2.54834,4.01659,-3.33406
-0.0138534,-0.0320736,-0.0149216,2.57473,4.07428,-3.30669
-0.0135946,-0.0316632,-0.0152509,2.60129,4.13265,-3.27804
-0.0133331,-0.031247,-0.0155772,2.62799,4.19169,-3.24809
-0.013069,-0.0308249,-0.0159004,2.65484,4.25141,-3.21677
-0.0128022,-0.0303967,-0.0162205,2.68182,4.3118,-3.18404
-0.0125326,-0.0299625,-0.0165372,2.70892,4.37287,-3.14984
-0.0122604,-0.0295221,-0.0168504,2.73614,4.4346,-3.11412
-0.0119854,-0.0290755,-0.01716,2.76346,4.497,-3.07682
-0.0117077,-0.0286227,-0.0174657,2.79086,4.56006,-3.03789
-0.0114272,-0.0281635,-0.0177675,2.81834,4.62376,-2.99725
-0.011144,-0.0276979,-0.0180651,2.84588,4.68811,-2.95485
-0.010858,-0.0272259,-0.0183584,2.87346,4.75308,-2.91062
-0.0105693,-0.0267473,-0.0186472,2.90106,4.81867,-2.8645
-0.0102778,-0.0262621,-0.0189312,2.92867,4.88486,-2.81641
-0.00998359,-0.0257703,-0.0192104,2.95626,4.95162,-2.76628
-0.00968658,-0.0252718,-0.0194844,2.98381,5.01895,-2.71403
-0.00968658,-0.0252718,-0.0194844,2.98381,5.01895,-2.71403
-0.00938675,-0.0247664,-0.0197531,3.01286,5.088,-2.65935
-0.00908402,-0.0242541,-0.0200162,3.04181,5.15756,-2.6024
-0.00877839,-0.0237349,-0.0202735,3.07064,5.2276,-2.5431
-0.00846989,-0.0232086,-0.0205247,3.09931,5.29807,-2.48137
-0.00815854,-0.0226753,-0.0207697,3.12779,5.36893,-2.41711
-0.00784434,-0.0221348,-0.0210081,3.15605,5.44015,-2.35025
-0.00752734,-0.0215872,-0.0212396,3.18403,5.51167,-2.2807
-0.00720755,-0.0210325,-0.0214641,3.2117,5.58344,-2.20835
-0.00688501,-0.0204705,-0.0216812,3.23902,5.6554,-2.13313
-0.00655976,-0.0199014,-0.0218906,3.26592,5.72748,-2.05495
-0.00623184,-0.019325,-0.0220921,3.29236,5.79961,-1.9737
-0.0059013,-0.0187415,-0.0222853,3.31828,5.8717,-1.88929
-0.0055682,-0.0181507,-0.0224699,3.34362,5.94368,-1.80163
-0.0052326,-0.0175527,-0.0226455,3.36831,6.01544,-1.71064
-0.00489456,-0.0169476,-0.0228119,3.39229,6.08689,-1.61622
-0.00455417,-0.0163354,-0.0229686,3.41547,6.1579,-1.51827
-0.0042115,-0.0157161,-0.0231154,3.43779,6.22837,-1.41673
-0.00386664,-0.0150897,-0.0232518,3.45916,6.29815,-1.31149
-0.0035197,-0.0144564,-0.0233776,3.47948,6.3671,-1.2025
-0.00317078,-0.0138163,-0.0234922,3.49868,6.43509,-1.08967
-0.00282,-0.0131695,-0.0235954,3.51666,6.50193,-0.972936
-0.0024675,-0.012516,-0.0236867,3.5333,6.56747,-0.852251
-0.00211339,-0.011856,-0.0237657,3.54852,6.63151,-0.727563
-0.00175784,-0.0111897,-0.023832,3.5622,6.69387,-0.598836
-0.00140101,-0.0105173,-0.0238853,3.57422,6.75433,-0.466045
-0.00104306,-0.00983895,-0.0239251,3.58448,6.81269,-0.329181
-0.000684173,-0.00915486,-0.023951,3.59286,6.86872,-0.188247
-0.000324552,-0.00846529,-0.0239626,3.59923,6.92217,-0.043267
3.56018e-05,-0.00777051,-0.0239595,3.60347,6.97282,0.105719
0.000396068,-0.00707083,-0.0239414,3.60546,7.0204,0.258648
0.000756615,-0.00636654,-0.0239077,3.60508,7.06466,0.415437
0.000756615,-0.00636654,-0.0239077,3.60508,7.06466,0.415437
0.00111701,-0.005658,-0.0238582,3.60236,7.10565,0.57545
0.001477,-0.00494554,-0.0237925,3.59702,7.14278,0.73908
0.00183632,-0.00422958,-0.0237102,3.58894,7.17579,0.906169
0.00219469,-0.00351053,-0.0236111,3.57803,7.20441,1.07653
0.00255183,-0.00278885,-0.0234948,3.56417,7.22837,1.24993
0.00290743,-0.00206502,-0.0233611,3.54726,7.24742,1.42615
0.00326118,-0.00133954,-0.0232095,3.52722,7.26129,1.60489
0.00361276,-0.000612942,-0.02304,3.50397,7.26976,1.78585
0.00396186,0.000114224,-0.0228523,3.47744,7.2726,1.96869
0.00430814,0.000841383,-0.0226462,3.4476,7.2696,2.15306
0.00465127,0.00156794,-0.0224216,3.41439,7.26058,2.33857
0.00499091,0.00229329,-0.0221785,3.37781,7.24538,2.5248
0.00532672,0.00301681,-0.0219167,3.33785,7.22387,2.71131
0.00565836,0.00373785,-0.0216362,3.29454,7.19594,2.89766
0.00598551,0.00445578,-0.0213372,3.24791,7.16153,3.08339
0.00630784,0.00516994,-0.0210196,3.19802,7.12061,3.26801
0.00662501,0.00587969,-0.0206836,3.14496,7.07317,3.45104
0.00693672,0.00658436,-0.0203294,3.08881,7.01926,3.63201
0.00724268,0.00728333,-0.0199573,3.02971,6.95897,3.81044
0.00754257,0.00797595,-0.0195675,2.96779,6.89241,3.98585
0.00783614,0.0086616,-0.0191602,2.9032,6.81973,4.15781
0.00812313,0.00933969,-0.018736,2.83612,6.74113,4.32587
0.00840329,0.0100096,-0.0182952,2.76673,6.65684,4.48963
0.00867641,0.0106709,-0.0178383,2.69523,6.56711,4.64869
0.00894227,0.0113229,-0.0173656,2.62183,6.47224,4.80273
0.00920071,0.0119652,-0.0168779,2.54673,6.37253,4.9514
0.00945157,0.0125972,-0.0163755,2.47017,6.26831,5.09445
0.00969471,0.0132187,-0.0158592,2.39237,6.15995,5.23162
0.00993001,0.0138291,-0.0153294,2.31355,6.04781,5.36271
0.0101574,0.0144281,-0.0147869,2.23394,5.93225,5.48757
0.0103768,0.0150155,-0.0142321,2.15375,5.81367,5.60608
0.0105881,0.0155908,-0.0136659,2.07319,5.69243,5.71815
0.0107914,0.0161539,-0.0130887,1.99249,5.56893,5.82373
0.0109866,0.0167045,-0.0125013,1.91182,5.44353,5.92283
0.0111738,0.0172425,-0.0119044,1.83138,5.3166,6.01546
0.0113529,0.0177678,-0.0112984,1.75135,5.18849,6.10168
0.0115241,0.0182802,-0.0106842,1.67188,5.05954,6.18159
0.0116873,0.0187797,-0.0100623,1.59314,4.93008,6.25528
0.0118427,0.0192662,-0.00943338,1.51525,4.80039,6.32289
0.0119904,0.0197398,-0.00879796,1.43836,4.67079,6.38459
0.0121304,0.0202004,-0.00815665,1.36256,4.54152,6.44053
0.012263,0.0206481,-0.00751004,1.28796,4.41284,6.4909
0.0123881,0.021083,-0.00685865,1.21464,4.28498,6.53589
0.0125059,0.0215051,-0.00620303,1.14269,4.15814,6.57572
0.0126167,0.0219146,-0.00554367,1.07216,4.03251,6.61059
0.0127204,0.0223117,-0.00488107,1.00312,3.90826,6.64072
0.0128173,0.0226963,-0.00421568,0.935597,3.78553,6.66632
0.0129076,0.0230688,-0.00354795,0.869634,3.66447,6.68761
0.0129913,0.0234293,-0.00287829,0.805255,3.54517,6.70481
0.0130687,0.0237779,-0.00220711,0.742477,3.42775,6.71813
0.0131399,0.0241149,-0.00153479,0.68131,3.31229,6.72778
0.013205,0.0244404,-0.000861675,0.621758,3.19885,6.73396
0.0132643,0.0247547,-0.000188106,0.563818,3.0875,6.73689
0.0133178,0.025058,0.0004856,0.507484,2.97828,6.73674
0.0133658,0.0253505,0.00115915,0.452742,2.87122,6.73372
0.0134084,0.0256323,0.00183225,0.399578,2.76635,6.72799
0.0134458,0.0259038,0.00250466,0.347969,2.66368,6.71974
0.0134781,0.0261651,0.00317612,0.297895,2.56322,6.70913
0.0135054,0.0264165,0.00384641,0.249329,2.46497,6.69632
0.013528,0.0266582,0.00451532,0.202243,2.36893,6.68147
0.0135459,0.0268904,0.00518264,0.156608,2.27508,6.66471
0.0135593,0.0271133,0.0058482,0.112394,2.18341,6.64618
0.0135684,0.0273271,0.00651183,0.069567,2.09389,6.62602
0.0135733,0.0275322,0.00717336,0.028095,2.0065,6.60434
0.0135741,0.0277285,0.00783265,-0.0120558,1.92121,6.58127
0.0135709,0.0279165,0.00848957,-0.0509197,1.83799,6.55691
0.013564,0.0280962,0.00914399,-0.0885308,1.75681,6.53137
0.0135533,0.0282679,0.0097958,-0.124924,1.67762,6.50474
0.013539,0.0284318,0.0104449,-0.160132,1.6004,6.47712
0.0135213,0.028588,0.0110912,-0.194191,1.5251,6.44858
0.0135002,0.0287369,0.0117346,-0.227134,1.45169,6.41922
0.0134759,0.0288784,0.012375,-0.258993,1.38011,6.38911
0.0134484,0.0290129,0.0130124,-0.289803,1.31034,6.35831
0.013418,0.0291406,0.0136467,-0.319594,1.24234,6.3269
0.0133846,0.0292615,0.0142778,-0.3484,1.17605,6.29493
0.0133483,0.0293758,0.0149056,-0.37625,1.11144,6.26247
0.0133093,0.0294838,0.0155302,-0.403175,1.04846,6.22957
0.0132677,0.0295856,0.0161515,-0.429204,0.987088,6.19628
0.0132235,0.0296813,0.0167695,-0.454366,0.927268,6.16264
0.0131769,0.0297711,0.017384,-0.47869,0.868964,6.1287
0.0131278,0.0298551,0.0179952,-0.502201,0.812137,6.09451
0.0130765,0.0299336,0.0186029,-0.524928,0.756748,6.06009
0.0130229,0.0300065,0.0192072,-0.546895,0.702758,6.02549
0.0129671,0.0300742,0.019808,-0.568127,0.65013,5.99074
0.0129093,0.0301366,0.0204054,-0.588648,0.598828,5.95586
0.0128494,0.030194,0.0209992,-0.608482,0.548816,5.92089
0.0127876,0.0302464,0.0215895,-0.627651,0.500058,5.88585
0.0127239,0.030294,0.0221764,-0.646178,0.452521,5.85077
0.0126584,0.0303369,0.0227597,-0.664083,0.406169,5.81567
0.0125911,0.0303753,0.0233395,-0.681386,0.360972,5.78057
0.0125221,0.0304092,0.0239158,-0.698108,0.316897,5.74549
0.0124515,0.0304387,0.0244886,-0.714267,0.273913,5.71045
0.0123793,0.030464,0.0250579,-0.729882,0.23199,5.67546
0.0123055,0.0304851,0.0256237,-0.744971,0.191099,5.64054
0.0122303,0.0305022,0.026186,-0.759551,0.151211,5.6057
0.0121536,0.0305154,0.0267448,-0.773639,0.112297,5.57097
0.0120756,0.0305247,0.0273002,-0.787249,0.0743325,5.53634
0.0119962,0.0305303,0.0278521,-0.800399,0.0372897,5.50182
0.0119155,0.0305322,0.0284006,-0.813102,0.00114345,5.46744
0.0118336,0.0305306,0.0289456,-0.825374,-0.0341309,5.4332
0.0117505,0.0305254,0.0294872,-0.837227,-0.0685573,5.3991
0.0116662,0.0305169,0.0300254,-0.848676,-0.102159,5.36516
0.0115807,0.030505,0.0305603,-0.859733,-0.134959,5.33138
0.0114942,0.0304899,0.0310917,-0.870411,-0.166978,5.29777
0.0114067,0.0304716,0.0316198,-0.880721,-0.198239,5.26433
0.0113181,0.0304503,0.0321446,-0.890675,-0.228761,5.23106
0.0112285,0.0304259,0.032666,-0.900285,-0.258565,5.19798
0.011138,0.0303986,0.0331842,-0.909561,-0.287669,5.16509
0.0110466,0.0303684,0.0336991,-0.918513,-0.316094,5.13239
0.0109544,0.0303354,0.0342107,-0.927152,-0.343856,5.09988
0.0108612,0.0302997,0.034719,-0.935487,-0.370975,5.06757
0.0107673,0.0302612,0.0352242,-0.943528,-0.397466,5.03546
0.0106725,0.0302202,0.0357261,-0.951283,-0.423346,5.00355
0.010577,0.0301766,0.0362249,-0.958761,-0.448632,4.97184
0.0104808,0.0301305,0.0367205,-0.965971,-0.473339,4.94033
0.0103838,0.0300819,0.037213,-0.972921,-0.497482,4.90904
0.0102862,0.030031,0.0377023,-0.979618,-0.521076,4.87794
0.0101879,0.0299777,0.0381886,-0.98607,-0.544135,4.84706
0.010089,0.0299222,0.0386717,-0.992284,-0.566673,4.81639
0.00998947,0.0298644,0.0391519,-0.998268,-0.588704,4.78592
0.00988935,0.0298045,0.0396289,-1.00403,-0.610239,4.75566
0.00978867,0.0297424,0.040103,-1.00957,-0.631292,4.72561
0.00968745,0.0296782,0.0405741,-1.0149,-0.651876,4.69578
0.0095857,0.029612,0.0410422,-1.02003,-0.672001,4.66614
0.00948345,0.0295438,0.0415073,-1.02495,-0.691679,4.63672
0.00938071,0.0294737,0.0419695,-1.02969,-0.710922,4.6075
0.00927752,0.0294017,0.0424288,-1.03424,-0.72974,4.5785
0.00917387,0.0293278,0.0428852,-1.0386,-0.748144,4.54969
0.0090698,0.0292521,0.0433388,-1.04279,-0.766144,4.5211
0.00896532,0.0291746,0.0437894,-1.0468,-0.783749,4.4927
0.00886045,0.0290953,0.0442373,-1.05065,-0.80097,4.46451
0.0087552,0.0290144,0.0446824,-1.05433,-0.817816,4.43652
0.00864959,0.0289318,0.0451246,-1.05786,-0.834295,4.40874
0.00854363,0.0288475,0.0455641,-1.06123,-0.850417,4.38115
0.00843735,0.0287617,0.0460009,-1.06445,-0.86619,4.35376
0.00833075,0.0286743,0.0464349,-1.06753,-0.881622,4.32657
0.00822384,0.0285854,0.0468662,-1.07046,-0.896722,4.29957
0.00811666,0.028495,0.0472948,-1.07326,-0.911496,4.27277
0.0080092,0.0284031,0.0477207,-1.07593,-0.925953,4.24616
0.00790148,0.0283098,0.048144,-1.07846,-0.940101,4.21975
0.00779351,0.0282151,0.0485647,-1.08086,-0.953945,4.19352
0.00768531,0.028119,0.0489827,-1.08315,-0.967494,4.16748
0.00757688,0.0280216,0.0493982,-1.08531,-0.980753,4.14163
0.00746825,0.0279229,0.0498111,-1.08735,-0.993731,4.11596
0.00735942,0.0278229,0.0502214,-1.08928,-1.00643,4.09047
0.0072504,0.0277216,0.0506292,-1.0911,-1.01886,4.06517
0.0071412,0.0276191,0.0510344,-1.09281,-1.03103,4.04005
0.00703184,0.0275154,0.0514372,-1.09442,-1.04294,4.01511
0.00692232,0.0274105,0.0518375,-1.09592,-1.0546,3.99034
0.00681266,0.0273045,0.0522353,-1.09732,-1.06601,3.96575
0.00670286,0.0271973,0.0526306,-1.09863,-1.07717,3.94133
0.00659293,0.027089,0.0530235,-1.09984,-1.08811,3.91708
0.00648289,0.0269797,0.053414,-1.10095,-1.09881,3.89301
0.00637275,0.0268693,0.0538021,-1.10198,-1.10929,3.8691
0.0062625,0.0267579,0.0541879,-1.10292,-1.11954,3.84536
0.00615217,0.0266454,0.0545712,-1.10377,-1.12958,3.82179
0.00604175,0.0265319,0.0549522,-1.10454,-1.13941,3.79838
0.00593126,0.0264175,0.0553309,-1.10522,-1.14902,3.77513
0.00582071,0.0263021,0.0557073,-1.10583,-1.15844,3.75204
0.0057101,0.0261858,0.0560813,-1.10636,-1.16766,3.72911
0.00559944,0.0260686,0.0564531,-1.10681,-1.17668,3.70633
0.00548874,0.0259505,0.0568226,-1.10719,-1.18551,3.68372
0.005378,0.0258315,0.0571898,-1.1075,-1.19416,3.66125
0.00526724,0.0257117,0.0575548,-1.10773,-1.20262,3.63894
0.00515646,0.025591,0.0579176,-1.1079,-1.21091,3.61678
0.00504566,0.0254695,0.0582782,-1.108,-1.21902,3.59477
0.00493486,0.0253472,0.0586366,-1.10803,-1.22695,3.5729
0.00482406,0.0252241,0.0589928,-1.108,-1.23472,3.55118
0.00471326,0.0251003,0.0593468,-1.1079,-1.24232,3.52961
0.00460248,0.0249757,0.0596987,-1.10775,-1.24977,3.50818
0.00449172,0.0248503,0.0600485,-1.10753,-1.25705,3.48689
0.00438098,0.0247243,0.0603961,-1.10726,-1.26418,3.46573
0.00427027,0.0245975,0.0607416,-1.10693,-1.27115,3.44472
0.00415959,0.02447,0.061085,-1.10654,-1.27798,3.42385
0.00404896,0.0243419,0.0614264,-1.1061,-1.28465,3.40311
0.00393837,0.0242131,0.0617657,-1.10561,-1.29119,3.3825
0.00382784,0.0240837,0.0621029,-1.10506,-1.29758,3.36203
0.00371736,0.0239536,0.0624381,-1.10446,-1.30384,3.34168
0.00360695,0.0238229,0.0627712,-1.10381,-1.30996,3.32147
0.0034966,0.0236916,0.0631024,-1.10312,-1.31595,3.30138
0.00338633,0.0235597,0.0634315,-1.10237,-1.3218,3.28142
0.00327613,0.0234273,0.0637587,-1.10158,-1.32753,3.26159
0.00316601,0.0232942,0.0640838,-1.10075,-1.33313,3.24188
0.00305598,0.0231606,0.064407,-1.09987,-1.33861,3.2223
0.00294604,0.0230265,0.0647283,-1.09894,-1.34397,3.20283
0.00283619,0.0228918,0.0650476,-1.09798,-1.34921,3.18349
0.00272645,0.0227567,0.065365,-1.09697,-1.35433,3.16426
0.0026168,0.022621,0.0656805,-1.09592,-1.35934,3.14515
0.00250726,0.0224848,0.065994,-1.09483,-1.36423,3.12616
0.00239784,0.0223481,0.0663057,-1.0937,-1.36902,3.10728
0.00228853,0.022211,0.0666155,-1.09253,-1.37369,3.08852
0.00217933,0.0220734,0.0669234,-1.09133,-1.37826,3.06987
0.00207026,0.0219353,0.0672295,-1.09009,-1.38273,3.05133
0.00196131,0.0217969,0.0675337,-1.08881,-1.38709,3.0329
0.0018525,0.0216579,0.0678361,-1.0875,-1.39135,3.01458
0.00174382,0.0215186,0.0681366,-1.08615,-1.39551,2.99637
0.00163527,0.0213788,0.0684353,-1.08477,-1.39958,2.97826
0.00152686,0.0212387,0.0687323,-1.08336,-1.40354,2.96026
0.0014186,0.0210981,0.0690274,-1.08192,-1.40742,2.94236
0.00131048,0.0209572,0.0693207,-1.08044,-1.4112,2.92457
0.00120251,0.0208159,0.0696123,-1.07893,-1.41489,2.90688
0.0010947,0.0206742,0.0699021,-1.07739,-1.41849,2.88929
0.000987034,0.0205322,0.0701902,-1.07582,-1.422,2.8718
0.000879532,0.0203898,0.0704765,-1.07423,-1.42543,2.85441
0.00077219,0.0202471,0.0707611,-1.0726,-1.42877,2.83712
0.000665013,0.0201041,0.0710439,-1.07094,-1.43203,2.81992
0.000558002,0.0199607,0.071325,-1.06926,-1.4352,2.80282
0.000451161,0.019817,0.0716045,-1.06755,-1.4383,2.78582
0.000344492,0.0196731,0.0718822,-1.06582,-1.44131,2.76891
0.000237998,0.0195288,0.0721583,-1.06406,-1.44425,2.75209
0.000131682,0.0193842,0.0724326,-1.06227,-1.44711,2.73536
2.55448e-05,0.0192394,0.0727053,-1.06046,-1.44989,2.71873
-8.04097e-05,0.0190942,0.0729764,-1.05862,-1.4526,2.70218
-0.000186179,0.0189488,0.0732458,-1.05676,-1.45524,2.68572
-0.000291762,0.0188032,0.0735135,-1.05488,-1.45781,2.66936
-0.000397155,0.0186573,0.0737796,-1.05298,-1.4603,2.65307
-0.000502356,0.0185111,0.0740441,-1.05105,-1.46272,2.63688
-0.000607364,0.0183647,0.074307,-1.0491,-1.46508,2.62077
-0.000712175,0.0182181,0.0745683,-1.04712,-1.46737,2.60474
-0.000816788,0.0180713,0.074828,-1.04513,-1.46959,2.5888
-0.0009212,0.0179242,0.0750861,-1.04311,-1.47174,2.57294
-0.00102541,0.0177769,0.0753426,-1.04108,-1.47384,2.55716
-0.00112942,0.0176294,0.0755975,-1.03902,-1.47586,2.54147
-0.00123321,0.0174817,0.0758509,-1.03695,-1.47783,2.52585
-0.0013368,0.0173339,0.0761027,-1.03485,-1.47973,2.51032
-0.00144018,0.0171858,0.0763529,-1.03274,-1.48157,2.49486
-0.00154335,0.0170376,0.0766016,-1.03061,-1.48336,2.47948
-0.00164631,0.0168891,0.0768488,-1.02846,-1.48508,2.46417
-0.00174904,0.0167405,0.0770945,-1.02629,-1.48675,2.44895
-0.00185156,0.0165918,0.0773386,-1.0241,-1.48836,2.43379
-0.00195386,0.0164429,0.0775812,-1.0219,-1.48991,2.41872
-0.00205594,0.0162938,0.0778224,-1.01968,-1.49141,2.40371
-0.0021578,0.0161446,0.078062,-1.01744,-1.49285,2.38878
-0.00225943,0.0159952,0.0783001,-1.01519,-1.49424,2.37392
-0.00236083,0.0158457,0.0785368,-1.01292,-1.49558,2.35914
-0.00246201,0.0156961,0.078772,-1.01063,-1.49687,2.34442
-0.00256296,0.0155464,0.0790057,-1.00833,-1.4981,2.32978
-0.00266368,0.0153965,0.0792379,-1.00601,-1.49928,2.3152
-0.00276416,0.0152465,0.0794687,-1.00368,-1.50042,2.3007
-0.00286441,0.0150964,0.0796981,-1.00133,-1.5015,2.28626
-0.00296443,0.0149462,0.079926,-0.998971,-1.50253,2.27189
-0.00306421,0.0147959,0.0801524,-0.996596,-1.50352,2.25758
-0.00316375,0.0146455,0.0803775,-0.994206,-1.50446,2.24334
-0.00326305,0.014495,0.0806011,-0.991803,-1.50536,2.22917
-0.00336211,0.0143444,0.0808233,-0.989386,-1.5062,2.21506
-0.00346092,0.0141938,0.0810441,-0.986955,-1.50701,2.20102
-0.0035595,0.014043,0.0812635,-0.984512,-1.50777,2.18704
-0.00365783,0.0138922,0.0814815,-0.982056,-1.50848,2.17312
-0.00375591,0.0137414,0.0816981,-0.979587,-1.50915,2.15927
-0.00385374,0.0135904,0.0819134,-0.977106,-1.50978,2.14547
-0.00395133,0.0134394,0.0821272,-0.974612,-1.51037,2.13174
-0.00404866,0.0132883,0.0823397,-0.972107,-1.51091,2.11807
-0.00414575,0.0131372,0.0825509,-0.969589,-1.51141,2.10446
-0.00424258,0.0129861,0.0827606,-0.96706,-1.51188,2.0909
-0.00433916,0.0128348,0.082969,-0.96452,-1.5123,2.07741
-0.00443549,0.0126836,0.0831761,-0.961968,-1.51269,2.06397
-0.00453155,0.0125323,0.0833818,-0.959405,-1.51303,2.0506
-0.00462737,0.012381,0.0835862,-0.956832,-1.51334,2.03727
-0.00472292,0.0122296,0.0837893,-0.954247,-1.51361,2.02401
-0.00481822,0.0120783,0.083991,-0.951652,-1.51384,2.0108
-0.00491325,0.0119269,0.0841915,-0.949047,-1.51403,1.99765
-0.00500802,0.0117755,0.0843906,-0.946432,-1.51419,1.98455
-0.00510254,0.011624,0.0845884,-0.943806,-1.51432,1.97151
-0.00519679,0.0114726,0.0847849,-0.941171,-1.5144,1.95852
-0.00529077,0.0113212,0.0849801,-0.938526,-1.51446,1.94558
-0.00538449,0.0111697,0.085174,-0.935871,-1.51447,1.93269
-0.00547794,0.0110183,0.0853666,-0.933207,-1.51446,1.91986
-0.00557113,0.0108668,0.085558,-0.930533,-1.51441,1.90708
-0.00566405,0.0107154,0.085748,-0.927851,-1.51433,1.89435
-0.0057567,0.010564,0.0859368,-0.925159,-1.51421,1.88168
-0.00584908,0.0104125,0.0861244,-0.922459,-1.51406,1.86905
-0.00594119,0.0102611,0.0863106,-0.91975,-1.51388,1.85647
-0.00603303,0.0101098,0.0864957,-0.917032,-1.51367,1.84394
-0.0061246,0.00995841,0.0866794,-0.914306,-1.51343,1.83146
-0.00621589,0.00980708,0.086862,-0.911571,-1.51315,1.81903
-0.00630691,0.00965578,0.0870432,-0.908828,-1.51285,1.80665
-0.00639766,0.00950451,0.0872233,-0.906078,-1.51252,1.79431
-0.00648813,0.00935328,0.0874021,-0.903319,-1.51215,1.78202
-0.00657832,0.00920208,0.0875797,-0.900552,-1.51176,1.76978
-0.00666824,0.00905093,0.0877561,-0.897778,-1.51134,1.75759
-0.00675788,0.00889982,0.0879312,-0.894996,-1.51089,1.74544
-0.00684724,0.00874875,0.0881052,-0.892206,-1.51041,1.73333
-0.00693632,0.00859774,0.0882779,-0.88941,-1.5099,1.72127
-0.00702512,0.00844677,0.0884494,-0.886605,-1.50937,1.70926
-0.00711364,0.00829586,0.0886197,-0.883794,-1.50881,1.69729
-0.00720188,0.00814501,0.0887889,-0.880976,-1.50822,1.68536
-0.00728983,0.00799422,0.0889568,-0.87815,-1.5076,1.67348
-0.00737751,0.00784349,0.0891236,-0.875318,-1.50696,1.66164
-0.0074649,0.00769283,0.0892891,-0.872479,-1.50629,1.64984
-0.007552,0.00754224,0.0894535,-0.869633,-1.5056,1.63808
-0.00763882,0.00739171,0.0896168,-0.866781,-1.50488,1.62636
-0.00772536,0.00724126,0.0897788,-0.863922,-1.50414,1.61469
-0.00781161,0.00709088,0.0899397,-0.861057,-1.50337,1.60306
-0.00789757,0.00694059,0.0900994,-0.858185,-1.50258,1.59147
-0.00798324,0.00679037,0.090258,-0.855307,-1.50176,1.57991
-0.00806863,0.00664024,0.0904154,-0.852423,-1.50092,1.5684
-0.00815373,0.00649019,0.0905717,-0.849533,-1.50005,1.55693
-0.00823854,0.00634023,0.0907268,-0.846637,-1.49916,1.5455
-0.00832306,0.00619036,0.0908808,-0.843735,-1.49825,1.5341
-0.00840728,0.00604058,0.0910336,-0.840827,-1.49732,1.52274
-0.00849122,0.00589089,0.0911853,-0.837914,-1.49636,1.51143
-0.00857487,0.00574131,0.0913359,-0.834995,-1.49538,1.50014
-0.00865822,0.00559182,0.0914854,-0.83207,-1.49438,1.4889
-0.00874128,0.00544243,0.0916337,-0.829139,-1.49335,1.47769
-0.00882405,0.00529315,0.0917809,-0.826203,-1.4923,1.46652
-0.00890652,0.00514397,0.091927,-0.823262,-1.49124,1.45539
-0.0089887,0.0049949,0.092072,-0.820316,-1.49015,1.44429
-0.00907058,0.00484594,0.0922159,-0.817364,-1.48904,1.43323
-0.00915217,0.0046971,0.0923586,-0.814407,-1.48791,1.4222
-0.00923346,0.00454836,0.0925003,-0.811444,-1.48676,1.41121
-0.00931446,0.00439975,0.0926409,-0.808477,-1.48558,1.40025
-0.00939516,0.00425125,0.0927803,-0.805505,-1.48439,1.38933
-0.00947556,0.00410287,0.0929187,-0.802528,-1.48318,1.37844
-0.00955567,0.00395461,0.093056,-0.799546,-1.48195,1.36759
-0.00963547,0.00380648,0.0931923,-0.796559,-1.4807,1.35676
-0.00971498,0.00365847,0.0933274,-0.793567,-1.47943,1.34597
-0.00979418,0.00351059,0.0934614,-0.790571,-1.47814,1.33522
-0.00987309,0.00336285,0.0935944,-0.78757,-1.47683,1.32449
-0.0099517,0.00321523,0.0937263,-0.784564,-1.4755,1.3138
-0.01003,0.00306775,0.0938572,-0.781554,-1.47415,1.30314
-0.010108,0.0029204,0.093987,-0.778539,-1.47279,1.29252
-0.0101857,0.00277319,0.0941157,-0.77552,-1.4714,1.28192
-0.0102631,0.00262612,0.0942434,-0.772497,-1.47,1.27135
-0.0103402,0.00247919,0.09437,-0.769469,-1.46858,1.26082
-0.010417,0.0023324,0.0944955,-0.766437,-1.46715,1.25031
-0.0104935,0.00218576,0.09462,-0.7634,-1.46569,1.23984
-0.0105697,0.00203927,0.0947435,-0.76036,-1.46422,1.22939
-0.0106456,0.00189292,0.0948659,-0.757315,-1.46273,1.21898
-0.0107211,0.00174672,0.0949873,-0.754266,-1.46123,1.20859
-0.0107964,0.00160067,0.0951076,-0.751213,-1.4597,1.19824
-0.0108714,0.00145478,0.0952269,-0.748156,-1.45816,1.18791
-0.0109461,0.00130904,0.0953452,-0.745095,-1.45661,1.17761
-0.0110204,0.00116346,0.0954625,-0.74203,-1.45503,1.16734
-0.0110945,0.00101804,0.0955787,-0.738961,-1.45344,1.1571
-0.0111682,0.000872771,0.0956939,-0.735889,-1.45184,1.14688
-0.0112416,0.000727668,0.0958081,-0.732812,-1.45022,1.1367
-0.0113148,0.000582728,0.0959212,-0.729732,-1.44858,1.12654
-0.0113876,0.000437953,0.0960334,-0.726648,-1.44693,1.1164
-0.0114601,0.000293343,0.0961445,-0.72356,-1.44526,1.1063
-0.0115323,0.000148901,0.0962546,-0.720469,-1.44358,1.09622
-0.0116042,4.62833e-06,0.0963638,-0.717374,-1.44188,1.08616
-0.0116758,-0.000139474,0.0964719,-0.714276,-1.44016,1.07614
-0.011747,-0.000283404,0.096579,-0.711173,-1.43843,1.06613
-0.011818,-0.00042716,0.0966851,-0.708068,-1.43669,1.05616
-0.0118887,-0.000570741,0.0967902,-0.704959,-1.43493,1.04621
-0.011959,-0.000714146,0.0968943,-0.701846,-1.43316,1.03628
-0.012029,-0.000857372,0.0969975,-0.69873,-1.43137,1.02638
-0.0120987,-0.00100042,0.0970996,-0.69561,-1.42957,1.0165
-0.0121681,-0.00114329,0.0972008,-0.692488,-1.42775,1.00665
-0.0122372,-0.00128597,0.0973009,-0.689361,-1.42592,0.996825
-0.012306,-0.00142847,0.0974001,-0.686232,-1.42407,0.987021
-0.0123745,-0.00157078,0.0974983,-0.683099,-1.42222,0.977241
-0.0124426,-0.00171291,0.0975956,-0.679963,-1.42034,0.967484
-0.0125105,-0.00185485,0.0976918,-0.676824,-1.41846,0.957751
-0.012578,-0.0019966,0.0977871,-0.673681,-1.41656,0.94804
-0.0126452,-0.00213816,0.0978815,-0.670535,-1.41464,0.938353
-0.0127121,-0.00227953,0.0979748,-0.667387,-1.41272,0.928688
-0.0127787,-0.00242071,0.0980672,-0.664235,-1.41078,0.919045
-0.012845,-0.00256169,0.0981586,-0.66108,-1.40882,0.909425
-0.0129109,-0.00270247,0.0982491,-0.657922,-1.40686,0.899827
-0.0129765,-0.00284306,0.0983386,-0.65476,-1.40488,0.89025
-0.0130419,-0.00298345,0.0984271,-0.651596,-1.40289,0.880695
-0.0131069,-0.00312363,0.0985147,-0.648429,-1.40088,0.871161
-0.0131715,-0.00326362,0.0986014,-0.645259,-1.39887,0.861649
-0.0132359,-0.00340341,0.0986871,-0.642086,-1.39684,0.852157
-0.0133,-0.00354299,0.0987718,-0.638909,-1.39479,0.842686
-0.0133637,-0.00368237,0.0988556,-0.63573,-1.39274,0.833236
-0.0134271,-0.00382154,0.0989384,-0.632548,-1.39067,0.823806
-0.0134902,-0.0039605,0.0990204,-0.629364,-1.38859,0.814396
-0.013553,-0.00409925,0.0991013,-0.626176,-1.3865,0.805006
-0.0136154,-0.0042378,0.0991814,-0.622985,-1.3844,0.795636
-0.0136776,-0.00437613,0.0992605,-0.619792,-1.38228,0.786285
-0.0137394,-0.00451425,0.0993386,-0.616596,-1.38015,0.776954
-0.0138009,-0.00465216,0.0994158,-0.613397,-1.37802,0.767642
-0.0138621,-0.00478986,0.0994921,-0.610195,-1.37586,0.758349
-0.0139229,-0.00492734,0.0995675,-0.606991,-1.3737,0.749074
-0.0139835,-0.0050646,0.099642,-0.603784,-1.37153,0.739819
-0.0140437,-0.00520164,0.0997155,-0.600574,-1.36934,0.730581
-0.0141036,-0.00533847,0.0997881,-0.597361,-1.36715,0.721362
-0.0141632,-0.00547507,0.0998597,-0.594146,-1.36494,0.712161
-0.0142224,-0.00561145,0.0999305,-0.590928,-1.36272,0.702978
-0.0142814,-0.00574761,0.1,-0.587707,-1.36049,0.693813
-0.01434,-0.00588355,0.100069,-0.584484,-1.35825,0.684665
-0.0143982,-0.00601926,0.100137,-0.581258,-1.35599,0.675534
-0.0144562,-0.00615475,0.100204,-0.578029,-1.35373,0.666421
-0.0145139,-0.00629001,0.100271,-0.574798,-1.35146,0.657325
-0.0145712,-0.00642504,0.100336,-0.571564,-1.34917,0.648245
-0.0146282,-0.00655984,0.1004,-0.568328,-1.34687,0.639182
-0.0146848,-0.00669441,0.100464,-0.565089,-1.34457,0.630135
-0.0147412,-0.00682875,0.100526,-0.561848,-1.34225,0.621105
-0.0147972,-0.00696286,0.100588,-0.558604,-1.33992,0.612091
-0.0148529,-0.00709674,0.100649,-0.555357,-1.33758,0.603093
-0.0149083,-0.00723038,0.100709,-0.552108,-1.33523,0.59411
-0.0149633,-0.00736378,0.100767,-0.548857,-1.33288,0.585143
-0.015018,-0.00749695,0.100826,-0.545603,-1.33051,0.576192
-0.0150724,-0.00762989,0.100883,-0.542346,-1.32813,0.567256
-0.0151265,-0.00776258,0.100939,-0.539087,-1.32574,0.558335
-0.0151803,-0.00789503,0.100994,-0.535826,-1.32334,0.549429
-0.0152337,-0.00802725,0.101049,-0.532562,-1.32092,0.540538
-0.0152868,-0.00815922,0.101102,-0.529295,-1.3185,0.531661
-0.0153395,-0.00829095,0.101155,-0.526026,-1.31607,0.522799
-0.015392,-0.00842243,0.101207,-0.522755,-1.31363,0.513951
-0.0154441,-0.00855367,0.101258,-0.519481,-1.31118,0.505117
-0.0154959,-0.00868467,0.101308,-0.516205,-1.30872,0.496297
-0.0155473,-0.00881542,0.101357,-0.512927,-1.30625,0.487491
-0.0155985,-0.00894592,0.101406,-0.509646,-1.30377,0.478699
-0.0156493,-0.00907617,0.101453,-0.506363,-1.30128,0.46992
-0.0156997,-0.00920617,0.1015,-0.503077,-1.29879,0.461155
-0.0157499,-0.00933593,0.101545,-0.499789,-1.29628,0.452403
-0.0157997,-0.00946543,0.10159,-0.496498,-1.29376,0.443663
-0.0158492,-0.00959468,0.101634,-0.493206,-1.29123,0.434937
-0.0158983,-0.00972368,0.101677,-0.48991,-1.28869,0.426224
-0.0159472,-0.00985242,0.101719,-0.486613,-1.28615,0.417523
-0.0159957,-0.0099809,0.101761,-0.483313,-1.28359,0.408834
-0.0160438,-0.0101091,0.101801,-0.480011,-1.28103,0.400158
-0.0160917,-0.0102371,0.101841,-0.476706,-1.27845,0.391494
-0.0161392,-0.0103648,0.101879,-0.473399,-1.27587,0.382842
-0.0161863,-0.0104923,0.101917,-0.47009,-1.27327,0.374201
-0.0162332,-0.0106195,0.101954,-0.466778,-1.27067,0.365573
-0.0162797,-0.0107464,0.10199,-0.463465,-1.26806,0.356956
-0.0163259,-0.0108731,0.102026,-0.460148,-1.26544,0.34835
-0.0163717,-0.0109995,0.10206,-0.45683,-1.26281,0.339756
-0.0164172,-0.0111257,0.102093,-0.453509,-1.26017,0.331173
-0.0164624,-0.0112515,0.102126,-0.450186,-1.25752,0.3226
-0.0165073,-0.0113772,0.102158,-0.44686,-1.25487,0.314039
-0.0165518,-0.0115025,0.102189,-0.443533,-1.2522,0.305488
-0.016596,-0.0116276,0.102219,-0.440203,-1.24953,0.296948
-0.0166398,-0.0117524,0.102248,-0.43687,-1.24684,0.288418
-0.0166834,-0.011877,0.102277,-0.433535,-1.24415,0.279898
-0.0167265,-0.0120012,0.102304,-0.430199,-1.24145,0.271389
-0.0167694,-0.0121253,0.102331,-0.426859,-1.23874,0.262889
-0.0168119,-0.012249,0.102357,-0.423518,-1.23602,0.2544
-0.0168541,-0.0123725,0.102382,-0.420174,-1.23329,0.24592
-0.016896,-0.0124957,0.102406,-0.416828,-1.23055,0.237449
-0.0169375,-0.0126186,0.102429,-0.413479,-1.22781,0.228988
-0.0169786,-0.0127412,0.102452,-0.410129,-1.22506,0.220537
-0.0170195,-0.0128636,0.102474,-0.406776,-1.22229,0.212094
-0.01706,-0.0129857,0.102494,-0.403421,-1.21952,0.20366
-0.0171002,-0.0131075,0.102514,-0.400063,-1.21674,0.195236
-0.01714,-0.013229,0.102533,-0.396703,-1.21395,0.18682
-0.0171795,-0.0133503,0.102552,-0.393341,-1.21116,0.178412
-0.0172187,-0.0134713,0.102569,-0.389977,-1.20835,0.170014
-0.0172575,-0.0135919,0.102586,-0.38661,-1.20554,0.161623
-0.017296,-0.0137124,0.102601,-0.383241,-1.20272,0.153241
-0.0173342,-0.0138325,0.102616,-0.37987,-1.19989,0.144866
-0.017372,-0.0139523,0.10263,-0.376496,-1.19705,0.1365
-0.0174095,-0.0140719,0.102644,-0.37312,-1.1942,0.128141
-0.0174466,-0.0141912,0.102656,-0.369742,-1.19134,0.11979
-0.0174834,-0.0143102,0.102668,-0.366362,-1.18848,0.111447
-0.0175199,-0.0144289,0.102678,-0.362979,-1.18561,0.103111
-0.017556,-0.0145473,0.102688,-0.359594,-1.18272,0.0947824
-0.0175918,-0.0146654,0.102697,-0.356207,-1.17983,0.0864608
-0.0176272,-0.0147833,0.102705,-0.352817,-1.17694,0.0781463
-0.0176624,-0.0149008,0.102713,-0.349426,-1.17403,0.0698386
-0.0176971,-0.0150181,0.102719,-0.346031,-1.17112,0.0615377
-0.0177316,-0.015135,0.102725,-0.342635,-1.16819,0.0532433
-0.0177657,-0.0152517,0.10273,-0.339236,-1.16526,0.0449555
-0.0177994,-0.0153681,0.102734,-0.335835,-1.16232,0.0366741
-0.0178328,-0.0154842,0.102737,-0.332432,-1.15937,0.0283988
-0.0178659,-0.0156,0.10274,-0.329026,-1.15642,0.0201297
-0.0178986,-0.0157154,0.102741,-0.325618,-1.15345,0.0118665
-0.017931,-0.0158306,0.102742,-0.322207,-1.15048,0.00360921
-0.0179631,-0.0159455,0.102742,-0.318795,-1.1475,-0.00464239
-0.0179948,-0.0160601,0.102741,-0.31538,-1.14451,-0.0128884
-0.0180261,-0.0161744,0.10274,-0.311962,-1.14152,-0.0211289
-0.0180572,-0.0162884,0.102737,-0.308542,-1.13851,-0.0293642
-0.0180879,-0.0164021,0.102734,-0.30512,-1.1355,-0.0375942
-0.0181182,-0.0165155,0.10273,-0.301696,-1.13247,-0.0458191
-0.0181482,-0.0166286,0.102725,-0.298269,-1.12944,-0.0540391
-0.0181778,-0.0167414,0.102719,-0.29484,-1.12641,-0.0622542
-0.0182072,-0.0168539,0.102712,-0.291409,-1.12336,-0.0704646
-0.0182361,-0.0169661,0.102705,-0.287975,-1.12031,-0.0786705
-0.0182648,-0.017078,0.102696,-0.284539,-1.11724,-0.0868719
-0.018293,-0.0171896,0.102687,-0.2811,-1.11417,-0.095069
-0.018321,-0.0173008,0.102677,-0.277659,-1.11109,-0.103262
-0.0183486,-0.0174118,0.102667,-0.274216,-1.10801,-0.111451
-0.0183758,-0.0175224,0.102655,-0.27077,-1.10491,-0.119636
-0.0184027,-0.0176328,0.102643,-0.267322,-1.10181,-0.127817
-0.0184293,-0.0177428,0.102629,-0.263871,-1.09869,-0.135994
-0.0184555,-0.0178525,0.102615,-0.260418,-1.09557,-0.144168
-0.0184814,-0.0179619,0.102601,-0.256963,-1.09245,-0.152338
-0.0185069,-0.018071,0.102585,-0.253505,-1.08931,-0.160505
-0.0185321,-0.0181798,0.102569,-0.250045,-1.08617,-0.168669
-0.0185569,-0.0182882,0.102551,-0.246582,-1.08301,-0.17683
-0.0185814,-0.0183964,0.102533,-0.243117,-1.07985,-0.184988
-0.0186055,-0.0185042,0.102514,-0.239649,-1.07668,-0.193143
-0.0186293,-0.0186117,0.102495,-0.236179,-1.07351,-0.201295
-0.0186528,-0.0187189,0.102474,-0.232707,-1.07032,-0.209445
-0.0186759,-0.0188258,0.102453,-0.229232,-1.06713,-0.217592
-0.0186986,-0.0189323,0.102431,-0.225755,-1.06392,-0.225737
-0.018721,-0.0190385,0.102408,-0.222275,-1.06071,-0.23388
-0.0187431,-0.0191445,0.102384,-0.218792,-1.0575,-0.242021
-0.0187648,-0.01925,0.102359,-0.215307,-1.05427,-0.250159
-0.0187861,-0.0193553,0.102334,-0.21182,-1.05103,-0.258296
-0.0188071,-0.0194602,0.102307,-0.20833,-1.04779,-0.266431
-0.0188278,-0.0195649,0.10228,-0.204837,-1.04454,-0.274565
-0.0188481,-0.0196692,0.102253,-0.201342,-1.04128,-0.282697
-0.0188681,-0.0197731,0.102224,-0.197845,-1.03801,-0.290828
-0.0188877,-0.0198768,0.102194,-0.194345,-1.03474,-0.298958
-0.0189069,-0.0199801,0.102164,-0.190842,-1.03145,-0.307087
-0.0189258,-0.020083,0.102133,-0.187337,-1.02816,-0.315215
-0.0189444,-0.0201857,0.102101,-0.183829,-1.02486,-0.323341
-0.0189626,-0.020288,0.102068,-0.180319,-1.02155,-0.331468
-0.0189805,-0.02039,0.102035,-0.176806,-1.01823,-0.339593
-0.018998,-0.0204917,0.102,-0.17329,-1.0149,-0.347719
-0.0190151,-0.020593,0.101965,-0.169772,-1.01157,-0.355843
-0.0190319,-0.020694,0.101929,-0.166251,-1.00823,-0.363968
-0.0190484,-0.0207946,0.101892,-0.162727,-1.00487,-0.372093
-0.0190645,-0.020895,0.101855,-0.159201,-1.00151,-0.380218
-0.0190802,-0.0209949,0.101816,-0.155673,-0.998145,-0.388343
-0.0190956,-0.0210946,0.101777,-0.152141,-0.994768,-0.396468
-0.0191106,-0.0211939,0.101737,-0.148607,-0.991382,-0.404593
-0.0191253,-0.0212929,0.101696,-0.14507,-0.987988,-0.41272
-0.0191396,-0.0213915,0.101655,-0.141531,-0.984585,-0.420847
-0.0191536,-0.0214898,0.101612,-0.137988,-0.981174,-0.428975
-0.0191672,-0.0215877,0.101569,-0.134443,-0.977754,-0.437103
-0.0191805,-0.0216853,0.101525,-0.130896,-0.974326,-0.445233
-0.0191934,-0.0217826,0.10148,-0.127345,-0.970889,-0.453364
-0.019206,-0.0218795,0.101434,-0.123792,-0.967443,-0.461497
-0.0192182,-0.0219761,0.101387,-0.120236,-0.963989,-0.469631
-0.01923,-0.0220723,0.10134,-0.116678,-0.960525,-0.477766
-0.0192415,-0.0221682,0.101292,-0.113116,-0.957053,-0.485903
-0.0192526,-0.0222637,0.101243,-0.109552,-0.953573,-0.494043
-0.0192634,-0.0223589,0.101193,-0.105985,-0.950083,-0.502184
-0.0192738,-0.0224537,0.101142,-0.102415,-0.946585,-0.510327
-0.0192839,-0.0225482,0.101091,-0.098842,-0.943078,-0.518473
-0.0192936,-0.0226423,0.101039,-0.0952664,-0.939562,-0.52662
-0.019303,-0.0227361,0.100986,-0.0916879,-0.936037,-0.534771
-0.019312,-0.0228295,0.100932,-0.0881066,-0.932503,-0.542924
-0.0193206,-0.0229226,0.100877,-0.0845224,-0.92896,-0.55108
-0.0193289,-0.0230153,0.100822,-0.0809352,-0.925408,-0.559239
-0.0193368,-0.0231077,0.100765,-0.0773452,-0.921848,-0.567401
-0.0193443,-0.0231997,0.100708,-0.0737522,-0.918278,-0.575566
-0.0193515,-0.0232914,0.10065,-0.0701563,-0.914699,-0.583734
-0.0193584,-0.0233826,0.100591,-0.0665575,-0.911111,-0.591906
-0.0193648,-0.0234736,0.100532,-0.0629557,-0.907513,-0.600081
-0.0193709,-0.0235642,0.100471,-0.0593509,-0.903907,-0.608261
-0.0193767,-0.0236544,0.10041,-0.0557431,-0.900291,-0.616444
-0.0193821,-0.0237442,0.100348,-0.0521323,-0.896666,-0.624631
-0.0193871,-0.0238337,0.100285,-0.0485185,-0.893032,-0.632822
-0.0193918,-0.0239228,0.100221,-0.0449016,-0.889389,-0.641017
-0.0193961,-0.0240116,0.100157,-0.0412817,-0.885736,-0.649217
-0.0194001,-0.0241,0.100092,-0.0376587,-0.882073,-0.657422
-0.0194036,-0.024188,0.100025,-0.0340327,-0.878401,-0.665631
-0.0194069,-0.0242756,0.0999585,-0.0304035,-0.87472,-0.673845
-0.0194097,-0.0243629,0.0998907,-0.0267712,-0.871029,-0.682064
-0.0194122,-0.0244498,0.099822,-0.0231358,-0.867329,-0.690288
-0.0194143,-0.0245364,0.0997526,-0.0194973,-0.863619,-0.698518
-0.0194161,-0.0246226,0.0996823,-0.0158556,-0.859899,-0.706752
-0.0194175,-0.0247084,0.0996113,-0.0122108,-0.856169,-0.714993
-0.0194186,-0.0247938,0.0995393,-0.00856273,-0.85243,-0.723239
-0.0194192,-0.0248789,0.0994666,-0.00491148,-0.848681,-0.731491
-0.0194195,-0.0249635,0.099393,-0.00125701,-0.844922,-0.739749
-0.0194195,-0.0250478,0.0993187,0.0024007,-0.841154,-0.748013
-0.0194191,-0.0251318,0.0992434,0.00606166,-0.837375,-0.756283
-0.0194183,-0.0252153,0.0991674,0.0097259,-0.833586,-0.76456
-0.0194171,-0.0252985,0.0990905,0.0133934,-0.829788,-0.772843
-0.0194156,-0.0253813,0.0990128,0.0170642,-0.825979,-0.781133
-0.0194137,-0.0254637,0.0989343,0.0207384,-0.82216,-0.78943
-0.0194114,-0.0255457,0.0988549,0.0244159,-0.818331,-0.797734
-0.0194088,-0.0256273,0.0987748,0.0280967,-0.814491,-0.806045
-0.0194058,-0.0257086,0.0986937,0.0317809,-0.810642,-0.814363
-0.0194025,-0.0257895,0.0986119,0.0354685,-0.806782,-0.822689
-0.0193987,-0.02587,0.0985292,0.0391595,-0.802911,-0.831023
-0.0193946,-0.0259501,0.0984457,0.042854,-0.79903,-0.839364
-0.0193902,-0.0260298,0.0983613,0.0465519,-0.795139,-0.847713
-0.0193853,-0.0261091,0.0982761,0.0502532,-0.791237,-0.856071
-0.0193801,-0.026188,0.0981901,0.0539581,-0.787324,-0.864436
-0.0193745,-0.0262666,0.0981033,0.0576664,-0.783401,-0.87281
-0.0193686,-0.0263447,0.0980156,0.0613783,-0.779467,-0.881193
-0.0193623,-0.0264224,0.097927,0.0650937,-0.775522,-0.889584
-0.0193556,-0.0264998,0.0978376,0.0688126,-0.771566,-0.897984
-0.0193485,-0.0265768,0.0977474,0.0725351,-0.767599,-0.906394
-0.019341,-0.0266533,0.0976564,0.0762613,-0.763621,-0.914812
-0.0193332,-0.0267295,0.0975645,0.079991,-0.759632,-0.92324
-0.0193251,-0.0268052,0.0974717,0.0837244,-0.755632,-0.931678
-0.0193165,-0.0268806,0.0973781,0.0874615,-0.751621,-0.940125
-0.0193076,-0.0269556,0.0972837,0.0912022,-0.747599,-0.948582
-0.0192983,-0.0270301,0.0971884,0.0949466,-0.743565,-0.957049
-0.0192886,-0.0271043,0.0970923,0.0986948,-0.73952,-0.965527
-0.0192785,-0.027178,0.0969953,0.102447,-0.735463,-0.974014
-0.0192681,-0.0272514,0.0968975,0.106202,-0.731395,-0.982513
-0.0192573,-0.0273243,0.0967988,0.109962,-0.727315,-0.991022
-0.0192461,-0.0273968,0.0966993,0.113725,-0.723223,-0.999542
-0.0192345,-0.027469,0.0965989,0.117492,-0.71912,-1.00807
-0.0192226,-0.0275407,0.0964976,0.121263,-0.715004,-1.01662
-0.0192103,-0.027612,0.0963956,0.125038,-0.710877,-1.02517
-0.0191976,-0.0276828,0.0962926,0.128817,-0.706738,-1.03373
-0.0191845,-0.0277533,0.0961888,0.132599,-0.702586,-1.04231
-0.0191711,-0.0278233,0.0960842,0.136386,-0.698423,-1.0509
-0.0191572,-0.027893,0.0959786,0.140176,-0.694247,-1.0595
-0.019143,-0.0279622,0.0958722,0.143971,-0.690059,-1.06812
-0.0191284,-0.028031,0.095765,0.147769,-0.685858,-1.07674
-0.0191135,-0.0280994,0.0956569,0.151572,-0.681645,-1.08538
-0.0190981,-0.0281673,0.0955479,0.155378,-0.67742,-1.09403
-0.0190824,-0.0282349,0.0954381,0.159189,-0.673181,-1.1027
-0.0190663,-0.028302,0.0953274,0.163004,-0.66893,-1.11138
-0.0190498,-0.0283686,0.0952158,0.166823,-0.664666,-1.12007
-0.0190329,-0.0284349,0.0951034,0.170646,-0.660389,-1.12877
-0.0190157,-0.0285007,0.0949901,0.174473,-0.656099,-1.13749
-0.018998,-0.0285661,0.0948759,0.178305,-0.651796,-1.14623
-0.01898,-0.0286311,0.0947608,0.18214,-0.647479,-1.15498
-0.0189616,-0.0286956,0.0946449,0.18598,-0.64315,-1.16374
-0.0189428,-0.0287597,0.0945281,0.189824,-0.638806,-1.17252
-0.0189236,-0.0288234,0.0944104,0.193673,-0.63445,-1.18131
-0.0189041,-0.0288866,0.0942918,0.197526,-0.630079,-1.19011
-0.0188841,-0.0289494,0.0941724,0.201383,-0.625695,-1.19894
-0.0188638,-0.0290117,0.094052,0.205245,-0.621297,-1.20777
-0.0188431,-0.0290736,0.0939308,0.209111,-0.616885,-1.21663
-0.018822,-0.0291351,0.0938087,0.212981,-0.612459,-1.2255
-0.0188005,-0.0291961,0.0936857,0.216856,-0.608019,-1.23438
-0.0187786,-0.0292567,0.0935618,0.220736,-0.603564,-1.24329
-0.0187563,-0.0293168,0.093437,0.22462,-0.599095,-1.2522
-0.0187337,-0.0293765,0.0933114,0.228508,-0.594612,-1.26114
-0.0187106,-0.0294358,0.0931848,0.232401,-0.590114,-1.27009
-0.0186872,-0.0294946,0.0930574,0.236299,-0.585601,-1.27906
-0.0186634,-0.0295529,0.092929,0.240201,-0.581073,-1.28805
-0.0186392,-0.0296108,0.0927997,0.244108,-0.57653,-1.29706
-0.0186146,-0.0296682,0.0926696,0.24802,-0.571972,-1.30608
-0.0185896,-0.0297252,0.0925385,0.251936,-0.567399,-1.31512
-0.0185642,-0.0297817,0.0924066,0.255858,-0.562811,-1.32418
-0.0185384,-0.0298377,0.0922737,0.259784,-0.558207,-1.33326
-0.0185122,-0.0298933,0.0921399,0.263714,-0.553588,-1.34236
-0.0184856,-0.0299484,0.0920052,0.26765,-0.548952,-1.35147
-0.0184587,-0.0300031,0.0918696,0.271591,-0.544301,-1.36061
-0.0184313,-0.0300573,0.0917331,0.275536,-0.539634,-1.36977
-0.0184036,-0.030111,0.0915957,0.279487,-0.534951,-1.37894
-0.0183754,-0.0301643,0.0914573,0.283442,-0.530251,-1.38814
-0.0183469,-0.0302171,0.091318,0.287402,-0.525535,-1.39735
-0.0183179,-0.0302694,0.0911778,0.291368,-0.520802,-1.40659
-0.0182886,-0.0303212,0.0910367,0.295339,-0.516053,-1.41585
-0.0182589,-0.0303726,0.0908947,0.299314,-0.511286,-1.42513
-0.0182287,-0.0304235,0.0907517,0.303295,-0.506503,-1.43443
-0.0181982,-0.0304739,0.0906078,0.307281,-0.501703,-1.44375
-0.0181673,-0.0305238,0.0904629,0.311272,-0.496885,-1.4531
-0.018136,-0.0305733,0.0903172,0.315269,-0.492049,-1.46246
-0.0181042,-0.0306222,0.0901704,0.31927,-0.487197,-1.47185
-0.0180721,-0.0306707,0.0900228,0.323277,-0.482326,-1.48127
-0.0180396,-0.0307187,0.0898742,0.32729,-0.477437,-1.4907
-0.0180066,-0.0307662,0.0897246,0.331308,-0.47253,-1.50016
-0.0179733,-0.0308132,0.0895742,0.335331,-0.467605,-1.50964
-0.0179396,-0.0308597,0.0894227,0.339359,-0.462661,-1.51915
-0.0179054,-0.0309057,0.0892703,0.343394,-0.457699,-1.52868
-0.0178709,-0.0309513,0.089117,0.347433,-0.452718,-1.53824
-0.017836,-0.0309963,0.0889627,0.351479,-0.447717,-1.54782
-0.0178006,-0.0310408,0.0888074,0.35553,-0.442698,-1.55742
-0.0177649,-0.0310848,0.0886512,0.359586,-0.437659,-1.56706
-0.0177287,-0.0311283,0.088494,0.363648,-0.432601,-1.57671
-0.0176921,-0.0311713,0.0883358,0.367716,-0.427523,-1.5864
-0.0176551,-0.0312138,0.0881767,0.37179,-0.422424,-1.59611
-0.0176178,-0.0312558,0.0880166,0.37587,-0.417306,-1.60585
-0.01758,-0.0312973,0.0878556,0.379955,-0.412168,-1.61561
-0.0175418,-0.0313383,0.0876935,0.384047,-0.407009,-1.6254
-0.0175032,-0.0313787,0.0875305,0.388144,-0.401829,-1.63522
-0.0174641,-0.0314186,0.0873665,0.392247,-0.396628,-1.64507
-0.0174247,-0.031458,0.0872015,0.396356,-0.391406,-1.65495
-0.0173849,-0.0314969,0.0870355,0.400472,-0.386162,-1.66485
-0.0173446,-0.0315353,0.0868685,0.404593,-0.380897,-1.67479
-0.017304,-0.0315731,0.0867005,0.408721,-0.37561,-1.68475
-0.0172629,-0.0316104,0.0865315,0.412854,-0.370301,-1.69475
-0.0172214,-0.0316471,0.0863616,0.416994,-0.36497,-1.70477
-0.0171795,-0.0316834,0.0861906,0.421141,-0.359616,-1.71483
-0.0171372,-0.0317191,0.0860186,0.425293,-0.35424,-1.72491
-0.0170944,-0.0317542,0.0858456,0.429452,-0.34884,-1.73503
-0.0170513,-0.0317888,0.0856716,0.433617,-0.343417,-1.74518
-0.0170077,-0.0318229,0.0854966,0.437789,-0.337971,-1.75537
-0.0169637,-0.0318564,0.0853205,0.441968,-0.332501,-1.76558
-0.0169193,-0.0318894,0.0851434,0.446153,-0.327007,-1.77583
-0.0168745,-0.0319218,0.0849653,0.450344,-0.321488,-1.78611
-0.0168292,-0.0319537,0.0847862,0.454542,-0.315945,-1.79643
-0.0167836,-0.031985,0.0846061,0.458747,-0.310378,-1.80678
-0.0167375,-0.0320158,0.0844249,0.462959,-0.304785,-1.81716
-0.016691,-0.032046,0.0842426,0.467177,-0.299167,-1.82758
-0.016644,-0.0320756,0.0840593,0.471402,-0.293523,-1.83804
-0.0165967,-0.0321047,0.083875,0.475634,-0.287853,-1.84853
-0.0165489,-0.0321332,0.0836896,0.479874,-0.282157,-1.85906
-0.0165007,-0.0321611,0.0835032,0.48412,-0.276435,-1.86963
-0.0164521,-0.0321885,0.0833157,0.488373,-0.270685,-1.88023
-0.016403,-0.0322152,0.0831271,0.492633,-0.264909,-1.89087
-0.0163536,-0.0322414,0.0829375,0.4969,-0.259105,-1.90155
-0.0163037,-0.0322671,0.0827468,0.501175,-0.253273,-1.91227
-0.0162533,-0.0322921,0.0825551,0.505457,-0.247413,-1.92303
-0.0162026,-0.0323165,0.0823622,0.509746,-0.241525,-1.93383
-0.0161514,-0.0323404,0.0821683,0.514043,-0.235608,-1.94466
-0.0160998,-0.0323637,0.0819733,0.518347,-0.229662,-1.95554
-0.0160477,-0.0323863,0.0817772,0.522658,-0.223687,-1.96647
-0.0159952,-0.0324084,0.08158,0.526977,-0.217681,-1.97743
-0.0159423,-0.0324299,0.0813817,0.531304,-0.211646,-1.98843
-0.015889,-0.0324507,0.0811823,0.535639,-0.20558,-1.99948
-0.0158352,-0.032471,0.0809818,0.539981,-0.199483,-2.01057
-0.015781,-0.0324906,0.0807802,0.54433,-0.193354,-2.02171
-0.0157263,-0.0325097,0.0805775,0.548688,-0.187195,-2.03289
-0.0156712,-0.0325281,0.0803736,0.553054,-0.181003,-2.04412
-0.0156157,-0.0325459,0.0801686,0.557427,-0.174778,-2.05539
-0.0155597,-0.032563,0.0799625,0.561809,-0.168521,-2.06671
-0.0155033,-0.0325796,0.0797553,0.566199,-0.16223,-2.07808
-0.0154465,-0.0325955,0.0795469,0.570596,-0.155906,-2.08949
-0.0153892,-0.0326107,0.0793374,0.575002,-0.149547,-2.10095
-0.0153315,-0.0326254,0.0791267,0.579417,-0.143154,-2.11247
-0.0152733,-0.0326394,0.0789149,0.583839,-0.136726,-2.12403
-0.0152147,-0.0326527,0.0787019,0.58827,-0.130262,-2.13564
-0.0151557,-0.0326654,0.0784878,0.59271,-0.123763,-2.1473
-0.0150962,-0.0326775,0.0782725,0.597158,-0.117227,-2.15901
-0.0150363,-0.0326889,0.078056,0.601615,-0.110654,-2.17078
-0.0149759,-0.0326996,0.0778383,0.60608,-0.104043,-2.1826
-0.014915,-0.0327097,0.0776194,0.610554,-0.0973949,-2.19447
-0.0148538,-0.0327191,0.0773994,0.615037,-0.0907081,-2.2064
-0.014792,-0.0327278,0.0771782,0.619529,-0.0839825,-2.21839
-0.0147299,-0.0327359,0.0769557,0.62403,-0.0772173,-2.23043
-0.0146672,-0.0327433,0.0767321,0.62854,-0.0704121,-2.24252
-0.0146041,-0.03275,0.0765072,0.633059,-0.0635664,-2.25468
-0.0145406,-0.032756,0.0762811,0.637587,-0.0566795,-2.26689
-0.0144766,-0.0327613,0.0760538,0.642124,-0.0497509,-2.27916
-0.0144122,-0.0327659,0.0758253,0.646671,-0.04278,-2.29149
-0.0143473,-0.0327698,0.0755955,0.651227,-0.0357662,-2.30388
-0.0142819,-0.0327731,0.0753645,0.655792,-0.0287089,-2.31634
-0.0142161,-0.0327756,0.0751323,0.660367,-0.0216074,-2.32885
-0.0141499,-0.0327774,0.0748988,0.664952,-0.0144612,-2.34143
-0.0140831,-0.0327785,0.074664,0.669547,-0.00726957,-2.35408
-0.014016,-0.0327788,0.0744279,0.674151,-3.18407e-05,-2.36679
-0.0139483,-0.0327785,0.0741906,0.678765,0.00725265,-2.37956
-0.0138802,-0.0327774,0.073952,0.683389,0.0145846,-2.3924
-0.0138116,-0.0327756,0.0737121,0.688023,0.0219647,-2.40531
-0.0137426,-0.032773,0.073471,0.692667,0.0293937,-2.41829
-0.0136731,-0.0327697,0.0732285,0.697321,0.0368723,-2.43134
-0.0136031,-0.0327656,0.0729847,0.701986,0.0444013,-2.44446
-0.0135327,-0.0327608,0.0727396,0.706661,0.0519814,-2.45766
-0.0134618,-0.0327552,0.0724932,0.711347,0.0596135,-2.47092
-0.0133904,-0.0327489,0.0722454,0.716043,0.0672983,-2.48426
-0.0133186,-0.0327418,0.0719963,0.720749,0.0750366,-2.49768
-0.0132463,-0.0327339,0.0717459,0.725466,0.0828293,-2.51117
-0.0131735,-0.0327252,0.0714941,0.730195,0.0906773,-2.52474
-0.0131002,-0.0327157,0.0712409,0.734933,0.0985814,-2.53838
-0.0130265,-0.0327055,0.0709864,0.739683,0.106543,-2.55211
-0.0129523,-0.0326944,0.0707305,0.744444,0.114562,-2.56592
-0.0128776,-0.0326826,0.0704732,0.749217,0.12264,-2.57981
-0.0128025,-0.0326699,0.0702145,0.754,0.130777,-2.59379
-0.0127268,-0.0326564,0.0699544,0.758795,0.138976,-2.60785
-0.0126507,-0.0326421,0.0696929,0.763601,0.147236,-2.62199
-0.0125741,-0.0326269,0.06943,0.768419,0.15556,-2.63623
-0.012497,-0.032611,0.0691657,0.773248,0.163947,-2.65055
-0.0124195,-0.0325942,0.0688999,0.778089,0.172399,-2.66496
-0.0123414,-0.0325765,0.0686327,0.782942,0.180917,-2.67947
-0.0122629,-0.032558,0.068364,0.787806,0.189503,-2.69407
-0.0121838,-0.0325386,0.0680939,0.792683,0.198157,-2.70876
-0.0121043,-0.0325183,0.0678223,0.797572,0.20688,-2.72355
-0.0120243,-0.0324972,0.0675492,0.802473,0.215675,-2.73844
-0.0119438,-0.0324752,0.0672746,0.807386,0.224541,-2.75342
-0.0118629,-0.0324523,0.0669985,0.812312,0.233481,-2.76851
-0.0117814,-0.0324285,0.0667209,0.81725,0.242495,-2.7837
-0.0116994,-0.0324038,0.0664417,0.822201,0.251585,-2.799
-0.0116169,-0.0323782,0.0661611,0.827164,0.260753,-2.8144
-0.011534,-0.0323516,0.0658789,0.832141,0.269999,-2.82991
-0.0114505,-0.0323242,0.0655951,0.83713,0.279326,-2.84552
-0.0113665,-0.0322958,0.0653097,0.842132,0.288734,-2.86125
-0.0112821,-0.0322664,0.0650228,0.847147,0.298226,-2.8771
-0.0111971,-0.0322361,0.0647343,0.852176,0.307802,-2.89306
-0.0111116,-0.0322049,0.0644442,0.857217,0.317465,-2.90913
-0.0110257,-0.0321726,0.0641525,0.862272,0.327216,-2.92533
-0.0109392,-0.0321394,0.0638591,0.867341,0.337056,-2.94165
-0.0109392,-0.0321394,0.0638591,0.867341,0.337056,-2.94165
-0.0108523,-0.0321053,0.0635641,0.870304,0.345425,-2.9586
-0.0107651,-0.0320703,0.0632674,0.87328,0.353887,-2.97567
-0.0106776,-0.0320345,0.062969,0.876269,0.362445,-2.99288
-0.0105899,-0.0319978,0.0626688,0.879272,0.371101,-3.01021
-0.0105018,-0.0319603,0.062367,0.88229,0.379856,-3.02768
-0.0104134,-0.0319219,0.0620633,0.885321,0.388713,-3.04528
-0.0103247,-0.0318825,0.0617579,0.888366,0.397673,-3.06302
-0.0102357,-0.0318423,0.0614507,0.891426,0.406739,-3.0809
-0.0101464,-0.0318012,0.0611417,0.894501,0.415914,-3.09892
-0.0100568,-0.0317591,0.0608309,0.89759,0.425198,-3.11708
-0.00996693,-0.0317162,0.0605183,0.900694,0.434595,-3.1354
-0.0098767,-0.0316722,0.0602038,0.903813,0.444107,-3.15386
-0.00978616,-0.0316273,0.0598875,0.906947,0.453736,-3.17248
-0.00969531,-0.0315815,0.0595693,0.910097,0.463486,-3.19126
-0.00960414,-0.0315346,0.0592493,0.913262,0.473358,-3.21019
-0.00951266,-0.0314868,0.0589273,0.916443,0.483356,-3.22929
-0.00942085,-0.031438,0.0586034,0.91964,0.493481,-3.24855
-0.00932873,-0.0313881,0.0582776,0.922853,0.503738,-3.26798
-0.00923628,-0.0313372,0.0579498,0.926082,0.514129,-3.28758
-0.00914351,-0.0312853,0.05762,0.929327,0.524657,-3.30736
-0.00905042,-0.0312323,0.0572883,0.93259,0.535326,-3.32732
-0.00895699,-0.0311782,0.0569546,0.935869,0.546138,-3.34746
-0.00886324,-0.031123,0.0566188,0.939164,0.557097,-3.36778
-0.00876916,-0.0310668,0.056281,0.942478,0.568207,-3.3883
-0.00867475,-0.0310094,0.0559411,0.945808,0.579471,-3.40901
-0.00858,-0.0309509,0.0555992,0.949156,0.590892,-3.42991
-0.00848491,-0.0308912,0.0552552,0.952521,0.602476,-3.45102
-0.00838949,-0.0308304,0.054909,0.955905,0.614225,-3.47234
-0.00829373,-0.0307683,0.0545607,0.959306,0.626144,-3.49387
-0.00819763,-0.0307051,0.0542102,0.962726,0.638237,-3.51561
-0.00810119,-0.0306407,0.0538576,0.966164,0.650509,-3.53757
-0.0080044,-0.030575,0.0535027,0.969621,0.662964,-3.55976
-0.00790726,-0.0305081,0.0531456,0.973096,0.675607,-3.58218
-0.00780978,-0.0304399,0.0527862,0.976591,0.688443,-3.60483
-0.00771194,-0.0303704,0.0524246,0.980104,0.701477,-3.62773
-0.00761376,-0.0302996,0.0520607,0.983637,0.714714,-3.65087
-0.00751521,-0.0302275,0.0516944,0.987189,0.72816,-3.67426
-0.00741632,-0.030154,0.0513258,0.990761,0.741821,-3.69791
-0.00731706,-0.0300791,0.0509548,0.994352,0.755703,-3.72183
-0.00721745,-0.0300028,0.0505815,0.997964,0.769811,-3.74601
-0.00711747,-0.0299251,0.0502056,1.0016,0.784152,-3.77047
-0.00701713,-0.029846,0.0498273,1.00525,0.798733,-3.79521
-0.00691642,-0.0297654,0.0494466,1.00892,0.813561,-3.82025
-0.00681534,-0.0296832,0.0490633,1.01261,0.828643,-3.84558
-0.0067139,-0.0295996,0.0486775,1.01632,0.843987,-3.87122
-0.00661208,-0.0295144,0.048289,1.02006,0.8596,-3.89717
-0.00650988,-0.0294277,0.047898,1.02381,0.875491,-3.92344
-0.00640731,-0.0293393,0.0475043,1.02759,0.891667,-3.95003
-0.00630437,-0.0292493,0.047108,1.03138,0.908139,-3.97697
-0.00620104,-0.0291577,0.0467089,1.0352,0.924915,-4.00425
-0.00609732,-0.0290644,0.0463071,1.03904,0.942005,-4.03189
-0.00599323,-0.0289693,0.0459025,1.0429,0.959419,-4.0599
-0.00588874,-0.0288725,0.0454951,1.04678,0.977168,-4.08828
-0.00578387,-0.0287738,0.0450849,1.05068,0.995263,-4.11704
-0.00567861,-0.0286734,0.0446717,1.05461,1.01372,-4.14621
-0.00557295,-0.0285711,0.0442556,1.05855,1.03254,-4.17578
-0.0054669,-0.0284669,0.0438365,1.06251,1.05174,-4.20577
-0.00536044,-0.0283607,0.0434144,1.0665,1.07134,-4.23619
-0.00525359,-0.0282526,0.0429893,1.07051,1.09135,-4.26706
-0.00514634,-0.0281424,0.042561,1.07453,1.11179,-4.29839
-0.00503869,-0.0280302,0.0421296,1.07858,1.13266,-4.33019
-0.00493063,-0.0279159,0.041695,1.08265,1.15399,-4.36248
-0.00482216,-0.0277994,0.0412571,1.08673,1.17579,-4.39527
-0.00471328,-0.0276807,0.0408159,1.09084,1.19809,-4.42857
-0.00460399,-0.0275598,0.0403714,1.09496,1.22089,-4.46242
-0.00449429,-0.0274365,0.0399234,1.0991,1.24423,-4.49681
-0.00438417,-0.0273109,0.039472,1.10326,1.26812,-4.53177
-0.00427363,-0.0271829,0.039017,1.10744,1.29258,-4.56733
-0.00416268,-0.0270524,0.0385585,1.11163,1.31763,-4.60349
-0.00405131,-0.0269193,0.0380963,1.11584,1.34331,-4.64028
-0.00393951,-0.0267837,0.0376304,1.12006,1.36964,-4.67773
-0.0038273,-0.0266454,0.0371607,1.12429,1.39665,-4.71585
-0.00371465,-0.0265043,0.0366872,1.12854,1.42436,-4.75467
-0.00360159,-0.0263605,0.0362098,1.13279,1.45281,-4.79421
-0.0034881,-0.0262137,0.0357283,1.13705,1.48203,-4.83451
-0.00337418,-0.026064,0.0352428,1.14132,1.51206,-4.87559
-0.00325983,-0.0259113,0.0347532,1.1456,1.54294,-4.91748
-0.00314506,-0.0257554,0.0342593,1.14987,1.5747,-4.96021
-0.00302986,-0.0255963,0.0337611,1.15415,1.60739,-5.00382
-0.00291423,-0.0254339,0.0332585,1.15842,1.64106,-5.04834
-0.00279817,-0.0252681,0.0327514,1.16269,1.67575,-5.09381
-0.00268169,-0.0250987,0.0322397,1.16694,1.71152,-5.14027
-0.00256478,-0.0249257,0.0317233,1.17118,1.74843,-5.18776
-0.00244746,-0.024749,0.0312021,1.1754,1.78653,-5.23633
-0.00232971,-0.0245684,0.030676,1.1796,1.8259,-5.28602
-0.00221154,-0.0243838,0.0301449,1.18376,1.8666,-5.33689
-0.00209295,-0.024195,0.0296086,1.18789,1.90871,-5.38898
-0.00197396,-0.024002,0.0290671,1.19198,1.95232,-5.44236
-0.00185456,-0.0238045,0.0285201,1.19601,1.99752,-5.49709
-0.00173476,-0.0236024,0.0279676,1.19998,2.0444,-5.55324
-0.00161457,-0.0233956,0.0274094,1.20388,2.09307,-5.61087
-0.00149399,-0.0231838,0.0268454,1.20769,2.14364,-5.67006
-0.00137303,-0.0229668,0.0262753,1.21141,2.19625,-5.73089
-0.00125171,-0.0227444,0.0256991,1.21501,2.25103,-5.79345
-0.00113003,-0.0225165,0.0251166,1.21848,2.30814,-5.85784
-0.00100802,-0.0222827,0.0245275,1.2218,2.36773,-5.92415
-0.000885679,-0.0220429,0.0239317,1.22495,2.43001,-5.9925
-0.000763034,-0.0217966,0.0233289,1.2279,2.49517,-6.06301
-0.000640106,-0.0215437,0.022719,1.23063,2.56344,-6.1358
-0.000516918,-0.0212838,0.0221017,1.23308,2.63506,-6.21101
-0.000393499,-0.0210166,0.0214767,1.23524,2.71033,-6.2888
-0.000269881,-0.0207416,0.0208438,1.23705,2.78956,-6.36934
-0.000146102,-0.0204585,0.0202028,1.23846,2.87309,-6.4528
-2.22042e-05,-0.0201669,0.0195532,1.23941,2.96134,-6.53939
0.000101762,-0.0198661,0.0188948,1.23982,3.05474,-6.62933
0.000225739,-0.0195557,0.0182272,1.23961,3.15381,-6.72285
0.00034966,-0.0192351,0.0175501,1.23868,3.25915,-6.82022
0.000473448,-0.0189037,0.016863,1.23691,3.37141,-6.92172
0.00059701,-0.0185606,0.0161656,1.23416,3.49139,-7.02769
0.00072024,-0.0182051,0.0154573,1.23025,3.61997,-7.13848
0.000843013,-0.0178363,0.0147377,1.22497,3.75822,-7.25449
0.00096518,-0.0174531,0.0140062,1.21807,3.90736,-7.37614
0.00108656,-0.0170544,0.0132623,1.20924,4.06887,-7.50393
0.00120695,-0.0166388,0.0125052,1.19808,4.2445,-7.63838
0.00132609,-0.0162049,0.0117344,1.18412,4.43635,-7.7801
0.00144366,-0.0157509,0.0109489,1.16673,4.64699,-7.92972
0.00155929,-0.0152748,0.0101481,1.14512,4.87957,-8.08795
0.00167251,-0.0147742,0.00933103,1.11827,5.13801,-8.25553
0.00178273,-0.0142462,0.00849668,1.08482,5.42724,-8.43322
0.0018892,-0.0136875,0.00764402,1.04296,5.75357,-8.62173
0.00199096,-0.013094,0.00677195,0.990195,6.12519,-8.82165
0.00208676,-0.0124606,0.00587931,0.923069,6.55294,-9.03319
0.00217493,-0.011781,0.00496494,0.836608,7.05144,-9.25582
0.0022532,-0.0110473,0.00402784,0.723479,7.64089,-9.48741
0.00231837,-0.0102489,0.00306733,0.572493,8.34991,-9.72264
0.00236586,-0.00937196,0.00208358,0.365887,9.22014,-9.94941
0.00238874,-0.00839746,0.00107858,0.0741575,10.3138,-10.141
0.00237619,-0.00729866,5.84439e-05,-0.354252,11.7258,-10.2375
0.0023103,-0.00603707,-0.000961309,-1.01405,13.5983,-10.098
0.00215995,-0.00455755,-0.00194243,-2.08345,16.1142,-9.37657
0.00187008,-0.00279064,-0.00279036,-3.86222,19.3053,-7.22653
