-3.14159265358979312,0.00000000000000000,1.00000000000000000,0.00000000000000000
-3.14155923775438684,0.00501649957923900,0.00499145991985053,0.00000000000000000
-3.14150882487649241,0.00506607377427449,0.00504053801900787,0.00000000000000000
-3.14145791633197202,0.00511563204400545,0.00508959549974103,0.00000000000000000
-3.14140651230597534,0.00516516920071676,0.00513862723212057,0.00000000000000000
-3.14135461303577834,0.00521468000726472,0.00518762803930254,0.00000000000000000
-3.14130221881127270,0.00526415917713187,0.00523659269760375,0.00000000000000000
-3.14124932997546402,0.00531360137448758,0.00528551593658205,0.00000000000000000
-3.14119594692496129,0.00536300121425437,0.00533439243912174,0.00000000000000000
-3.14114207011047064,0.00541235326218000,0.00538321684152398,0.00000000000000000
-3.14108770003728743,0.00546165203491553,0.00543198373360248,0.00000000000000000
-3.14103283726578386,0.00551089200009910,0.00548068765878417,0.00000000000000000
-3.14097748241190189,0.00556006757644581,0.00552932311421511,0.00000000000000000
-3.14092163614763820,0.00560917313384350,0.00557788455087161,0.00000000000000000
-3.14086529920153712,0.00565820299345454,0.00562636637367648,0.00000000000000000
-3.14080847235917293,0.00570715142782376,0.00567476294162059,0.00000000000000000
-3.14075115646363834,0.00575601266099238,0.00572306856788960,0.00000000000000000
-3.14069335241602499,0.00580478086861820,0.00577127751999601,0.00000000000000000
-3.14063506117591285,0.00585345017810191,0.00581938401991646,0.00000000000000000
-3.14057628376184628,0.00590201466871964,0.00586738224423436,0.00000000000000000
-3.14051702125181720,0.00595046837176181,0.00591526632428782,0.00000000000000000
-3.14045727478374470,0.00599880527067824,0.00596303034632287,0.00000000000000000
-3.14039704555595200,0.00604701930122965,0.00601066835165218,0.00000000000000000
-3.14033633482764074,0.00609510435164555,0.00605817433681896,0.00000000000000000
-3.14027514391936968,0.00614305426278851,0.00610554225376639,0.00000000000000000
-3.14021347421352370,0.00619086282832495,0.00615276601001235,0.00000000000000000
-3.14015132715478629,0.00623852379490238,0.00619983946882968,0.00000000000000000
-3.14008870425061026,0.00628603086233324,0.00624675644943173,0.00000000000000000
-3.14002560707167966,0.00633337768378522,0.00629351072716345,0.00000000000000000
-3.13996203725238487,0.00638055786597829,0.00634009603369789,0.00000000000000000
-3.13989799649127654,0.00642756496938830,0.00638650605723824,0.00000000000000000
-3.13983348655153272,0.00647439250845730,0.00643273444272519,0.00000000000000000
-3.13976850926141449,0.00652103395181057,0.00647877479204999,0.00000000000000000
-3.13970306651472608,0.00656748272248033,0.00652462066427284,0.00000000000000000
-3.13963716027126871,0.00661373219813638,0.00657026557584689,0.00000000000000000
-3.13957079255729177,0.00665977571132336,0.00661570300084768,0.00000000000000000
-3.13950396546594579,0.00670560654970501,0.00666092637120827,0.00000000000000000
-3.13943668115772567,0.00675121795631521,0.00670592907695968,0.00000000000000000
-3.13936894186091742,0.00679660312981601,0.00675070446647709,0.00000000000000000
-3.13930074987204577,0.00684175522476245,0.00679524584673149,0.00000000000000000
-3.13923210755630322,0.00688666735187455,0.00683954648354689,0.00000000000000000
-3.13916301734799852,0.00693133257831607,0.00688359960186315,0.00000000000000000
-3.13909348175098124,0.00697574392798049,0.00692739838600439,0.00000000000000000
-3.13902350333907876,0.00701989438178390,0.00697093597995290,0.00000000000000000
-3.13895308475652524,0.00706377687796504,0.00701420548762876,0.00000000000000000
-3.13888222871837996,0.00710738431239238,0.00705719997317494,0.00000000000000000
-3.13881093801095901,0.00715070953887839,0.00709991246124812,0.00000000000000000
-3.13873921549224377,0.00719374536950095,0.00714233593731496,0.00000000000000000
-3.13866706409230822,0.00723648457493186,0.00718446334795416,0.00000000000000000
-3.13859448681371944,0.00727891988477267,0.00722628760116394,0.00000000000000000
-3.13852148673195686,0.00732104398789762,0.00726780156667526,0.00000000000000000
-3.13844806699581103,0.00736284953280391,0.00730899807627064,0.00000000000000000
-3.13837423082778866,0.00740432912796915,0.00734986992410853,0.00000000000000000
-3.13829998152450962,0.00744547534221620,0.00739040986705336,0.00000000000000000
-3.13822532245710484,0.00748628070508519,0.00743061062501117,0.00000000000000000
-3.13815025707160000,0.00752673770721301,0.00747046488127090,0.00000000000000000
-3.13807478888931168,0.00756683880071998,0.00750996528285122,0.00000000000000000
-3.13799892150722393,0.00760657639960402,0.00754910444085307,0.00000000000000000
-3.13792265859837016,0.00764594288014213,0.00758787493081774,0.00000000000000000
-3.13784600391220891,0.00768493058129923,0.00762626929309058,0.00000000000000000
-3.13776896127499150,0.00772353180514452,0.00766428003319038,0.00000000000000000
-3.13769153459013417,0.00776173881727516,0.00770189962218424,0.00000000000000000
-3.13761372783857695,0.00779954384724739,0.00773912049706818,0.00000000000000000
-3.13753554507914068,0.00783693908901518,0.00777593506115324,0.00000000000000000
-3.13745699044888404,0.00787391670137629,0.00781233568445726,0.00000000000000000
-3.13737806816345355,0.00791046880842576,0.00784831470410218,0.00000000000000000
-3.13729878251742456,0.00794658750001696,0.00788386442471700,0.00000000000000000
-3.13721913788464235,0.00798226483223013,0.00791897711884627,0.00000000000000000
-3.13713913871855965,0.00801749282784834,0.00795364502736420,0.00000000000000000
-3.13705878955256523,0.00805226347684104,0.00798786035989429,0.00000000000000000
-3.13697809500031077,0.00808656873685514,0.00802161529523462,0.00000000000000000
-3.13689705975602973,0.00812040053371351,0.00805490198178857,0.00000000000000000
-3.13681568859485616,0.00815375076192113,0.00808771253800122,0.00000000000000000
-3.13673398637313205,0.00818661128517873,0.00812003905280120,0.00000000000000000
-3.13665195802871644,0.00821897393690394,0.00815187358604817,0.00000000000000000
-3.13656960858127931,0.00825083052075999,0.00818320816898574,0.00000000000000000
-3.13648694313260368,0.00828217281119204,0.00821403480469996,0.00000000000000000
-3.13640396686687239,0.00831299255397090,0.00824434546858332,0.00000000000000000
-3.13632068505094974,0.00834328146674448,0.00827413210880429,0.00000000000000000
-3.13623710303466297,0.00837303123959661,0.00830338664678225,0.00000000000000000
-3.13615322625107318,0.00840223353561352,0.00833210097766805,0.00000000000000000
-3.13606906021674448,0.00843087999145786,0.00836026697082993,0.00000000000000000
-3.13598461053200150,0.00845896221795018,0.00838787647034497,0.00000000000000000
-3.13589988288119059,0.00848647180065804,0.00841492129549598,0.00000000000000000
-3.13581488303292488,0.00851340030049258,0.00844139324127382,0.00000000000000000
-3.13572961684032769,0.00853973925431270,0.00846728407888520,0.00000000000000000
-3.13564409024127322,0.00856548017553666,0.00849258555626587,0.00000000000000000
-3.13555830925861656,0.00859061455476125,0.00851728939859923,0.00000000000000000
-3.13547228000041756,0.00861513386038851,0.00854138730884032,0.00000000000000000
-3.13538600866015926,0.00863902953925983,0.00856487096824530,0.00000000000000000
-3.13529950151696291,0.00866229301729766,0.00858773203690615,0.00000000000000000
-3.13521276493579215,0.00868491570015461,0.00860996215429089,0.00000000000000000
-3.13512580536765206,0.00870688897387006,0.00863155293978906,0.00000000000000000
-3.13503862934978272,0.00872820420553419,0.00865249599326258,0.00000000000000000
-3.13495124350584664,0.00874885274395948,0.00867278289560195,0.00000000000000000
-3.13486365454610549,0.00876882592035964,0.00869240520928773,0.00000000000000000
-3.13477586926759422,0.00878811504903589,0.00871135447895739,0.00000000000000000
-3.13468789455428620,0.00880671142807071,0.00872962223197738,0.00000000000000000
-3.13459973737725228,0.00882460634002892,0.00874719997902052,0.00000000000000000
-3.13451140479481261,0.00884179105266611,0.00876407921464869,0.00000000000000000
-3.13442290395268053,0.00885825681964448,0.00878025141790069,0.00000000000000000
-3.13433424208410027,0.00887399488125591,0.00879570805288545,0.00000000000000000
-3.13424542650997751,0.00888899646515237,0.00881044056938037,0.00000000000000000
-3.13415646463900011,0.00890325278708366,0.00882444040343492,0.00000000000000000
-3.13406736396775720,0.00891675505164230,0.00883769897797950,0.00000000000000000
-3.13397813208084219,0.00892949445301573,0.00885020770343934,0.00000000000000000
-3.13388877665095666,0.00894146217574574,0.00886195797835378,0.00000000000000000
-3.13379930543900187,0.00895264939549500,0.00887294119000051,0.00000000000000000
-3.13370972629416222,0.00896304727982081,0.00888314871502514,0.00000000000000000
-3.13362004715398701,0.00897264698895600,0.00889257192007575,0.00000000000000000
-3.13353027604445344,0.00898143967659685,0.00890120216244274,0.00000000000000000
-3.13344042108003151,0.00898941649069820,0.00890903079070360,0.00000000000000000
-3.13335049046373904,0.00899656857427552,0.00891604914537296,0.00000000000000000
-3.13326049248718341,0.00900288706621404,0.00892224855955762,0.00000000000000000
-3.13317043553060159,0.00900836310208486,0.00892762035961668,0.00000000000000000
-3.13308032806288494,0.00901298781496803,0.00893215586582674,0.00000000000000000
-3.13299017864160678,0.00901675233628251,0.00893584639305219,0.00000000000000000
-3.13289999591302859,0.00901964779662306,0.00893868325142045,0.00000000000000000
-3.13280978861210890,0.00902166532660399,0.00894065774700236,0.00000000000000000
-3.13271956556249354,0.00902279605770970,0.00894176118249745,0.00000000000000000
-3.13262933567650759,0.00902303112315204,0.00894198485792435,0.00000000000000000
-3.13253910795513058,0.00902236165873441,0.00894132007131612,0.00000000000000000
-3.13244889148796979,0.00902077880372252,0.00893975811942057,0.00000000000000000
-3.13235869545321499,0.00901827370172194,0.00893729029840558,0.00000000000000000
-3.13226852911759757,0.00901483750156214,0.00893390790456935,0.00000000000000000
-3.13217840183632923,0.00901046135818727,0.00892960223505565,0.00000000000000000
-3.13208832305303986,0.00900513643355337,0.00892436458857399,0.00000000000000000
-3.13199830229969844,0.00899885389753220,0.00891818626612473,0.00000000000000000
-3.13190834919653405,0.00899160492882143,0.00891105857172909,0.00000000000000000
-3.13181847345193987,0.00898338071586138,0.00890297281316416,0.00000000000000000
-3.13172868486237022,0.00897417245775806,0.00889392030270272,0.00000000000000000
-3.13163899331223572,0.00896397136521257,0.00888389235785803,0.00000000000000000
-3.13154940877377364,0.00895276866145681,0.00887288030213351,0.00000000000000000
-3.13145994130692529,0.00894055558319547,0.00886087546577729,0.00000000000000000
-3.13137060105919218,0.00892732338155412,0.00884786918654165,0.00000000000000000
-3.13128139826548946,0.00891306332303360,0.00883385281044735,0.00000000000000000
-3.13119234324798335,0.00889776669047040,0.00881881769255284,0.00000000000000000
-3.13110344641593130,0.00888142478400320,0.00880275519772827,0.00000000000000000
-3.13101471826549371,0.00886402892204530,0.00878565670143449,0.00000000000000000
-3.13092616937955537,0.00884557044226316,0.00876751359050678,0.00000000000000000
-3.13083781042752118,0.00882604070256073,0.00874831726394351,0.00000000000000000
-3.13074965216511281,0.00880543108206973,0.00872805913369965,0.00000000000000000
-3.13066170543415190,0.00878373298214566,0.00870673062548512,0.00000000000000000
-3.13057398116232655,0.00876093782736966,0.00868432317956799,0.00000000000000000
-3.13048649036296478,0.00873703706655596,0.00866082825158249,0.00000000000000000
-3.13039924413477699,0.00871202217376511,0.00863623731334198,0.00000000000000000
-3.13031225366160282,0.00868588464932273,0.00861054185365667,0.00000000000000000
-3.13022553021214556,0.00865861602084378,0.00858373337915621,0.00000000000000000
-3.13013908513968797,0.00863020784426241,0.00855580341511716,0.00000000000000000
-3.13005292988181161,0.00860065170486717,0.00852674350629534,0.00000000000000000
-3.12996707596009038,0.00856993921834161,0.00849654521776293,0.00000000000000000
-3.12988153497978683,0.00853806203181023,0.00846520013575057,0.00000000000000000
-3.12979631862953056,0.00850501182488967,0.00843269986849423,0.00000000000000000
-3.12971143868098878,0.00847078031074508,0.00839903604708703,0.00000000000000000
-3.12962690698852430,0.00843535923715172,0.00836420032633585,0.00000000000000000
-3.12954273548884387,0.00839874038756156,0.00832818438562293,0.00000000000000000
-3.12945893620063664,0.00836091558217497,0.00829097992977228,0.00000000000000000
-3.12937552122420382,0.00832187667901734,0.00825257868992104,0.00000000000000000
-3.12929250274107051,0.00828161557502066,0.00821297242439574,0.00000000000000000
-3.12920989301359498,0.00824012420710990,0.00817215291959352,0.00000000000000000
-3.12912770438456000,0.00819739455329423,0.00813011199086821,0.00000000000000000
-3.12904594927675994,0.00815341863376294,0.00808684148342146,0.00000000000000000
-3.12896464019257170,0.00810818851198606,0.00804233327319873,0.00000000000000000
-3.12888378971351511,0.00806169629581951,0.00799657926779035,0.00000000000000000
-3.12880341049980615,0.00801393413861494,0.00794957140733748,0.00000000000000000
-3.12872351528989334,0.00796489424033390,0.00790130166544321,0.00000000000000000
-3.12864411689999145,0.00791456884866654,0.00785176205008851,0.00000000000000000
-3.12856522822359118,0.00786295026015463,0.00780094460455339,0.00000000000000000
-3.12848686223096983,0.00781003082131888,0.00774884140834302,0.00000000000000000
-3.12840903196868858,0.00775580292979050,0.00769544457811901,0.00000000000000000
-3.12833175055906576,0.00770025903544693,0.00764074626863568,0.00000000000000000
-3.12825503119965997,0.00764339164155166,0.00758473867368162,0.00000000000000000
-3.12817888716272385,0.00758519330589818,0.00752741402702625,0.00000000000000000
-3.12810333179465339,0.00752565664195776,0.00746876460337166,0.00000000000000000
-3.12802837851542748,0.00746477432003130,0.00740878271930960,0.00000000000000000
-3.12795404081803508,0.00740253906840492,0.00734746073428372,0.00000000000000000
-3.12788033226788453,0.00733894367450944,0.00728479105155704,0.00000000000000000
-3.12780726650221119,0.00727398098608350,0.00722076611918478,0.00000000000000000
-3.12773485722946543,0.00720764391234041,0.00715537843099241,0.00000000000000000
-3.12766311822869447,0.00713992542513854,0.00708862052755913,0.00000000000000000
-3.12759206334890738,0.00707081856015528,0.00702048499720666,0.00000000000000000
-3.12752170650843375,0.00700031641806449,0.00695096447699354,0.00000000000000000
-3.12745206169426648,0.00692841216571731,0.00688005165371478,0.00000000000000000
-3.12738314296139297,0.00685509903732636,0.00680773926490707,0.00000000000000000
-3.12731496443211832,0.00678037033565314,0.00673402009985948,0.00000000000000000
-3.12724754029536989,0.00670421943319878,0.00665888700062976,0.00000000000000000
-3.12718088480599921,0.00662663977339782,0.00658233286306620,0.00000000000000000
-3.12711501228406252,0.00654762487181512,0.00650435063783516,0.00000000000000000
-3.12704993711409429,0.00646716831734583,0.00642493333145430,0.00000000000000000
-3.12698567374436909,0.00638526377341827,0.00634407400733154,0.00000000000000000
-3.12692223668614933,0.00630190497919974,0.00626176578680980,0.00000000000000000
-3.12685964051292231,0.00621708575080519,0.00617800185021754,0.00000000000000000
-3.12679789985962309,0.00613079998250859,0.00609277543792523,0.00000000000000000
-3.12673702942184928,0.00604304164795710,0.00600607985140768,0.00000000000000000
-3.12667704395506085,0.00595380480138783,0.00591790845431241,0.00000000000000000
-3.12661795827376565,0.00586308357884725,0.00582825467353401,0.00000000000000000
-3.12655978725069872,0.00577087219941305,0.00573711200029461,0.00000000000000000
-3.12650254581598119,0.00567716496641855,0.00564447399123042,0.00000000000000000
-3.12644624895627743,0.00558195626867944,0.00555033426948457,0.00000000000000000
-3.12639091171393080,0.00548524058172296,0.00545468652580613,0.00000000000000000
-3.12633654918608883,0.00538701246901927,0.00535752451965545,0.00000000000000000
-3.12628317652382037,0.00528726658321514,0.00525884208031589,0.00000000000000000
-3.12623080893121852,0.00518599766736974,0.00515863310801197,0.00000000000000000
-3.12617946166448490,0.00508320055619260,0.00505689157503405,0.00000000000000000
-3.12612915003101488,0.00497887017728356,0.00495361152686952,0.00000000000000000
-3.12607988938845516,0.00487300155237480,0.00484878708334066,0.00000000000000000
-3.12603169514375878,0.00476558979857473,0.00474241243974920,0.00000000000000000
-3.12598458275222946,0.00465663012961385,0.00463448186802762,0.00000000000000000
-3.12593856771654099,0.00454611785709235,0.00452498971789732,0.00000000000000000
-3.12589366558576032,0.00443404839172958,0.00441393041803368,0.00000000000000000
-3.12584989195434204,0.00432041724461514,0.00430129847723811,0.00000000000000000
-3.12580726246112839,0.00420522002846175,0.00418708848561715,0.00000000000000000
-3.12576579278831534,0.00408845245885965,0.00407129511576873,0.00000000000000000
-3.12572549866042770,0.00397011035553258,0.00395391312397564,0.00000000000000000
-3.12568639584326480,0.00385018964359533,0.00383493735140626,0.00000000000000000
-3.12564850014284357,0.00372868635481267,0.00371436272532272,0.00000000000000000
-3.12561182740432475,0.00360559662885976,0.00359218426029647,0.00000000000000000
-3.12557639351092753,0.00348091671458386,0.00346839705943140,0.00000000000000000
-3.12554221438282998,0.00335464297126744,0.00334299631559463,0.00000000000000000
-3.12550930597606236,0.00322677186989246,0.00321597731265495,0.00000000000000000
-3.12547768428138006,0.00309729999440596,0.00308733542672910,0.00000000000000000
-3.12544736532312761,0.00296622404298675,0.00295706612743594,0.00000000000000000
-3.12541836515809557,0.00283354082931330,0.00282516497915856,0.00000000000000000
-3.12539069987434992,0.00269924728383268,0.00269162764231457,0.00000000000000000
-3.12536438559006591,0.00256334045503054,0.00255644987463439,0.00000000000000000
-3.12533943845233697,0.00242581751070209,0.00241962753244796,0.00000000000000000
-3.12531587463597837,0.00228667573922411,0.00228115657197974,0.00000000000000000
-3.12529371034231218,0.00214591255082774,0.00214103305065215,0.00000000000000000
-3.12527296179794423,0.00200352547887232,0.00199925312839760,0.00000000000000000
-3.12525364525352511,0.00185951218111997,0.00185581306897917,0.00000000000000000
-3.12523577698250143,0.00171387044101098,0.00171070924132001,0.00000000000000000
-3.12521937327984922,0.00156659816894000,0.00156393812084167,0.00000000000000000
-3.12520445046080475,0.00141769340353301,0.00141549629081134,0.00000000000000000
-3.12519102485956868,0.00126715431292487,0.00126538044369816,0.00000000000000000
-3.12517911282800753,0.00111497919603768,0.00111358738253872,0.00000000000000000
-3.12516873073433921,0.00096116648385969,0.00096011402231189,0.00000000000000000
-3.12515989496180691,0.00080571474072482,0.00080495739132292,0.00000000000000000
-3.12515262190733800,0.00064862266559286,0.00064811463259716,0.00000000000000000
-3.12514692798019311,0.00048988909333006,0.00048958300528337,0.00000000000000000
-3.12514282960059653,0.00032951299599038,0.00032935988606669,0.00000000000000000
-3.12514034319836398,0.00016749348409720,0.00016744277059152,0.00000000000000000
-3.12513948521150553,0.00000382980792546,0.00000382927489434,0.00000000000000000
-3.12514027208441192,-0.00016147847151917,-0.00016143054988813,0.00000000000000000
-3.12514272026150941,-0.00032843090861405,-0.00032827865600655,0.00000000000000000
-3.12514684618041105,-0.00049702667903666,-0.00049671258708763,0.00000000000000000
-3.12515266626953903,-0.00066726476896837,-0.00066672971386425,0.00000000000000000
-3.12516019694622216,-0.00083914397321842,-0.00083832720335692,0.00000000000000000
-3.12516945461477302,-0.00101266289330265,-0.00101150201735342,0.00000000000000000
-3.12518045566454639,-0.00118781993552643,-0.00118625091090492,0.00000000000000000
-3.12519321646797277,-0.00136461330907199,-0.00136257043083907,0.00000000000000000
-3.12520775337858403,-0.00154304102409066,-0.00154045691429038,0.00000000000000000
-3.12522408272900876,-0.00172310088980015,-0.00171990648724831,0.00000000000000000
-3.12524222082895697,-0.00190479051258749,-0.00190091506312349,0.00000000000000000
-3.12526218396317645,-0.00208810729411782,-0.00208347834133236,0.00000000000000000
-3.12528398838940547,-0.00227304842944951,-0.00226759180590077,0.00000000000000000
-3.12530765033628821,-0.00245961090515585,-0.00245325072408675,0.00000000000000000
-3.12533318600128496,-0.00264779149745379,-0.00264045014502298,0.00000000000000000
-3.12536061154856171,-0.00283758677034019,-0.00282918489837927,0.00000000000000000
-3.12538994310684970,-0.00302899307373568,-0.00301944959304532,0.00000000000000000
-3.12542119676730756,-0.00322200654163679,-0.00321123861583444,0.00000000000000000
-3.12545438858134172,-0.00341662309027669,-0.00340454613020814,0.00000000000000000
-3.12548953455842771,-0.00361283841629474,-0.00359936607502248,0.00000000000000000
-3.12552665066390034,-0.00381064799491548,-0.00379569216329603,0.00000000000000000
-3.12556575281673332,-0.00401004707813736,-0.00399351788100020,0.00000000000000000
-3.12560685688729389,-0.00421103069293153,-0.00419283648587203,0.00000000000000000
-3.12564997869508954,-0.00441359363945124,-0.00439364100624995,0.00000000000000000
-3.12569513400648624,-0.00461773048925217,-0.00459592423993279,0.00000000000000000
-3.12574233853241612,-0.00482343558352401,-0.00479967875306231,0.00000000000000000
-3.12579160792606281,-0.00503070303133396,-0.00500489687902973,0.00000000000000000
-3.12584295778053267,-0.00523952670788222,-0.00521157071740650,0.00000000000000000
-3.12589640362650911,-0.00544990025277017,-0.00541969213289963,0.00000000000000000
-3.12595196092988559,-0.00566181706828150,-0.00562925275433195,0.00000000000000000
-3.12600964508938350,-0.00587527031767669,-0.00584024397364759,0.00000000000000000
-3.12606947143415681,-0.00609025292350143,-0.00605265694494293,0.00000000000000000
-3.12613145522137170,-0.00630675756590914,-0.00626648258352347,0.00000000000000000
-3.12619561163378012,-0.00652477668099828,-0.00648171156498677,0.00000000000000000
-3.12626195577726573,-0.00674430245916461,-0.00669833432433183,0.00000000000000000
-3.12633050267838186,-0.00696532684346912,-0.00691634105509517,0.00000000000000000
-3.12640126728186729,-0.00718784152802173,-0.00713572170851395,0.00000000000000000
-3.12647426444815313,-0.00741183795638145,-0.00735646599271627,0.00000000000000000
-3.12654950895084482,-0.00763730731997329,-0.00757856337193910,0.00000000000000000
-3.12662701547419530,-0.00786424055652241,-0.00780200306577392,0.00000000000000000
-3.12670679861055945,-0.00809262834850589,-0.00802677404844048,0.00000000000000000
-3.12678887285783613,-0.00832246112162261,-0.00825286504808881,0.00000000000000000
-3.12687325261688809,-0.00855372904328159,-0.00848026454612980,0.00000000000000000
-3.12695995218895639,-0.00878642202110931,-0.00870896077659454,0.00000000000000000
-3.12704898577305368,-0.00902052970147642,-0.00893894172552267,0.00000000000000000
-3.12714036746334223,-0.00925604146804418,-0.00917019513037996,0.00000000000000000
-3.12723411124650319,-0.00949294644033127,-0.00940270847950528,0.00000000000000000
-3.12733023099908358,-0.00973123347230113,-0.00963646901158731,0.00000000000000000
-3.12742874048484065,-0.00997089115097053,-0.00987146371517096,0.00000000000000000
-3.12752965335205779,-0.01021190779503959,-0.01010767932819396,0.00000000000000000
-3.12763298313086047,-0.01045427145354389,-0.01034510233755346,0.00000000000000000
-3.12773874323050727,-0.01069796990452885,-0.01058371897870329,0.00000000000000000
-3.12784694693668186,-0.01094299065374710,-0.01082351523528149,0.00000000000000000
-3.12795760740875561,-0.01118932093337904,-0.01106447683876877,0.00000000000000000
-3.12807073767704757,-0.01143694770077711,-0.01130658926817766,0.00000000000000000
-3.12818635064007289,-0.01168585763723427,-0.01154983774977282,0.00000000000000000
-3.12830445906177523,-0.01193603714677702,-0.01179420725682231,0.00000000000000000
-3.12842507556874416,-0.01218747235498340,-0.01203968250938031,0.00000000000000000
-3.12854821264742977,-0.01244014910782647,-0.01228624797410102,0.00000000000000000
-3.12867388264134050,-0.01269405297054364,-0.01253388786408421,0.00000000000000000
-3.12880209774822582,-0.01294916922653228,-0.01278258613875223,0.00000000000000000
-3.12893287001725717,-0.01320548287627208,-0.01303232650375878,0.00000000000000000
-3.12906621134619201,-0.01346297863627455,-0.01328309241092940,0.00000000000000000
-3.12920213347852894,-0.01372164093806000,-0.01353486705823374,0.00000000000000000
-3.12934064800065315,-0.01398145392716269,-0.01378763338978982,0.00000000000000000
-3.12948176633896757,-0.01424240146216418,-0.01404137409590013,0.00000000000000000
-3.12962549975702675,-0.01450446711375565,-0.01429607161311982,0.00000000000000000
-3.12977185935264668,-0.01476763416382942,-0.01455170812435684,0.00000000000000000
-3.12992085605501469,-0.01503188560460012,-0.01480826555900418,0.00000000000000000
-3.13007250062178954,-0.01529720413775590,-0.01506572559310416,0.00000000000000000
-3.13022680363618822,-0.01556357217364016,-0.01532406964954484,0.00000000000000000
-3.13038377550407443,-0.01583097183046414,-0.01558327889828846,0.00000000000000000
-3.13054342645102857,-0.01609938493355081,-0.01584333425663201,0.00000000000000000
-3.13070576651941579,-0.01636879301461037,-0.01610421638949984,0.00000000000000000
-3.13087080556544883,-0.01663917731104796,-0.01636590570976827,0.00000000000000000
-3.13103855325623925,-0.01691051876530376,-0.01662838237862220,0.00000000000000000
-3.13120901906684779,-0.01718279802422596,-0.01689162630594377,0.00000000000000000
-3.13138221227731961,-0.01745599543847700,-0.01715561715073272,0.00000000000000000
-3.13155814196972493,-0.01773009106197349,-0.01742033432155876,0.00000000000000000
-3.13173681702518891,-0.01800506465136013,-0.01768575697704560,0.00000000000000000
-3.13191824612091274,-0.01828089566551796,-0.01795186402638664,0.00000000000000000
-3.13210243772719643,-0.01855756326510751,-0.01821863412989230,0.00000000000000000
-3.13228940010445189,-0.01883504631214702,-0.01848604569956880,0.00000000000000000
-3.13247914130021954,-0.01911332336962618,-0.01875407689972825,0.00000000000000000
-3.13267166914616979,-0.01939237270115574,-0.01902270564763009,0.00000000000000000
-3.13286699125511348,-0.01967217227065340,-0.01929190961415358,0.00000000000000000
-3.13306511501800067,-0.01995269974206620,-0.01956166622450124,0.00000000000000000
-3.13326604760091953,-0.02023393247912993,-0.01983195265893321,0.00000000000000000
-3.13346979594209252,-0.02051584754516577,-0.02010274585353222,0.00000000000000000
-3.13367636674887429,-0.02079842170291454,-0.02037402250099906,0.00000000000000000
-3.13388576649474260,-0.02108163141440896,-0.02064575905147841,0.00000000000000000
-3.13409800141629180,-0.02136545284088408,-0.02091793171341483,0.00000000000000000
-3.13431307751022459,-0.02164986184272650,-0.02119051645443870,0.00000000000000000
-3.13453100053034195,-0.02193483397946229,-0.02146348900228184,0.00000000000000000
-3.13475177598453847,-0.02222034450978433,-0.02173682484572281,0.00000000000000000
-3.13497540913178874,-0.02250636839161912,-0.02201049923556141,0.00000000000000000
-3.13520190497914619,-0.02279288028223346,-0.02228448718562235,0.00000000000000000
-3.13543126827873131,-0.02307985453838126,-0.02255876347378776,0.00000000000000000
-3.13566350352473222,-0.02336726521649082,-0.02283330264305829,0.00000000000000000
-3.13589861495040090,-0.02365508607289279,-0.02310807900264262,0.00000000000000000
-3.13613660652505288,-0.02394329056408921,-0.02338306662907499,0.00000000000000000
-3.13637748195106880,-0.02423185184706373,-0.02365823936736067,0.00000000000000000
-3.13662124466090475,-0.02452074277963350,-0.02393357083214884,0.00000000000000000
-3.13686789781410180,-0.02480993592084271,-0.02420903440893287,0.00000000000000000
-3.13711744429429817,-0.02509940353139836,-0.02448460325527744,0.00000000000000000
-3.13736988670624939,-0.02538911757414819,-0.02476025030207238,0.00000000000000000
-3.13762522737285288,-0.02567904971460127,-0.02503594825481290,0.00000000000000000
-3.13788346833217524,-0.02596917132149129,-0.02531166959490577,0.00000000000000000
-3.13814461133449107,-0.02625945346738295,-0.02558738658100120,0.00000000000000000
-3.13840865783932088,-0.02654986692932147,-0.02586307125035017,0.00000000000000000
-3.13867560901248233,-0.02684038218952565,-0.02613869542018669,0.00000000000000000
-3.13894546572314415,-0.02713096943612451,-0.02641423068913480,0.00000000000000000
-3.13921822854088717,-0.02742159856393781,-0.02668964843863982,0.00000000000000000
-3.13949389773277865,-0.02771223917530059,-0.02696491983442359,0.00000000000000000
-3.13977247326045195,-0.02800286058093198,-0.02724001582796328,0.00000000000000000
-3.14005395477718885,-0.02829343180084829,-0.02751490715799335,0.00000000000000000
-3.14033834162502767,-0.02858392156532085,-0.02778956435203040,0.00000000000000000
-3.14062563283185980,-0.02887429831587839,-0.02806395772792030,0.00000000000000000
-3.14091582710855555,-0.02916453020635439,-0.02833805739540748,0.00000000000000000
-3.14120892284608733,-0.02945458510397951,-0.02861183325772571,0.00000000000000000
-3.14150491811267418,-0.02974443059051903,-0.02888525501321008,0.00000000000000000
3.14138149652865728,-0.03003403396345568,-0.02915829215692978,0.00000000000000000
3.14107970930456482,-0.03032336223721788,-0.02943091398234123,0.00000000000000000
3.14077503031172611,-0.03061238214445343,-0.02970308958296096,0.00000000000000000
3.14046746280131472,-0.03090106013734885,-0.02997478785405819,0.00000000000000000
3.14015701036137607,-0.03118936238899446,-0.03024597749436618,0.00000000000000000
3.13984367691961275,-0.03147725479479520,-0.03051662700781228,0.00000000000000000
3.13952746674616101,-0.03176470297392739,-0.03078670470526601,0.00000000000000000
3.13920838445633521,-0.03205167227084132,-0.03105617870630481,0.00000000000000000
3.13888643501337405,-0.03233812775681000,-0.03132501694099691,0.00000000000000000
3.13856162373116376,-0.03262403423152376,-0.03159318715170086,0.00000000000000000
3.13823395627694257,-0.03290935622473112,-0.03186065689488130,0.00000000000000000
3.13790343867399635,-0.03319405799792562,-0.03212739354294038,0.00000000000000000
3.13757007730432846,-0.03347810354607894,-0.03239336428606449,0.00000000000000000
3.13723387891131900,-0.03376145659941999,-0.03265853613408549,0.00000000000000000
3.13689485060236173,-0.03404408062526033,-0.03292287591835636,0.00000000000000000
3.13655299985148162,-0.03432593882986557,-0.03318635029364045,0.00000000000000000
3.13620833450194070,-0.03460699416037306,-0.03344892574001382,0.00000000000000000
3.13586086276881737,-0.03488720930675553,-0.03371056856478035,0.00000000000000000
3.13551059324156789,-0.03516654670383084,-0.03397124490439895,0.00000000000000000
3.13515753488656479,-0.03544496853331783,-0.03423092072642229,0.00000000000000000
3.13480169704962286,-0.03572243672593799,-0.03448956183144659,0.00000000000000000
3.13444308945849492,-0.03599891296356308,-0.03474713385507206,0.00000000000000000
3.13408172222534986,-0.03627435868140864,-0.03500360226987311,0.00000000000000000
3.13371760584922932,-0.03654873507027306,-0.03525893238737811,0.00000000000000000
3.13335075121847950,-0.03682200307882245,-0.03551308936005792,0.00000000000000000
3.13298116961315998,-0.03709412341592089,-0.03576603818332276,0.00000000000000000
3.13260887270742927,-0.03736505655300619,-0.03601774369752685,0.00000000000000000
3.13223387257191366,-0.03763476272651085,-0.03626817058998008,0.00000000000000000
3.13185618167603508,-0.03790320194032818,-0.03651728339696648,0.00000000000000000
3.13147581289033106,-0.03817033396832341,-0.03676504650576844,0.00000000000000000
3.13109277948873732,-0.03843611835688959,-0.03701142415669661,0.00000000000000000
3.13070709515085710,-0.03870051442754817,-0.03725638044512444,0.00000000000000000
3.13031877396418778,-0.03896348127959405,-0.03749987932352708,0.00000000000000000
3.12992783042633516,-0.03922497779278487,-0.03774188460352400,0.00000000000000000
3.12953427944719209,-0.03948496263007439,-0.03798235995792448,0.00000000000000000
3.12913813635109772,-0.03974339424038971,-0.03822126892277571,0.00000000000000000
3.12873941687895751,-0.04000023086145212,-0.03845857489941266,0.00000000000000000
3.12833813719034382,-0.04025543052264136,-0.03869424115650937,0.00000000000000000
3.12793431386556708,-0.04050895104790299,-0.03892823083213050,0.00000000000000000
3.12752796390771159,-0.04076075005869861,-0.03916050693578332,0.00000000000000000
3.12711910474464538,-0.04101078497699875,-0.03939103235046879,0.00000000000000000
3.12670775423100622,-0.04125901302831806,-0.03961976983473152,0.00000000000000000
3.12629393065014227,-0.04150539124479246,-0.03984668202470787,0.00000000000000000
3.12587765271603413,-0.04174987646829813,-0.04007173143617152,0.00000000000000000
3.12545893957518395,-0.04199242535361179,-0.04029488046657598,0.00000000000000000
3.12503781080846821,-0.04223299437161211,-0.04051609139709317,0.00000000000000000
3.12461428643295847,-0.04247153981252188,-0.04073532639464784,0.00000000000000000
3.12418838690371548,-0.04270801778919045,-0.04095254751394669,0.00000000000000000
3.12376013311554424,-0.04294238424041633,-0.04116771669950197,0.00000000000000000
3.12332954640471705,-0.04317459493430929,-0.04138079578764860,0.00000000000000000
3.12289664855066551,-0.04340460547169182,-0.04159174650855431,0.00000000000000000
3.12246146177763517,-0.04363237128953937,-0.04180053048822218,0.00000000000000000
3.12202400875630559,-0.04385784766445903,-0.04200710925048472,0.00000000000000000
3.12158431260537839,-0.04408098971620628,-0.04221144421898908,0.00000000000000000
3.12114239689312711,-0.04430175241123928,-0.04241349671917248,0.00000000000000000
3.12069828563891072,-0.04452009056631024,-0.04261322798022734,0.00000000000000000
3.12025200331465680,-0.04473595885209358,-0.04281059913705550,0.00000000000000000
3.11980357484629867,-0.04494931179685017,-0.04300557123221049,0.00000000000000000
3.11935302561518490,-0.04516010379012737,-0.04319810521782774,0.00000000000000000
3.11890038145944715,-0.04536828908649419,-0.04338816195754144,0.00000000000000000
3.11844566867532880,-0.04557382180931131,-0.04357570222838785,0.00000000000000000
3.11798891401848266,-0.04577665595453513,-0.04376068672269409,0.00000000000000000
3.11753014470521972,-0.04597674539455556,-0.04394307604995178,0.00000000000000000
3.11706938841373216,-0.04617404388206692,-0.04412283073867484,0.00000000000000000
3.11660667328526308,-0.04636850505397139,-0.04429991123824085,0.00000000000000000
3.11614202792525496,-0.04656008243531437,-0.04447427792071500,0.00000000000000000
3.11567548140443762,-0.04674872944325140,-0.04464589108265628,0.00000000000000000
3.11520706325989316,-0.04693439939104574,-0.04481471094690487,0.00000000000000000
3.11473680349607562,-0.04711704549209620,-0.04498069766435022,0.00000000000000000
3.11426473258578707,-0.04729662086399460,-0.04514381131567900,0.00000000000000000
3.11379088147111283,-0.04747307853261213,-0.04530401191310229,0.00000000000000000
3.11331528156432569,-0.04764637143621401,-0.04546125940206119,0.00000000000000000
3.11283796474873142,-0.04781645242960187,-0.04561551366291025,0.00000000000000000
3.11235896337949214,-0.04798327428828306,-0.04576673451257771,0.00000000000000000
3.11187831028439099,-0.04814678971266625,-0.04591488170620226,0.00000000000000000
3.11139603876456583,-0.04830695133228276,-0.04605991493874520,0.00000000000000000
3.11091218259519664,-0.04846371171003261,-0.04620179384657738,0.00000000000000000
3.11042677602615036,-0.04861702334645494,-0.04634047800904026,0.00000000000000000
3.10993985378257953,-0.04876683868402182,-0.04647592694998026,0.00000000000000000
3.10945145106548715,-0.04891311011145473,-0.04660810013925562,0.00000000000000000
3.10896160355223738,-0.04905578996806313,-0.04673695699421511,0.00000000000000000
3.10847034739703254,-0.04919483054810411,-0.04686245688114776,0.00000000000000000
3.10797771923133848,-0.04933018410516255,-0.04698455911670292,0.00000000000000000
3.10748375616426920,-0.04946180285655088,-0.04710322296927975,0.00000000000000000
3.10698849578293057,-0.04958963898772766,-0.04721840766038555,0.00000000000000000
3.10649197615271255,-0.04971364465673419,-0.04733007236596206,0.00000000000000000
3.10599423581754408,-0.04983377199864833,-0.04743817621767887,0.00000000000000000
3.10549531380010091,-0.04994997313005464,-0.04754267830419345,0.00000000000000000
3.10499524960196460,-0.05006220015353006,-0.04764353767237665,0.00000000000000000
3.10449408320374154,-0.05017040516214418,-0.04774071332850315,0.00000000000000000
3.10399185506514108,-0.05027454024397331,-0.04783416423940597,0.00000000000000000
3.10348860612499067,-0.05037455748662741,-0.04792384933359432,0.00000000000000000
3.10298437780123226,-0.05047040898178905,-0.04800972750233377,0.00000000000000000
3.10247921199084686,-0.05056204682976336,-0.04809175760068837,0.00000000000000000
3.10197315106975147,-0.05064942314403820,-0.04816989844852347,0.00000000000000000
3.10146623789264364,-0.05073249005585350,-0.04824410883146862,0.00000000000000000
3.10095851579280080,-0.05081119971877893,-0.04831434750183988,0.00000000000000000
3.10045002858183505,-0.05088550431329879,-0.04838057317952046,0.00000000000000000
3.09994082054939746,-0.05095535605140337,-0.04844274455279906,0.00000000000000000
3.09943093646284318,-0.05102070718118561,-0.04850082027916500,0.00000000000000000
3.09892042156684866,-0.05108150999144211,-0.04855475898605947,0.00000000000000000
3.09840932158297733,-0.05113771681627758,-0.04860451927158168,0.00000000000000000
3.09789768270920618,-0.05118928003971167,-0.04865005970514966,0.00000000000000000
3.09738555161940532,-0.05123615210028707,-0.04869133882811433,0.00000000000000000
3.09687297546276596,-0.05127828549567798,-0.04872831515432638,0.00000000000000000
3.09636000186318761,-0.05131563278729782,-0.04876094717065482,0.00000000000000000
3.09584667891861898,-0.05134814660490517,-0.04878919333745668,0.00000000000000000
3.09533305520034752,-0.05137577965120681,-0.04881301208899661,0.00000000000000000
3.09481917975225151,-0.05139848470645687,-0.04883236183381598,0.00000000000000000
3.09430510209000253,-0.05141621463305093,-0.04884720095505012,0.00000000000000000
3.09379087220021276,-0.05142892238011405,-0.04885748781069339,0.00000000000000000
3.09327654053955481,-0.05143656098808149,-0.04886318073381060,0.00000000000000000
3.09276215803381938,-0.05143908359327114,-0.04886423803269457,0.00000000000000000
3.09224777607693646,-0.05143644343244648,-0.04886061799096823,0.00000000000000000
3.09173344652994686,-0.05142859384736893,-0.04885227886763114,0.00000000000000000
3.09121922171993013,-0.05141548828933838,-0.04883917889704886,0.00000000000000000
3.09070515443888461,-0.05139708032372092,-0.04882127628888474,0.00000000000000000
3.09019129794256742,-0.05137332363446237,-0.04879852922797311,0.00000000000000000
3.08967770594928481,-0.05134417202858663,-0.04877089587413280,0.00000000000000000
3.08916443263863805,-0.05130957944067755,-0.04873833436192034,0.00000000000000000
3.08865153265022663,-0.05126949993734321,-0.04870080280032180,0.00000000000000000
3.08813906108230452,-0.05122388772166128,-0.04865825927238238,0.00000000000000000
3.08762707349039545,-0.05117269713760442,-0.04861066183477279,0.00000000000000000
3.08711562588585764,-0.05111588267444434,-0.04855796851729161,0.00000000000000000
3.08660477473441652,-0.05105339897113341,-0.04850013732230260,0.00000000000000000
3.08609457695463707,-0.05098520082066248,-0.04843712622410604,0.00000000000000000
3.08558508991636860,-0.05091124317439377,-0.04836889316824321,0.00000000000000000
3.08507637143913627,-0.05083148114636750,-0.04829539607073310,0.00000000000000000
3.08456847979049265,-0.05074587001758103,-0.04821659281724018,0.00000000000000000
3.08406147368432926,-0.05065436524023920,-0.04813244126217271,0.00000000000000000
3.08355541227914287,-0.05055692244197472,-0.04804289922771001,0.00000000000000000
3.08305035517625559,-0.05045349743003710,-0.04794792450275843,0.00000000000000000
3.08254636241800561,-0.05034404619544909,-0.04784747484183453,0.00000000000000000
3.08204349448588211,-0.05022852491712916,-0.04774150796387462,0.00000000000000000
3.08154181229862978,-0.05010688996597872,-0.04762998155096984,0.00000000000000000
3.08104137721030646,-0.04997909790893286,-0.04751285324702556,0.00000000000000000
3.08054225100830692,-0.04984510551297326,-0.04739008065634441,0.00000000000000000
3.08004449591133511,-0.04970486974910186,-0.04726162134213144,0.00000000000000000
3.07954817456735075,-0.04955834779627408,-0.04712743282492107,0.00000000000000000
3.07905335005146785,-0.04940549704529020,-0.04698747258092415,0.00000000000000000
3.07856008586381691,-0.04924627510264355,-0.04684169804029461,0.00000000000000000
3.07806844592736795,-0.04908063979432415,-0.04669006658531433,0.00000000000000000
3.07757849458572075,-0.04890854916957651,-0.04653253554849553,0.00000000000000000
3.07709029660084710,-0.04872996150461016,-0.04636906221059917,0.00000000000000000
3.07660391715081083,-0.04854483530626162,-0.04619960379856883,0.00000000000000000
3.07611942182743636,-0.04835312931560633,-0.04602411748337863,0.00000000000000000
3.07563687663395147,-0.04815480251151930,-0.04584256037779422,0.00000000000000000
3.07515634798259185,-0.04794981411418300,-0.04565488953404587,0.00000000000000000
3.07467790269217289,-0.04773812358854117,-0.04546106194141242,0.00000000000000000
3.07420160798561781,-0.04751969064769715,-0.04526103452371508,0.00000000000000000
3.07372753148746725,-0.04729447525625528,-0.04505476413671992,0.00000000000000000
3.07325574122134437,-0.04706243763360406,-0.04484220756544803,0.00000000000000000
3.07278630560739074,-0.04682353825713966,-0.04462332152139204,0.00000000000000000
3.07231929345966925,-0.04657773786542832,-0.04439806263963803,0.00000000000000000
3.07185477398354223,-0.04632499746130628,-0.04416638747589162,0.00000000000000000
3.07139281677300424,-0.04606527831491582,-0.04392825250340700,0.00000000000000000
3.07093349180800423,-0.04579854196667606,-0.04368361410981790,0.00000000000000000
3.07047686945172060,-0.04552475023018692,-0.04343242859386904,0.00000000000000000
3.07002302044782027,-0.04524386519506513,-0.04317465216204720,0.00000000000000000
3.06957201591767959,-0.04495584922971053,-0.04291024092511028,0.00000000000000000
3.06912392735758743,-0.04466066498400147,-0.04263915089451360,0.00000000000000000
3.06867882663591551,-0.04435827539191788,-0.04236133797873168,0.00000000000000000
3.06823678599026373,-0.04404864367409036,-0.04207675797947465,0.00000000000000000
3.06779787802458426,-0.04373173334027423,-0.04178536658779778,0.00000000000000000
3.06736217570627367,-0.04340750819174671,-0.04148711938010295,0.00000000000000000
3.06692975236324816,-0.04307593232362614,-0.04118197181403057,0.00000000000000000
3.06650068168099654,-0.04273697012711155,-0.04086987922424089,0.00000000000000000
3.06607503769960488,-0.04239058629164130,-0.04055079681808310,0.00000000000000000
3.06565289481076508,-0.04203674580696931,-0.04022467967115091,0.00000000000000000
3.06523432775476135,-0.04167541396515746,-0.03989148272272332,0.00000000000000000
3.06481941161743787,-0.04130655636248261,-0.03955116077108906,0.00000000000000000
3.06440822182714712,-0.04093013890125698,-0.03920366846875322,0.00000000000000000
3.06400083415168289,-0.04054612779156028,-0.03884896031752479,0.00000000000000000
3.06359732469518953,-0.04015448955288231,-0.03848699066348333,0.00000000000000000
3.06319776989506476,-0.03975519101567442,-0.03811771369182362,0.00000000000000000
3.06280224651884048,-0.03934819932280845,-0.03774108342157638,0.00000000000000000
3.06241083166105277,-0.03893348193094182,-0.03735705370020383,0.00000000000000000
3.06202360274009422,-0.03851100661178711,-0.03696557819806816,0.00000000000000000
3.06164063749506354,-0.03808074145328483,-0.03656661040277154,0.00000000000000000
3.06126201398259212,-0.03764265486067789,-0.03616010361336596,0.00000000000000000
3.06088781057366965,-0.03719671555748632,-0.03574601093443106,0.00000000000000000
3.06051810595045559,-0.03674289258638080,-0.03532428527001844,0.00000000000000000
3.06015297910308082,-0.03628115530995352,-0.03489487931746044,0.00000000000000000
3.05979250932645108,-0.03581147341138491,-0.03445774556104191,0.00000000000000000
3.05943677621703536,-0.03533381689500484,-0.03401283626553279,0.00000000000000000
3.05908585966964885,-0.03484815608674680,-0.03356010346957987,0.00000000000000000
3.05873983987423870,-0.03435446163449361,-0.03309949897895570,0.00000000000000000
3.05839879731266429,-0.03385270450831310,-0.03263097435966272,0.00000000000000000
3.05806281275547143,-0.03334285600058257,-0.03215448093089060,0.00000000000000000
3.05773196725867002,-0.03282488772600018,-0.03166996975782474,0.00000000000000000
3.05740634216051355,-0.03229877162148219,-0.03117739164430379,0.00000000000000000
3.05708601907827493,-0.03176447994594430,-0.03067669712532409,0.00000000000000000
3.05677107990502783,-0.03122198527996577,-0.03016783645938884,0.00000000000000000
3.05646160680643675,-0.03067126052533477,-0.02965075962069960,0.00000000000000000
3.05615768221754180,-0.03011227890447358,-0.02912541629118803,0.00000000000000000
3.05585938883956132,-0.02954501395974200,-0.02859175585238529,0.00000000000000000
3.05556680963669081,-0.02896943955261772,-0.02804972737712676,0.00000000000000000
3.05528002783292152,-0.02838552986275190,-0.02749927962108957,0.00000000000000000
3.05499912690885900,-0.02779325938689871,-0.02694036101416036,0.00000000000000000
3.05472419059856559,-0.02719260293771712,-0.02637291965163064,0.00000000000000000
3.05445530288639766,-0.02658353564244367,-0.02579690328521706,0.00000000000000000
3.05419254800387563,-0.02596603294143449,-0.02521225931390371,0.00000000000000000
3.05393601042655582,-0.02534007058657525,-0.02461893477460380,0.00000000000000000
3.05368577487092629,-0.02470562463955732,-0.02401687633263751,0.00000000000000000
3.05344192629131506,-0.02406267147001888,-0.02340603027202327,0.00000000000000000
3.05320454987682588,-0.02341118775354920,-0.02278634248557907,0.00000000000000000
3.05297373104828029,-0.02275115046955468,-0.02215775846483088,0.00000000000000000
3.05274955545520044,-0.02208253689898508,-0.02152022328972466,0.00000000000000000
3.05253210897280169,-0.02140532462191842,-0.02087368161813871,0.00000000000000000
3.05232147769900841,-0.02071949151500288,-0.02021807767519289,0.00000000000000000
3.05211774795151314,-0.02002501574875422,-0.01955335524235091,0.00000000000000000
3.05192100626484120,-0.01932187578470716,-0.01887945764631230,0.00000000000000000
3.05173133938746144,-0.01861005037241898,-0.01819632774768992,0.00000000000000000
3.05154883427892099,-0.01788951854632387,-0.01750390792946939,0.00000000000000000
3.05137357810701104,-0.01716025962243631,-0.01680214008524614,0.00000000000000000
3.05120565824496914,-0.01642225319490199,-0.01609096560723602,0.00000000000000000
3.05104516226871425,-0.01567547913239432,-0.01537032537405517,0.00000000000000000
3.05089217795412448,-0.01491991757435525,-0.01464015973826467,0.00000000000000000
3.05074679327434417,-0.01415554892707837,-0.01390040851367537,0.00000000000000000
3.05060909639713707,-0.01338235385963282,-0.01315101096240827,0.00000000000000000
3.05047917568228044,-0.01260031329962609,-0.01239190578170541,0.00000000000000000
3.05035711967900092,-0.01180940842880420,-0.01162303109048641,0.00000000000000000
3.05024301712345647,-0.01100962067848720,-0.01084432441564535,0.00000000000000000
3.05013695693626374,-0.01020093172483852,-0.01005572267808258,0.00000000000000000
3.05003902822007333,-0.00938332348396607,-0.00925716217846615,0.00000000000000000
3.04994932025719478,-0.00855677810685346,-0.00844857858271683,0.00000000000000000
3.04986792250727845,-0.00772127797411930,-0.00762990690721102,0.00000000000000000
3.04979492460503998,-0.00687680569060290,-0.00680108150369538,0.00000000000000000
3.04973041635804876,-0.00602334407977418,-0.00596203604390687,0.00000000000000000
3.04967448774457228,-0.00516087617796607,-0.00511270350389169,0.00000000000000000
3.04962722891147386,-0.00428938522842729,-0.00425301614801636,0.00000000000000000
3.04958873017217513,-0.00340885467519349,-0.00338290551266405,0.00000000000000000
3.04955908200467984,-0.00251926815677469,-0.00250230238960882,0.00000000000000000
3.04953837504966163,-0.00162060949965702,-0.00161113680906055,0.00000000000000000
3.04952670010861659,-0.00071286271161644,-0.00070933802237262,0.00000000000000000
3.04952414814208517,0.00020398788762726,0.00020308250894320,0.00000000000000000
3.04953081023580275,0.00112994797312868,0.00112389304252561,0.00000000000000000
3.04954677741195113,0.00206500108171271,0.00205202202622479,0.00000000000000000
3.04957214049947822,0.00300912670429877,0.00298740590536119,0.00000000000000000
3.04960699011465319,0.00396230281221257,0.00392997961977857,0.00000000000000000
3.04965141664580663,0.00492450584482350,0.00487967661231155,0.00000000000000000
3.04970551023795444,0.00589571069739865,0.00583642883770376,0.00000000000000000
3.04976936077729199,0.00687589070917820,0.00680016677196945,0.00000000000000000
3.04984305787558263,0.00786501765167645,0.00777081942219105,0.00000000000000000
3.04992669085441559,0.00886306171721309,0.00874831433674482,0.00000000000000000
3.05002034872936001,0.00986999150767882,0.00973257761594642,0.00000000000000000
3.05012412019400525,0.01088577402353966,0.01072353392310782,0.00000000000000000
3.05023809360389642,0.01191037465308390,0.01172110649599685,0.00000000000000000
3.05036235696035440,0.01294375716191574,0.01272521715869007,0.00000000000000000
3.05049699789420004,0.01398588368269948,0.01373578633380968,0.00000000000000000
3.05064210364937516,0.01503671470515793,0.01475273305513469,0.00000000000000000
3.05079776106646339,0.01609620906632883,0.01577597498057646,0.00000000000000000
3.05096405656611402,0.01716432394108265,0.01680542840550813,0.00000000000000000
3.05114107613237806,0.01824101483290528,0.01784100827643793,0.00000000000000000
3.05132890529594469,0.01932623556494883,0.01888262820501517,0.00000000000000000
3.05152762911729791,0.02041993827135383,0.01993020048235835,0.00000000000000000
3.05173733216978427,0.02152207338884575,0.02098363609369416,0.00000000000000000
3.05195809852259359,0.02263258964860883,0.02204284473329609,0.00000000000000000
3.05219001172366866,0.02375143406844016,0.02310773481971126,0.00000000000000000
3.05243315478253319,0.02487855194518644,0.02417821351126375,0.00000000000000000
3.05268761015304158,0.02601388684746633,0.02525418672182290,0.00000000000000000
3.05295345971606480,0.02715738060868057,0.02633555913682444,0.00000000000000000
3.05323078476210341,0.02830897332031235,0.02742223422953282,0.00000000000000000
3.05351966597383750,0.02946860332552021,0.02851411427753245,0.00000000000000000
3.05382018340861272,0.03063620721302542,0.02961110037943583,0.00000000000000000
3.05413241648085965,0.03181171981129589,0.03071309247179647,0.00000000000000000
3.05445644394447680,0.03299507418302865,0.03181998934621424,0.00000000000000000
3.05479234387513365,0.03418620161993229,0.03293168866662111,0.00000000000000000
3.05514019365254264,0.03538503163781147,0.03404808698673491,0.00000000000000000
3.05550006994267598,0.03659149197195459,0.03516907976766903,0.00000000000000000
3.05587204867993734,0.03780550857282636,0.03629456139568567,0.00000000000000000
3.05625620504929429,0.03902700560206646,0.03742442520008083,0.00000000000000000
3.05665261346837269,0.04025590542879542,0.03855856347118857,0.00000000000000000
3.05706134756950920,0.04149212862622907,0.03969686747849288,0.00000000000000000
3.05748248018178437,0.04273559396860223,0.04083922748883508,0.00000000000000000
3.05791608331301212,0.04398621842840283,0.04198553278470494,0.00000000000000000
3.05836222813171155,0.04524391717391710,0.04313567168260397,0.00000000000000000
3.05882098494905641,0.04650860356708665,0.04428953155146922,0.00000000000000000
3.05929242320079897,0.04778018916167786,0.04544699883114631,0.00000000000000000
3.05977661142918311,0.04905858370176442,0.04660795905090034,0.00000000000000000
3.06027361726483882,0.05034369512052318,0.04777229684795390,0.00000000000000000
3.06078350740867045,0.05163542953934380,0.04893989598604104,0.00000000000000000
3.06130634761373344,0.05293369126725250,0.05011063937396684,0.00000000000000000
3.06184220266711105,0.05423838280065006,0.05128440908416197,0.00000000000000000
3.06239113637178839,0.05554940482336425,0.05246108637122236,0.00000000000000000
3.06295321152852651,0.05686665620701668,0.05364055169042369,0.00000000000000000
3.06352848991774351,0.05819003401170422,0.05482268471620129,0.00000000000000000
3.06411703228140730,0.05951943348699473,0.05600736436058619,0.00000000000000000
3.06471889830493183,0.06085474807323715,0.05719446879158772,0.00000000000000000
3.06533414659909642,0.06219586940318575,0.05838387545151446,0.00000000000000000
3.06596283468197672,0.06354268730393818,0.05957546107522456,0.00000000000000000
3.06660501896090132,0.06489508979918726,0.06076910170829744,0.00000000000000000
3.06726075471442972,0.06625296311178606,0.06196467272511900,0.00000000000000000
3.06793009607435607,0.06761619166662595,0.06316204884687251,0.00000000000000000
3.06861309600774756,0.06898465809382728,0.06436110415942846,0.00000000000000000
3.06930980629901384,0.07035824323224223,0.06556171213112592,0.00000000000000000
3.07002027753201112,0.07173682613326941,0.06676374563043931,0.00000000000000000
3.07074455907219068,0.07312028406497982,0.06796707694352395,0.00000000000000000
3.07148269904878468,0.07450849251655353,0.06917157779163520,0.00000000000000000
3.07223474433704524,0.07590132520302678,0.07037711934841491,0.00000000000000000
3.07300074054052175,0.07729865407034886,0.07158357225704068,0.00000000000000000
3.07378073197340207,0.07870034930074835,0.07279080664723304,0.00000000000000000
3.07457476164290000,0.08010627931840815,0.07399869215211595,0.00000000000000000
3.07538287123170484,0.08151631079544885,0.07520709792492680,0.00000000000000000
3.07620510108049672,0.08293030865821989,0.07641589265557239,0.00000000000000000
3.07704149017051432,0.08434813609389806,0.07762494458702722,0.00000000000000000
3.07789207610620075,0.08576965455739283,0.07883412153157174,0.00000000000000000
3.07875689509791961,0.08719472377855805,0.08004329088686753,0.00000000000000000
3.07963598194473676,0.08862320176970967,0.08125231965186752,0.00000000000000000
3.08052937001728555,0.09005494483344882,0.08246107444255958,0.00000000000000000
3.08143709124071208,0.09148980757079017,0.08366942150754154,0.00000000000000000
3.08235917607769849,0.09292764288959499,0.08487722674342729,0.00000000000000000
3.08329565351157786,0.09436830201330861,0.08608435571008265,0.00000000000000000
3.08424655102953071,0.09581163449000206,0.08729067364569100,0.00000000000000000
3.08521189460588197,0.09725748820171758,0.08849604548164847,0.00000000000000000
3.08619170868548665,0.09870570937411774,0.08970033585728922,0.00000000000000000
3.08718601616721422,0.10015614258643810,0.09090340913444112,0.00000000000000000
3.08819483838753950,0.10160863078174316,0.09210512941181344,0.00000000000000000
3.08921819510422946,0.10306301527748563,0.09330536053921705,0.00000000000000000
3.09025610448014287,0.10451913577636883,0.09450396613161950,0.00000000000000000
3.09130858306713829,0.10597683037751250,0.09570080958303652,0.00000000000000000
3.09237564579009572,0.10743593558792175,0.09689575408026223,0.00000000000000000
3.09345730593105195,0.10889628633425949,0.09808866261644053,0.00000000000000000
3.09455357511346207,0.11035771597492251,0.09927939800448075,0.00000000000000000
3.09566446328657108,0.11182005631242138,0.10046782289032007,0.00000000000000000
3.09678997870992490,0.11328313760606441,0.10165379976603665,0.00000000000000000
3.09793012793800138,0.11474678858494614,0.10283719098281652,0.00000000000000000
3.09908491580497092,0.11621083646124063,0.10401785876377828,0.00000000000000000
3.10025434540959921,0.11767510694380018,0.10519566521665963,0.00000000000000000
3.10143841810028142,0.11913942425205976,0.10637047234636982,0.00000000000000000
3.10263713346021852,0.12060361113024790,0.10754214206741239,0.00000000000000000
3.10385048929273921,0.12206748886190461,0.10871053621618318,0.00000000000000000
3.10507848160676581,0.12353087728470701,0.10987551656314780,0.00000000000000000
3.10632110460242927,0.12499359480560340,0.11103694482490407,0.00000000000000000
3.10757835065684240,0.12645545841625663,0.11219468267613406,0.00000000000000000
3.10885021031002307,0.12791628370879740,0.11334859176145114,0.00000000000000000
3.11013667225097912,0.12937588489188867,0.11449853370714742,0.00000000000000000
3.11143772330395585,0.13083407480710199,0.11564437013284679,0.00000000000000000
3.11275334841484863,0.13229066494560654,0.11678596266306913,0.00000000000000000
3.11408353063778431,0.13374546546517224,0.11792317293871153,0.00000000000000000
3.11542825112187050,0.13519828520748789,0.11905586262845171,0.00000000000000000
3.11678748909812597,0.13664893171579517,0.12018389344007974,0.00000000000000000
3.11816122186658262,0.13809721125284014,0.12130712713176350,0.00000000000000000
3.11954942478357644,0.13954292881914282,0.12242542552325357,0.00000000000000000
3.12095207124921181,0.14098588817158669,0.12353865050703343,0.00000000000000000
3.12236913269502381,0.14242589184232876,0.12464666405942086,0.00000000000000000
3.12380057857182436,0.14386274115803174,0.12574932825162552,0.00000000000000000
3.12524637633774827,0.14529623625941959,0.12684650526076913,0.00000000000000000
3.12670649144648749,0.14672617612115746,0.12793805738087308,0.00000000000000000
3.12818088733573774,0.14815235857205766,0.12902384703381961,0.00000000000000000
3.12966952541583510,0.14957458031561255,0.13010373678029147,0.00000000000000000
3.13117236505861474,0.15099263695085588,0.13117758933069529,0.00000000000000000
3.13268936358646499,0.15240632299355378,0.13224526755607452,0.00000000000000000
3.13422047626160705,0.15381543189772640,0.13330663449901564,0.00000000000000000
3.13576565627558246,0.15521975607750188,0.13436155338455388,0.00000000000000000
3.13732485473896894,0.15661908692930337,0.13540988763108242,0.00000000000000000
3.13889802067131196,0.15801321485437050,0.13645150086126911,0.00000000000000000
3.14048510099128997,0.15940192928161645,0.13748625691298633,0.00000000000000000
-3.14109926667248018,0.16078501869082137,0.13851401985025663,0.00000000000000000
-3.13948452527247568,0.16216227063616370,0.13953465397421921,0.00000000000000000
-3.13785604142891739,0.16353347177008970,0.14054802383411963,0.00000000000000000
-3.13621387672032448,0.16489840786752258,0.14155399423832760,0.00000000000000000
-3.13455809487174974,0.16625686385041180,0.14255243026538436,0.00000000000000000
-3.13288876176319153,0.16760862381262326,0.14354319727508380,0.00000000000000000
-3.13120594543774278,0.16895347104517108,0.14452616091958903,0.00000000000000000
-3.12950971610949402,0.17029118806179144,0.14550118715458682,0.00000000000000000
-3.12780014617117708,0.17162155662485895,0.14646814225048188,0.00000000000000000
-3.12607731020154933,0.17294435777164580,0.14742689280363272,0.00000000000000000
-3.12434128497250718,0.17425937184092394,0.14837730574762967,0.00000000000000000
-3.12259214945594366,0.17556637849991030,0.14931924836461669,0.00000000000000000
-3.12082998483031915,0.17686515677155495,0.15025258829665689,0.00000000000000000
-3.11905487448697372,0.17815548506217202,0.15117719355714246,0.00000000000000000
-3.11726690403615159,0.17943714118941292,0.15209293254224795,0.00000000000000000
-3.11546616131274412,0.18070990241058141,0.15299967404242715,0.00000000000000000
-3.11365273638175388,0.18197354545128963,0.15389728725395166,0.00000000000000000
-3.11182672154346207,0.18322784653445440,0.15478564179049056,0.00000000000000000
-3.10998821133831704,0.18447258140963244,0.15566460769472823,0.00000000000000000
-3.10813730255151022,0.18570752538269339,0.15653405545001897,0.00000000000000000
-3.10627409421726952,0.18693245334582909,0.15739385599207517,0.00000000000000000
-3.10439868762284465,0.18814713980789735,0.15824388072068560,0.00000000000000000
-3.10251118631218326,0.18935135892509827,0.15908400151146093,0.00000000000000000
-3.10061169608930598,0.19054488453198101,0.15991409072760135,0.00000000000000000
-3.09870032502136716,0.19172749017277843,0.16073402123168237,0.00000000000000000
-3.09677718344139663,0.19289894913306710,0.16154366639745346,0.00000000000000000
-3.09484238395073064,0.19405903447174960,0.16234290012164440,0.00000000000000000
-3.09289604142111152,0.19520751905335612,0.16313159683577244,0.00000000000000000
-3.09093827299647828,0.19634417558066156,0.16390963151794458,0.00000000000000000
-3.08896919809440895,0.19746877662761469,0.16467687970464764,0.00000000000000000
-3.08698893840725042,0.19858109467257526,0.16543321750251849,0.00000000000000000
-3.08499761790290172,0.19968090213185444,0.16617852160008684,0.00000000000000000
-3.08299536282527153,0.20076797139355443,0.16691266927948128,0.00000000000000000
-3.08098230169438381,0.20184207485170180,0.16763553842809098,0.00000000000000000
-3.07895856530615131,0.20290298494066958,0.16834700755017176,0.00000000000000000
-3.07692428673179474,0.20395047416988243,0.16904695577838810,0.00000000000000000
-3.07487960131692084,0.20498431515879886,0.16973526288527960,0.00000000000000000
-3.07282464668024602,0.20600428067216428,0.17041180929464142,0.00000000000000000
-3.07075956271196127,0.20701014365552828,0.17107647609280680,0.00000000000000000
-3.06868449157175327,0.20800167727101915,0.17172914503981984,0.00000000000000000
-3.06659957768645164,0.20897865493336815,0.17236969858048634,0.00000000000000000
-3.06450496774732706,0.20994085034617613,0.17299801985528873,0.00000000000000000
-3.06240081070701464,0.21088803753841412,0.17361399271115294,0.00000000000000000
-3.06028725777608379,0.21181999090114959,0.17421750171205180,0.00000000000000000
-3.05816446241922613,0.21273648522448960,0.17480843214943190,0.00000000000000000
-3.05603258035108283,0.21363729573473150,0.17538667005244760,0.00000000000000000
-3.05389176953169539,0.21452219813171175,0.17595210219798782,0.00000000000000000
-3.05174219016158510,0.21539096862634266,0.17650461612047902,0.00000000000000000
-3.04958400467644974,0.21624338397832690,0.17704410012144819,0.00000000000000000
-3.04741737774148724,0.21707922153403889,0.17757044327882945,0.00000000000000000
-3.04524247624534361,0.21789825926456180,0.17808353545599578,0.00000000000000000
-3.04305946929366655,0.21870027580386897,0.17858326731049992,0.00000000000000000
-3.04086852820229403,0.21948505048713718,0.17906953030250408,0.00000000000000000
-3.03866982649004580,0.22025236338917997,0.17954221670288212,0.00000000000000000
-3.03646353987113216,0.22100199536298790,0.18000121960097312,0.00000000000000000
-3.03424984624718341,0.22173372807836270,0.18044643291196821,0.00000000000000000
-3.03202892569888771,0.22244734406063155,0.18087775138391046,0.00000000000000000
-3.02980096047723801,0.22314262672942786,0.18129507060428712,0.00000000000000000
-3.02756613499439986,0.22381936043752368,0.18169828700619400,0.00000000000000000
-3.02532463581418121,0.22447733050969940,0.18208729787405104,0.00000000000000000
-3.02307665164212302,0.22511632328163522,0.18246200134884713,0.00000000000000000
-3.02082237331518932,0.22573612613880897,0.18282229643289302,0.00000000000000000
-3.01856199379108325,0.22633652755538425,0.18316808299405973,0.00000000000000000
-3.01629570813715553,0.22691731713307253,0.18349926176948023,0.00000000000000000
-3.01402371351894516,0.22747828563995243,0.18381573436869167,0.00000000000000000
-3.01174620918831160,0.22801922504922911,0.18411740327619489,0.00000000000000000
-3.00946339647120098,0.22853992857791616,0.18440417185340785,0.00000000000000000
-3.00717547875500646,0.22904019072542203,0.18467594433998932,0.00000000000000000
-3.00488266147555372,0.22951980731202309,0.18493262585450898,0.00000000000000000
-3.00258515210370547,0.22997857551720421,0.18517412239443959,0.00000000000000000
-3.00028316013156893,0.23041629391784835,0.18540034083544624,0.00000000000000000
-2.99797689705834181,0.23083276252625543,0.18561118892994904,0.00000000000000000
-2.99566657637576128,0.23122778282797118,0.18580657530493336,0.00000000000000000
-2.99335241355318793,0.23160115781940577,0.18598640945898232,0.00000000000000000
-2.99103462602230596,0.23195269204522184,0.18615060175850701,0.00000000000000000
-2.98871343316145843,0.23228219163547154,0.18629906343314781,0.00000000000000000
-2.98638905627960582,0.23258946434246150,0.18643170657032193,0.00000000000000000
-2.98406171859992408,0.23287431957732438,0.18654844410889024,0.00000000000000000
-2.98173164524302958,0.23313656844627575,0.18664918983191778,0.00000000000000000
-2.97939906320985326,0.23337602378653421,0.18673385835850190,0.00000000000000000
-2.97706420136415062,0.23359250020188296,0.18680236513464091,0.00000000000000000
-2.97472729041465733,0.23378581409785024,0.18685462642311693,0.00000000000000000
-2.97238856289690290,0.23395578371648620,0.18689055929236625,0.00000000000000000
-2.97004825315467080,0.23410222917071355,0.18691008160431052,0.00000000000000000
-2.96770659732111497,0.23422497247822854,0.18691311200112129,0.00000000000000000
-2.96536383329955378,0.23432383759492956,0.18689956989089135,0.00000000000000000
-2.96302020074391592,0.23439865044784944,0.18686937543218515,0.00000000000000000
-2.96067594103887011,0.23444923896756834,0.18682244951744209,0.00000000000000000
-2.95833129727962607,0.23447543312008284,0.18675871375520353,0.00000000000000000
-2.95598651425142833,0.23447706493810797,0.18667809045113801,0.00000000000000000
-2.95364183840873196,0.23445396855178732,0.18658050258783601,0.00000000000000000
-2.95129751785407635,0.23440598021878781,0.18646587380334681,0.00000000000000000
-2.94895380231666593,0.23433293835375396,0.18633412836843008,0.00000000000000000
-2.94661094313065064,0.23423468355709795,0.18618519116249430,0.00000000000000000
-2.94426919321313285,0.23411105864310025,0.18601898764819394,0.00000000000000000
-2.94192880704188653,0.23396190866729663,0.18583544384465822,0.00000000000000000
-2.93959004063281526,0.23378708095312670,0.18563448629932247,0.00000000000000000
-2.93725315151713584,0.23358642511781913,0.18541604205833487,0.00000000000000000
-2.93491839871832383,0.23335979309748878,0.18518003863551016,0.00000000000000000
-2.93258604272879353,0.23310703917142098,0.18492640397980190,0.00000000000000000
-2.93025634548635594,0.23282801998551800,0.18465506644126514,0.00000000000000000
-2.92792957035043422,0.23252259457488281,0.18436595473548109,0.00000000000000000
-2.92560598207806333,0.23219062438551533,0.18405899790641478,0.00000000000000000
-2.92328584679967651,0.23183197329509639,0.18373412528767788,0.00000000000000000
-2.92096943199468928,0.23144650763283425,0.18339126646216658,0.00000000000000000
-2.91865700646688886,0.23103409619834933,0.18303035122004685,0.00000000000000000
-2.91634884031963715,0.23059461027957204,0.18265130951505654,0.00000000000000000
-2.91404520493090757,0.23012792366962923,0.18225407141909575,0.00000000000000000
-2.91174637292814609,0.22963391268269454,0.18183856707507576,0.00000000000000000
-2.90945261816299450,0.22911245616877815,0.18140472664799595,0.00000000000000000
-2.90716421568585126,0.22856343552743147,0.18095248027421901,0.00000000000000000
-2.90488144172032570,0.22798673472034234,0.18048175800891406,0.00000000000000000
-2.90260457363754654,0.22738224028279658,0.17999248977163609,0.00000000000000000
-2.90033388993037811,0.22674984133398163,0.17948460529001115,0.00000000000000000
-2.89806967018753880,0.22608942958610825,0.17895803404149510,0.00000000000000000
-2.89581219506762189,0.22540089935232629,0.17841270519317418,0.00000000000000000
-2.89356174627305940,0.22468414755341087,0.17784854753957410,0.00000000000000000
-2.89131860652401329,0.22393907372319502,0.17726548943844531,0.00000000000000000
-2.88908305953222211,0.22316558001272541,0.17666345874448935,0.00000000000000000
-2.88685538997481750,0.22236357119311764,0.17604238274099338,0.00000000000000000
-2.88463588346811228,0.22153295465708767,0.17540218806933577,0.00000000000000000
-2.88242482654138321,0.22067364041913629,0.17474280065632858,0.00000000000000000
-2.88022250661065726,0.21978554111436358,0.17406414563935876,0.00000000000000000
-2.87802921195251571,0.21886857199589013,0.17336614728929056,0.00000000000000000
-2.87584523167793726,0.21792265093086252,0.17264872893109090,0.00000000000000000
-2.87367085570618030,0.21694769839501990,0.17191181286213736,0.00000000000000000
-2.87150637473872905,0.21594363746579942,0.17115532026816752,0.00000000000000000
-2.86935208023332233,0.21491039381395752,0.17037917113682829,0.00000000000000000
-2.86720826437806231,0.21384789569368490,0.16958328416878060,0.00000000000000000
-2.86507522006564130,0.21275607393119259,0.16876757668631534,0.00000000000000000
-2.86295324086768055,0.21163486191174663,0.16793196453943329,0.00000000000000000
-2.86084262100921727,0.21048419556512932,0.16707636200934109,0.00000000000000000
-2.85874365534332853,0.20930401334950441,0.16620068170931360,0.00000000000000000
-2.85665663932594782,0.20809425623366398,0.16530483448287006,0.00000000000000000
-2.85458186899084332,0.20685486767763475,0.16438872929921106,0.00000000000000000
-2.85251964092481636,0.20558579361162127,0.16345227314585919,0.00000000000000000
-2.85047025224310602,0.20428698241326368,0.16249537091844640,0.00000000000000000
-2.84843400056504237,0.20295838488318740,0.16151792530758605,0.00000000000000000
-2.84641118398994131,0.20159995421882207,0.16051983668276706,0.00000000000000000
-2.84440210107327562,0.20021164598646679,0.15950100297320377,0.00000000000000000
-2.84240705080313560,0.19879341809157888,0.15846131954557227,0.00000000000000000
-2.84042633257698895,0.19734523074726279,0.15740067907856123,0.00000000000000000
-2.83846024617877468,0.19586704644093544,0.15631897143416171,0.00000000000000000
-2.83650909175633004,0.19435882989914463,0.15521608352561644,0.00000000000000000
-2.83457316979918694,0.19282054805051588,0.15409189918194627,0.00000000000000000
-2.83265278111673879,0.19125216998680339,0.15294629900896645,0.00000000000000000
-2.83074822681681937,0.18965366692202029,0.15177916024670204,0.00000000000000000
-2.82885980828468675,0.18802501214962225,0.15059035662310705,0.00000000000000000
-2.82698782716245134,0.18636618099771884,0.14937975820398616,0.00000000000000000
-2.82513258532896483,0.18467715078228580,0.14814723123901494,0.00000000000000000
-2.82329438488018347,0.18295790075835097,0.14689263800374680,0.00000000000000000
-2.82147352811002694,0.18120841206912580,0.14561583663749139,0.00000000000000000
-2.81967031749176300,0.17942866769305368,0.14431668097694100,0.00000000000000000
-2.81788505565992775,0.17761865238874547,0.14299502038541756,0.00000000000000000
-2.81611804539280541,0.17577835263777122,0.14165069957760412,0.00000000000000000
-2.81436958959549965,0.17390775658527699,0.14028355843961846,0.00000000000000000
-2.81263999128359732,0.17200685397839333,0.13889343184427963,0.00000000000000000
-2.81092955356747076,0.17007563610240206,0.13748014946140863,0.00000000000000000
-2.80923857963722412,0.16811409571462560,0.13604353556299748,0.00000000000000000
-2.80756737274830925,0.16612222697600240,0.13458340882307165,0.00000000000000000
-2.80591623620784780,0.16410002538031032,0.13309958211206085,0.00000000000000000
-2.80428547336166112,0.16204748768099811,0.13159186228548403,0.00000000000000000
-2.80267538758205159,0.15996461181558355,0.13006004996674347,0.00000000000000000
-2.80108628225635226,0.15785139682757496,0.12850393932381157,0.00000000000000000
-2.79951846077626421,0.15570784278587074,0.12692331783958252,0.00000000000000000
-2.79797222652801914,0.15353395070158957,0.12531796607564816,0.00000000000000000
-2.79644788288338297,0.15132972244228163,0.12368765742924451,0.00000000000000000
-2.79494573319152817,0.14909516064346892,0.12203215788310130,0.00000000000000000
-2.79346608077181546,0.14683026861746004,0.12035122574791134,0.00000000000000000
-2.79200922890748693,0.14453505025938213,0.11864461139712250,0.00000000000000000
-2.79057548084032003,0.14220950995036999,0.11691205699373611,0.00000000000000000
-2.78916513976626845,0.13985365245784900,0.11515329620878076,0.00000000000000000
-2.78777850883210299,0.13746748283284560,0.11336805393110887,0.00000000000000000
-2.78641589113310850,0.13505100630425515,0.11155604596814611,0.00000000000000000
-2.78507758971184316,0.13260422816999379,0.10971697873720110,0.00000000000000000
-2.78376390755800429,0.13012715368495686,0.10785054894692125,0.00000000000000000
-2.78247514760943648,0.12761978794570214,0.10595644326845743,0.00000000000000000
-2.78121161275430318,0.12508213577177194,0.10403433799587350,0.00000000000000000
-2.77997360583446440,0.12251420158356349,0.10208389869531219,0.00000000000000000
-2.77876142965009443,0.11991598927665212,0.10010477984239917,0.00000000000000000
-2.77757538696557393,0.11728750209246616,0.09809662444733744,0.00000000000000000
-2.77641578051669136,0.11462874248520756,0.09605906366711262,0.00000000000000000
-2.77528291301919872,0.11193971198490579,0.09399171640419547,0.00000000000000000
-2.77417708717875477,0.10922041105648672,0.09189418889109217,0.00000000000000000
-2.77309860570229638,0.10647083895473133,0.08976607426005437,0.00000000000000000
-2.77204777131088420,0.10369099357499233,0.08760695209722034,0.00000000000000000
-2.77102488675406011,0.10088087129952909,0.08541638798041506,0.00000000000000000
-2.77003025482576781,0.09804046683931376,0.08319393299979085,0.00000000000000000
-2.76906417838187213,0.09516977307115260,0.08093912326044066,0.00000000000000000
-2.76812696035933925,0.09226878086995827,0.07865147936606411,0.00000000000000000
-2.76721890379711155,0.08933747893599907,0.07633050588270934,0.00000000000000000
-2.76634031185874285,0.08637585361694121,0.07397569078155514,0.00000000000000000
-2.76549148785683396,0.08338388872448965,0.07158650485963258,0.00000000000000000
-2.76467273527933521,0.08036156534542190,0.06916240113731859,0.00000000000000000
-2.76388435781775943,0.07730886164679704,0.06670281423135965,0.00000000000000000
-2.76312665939738622,0.07422575267510995,0.06420715970210696,0.00000000000000000
-2.76239994420948864,0.07111221014914659,0.06167483337356003,0.00000000000000000
-2.76170451674568262,0.06796820224628276,0.05910521062472737,0.00000000000000000
-2.76104068183443019,0.06479369338195275,0.05649764565071651,0.00000000000000000
-2.76040874467979513,0.06158864398199855,0.05385147069186362,0.00000000000000000
-2.75980901090250796,0.05835301024759305,0.05116599522910299,0.00000000000000000
-2.75924178658341823,0.05508674391241206,0.04844050514365899,0.00000000000000000
-2.75870737830941870,0.05178979199171081,0.04567426183901628,0.00000000000000000
-2.75820609322191856,0.04846209652293939,0.04286650132298862,0.00000000000000000
-2.75773823906795634,0.04510359429750976,0.04001643324756035,0.00000000000000000
-2.75730412425403593,0.04171421658330298,0.03712323990401776,0.00000000000000000
-2.75690405790279591,0.03829388883748028,0.03418607517071839,0.00000000000000000
-2.75653834991259039,0.03484253040913447,0.03120406341066485,0.00000000000000000
-2.75620731102010019,0.03136005423128932,0.02817629831585313,0.00000000000000000
-2.75591125286608474,0.02784636650172400,0.02510184169515445,0.00000000000000000
-2.75565048806437218,0.02430136635206627,0.02197972220226159,0.00000000000000000
-2.75542533027422998,0.02072494550456326,0.01880893399998433,0.00000000000000000
-2.75523609427623306,0.01711698791590060,0.01558843535691256,0.00000000000000000
-2.75508309605174517,0.01347736940740032,0.01231714717217836,0.00000000000000000
-2.75496665286619535,0.00980595728088452,0.00899395142373655,0.00000000000000000
-2.75488708335624288,0.00610260991944509,0.00561768953524672,0.00000000000000000
-2.75484470762103673,0.00236717637231000,0.00218716065627418,0.00000000000000000
-2.75483984731769205,-0.00140049846928194,-0.00129524188506772,0.00000000000000000
-2.75487282502582698,-0.00520038890822788,-0.00479142895190571,0.00000000000000000
-2.75494396147394660,-0.00903219241388271,-0.00829053611548656,0.00000000000000000
-2.75505357416109931,-0.01289558166220518,-0.01179207125868887,0.00000000000000000
-2.75520197728329030,-0.01679022338897880,-0.01529555271169125,0.00000000000000000
-2.75538948167470377,-0.02071577851580926,-0.01880050930155887,0.00000000000000000
-2.75561639475019149,-0.02467190227495950,-0.02230648038186888,0.00000000000000000
-2.75588302044899436,-0.02865824433282568,-0.02581301584279263,0.00000000000000000
-2.75618965917969927,-0.03267444891186339,-0.02931967610208210,0.00000000000000000
-2.75653660776639775,-0.03672015491078046,-0.03282603207743510,0.00000000000000000
-2.75692415939604452,-0.04079499602281929,-0.03633166514073856,0.00000000000000000
-2.75735260356698397,-0.04489860085195845,-0.03983616705471166,0.00000000000000000
-2.75782222603862870,-0.04903059302687082,-0.04333913989249100,0.00000000000000000
-2.75833330878226946,-0.05319059131248229,-0.04684019594071752,0.00000000000000000
-2.75888612993298032,-0.05737820971898245,-0.05033895758670130,0.00000000000000000
-2.75948096374261009,-0.06159305760814643,-0.05383505719025319,0.00000000000000000
-2.76011808053381458,-0.06583473979683378,-0.05732813694078472,0.00000000000000000
-2.76079774665511390,-0.07010285665753839,-0.06081784870028633,0.00000000000000000
-2.76152022443693923,-0.07439700421587045,-0.06430385383280249,0.00000000000000000
-2.76228577214863602,-0.07871677424485922,-0.06778582302102737,0.00000000000000000
-2.76309464395639992,-0.08306175435597260,-0.07126343607064906,0.00000000000000000
-2.76394708988209992,-0.08743152808675692,-0.07473638170307252,0.00000000000000000
-2.76484335576296214,-0.09182567498500800,-0.07820435733715242,0.00000000000000000
-2.76578368321207879,-0.09624377068939147,-0.08166706886056543,0.00000000000000000
-2.76676830957970665,-0.10068538700643768,-0.08512423039145058,0.00000000000000000
-2.76779746791531256,-0.10515009198384412,-0.08857556403094143,0.00000000000000000
-2.76887138693034007,-0.10963744998002442,-0.09202079960720973,0.00000000000000000
-2.76999029096164406,-0.11414702172985108,-0.09545967441163408,0.00000000000000000
-2.77115439993557011,-0.11867836440654506,-0.09889193292770007,0.00000000000000000
-2.77236392933263076,-0.12323103167967257,-0.10231732655323031,0.00000000000000000
-2.77361909015274488,-0.12780457376921617,-0.10573561331653404,0.00000000000000000
-2.77492008888099129,-0.13239853749569316,-0.10914655758705594,0.00000000000000000
-2.77626712745385085,-0.13701246632630165,-0.11254992978109374,0.00000000000000000
-2.77766040322588914,-0.14164590041708014,-0.11594550606314334,0.00000000000000000
-2.77910010893683612,-0.14629837665107290,-0.11933306804341701,0.00000000000000000
-2.78058643267902905,-0.15096942867249979,-0.12271240247207127,0.00000000000000000
-2.78211955786518317,-0.15565858691693460,-0.12608330093066439,0.00000000000000000
-2.78369966319643769,-0.16036537863750189,-0.12944555952135486,0.00000000000000000
-2.78532692263064163,-0.16508932792710845,-0.13279897855433517,0.00000000000000000
-2.78700150535085367,-0.16982995573673029,-0.13614336223398546,0.00000000000000000
-2.78872357573399121,-0.17458677988978213,-0.13947851834421485,0.00000000000000000
-2.79049329331961538,-0.17935931509260139,-0.14280425793344761,0.00000000000000000
-2.79231081277879234,-0.18414707294108379,-0.14612039499969515,0.00000000000000000
-2.79417628388301154,-0.18894956192351320,-0.14942674617614318,0.00000000000000000
-2.79608985147310030,-0.19376628741963273,-0.15272313041766913,0.00000000000000000
-2.79805165542812873,-0.19859675169600952,-0.15600936868869084,0.00000000000000000
-2.80006183063422842,-0.20344045389775006,-0.15928528365273512,0.00000000000000000
-2.80212050695332948,-0.20829689003662788,-0.16255069936410177,0.00000000000000000
-2.80422780919174919,-0.21316555297568990,-0.16580544096198443,0.00000000000000000
-2.80638385706861637,-0.21804593241041209,-0.16904933436739872,0.00000000000000000
-2.80858876518408351,-0.22293751484648006,-0.17228220598325422,0.00000000000000000
-2.81084264298730613,-0.22783978357427395,-0.17550388239789552,0.00000000000000000
-2.81314559474415127,-0.23275221864014184,-0.17871419009242570,0.00000000000000000
-2.81549771950459338,-0.23767429681454971,-0.18191295515211361,0.00000000000000000
-2.81789911106979396,-0.24260549155720065,-0.18510000298217594,0.00000000000000000
-2.82034985795879489,-0.24754527297921966,-0.18827515802821354,0.00000000000000000
-2.82285004337484313,-0.25249310780250489,-0.19143824350157121,0.00000000000000000
-2.82539974517127668,-0.25744845931635013,-0.19458908110988096,0.00000000000000000
-2.82799903581697265,-0.26241078733144707,-0.19772749079303706,0.00000000000000000
-2.83064798236132376,-0.26737954813138054,-0.20085329046484462,0.00000000000000000
-2.83334664639870670,-0.27235419442173298,-0.20396629576057135,0.00000000000000000
-2.83609508403244881,-0.27733417527691911,-0.20706631979062709,0.00000000000000000
-2.83889334583823150,-0.28231893608487552,-0.21015317290058425,0.00000000000000000
-2.84174147682694933,-0.28730791848973336,-0.21322666243774618,0.00000000000000000
-2.84463951640697044,-0.29230056033260671,-0.21628659252446350,0.00000000000000000
-2.84758749834580627,-0.29729629559063281,-0.21933276383838959,0.00000000000000000
-2.85058545073115965,-0.30229455431440427,-0.22236497339986128,0.00000000000000000
-2.85363339593134135,-0.30729476256393745,-0.22538301436658331,0.00000000000000000
-2.85673135055503735,-0.31229634234332421,-0.22838667583578981,0.00000000000000000
-2.85987932541041534,-0.31729871153421940,-0.23137574265404920,0.00000000000000000
-2.86307732546357130,-0.32230128382831902,-0.23434999523487479,0.00000000000000000
-2.86632534979627973,-0.32730346865898846,-0.23730920938429653,0.00000000000000000
-2.86962339156307245,-0.33230467113220374,-0.24025315613454576,0.00000000000000000
-2.87297143794761212,-0.33730429195697287,-0.24318160158599894,0.00000000000000000
-2.87636947011837751,-0.34230172737540759,-0.24609430675752267,0.00000000000000000
-2.87981746318363996,-0.34729636909262013,-0.24899102744535773,0.00000000000000000
-2.88331538614574612,-0.35228760420662264,-0.25187151409067426,0.00000000000000000
-2.88686320185469469,-0.35727481513841158,-0.25473551165593022,0.00000000000000000
-2.89046086696102034,-0.36225737956242188,-0.25758275951015519,0.00000000000000000
-2.89410833186798122,-0.36723467033754048,-0.26041299132328433,0.00000000000000000
-2.89780554068306273,-0.37220605543887175,-0.26322593496965946,0.00000000000000000
-2.90155243116879902,-0.37717089789045039,-0.26602131244081145,0.00000000000000000
-2.90534893469293642,-0.38212855569910242,-0.26879883976763597,0.00000000000000000
-2.90919497617792988,-0.38707838178965659,-0.27155822695206944,0.00000000000000000
-2.91309047404981136,-0.39201972394171253,-0.27429917790837011,0.00000000000000000
-2.91703534018642241,-0.39695192472817614,-0.27702139041410406,0.00000000000000000
-2.92102947986505512,-0.40187432145577401,-0.27972455607093411,0.00000000000000000
-2.92507279170949630,-0.40678624610776315,-0.28240836027530419,0.00000000000000000
-2.92916516763651735,-0.41168702528905510,-0.28507248219911030,0.00000000000000000
-2.93330649280182953,-0.41657598017397540,-0.28771659478044304,0.00000000000000000
-2.93749664554552758,-0.42145242645688347,-0.29034036472448449,0.00000000000000000
-2.94173549733705642,-0.42631567430587869,-0.29294345251463783,0.00000000000000000
-2.94602291271972749,-0.43116502831982284,-0.29552551243396263,0.00000000000000000
-2.95035874925483110,-0.43599978748890961,-0.29808619259698704,0.00000000000000000
-2.95474285746536580,-0.44081924515901466,-0.30062513499196020,0.00000000000000000
-2.95917508077943125,-0.44562268900006119,-0.30314197553360600,0.00000000000000000
-2.96365525547333597,-0.45040940097863774,-0.30563634412643292,0.00000000000000000
-2.96818321061443413,-0.45517865733510604,-0.30810786473864982,0.00000000000000000
-2.97275876800377947,-0.45992972856543785,-0.31055615548673127,0.00000000000000000
-2.97738174211860418,-0.46466187940802062,-0.31298082873067101,0.00000000000000000
-2.98205194005470009,-0.46937436883567196,-0.31538149117995562,0.00000000000000000
-2.98676916146874838,-0.47406645005310322,-0.31775774401028262,0.00000000000000000
-2.99153319852064747,-0.47873737050007270,-0.32010918299104285,0.00000000000000000
-2.99634383581590225,-0.48338637186046784,-0.32243539862357645,0.00000000000000000
-3.00120085034813933,-0.48801269007755521,-0.32473597629020740,0.00000000000000000
-3.00610401144180095,-0.49261555537563589,-0.32701049641405094,0.00000000000000000
-3.01105308069509547,-0.49719419228834238,-0.32925853462958099,0.00000000000000000
-3.01604781192325433,-0.50174781969381055,-0.33147966196393547,0.00000000000000000
-3.02108795110218864,-0.50627565085695780,-0.33367344502892815,0.00000000000000000
-3.02617323631259438,-0.51077689347909661,-0.33583944622372636,0.00000000000000000
-3.03130339768460022,-0.51525074975510743,-0.33797722394814317,0.00000000000000000
-3.03647815734301574,-0.51969641643839293,-0.34008633282648187,0.00000000000000000
-3.04169722935327869,-0.52411308491382935,-0.34216632394186164,0.00000000000000000
-3.04696031966816960,-0.52849994127892763,-0.34421674508093775,0.00000000000000000
-3.05226712607537376,-0.53285616643340972,-0.34623714098892366,0.00000000000000000
-3.05761733814599257,-0.53718093617740104,-0.34822705363480322,0.00000000000000000
-3.06301063718407196,-0.54147342131843279,-0.35018602248661579,0.00000000000000000
-3.06844669617724985,-0.54573278778743994,-0.35211358479667770,0.00000000000000000
-3.07392517974860802,-0.54995819676393509,-0.35400927589659220,0.00000000000000000
-3.07944574410982419,-0.55414880481052753,-0.35587262950189097,0.00000000000000000
-3.08500803701571158,-0.55830376401695014,-0.35770317802612484,0.00000000000000000
-3.09061169772025401,-0.56242222215374582,-0.35950045290421950,0.00000000000000000
-3.09625635693422119,-0.56650332283575555,-0.36126398492488759,0.00000000000000000
-3.10194163678447055,-0.57054620569553938,-0.36299330457187756,0.00000000000000000
-3.10766715077503797,-0.57455000656685040,-0.36468794237382374,0.00000000000000000
-3.11343250375009895,-0.57851385767826946,-0.36634742926244435,0.00000000000000000
-3.11923729185893883,-0.58243688785709558,-0.36797129693882025,0.00000000000000000
-3.12508110252299787,-0.58631822274357448,-0.36955907824746947,0.00000000000000000
-3.13096351440511178,-0.59015698501553315,-0.37111030755791691,0.00000000000000000
-3.13688409738105989,-0.59395229462347410,-0.37262452115343941,0.00000000000000000
3.14034289466607586,-0.59770326903616744,-0.37410125762665425,0.00000000000000000
3.13434729515111599,-0.60140902349676384,-0.37554005828159648,0.00000000000000000
3.12831486788522906,-0.60506867128943487,-0.37694046754191823,0.00000000000000000
3.12224607837579882,-0.60868132401653019,-0.37830203336482249,0.00000000000000000
3.11614140102140169,-0.61224609188622381,-0.37962430766032973,0.00000000000000000
3.11000131912426347,-0.61576208401060339,-0.38090684671545622,0.00000000000000000
3.10382632489969179,-0.61922840871413898,-0.38214921162286813,0.00000000000000000
3.09761691948236084,-0.62264417385244752,-0.38335096871355656,0.00000000000000000
3.09137361292936941,-0.62600848714125046,-0.38451168999306456,0.00000000000000000
3.08509692421994686,-0.62932045649540269,-0.38563095358077998,0.00000000000000000
3.07878738125172902,-0.63257919037784915,-0.38670834415178917,0.00000000000000000
3.07244552083349465,-0.63578379815834740,-0.38774345338077815,0.00000000000000000
3.06607188867425506,-0.63893339048177022,-0.38873588038744289,0.00000000000000000
3.05966703936863205,-0.64202707964578476,-0.38968523218286549,0.00000000000000000
3.05323153637839528,-0.64506397998767995,-0.39059112411629127,0.00000000000000000
3.04676595201009981,-0.64804320828009476,-0.39145318032173132,0.00000000000000000
3.04027086738871688,-0.65096388413537742,-0.39227103416380438,0.00000000000000000
3.03374687242717744,-0.65382513041828239,-0.39304432868221334,0.00000000000000000
3.02719456579175450,-0.65662607366669268,-0.39377271703424693,0.00000000000000000
3.02061455486319552,-0.65936584452003100,-0.39445586293468143,0.00000000000000000
3.01400745569353123,-0.66204357815500214,-0.39509344109245054,0.00000000000000000
3.00737389295849855,-0.66465841472828791,-0.39568513764344021,0.00000000000000000
3.00071449990549777,-0.66720949982579292,-0.39623065057875878,0.00000000000000000
2.99402991829702980,-0.66969598491802063,-0.39672969016782506,0.00000000000000000
2.98732079834954778,-0.67211702782113503,-0.39718197937561117,0.00000000000000000
2.98058779866767498,-0.67447179316324579,-0.39758725427337205,0.00000000000000000
2.97383158617373233,-0.67675945285543260,-0.39794526444219014,0.00000000000000000
2.96705283603253722,-0.67897918656700551,-0.39825577336866064,0.00000000000000000
2.96025223157142747,-0.68113018220447885,-0.39851855883204185,0.00000000000000000
2.95343046419548294,-0.68321163639371840,-0.39873341328219603,0.00000000000000000
2.94658823329790831,-0.68522275496470308,-0.39890014420764514,0.00000000000000000
2.93972624616556111,-0.68716275343832511,-0.39901857449307165,0.00000000000000000
2.93284521787960095,-0.68903085751463877,-0.39908854276559586,0.00000000000000000
2.92594587121125294,-0.69082630356194941,-0.39910990372916805,0.00000000000000000
2.91902893651267981,-0.69254833910612257,-0.39908252848642206,0.00000000000000000
2.91209515160296029,-0.69419622331947883,-0.39900630484734084,0.00000000000000000
2.90514526164918330,-0.69576922750862891,-0.39888113762409949,0.00000000000000000
2.89818001904267675,-0.69726663560059010,-0.39870694891145902,0.00000000000000000
2.89120018327037442,-0.69868774462651873,-0.39848367835209880,0.00000000000000000
2.88420652078137962,-0.70003186520238214,-0.39821128338628786,0.00000000000000000
2.87719980484871840,-0.70129832200588793,-0.39788973948531303,0.00000000000000000
2.87018081542636150,-0.70248645424898148,-0.39751904036809727,0.00000000000000000
2.86315033900154070,-0.70359561614521937,-0.39709919820046086,0.00000000000000000
2.85610916844241647,-0.70462517737132169,-0.39663024377649830,0.00000000000000000
2.84905810284116878,-0.70557452352220706,-0.39611222668156404,0.00000000000000000
2.84199794735256717,-0.70644305655881179,-0.39554521543638393,0.00000000000000000
2.83492951302810781,-0.70723019524799746,-0.39492929762183193,0.00000000000000000
2.82785361664578261,-0.70793537559385433,-0.39426457998393882,0.00000000000000000
2.82077108053560011,-0.70855805125971250,-0.39355118851872412,0.00000000000000000
2.81368273240091327,-0.70909769398017808,-0.39278926853647073,0.00000000000000000
2.80658940513569899,-0.70955379396252172,-0.39197898470509107,0.00000000000000000
2.79949193663786566,-0.70992586027675442,-0.39112052107226247,0.00000000000000000
2.79239116961872647,-0.71021342123373699,-0.39021408106604116,0.00000000000000000
2.78528795140875829,-0.71041602475068388,-0.38925988747369433,0.00000000000000000
2.77818313375975379,-0.71053323870343388,-0.38825818239852428,0.00000000000000000
2.77107757264354504,-0.71056465126487856,-0.38720922719448991,0.00000000000000000
2.76397212804738679,-0.71050987122895526,-0.38611330237846697,0.00000000000000000
2.75686766376620085,-0.71036852831963126,-0.38497070752001950,0.00000000000000000
2.74976504719178738,-0.71014027348432551,-0.38378176110859397,0.00000000000000000
2.74266514909919312,-0.70982477917123710,-0.38254680039807920,0.00000000000000000
2.73556884343038575,-0.70942173959007315,-0.38126618122871486,0.00000000000000000
2.72847700707540675,-0.70893087095569185,-0.37994027782636075,0.00000000000000000
2.72139051965117051,-0.70835191171420475,-0.37856948257918410,0.00000000000000000
2.71431026327810354,-0.70768462275110777,-0.37715420579184844,0.00000000000000000
2.70723712235477887,-0.70692878758104050,-0.37569487541733015,0.00000000000000000
2.70017198333075825,-0.70608421251880082,-0.37419193676652235,0.00000000000000000
2.69311573447781427,-0.70515072683127478,-0.37264585219581875,0.00000000000000000
2.68606926565972781,-0.70412818286997125,-0.37105710077290904,0.00000000000000000
2.67903346810086429,-0.70301645618388464,-0.36942617792104787,0.00000000000000000
2.67200923415371605,-0.70181544561244114,-0.36775359504209604,0.00000000000000000
2.66499745706561697,-0.70052507335831848,-0.36603987911866237,0.00000000000000000
2.65799903074483179,-0.69914528503996320,-0.36428557229571024,0.00000000000000000
2.65101484952621647,-0.69767604972366459,-0.36249123144202067,0.00000000000000000
2.64404580793667243,-0.69611735993507984,-0.36065742769193665,0.00000000000000000
2.63709280046057337,-0.69446923165014041,-0.35878474596783888,0.00000000000000000
2.63015672130540068,-0.69273170426530561,-0.35687378448383517,0.00000000000000000
2.62323846416776796,-0.69090484054716539,-0.35492515423116855,0.00000000000000000
2.61633892200005924,-0.68898872656142973,-0.35293947844587537,0.00000000000000000
2.60945898677788080,-0.68698347158137940,-0.35091739205924871,0.00000000000000000
2.60259954926852544,-0.68488920797588582,-0.34885954113168338,0.00000000000000000
2.59576149880065898,-0.68270609107714619,-0.34676658227050061,0.00000000000000000
2.58894572303544113,-0.68043429902831265,-0.34463918203236721,0.00000000000000000
2.58215310773925033,-0.67807403261122967,-0.34247801631094238,0.00000000000000000
2.57538453655824462,-0.67562551505452739,-0.34028376971040042,0.00000000000000000
2.56864089079493851,-0.67308899182235160,-0.33805713490549011,0.00000000000000000
2.56192304918697289,-0.67046473038404431,-0.33579881198880440,0.00000000000000000
2.55523188768830511,-0.66775301996511849,-0.33350950780594035,0.00000000000000000
2.54856827925295981,-0.66495417127990297,-0.33118993527924284,0.00000000000000000
2.54193309362155517,-0.66206851624626151,-0.32884081272082299,0.00000000000000000
2.53532719711076915,-0.65909640768281863,-0.32646286313555367,0.00000000000000000
2.52875145240591337,-0.65603821898915304,-0.32405681351474130,0.00000000000000000
2.52220671835679688,-0.65289434380944300,-0.32162339412117336,0.00000000000000000
2.51569384977702271,-0.64966519568007464,-0.31916333776624090,0.00000000000000000
2.50921369724689569,-0.64635120766174625,-0.31667737907982757,0.00000000000000000
2.50276710692008297,-0.64295283195662312,-0.31416625377365259,0.00000000000000000
2.49635492033417083,-0.63947053951111799,-0.31163069789874692,0.00000000000000000
2.48997797422526723,-0.63590481960489043,-0.30907144709772844,0.00000000000000000
2.48363710034677965,-0.63225617942667578,-0.30648923585253346,0.00000000000000000
2.47733312529249705,-0.62852514363756917,-0.30388479672824453,0.00000000000000000
2.47106687032410033,-0.62471225392240370,-0.30125885961364152,0.00000000000000000
2.46483915120321484,-0.62081806852987553,-0.29861215095908022,0.00000000000000000
2.45865077802811705,-0.61684316180207555,-0.29594539301228784,0.00000000000000000
2.45250255507519110,-0.61278812369409985,-0.29325930305264186,0.00000000000000000
2.44639528064524292,-0.60865355928441522,-0.29055459262447170,0.00000000000000000
2.44032974691474891,-0.60444008827666218,-0.28783196676990419,0.00000000000000000
2.43430673979212830,-0.60014834449358156,-0.28509212326174177,0.00000000000000000
2.42832703877911449,-0.59577897536375202,-0.28233575183683657,0.00000000000000000
2.42239141683728931,-0.59133264140182673,-0.27956353343039525,0.00000000000000000
2.41650064025984257,-0.58681001568295443,-0.27677613941161500,0.00000000000000000
2.41065546854862323,-0.58221178331206858,-0.27397423082102218,0.00000000000000000
2.40485665429650730,-0.57753864088872175,-0.27115845760984875,0.00000000000000000
2.39910494307514810,-0.57279129596813771,-0.26832945788174850,0.00000000000000000
2.39340107332812302,-0.56797046651914362,-0.26548785713711753,0.00000000000000000
2.38774577626952667,-0.56307688037963699,-0.26263426752024682,0.00000000000000000
2.38213977578799962,-0.55811127471023037,-0.25976928706949531,0.00000000000000000
2.37658378835624706,-0.55307439544670389,-0.25689349897063390,0.00000000000000000
2.37107852294602317,-0.54796699675188276,-0.25400747081346819,0.00000000000000000
2.36562468094860279,-0.54278984046754108,-0.25111175385180773,0.00000000000000000
2.36022295610073130,-0.53754369556691717,-0.24820688226680593,0.00000000000000000
2.35487403441603771,-0.53222933760840763,-0.24529337243365260,0.00000000000000000
2.34957859412191539,-0.52684754819098922,-0.24237172219155464,0.00000000000000000
2.34433730560182241,-0.52139911441189724,-0.23944241011689821,0.00000000000000000
2.33915083134300517,-0.51588482832706761,-0.23650589479943657,0.00000000000000000
2.33401982588959189,-0.51030548641482876,-0.23356261412130253,0.00000000000000000
2.32894493580103656,-0.50466188904330622,-0.23061298453859752,0.00000000000000000
2.32392679961586701,-0.49895483994197848,-0.22765740036525875,0.00000000000000000
2.31896604782069460,-0.49318514567779859,-0.22469623305885758,0.00000000000000000
2.31406330282443662,-0.48735361513627024,-0.22172983050793302,0.00000000000000000
2.30921917893770701,-0.48146105900784147,-0.21875851632041052,0.00000000000000000
2.30443428235730785,-0.47550828927995104,-0.21578258911260761,0.00000000000000000
2.29970921115577731,-0.46949611873503677,-0.21280232179827149,0.00000000000000000
2.29504455527592199,-0.46342536045478577,-0.20981796087704163,0.00000000000000000
2.29044089653027605,-0.45729682733087906,-0.20682972572167510,0.00000000000000000
2.28589880860542038,-0.45111133158245309,-0.20383780786331471,0.00000000000000000
2.28141885707109182,-0.44486968428047230,-0.20084237027402371,0.00000000000000000
2.27700159939401736,-0.43857269487917649,-0.19784354664575068,0.00000000000000000
2.27264758495638386,-0.43222117075473665,-0.19484144066482767,0.00000000000000000
2.26835735507890668,-0.42581591675122304,-0.19183612528104252,0.00000000000000000
2.26413144304838454,-0.41935773473395821,-0.18882764197026158,0.00000000000000000
2.25997037414968815,-0.41284742315029643,-0.18581599998951293,0.00000000000000000
2.25587466570210804,-0.40628577659784071,-0.18280117562337092,0.00000000000000000
2.25184482709997802,-0.39967358540007647,-0.17978311142041292,0.00000000000000000
2.24788135985750692,-0.39301163518936977,-0.17676171541844338,0.00000000000000000
2.24398475765775007,-0.38630070649724602,-0.17373686035710575,0.00000000000000000
2.24015550640562733,-0.37954157435183350,-0.17070838287641951,0.00000000000000000
2.23639408428494768,-0.37273500788232372,-0.16767608269969916,0.00000000000000000
2.23270096181934452,-0.36588176993026811,-0.16463972179922037,0.00000000000000000
2.22907660193706825,-0.35898261666749914,-0.16159902354290914,0.00000000000000000
2.22552146003956963,-0.35203829722042962,-0.15855367182023075,0.00000000000000000
2.22203598407380198,-0.34504955330045284,-0.15550331014535268,0.00000000000000000
2.21862061460819859,-0.33801711884013175,-0.15244754073554864,0.00000000000000000
2.21527578491225885,-0.33094171963483232,-0.14938592356269387,0.00000000000000000
2.21200192103968618,-0.32382407298942317,-0.14631797537558097,0.00000000000000000
2.20879944191504318,-0.31666488736962789,-0.14324316869065648,0.00000000000000000
2.20566875942386798,-0.30946486205758367,-0.14016093074863770,0.00000000000000000
2.20261027850621627,-0.30222468681112308,-0.13707064243432457,0.00000000000000000
2.19962439725359360,-0.29494504152626166,-0.13397163715676094,0.00000000000000000
2.19671150700925200,-0.28762659590233652,-0.13086319968673338,0.00000000000000000
2.19387199247181996,-0.28027000910920452,-0.12774456494841088,0.00000000000000000
2.19110623180225517,-0.27287592945587114,-0.12461491676173818,0.00000000000000000
2.18841459673410910,-0.26544499405988131,-0.12147338653198239,0.00000000000000000
2.18579745268709225,-0.25797782851676460,-0.11831905188260977,0.00000000000000000
2.18325515888394683,-0.25047504656878455,-0.11515093522742495,0.00000000000000000
2.18078806847064577,-0.24293724977220127,-0.11196800227764268,0.00000000000000000
2.17839652863992761,-0.23536502716221061,-0.10876916047927927,0.00000000000000000
2.17608088075818529,-0.22775895491467837,-0.10555325737594264,0.00000000000000000
2.17384146049578142,-0.22011959600373995,-0.10231907889176856,0.00000000000000000
2.17167859796078666,-0.21244749985428624,-0.09906534752888965,0.00000000000000000
2.16959261783624058,-0.20474320198830395,-0.09579072047343280,0.00000000000000000
2.16758383952098121,-0.19700722366398424,-0.09249378760361460,0.00000000000000000
2.16565257727411264,-0.18924007150645519,-0.08917306939304420,0.00000000000000000
2.16379914036323306,-0.18144223712893312,-0.08582701470183839,0.00000000000000000
2.16202383321648206,-0.17361419674302309,-0.08245399844760504,0.00000000000000000
2.16032695557856336,-0.16575641075683034,-0.07905231914775653,0.00000000000000000
2.15870880267084253,-0.15786932335947149,-0.07562019632395851,0.00000000000000000
2.15716966535567245,-0.14995336209049698,-0.07215576775881058,0.00000000000000000
2.15570983030511965,-0.14200893739265305,-0.06865708659407362,0.00000000000000000
2.15432958017423459,-0.13403644214632254,-0.06512211825890812,0.00000000000000000
2.15302919377909330,-0.12603625118388898,-0.06154873721565293,0.00000000000000000
2.15180894627979136,-0.11800872078216544,-0.05793472350965007,0.00000000000000000
2.15066910936863831,-0.10995418813091994,-0.05427775910849800,0.00000000000000000
2.14960995146379297,-0.10187297077540940,-0.05057542401488194,0.00000000000000000
2.14863173790861328,-0.09376536603070640,-0.04682519213577113,0.00000000000000000
2.14773473117700853,-0.08563165036546319,-0.04302442688928140,0.00000000000000000
2.14691919108512774,-0.07747207875260667,-0.03917037652885398,0.00000000000000000
2.14618537500970596,-0.06928688398429432,-0.03526016916258760,0.00000000000000000
2.14553353811345815,-0.06107627594828256,-0.03129080744355629,0.00000000000000000
2.14496393357791693,-0.05284044086266523,-0.02725916290473099,0.00000000000000000
2.14447681284413605,-0.04457954046572807,-0.02316196990967213,0.00000000000000000
2.14407242586174185,-0.03629371115743368,-0.01899581918744567,0.00000000000000000
2.14375102134682471,-0.02798306308879903,-0.01475715091720401,0.00000000000000000
2.14351284704921063,-0.01964767919515015,-0.01044224732453034,0.00000000000000000
2.14335815002970875,-0.01128761416893537,-0.00604722474792770,0.00000000000000000
2.14328717694793802,-0.00290289336744442,-0.00156802512969671,0.00000000000000000
2.14330017432840947,0.00550645207732507,0.00296672014208528,0.00000000000000000
2.14339738649302092,0.01393994118325984,0.00744909969423468,0.00000000000000000
2.14357905108173874,0.02239681001089087,0.01187255305432606,0.00000000000000000
2.14384539812077524,0.03087630790110214,0.01623960854267181,0.00000000000000000
2.14419665023509332,0.03937770517172703,0.02055275623748325,0.00000000000000000
2.14463302285544888,0.04790029257367960,0.02481444673487556,0.00000000000000000
2.14515472442002064,0.05644338075082414,0.02902709005994471,0.00000000000000000
2.14576195657065849,0.06500629970429048,0.03319305471736354,0.00000000000000000
2.14645491434379387,0.07358839826184750,0.03731466687058562,0.00000000000000000
2.14723378635608064,0.08218904355285930,0.04139420963936755,0.00000000000000000
2.14809875498480807,0.09080762048926613,0.04543392250591795,0.00000000000000000
2.14904999654316242,0.09944353125295573,0.04943600082055988,0.00000000000000000
2.15008768145038154,0.10809619478981961,0.05340259539834476,0.00000000000000000
2.15121197439690537,0.11676504631072293,0.05733581219858654,0.00000000000000000
2.15242303450455275,0.12544953679955523,0.06123771207978939,0.00000000000000000
2.15372101548182293,0.13414913252847269,0.06511031062292476,0.00000000000000000
2.15510606577438502,0.14286331458039014,0.06895557801647109,0.00000000000000000
2.15657832871083244,0.15159157837873247,0.07277543899706540,0.00000000000000000
2.15813794264375858,0.16033343322440996,0.07657177284002731,0.00000000000000000
2.15978504108625202,0.16908840183994145,0.08034641339440783,0.00000000000000000
2.16151975284386388,0.17785601992061001,0.08410114915758304,0.00000000000000000
2.16334220214211470,0.18663583569250156,0.08783772338476173,0.00000000000000000
2.16525250874962616,0.19542740947724394,0.09155783422910502,0.00000000000000000
2.16725078809692295,0.20423031326323443,0.09526313490846408,0.00000000000000000
2.16933715139098382,0.21304413028311628,0.09895523389503523,0.00000000000000000
2.17151170572560037,0.22186845459723969,0.10263569512450299,0.00000000000000000
2.17377455418758814,0.23070289068281996,0.10630603822150070,0.00000000000000000
2.17612579595893152,0.23954705302848395,0.10996773873845847,0.00000000000000000
2.17856552641488399,0.24840056573387739,0.11362222840513508,0.00000000000000000
2.18109383721810168,0.25726306211398753,0.11727089538634125,0.00000000000000000
2.18371081640883791,0.26613418430781965,0.12091508454556232,0.00000000000000000
2.18641654849123590,0.27501358289105232,0.12455609771237201,0.00000000000000000
2.18921111451578199,0.28390091649228150,0.12819519395170442,0.00000000000000000
2.19209459215792535,0.29279585141245307,0.13183358983321372,0.00000000000000000
2.19506705579290973,0.30169806124707260,0.13547245969910249,0.00000000000000000
2.19812857656684368,0.31060722651077022,0.13911293592894280,0.00000000000000000
2.20127922246401919,0.31952303426379197,0.14275610920014647,0.00000000000000000
2.20451905837050965,0.32844517773997972,0.14640302874286573,0.00000000000000000
2.20784814613404556,0.33737335597579626,0.15005470258822087,0.00000000000000000
2.21126654462019800,0.34630727343994561,0.15371209780886147,0.00000000000000000
2.21477430976483625,0.35524663966313469,0.15737614075096729,0.00000000000000000
2.21837149462290828,0.36419116886751779,0.16104771725689321,0.00000000000000000
2.22205814941349189,0.37314057959536207,0.16472767287774862,0.00000000000000000
2.22583432156113759,0.38209459433647047,0.16841681307528666,0.00000000000000000
2.22970005573347052,0.39105293915389577,0.17211590341255673,0.00000000000000000
2.23365539387504786,0.40001534330747957,0.17582566973284824,0.00000000000000000
2.23770037523742893,0.40898153887474936,0.17954679832652135,0.00000000000000000
2.24183503640544757,0.41795126036870694,0.18327993608538576,0.00000000000000000
2.24605941131963682,0.42692424435204362,0.18702569064435240,0.00000000000000000
2.25037353129478301,0.43590022904731879,0.19078463051013783,0.00000000000000000
2.25477742503455847,0.44487895394264221,0.19455728517685975,0.00000000000000000
2.25927111864218055,0.45386015939240276,0.19834414522841129,0.00000000000000000
2.26385463562706057,0.46284358621259181,0.20214566242755502,0.00000000000000000
2.26852799690736617,0.47182897527027395,0.20596224979172323,0.00000000000000000
2.27329122080846080,0.48081606706676427,0.20979428165555794,0.00000000000000000
2.27814432305712877,0.48980460131407760,0.21364209372026835,0.00000000000000000
2.28308731677153531,0.49879431650422362,0.21750598308992619,0.00000000000000000
2.28812021244684516,0.50778494947093056,0.22138620829486130,0.00000000000000000
2.29324301793641183,0.51677623494338876,0.22528298930235913,0.00000000000000000
2.29845573842846740,0.52576790509161808,0.22919650751490311,0.00000000000000000
2.30375837641822123,0.53475968906307292,0.23312690575624209,0.00000000000000000
2.30915093167527807,0.54375131251011299,0.23707428824560337,0.00000000000000000
2.31463340120629013,0.55274249710798129,0.24103872056040609,0.00000000000000000
2.32020577921272775,0.56173296006294682,0.24502022958787353,0.00000000000000000
2.32586805704369226,0.57072241361028486,0.24901880346597302,0.00000000000000000
2.33162022314365380,0.57971056450178704,0.25303439151415591,0.00000000000000000
2.33746226299500393,0.58869711348251175,0.25706690415440497,0.00000000000000000
2.34339415905533421,0.59768175475650620,0.26111621282313396,0.00000000000000000
2.34941589068929879,0.60666417544125439,0.26518214987452465,0.00000000000000000
2.35552743409497989,0.61564405501062813,0.26926450847592259,0.00000000000000000
2.36172876222461525,0.62462106472614365,0.27336304249595478,0.00000000000000000
2.36801984469958260,0.63359486705635515,0.27747746638606902,0.00000000000000000
2.37440064771951409,0.64256511508424252,0.28160745505623913,0.00000000000000000
2.38087113396543160,0.65153145190248418,0.28575264374561721,0.00000000000000000
2.38743126249676418,0.66049350999653578,0.28991262788895839,0.00000000000000000
2.39408098864214569,0.66945091061547202,0.29408696297968506,0.00000000000000000
2.40082026388384939,0.67840326313058463,0.29827516443050262,0.00000000000000000
2.40764903573575673,0.68735016438176710,0.30247670743251942,0.00000000000000000
2.41456724761471797,0.69629119801175876,0.30669102681387289,0.00000000000000000
2.42157483870520984,0.70522593378836274,0.31091751689890490,0.00000000000000000
2.42867174381714257,0.71415392691479751,0.31515553136898189,0.00000000000000000
2.43585789323671698,0.72307471732838902,0.31940438312609554,0.00000000000000000
2.44313321257021343,0.73198782898785963,0.32366334416043396,0.00000000000000000
2.45049762258059634,0.74089276914952207,0.32793164542315828,0.00000000000000000
2.45795103901682399,0.74978902763274125,0.33220847670567044,0.00000000000000000
2.46549337243576439,0.75867607607508269,0.33649298652670723,0.00000000000000000
2.47312452801661120,0.76755336717762579,0.34078428202864530,0.00000000000000000
2.48084440536770678,0.77642033394098120,0.34508142888445464,0.00000000000000000
2.48865289832568326,0.78527638889261597,0.34938345121678582,0.00000000000000000
2.49654989474682942,0.79412092330615625,0.35368933153072779,0.00000000000000000
2.50453527629062034,0.80295330641340568,0.35799801066182674,0.00000000000000000
2.51260891819533505,0.81177288460988817,0.36230838774100260,0.00000000000000000
2.52077068904569312,0.82057898065479962,0.36661932017805204,0.00000000000000000
2.52902045053247271,0.82937089286632448,0.37092962366547616,0.00000000000000000
2.53735805720406482,0.83814789431335590,0.37523807220442051,0.00000000000000000
2.54578335620992036,0.84690923200473334,0.37954339815455901,0.00000000000000000
2.55429618703590133,0.85565412607719793,0.38384429230980360,0.00000000000000000
2.56289638123148755,0.86438176898334551,0.38813940400176322,0.00000000000000000
2.57158376212888840,0.87309132468094719,0.39242734123292006,0.00000000000000000
2.58035814455404822,0.88178192782509079,0.39670667084152939,0.00000000000000000
2.58921933452959685,0.89045268296468727,0.40097591870028859,0.00000000000000000
2.59816712896980029,0.89910266374497672,0.40523356995085719,0.00000000000000000
2.60720131536756039,0.90773091211775725,0.40947806927633695,0.00000000000000000
2.61632167147357642,0.91633643756115424,0.41370782121385580,0.00000000000000000
2.62552796496775187,0.92491821631083804,0.41792119050941740,0.00000000000000000
2.63481995312297990,0.93347519060469197,0.42211650251720251,0.00000000000000000
2.64419738246145464,0.94200626794302400,0.42629204364552070,0.00000000000000000
2.65365998840367112,0.95051032036650762,0.43044606185162188,0.00000000000000000
2.66320749491029485,0.95898618375413036,0.43457676718758226,0.00000000000000000
2.67283961411713378,0.96743265714351523,0.43868233239947452,0.00000000000000000
2.68255604596342323,0.97584850207607210,0.44276089358202664,0.00000000000000000
2.69235647781370702,0.98423244196952031,0.44681055089095739,0.00000000000000000
2.70224058407358392,0.99258316152040971,0.45082936931515150,0.00000000000000000
2.71220802579964548,1.00089930613934497,0.45481537951080975,0.00000000000000000
2.72225845030393820,1.00917948142170033,0.45876657869966775,0.00000000000000000
2.73239149075332222,1.01742225265667896,0.46268093163332835,0.00000000000000000
2.74260676576413065,1.02562614437764643,0.46655637162569757,0.00000000000000000
2.75290387899253908,1.03378963995672546,0.47039080165544284,0.00000000000000000
2.76328241872112734,1.04191118124669990,0.47418209554031771,0.00000000000000000
2.77374195744210184,1.04998916827332489,0.47792809918510609,0.00000000000000000
2.78428205143771024,1.05802195898118545,0.48162663190484212,0.00000000000000000
2.79490224035839319,1.06600786903628109,0.48527548782484731,0.00000000000000000
2.80560204679925640,1.07394517168853842,0.48887243735900815,0.00000000000000000
2.81638097587549119,1.08183209769747779,0.49241522876757587,0.00000000000000000
2.82723851479737043,1.08966683532426178,0.49590158979563298,0.00000000000000000
2.83817413244551098,1.09744753039335330,0.49932922939319574,0.00000000000000000
2.84918727894712198,1.10517228642699883,0.50269583951776753,0.00000000000000000
2.86027738525396735,1.11283916485572210,0.50599909701995482,0.00000000000000000
2.87144386272283292,1.12044618530797857,0.50923666561256953,0.00000000000000000
2.88268610269929049,1.12799132598206442,0.51240619792342679,0.00000000000000000
2.89400347610561326,1.13547252410331301,0.51550533763181927,0.00000000000000000
2.90539533303369879,1.14288767646952438,0.51853172168841688,0.00000000000000000
2.91686100234389833,1.15023464008748055,0.52148298261808457,0.00000000000000000
2.92839979127067984,1.15751123290328750,0.52435675090485179,0.00000000000000000
2.94001098503607050,1.16471523462915183,0.52715065745799217,0.00000000000000000
2.95169384647186739,1.17184438766906029,0.52986233615788436,0.00000000000000000
2.96344761565160120,1.17889639814566216,0.53248942648002895,0.00000000000000000
2.97527150953328778,1.18586893703047780,0.53502957619528668,0.00000000000000000
2.98716472161400848,1.19275964137935686,0.53748044414409146,0.00000000000000000
2.99912642159736986,1.19956611567489513,0.53983970308205909,0.00000000000000000
3.01115575507493993,1.20628593327728195,0.54210504259408510,0.00000000000000000
3.02325184322273088,1.21291663798480243,0.54427417207368334,0.00000000000000000
3.03541378251384586,1.21945574570494508,0.54634482376396865,0.00000000000000000
3.04764064444839100,1.22590074623677991,0.54831475585634459,0.00000000000000000
3.05993147530176302,1.23224910516496733,0.55018175564259830,0.00000000000000000
3.07228529589244559,1.23849826586543532,0.55194364271575380,0.00000000000000000
3.08470110137041154,1.24464565162242624,0.55359827221468472,0.00000000000000000
3.09717786102725512,1.25068866785626009,0.55514353810713291,0.00000000000000000
3.10971451812914879,1.25662470446079388,0.55657737650543260,0.00000000000000000
3.12230998977371677,1.26245113824917587,0.55789776900890331,0.00000000000000000
3.13496316677190023,1.26816533550609800,0.55910274606653443,0.00000000000000000
-3.13551239362371259,1.27376465464434596,0.56019039035326457,0.00000000000000000
-3.12274723906555707,1.27924644896303152,0.56115884015284601,0.00000000000000000
-3.10992786522553910,1.28460806950446771,0.56200629273998681,0.00000000000000000
-3.09705548708457989,1.28984686800621895,0.56273100775417317,0.00000000000000000
-3.08413134609010431,1.29496019994442291,0.56333131055732577,0.00000000000000000
-3.07115671010307345,1.29994542766404386,0.56380559556718102,0.00000000000000000
-3.05813287331330486,1.30479992359128105,0.56415232955807793,0.00000000000000000
-3.04506115612227113,1.30952107352291591,0.56437005492063141,0.00000000000000000
-3.03194290499265051,1.31410627998695251,0.56445739287159857,0.00000000000000000
-3.01877949226393394,1.31855296566847757,0.56441304660510283,0.00000000000000000
-3.00557231593348195,1.32285857689424780,0.56423580437627097,0.00000000000000000
-2.99232279940246304,1.32702058716910498,0.56392454250825430,0.00000000000000000
-2.97903239118620178,1.33103650075692781,0.56347822831355965,0.00000000000000000
-2.96570256458852821,1.33490385629844877,0.56289592292060586,0.00000000000000000
-2.95233481733979630,1.33862023045790690,0.56217678399644821,0.00000000000000000
-2.93893067119832452,1.34218324159017066,0.56132006835667125,0.00000000000000000
-2.92549167151510581,1.34559055341964773,0.56032513445356402,0.00000000000000000
-2.91201938676169902,1.34883987872201483,0.55919144473382232,0.00000000000000000
-2.89851540802132845,1.35192898299953845,0.55791856785721727,0.00000000000000000
-2.88498134844330867,1.35485568814053003,0.55650618076788572,0.00000000000000000
-2.87141884266098302,1.35761787605328643,0.55495407061017132,0.00000000000000000
-2.85782954617350260,1.36021349226470178,0.55326213648124434,0.00000000000000000
-2.84421513469182763,1.36264054947362001,0.55143039101308255,0.00000000000000000
-2.83057730344947078,1.36489713104891042,0.54945896177677889,0.00000000000000000
-2.81691776647857051,1.36698139446220668,0.54734809250257122,0.00000000000000000
-2.80323825585201369,1.36889157464524724,0.54509814410945212,0.00000000000000000
-2.78954052089239646,1.37062598726180096,0.54270959553872011,0.00000000000000000
-2.77582632734873869,1.37218303188424184,0.54018304438636888,0.00000000000000000
-2.76209745654195338,1.37356119506497310,0.53751920732978031,0.00000000000000000
-2.74835570448015254,1.37475905329306980,0.53471892034478641,0.00000000000000000
-2.73460288094502424,1.37577527582673542,0.53178313870979277,0.00000000000000000
-2.72084080855051980,1.37660862739242607,0.52871293679431208,0.00000000000000000
-2.70707132177527221,1.37725797074181222,0.52550950762992377,0.00000000000000000
-2.69329626597017846,1.37772226905809037,0.52217416226238023,0.00000000000000000
-2.67951749634271330,1.37800058820356197,0.51870832888428120,0.00000000000000000
-2.66573687691959016,1.37809209880082162,0.51511355174846685,0.00000000000000000
-2.65195627948947177,1.37799607814037817,0.51139148986300387,0.00000000000000000
-2.63817758252750245,1.37771191190803965,0.50754391546938438,0.00000000000000000
-2.62440267010349082,1.37723909572593728,0.50357271230628120,0.00000000000000000
-2.61063343077564092,1.37657723650164621,0.49947987366194957,0.00000000000000000
-2.59687175647176982,1.37572605358046229,0.49526750021908134,0.00000000000000000
-2.58311954136000299,1.37468537969653348,0.49093779769664092,0.00000000000000000
-2.56937868071098574,1.37345516171919524,0.48649307429390792,0.00000000000000000
-2.55565106975366341,1.37203546119154107,0.48193573794263739,0.00000000000000000
-2.54193860252672188,1.37042645465895063,0.47726829337390558,0.00000000000000000
-2.52824317072781035,1.36862843378600085,0.47249333900684604,0.00000000000000000
-2.51456666256264327,1.36664180526090551,0.46761356366708418,0.00000000000000000
-2.50091096159613002,1.36446709048734172,0.46263174314324768,0.00000000000000000
-2.48727794560764615,1.36210492506424896,0.45755073659047274,0.00000000000000000
-2.47366948545255916,1.35955605805489799,0.45237348279031564,0.00000000000000000
-2.46008744393211298,1.35682135104724466,0.44710299627694361,0.00000000000000000
-2.44653367467373606,1.35390177700827907,0.44174236333988365,0.00000000000000000
-2.43301002102382480,1.35079841893577268,0.43629473791398415,0.00000000000000000
-2.41951831495500969,1.34751246831149007,0.43076333736755573,0.00000000000000000
-2.40606037598985623,1.34404522336058507,0.42515143819993623,0.00000000000000000
-2.39263801014292277,1.34039808712252095,0.41946237165994238,0.00000000000000000
-2.37925300888302349,1.33657256533945223,0.41369951929684395,0.00000000000000000
-2.36590714811750047,1.33257026416857061,0.40786630845561700,0.00000000000000000
-2.35260218720021541,1.32839288772544917,0.40196620772830194,0.00000000000000000
-2.33933986796492732,1.32404223546591537,0.39600272237331052,0.00000000000000000
-2.32612191378562194,1.31952019941444432,0.38997938971449730,0.00000000000000000
-2.31295002866528954,1.31482876124747694,0.38389977453172758,0.00000000000000000
-2.29982589635456591,1.30996998924045305,0.37776746445454951,0.00000000000000000
-2.28675117950153783,1.30494603508767515,0.37158606537039762,0.00000000000000000
-2.27372751883394564,1.29975913060441828,0.36535919685854329,0.00000000000000000
-2.26075653237492613,1.29441158432094072,0.35909048766073537,0.00000000000000000
-2.24783981469329852,1.28890577797825512,0.35278357119917969,0.00000000000000000
-2.23497893618935439,1.28324416293567745,0.34644208115216041,0.00000000000000000
-2.22217544241696441,1.27742925650027872,0.34006964709722759,0.00000000000000000
-2.20943085344274071,1.27146363818843566,0.33366989023146981,0.00000000000000000
-2.19674666324288204,1.26534994592969841,0.32724641917794745,0.00000000000000000
-2.18412433913822390,1.25909087222317284,0.32080282588689502,0.00000000000000000
-2.17156532126792001,1.25268916025655619,0.31434268163981088,0.00000000000000000
-2.15907102210208102,1.24614759999786329,0.30786953316404303,0.00000000000000000
-2.14664282599358902,1.23946902426973993,0.30138689886494496,0.00000000000000000
-2.13428208876921310,1.23265630481608635,0.29489826518213447,0.00000000000000000
-2.12199013736006403,1.22571234837049792,0.28840708307583846,0.00000000000000000
-2.10976826947131002,1.21864009273579454,0.28191676464873056,0.00000000000000000
-2.09761775329100608,1.21144250288362820,0.27543067990811321,0.00000000000000000
-2.08553982723779452,1.20412256708286258,0.26895215367271841,0.00000000000000000
-2.07353569974713725,1.19668329306508814,0.26248446262783126,0.00000000000000000
-2.06160654909567587,1.18912770423528791,0.25603083253187586,0.00000000000000000
-2.04975352326322913,1.18145883593529666,0.24959443557704486,0.00000000000000000
-2.03797773983185859,1.17367973176731066,0.24317838790599652,0.00000000000000000
-2.02628028592137177,1.16579343998429907,0.23678574728610896,0.00000000000000000
-2.01466221816055846,1.15780300995375174,0.23041951094225030,0.00000000000000000
-2.00312456269340000,1.14971148870077400,0.22408261354851319,0.00000000000000000
-1.99166831521942633,1.14152191753610310,0.21777792537886492,0.00000000000000000
-1.98029444106734420,1.13323732877418015,0.21150825061618833,0.00000000000000000
-1.96900387530101906,1.12486074254597246,0.20527632581873737,0.00000000000000000
-1.95779752285683273,1.11639516371079384,0.19908481854258586,0.00000000000000000
-1.94667625871141503,1.10784357887093377,0.19293632611824851,0.00000000000000000
-1.93564092807870125,1.09920895349246051,0.18683337457925328,0.00000000000000000
-1.92469234663523370,1.09049422913513960,0.18077841774008377,0.00000000000000000
-1.91383130077261310,1.08170232079397355,0.17477383642057373,0.00000000000000000
-1.90305854787596562,1.07283611435446025,0.16882193781351396,0.00000000000000000
-1.89237481662727980,1.06389846416325429,0.16292495499194651,0.00000000000000000
-1.88178080733245778,1.05489219071552265,0.15708504655235758,0.00000000000000000
-1.87127719227090150,1.04582007845990610,0.15130429638973672,0.00000000000000000
-1.86086461606646303,1.03668487372162477,0.14558471360026423,0.00000000000000000
-1.85054369607856817,1.02748928274391682,0.13992823250719016,0.00000000000000000
-1.84031502281233816,1.01823596984766107,0.13433671280531317,0.00000000000000000
-1.83017916034652472,1.00892755570871184,0.12881193981931993,0.00000000000000000
-1.82013664677808418,0.99956661575217154,0.12335562487112998,0.00000000000000000
-1.81018799468223168,0.99015567866254039,0.11796940575129977,0.00000000000000000
-1.80033369158681822,0.98069722500841361,0.11265484728946011,0.00000000000000000
-1.79057420045989346,0.97119368598014622,0.10741344201871192,0.00000000000000000
-1.78090996020933900,0.96164744223867171,0.10224661092887456,0.00000000000000000
-1.77134138619345904,0.95206082287344940,0.09715570430345828,0.00000000000000000
-1.76186887074146181,0.94243610446731640,0.09214200263524834,0.00000000000000000
-1.75249278368276418,0.93277551026584271,0.08720671761539781,0.00000000000000000
-1.74321347288409090,0.92308120944862737,0.08235099319096750,0.00000000000000000
-1.73403126479336489,0.91335531649983026,0.07757590668590345,0.00000000000000000
-1.72494646498940440,0.90359989067510615,0.07288246998050095,0.00000000000000000
-1.71595935873648386,0.89381693556199870,0.06827163074448747,0.00000000000000000
-1.70707021154283467,0.88400839873075721,0.06374427371893937,0.00000000000000000
-1.69827926972219867,0.87417617147245896,0.05930122204234856,0.00000000000000000
-1.68958676095757721,0.86432208862125726,0.05494323861626168,0.00000000000000000
-1.68099289486635062,0.85444792845752304,0.05067102750603034,0.00000000000000000
-1.67249786356597774,0.84455541268861289,0.04648523537233450,0.00000000000000000
-1.66410184223950708,0.83464620650397026,0.04238645292926538,0.00000000000000000
-1.65580498970018741,0.82472191870125588,0.03837521642489933,0.00000000000000000
-1.64760744895446809,0.81478410188020289,0.03445200914041854,0.00000000000000000
-1.63950934776274071,0.80483425270090014,0.03061726290399024,0.00000000000000000
-1.63151079919718889,0.79487381220322972,0.02687135961575230,0.00000000000000000
-1.62361190219614748,0.78490416618421144,0.02321463278040189,0.00000000000000000
-1.61581274211441883,0.77492664563004532,0.01964736904403749,0.00000000000000000
-1.60811339126900243,0.76494252719969025,0.01616980973204363,0.00000000000000000
-1.60051390947974603,0.75495303375686673,0.01278215238496494,0.00000000000000000
-1.59301434460445090,0.74495933494743238,0.00948455228946154,0.00000000000000000
-1.58561473306798106,0.73496254781914483,0.00627712400157871,0.00000000000000000
-1.57831510038498379,0.72496373748089404,0.00315994285972061,0.00000000000000000
-1.57111546167582716,0.71496391779856416,0.00013304648484749,0.00000000000000000
-1.56401582217540724,0.70496405212476154,-0.00280356373443620,0.00000000000000000
-1.55701617773450263,0.69496505405972953,-0.00564992117409956,0.00000000000000000
-1.55011651531337247,0.68496778824085558,-0.00840609252627559,0.00000000000000000
-1.54331681346732896,0.67497307115826422,-0.01107217637215738,0.00000000000000000
-1.53661704282403022,0.66498167199407954,-0.01364830177801180,0.00000000000000000
-1.53001716655227771,0.65499431348303261,-0.01613462691599523,0.00000000000000000
-1.52351714082210243,0.64501167279218174,-0.01853133771134840,0.00000000000000000
-1.51711691525597470,0.63503438241760735,-0.02083864651742380,0.00000000000000000
-1.51081643337096505,0.62506303109603722,-0.02305679081990342,0.00000000000000000
-1.50461563301172685,0.61509816472945145,-0.02518603197145328,0.00000000000000000
-1.49851444677417245,0.60514028732081060,-0.02722665395797133,0.00000000000000000
-1.49251280241974449,0.59518986191914425,-0.02917896219748904,0.00000000000000000
-1.48661062328019788,0.58524731157232845,-0.03104328237270212,0.00000000000000000
-1.48080782865282323,0.57531302028597309,-0.03281995929802490,0.00000000000000000
-1.47510433418605036,0.56538733398693042,-0.03450935582199027,0.00000000000000000
-1.46950005225540981,0.55547056149002305,-0.03611185176573793,0.00000000000000000
-1.46399489232980695,0.54556297546667953,-0.03762784289828221,0.00000000000000000
-1.45858876132811144,0.53566481341424832,-0.03905773994917892,0.00000000000000000
-1.45328156396605213,0.52577627862484633,-0.04040196765916557,0.00000000000000000
-1.44807320309343268,0.51589754115267805,-0.04166096386929608,0.00000000000000000
-1.44296358002168112,0.50602873877884191,-0.04283517864905241,0.00000000000000000
-1.43795259484177418,0.49616997797271656,-0.04392507346387165,0.00000000000000000
-1.43304014673256219,0.48632133484909457,-0.04493112038250342,0.00000000000000000
-1.42822613425955236,0.47648285612030378,-0.04585380132457709,0.00000000000000000
-1.42351045566419288,0.46665456004262623,-0.04669360734874453,0.00000000000000000
-1.41889300914373351,0.45683643735639229,-0.04745103798174097,0.00000000000000000
-1.41437369312170347,0.44702845221919202,-0.04812660058870139,0.00000000000000000
-1.40995240650911313,0.43723054313170973,-0.04872080978506076,0.00000000000000000
-1.40562904895641871,0.42744262385574616,-0.04923418689036669,0.00000000000000000
-1.40140352109636268,0.41766458432405174,-0.04966725942434012,0.00000000000000000
-1.39727572477774231,0.40789629154164869,-0.05002056064552556,0.00000000000000000
-1.39324556329022542,0.39813759047837283,-0.05029462913289193,0.00000000000000000
-1.38931294158026475,0.38838830495241639,-0.05049000841076390,0.00000000000000000
-1.38547776645825138,0.37864823850470086,-0.05060724661748793,0.00000000000000000
-1.38173994679693379,0.36891717526395451,-0.05064689621827324,0.00000000000000000
-1.37809939372127488,0.35919488080241252,-0.05060951376267861,0.00000000000000000
-1.37455602078976469,0.34948110298209878,-0.05049565968726499,0.00000000000000000
-1.37110974416733100,0.33977557279168691,-0.05030589816397622,0.00000000000000000
-1.36776048278993301,0.33007800517397495,-0.05004079699486642,0.00000000000000000
-1.36450815852091445,0.32038809984404226,-0.04970092755385420,0.00000000000000000
-1.36135269629923528,0.31070554209818946,-0.04928686477624514,0.00000000000000000
-1.35829402427965107,0.30103000361379278,-0.04879918719684072,0.00000000000000000
-1.35533207396493793,0.29136114324023249,-0.04823847703752735,0.00000000000000000
-1.35246678033025347,0.28169860778108058,-0.04760532034532675,0.00000000000000000
-1.34969808193972085,0.27204203276775785,-0.04690030718197896,0.00000000000000000
-1.34702592105532304,0.26239104322489337,-0.04612403186623179,0.00000000000000000
-1.34445024373816757,0.25274525442763862,-0.04527709327011696,0.00000000000000000
-1.34197099994223201,0.24310427265120838,-0.04436009517060796,0.00000000000000000
-1.33958814360064693,0.23346769591293762,-0.04337364665818053,0.00000000000000000
-1.33730163270459457,0.22383511470715786,-0.04231836260392954,0.00000000000000000
-1.33511142937489247,0.21420611273321086,-0.04119486418703924,0.00000000000000000
-1.33301749992633134,0.20458026761692924,-0.04000377948455697,0.00000000000000000
-1.33101981492482579,0.19495715162592339,-0.03874574412558471,0.00000000000000000
-1.32911834923744898,0.18533633237902300,-0.03742140201217915,0.00000000000000000
-1.32731308207539556,0.17571737355022810,-0.03603140610943908,0.00000000000000000
-1.32560399702992981,0.16609983556752986,-0.03457641930746110,0.00000000000000000
-1.32399108210137229,0.15648327630696493,-0.03305711535805944,0.00000000000000000
-1.32247432972116385,0.14686725178226895,-0.03147417988937976,0.00000000000000000
-1.32105373676706961,0.13725131683049516,-0.02982831150178163,0.00000000000000000
-1.31972930457151350,0.12763502579396288,-0.02812022294863431,0.00000000000000000
-1.31850103892315396,0.11801793319889686,-0.02635064240595228,0.00000000000000000
-1.31736895006164012,0.10839959443111433,-0.02452031483510627,0.00000000000000000
-1.31633305266566580,0.09877956640910952,-0.02263000344317239,0.00000000000000000
-1.31539336583427513,0.08915740825487704,-0.02068049124583776,0.00000000000000000
-1.31454991306149438,0.07953268196280507,-0.01867258273815916,0.00000000000000000
-1.31380272220425454,0.06990495306695713,-0.01660710567888275,0.00000000000000000
-1.31315182544368270,0.06027379130704683,-0.01448491299447191,0.00000000000000000
-1.31259725923969839,0.05063877129339320,-0.01230688480946686,0.00000000000000000
-1.31213906427900540,0.04099947317112601,-0.01007393061031111,0.00000000000000000
-1.31177728541641336,0.03135548328388889,-0.00778699155033465,0.00000000000000000
-1.31151197160953714,0.02170639483726507,-0.00544704290418051,0.00000000000000000
-1.31134317584686499,0.01205180856212406,-0.00305509668060926,0.00000000000000000
-1.31127095506918323,0.00239133337805882,-0.00061220440331542,0.00000000000000000
-1.31129537005820751,-0.00727539609043043,0.00185336990103074,0.00000000000000000
-1.31141648452078563,-0.01694858282958822,0.00427454518079661,0.00000000000000000
-1.31163436363238439,-0.02662834443637923,0.00664706133561801,0.00000000000000000
-1.31194907368108460,-0.03631478711075585,0.00896963417953660,0.00000000000000000
-1.31236068196672484,-0.04600800702388366,0.01124101867277392,0.00000000000000000
-1.31286925670120347,-0.05570809043565556,0.01346000694385964,0.00000000000000000
-1.31347486690996540,-0.06541511381666773,0.01562542642990703,0.00000000000000000
-1.31417758233473947,-0.07512914397454770,0.01773613812791911,0.00000000000000000
-1.31497747333755832,-0.08485023818454401,0.01979103495054977,0.00000000000000000
-1.31587461080610524,-0.09457844432430484,0.02178904018024208,0.00000000000000000
-1.31686906606043053,-0.10431380101278910,0.02372910601612141,0.00000000000000000
-1.31796091076107302,-0.11405633775326834,0.02561021220843914,0.00000000000000000
-1.31915021681863820,-0.12380607508039163,0.02743136477574767,0.00000000000000000
-1.32043705630485952,-0.13356302471129741,0.02919159480034018,0.00000000000000000
-1.32182150136520349,-0.14332718970076802,0.03088995729781329,0.00000000000000000
-1.32330362413303249,-0.15309856460043184,0.03252553015691044,0.00000000000000000
-1.32488349664538418,-0.16287713562202749,0.03409741314607709,0.00000000000000000
-1.32656119076041890,-0.17266288080475151,0.03560472698341335,0.00000000000000000
-1.32833677807653316,-0.18245577018671824,0.03704661246694304,0.00000000000000000
-1.33021032985322485,-0.19225576598056576,0.03842222966233109,0.00000000000000000
-1.33218191693374521,-0.20206282275324663,0.03973075714538166,0.00000000000000000
-1.33425160966955048,-0.21187688761004572,0.04097139129683007,0.00000000000000000
-1.33641947784662207,-0.22169790038286971,0.04214334564711151,0.00000000000000000
-1.33868559061369652,-0.23152579382285524,0.04324585026894384,0.00000000000000000
-1.34105001641243149,-0.24136049379734259,0.04427815121570534,0.00000000000000000
-1.34351282290958096,-0.25120191949126225,0.04523951000372094,0.00000000000000000
-1.34607407693119541,-0.26104998361297993,0.04612920313669312,0.00000000000000000
-1.34873384439889321,-0.27090459260464439,0.04694652167062475,0.00000000000000000
-1.35149219026827971,-0.28076564685707839,0.04769077081768750,0.00000000000000000
-1.35434917846952629,-0.29063304092925019,0.04836126958758317,0.00000000000000000
-1.35730487185016102,-0.30050666377235741,0.04895735046503757,0.00000000000000000
-1.36035933212014548,-0.31038639895855019,0.04947835912214474,0.00000000000000000
-1.36351261979922889,-0.32027212491431317,0.04992365416435858,0.00000000000000000
-1.36676479416669139,-0.33016371515851900,0.05029260690899662,0.00000000000000000
-1.37011591321347126,-0.34006103854515707,0.05058460119518710,0.00000000000000000
-1.37356603359675589,-0.34996395951073273,0.05079903322424940,0.00000000000000000
-1.37711521059705078,-0.35987233832632098,0.05093531142955391,0.00000000000000000
-1.38076349807781718,-0.36978603135424881,0.05099285637495870,0.00000000000000000
-1.38451094844768363,-0.37970489130936719,0.05097110068096655,0.00000000000000000
-1.38835761262529367,-0.38962876752486220,0.05086948897779139,0.00000000000000000
-1.39230354000683931,-0.39955750622253960,0.05068747788456368,0.00000000000000000
-1.39634877843631600,-0.40949095078750408,0.05042453601394090,0.00000000000000000
-1.40049337417854503,-0.41942894204713799,0.05008014400142367,0.00000000000000000
-1.40473737189501691,-0.42937131855426819,0.04965379455871505,0.00000000000000000
-1.40908081462256973,-0.43931791687439326,0.04914499255048292,0.00000000000000000
-1.41352374375496836,-0.44926857187682417,0.04855325509392294,0.00000000000000000
-1.41806619902742170,-0.45922311702957347,0.04787811168053600,0.00000000000000000
-1.42270821850405049,-0.46918138469780818,0.04711910431956722,0.00000000000000000
-1.42744983856837315,-0.47914320644566133,0.04627578770257174,0.00000000000000000
-1.43229109391681142,-0.48910841334117511,0.04534772938859396,0.00000000000000000
-1.43723201755526730,-0.49907683626412747,0.04433451000947179,0.00000000000000000
-1.44227264079879447,-0.50904830621647024,0.04323572349478923,0.00000000000000000
-1.44741299327437734,-0.51902265463508424,0.04205097731602933,0.00000000000000000
-1.45265310292685523,-0.52899971370653154,0.04077989274948549,0.00000000000000000
-1.45799299602799870,-0.53897931668346066,0.03942210515751586,0.00000000000000000
-1.46343269718875924,-0.54896129820229411,0.03797726428773508,0.00000000000000000
-1.46897222937469785,-0.55894549460180276,0.03644503458975799,0.00000000000000000
-1.47461161392460482,-0.56893174424214144,0.03482509554912110,0.00000000000000000
-1.48035087057230808,-0.57891988782389636,0.03311714203802663,0.00000000000000000
-1.48619001747167179,-0.58890976870666389,0.03132088468256514,0.00000000000000000
-1.49212907122477390,-0.59890123322665156,0.02943605024609057,0.00000000000000000
-1.49816804691325700,-0.60889413101276424,0.02746238202843197,0.00000000000000000
-1.50430695813282345,-0.61888831530060784,0.02539964028064718,0.00000000000000000
-1.51054581703086566,-0.62888364324381218,0.02324760263502879,0.00000000000000000
-1.51688463434718646,-0.63887997622204362,0.02100606455009828,0.00000000000000000
-1.52332341945778449,-0.64887718014504892,0.01867483977032952,0.00000000000000000
-1.52986218042165589,-0.65887512575203777,0.01625376080036330,0.00000000000000000
-1.53650092403056249,-0.66887368890568155,0.01374267939348825,0.00000000000000000
-1.54323965586171408,-0.67887275087997245,0.01114146705417648,0.00000000000000000
-1.55007838033328937,-0.68887219864115656,0.00845001555448390,0.00000000000000000
-1.55701710076273336,-0.69887192512092045,0.00566823746413286,0.00000000000000000
-1.56405581942774141,-0.70887182948097938,0.00279606669411840,0.00000000000000000
-1.57119453762984218,-0.71887181736818251,-0.00016654094630859,0.00000000000000000
-1.57843325576048343,-0.72887180115921801,-0.00321960717941149,0.00000000000000000
-1.58577197336950704,-0.73887170019396819,-0.00636313067560149,0.00000000000000000
-1.59321068923589504,-0.74887144099653302,-0.00959708645702951,0.00000000000000000
-1.60074940144066336,-0.75887095748290800,-0.01292142528821641,0.00000000000000000
-1.60838810744175831,-0.76887019115427080,-0.01633607305377922,0.00000000000000000
-1.61612680415081211,-0.77886909127479920,-0.01984093012329864,0.00000000000000000
-1.62396548801159213,-0.78886761503291158,-0.02343587070335129,0.00000000000000000
-1.63190415507997777,-0.79886572768479158,-0.02712074217671707,0.00000000000000000
-1.63994280110527590,-0.80886340267902723,-0.03089536442875005,0.00000000000000000
-1.64808142161268645,-0.81886062176116592,-0.03475952916088963,0.00000000000000000
-1.65632001198670498,-0.82885737505695856,-0.03871299919126706,0.00000000000000000
-1.66465856755524833,-0.83885366113303661,-0.04275550774235053,0.00000000000000000
-1.67309708367426779,-0.84884948703374064,-0.04688675771555388,0.00000000000000000
-1.68163555581260660,-0.85884486829279061,-0.05110642095272043,0.00000000000000000
-1.69027397963684134,-0.86883982891846634,-0.05541413748437862,0.00000000000000000
-1.69901235109583748,-0.87883440135093882,-0.05980951476465478,0.00000000000000000
-1.70785066650473638,-0.88882862639037419,-0.06429212689271768,0.00000000000000000
-1.71678892262806571,-0.89882255309440873,-0.06886151382061376,0.00000000000000000
-1.72582711676167033,-0.90881623864357497,-0.07351718054735247,0.00000000000000000
-1.73496524681312891,-0.91880974817324002,-0.07825859629908727,0.00000000000000000
-1.74420331138031770,-0.92880315457060170,-0.08308519369523688,0.00000000000000000
-1.75354130982776102,-0.93879653823527454,-0.08799636790038744,0.00000000000000000
-1.76297924236040249,-0.94878998680198434,-0.09299147576182004,0.00000000000000000
-1.77251711009440704,-0.95878359482388031,-0.09806983493250762,0.00000000000000000
-1.78215491512458879,-0.96877746341496762,-0.10323072297943126,0.00000000000000000
-1.79189266058805963,-0.97877169985015644,-0.10847337647708361,0.00000000000000000
-1.80173035072365373,-0.98876641712142277,-0.11379699008602816,0.00000000000000000
-1.81166799092669084,-0.99876173344857722,-0.11920071561641239,0.00000000000000000
-1.82170558779861391,-1.00875777174314019,-0.12468366107634846,0.00000000000000000
-1.83184314919102587,-1.01875465902383122,-0.13024488970510442,0.00000000000000000
-1.84208068424362992,-1.02875252578219079,-0.13588341899107745,0.00000000000000000
-1.85241820341557428,-1.03875150529686677,-0.14159821967456362,0.00000000000000000
-1.86285571850967280,-1.04875173289511725,-0.14738821473537458,0.00000000000000000
-1.87339324268897656,-1.05875334516010500,-0.15325227836540911,0.00000000000000000
-1.88403079048513700,-1.06875647908258653,-0.15918923492633286,0.00000000000000000
-1.89476837779800178,-1.07876127115563225,-0.16519785789258976,0.00000000000000000
-1.90560602188587147,-1.08876785641105078,-0.17127686878003762,0.00000000000000000
-1.91654374134582017,-1.09877636739623652,-0.17742493606057252,0.00000000000000000
-1.92758155608348236,-1.10878693309020804,-0.18364067406319665,0.00000000000000000
-1.93871948727169396,-1.11879967775766120,-0.18992264186207802,0.00000000000000000
-1.94995755729735354,-1.12881471973992520,-0.19626934215224565,0.00000000000000000
-1.96129578969587826,-1.13883217018177607,-0.20267922011368658,0.00000000000000000
-1.97273420907260277,-1.14885213169314526,-0.20915066226472215,0.00000000000000000
-1.98427284101046197,-1.15887469694484091,-0.21568199530567295,0.00000000000000000
-1.99591171196330297,-1.16889994719749746,-0.22227148495396815,0.00000000000000000
-2.00765084913414515,-1.17892795076306967,-0.22891733477199658,0.00000000000000000
-2.01949028033771860,-1.18895876139829948,-0.23561768498916524,0.00000000000000000
-2.03143003384659515,-1.19899241662970857,-0.24237061131979945,0.00000000000000000
-2.04347013822022383,-1.20902893600979655,-0.24917412377869966,0.00000000000000000
-2.05561062211618228,-1.21906831930427528,-0.25602616549636792,0.00000000000000000
-2.06785151408296120,-1.22911054461031566,-0.26292461153612023,0.00000000000000000
-2.08019284233358093,-1.23915556640595703,-0.26986726771551395,0.00000000000000000
-2.09263463449936093,-1.24920331353100411,-0.27685186943475021,0.00000000000000000
-2.10517691736316159,-1.25925368709992669,-0.28387608051495028,0.00000000000000000
-2.11781971657141010,-1.26930655834748674,-0.29093749204944591,0.00000000000000000
-2.13056305632425946,-1.27936176640803123,-0.29803362127149846,0.00000000000000000
-2.14340695904320455,-1.28941911602962556,-0.30516191044211211,0.00000000000000000
-2.15635144501552656,-1.29947837522444831,-0.31231972576190653,0.00000000000000000
-2.16939653201492533,-1.30953927285713068,-0.31950435631128871,0.00000000000000000
-2.18254223489773480,-1.31960149617300426,-0.32671301302346967,0.00000000000000000
-2.19578856517413001,-1.32966468826851347,-0.33394282769517847,0.00000000000000000
-2.20913553055375633,-1.33972844550635872,-0.34119085204023403,0.00000000000000000
-2.22258313446525158,-1.34979231487826645,-0.34845405679146679,0.00000000000000000
-2.23613137554914143,-1.35985579131862067,-0.35572933085679276,0.00000000000000000
-2.24978024712364366,-1.36991831497255601,-0.36301348053558818,0.00000000000000000
-2.26352973662294055,-1.37997926842248231,-0.37030322880183258,0.00000000000000000
-2.27737982500752878,-1.39003797387741179,-0.37759521466083207,0.00000000000000000
-2.29133048614629420,-1.40009369032986020,-0.38488599258665862,0.00000000000000000
-2.30538168617001471,-1.41014561068552569,-0.39217203204777717,0.00000000000000000
-2.31953338279604893,-1.42019285887138502,-0.39944971712866228,0.00000000000000000
-2.33378552462402311,-1.43023448692830435,-0.40671534625551509,0.00000000000000000
-2.34813805040239032,-1.44026947209472889,-0.41396513203451529,0.00000000000000000
-2.36259088826581731,-1.45029671388849946,-0.42119520121133064,0.00000000000000000
-2.37714395494340458,-1.46031503119433714,-0.42840159476090028,0.00000000000000000
-2.39179715493784961,-1.47032315936503988,-0.43558026811677358,0.00000000000000000
-2.40655037967571950,-1.48031974734495053,-0.44272709154953005,0.00000000000000000
-2.42140350662911175,-1.49030335482477261,-0.44983785070403892,0.00000000000000000
-2.43635639840905949,-1.50027244943733806,-0.45690824730550578,0.00000000000000000
-2.45140890183113846,-1.51022540400445604,-0.46393390004442675,0.00000000000000000
-2.46656084695384514,-1.52016049384549889,-0.47091034565070161,0.00000000000000000
-2.48181204609041295,-1.53007589415890966,-0.47783304016725348,0.00000000000000000
-2.49716229279485802,-1.53996967748832891,-0.48469736043355227,0.00000000000000000
-2.51261136082316039,-1.54983981128555204,-0.49149860578945276,0.00000000000000000
-2.52815900307061359,-1.55968415558302187,-0.49823200000970835,0.00000000000000000
-2.54380495048649546,-1.56950046078904082,-0.50489269347942856,0.00000000000000000
-2.55954891096736770,-1.57928636561934632,-0.51147576562059138,0.00000000000000000
-2.57539056823042856,-1.58903939517912285,-0.51797622757950301,0.00000000000000000
-2.59132958066849639,-1.59875695920992533,-0.52438902518481256,0.00000000000000000
-2.60736558018835396,-1.60843635051635681,-0.53070904218533199,0.00000000000000000
-2.62349817103431704,-1.61807474358766323,-0.53693110377648434,0.00000000000000000
-2.63972692859905500,-1.62766919342969119,-0.54304998042369079,0.00000000000000000
-2.65605139822385716,-1.63721663462287381,-0.54906039199041534,0.00000000000000000
-2.67247109399066929,-1.64671388062208401,-0.55495701217791671,0.00000000000000000
-2.68898549750839955,-1.65615762331429095,-0.56073447328298254,0.00000000000000000
-2.70559405669616737,-1.66554443284999198,-0.56638737127907646,0.00000000000000000
-2.72229618456629385,-1.67487075776434824,-0.57191027122537519,0.00000000000000000
-2.73909125801002062,-1.68413292540382398,-0.57729771300713839,0.00000000000000000
-2.75597861658908982,-1.69332714267391449,-0.58254421740971007,0.00000000000000000
-2.77295756133646254,-1.70244949712324112,-0.58764429252723194,0.00000000000000000
-2.79002735356963605,-1.71149595837887625,-0.59259244050581283,0.00000000000000000
-2.80718721372011526,-1.72046237994725115,-0.59738316461949104,0.00000000000000000
-2.82443632018279001,-1.72934450139436935,-0.60201097667581061,0.00000000000000000
-2.84177380818905956,-1.73813795091830703,-0.60647040474624014,0.00000000000000000
-2.85919876870769585,-1.74683824832612289,-0.61075600121498086,0.00000000000000000
-2.87671024737754610,-1.75544080842631245,-0.61486235113795207,0.00000000000000000
-2.89430724347627866,-1.76394094484683617,-0.61878408090190939,0.00000000000000000
-2.91198870892947159,-1.77233387428750855,-0.62251586717175289,0.00000000000000000
-2.92975354736443716,-1.78061472121417519,-0.62605244611212640,0.00000000000000000
-2.94760061321320954,-1.78877852300060658,-0.62938862286740604,0.00000000000000000
-2.96552871086922210,-1.79682023552241676,-0.63251928128213142,0.00000000000000000
-2.98353659390218429,-1.80473473920557059,-0.63543939384186843,0.00000000000000000
-3.00162296433572529,-1.81251684553016901,-0.63814403181240553,0.00000000000000000
-3.01978647199235084,-1.82016130398822251,-0.64062837555310714,0.00000000000000000
-3.03802571391022713,-1.82766280949202109,-0.64288772497817648,0.00000000000000000
-3.05633923383628314,-1.83501601022751260,-0.64491751013754506,0.00000000000000000
-3.07472552180004222,-1.84221551594480415,-0.64671330188711451,0.00000000000000000
-3.09318301377249405,-1.84925590667552586,-0.64827082261614621,0.00000000000000000
-3.11171009141423571,-1.85613174186434327,-0.64958595699775201,0.00000000000000000
-3.13030508191692114,-1.86283756989939930,-0.65065476272669021,0.00000000000000000
3.13421904923763606,-1.86936793802391144,-0.65147348120704307,0.00000000000000000
3.11549346951949691,-1.87571740260857034,-0.65203854815086115,0.00000000000000000
3.09670532228406437,-1.88188053976179837,-0.65234660404752343,0.00000000000000000
3.07785649780199222,-1.88785195625234237,-0.65239450446239866,0.00000000000000000
3.05894894007635898,-1.89362630071612226,-0.65217933012242257,0.00000000000000000
3.03998464636689469,-1.89919827511675443,-0.65169839674544572,0.00000000000000000
3.02096566659846211,-1.90456264642673179,-0.65094926456966329,0.00000000000000000
3.00189410265178136,-1.90971425849390419,-0.64992974753914867,0.00000000000000000
2.98277210753470534,-1.91464804405567013,-0.64863792210146065,0.00000000000000000
2.96360188443279071,-1.91935903686120546,-0.64707213557352339,0.00000000000000000
2.94438568563827197,-1.92384238386011952,-0.64523101403247107,0.00000000000000000
2.92512581135700334,-1.92809335741417809,-0.64311346968893290,0.00000000000000000
2.90582460839334278,-1.93210736748718803,-0.64071870770131112,0.00000000000000000
2.88648446871345321,-1.93587997376680709,-0.63804623239096159,0.00000000000000000
2.86710782788791363,-1.93940689767096397,-0.63509585281985803,0.00000000000000000
2.84769716341504342,-1.94268403419074387,-0.63186768769426715,0.00000000000000000
2.82825499292682370,-1.94570746352105073,-0.62836216956020874,0.00000000000000000
2.80878387227977022,-1.94847346243009234,-0.62458004825899538,0.00000000000000000
2.78928639353362762,-1.95097851531878197,-0.62052239361394335,0.00000000000000000
2.76976518282121731,-1.95321932492149486,-0.61619059732239323,0.00000000000000000
2.75022289811327525,-1.95519282260029548,-0.61158637403047511,0.00000000000000000
2.73066222688257199,-1.95596917344049315,0.00000000000000000,1.00000000000000000
2.71112280633379399,-1.95188521093700462,0.00000000000000000,1.00000000000000000
2.69162511392729531,-1.94762387312843344,0.00000000000000000,1.00000000000000000
2.67217091345011148,-1.94318716528119073,0.00000000000000000,1.00000000000000000
2.65276194827845835,-1.93857716391486767,0.00000000000000000,1.00000000000000000
2.63339994067664840,-1.93379601450288741,0.00000000000000000,1.00000000000000000
2.61408659111927921,-1.92884592911711317,0.00000000000000000,1.00000000000000000
2.59482357763724814,-1.92372918402104776,0.00000000000000000,1.00000000000000000
2.57561255518806487,-1.91844811721629771,0.00000000000000000,1.00000000000000000
2.55645515505091225,-1.91300512594700334,0.00000000000000000,1.00000000000000000
2.53735298424686029,-1.90740266416694970,0.00000000000000000,1.00000000000000000
2.51830762498456906,-1.90164323997407414,0.00000000000000000,1.00000000000000000
2.49932063413179684,-1.89572941301707165,0.00000000000000000,1.00000000000000000
2.48039354271295043,-1.88966379187877398,0.00000000000000000,1.00000000000000000
2.46152785543291586,-1.88344903144093978,0.00000000000000000,1.00000000000000000
2.44272505022729902,-1.87708783023504400,0.00000000000000000,1.00000000000000000
2.42398657783921756,-1.87058292778359059,0.00000000000000000,1.00000000000000000
2.40531386142270609,-1.86393710193640016,0.00000000000000000,1.00000000000000000
2.38670829617276947,-1.85715316620624282,0.00000000000000000,1.00000000000000000
2.36817124898205655,-1.85023396710808896,0.00000000000000000,1.00000000000000000
2.34970405812411620,-1.84318238150615121,0.00000000000000000,1.00000000000000000
2.33130803296311750,-1.83600131397277821,0.00000000000000000,1.00000000000000000
2.31298445368991334,-1.82869369416313976,0.00000000000000000,1.00000000000000000
2.29473457108425638,-1.82126247420951781,0.00000000000000000,1.00000000000000000
2.27655960630296228,-1.81371062613888134,0.00000000000000000,1.00000000000000000
2.25846075069376440,-1.80604113931728527,0.00000000000000000,1.00000000000000000
2.24043916563457390,-1.79825701792448522,0.00000000000000000,1.00000000000000000
2.22249598239783719,-1.79036127846201221,0.00000000000000000,1.00000000000000000
2.20463230203962013,-1.78235694729779381,0.00000000000000000,1.00000000000000000
2.18684919531306399,-1.77424705825025075,0.00000000000000000,1.00000000000000000
2.16914770260577772,-1.76603465021463846,0.00000000000000000,1.00000000000000000
2.15152883390076077,-1.75772276483423595,0.00000000000000000,1.00000000000000000
2.13399356876036350,-1.74931444421882332,0.00000000000000000,1.00000000000000000
2.11654285633282946,-1.74081272871271864,0.00000000000000000,1.00000000000000000
2.09917761538088854,-1.73222065471448206,0.00000000000000000,1.00000000000000000
2.08189873433190442,-1.72354125255022561,0.00000000000000000,1.00000000000000000
2.06470707134898923,-1.71477754440230190,0.00000000000000000,1.00000000000000000
2.04760345442257297,-1.70593254229498092,0.00000000000000000,1.00000000000000000
2.03058868148180416,-1.69700924613855886,0.00000000000000000,1.00000000000000000
2.01366352052522579,-1.68801064183318350,0.00000000000000000,1.00000000000000000
1.99682870977010296,-1.67893969943352017,0.00000000000000000,1.00000000000000000
1.98008495781979477,-1.66979937137522727,0.00000000000000000,1.00000000000000000
1.96343294384855849,-1.66059259076405930,0.00000000000000000,1.00000000000000000
1.94687331780313144,-1.65132226972826168,0.00000000000000000,1.00000000000000000
1.93040670062048125,-1.64199129783478170,0.00000000000000000,1.00000000000000000
1.91403368446107436,-1.63260254056967646,0.00000000000000000,1.00000000000000000
1.89775483295700820,-1.62315883788296178,0.00000000000000000,1.00000000000000000
1.88157068147438178,-1.61366300279801589,0.00000000000000000,1.00000000000000000
1.86548173738924739,-1.60411782008552350,0.00000000000000000,1.00000000000000000
1.84948848037649505,-1.59452604500182527,0.00000000000000000,1.00000000000000000
1.83359136271104184,-1.58489040209142029,0.00000000000000000,1.00000000000000000
1.81779080958066785,-1.57521358405325818,0.00000000000000000,1.00000000000000000
1.80208721940987715,-1.56549825067035209,0.00000000000000000,1.00000000000000000
1.78648096419414770,-1.55574702780214214,0.00000000000000000,1.00000000000000000
1.77097238984394867,-1.54596250643894684,0.00000000000000000,1.00000000000000000
1.75556181653789878,-1.53614724181774753,0.00000000000000000,1.00000000000000000
1.74024953908447078,-1.52630375259846907,0.00000000000000000,1.00000000000000000
1.72503582729163440,-1.51643452009984259,0.00000000000000000,1.00000000000000000
1.70992092634383930,-1.50654198759386215,0.00000000000000000,1.00000000000000000
1.69490505718577289,-1.49662855965777952,0.00000000000000000,1.00000000000000000
1.67998841691231338,-1.48669660158252182,0.00000000000000000,1.00000000000000000
1.66517117916411728,-1.47674843883635898,0.00000000000000000,1.00000000000000000
1.65045349452830425,-1.46678635658259471,0.00000000000000000,1.00000000000000000
1.63583549094369651,-1.45681259925001405,0.00000000000000000,1.00000000000000000
1.62131727411009763,-1.44682937015477231,0.00000000000000000,1.00000000000000000
1.60689892790110100,-1.43683883117237943,0.00000000000000000,1.00000000000000000
1.59258051477993057,-1.42684310245839963,0.00000000000000000,1.00000000000000000
1.57836207621784119,-1.41684426221645832,0.00000000000000000,1.00000000000000000
1.56424363311460368,-1.40684434651212875,0.00000000000000000,1.00000000000000000
1.55022518622063377,-1.39684534913124780,0.00000000000000000,1.00000000000000000
1.53630671656031570,-1.38684922148119960,0.00000000000000000,1.00000000000000000
1.52248818585610746,-1.37685787253369218,0.00000000000000000,1.00000000000000000
1.50876953695301541,-1.36687316880754750,0.00000000000000000,1.00000000000000000
1.49515069424304947,-1.35689693439002168,0.00000000000000000,1.00000000000000000
1.48163156408927765,-1.34693095099516835,0.00000000000000000,1.00000000000000000
1.46821203524911503,-1.33697695805776795,0.00000000000000000,1.00000000000000000
1.45489197929650693,-1.32703665286134442,0.00000000000000000,1.00000000000000000
1.44167125104266169,-1.31711169069880585,0.00000000000000000,1.00000000000000000
1.42854968895502665,-1.30720368506425166,0.00000000000000000,1.00000000000000000
1.41552711557419109,-1.29731420787450813,0.00000000000000000,1.00000000000000000
1.40260333792843195,-1.28744478971896537,0.00000000000000000,1.00000000000000000
1.38977814794562704,-1.27759692013631043,0.00000000000000000,1.00000000000000000
1.37705132286227361,-1.26777204791677089,0.00000000000000000,1.00000000000000000
1.36442262562935568,-1.25797158142850307,0.00000000000000000,1.00000000000000000
1.35189180531484165,-1.24819688896678649,0.00000000000000000,1.00000000000000000
1.33945859750257767,-1.23844929912470891,0.00000000000000000,1.00000000000000000
1.32712272468736536,-1.22873010118405190,0.00000000000000000,1.00000000000000000
1.31488389666604810,-1.21904054552511787,0.00000000000000000,1.00000000000000000
1.30274181092439800,-1.20938184405426563,0.00000000000000000,1.00000000000000000
1.29069615301964902,-1.19975517064795167,0.00000000000000000,1.00000000000000000
1.27874659695851456,-1.19016166161210601,0.00000000000000000,1.00000000000000000
1.26689280557052975,-1.18060241615570072,0.00000000000000000,1.00000000000000000
1.25513443087660725,-1.17107849687740351,0.00000000000000000,1.00000000000000000
1.24347111445264602,-1.16159093026423910,0.00000000000000000,1.00000000000000000
1.23190248778811906,-1.15214070720121353,0.00000000000000000,1.00000000000000000
1.22042817263949388,-1.14272878349089146,0.00000000000000000,1.00000000000000000
1.20904778137842861,-1.13335608038194646,0.00000000000000000,1.00000000000000000
1.19776091733463019,-1.12402348510574157,0.00000000000000000,1.00000000000000000
1.18656717513331600,-1.11473185142002484,0.00000000000000000,1.00000000000000000
1.17546614102720604,-1.10548200015886411,0.00000000000000000,1.00000000000000000
1.16445739322298447,-1.09627471978797209,0.00000000000000000,1.00000000000000000
1.15354050220218962,-1.08711076696461006,0.00000000000000000,1.00000000000000000
1.14271503103648264,-1.07799086710128811,0.00000000000000000,1.00000000000000000
1.13198053569726209,-1.06891571493251281,0.00000000000000000,1.00000000000000000
1.12133656535960125,-1.05988597508386606,0.00000000000000000,1.00000000000000000
1.11078266270048509,-1.05090228264272634,0.00000000000000000,1.00000000000000000
1.10031836419133366,-1.04196524372998045,0.00000000000000000,1.00000000000000000
1.08994320038480641,-1.03307543607209795,0.00000000000000000,1.00000000000000000
1.07965669619588844,-1.02423340957297260,0.00000000000000000,1.00000000000000000
1.06945837117725784,-1.01543968688496755,0.00000000000000000,1.00000000000000000
1.05934773978895347,-1.00669476397862212,0.00000000000000000,1.00000000000000000
1.04932431166234963,-0.99799911071051406,0.00000000000000000,1.00000000000000000
1.03938759185846674,-0.98935317138879197,0.00000000000000000,1.00000000000000000
1.02953708112064213,-0.98075736533592284,0.00000000000000000,1.00000000000000000
1.01977227612158217,-0.97221208744822418,0.00000000000000000,1.00000000000000000
1.01009266970484290,-0.96371770875177587,0.00000000000000000,1.00000000000000000
1.00049775112077022,-0.95527457695433027,0.00000000000000000,1.00000000000000000
0.99098700625694036,-0.94688301699286448,0.00000000000000000,1.00000000000000000
0.98155991786314978,-0.93854333157644065,0.00000000000000000,1.00000000000000000
0.97221596577100122,-0.93025580172406208,0.00000000000000000,1.00000000000000000
0.96295462710813418,-0.92202068729723607,0.00000000000000000,1.00000000000000000
0.95377537650716437,-0.91383822752697363,0.00000000000000000,1.00000000000000000
0.94467768630937599,-0.90570864153497743,0.00000000000000000,1.00000000000000000
0.93566102676323215,-0.89763212884878774,0.00000000000000000,1.00000000000000000
0.92672486621776962,-0.88960886991067634,0.00000000000000000,1.00000000000000000
0.91786867131093253,-0.88163902658009452,0.00000000000000000,1.00000000000000000
0.90909190715291466,-0.87372274262950034,0.00000000000000000,1.00000000000000000
0.90039403750458025,-0.86586014423340540,0.00000000000000000,1.00000000000000000
0.89177452495102738,-0.85805134045049858,0.00000000000000000,1.00000000000000000
0.88323283107036232,-0.85029642369871861,0.00000000000000000,1.00000000000000000
0.87476841659776472,-0.84259547022316272,0.00000000000000000,1.00000000000000000
0.86638074158490319,-0.83494854055673140,0.00000000000000000,1.00000000000000000
0.85806926555478746,-0.82735567997342407,0.00000000000000000,1.00000000000000000
0.84983344765212188,-0.81981691893421227,0.00000000000000000,1.00000000000000000
0.84167274678923398,-0.81233227352542936,0.00000000000000000,1.00000000000000000
0.83358662178766529,-0.80490174588962715,0.00000000000000000,1.00000000000000000
0.82557453151548232,-0.79752532464886161,0.00000000000000000,1.00000000000000000
0.81763593502039900,-0.79020298532037825,0.00000000000000000,1.00000000000000000
0.80977029165877701,-0.78293469072468103,0.00000000000000000,1.00000000000000000
0.80197706122058499,-0.77572039138597382,0.00000000000000000,1.00000000000000000
0.79425570405039192,-0.76856002592497619,0.00000000000000000,1.00000000000000000
0.78660568116446816,-0.76145352144412104,0.00000000000000000,1.00000000000000000
0.77902645436407436,-0.75440079390515036,0.00000000000000000,1.00000000000000000
0.77151748634501294,-0.74740174849913343,0.00000000000000000,1.00000000000000000
0.76407824080351538,-0.74045628000893748,0.00000000000000000,1.00000000000000000
0.75670818253854355,-0.73356427316418860,0.00000000000000000,1.00000000000000000
0.74940677755057772,-0.72672560298876576,0.00000000000000000,1.00000000000000000
0.74217349313696879,-0.71994013514087740,0.00000000000000000,1.00000000000000000
0.73500779798392424,-0.71320772624577489,0.00000000000000000,1.00000000000000000
0.72790916225520430,-0.70652822422116213,0.00000000000000000,1.00000000000000000
0.72087705767760246,-0.69990146859536606,0.00000000000000000,1.00000000000000000
0.71391095762327605,-0.69332729081833511,0.00000000000000000,1.00000000000000000
0.70701033718900597,-0.68680551456553907,0.00000000000000000,1.00000000000000000
0.70017467327245075,-0.68033595603484531,0.00000000000000000,1.00000000000000000
0.69340344464546799,-0.67391842423645176,0.00000000000000000,1.00000000000000000
0.68669613202456814,-0.66755272127595766,0.00000000000000000,1.00000000000000000
0.68005221813857553,-0.66123864263065746,0.00000000000000000,1.00000000000000000
0.67347118779355686,-0.65497597741914670,0.00000000000000000,1.00000000000000000
0.66695252793508786,-0.64876450866432767,0.00000000000000000,1.00000000000000000
0.66049572770792198,-0.64260401354990793,0.00000000000000000,1.00000000000000000
0.65410027851312691,-0.63649426367048556,0.00000000000000000,1.00000000000000000
0.64776567406275154,-0.63043502527531536,0.00000000000000000,1.00000000000000000
0.64149141043208679,-0.62442605950585328,0.00000000000000000,1.00000000000000000
0.63527698610958172,-0.61846712262717718,0.00000000000000000,1.00000000000000000
0.62912190204447427,-0.61255796625338155,0.00000000000000000,1.00000000000000000
0.62302566169219897,-0.60669833756704661,0.00000000000000000,1.00000000000000000
0.61698777105763103,-0.60088797953288242,0.00000000000000000,1.00000000000000000
0.61100773873621739,-0.59512663110564779,0.00000000000000000,1.00000000000000000
0.60508507595306327,-0.58941402743244520,0.00000000000000000,1.00000000000000000
0.59921929660001894,-0.58374990004949423,0.00000000000000000,1.00000000000000000
0.59340991727082670,-0.57813397707348313,0.00000000000000000,1.00000000000000000
0.58765645729438276,-0.57256598338760134,0.00000000000000000,1.00000000000000000
0.58195843876616316,-0.56704564082235320,0.00000000000000000,1.00000000000000000
0.57631538657786852,-0.56157266833125452,0.00000000000000000,1.00000000000000000
0.57072682844533507,-0.55614678216151192,0.00000000000000000,1.00000000000000000
0.56519229493476697,-0.55076769601978537,0.00000000000000000,1.00000000000000000
0.55971131948733177,-0.54543512123313342,0.00000000000000000,1.00000000000000000
0.55428343844217043,-0.54014876690524005,0.00000000000000000,1.00000000000000000
0.54890819105787214,-0.53490834006802135,0.00000000000000000,1.00000000000000000
0.54358511953244948,-0.52971354582870944,0.00000000000000000,1.00000000000000000
0.53831376902187067,-0.52456408751251016,0.00000000000000000,1.00000000000000000
0.53309368765718368,-0.51945966680093025,0.00000000000000000,1.00000000000000000
0.52792442656027960,-0.51439998386586883,0.00000000000000000,1.00000000000000000
0.52280553985833489,-0.50938473749956670,0.00000000000000000,1.00000000000000000
0.51773658469697681,-0.50441362524050637,0.00000000000000000,1.00000000000000000
0.51271712125220592,-0.49948634349535381,0.00000000000000000,1.00000000000000000
0.50774671274112126,-0.49460258765703330,0.00000000000000000,1.00000000000000000
0.50282492543148471,-0.48976205221902358,0.00000000000000000,1.00000000000000000
0.49795132865015734,-0.48496443088596403,0.00000000000000000,1.00000000000000000
0.49312549479045131,-0.48020941668065736,0.00000000000000000,1.00000000000000000
0.48834699931842707,-0.47549670204755462,0.00000000000000000,1.00000000000000000
0.48361542077817310,-0.47082597895280631,0.00000000000000000,1.00000000000000000
0.47893034079610564,-0.46619693898096337,0.00000000000000000,1.00000000000000000
0.47429134408431084,-0.46160927342840880,0.00000000000000000,1.00000000000000000
0.46969801844297576,-0.45706267339360102,0.00000000000000000,1.00000000000000000
0.46514995476192755,-0.45255682986420770,0.00000000000000000,1.00000000000000000
0.46064674702131869,-0.44809143380120742,0.00000000000000000,1.00000000000000000
0.45618799229148665,-0.44366617622003607,0.00000000000000000,1.00000000000000000
0.45177329073201555,-0.43928074826885266,0.00000000000000000,1.00000000000000000
0.44740224559002684,-0.43493484130399818,0.00000000000000000,1.00000000000000000
0.44307446319773502,-0.43062814696271967,0.00000000000000000,1.00000000000000000
0.43878955296928446,-0.42636035723323068,0.00000000000000000,1.00000000000000000
0.43454712739689993,-0.42213116452217764,0.00000000000000000,1.00000000000000000
0.43034680204637610,-0.41794026171958010,0.00000000000000000,1.00000000000000000
0.42618819555192911,-0.41378734226131209,0.00000000000000000,1.00000000000000000
0.42207092961043635,-0.40967210018918981,0.00000000000000000,1.00000000000000000
0.41799462897508510,-0.40559423020873037,0.00000000000000000,1.00000000000000000
0.41395892144845670,-0.40155342774464386,0.00000000000000000,1.00000000000000000
0.40996343787506717,-0.39754938899412084,0.00000000000000000,1.00000000000000000
0.40600781213338344,-0.39358181097797562,0.00000000000000000,1.00000000000000000
0.40209168112734162,-0.38965039158970377,0.00000000000000000,1.00000000000000000
0.39821468477738264,-0.38575482964251240,0.00000000000000000,1.00000000000000000
0.39437646601102827,-0.38189482491437932,0.00000000000000000,1.00000000000000000
0.39057667075301472,-0.37807007819119626,0.00000000000000000,1.00000000000000000
0.38681494791500892,-0.37428029130805041,0.00000000000000000,1.00000000000000000
0.38309094938491484,-0.37052516718869721,0.00000000000000000,1.00000000000000000
0.37940433001579743,-0.36680440988327584,0.00000000000000000,1.00000000000000000
0.37575474761443806,-0.36311772460431768,0.00000000000000000,1.00000000000000000
0.37214186292953721,-0.35946481776109768,0.00000000000000000,1.00000000000000000
0.36856533963958071,-0.35584539699237616,0.00000000000000000,1.00000000000000000
0.36502484434039051,-0.35225917119757838,0.00000000000000000,1.00000000000000000
0.36152004653236469,-0.34870585056645781,0.00000000000000000,1.00000000000000000
0.35805061860743637,-0.34518514660728777,0.00000000000000000,1.00000000000000000
0.35461623583574919,-0.34169677217362537,0.00000000000000000,1.00000000000000000
0.35121657635208026,-0.33824044148969029,0.00000000000000000,1.00000000000000000
0.34785132114200890,-0.33481587017440012,0.00000000000000000,1.00000000000000000
0.34452015402785729,-0.33142277526410291,0.00000000000000000,1.00000000000000000
0.34122276165440724,-0.32806087523404664,0.00000000000000000,1.00000000000000000
0.33795883347440858,-0.32472989001862396,0.00000000000000000,1.00000000000000000
0.33472806173389102,-0.32142954103043003,0.00000000000000000,1.00000000000000000
0.33153014145729287,-0.31815955117817052,0.00000000000000000,1.00000000000000000
0.32836477043241397,-0.31491964488345492,0.00000000000000000,1.00000000000000000
0.32523164919520831,-0.31170954809651069,0.00000000000000000,1.00000000000000000
0.32213048101442165,-0.30852898831085157,0.00000000000000000,1.00000000000000000
0.31906097187609284,-0.30537769457693381,0.00000000000000000,1.00000000000000000
0.31602283046791646,-0.30225539751483216,0.00000000000000000,1.00000000000000000
0.31301576816348975,-0.29916182932596702,0.00000000000000000,1.00000000000000000
0.31003949900644390,-0.29609672380391366,0.00000000000000000,1.00000000000000000
0.30709373969447062,-0.29305981634432282,0.00000000000000000,1.00000000000000000
0.30417820956325858,-0.29005084395398217,0.00000000000000000,1.00000000000000000
0.30129263057033651,-0.28706954525904627,0.00000000000000000,1.00000000000000000
0.29843672727884396,-0.28411566051246312,0.00000000000000000,1.00000000000000000
0.29561022684123017,-0.28118893160062336,0.00000000000000000,1.00000000000000000
0.29281285898288623,-0.27828910204925861,0.00000000000000000,1.00000000000000000
0.29004435598572975,-0.27541591702861407,0.00000000000000000,1.00000000000000000
0.28730445267173188,-0.27256912335791966,0.00000000000000000,1.00000000000000000
0.28459288638641311,-0.26974846950918430,0.00000000000000000,1.00000000000000000
0.28190939698229478,-0.26695370561033571,0.00000000000000000,1.00000000000000000
0.27925372680232874,-0.26418458344772905,0.00000000000000000,1.00000000000000000
0.27662562066330398,-0.26144085646804610,0.00000000000000000,1.00000000000000000
0.27402482583923415,-0.25872227977960616,0.00000000000000000,1.00000000000000000
0.27145109204473927,-0.25602861015310957,0.00000000000000000,1.00000000000000000
0.26890417141841905,-0.25335960602183438,0.00000000000000000,1.00000000000000000
0.26638381850622839,-0.25071502748130498,0.00000000000000000,1.00000000000000000
0.26388979024485870,-0.24809463628845238,0.00000000000000000,1.00000000000000000
0.26142184594513163,-0.24549819586028435,0.00000000000000000,1.00000000000000000
0.25897974727540474,-0.24292547127208342,0.00000000000000000,1.00000000000000000
0.25656325824500081,-0.24037622925515020,0.00000000000000000,1.00000000000000000
0.25417214518766063,-0.23785023819410883,0.00000000000000000,1.00000000000000000
0.25180617674502459,-0.23534726812379117,0.00000000000000000,1.00000000000000000
0.24946512385014863,-0.23286709072571551,0.00000000000000000,1.00000000000000000
0.24714875971105599,-0.23040947932417546,0.00000000000000000,1.00000000000000000
0.24485685979433169,-0.22797420888195380,0.00000000000000000,1.00000000000000000
0.24258920180875831,-0.22556105599567605,0.00000000000000000,1.00000000000000000
0.24034556568900411,-0.22316979889081798,0.00000000000000000,1.00000000000000000
0.23812573357936051,-0.22080021741638040,0.00000000000000000,1.00000000000000000
0.23592948981753548,-0.21845209303924493,0.00000000000000000,1.00000000000000000
0.23375662091850158,-0.21612520883822348,0.00000000000000000,1.00000000000000000
0.23160691555841151,-0.21381934949781398,0.00000000000000000,1.00000000000000000
0.22948016455857001,-0.21153430130167436,0.00000000000000000,1.00000000000000000
0.22737616086947865,-0.20926985212582672,0.00000000000000000,1.00000000000000000
0.22529469955494630,-0.20702579143160305,0.00000000000000000,1.00000000000000000
0.22323557777627112,-0.20480191025834335,0.00000000000000000,1.00000000000000000
0.22119859477650072,-0.20259800121585711,0.00000000000000000,1.00000000000000000
0.21918355186476290,-0.20041385847665832,0.00000000000000000,1.00000000000000000
0.21719025240068213,-0.19824927776798418,0.00000000000000000,1.00000000000000000
0.21521850177886837,-0.19610405636360703,0.00000000000000000,1.00000000000000000
0.21326810741349789,-0.19397799307544925,0.00000000000000000,1.00000000000000000
0.21133887872297175,-0.19187088824500978,0.00000000000000000,1.00000000000000000
0.20943062711466487,-0.18978254373461162,0.00000000000000000,1.00000000000000000
0.20754316596976219,-0.18771276291847833,0.00000000000000000,1.00000000000000000
0.20567631062818403,-0.18566135067364814,0.00000000000000000,1.00000000000000000
0.20382987837360567,-0.18362811337073356,0.00000000000000000,1.00000000000000000
0.20200368841856609,-0.18161285886453424,0.00000000000000000,1.00000000000000000
0.20019756188967586,-0.17961539648451036,0.00000000000000000,1.00000000000000000
0.19841132181291821,-0.17763553702512416,0.00000000000000000,1.00000000000000000
0.19664479309904603,-0.17567309273605636,0.00000000000000000,1.00000000000000000
0.19489780252908240,-0.17372787731230410,0.00000000000000000,1.00000000000000000
0.19317017873991427,-0.17179970588416732,0.00000000000000000,1.00000000000000000
0.19146175220999107,-0.16988839500712960,0.00000000000000000,1.00000000000000000
0.18977235524512492,-0.16799376265163951,0.00000000000000000,1.00000000000000000
0.18810182196439085,-0.16611562819279865,0.00000000000000000,1.00000000000000000
0.18644998828613302,-0.16425381239996184,0.00000000000000000,1.00000000000000000
0.18481669191407457,-0.16240813742625493,0.00000000000000000,1.00000000000000000
0.18320177232353263,-0.16057842679801573,0.00000000000000000,1.00000000000000000
0.18160507074773902,-0.15876450540416298,0.00000000000000000,1.00000000000000000
0.18002643016426756,-0.15696619948549845,0.00000000000000000,1.00000000000000000
0.17846569528157019,-0.15518333662394670,0.00000000000000000,1.00000000000000000
0.17692271252561831,-0.15341574573173744,0.00000000000000000,1.00000000000000000
0.17539733002665603,-0.15166325704053454,0.00000000000000000,1.00000000000000000
0.17388939760605737,-0.14992570209051626,0.00000000000000000,1.00000000000000000
0.17239876676329891,-0.14820291371941058,0.00000000000000000,1.00000000000000000
0.17092529066303763,-0.14649472605148980,0.00000000000000000,1.00000000000000000
0.16946882412230124,-0.14480097448652801,0.00000000000000000,1.00000000000000000
0.16802922359778849,-0.14312149568872518,0.00000000000000000,1.00000000000000000
0.16660634717327927,-0.14145612757560155,0.00000000000000000,1.00000000000000000
0.16520005454715925,-0.13980470930686553,0.00000000000000000,1.00000000000000000
0.16381020702005200,-0.13816708127325833,0.00000000000000000,1.00000000000000000
0.16243666748256524,-0.13654308508537871,0.00000000000000000,1.00000000000000000
0.16107930040314766,-0.13493256356249062,0.00000000000000000,1.00000000000000000
0.15973797181605942,-0.13333536072131680,0.00000000000000000,1.00000000000000000
0.15841254930945192,-0.13175132176482099,0.00000000000000000,1.00000000000000000
0.15710290201356303,-0.13018029307098150,0.00000000000000000,1.00000000000000000
0.15580890058902286,-0.12862212218155872,0.00000000000000000,1.00000000000000000
0.15453041721527105,-0.12707665779085892,0.00000000000000000,1.00000000000000000
0.15326732557908906,-0.12554374973449675,0.00000000000000000,1.00000000000000000
0.15201950086324212,-0.12402324897815892,0.00000000000000000,1.00000000000000000
0.15078681973523489,-0.12251500760637066,0.00000000000000000,1.00000000000000000
0.14956916033617995,-0.12101887881126767,0.00000000000000000,1.00000000000000000
0.14836640226977593,-0.11953471688137508,0.00000000000000000,1.00000000000000000
0.14717842659140290,-0.11806237719039551,0.00000000000000000,1.00000000000000000
0.14600511579732300,-0.11660171618600798,0.00000000000000000,1.00000000000000000
0.14484635381399880,-0.11515259137867941,0.00000000000000000,1.00000000000000000
0.14370202598752169,-0.11371486133049029,0.00000000000000000,1.00000000000000000
0.14257201907314965,-0.11228838564397621,0.00000000000000000,1.00000000000000000
0.14145622122495993,-0.11087302495098655,0.00000000000000000,1.00000000000000000
0.14035452198561105,-0.10946864090156194,0.00000000000000000,1.00000000000000000
0.13926681227621573,-0.10807509615283166,0.00000000000000000,1.00000000000000000
0.13819298438632766,-0.10669225435793241,0.00000000000000000,1.00000000000000000
0.13713293196403331,-0.10531998015494956,0.00000000000000000,1.00000000000000000
0.13608655000616121,-0.10395813915588205,0.00000000000000000,1.00000000000000000
0.13505373484859540,-0.10260659793563195,0.00000000000000000,1.00000000000000000
0.13403438415670221,-0.10126522402101998,0.00000000000000000,1.00000000000000000
0.13302839691586632,-0.09993388587982745,0.00000000000000000,1.00000000000000000
0.13203567342213418,-0.09861245290986613,0.00000000000000000,1.00000000000000000
0.13105611527297079,-0.09730079542807639,0.00000000000000000,1.00000000000000000
0.13008962535812074,-0.09599878465965472,0.00000000000000000,1.00000000000000000
0.12913610785058038,-0.09470629272721123,0.00000000000000000,1.00000000000000000
0.12819546819767869,-0.09342319263995792,0.00000000000000000,1.00000000000000000
0.12726761311226342,-0.09214935828292826,0.00000000000000000,1.00000000000000000
0.12635245056399880,-0.09088466440622887,0.00000000000000000,1.00000000000000000
0.12544988977076610,-0.08962898661432361,0.00000000000000000,1.00000000000000000
0.12455984119017582,-0.08838220135535077,0.00000000000000000,1.00000000000000000
0.12368221651118194,-0.08714418591047386,0.00000000000000000,1.00000000000000000
0.12281692864580762,-0.08591481838326624,0.00000000000000000,1.00000000000000000
0.12196389172097044,-0.08469397768913020,0.00000000000000000,1.00000000000000000
0.12112302107041995,-0.08348154354475069,0.00000000000000000,1.00000000000000000
0.12029423322677557,-0.08227739645758414,0.00000000000000000,1.00000000000000000
0.11947744591367293,-0.08108141771538245,0.00000000000000000,1.00000000000000000
0.11867257803801090,-0.07989348937575272,0.00000000000000000,1.00000000000000000
0.11787954968230752,-0.07871349425575259,0.00000000000000000,1.00000000000000000
0.11709828209715534,-0.07754131592152164,0.00000000000000000,1.00000000000000000
0.11632869769378384,-0.07637683867794873,0.00000000000000000,1.00000000000000000
0.11557072003672220,-0.07521994755837574,0.00000000000000000,1.00000000000000000
0.11482427383656768,-0.07407052831433754,0.00000000000000000,1.00000000000000000
0.11408928494285231,-0.07292846740533823,0.00000000000000000,1.00000000000000000
0.11336568033701688,-0.07179365198866396,0.00000000000000000,1.00000000000000000
0.11265338812548231,-0.07066596990923193,0.00000000000000000,1.00000000000000000
0.11195233753282441,-0.06954530968947609,0.00000000000000000,1.00000000000000000
0.11126245889504904,-0.06843156051926880,0.00000000000000000,1.00000000000000000
0.11058368365296811,-0.06732461224587913,0.00000000000000000,1.00000000000000000
0.10991594434567542,-0.06622435536396709,0.00000000000000000,1.00000000000000000
0.10925917460412338,-0.06513068100561409,0.00000000000000000,1.00000000000000000
0.10861330914479606,-0.06404348093038925,0.00000000000000000,1.00000000000000000
0.10797828376348839,-0.06296264751545154,0.00000000000000000,1.00000000000000000
0.10735403532917420,-0.06188807374568754,0.00000000000000000,1.00000000000000000
0.10674050177798255,-0.06081965320388458,0.00000000000000000,1.00000000000000000
0.10613762210726563,-0.05975728006093912,0.00000000000000000,1.00000000000000000
0.10554533636976604,-0.05870084906610007,0.00000000000000000,1.00000000000000000
0.10496358566788366,-0.05765025553724688,0.00000000000000000,1.00000000000000000
0.10439231214803524,-0.05660539535120204,0.00000000000000000,1.00000000000000000
0.10383145899511703,-0.05556616493407777,0.00000000000000000,1.00000000000000000
0.10328097042705631,-0.05453246125165666,0.00000000000000000,1.00000000000000000
0.10274079168946404,-0.05350418179980571,0.00000000000000000,1.00000000000000000
0.10221086905038268,-0.05248122459492381,0.00000000000000000,1.00000000000000000
0.10169114979512761,-0.05146348816442196,0.00000000000000000,1.00000000000000000
0.10118158222122364,-0.05045087153723612,0.00000000000000000,1.00000000000000000
0.10068211563343965,-0.04944327423437220,0.00000000000000000,1.00000000000000000
0.10019270033891159,-0.04844059625948288,0.00000000000000000,1.00000000000000000
0.09971328764236587,-0.04744273808947572,0.00000000000000000,1.00000000000000000
0.09924382984143287,-0.04644960066515244,0.00000000000000000,1.00000000000000000
0.09878428022205332,-0.04546108538187863,0.00000000000000000,1.00000000000000000
0.09833459305398096,-0.04447709408028368,0.00000000000000000,1.00000000000000000
0.09789472358637497,-0.04349752903699040,0.00000000000000000,1.00000000000000000
0.09746462804348788,-0.04252229295537396,0.00000000000000000,1.00000000000000000
0.09704426362044227,-0.04155128895634952,0.00000000000000000,1.00000000000000000
0.09663358847910208,-0.04058442056918835,0.00000000000000000,1.00000000000000000
0.09623256174403538,-0.03962159172236172,0.00000000000000000,1.00000000000000000
0.09584114349856732,-0.03866270673441219,0.00000000000000000,1.00000000000000000
0.09545929478092541,-0.03770767030485178,0.00000000000000000,1.00000000000000000
0.09508697758047457,-0.03675638750508659,0.00000000000000000,1.00000000000000000
0.09472415483404450,-0.03580876376936722,0.00000000000000000,1.00000000000000000
0.09437079042234542,-0.03486470488576456,0.00000000000000000,1.00000000000000000
0.09402684916647486,-0.03412422863066215,0.12019769846813184,3.00000000000000000
0.09368433218008221,-0.03437775267741117,0.11899800469029635,3.00000000000000000
0.09333932219139207,-0.03462285301449144,0.11781028774704459,3.00000000000000000
0.09299190272315050,-0.03485967217617306,0.11663442900072261,3.00000000000000000
0.09264215588279434,-0.03508835069424294,0.11547031094241920,3.00000000000000000
0.09229016238234866,-0.03530902712374316,0.11431781718278007,3.00000000000000000
0.09193600155806392,-0.03552183806839542,0.11317683244285301,3.00000000000000000
0.09157975138980667,-0.03572691820571516,0.11204724254497546,3.00000000000000000
0.09122148852019540,-0.03592440031181919,0.11092893440369327,3.00000000000000000
0.09086128827349249,-0.03611441528593026,0.10982179601671939,3.00000000000000000
0.09049922467425064,-0.03629709217458228,0.10872571645592792,3.00000000000000000
0.09013537046572173,-0.03647255819552969,0.10764058585838947,3.00000000000000000
0.08976979712802535,-0.03664093876136439,0.10656629541744216,3.00000000000000000
0.08940257489608383,-0.03680235750284377,0.10550273737380338,3.00000000000000000
0.08903377277732449,-0.03695693629193329,0.10444980500671998,3.00000000000000000
0.08866345856915414,-0.03710479526456679,0.10340739262516012,3.00000000000000000
0.08829169887620703,-0.03724605284312810,0.10237539555904553,3.00000000000000000
0.08791855912736857,-0.03738082575865711,0.10135371015052437,3.00000000000000000
0.08754410359257792,-0.03750922907278356,0.10034223374528539,3.00000000000000000
0.08716839539941645,-0.03763137619939180,0.09934086468391845,3.00000000000000000
0.08679149654947471,-0.03774737892601970,0.09834950229331166,3.00000000000000000
0.08641346793451188,-0.03785734743499487,0.09736804687809734,3.00000000000000000
0.08603436935240305,-0.03796139032431126,0.09639639971213963,3.00000000000000000
0.08565425952287864,-0.03805961462824922,0.09543446303006621,3.00000000000000000
0.08527319610306039,-0.03815212583774207,0.09448214001884643,3.00000000000000000
0.08489123570279267,-0.03823902792049228,0.09353933480941279,3.00000000000000000
0.08450843389977702,-0.03832042334083997,0.09260595246833117,3.00000000000000000
0.08412484525450559,-0.03839641307938697,0.09168189898951397,3.00000000000000000
0.08374052332500348,-0.03846709665237911,0.09076708128598387,3.00000000000000000
0.08335552068137453,-0.03853257213084973,0.08986140718168091,3.00000000000000000
0.08296988892015911,-0.03859293615952721,0.08896478540331948,3.00000000000000000
0.08258367867850414,-0.03864828397550932,0.08807712557229326,3.00000000000000000
0.08219693964814789,-0.03869870942670714,0.08719833819662924,3.00000000000000000
0.08180972058921787,-0.03874430499006129,0.08632833466298662,3.00000000000000000
0.08142206934385321,-0.03878516178953324,0.08546702722871055,3.00000000000000000
0.08103403284964283,-0.03882136961387427,0.08461432901392971,3.00000000000000000
0.08064565715289218,-0.03885301693417480,0.08377015399370893,3.00000000000000000
0.08025698742171139,-0.03888019092119671,0.08293441699024781,3.00000000000000000
0.07986806795893298,-0.03890297746249108,0.08210703366513117,3.00000000000000000
0.07947894221486029,-0.03892146117930417,0.08128792051163128,3.00000000000000000
0.07908965279984503,-0.03893572544327389,0.08047699484705784,3.00000000000000000
0.07870024149670218,-0.03894585239291948,0.07967417480516266,3.00000000000000000
0.07831074927295978,-0.03895192294992667,0.07887937932859400,3.00000000000000000
0.07792121629294479,-0.03895401683523085,0.07809252816140078,3.00000000000000000
0.07753168192971360,-0.03895221258490077,0.07731354184159261,3.00000000000000000
0.07714218477681989,-0.03894658756582486,0.07654234169374728,3.00000000000000000
0.07675276265993070,-0.03893721799120285,0.07577884982167402,3.00000000000000000
0.07636345264828437,-0.03892417893584472,0.07502298910112497,3.00000000000000000
0.07597429106600107,-0.03890754435127954,0.07427468317256367,3.00000000000000000
0.07558531350323960,-0.03888738708067625,0.07353385643398216,3.00000000000000000
0.07519655482720733,-0.03886377887357880,0.07280043403377208,3.00000000000000000
0.07480804919302386,-0.03883679040045773,0.07207434186364864,3.00000000000000000
0.07441983005443875,-0.03880649126708047,0.07135550655162565,3.00000000000000000
0.07403193017440879,-0.03877295002870252,0.07064385545504592,3.00000000000000000
0.07364438163553277,-0.03873623420408159,0.06993931665366278,3.00000000000000000
0.07325721585034550,-0.03869641028931688,0.06924181894277263,3.00000000000000000
0.07287046357147808,-0.03865354377151559,0.06855129182640450,3.00000000000000000
0.07248415490167881,-0.03860769914228868,0.06786766551055848,3.00000000000000000
0.07209831930370125,-0.03855893991107801,0.06719087089649822,3.00000000000000000
0.07171298561006179,-0.03850732861831672,0.06652083957409821,3.00000000000000000
0.07132818203266167,-0.03845292684842510,0.06585750381523887,3.00000000000000000
0.07094393617228567,-0.03839579524264362,0.06520079656726008,3.00000000000000000
0.07056027502796924,-0.03833599351170538,0.06455065144646313,3.00000000000000000
0.07017722500624002,-0.03827358044834962,0.06390700273166568,3.00000000000000000
0.06979481193023673,-0.03820861393967845,0.06326978535781071,3.00000000000000000
0.06941306104870515,-0.03814115097935844,0.06263893490962751,3.00000000000000000
0.06903199704487095,-0.03807124767966919,0.06201438761534318,3.00000000000000000
0.06865164404519408,-0.03799895928340049,0.06139608034044728,3.00000000000000000
0.06827202562800494,-0.03792434017560000,0.06078395058150850,3.00000000000000000
0.06789316483202379,-0.03784744389517328,0.06017793646004306,3.00000000000000000
0.06751508416476559,-0.03776832314633785,0.05957797671643542,3.00000000000000000
0.06713780561082849,-0.03768702980993308,0.05898401070390803,3.00000000000000000
0.06676135064007260,-0.03760361495458767,0.05839597838254489,3.00000000000000000
0.06638574021568733,-0.03751812884774646,0.05781382031336595,3.00000000000000000
0.06601099480214767,-0.03743062096655807,0.05723747765245087,3.00000000000000000
0.06563713437306351,-0.03734114000862539,0.05666689214511476,3.00000000000000000
0.06526417841892318,-0.03724973390262017,0.05610200612013557,3.00000000000000000
0.06489214595472825,-0.03715644981876375,0.05554276248402860,3.00000000000000000
0.06452105552752752,-0.03706133417917522,0.05498910471537433,3.00000000000000000
0.06415092522384613,-0.03696443266808878,0.05444097685919431,3.00000000000000000
0.06378177267701490,-0.03686579024194182,0.05389832352137830,3.00000000000000000
0.06341361507439736,-0.03676545113933535,0.05336108986315904,3.00000000000000000
0.06304646916451917,-0.03666345889086818,0.05282922159563737,3.00000000000000000
0.06268035126409943,-0.03655985632884660,0.05230266497435600,3.00000000000000000
0.06231527726498554,-0.03645468559687078,0.05178136679392216,3.00000000000000000
0.06195126264099304,-0.03634798815929962,0.05126527438267885,3.00000000000000000
0.06158832245465184,-0.03623980481059544,0.05075433559742468,3.00000000000000000
0.06122647136385684,-0.03613017568454992,0.05024849881817901,3.00000000000000000
0.06086572362843157,-0.03601914026339276,0.04974771294299946,3.00000000000000000
0.06050609311659638,-0.03590673738678452,0.04925192738284184,3.00000000000000000
0.06014759331135267,-0.03579300526069500,0.04876109205647251,3.00000000000000000
0.05979023731677158,-0.03567798146616852,0.04827515738542051,3.00000000000000000
0.05943403786420465,-0.03556170296797753,0.04779407428898511,3.00000000000000000
0.05907900731839977,-0.03544420612316590,0.04731779417928090,3.00000000000000000
0.05872515768353903,-0.03532552668948321,0.04684626895633584,3.00000000000000000
0.05837250060918775,-0.03520569983371130,0.04637945100322980,3.00000000000000000
0.05802104739616443,-0.03508476013988455,0.04591729318128218,3.00000000000000000
0.05767080900232679,-0.03496274161740497,0.04545974882528254,3.00000000000000000
0.05732179604827925,-0.03483967770905364,0.04500677173876780,3.00000000000000000
0.05697401882299769,-0.03471560129889945,0.04455831618934111,3.00000000000000000
0.05662748728937839,-0.03459054472010666,0.04411433690403750,3.00000000000000000
0.05628221108970788,-0.03446453976264237,0.04367478906473191,3.00000000000000000
0.05593819955105861,-0.03433761768088517,0.04323962830359313,3.00000000000000000
0.05559546169060470,-0.03420980920113610,0.04280881069857681,3.00000000000000000
0.05525400622086662,-0.03408114452903325,0.04238229276896485,3.00000000000000000
0.05491384155488266,-0.03395165335687098,0.04196003147094787,3.00000000000000000
0.05457497581130255,-0.03382136487082518,0.04154198419324497,3.00000000000000000
0.05423741681941729,-0.03369030775808541,0.04112810875277330,3.00000000000000000
0.05390117212411027,-0.03355851021389533,0.04071836339035160,3.00000000000000000
0.05356624899074314,-0.03342599994850240,0.04031270676644974,3.00000000000000000
0.05323265440997194,-0.03329280419401793,0.03991109795697864,3.00000000000000000
0.05290039510249400,-0.03315894971118872,0.03951349644911976,3.00000000000000000
0.05256947752372776,-0.03302446279608121,0.03911986213719518,3.00000000000000000
0.05223990786842680,-0.03288936928667930,0.03873015531857862,3.00000000000000000
0.05191169207522917,-0.03275369456939689,0.03834433668964663,3.00000000000000000
0.05158483583113815,-0.03261746358550616,0.03796236734176579,3.00000000000000000
0.05125934457594505,-0.03248070083748265,0.03758420875732457,3.00000000000000000
0.05093522350658342,-0.03234343039526809,0.03720982280579874,3.00000000000000000
0.05061247758142429,-0.03220567590245212,0.03683917173985834,3.00000000000000000
0.05029111152450927,-0.03206746058237377,0.03647221819151205,3.00000000000000000
0.04997112982972274,-0.03192880724414369,0.03610892516828919,3.00000000000000000
0.04965253676490500,-0.03178973828858824,0.03574925604946006,3.00000000000000000
0.04933533637590326,-0.03165027571411624,0.03539317458229030,3.00000000000000000
0.04901953249057023,-0.03151044112250936,0.03504064487833795,3.00000000000000000
0.04870512872269961,-0.03137025572463722,0.03469163140978181,3.00000000000000000
0.04839212847590657,-0.03122974034609793,0.03434609900578738,3.00000000000000000
0.04808053494745534,-0.03108891543278511,0.03400401284891228,3.00000000000000000
0.04777035113202466,-0.03094780105638234,0.03366533847154017,3.00000000000000000
0.04746157982542654,-0.03080641691978573,0.03333004175235815,3.00000000000000000
0.04715422362826471,-0.03066478236245574,0.03299808891286244,3.00000000000000000
0.04684828494954374,-0.03052291636569898,0.03266944651390277,3.00000000000000000
0.04654376601022348,-0.03038083755788083,0.03234408145225891,3.00000000000000000
0.04624066884672517,-0.03023856421956988,0.03202196095725474,3.00000000000000000
0.04593899531437984,-0.03009611428861483,0.03170305258739931,3.00000000000000000
0.04563874709083438,-0.02995350536515490,0.03138732422706979,3.00000000000000000
0.04533992567940226,-0.02981075471656436,0.03107474408322175,3.00000000000000000
0.04504253241236489,-0.02966787928233220,0.03076528068213207,3.00000000000000000
0.04474656845423031,-0.02952489567887753,0.03045890286618034,3.00000000000000000
0.04445203480493687,-0.02938182020430172,0.03015557979065528,3.00000000000000000
0.04415893230301338,-0.02923866884307787,0.02985528092059669,3.00000000000000000
0.04386726162869392,-0.02909545727067854,0.02955797602767051,3.00000000000000000
0.04357702330698299,-0.02895220085814237,0.02926363518707135,3.00000000000000000
0.04328821771067837,-0.02880891467658050,0.02897222877445935,3.00000000000000000
0.04300084506334789,-0.02866561350162338,0.02868372746292636,3.00000000000000000
0.04271490544226175,-0.02852231181780878,0.02839810221999241,3.00000000000000000
0.04243039878128307,-0.02837902382291182,0.02811532430463420,3.00000000000000000
0.04214732487371187,-0.02823576343221753,0.02783536526433992,3.00000000000000000
0.04186568337509122,-0.02809254428273688,0.02755819693219839,3.00000000000000000
0.04158547380596778,-0.02794937973736678,0.02728379142401369,3.00000000000000000
0.04130669555461264,-0.02780628288899496,0.02701212113545069,3.00000000000000000
0.04102934787970147,-0.02766326656455019,0.02674315873920925,3.00000000000000000
0.04075342991295328,-0.02752034332899870,0.02647687718222591,3.00000000000000000
0.04047894066173097,-0.02737752548928738,0.02621324968290534,3.00000000000000000
0.04020587901160200,-0.02723482509823445,0.02595224972837893,3.00000000000000000
0.03993424372885990,-0.02709225395836821,0.02569385107179066,3.00000000000000000
0.03966403346300940,-0.02694982362571467,0.02543802772961220,3.00000000000000000
0.03939524674921069,-0.02680754541353441,0.02518475397898172,3.00000000000000000
0.03912788201069040,-0.02666543039600968,0.02493400435507376,3.00000000000000000
0.03886193756111389,-0.02652348941188197,0.02468575364849340,3.00000000000000000
0.03859741160692121,-0.02638173306804102,0.02443997690269674,3.00000000000000000
0.03833430224962742,-0.02624017174306561,0.02419664941143752,3.00000000000000000
0.03807260748808927,-0.02609881559071689,0.02395574671624108,3.00000000000000000
0.03781232522073541,-0.02595767454338477,0.02371724460390219,3.00000000000000000
0.03755345324776327,-0.02581675831548806,0.02348111910400916,3.00000000000000000
0.03729598927330224,-0.02567607640682872,0.02324734648649311,3.00000000000000000
0.03703993090754265,-0.02553563810590107,0.02301590325920119,3.00000000000000000
0.03678527566883316,-0.02539545249315635,0.02278676616549575,3.00000000000000000
0.03653202098574360,-0.02525552844422322,0.02255991218187573,3.00000000000000000
0.03628016419910018,-0.02511587463308476,0.02233531851562654,3.00000000000000000
0.03602970256398308,-0.02497649953521260,0.02211296260248771,3.00000000000000000
0.03578063325169767,-0.02483741143065853,0.02189282210434907,3.00000000000000000
0.03553295335171347,-0.02469861840710432,0.02167487490696869,3.00000000000000000
0.03528665987357238,-0.02456012836287020,0.02145909911771356,3.00000000000000000
0.03504174974876717,-0.02442194900988246,0.02124547306332343,3.00000000000000000
0.03479821983259201,-0.02428408787660077,0.02103397528769882,3.00000000000000000
0.03455606690596014,-0.02414655231090572,0.02082458454970776,3.00000000000000000
0.03431528767719882,-0.02400934948294703,0.02061727982102077,3.00000000000000000
0.03407587878380980,-0.02387248638795298,0.02041204028396161,3.00000000000000000
0.03383783679420560,-0.02373596984900151,0.02020884532938372,3.00000000000000000
0.03360115820941756,-0.02359980651975351,0.02000767455456733,3.00000000000000000
0.03336583946477578,-0.02346400288714873,0.01980850776113720,3.00000000000000000
0.03313187693156427,-0.02332856527406486,0.01961132495300337,3.00000000000000000
0.03289926691864675,-0.02319349984194016,0.01941610633431998,3.00000000000000000
0.03266800567406980,-0.02305881259336016,0.01922283230746822,3.00000000000000000
0.03243808938663717,-0.02292450937460887,0.01903148347105661,3.00000000000000000
0.03220951418746099,-0.02279059587818495,0.01884204061794394,3.00000000000000000
0.03198227615148674,-0.02265707764528324,0.01865448473328098,3.00000000000000000
0.03175637129899478,-0.02252396006824218,0.01846879699257329,3.00000000000000000
0.03153179559707553,-0.02239124839295752,0.01828495875976183,3.00000000000000000
0.03130854496108393,-0.02225894772126268,0.01810295158532618,3.00000000000000000
0.03108661525606582,-0.02212706301327624,0.01792275720440269,3.00000000000000000
0.03086600229816527,-0.02199559908971706,0.01774435753492602,3.00000000000000000
0.03064670185600704,-0.02186456063418727,0.01756773467578771,3.00000000000000000
0.03042870965205502,-0.02173395219542362,0.01739287090501206,3.00000000000000000
0.03021202136395251,-0.02160377818951772,0.01721974867795492,3.00000000000000000
0.02999663262583363,-0.02147404290210532,0.01704835062551375,3.00000000000000000
0.02978253902962225,-0.02134475049052519,0.01687865955236532,3.00000000000000000
0.02956973612629854,-0.02121590498594805,0.01671065843521033,3.00000000000000000
0.02935821942715533,-0.02108751029547565,0.01654433042104676,3.00000000000000000
0.02914798440502464,-0.02095957020421076,0.01637965882545197,3.00000000000000000
0.02893902649549007,-0.02083208837729811,0.01621662713088844,3.00000000000000000
0.02873134109807429,-0.02070506836193690,0.01605521898502230,3.00000000000000000
0.02852492357741010,-0.02057851358936502,0.01589541819906239,3.00000000000000000
0.02831976926438884,-0.02045242737681558,0.01573720874611332,3.00000000000000000
0.02811587345729238,-0.02032681292944589,0.01558057475954825,3.00000000000000000
0.02791323142290247,-0.02020167334223943,0.01542550053139469,3.00000000000000000
0.02771183839759495,-0.02007701160188097,0.01527197051074047,3.00000000000000000
0.02751168958841221,-0.01995283058860533,0.01511996930215290,3.00000000000000000
0.02731278017411842,-0.01982913307802011,0.01496948166411482,3.00000000000000000
0.02711510530623862,-0.01970592174290261,0.01482049250747882,3.00000000000000000
0.02691866011007527,-0.01958319915497141,0.01467298689393228,3.00000000000000000
0.02672343968571278,-0.01946096778663282,0.01452695003448360,3.00000000000000000
0.02652943910900118,-0.01933923001270265,0.01438236728796027,3.00000000000000000
0.02633665343252156,-0.01921798811210349,0.01423922415952117,3.00000000000000000
0.02614507768653951,-0.01909724426953789,0.01409750629918863,3.00000000000000000
0.02595470687993817,-0.01897700057713777,0.01395719950039184,3.00000000000000000
0.02576553600113396,-0.01885725903609026,0.01381828969852386,3.00000000000000000
0.02557756001898071,-0.01873802155824047,0.01368076296951805,3.00000000000000000
0.02539077388365385,-0.01861928996767123,0.01354460552843477,3.00000000000000000
0.02520517252751997,-0.01850106600226032,0.01340980372806349,3.00000000000000000
0.02502075086599076,-0.01838335131521543,0.01327634405753903,3.00000000000000000
0.02483750379836458,-0.01826614747658700,0.01314421314097454,3.00000000000000000
0.02465542620864758,-0.01814945597475943,0.01301339773610306,3.00000000000000000
0.02447451296636416,-0.01803327821792085,0.01288388473293694,3.00000000000000000
0.02429475892735233,-0.01791761553551161,0.01275566115244033,3.00000000000000000
0.02411615893454400,-0.01780246917965203,0.01262871414521448,3.00000000000000000
0.02393870781872920,-0.01768784032654949,0.01250303099019446,3.00000000000000000
0.02376240039931110,-0.01757373007788508,0.01237859909336381,3.00000000000000000
0.02358723148504183,-0.01746013946218032,0.01225540598647687,3.00000000000000000
0.02341319587474899,-0.01734706943614396,0.01213343932579825,3.00000000000000000
0.02324028835804626,-0.01723452088599923,0.01201268689085254,3.00000000000000000
0.02306850371603320,-0.01712249462879183,0.01189313658318912,3.00000000000000000
0.02289783672197832,-0.01701099141367884,0.01177477642515566,3.00000000000000000
0.02272828214199274,-0.01690001192319882,0.01165759455868745,3.00000000000000000
0.02255983473569012,-0.01678955677452340,0.01154157924410784,3.00000000000000000
0.02239248925683501,-0.01667962652069048,0.01142671885894178,3.00000000000000000
0.02222624045397614,-0.01657022165181946,0.01131300189673839,3.00000000000000000
0.02206108307107035,-0.01646134259630856,0.01120041696590830,3.00000000000000000
0.02189701184809589,-0.01635298972201456,0.01108895278857385,3.00000000000000000
0.02173402152164838,-0.01624516333741521,0.01097859819942550,3.00000000000000000
0.02157210682553146,-0.01613786369275443,0.01086934214459581,3.00000000000000000
0.02141126249133407,-0.01603109098117067,0.01076117368054302,3.00000000000000000
0.02125148324899229,-0.01592484533980857,0.01065408197294150,3.00000000000000000
0.02109276382734748,-0.01581912685091407,0.01054805629559090,3.00000000000000000
0.02093509895468948,-0.01571393554291343,0.01044308602933213,3.00000000000000000
0.02077848335928634,-0.01560927139147600,0.01033916066097165,3.00000000000000000
0.02062291176991060,-0.01550513432056140,0.01023626978222369,3.00000000000000000
0.02046837891634867,-0.01540152420345089,0.01013440308865658,3.00000000000000000
0.02031487952990307,-0.01529844086376344,0.01003355037865297,3.00000000000000000
0.02016240834388539,-0.01519588407645658,0.00993370155238121,3.00000000000000000
0.02001096009409542,-0.01509385356881225,0.00983484661077337,3.00000000000000000
0.01986052951929551,-0.01499234902140780,0.00973697565451842,3.00000000000000000
0.01971111136167103,-0.01489137006907247,0.00964007888306149,3.00000000000000000
0.01956270036728469,-0.01479091630182940,0.00954414659361648,3.00000000000000000
0.01941529128651842,-0.01469098726582343,0.00944916918018557,3.00000000000000000
0.01926887887450812,-0.01459158246423490,0.00935513713259073,3.00000000000000000
0.01912345789157044,-0.01449270135817960,0.00926204103551605,3.00000000000000000
0.01897902310361532,-0.01439434336759502,0.00916987156755449,3.00000000000000000
0.01883556928255681,-0.01429650787211320,0.00907861950027127,3.00000000000000000
0.01869309120671092,-0.01419919421192023,0.00898827569727243,3.00000000000000000
0.01855158366118514,-0.01410240168860269,0.00889883111328294,3.00000000000000000
0.01841104143825989,-0.01400612956598106,0.00881027679323453,3.00000000000000000
0.01827145933776331,-0.01391037707093048,0.00872260387136420,3.00000000000000000
0.01813283216743677,-0.01381514339418884,0.00863580357032082,3.00000000000000000
0.01799515474329105,-0.01372042769115247,0.00854986720027928,3.00000000000000000
0.01785842188995579,-0.01362622908265955,0.00846478615806485,3.00000000000000000
0.01772262844102324,-0.01353254665576148,0.00838055192628841,3.00000000000000000
0.01758776923937955,-0.01343937946448229,0.00829715607248552,3.00000000000000000
0.01745383913753340,-0.01334672653056624,0.00821459024826914,3.00000000000000000
0.01732083299793441,-0.01325458684421391,0.00813284618848800,3.00000000000000000
0.01718874569328399,-0.01316295936480675,0.00805191571039324,3.00000000000000000
0.01705757210684222,-0.01307184302162037,0.00797179071281663,3.00000000000000000
0.01692730713272317,-0.01298123671452671,0.00789246317535262,3.00000000000000000
0.01679794567618664,-0.01289113931468513,0.00781392515755195,3.00000000000000000
0.01666948265392065,-0.01280154966522280,0.00773616879812105,3.00000000000000000
0.01654191299432073,-0.01271246658190425,0.00765918631413299,3.00000000000000000
0.01641523163775771,-0.01262388885379046,0.00758297000024157,3.00000000000000000
0.01628943353684376,-0.01253581524388749,0.00750751222790802,3.00000000000000000
0.01616451365668725,-0.01244824448978490,0.00743280544463090,3.00000000000000000
0.01604046697514594,-0.01236117530428403,0.00735884217318816,3.00000000000000000
0.01591728848307072,-0.01227460637601622,0.00728561501088385,3.00000000000000000
0.01579497318454459,-0.01218853637005131,0.00721311662880361,3.00000000000000000
0.01567351609711531,-0.01210296392849629,0.00714133977107748,3.00000000000000000
0.01555291225202149,-0.01201788767108449,0.00707027725414938,3.00000000000000000
0.01543315669441414,-0.01193330619575524,0.00699992196605532,3.00000000000000000
0.01531424448357122,-0.01184921807922421,0.00693026686570757,3.00000000000000000
0.01519617069310764,-0.01176562187754461,0.00686130498218719,3.00000000000000000
0.01507893041117914,-0.01168251612665931,0.00679302941404304,3.00000000000000000
0.01496251874067855,-0.01159989934294394,0.00672543332859572,3.00000000000000000
0.01484693079943300,-0.01151777002374129,0.00665850996125485,3.00000000000000000
0.01473216172038772,-0.01143612664788693,0.00659225261483513,3.00000000000000000
0.01461820665178992,-0.01135496767622630,0.00652665465888450,3.00000000000000000
0.01450506075736646,-0.01127429155212331,0.00646170952901792,3.00000000000000000
0.01439271921649610,-0.01119409670196061,0.00639741072625767,3.00000000000000000
0.01428117722437650,-0.01111438153563165,0.00633375181637975,3.00000000000000000
0.01417042999218676,-0.01103514444702461,0.00627072642926739,3.00000000000000000
0.01406047274724509,-0.01095638381449835,0.00620832825827093,3.00000000000000000
0.01395130073316153,-0.01087809800135046,0.00614655105957395,3.00000000000000000
0.01384290920998721,-0.01080028535627752,0.00608538865156687,3.00000000000000000
0.01373529345435642,-0.01072294421382773,0.00602483491422426,3.00000000000000000
0.01362844875962832,-0.01064607289484595,0.00596488378849251,3.00000000000000000
0.01352237043601923,-0.01056966970691126,0.00590552927567862,3.00000000000000000
0.01341705381073410,-0.01049373294476727,0.00584676543684872,3.00000000000000000
0.01331249422809355,-0.01041826089074504,0.00578858639223227,3.00000000000000000
0.01320868704965461,-0.01034325181517895,0.00573098632063039,3.00000000000000000
0.01310562765432932,-0.01026870397681550,0.00567395945883190,3.00000000000000000
0.01300331143849931,-0.01019461562321517,0.00561750010103529,3.00000000000000000
0.01290173381612369,-0.01012098499114740,0.00556160259827391,3.00000000000000000
0.01280089021884701,-0.01004781030697882,0.00550626135785067,3.00000000000000000
0.01270077609610043,-0.00997508978705491,0.00545147084277573,3.00000000000000000
0.01260138691520041,-0.00990282163807493,0.00539722557121092,3.00000000000000000
0.01250271816144188,-0.00983100405746055,0.00534352011591803,3.00000000000000000
0.01240476533819246,-0.00975963523371801,0.00529034910371728,3.00000000000000000
0.01230752396697588,-0.00968871334679395,0.00523770721494410,3.00000000000000000
0.01221098958755906,-0.00961823656842519,0.00518558918291842,3.00000000000000000
0.01211515775803029,-0.00954820306248221,0.00513398979341385,3.00000000000000000
0.01202002405487823,-0.00947861098530677,0.00508290388413657,3.00000000000000000
0.01192558407306255,-0.00940945848604349,0.00503232634420420,3.00000000000000000
0.01183183342608807,-0.00934074370696563,0.00498225211363684,3.00000000000000000
0.01173876774606875,-0.00927246478379503,0.00493267618284617,3.00000000000000000
0.01164638268379248,-0.00920461984601649,0.00488359359213373,3.00000000000000000
0.01155467390878329,-0.00913720701718637,0.00483499943119469,3.00000000000000000
0.01146363710935772,-0.00907022441523585,0.00478688883862388,3.00000000000000000
0.01137326799267901,-0.00900367015276857,0.00473925700142750,3.00000000000000000
0.01128356228481087,-0.00893754233735307,0.00469209915454227,3.00000000000000000
0.01119451573076446,-0.00887183907180976,0.00464541058035565,3.00000000000000000
0.01110612409454603,-0.00880655845449286,0.00459918660823404,3.00000000000000000
0.01101838315919901,-0.00874169857956705,0.00455342261405331,3.00000000000000000
0.01093128872684490,-0.00867725753727914,0.00450811401973534,3.00000000000000000
0.01084483661872149,-0.00861323341422473,0.00446325629278925,3.00000000000000000
0.01075902267521789,-0.00854962429360992,0.00441884494585673,3.00000000000000000
0.01067384275590699,-0.00848642825550824,0.00437487553626193,3.00000000000000000
0.01058929273957476,-0.00842364337711274,0.00433134366556516,3.00000000000000000
0.01050536852424955,-0.00836126773298339,0.00428824497912367,3.00000000000000000
0.01042206602722606,-0.00829929939528988,0.00424557516565386,3.00000000000000000
0.01033938118508848,-0.00823773643404976,0.00420332995679945,3.00000000000000000
0.01025730995372953,-0.00817657691736220,0.00416150512670228,3.00000000000000000
0.01017584830837093,-0.00811581891163720,0.00412009649158108,3.00000000000000000
0.01009499224357668,-0.00805546048182050,0.00407909990930956,3.00000000000000000
0.01001473777326867,-0.00799549969161413,0.00403851127900330,3.00000000000000000
0.00993508093073681,-0.00793593460369277,0.00399832654060744,3.00000000000000000
0.00985601776864753,-0.00787676327991589,0.00395854167448901,3.00000000000000000
0.00977754435905354,-0.00781798378153576,0.00391915270103670,3.00000000000000000
0.00969965679339602,-0.00775959416940145,0.00388015568025913,3.00000000000000000
0.00962235118250909,-0.00770159250415880,0.00384154671139143,3.00000000000000000
0.00954562365662115,-0.00764397684644641,0.00380332193250454,3.00000000000000000
0.00946947036535262,-0.00758674525708784,0.00376547752011693,3.00000000000000000
0.00939388747771419,-0.00752989579727991,0.00372800968881237,3.00000000000000000
0.00931887118210284,-0.00747342652877729,0.00369091469086133,3.00000000000000000
0.00924441768629292,-0.00741733551407330,0.00365418881584301,3.00000000000000000
0.00917052321743084,-0.00736162081657716,0.00361782839027651,3.00000000000000000
0.00909718402202264,-0.00730628050078757,0.00358182977725035,3.00000000000000000
0.00902439636592378,-0.00725131263246275,0.00354618937605960,3.00000000000000000
0.00895215653432491,-0.00719671527878701,0.00351090362184433,3.00000000000000000
0.00888046083173721,-0.00714248650853389,0.00347596898523291,3.00000000000000000
0.00880930558197512,-0.00708862439222584,0.00344138197198776,3.00000000000000000
0.00873868712813852,-0.00703512700229070,0.00340713912265584,3.00000000000000000
0.00866860183259366,-0.00698199241321473,0.00337323701222279,3.00000000000000000
0.00859904607694961,-0.00692921870169255,0.00333967224976759,3.00000000000000000
0.00853001626203831,-0.00687680394677379,0.00330644147812583,3.00000000000000000
0.00846150880788787,-0.00682474623000666,0.00327354137355092,3.00000000000000000
0.00839352015369776,-0.00677304363557841,0.00324096864538206,3.00000000000000000
0.00832604675781257,-0.00672169425045275,0.00320872003571552,3.00000000000000000
0.00825908509769224,-0.00667069616450427,0.00317679231907697,3.00000000000000000
0.00819263166988327,-0.00662004747064993,0.00314518230209935,3.00000000000000000
0.00812668298998620,-0.00656974626497760,0.00311388682320168,3.00000000000000000
0.00806123559262595,-0.00651979064687181,0.00308290275227503,3.00000000000000000
0.00799628603141533,-0.00647017871913661,0.00305222699036617,3.00000000000000000
0.00793183087892180,-0.00642090858811569,0.00302185646936874,3.00000000000000000
0.00786786672663187,-0.00637197836380981,0.00299178815171644,3.00000000000000000
0.00780439018491164,-0.00632338615999147,0.00296201903007648,3.00000000000000000
0.00774139788297257,-0.00627513009431699,0.00293254612705248,3.00000000000000000
0.00767888646882708,-0.00622720828843596,0.00290336649488134,3.00000000000000000
0.00761685260925304,-0.00617961886809815,0.00287447721514299,3.00000000000000000
0.00755529298974800,-0.00613235996325785,0.00284587539846395,3.00000000000000000
0.00749420431449010,-0.00608542970817580,0.00281755818423148,3.00000000000000000
0.00743358330629107,-0.00603882624151862,0.00278952274030368,3.00000000000000000
0.00737342670655572,-0.00599254770645583,0.00276176626273000,3.00000000000000000
0.00731373127523227,-0.00594659225075456,0.00273428597546634,3.00000000000000000
0.00725449379076881,-0.00590095802687187,0.00270707913009994,3.00000000000000000
0.00719571105006578,-0.00585564319204479,0.00268014300557414,3.00000000000000000
0.00713737986842577,-0.00581064590837815,0.00265347490791393,3.00000000000000000
0.00707949707950561,-0.00576596434293013,0.00262707216995746,3.00000000000000000
0.00702205953526747,-0.00572159666779565,0.00260093215109008,3.00000000000000000
0.00696506410592601,-0.00567754106018760,0.00257505223697794,3.00000000000000000
0.00690850767989870,-0.00563379570251600,0.00254942983930810,3.00000000000000000
0.00685238716375158,-0.00559035878246498,0.00252406239552761,3.00000000000000000
0.00679669948214867,-0.00554722849306786,0.00249894736858946,3.00000000000000000
0.00674144157779510,-0.00550440303278004,0.00247408224669567,3.00000000000000000
0.00668661041138430,-0.00546188060555006,0.00244946454304755,3.00000000000000000
0.00663220296154376,-0.00541965942088863,0.00242509179559789,3.00000000000000000
0.00657821622477561,-0.00537773769393576,0.00240096156680096,3.00000000000000000
0.00652464721540458,-0.00533611364552599,0.00237707144337319,3.00000000000000000
0.00647149296551630,-0.00529478550225181,0.00235341903604716,3.00000000000000000
0.00641875052490271,-0.00525375149652518,0.00233000197933568,3.00000000000000000
0.00636641696100160,-0.00521300986663736,0.00230681793129320,3.00000000000000000
0.00631448935883805,-0.00517255885681683,0.00228386457328179,3.00000000000000000
0.00626296482096578,-0.00513239671728564,0.00226113960974018,3.00000000000000000
0.00621184046740542,-0.00509252170431390,0.00223864076795244,3.00000000000000000
0.00616111343558501,-0.00505293208027270,0.00221636579782178,3.00000000000000000
0.00611078088027694,-0.00501362611368533,0.00219431247164354,3.00000000000000000
0.00606083997353890,-0.00497460207927687,0.00217247858388499,3.00000000000000000
0.00601128790464944,-0.00493585825802221,0.00215086195096243,3.00000000000000000
0.00596212188004541,-0.00489739293719250,0.00212946041102279,3.00000000000000000
0.00591333912326064,-0.00485920441040003,0.00210827182372917,3.00000000000000000
0.00586493687485934,-0.00482129097764160,0.00208729407004371,3.00000000000000000
0.00581691239237436,-0.00478365094534043,0.00206652505201778,3.00000000000000000
0.00576926295024283,-0.00474628262638658,0.00204596269258217,3.00000000000000000
0.00572198583973949,-0.00470918434017592,0.00202560493533748,3.00000000000000000
0.00567507836891235,-0.00467235441264770,0.00200544974434916,3.00000000000000000
0.00562853786251782,-0.00463579117632073,0.00198549510394458,3.00000000000000000
0.00558236166195325,-0.00459949297032817,0.00196573901850980,3.00000000000000000
0.00553654712519247,-0.00456345814045102,0.00194617951229178,3.00000000000000000
0.00549109162671746,-0.00452768503915023,0.00192681462919894,3.00000000000000000
0.00544599255745215,-0.00449217202559758,0.00190764243260622,3.00000000000000000
0.00540124732469538,-0.00445691746570521,0.00188866100516148,3.00000000000000000
0.00535685335205205,-0.00442191973215397,0.00186986844859236,3.00000000000000000
0.00531280807936785,-0.00438717720442046,0.00185126288351890,3.00000000000000000
0.00526910896265864,-0.00435268826880296,0.00183284244926296,3.00000000000000000
0.00522575347404297,-0.00431845131844610,0.00181460530366287,3.00000000000000000
0.00518273910167411,-0.00428446475336435,0.00179654962288977,3.00000000000000000
0.00514006334967032,-0.00425072698046442,0.00177867360126421,3.00000000000000000
0.00509772373804651,-0.00421723641356654,0.00176097545107612,3.00000000000000000
0.00505571780264491,-0.00418399147342454,0.00174345340240589,3.00000000000000000
0.00501404309506537,-0.00415099058774495,0.00172610570294703,3.00000000000000000
0.00497269718259519,-0.00411823219120501,0.00170893061783025,3.00000000000000000
0.00493167764814029,-0.00408571472546956,0.00169192642945089,3.00000000000000000
0.00489098209015593,-0.00405343663920703,0.00167509143729776,3.00000000000000000
0.00485060812257432,-0.00402139638810429,0.00165842395778067,3.00000000000000000
0.00481055337473624,-0.00398959243488061,0.00164192232406392,3.00000000000000000
0.00477081549131997,-0.00395802324930057,0.00162558488589884,3.00000000000000000
0.00473139213227070,-0.00392668730818613,0.00160941000945862,3.00000000000000000
0.00469228097273033,-0.00389558309542758,0.00159339607717528,3.00000000000000000
0.00465347970296648,-0.00386470910199380,0.00157754148757755,3.00000000000000000
0.00461498602830135,-0.00383406382594138,0.00156184465513045,3.00000000000000000
0.00457679766904118,-0.00380364577242308,0.00154630401007691,3.00000000000000000
0.00453891236040516,-0.00377345345369524,0.00153091799828077,3.00000000000000000
0.00450132785245527,-0.00374348538912445,0.00151568508107213,3.00000000000000000
0.00446404191002259,-0.00371374010519336,0.00150060373509087,3.00000000000000000
0.00442705231263929,-0.00368421613550560,0.00148567245213749,3.00000000000000000
0.00439035685446454,-0.00365491202079004,0.00147088973901929,3.00000000000000000
0.00435395334421607,-0.00362582630890411,0.00145625411740390,3.00000000000000000
0.00431783960509602,-0.00359695755483645,0.00144176412366849,3.00000000000000000
0.00428201347472124,-0.00356830432070876,0.00142741830875501,3.00000000000000000
0.00424647280505308,-0.00353986517577690,0.00141321523802635,3.00000000000000000
0.00421121546232239,-0.00351163869643130,0.00139915349111914,3.00000000000000000
0.00417623932696243,-0.00348362346619662,0.00138523166180597,3.00000000000000000
0.00414154229353469,-0.00345581807573072,0.00137144835785186,3.00000000000000000
0.00410712227065835,-0.00342822112282294,0.00135780220087573,3.00000000000000000
0.00407297718093869,-0.00340083121239173,0.00134429182621234,3.00000000000000000
0.00403910496089743,-0.00337364695648160,0.00133091588277728,3.00000000000000000
0.00400550356089857,-0.00334666697425942,0.00131767303292894,3.00000000000000000
0.00397217094508084,-0.00331988989201012,0.00130456195233842,3.00000000000000000
0.00393910509128270,-0.00329331434313171,0.00129158132985311,3.00000000000000000
0.00390630399097391,-0.00326693896812979,0.00127872986736832,3.00000000000000000
0.00387376564918362,-0.00324076241461136,0.00126600627969645,3.00000000000000000
0.00384148808442974,-0.00321478333727810,0.00125340929443891,3.00000000000000000
0.00380946932864701,-0.00318900039791912,0.00124093765185771,3.00000000000000000
0.00377770742711725,-0.00316341226540306,0.00122859010475065,3.00000000000000000
0.00374620043839835,-0.00313801761566974,0.00121636541832621,3.00000000000000000
0.00371494643425319,-0.00311281513172118,0.00120426237007968,3.00000000000000000
0.00368394349957946,-0.00308780350361220,0.00119227974967128,3.00000000000000000
0.00365318973233952,-0.00306298142844044,0.00118041635880543,3.00000000000000000
0.00362268324348891,-0.00303834761033587,0.00116867101110971,3.00000000000000000
0.00359242215690747,-0.00301390076044987,0.00115704253201771,3.00000000000000000
0.00356240460932744,-0.00298963959694382,0.00114552975864970,3.00000000000000000
0.00353262875026550,-0.00296556284497714,0.00113413153969843,3.00000000000000000
0.00350309274195082,-0.00294166923669500,0.00112284673531197,3.00000000000000000
0.00347379475925758,-0.00291795751121545,0.00111167421698194,3.00000000000000000
0.00344473298963210,-0.00289442641461627,0.00110061286742755,3.00000000000000000
0.00341590563302718,-0.00287107469992121,0.00108966158048757,3.00000000000000000
0.00338731090182964,-0.00284790112708599,0.00107881926100672,3.00000000000000000
0.00335894702079198,-0.00282490446298376,0.00106808482472704,3.00000000000000000
0.00333081222696352,-0.00280208348139021,0.00105745719817963,3.00000000000000000
0.00330290476962203,-0.00277943696296833,0.00104693531857790,3.00000000000000000
0.00327522291020355,-0.00275696369525273,0.00103651813370987,3.00000000000000000
0.00324776492223533,-0.00273466247263361,0.00102620460183452,3.00000000000000000
0.00322052909126525,-0.00271253209634038,0.00101599369157547,3.00000000000000000
0.00319351371479559,-0.00269057137442492,0.00100588438181994,3.00000000000000000
0.00316671710221428,-0.00266877912174450,0.00099587566161595,3.00000000000000000
0.00314013757472642,-0.00264715415994436,0.00098596653007078,3.00000000000000000
0.00311377346528641,-0.00262569531743995,0.00097615599625068,3.00000000000000000
0.00308762311853128,-0.00260440142939886,0.00096644307908281,3.00000000000000000
0.00306168489071235,-0.00258327133772249,0.00095682680725611,3.00000000000000000
0.00303595714962857,-0.00256230389102731,0.00094730621912483,3.00000000000000000
0.00301043827455949,-0.00254149794462593,0.00093788036261230,3.00000000000000000
0.00298512665619732,-0.00252085236050781,0.00092854829511466,3.00000000000000000
0.00296002069658119,-0.00250036600731973,0.00091930908340755,3.00000000000000000
0.00293511880903186,-0.00248003776034600,0.00091016180355390,3.00000000000000000
0.00291041941808245,-0.00245986650148832,0.00090110554080858,3.00000000000000000
0.00288592095941498,-0.00243985111924552,0.00089213938952948,3.00000000000000000
0.00286162187979366,-0.00241999050869293,0.00088326245308615,3.00000000000000000
0.00283752063699882,-0.00240028357146155,0.00087447384376965,3.00000000000000000
0.00281361569976157,-0.00238072921571699,0.00086577268270391,3.00000000000000000
0.00278990554769898,-0.00236132635613817,0.00085715809975827,3.00000000000000000
0.00276638867124923,-0.00234207391389584,0.00084862923346062,3.00000000000000000
0.00274306357160636,-0.00232297081663078,0.00084018523091077,3.00000000000000000
0.00271992876065497,-0.00230401599843188,0.00083182524769447,3.00000000000000000
0.00269698276090757,-0.00228520839981403,0.00082354844780070,3.00000000000000000
0.00267422410543894,-0.00226654696769570,0.00081535400353650,3.00000000000000000
0.00265165133782252,-0.00224803065537645,0.00080724109544460,3.00000000000000000
0.00262926301206834,-0.00222965842251422,0.00079920891222300,3.00000000000000000
0.00260705769255587,-0.00221142923510236,0.00079125665064021,3.00000000000000000
0.00258503395397547,-0.00219334206544662,0.00078338351545957,3.00000000000000000
0.00256319038126085,-0.00217539589214187,0.00077558871935524,3.00000000000000000
0.00254152556953002,-0.00215758970004869,0.00076787148283712,3.00000000000000000
0.00252003812402046,-0.00213992248026983,0.00076023103417061,3.00000000000000000
0.00249872666002782,-0.00212239323012646,0.00075266660930050,3.00000000000000000
0.00247758980284285,-0.00210500095313434,0.00074517745177349,3.00000000000000000
0.00245662618769060,-0.00208774465897980,0.00073776281266356,3.00000000000000000
0.00243583445966911,-0.00207062336349560,0.00073042195049738,3.00000000000000000
0.00241521327368721,-0.00205363608863667,0.00072315413117929,3.00000000000000000
0.00239476129440241,-0.00203678186245570,0.00071595862791685,3.00000000000000000
0.00237447719616357,-0.00202005971907863,0.00070883472115171,3.00000000000000000
0.00235435966294606,-0.00200346869868006,0.00070178169848340,3.00000000000000000
0.00233440738829449,-0.00198700784745842,0.00069479885460119,3.00000000000000000
0.00231461907526054,-0.00197067621761120,0.00068788549121147,3.00000000000000000
0.00229499343634521,-0.00195447286730996,0.00068104091697008,3.00000000000000000
0.00227552919343710,-0.00193839686067532,0.00067426444741102,3.00000000000000000
0.00225622507775425,-0.00192244726775174,0.00066755540487921,3.00000000000000000
0.00223707982978505,-0.00190662316448239,0.00066091311846278,3.00000000000000000
0.00221809219922831,-0.00189092363268375,0.00065433692392483,3.00000000000000000
0.00219926094493594,-0.00187534776002029,0.00064782616363840,3.00000000000000000
0.00218058483485395,-0.00185989463997892,0.00064138018651992,3.00000000000000000
0.00216206264596464,-0.00184456337184353,0.00063499834796450,3.00000000000000000
0.00214369316422891,-0.00182935306066929,0.00062868000978157,3.00000000000000000
0.00212547518452721,-0.00181426281725708,0.00062242454012956,3.00000000000000000
0.00210740751060445,-0.00179929175812765,0.00061623131345499,3.00000000000000000
0.00208948895501138,-0.00178443900549589,0.00061009971042839,3.00000000000000000
0.00207171833904818,-0.00176970368724498,0.00060402911788269,3.00000000000000000
0.00205409449270810,-0.00175508493690048,0.00059801892875215,3.00000000000000000
0.00203661625462148,-0.00174058189360437,0.00059206854201193,3.00000000000000000
0.00201928247199845,-0.00172619370208912,0.00058617736261675,3.00000000000000000
0.00200209200057433,-0.00171191951265164,0.00058034480144252,3.00000000000000000
0.00198504370455366,-0.00169775848112720,0.00057457027522702,3.00000000000000000
0.00196813645655558,-0.00168370976886336,0.00056885320651216,3.00000000000000000
0.00195136913755789,-0.00166977254269387,0.00056319302358528,3.00000000000000000
0.00193474063684196,-0.00165594597491251,0.00055758916042165,3.00000000000000000
0.00191824985194078,-0.00164222924324688,0.00055204105663038,3.00000000000000000
0.00190189568858123,-0.00162862153083231,0.00054654815739482,3.00000000000000000
0.00188567706063303,-0.00161512202618553,0.00054110991341999,3.00000000000000000
0.00186959289005362,-0.00160172992317857,0.00053572578087625,3.00000000000000000
0.00185364210683447,-0.00158844442101245,0.00053039522134460,3.00000000000000000
0.00183782364895002,-0.00157526472419098,0.00052511770176492,3.00000000000000000
0.00182213646230212,-0.00156219004249450,0.00051989269438006,3.00000000000000000
0.00180657950066809,-0.00154921959095364,0.00051471967668371,3.00000000000000000
0.00179115172564970,-0.00153635258982309,0.00050959813136950,3.00000000000000000
0.00177585210661979,-0.00152358826455532,0.00050452754627803,3.00000000000000000
0.00176067962067172,-0.00151092584577436,0.00049950741434690,3.00000000000000000
0.00174563325256516,-0.00149836456924960,0.00049453723355740,3.00000000000000000
0.00173071199467767,-0.00148590367586951,0.00048961650688725,3.00000000000000000
0.00171591484695188,-0.00147354241161547,0.00048474474225907,3.00000000000000000
0.00170124081684619,-0.00146128002753556,0.00047992145249268,3.00000000000000000
0.00168668891928192,-0.00144911577971841,0.00047514615525410,3.00000000000000000
0.00167225817659533,-0.00143704892926701,0.00047041837300959,3.00000000000000000
0.00165794761848614,-0.00142507874227258,0.00046573763297643,3.00000000000000000
0.00164375628196956,-0.00141320448978846,0.00046110346707739,3.00000000000000000
0.00162968321132340,-0.00140142544780406,0.00045651541189061,3.00000000000000000
0.00161572745804328,-0.00138974089721872,0.00045197300860761,3.00000000000000000
0.00160188808078976,-0.00137815012381577,0.00044747580298350,3.00000000000000000
0.00158816414534213,-0.00136665241823647,0.00044302334529414,3.00000000000000000
0.00157455472454870,-0.00135524707595408,0.00043861519028983,3.00000000000000000
0.00156105889827929,-0.00134393339724791,0.00043425089715149,3.00000000000000000
0.00154767575337633,-0.00133271068717745,0.00042993002944562,3.00000000000000000
0.00153440438360875,-0.00132157825555651,0.00042565215508220,3.00000000000000000
0.00152124388962349,-0.00131053541692741,0.00042141684627040,3.00000000000000000
0.00150819337889763,-0.00129958149053522,0.00041722367947509,3.00000000000000000
0.00149525196569344,-0.00128871580030201,0.00041307223537647,3.00000000000000000
0.00148241877101052,-0.00127793767480124,0.00040896209882684,3.00000000000000000
0.00146969292253907,-0.00126724644723204,0.00040489285880882,3.00000000000000000
0.00145707355461466,-0.00125664145539373,0.00040086410839512,3.00000000000000000
0.00144455980817204,-0.00124612204166020,0.00039687544470750,3.00000000000000000
0.00143215083069936,-0.00123568755295451,0.00039292646887635,3.00000000000000000
0.00141984577619247,-0.00122533734072343,0.00038901678600047,3.00000000000000000
0.00140764380511138,-0.00121507076091208,0.00038514600510911,3.00000000000000000
0.00139554408433273,-0.00120488717393863,0.00038131373912028,3.00000000000000000
0.00138354578710809,-0.00119478594466905,0.00037751960480483,3.00000000000000000
0.00137164809301726,-0.00118476644239189,0.00037376322274591,3.00000000000000000
0.00135985018792573,-0.00117482804079322,0.00037004421730244,3.00000000000000000
0.00134815126394017,-0.00116497011793148,0.00036636221657104,3.00000000000000000
0.00133655051936454,-0.00115519205621254,0.00036271685234843,3.00000000000000000
0.00132504715865744,-0.00114549324236472,0.00035910776009534,3.00000000000000000
0.00131364039238901,-0.00113587306741394,0.00035553457890009,3.00000000000000000
0.00130232943719655,-0.00112633092665891,0.00035199695144093,3.00000000000000000
0.00129111351574451,-0.00111686621964638,0.00034849452395295,3.00000000000000000
0.00127999185667971,-0.00110747835014650,0.00034502694619018,3.00000000000000000
0.00126896369459084,-0.00109816672612817,0.00034159387139231,3.00000000000000000
0.00125802826996635,-0.00108893075973458,0.00033819495624966,3.00000000000000000
0.00124718482915087,-0.00107976986725871,0.00033482986086695,3.00000000000000000
0.00123643262430750,-0.00107068346911893,0.00033149824873293,3.00000000000000000
0.00122577091337339,-0.00106167098983477,0.00032819978668349,3.00000000000000000
0.00121519896002065,-0.00105273185800261,0.00032493414487011,3.00000000000000000
0.00120471603361416,-0.00104386550627156,0.00032170099672534,3.00000000000000000
0.00119432140917386,-0.00103507137131939,0.00031850001893283,3.00000000000000000
0.00118401436733073,-0.00102634889382851,0.00031533089139119,3.00000000000000000
0.00117379419429131,-0.00101769751846205,0.00031219329718634,3.00000000000000000
0.00116366018179370,-0.00100911669384002,0.00030908692255561,3.00000000000000000
0.00115361162707117,-0.00100060587251557,0.00030601145685932,3.00000000000000000
0.00114364783281173,-0.00099216451095128,0.00030296659254860,3.00000000000000000
0.00113376810711951,-0.00098379206949558,0.00029995202513490,3.00000000000000000
0.00112397176347523,-0.00097548801235920,0.00029696745315880,3.00000000000000000
0.00111425812069887,-0.00096725180759180,0.00029401257816104,3.00000000000000000
0.00110462650291021,-0.00095908292705855,0.00029108710465148,3.00000000000000000
0.00109507623949234,-0.00095098084641693,0.00028819074008109,3.00000000000000000
0.00108560666505175,-0.00094294504509350,0.00028532319481058,3.00000000000000000
0.00107621711938322,-0.00093497500626083,0.00028248418208394,3.00000000000000000
0.00106690694742984,-0.00092707021681451,0.00027967341799711,3.00000000000000000
0.00105767549924796,-0.00091923016735018,0.00027689062147165,3.00000000000000000
0.00104852212996986,-0.00091145435214074,0.00027413551422619,3.00000000000000000
0.00103944619976559,-0.00090374226911360,0.00027140782074707,3.00000000000000000
0.00103044707380917,-0.00089609341982802,0.00026870726826351,3.00000000000000000
0.00102152412224044,-0.00088850730945251,0.00026603358671828,3.00000000000000000
0.00101267672012906,-0.00088098344674243,0.00026338650874075,3.00000000000000000
0.00100390424743990,-0.00087352134401752,0.00026076576962127,3.00000000000000000
0.00099520608899661,-0.00086612051713965,0.00025817110728379,3.00000000000000000
0.00098658163444743,-0.00085878048549060,0.00025560226226077,3.00000000000000000
0.00097803027822740,-0.00085150077194996,0.00025305897766462,3.00000000000000000
0.00096955141952781,-0.00084428090287307,0.00025054099916616,3.00000000000000000
0.00096114446225704,-0.00083712040806914,0.00024804807496483,3.00000000000000000
0.00095280881500903,-0.00083001882077937,0.00024557995576635,3.00000000000000000
0.00094454389102827,-0.00082297567765520,0.00024313639475697,3.00000000000000000
0.00093634910817597,-0.00081599051873671,0.00024071714757897,3.00000000000000000
0.00092822388889591,-0.00080906288743101,0.00023832197230586,3.00000000000000000
0.00092016766018066,-0.00080219233049076,0.00023595062941800,3.00000000000000000
0.00091217985353875,-0.00079537839799287,0.00023360288177909,3.00000000000000000
0.00090425990496223,-0.00078862064331715,0.00023127849461320,3.00000000000000000
0.00089640725489160,-0.00078191862312514,0.00022897723547915,3.00000000000000000
0.00088862134818601,-0.00077527189733907,0.00022669887425019,3.00000000000000000
0.00088090163408738,-0.00076868002912079,0.00022444318308752,3.00000000000000000
0.00087324756619100,-0.00076214258485091,0.00022220993642053,3.00000000000000000
0.00086565860241272,-0.00075565913410803,0.00021999891092343,3.00000000000000000
0.00085813420495562,-0.00074922924964794,0.00021780988549145,3.00000000000000000
0.00085067384027981,-0.00074285250738309,0.00021564264122029,3.00000000000000000
0.00084327697907138,-0.00073652848636204,0.00021349696138453,3.00000000000000000
0.00083594309620905,-0.00073025676874904,0.00021137263141395,3.00000000000000000
0.00082867167073486,-0.00072403693980367,0.00020926943887378,3.00000000000000000
0.00082146218582357,-0.00071786858786067,0.00020718717344374,3.00000000000000000
0.00081431412875066,-0.00071175130430978,0.00020512562689558,3.00000000000000000
0.00080722699086211,-0.00070568468357569,0.00020308459307261,3.00000000000000000
0.00080020026754557,-0.00069966832309808,0.00020106386787038,3.00000000000000000
0.00079323345819882,-0.00069370182331185,0.00019906324921487,3.00000000000000000
0.00078632606619999,-0.00068778478762728,0.00019708253704232,3.00000000000000000
0.00077947759887875,-0.00068191682241044,0.00019512153328005,3.00000000000000000
0.00077268756748650,-0.00067609753696361,0.00019318004182633,3.00000000000000000
0.00076595548716707,-0.00067032654350582,0.00019125786853076,3.00000000000000000
0.00075928087692700,-0.00066460345715348,0.00018935482117413,3.00000000000000000
0.00075266325960799,-0.00065892789590115,0.00018747070945059,3.00000000000000000
0.00074610216185667,-0.00065329948060233,0.00018560534494704,3.00000000000000000
0.00073959711409755,-0.00064771783495038,0.00018375854112578,3.00000000000000000
0.00073314765050458,-0.00064218258545960,0.00018193011330565,3.00000000000000000
0.00072675330897098,-0.00063669336144629,0.00018011987864155,3.00000000000000000
0.00072041363108433,-0.00063124979501000,0.00017832765610916,3.00000000000000000
0.00071412816209682,-0.00062585152101482,0.00017655326648486,3.00000000000000000
0.00070789645089819,-0.00062049817707081,0.00017479653232824,3.00000000000000000
0.00070171804998820,-0.00061518940351550,0.00017305727796422,3.00000000000000000
0.00069559251545037,-0.00060992484339547,0.00017133532946643,3.00000000000000000
0.00068951940692363,-0.00060470414244808,0.00016963051463843,3.00000000000000000
0.00068349828757697,-0.00059952694908324,0.00016794266299797,3.00000000000000000
0.00067752872408056,-0.00059439291436531,0.00016627160575771,3.00000000000000000
0.00067161028658269,-0.00058930169199508,0.00016461717581171,3.00000000000000000
0.00066574254867913,-0.00058425293829185,0.00016297920771437,3.00000000000000000
0.00065992508739221,-0.00057924631217563,0.00016135753766907,3.00000000000000000
0.00065415748313935,-0.00057428147514935,0.00015975200350620,3.00000000000000000
0.00064843931971259,-0.00056935809128129,0.00015816244467226,3.00000000000000000
0.00064277018424885,-0.00056447582718754,0.00015658870220962,3.00000000000000000
0.00063714966720640,-0.00055963435201452,0.00015503061874246,3.00000000000000000
0.00063157736234043,-0.00055483333742163,0.00015348803846182,3.00000000000000000
0.00062605286667639,-0.00055007245756404,0.00015196080710846,3.00000000000000000
0.00062057578048558,-0.00054535138907552,0.00015044877195781,3.00000000000000000
0.00061514570726073,-0.00054066981105132,0.00014895178180506,3.00000000000000000
0.00060976225369158,-0.00053602740503130,0.00014746968695006,3.00000000000000000
0.00060442502964086,-0.00053142385498296,0.00014600233918279,3.00000000000000000
0.00059913364811814,-0.00052685884728469,0.00014454959176651,3.00000000000000000
0.00059388772525848,-0.00052233207070912,0.00014311129942579,3.00000000000000000
0.00058868688029712,-0.00051784321640646,0.00014168731833052,3.00000000000000000
0.00058353073554507,-0.00051339197788806,0.00014027750608082,3.00000000000000000
0.00057841891636778,-0.00050897805100995,0.00013888172169500,3.00000000000000000
0.00057335105115941,-0.00050460113395654,0.00013749982559308,3.00000000000000000
0.00056832677132146,-0.00050026092722442,0.00013613167958471,3.00000000000000000
0.00056334571123884,-0.00049595713360620,0.00013477714685437,3.00000000000000000
0.00055840750825631,-0.00049168945817448,0.00013343609194713,3.00000000000000000
0.00055351180265761,-0.00048745760826591,0.00013210838075686,3.00000000000000000
0.00054865823764105,-0.00048326129346531,0.00013079388051099,3.00000000000000000
0.00054384645929906,-0.00047910022558996,0.00012949245975921,3.00000000000000000
0.00053907611659332,-0.00047497411867385,0.00012820398835771,3.00000000000000000
0.00053434686133524,-0.00047088268895217,0.00012692833745869,3.00000000000000000
0.00052965834816288,-0.00046682565484575,0.00012566537949635,3.00000000000000000
0.00052501023451823,-0.00046280273694574,0.00012441498817321,3.00000000000000000
0.00052040218062821,-0.00045881365799821,0.00012317703845009,3.00000000000000000
0.00051583384947973,-0.00045485814288901,0.00012195140653012,3.00000000000000000
0.00051130490680151,-0.00045093591862857,0.00012073796984955,3.00000000000000000
0.00050681502104100,-0.00044704671433691,0.00011953660706354,3.00000000000000000
0.00050236386334479,-0.00044319026122865,0.00011834719803550,3.00000000000000000
0.00049795110753559,-0.00043936629259817,0.00011716962382286,3.00000000000000000
0.00049357643009396,-0.00043557454380482,0.00011600376666771,3.00000000000000000
0.00048923951013569,-0.00043181475225823,0.00011484950998293,3.00000000000000000
0.00048494002939359,-0.00042808665740372,0.00011370673834274,3.00000000000000000
0.00048067767219440,-0.00042439000070777,0.00011257533746841,3.00000000000000000
0.00047645212544101,-0.00042072452564363,0.00011145519421913,3.00000000000000000
0.00047226307859161,-0.00041708997767694,0.00011034619657988,3.00000000000000000
0.00046811022363968,-0.00041348610425150,0.00010924823365006,3.00000000000000000
0.00046399325509405,-0.00040991265477509,0.00010816119563215,3.00000000000000000
0.00045991186996019,-0.00040636938060543,0.00010708497382162,3.00000000000000000
0.00045586576772072,-0.00040285603503611,0.00010601946059599,3.00000000000000000
0.00045185465031405,-0.00039937237328278,0.00010496454940201,3.00000000000000000
0.00044787822211889,-0.00039591815246924,0.00010392013474861,3.00000000000000000
0.00044393618993199,-0.00039249313161374,0.00010288611219317,3.00000000000000000
0.00044002826295086,-0.00038909707161535,0.00010186237833266,3.00000000000000000
0.00043615415275466,-0.00038572973524032,0.00010084883079287,3.00000000000000000
0.00043231357328599,-0.00038239088710867,0.00009984536821865,3.00000000000000000
0.00042850624083091,-0.00037908029368075,0.00009885189026221,3.00000000000000000
0.00042473187400294,-0.00037579772324391,0.00009786829757546,3.00000000000000000
0.00042099019372266,-0.00037254294589929,0.00009689449179783,3.00000000000000000
0.00041728092320215,-0.00036931573354866,0.00009593037554898,3.00000000000000000
0.00041360378792321,-0.00036611585988133,0.00009497585241525,3.00000000000000000
0.00040995851562453,-0.00036294310036118,0.00009403082694491,3.00000000000000000
0.00040634483627899,-0.00035979723221375,0.00009309520463368,3.00000000000000000
0.00040276248207949,-0.00035667803441340,0.00009216889191864,3.00000000000000000
0.00039921118742070,-0.00035358528767058,0.00009125179616804,3.00000000000000000
0.00039569068888134,-0.00035051877441914,0.00009034382567161,3.00000000000000000
0.00039220072520729,-0.00034747827880377,0.00008944488963166,3.00000000000000000
0.00038874103729425,-0.00034446358666749,0.00008855489815374,3.00000000000000000
0.00038531136817133,-0.00034147448553921,0.00008767376223814,3.00000000000000000
0.00038191146298328,-0.00033851076462140,0.00008680139377003,3.00000000000000000
0.00037854106897584,-0.00033557221477780,0.00008593770551263,3.00000000000000000
0.00037519993547619,-0.00033265862852125,0.00008508261109557,3.00000000000000000
0.00037188781388009,-0.00032976980000157,0.00008423602500973,3.00000000000000000
0.00036860445763143,-0.00032690552499354,0.00008339786259460,3.00000000000000000
0.00036534962221069,-0.00032406560088489,0.00008256804003448,3.00000000000000000
0.00036212306511496,-0.00032124982666451,0.00008174647434614,3.00000000000000000
0.00035892454584285,-0.00031845800291057,0.00008093308337143,3.00000000000000000
0.00035575382588160,-0.00031568993177882,0.00008012778577196,3.00000000000000000
0.00035261066868664,-0.00031294541699097,0.00007933050101630,3.00000000000000000
0.00034949483967006,-0.00031022426382304,0.00007854114937594,3.00000000000000000
0.00034640610618242,-0.00030752627909394,0.00007775965191467,3.00000000000000000
0.00034334423749938,-0.00030485127115400,0.00007698593048263,3.00000000000000000
0.00034030900480442,-0.00030219904987364,0.00007621990770653,3.00000000000000000
0.00033730018117550,-0.00029956942663208,0.00007546150698369,3.00000000000000000
0.00033431754156910,-0.00029696221430615,0.00007471065247340,3.00000000000000000
0.00033136086280550,-0.00029437722725914,0.00007396726908966,3.00000000000000000
0.00032842992355375,-0.00029181428132979,0.00007323128249333,3.00000000000000000
0.00032552450431789,-0.00028927319382124,0.00007250261908566,3.00000000000000000
0.00032264438742091,-0.00028675378349021,0.00007178120599953,3.00000000000000000
0.00031978935699062,-0.00028425587053606,0.00007106697109241,3.00000000000000000
0.00031695919894714,-0.00028177927659011,0.00007035984294110,3.00000000000000000
0.00031415370098564,-0.00027932382470489,0.00006965975083154,3.00000000000000000
0.00031137265256476,-0.00027688933934356,0.00006896662475436,3.00000000000000000
0.00030861584489106,-0.00027447564636932,0.00006828039539634,3.00000000000000000
0.00030588307090573,-0.00027208257303493,0.00006760099413418,3.00000000000000000
0.00030317412526992,-0.00026970994797234,0.00006692835302674,3.00000000000000000
0.00030048880435229,-0.00026735760118230,0.00006626240480963,3.00000000000000000
0.00029782690621483,-0.00026502536402411,0.00006560308288786,3.00000000000000000
0.00029518823059771,-0.00026271306920539,0.00006495032132764,3.00000000000000000
0.00029257257890958,-0.00026042055077199,0.00006430405485342,3.00000000000000000
0.00028997975421019,-0.00025814764409788,0.00006366421883742,3.00000000000000000
0.00028740956119977,-0.00025589418587517,0.00006303074929570,3.00000000000000000
0.00028486180620479,-0.00025366001410418,0.00006240358288070,3.00000000000000000
0.00028233629716556,-0.00025144496808356,0.00006178265687552,3.00000000000000000
0.00027983284362243,-0.00024924888840050,0.00006116790918675,3.00000000000000000
0.00027735125670381,-0.00024707161692098,0.00006055927833920,3.00000000000000000
0.00027489134911329,-0.00024491299678017,0.00005995670346955,3.00000000000000000
0.00027245293511635,-0.00024277287237273,0.00005936012431959,3.00000000000000000
0.00027003583052831,-0.00024065108934336,0.00005876948123078,3.00000000000000000
0.00026763985270239,-0.00023854749457727,0.00005818471513873,3.00000000000000000
0.00026526482051592,-0.00023646193619084,0.00005760576756587,3.00000000000000000
0.00026291055435967,-0.00023439426352220,0.00005703258061722,3.00000000000000000
0.00026057687612502,-0.00023234432712201,0.00005646509697392,3.00000000000000000
0.00025826360919101,-0.00023031197874425,0.00005590325988665,3.00000000000000000
0.00025597057841376,-0.00022829707133703,0.00005534701317133,3.00000000000000000
0.00025369761011396,-0.00022629945903353,0.00005479630120292,3.00000000000000000
0.00025144453206538,-0.00022431899714297,0.00005425106891016,3.00000000000000000
0.00024921117348198,-0.00022235554214165,0.00005371126176886,3.00000000000000000
0.00024699736500766,-0.00022040895166406,0.00005317682579788,3.00000000000000000
0.00024480293870477,-0.00021847908449401,0.00005264770755374,3.00000000000000000
0.00024262772804073,-0.00021656580055589,0.00005212385412337,3.00000000000000000
