-0.0359,0,0.1202,0,1.9244,0
-0.0358998,0.000192393,0.1202,0.0040247,1.92367,-0.00583428
-0.0358992,0.000384692,0.120199,0.00737131,1.92256,-0.0106994
-0.0358983,0.000576848,0.120197,0.0115039,1.92051,-0.016591
-0.0358969,0.000768904,0.120196,0.014654,1.92025,-0.0222766
-0.0358953,0.000960846,0.120193,0.0177134,1.91885,-0.0281925
-0.0358934,0.00115267,0.12019,0.0217647,1.91747,-0.032922
-0.035891,0.00134434,0.120186,0.0247942,1.9161,-0.0383408
-0.0358884,0.00153593,0.120182,0.0286363,1.91553,-0.0444901
-0.0358853,0.00172748,0.120178,0.0325306,1.91537,-0.0502265
-0.0358819,0.00191894,0.120172,0.0361018,1.91445,-0.0554009
-0.0358781,0.00211038,0.120167,0.0400006,1.91409,-0.0599084
-0.0358738,0.00230177,0.12016,0.043891,1.91355,-0.065728
-0.0358692,0.00249306,0.120153,0.0482161,1.91236,-0.0712502
-0.0358642,0.00268423,0.120146,0.0526915,1.91105,-0.076943
-0.0358588,0.00287525,0.120138,0.0561633,1.90954,-0.0818604
-0.0358529,0.00306617,0.12013,0.0598662,1.90831,-0.0877159
-0.0358467,0.00325695,0.120121,0.0643012,1.90767,-0.0926408
-0.0358402,0.00344761,0.120111,0.06731,1.90561,-0.0982838
-0.0358333,0.00363809,0.120101,0.070298,1.90413,-0.103981
-0.0358261,0.00382841,0.12009,0.0729846,1.90275,-0.109293
-0.0358186,0.00401867,0.120079,0.0768962,1.90211,-0.11436
-0.0358107,0.00420882,0.120067,0.0812828,1.90109,-0.119671
-0.0358024,0.0043989,0.120055,0.0859548,1.90058,-0.125692
-0.0357936,0.00458891,0.120042,0.0900071,1.89952,-0.130988
-0.0357844,0.00477883,0.120029,0.0939116,1.89931,-0.136466
-0.0357747,0.00496871,0.120015,0.0980922,1.8985,-0.142065
-0.0357648,0.00515849,0.12,0.10121,1.89731,-0.148368
-0.0357544,0.00534821,0.119985,0.105837,1.89709,-0.153437
-0.0357436,0.00553787,0.11997,0.110238,1.89617,-0.158761
-0.0357324,0.0057275,0.119954,0.113949,1.89599,-0.163281
-0.0357208,0.00591703,0.119937,0.117373,1.8947,-0.168928
-0.0357088,0.00610639,0.11992,0.121773,1.89256,-0.174562
-0.0356965,0.00629558,0.119902,0.125079,1.89142,-0.17974
-0.0356838,0.0064847,0.119884,0.129007,1.89105,-0.18512
-0.0356707,0.00667374,0.119865,0.132696,1.89013,-0.190441
-0.0356572,0.0068627,0.119846,0.137311,1.88868,-0.195576
-0.0356433,0.00705149,0.119826,0.140907,1.88771,-0.200774
-0.035629,0.00724023,0.119806,0.144819,1.88687,-0.206894
-0.0356143,0.00742885,0.119785,0.148415,1.88537,-0.211717
-0.0355992,0.00761734,0.119763,0.153268,1.88454,-0.218131
-0.0355837,0.00780576,0.119741,0.157703,1.88374,-0.223413
-0.0355678,0.00799411,0.119718,0.160852,1.88272,-0.22988
-0.0355515,0.00818227,0.119695,0.164867,1.88057,-0.234847
-0.0355348,0.00837028,0.119671,0.168704,1.87995,-0.240564
-0.0355177,0.00855817,0.119647,0.173554,1.87809,-0.245991
-0.0355002,0.0087459,0.119622,0.177926,1.87625,-0.250575
-0.0354822,0.00893344,0.119597,0.181926,1.87464,-0.255652
-0.0354638,0.00912088,0.119571,0.185816,1.87399,-0.260497
-0.035445,0.00930825,0.119545,0.189948,1.87334,-0.265767
-0.0354258,0.00949553,0.119518,0.194522,1.87236,-0.270858
-0.0354061,0.00968273,0.119491,0.198256,1.87177,-0.276721
-0.0353861,0.00986986,0.119463,0.201315,1.87119,-0.281878
-0.0353658,0.0100569,0.119434,0.205353,1.86909,-0.286795
-0.035345,0.0102437,0.119405,0.209619,1.86678,-0.292163
-0.0353239,0.0104303,0.119376,0.213941,1.86519,-0.297963
-0.0353023,0.0106167,0.119346,0.218018,1.86345,-0.303367
-0.0352803,0.010803,0.119315,0.222078,1.86157,-0.309175
-0.0352578,0.010989,0.119284,0.227335,1.85991,-0.314358
-0.0352349,0.0111749,0.119252,0.231185,1.85831,-0.320555
-0.0352115,0.0113607,0.11922,0.235776,1.85725,-0.326752
-0.0351878,0.0115463,0.119187,0.240023,1.85459,-0.332529
-0.0351636,0.0117317,0.119153,0.24272,1.85276,-0.338552
-0.0351392,0.0119169,0.119119,0.245994,1.85097,-0.343822
-0.0351144,0.0121019,0.119085,0.250735,1.8491,-0.348641
-0.0350891,0.0122867,0.119049,0.254979,1.84796,-0.354632
-0.0350633,0.0124715,0.119014,0.260051,1.84796,-0.359855
-0.0350372,0.0126562,0.118977,0.263886,1.84628,-0.365639
-0.0350106,0.0128408,0.118941,0.268205,1.84408,-0.370547
-0.0349836,0.0130251,0.118903,0.271988,1.84321,-0.37673
-0.0349562,0.0132093,0.118865,0.27607,1.84109,-0.382852
-0.0349283,0.0133933,0.118827,0.280221,1.8391,-0.388747
-0.0349001,0.0135772,0.118787,0.284844,1.83783,-0.394031
-0.0348715,0.0137609,0.118748,0.288148,1.83598,-0.399563
-0.0348424,0.0139444,0.118708,0.292416,1.83391,-0.404905
-0.034813,0.0141277,0.118667,0.296093,1.83201,-0.409694
-0.0347831,0.0143108,0.118626,0.300241,1.83134,-0.41501
-0.0347529,0.0144939,0.118584,0.304273,1.82977,-0.419575
-0.0347223,0.0146768,0.118542,0.308448,1.82805,-0.425222
-0.0346912,0.0148595,0.118499,0.312246,1.8269,-0.431238
-0.0346598,0.0150421,0.118455,0.316209,1.82529,-0.436164
-0.0346279,0.0152245,0.118411,0.321027,1.82301,-0.442503
-0.0345957,0.0154068,0.118367,0.32421,1.8215,-0.447782
-0.034563,0.0155888,0.118322,0.32818,1.81971,-0.453069
-0.03453,0.0157707,0.118276,0.331855,1.81847,-0.4591
-0.0344967,0.0159525,0.11823,0.334835,1.81652,-0.463864
-0.0344631,0.016134,0.118184,0.337814,1.81415,-0.469876
-0.0344291,0.0163153,0.118136,0.341607,1.8126,-0.474525
-0.0343947,0.0164965,0.118089,0.345137,1.81075,-0.480913
-0.0343601,0.0166775,0.11804,0.347958,1.8087,-0.485608
-0.0343251,0.0168583,0.117991,0.351723,1.8074,-0.491412
-0.0342897,0.0170389,0.117942,0.356125,1.80513,-0.497499
-0.0342539,0.0172193,0.117892,0.360114,1.80312,-0.503332
-0.0342177,0.0173996,0.117841,0.363841,1.80222,-0.509478
-0.0341811,0.0175797,0.11779,0.368175,1.80027,-0.51475
-0.0341441,0.0177597,0.117738,0.37178,1.79928,-0.519962
-0.0341067,0.0179396,0.117686,0.376062,1.79835,-0.52535
-0.0340689,0.0181193,0.117633,0.379946,1.79658,-0.531215
-0.0340307,0.0182989,0.11758,0.383497,1.79537,-0.536287
-0.0339922,0.0184784,0.117526,0.387937,1.79453,-0.541991
-0.0339532,0.0186578,0.117471,0.391654,1.79257,-0.547802
-0.0339138,0.0188369,0.117416,0.395066,1.7907,-0.553734
-0.0338741,0.0190159,0.117361,0.399745,1.78808,-0.559168
-0.0338339,0.0191946,0.117305,0.404271,1.78607,-0.565346
-0.0337933,0.0193731,0.117248,0.407448,1.78429,-0.571773
-0.0337524,0.0195514,0.11719,0.411717,1.78224,-0.577615
-0.033711,0.0197296,0.117132,0.415151,1.78025,-0.584063
-0.0336693,0.0199075,0.117073,0.419286,1.77864,-0.589537
-0.0336272,0.0200853,0.117014,0.422222,1.77722,-0.594874
-0.0335847,0.0202629,0.116954,0.427316,1.77483,-0.600383
-0.0335418,0.0204404,0.116894,0.430824,1.77342,-0.606034
-0.0334986,0.0206176,0.116833,0.434396,1.77091,-0.612257
-0.033455,0.0207946,0.116772,0.438587,1.76895,-0.617724
-0.0334109,0.0209714,0.11671,0.442135,1.76782,-0.622957
-0.0333665,0.0211481,0.116647,0.445928,1.76617,-0.628397
-0.0333218,0.0213246,0.116584,0.448885,1.7641,-0.633911
-0.0332767,0.021501,0.11652,0.452688,1.76295,-0.639484
-0.0332313,0.0216771,0.116456,0.456136,1.75985,-0.644789
-0.0331855,0.021853,0.116391,0.459269,1.75824,-0.65078
-0.0331394,0.0220288,0.116326,0.462498,1.75718,-0.656053
-0.0330931,0.0222044,0.11626,0.464688,1.75594,-0.662191
-0.0330464,0.0223799,0.116194,0.468339,1.75341,-0.667462
-0.0329993,0.0225551,0.116127,0.473616,1.75088,-0.673443
-0.0329518,0.0227301,0.116059,0.476975,1.74865,-0.678297
-0.0329039,0.0229049,0.115991,0.481007,1.74734,-0.684019
-0.0328556,0.0230794,0.115922,0.484577,1.74448,-0.689826
-0.0328069,0.0232538,0.115853,0.488386,1.74249,-0.696518
-0.0327579,0.0234279,0.115783,0.492053,1.74042,-0.702963
-0.0327085,0.0236018,0.115712,0.496559,1.73758,-0.708945
-0.0326587,0.0237755,0.115641,0.499974,1.73523,-0.715998
-0.0326084,0.0239488,0.115569,0.504536,1.73208,-0.721913
-0.0325578,0.024122,0.115497,0.508308,1.73124,-0.727952
-0.0325068,0.024295,0.115424,0.512246,1.72866,-0.733995
-0.0324554,0.0244677,0.11535,0.515551,1.72641,-0.739978
-0.0324036,0.0246403,0.115276,0.519138,1.72406,-0.74684
-0.0323515,0.0248125,0.115201,0.522884,1.72175,-0.75093
-0.0322991,0.0249846,0.115125,0.526435,1.72024,-0.756332
-0.0322462,0.0251565,0.115049,0.530061,1.71759,-0.761298
-0.0321931,0.0253282,0.114973,0.53379,1.71604,-0.7663
-0.0321395,0.0254997,0.114896,0.537928,1.71315,-0.772459
-0.0320855,0.0256709,0.114819,0.541814,1.71033,-0.779022
-0.0320311,0.0258418,0.11474,0.545665,1.70863,-0.784691
-0.0319764,0.0260126,0.114662,0.548877,1.70606,-0.789652
-0.0319213,0.026183,0.114582,0.552871,1.70316,-0.794839
-0.0318658,0.0263533,0.114503,0.55693,1.70134,-0.80109
-0.0318099,0.0265233,0.114422,0.560887,1.69956,-0.806835
-0.0317536,0.0266932,0.114341,0.565114,1.69831,-0.812236
-0.0316969,0.0268629,0.11426,0.568571,1.69584,-0.817967
-0.0316399,0.0270324,0.114178,0.571964,1.69393,-0.822221
-0.0315825,0.0272017,0.114095,0.575857,1.69166,-0.828178
-0.0315247,0.0273707,0.114012,0.579428,1.68933,-0.835233
-0.0314666,0.0275395,0.113928,0.582743,1.68743,-0.841474
-0.0314082,0.0277082,0.113844,0.586083,1.68519,-0.847
-0.0313494,0.0278766,0.113759,0.589073,1.68311,-0.852961
-0.0312903,0.0280447,0.113673,0.592816,1.68043,-0.85939
-0.0312309,0.0282127,0.113587,0.595839,1.67815,-0.865144
-0.0311711,0.0283803,0.1135,0.598972,1.67545,-0.870722
-0.0311111,0.0285478,0.113413,0.602486,1.67309,-0.876789
-0.0310507,0.0287149,0.113325,0.605574,1.67014,-0.882523
-0.0309899,0.0288818,0.113236,0.609714,1.66772,-0.888093
-0.0309288,0.0290485,0.113147,0.612791,1.66594,-0.895222
-0.0308673,0.029215,0.113057,0.617174,1.66388,-0.900447
-0.0308054,0.0293812,0.112967,0.620625,1.66025,-0.906268
-0.0307431,0.0295471,0.112876,0.624366,1.65802,-0.912285
-0.0306805,0.0297128,0.112785,0.627661,1.65537,-0.91717
-0.0306176,0.0298781,0.112693,0.631307,1.65247,-0.922518
-0.0305542,0.0300433,0.1126,0.63625,1.64987,-0.927754
-0.0304904,0.0302081,0.112507,0.640145,1.64725,-0.93421
-0.0304262,0.0303727,0.112413,0.644286,1.64497,-0.939477
-0.0303615,0.0305371,0.112319,0.648184,1.64259,-0.944346
-0.0302965,0.0307013,0.112224,0.651811,1.63981,-0.950194
-0.0302312,0.0308652,0.112129,0.655569,1.63803,-0.955711
-0.0301654,0.0310288,0.112033,0.659971,1.63502,-0.961996
-0.0300992,0.0311922,0.111937,0.662956,1.6318,-0.968159
-0.0300328,0.0313552,0.11184,0.666637,1.62897,-0.973076
-0.0299659,0.031518,0.111742,0.670123,1.62565,-0.978251
-0.0298987,0.0316803,0.111644,0.673898,1.6222,-0.983696
-0.0298311,0.0318424,0.111545,0.677762,1.61887,-0.990001
-0.0297631,0.0320041,0.111446,0.682579,1.61579,-0.99668
-0.0296946,0.0321655,0.111346,0.686527,1.61271,-1.00283
-0.0296258,0.0323267,0.111246,0.690008,1.61019,-1.0088
-0.0295566,0.0324875,0.111144,0.694468,1.60653,-1.01408
-0.029487,0.032648,0.111043,0.697501,1.60272,-1.02084
-0.0294171,0.0328081,0.11094,0.700677,1.59925,-1.0277
-0.0293468,0.0329679,0.110837,0.704564,1.59656,-1.03343
-0.0292762,0.0331274,0.110734,0.70868,1.59335,-1.03939
-0.0292051,0.0332866,0.110629,0.712204,1.59083,-1.04592
-0.0291337,0.0334456,0.110524,0.717026,1.58815,-1.05251
-0.0290618,0.0336042,0.110419,0.719536,1.58504,-1.05786
-0.0289897,0.0337625,0.110313,0.723491,1.58171,-1.06344
-0.0289171,0.0339205,0.110206,0.727381,1.57777,-1.069
-0.0288442,0.0340782,0.110099,0.73107,1.57549,-1.07452
-0.0287709,0.0342356,0.109991,0.734361,1.5725,-1.07942
-0.0286973,0.0343927,0.109883,0.738715,1.57027,-1.08464
-0.0286232,0.0345496,0.109774,0.742593,1.56705,-1.0914
-0.0285487,0.0347062,0.109665,0.747065,1.56357,-1.09771
-0.0284738,0.0348624,0.109555,0.750449,1.56091,-1.10347
-0.0283986,0.0350184,0.109444,0.754275,1.55854,-1.10893
-0.028323,0.035174,0.109333,0.757906,1.55511,-1.11542
-0.028247,0.0353294,0.109221,0.761894,1.55219,-1.12223
-0.0281707,0.0354845,0.109109,0.764797,1.54912,-1.12795
-0.028094,0.0356393,0.108996,0.767858,1.54659,-1.13377
-0.0280171,0.0357938,0.108882,0.771233,1.5437,-1.13994
-0.0279398,0.035948,0.108768,0.77484,1.5404,-1.14561
-0.0278621,0.0361019,0.108653,0.778283,1.53744,-1.15093
-0.0277841,0.0362555,0.108537,0.78166,1.53468,-1.1569
-0.0277058,0.0364088,0.108421,0.785571,1.53216,-1.16312
-0.0276271,0.0365619,0.108305,0.788046,1.52919,-1.16849
-0.0275481,0.0367147,0.108188,0.791742,1.52658,-1.17356
-0.0274687,0.0368672,0.10807,0.795591,1.52371,-1.18002
-0.027389,0.0370194,0.107952,0.799163,1.52052,-1.18577
-0.0273089,0.0371713,0.107833,0.803323,1.51767,-1.19149
-0.0272284,0.0373229,0.107713,0.805994,1.51523,-1.19681
-0.0271476,0.0374742,0.107593,0.81002,1.51099,-1.20392
-0.0270664,0.0376251,0.107473,0.813057,1.50696,-1.21072
-0.026985,0.0377757,0.107351,0.816655,1.50453,-1.217
-0.0269031,0.037926,0.107229,0.820271,1.50043,-1.22268
-0.0268209,0.0380759,0.107107,0.824386,1.49796,-1.22841
-0.0267383,0.0382255,0.106984,0.828279,1.49402,-1.23395
-0.0266553,0.0383747,0.10686,0.831763,1.49067,-1.24093
-0.0265719,0.0385236,0.106735,0.836109,1.4871,-1.24751
-0.0264881,0.0386721,0.10661,0.839354,1.48302,-1.25474
-0.026404,0.0388202,0.106485,0.842916,1.47947,-1.26122
-0.0263195,0.038968,0.106358,0.846918,1.47687,-1.26703
-0.0262347,0.0391156,0.106231,0.849876,1.47427,-1.27371
-0.0261495,0.0392629,0.106103,0.853459,1.47177,-1.27923
-0.0260641,0.0394099,0.105975,0.855538,1.46847,-1.28459
-0.0259783,0.0395566,0.105846,0.859029,1.46404,-1.29068
-0.0258923,0.0397028,0.105717,0.862327,1.46061,-1.29746
-0.0258058,0.0398487,0.105587,0.866319,1.45748,-1.30345
-0.025719,0.0399943,0.105456,0.870385,1.45369,-1.30939
-0.0256318,0.0401395,0.105325,0.873897,1.45133,-1.3156
-0.0255442,0.0402845,0.105193,0.877297,1.44732,-1.32119
-0.0254563,0.040429,0.105061,0.880408,1.44419,-1.32756
-0.0253681,0.0405733,0.104928,0.883441,1.44178,-1.33287
-0.0252797,0.0407173,0.104794,0.885451,1.43776,-1.33969
-0.0251909,0.0408609,0.10466,0.889,1.43383,-1.34585
-0.0251019,0.0410041,0.104525,0.892423,1.43014,-1.35284
-0.0250124,0.0411469,0.104389,0.896487,1.4265,-1.35877
-0.0249226,0.0412894,0.104253,0.900075,1.42269,-1.36439
-0.0248325,0.0414315,0.104117,0.902995,1.41891,-1.37018
-0.024742,0.0415732,0.103979,0.905941,1.4156,-1.37647
-0.0246512,0.0417146,0.103841,0.908932,1.41244,-1.38293
-0.0245601,0.0418557,0.103703,0.91304,1.40869,-1.38918
-0.0244686,0.0419964,0.103563,0.916882,1.40596,-1.39482
-0.0243767,0.0421368,0.103424,0.920733,1.40177,-1.40107
-0.0242845,0.0422768,0.103283,0.923826,1.39812,-1.40666
-0.0241919,0.0424164,0.103142,0.927493,1.3945,-1.41332
-0.024099,0.0425557,0.103001,0.930616,1.39076,-1.42014
-0.0240058,0.0426945,0.102858,0.934379,1.38663,-1.4265
-0.0239121,0.042833,0.102715,0.938596,1.383,-1.43308
-0.0238181,0.0429711,0.102572,0.941794,1.37931,-1.44
-0.0237238,0.0431088,0.102427,0.945154,1.3751,-1.44569
-0.0236291,0.0432461,0.102282,0.948533,1.37117,-1.4507
-0.023534,0.043383,0.102137,0.952109,1.36663,-1.45767
-0.0234387,0.0435195,0.101991,0.955939,1.36303,-1.46397
-0.0233429,0.0436556,0.101844,0.960015,1.35949,-1.46958
-0.0232467,0.0437914,0.101697,0.963297,1.35504,-1.47516
-0.0231502,0.0439267,0.101549,0.966575,1.35178,-1.48079
-0.0230534,0.0440616,0.101401,0.969999,1.34758,-1.48743
-0.0229562,0.0441962,0.101252,0.973498,1.34398,-1.49383
-0.0228588,0.0443305,0.101102,0.975938,1.34068,-1.50038
-0.022761,0.0444643,0.100952,0.980211,1.33653,-1.50694
-0.0226628,0.0445978,0.100801,0.983449,1.33279,-1.5137
-0.0225643,0.0447308,0.100649,0.987092,1.3281,-1.52065
-0.0224655,0.0448634,0.100497,0.9891,1.32436,-1.52712
-0.0223664,0.0449957,0.100344,0.993494,1.32032,-1.53425
-0.0222668,0.0451275,0.10019,0.996682,1.316,-1.54024
-0.022167,0.0452588,0.100035,0.999842,1.31096,-1.5473
-0.0220669,0.0453896,0.0998804,1.00285,1.30599,-1.55376
-0.0219664,0.0455201,0.0997247,1.00661,1.30191,-1.56034
-0.0218656,0.04565,0.0995683,1.0104,1.29774,-1.56706
-0.0217643,0.0457795,0.0994113,1.01421,1.29206,-1.57347
-0.0216627,0.0459085,0.0992537,1.01789,1.28845,-1.57941
-0.0215607,0.0460372,0.0990954,1.02209,1.28434,-1.58608
-0.0214584,0.0461654,0.0989365,1.02501,1.28088,-1.59223
-0.0213557,0.0462933,0.098777,1.0288,1.27634,-1.5981
-0.0212526,0.0464207,0.0986169,1.03282,1.27196,-1.60437
-0.0211491,0.0465476,0.098456,1.03675,1.2675,-1.61234
-0.0210453,0.0466742,0.0982945,1.03962,1.26283,-1.61858
-0.0209411,0.0468002,0.0981324,1.04344,1.259,-1.62448
-0.0208366,0.0469259,0.0979696,1.04752,1.25441,-1.63097
-0.0207317,0.0470511,0.0978062,1.05025,1.24917,-1.63743
-0.0206265,0.0471758,0.0976421,1.0533,1.24488,-1.64385
-0.020521,0.0473,0.0974774,1.05691,1.24007,-1.65
-0.0204151,0.0474238,0.0973121,1.06016,1.23561,-1.65614
-0.0203089,0.0475471,0.0971462,1.06382,1.23046,-1.66275
-0.0202024,0.04767,0.0969795,1.06668,1.22619,-1.66923
-0.0200956,0.0477924,0.0968123,1.06903,1.22171,-1.67637
-0.0199885,0.0479143,0.0966443,1.07271,1.21607,-1.68293
-0.0198811,0.0480357,0.0964756,1.0766,1.21212,-1.69027
-0.0197733,0.0481566,0.0963063,1.07976,1.20664,-1.69681
-0.0197733,0.0481566,0.0963063,1.07976,1.20664,-1.69681
-0.0196652,0.0482772,0.0961362,1.08137,1.20343,-1.70468
-0.019557,0.0483972,0.0959654,1.08308,1.19869,-1.71223
-0.0194486,0.0485169,0.0957938,1.08508,1.19428,-1.71924
-0.01934,0.0486361,0.0956215,1.08644,1.18951,-1.72683
-0.0192313,0.0487548,0.0954484,1.08858,1.18439,-1.73403
-0.0191224,0.048873,0.0952746,1.08964,1.17969,-1.74207
-0.0190133,0.0489907,0.0951,1.09154,1.17539,-1.75022
-0.018904,0.0491081,0.0949246,1.0941,1.17173,-1.75859
-0.0187945,0.049225,0.0947483,1.09544,1.1664,-1.76605
-0.0186849,0.0493414,0.0945713,1.09704,1.16128,-1.77367
-0.0185751,0.0494572,0.0943936,1.09918,1.15626,-1.78123
-0.0184651,0.0495726,0.0942151,1.10056,1.15218,-1.78919
-0.0183549,0.0496876,0.0940358,1.10299,1.14773,-1.79684
-0.0182446,0.0498022,0.0938557,1.10432,1.14261,-1.80475
-0.018134,0.0499162,0.0936748,1.10622,1.13844,-1.81265
-0.0180234,0.0500299,0.0934932,1.1069,1.13476,-1.82003
-0.0179126,0.0501431,0.0933108,1.1083,1.13027,-1.82794
-0.0178017,0.050256,0.0931276,1.1096,1.12633,-1.83528
-0.0176907,0.0503684,0.0929437,1.11113,1.12193,-1.84276
-0.0175795,0.0504803,0.092759,1.11243,1.11756,-1.85081
-0.0174682,0.0505918,0.0925736,1.11388,1.11264,-1.85839
-0.0173567,0.0507029,0.0923874,1.1159,1.10803,-1.86555
-0.017245,0.0508134,0.0922004,1.11774,1.1028,-1.87365
-0.0171331,0.0509235,0.0920127,1.11934,1.09798,-1.88071
-0.0170211,0.051033,0.0918242,1.12113,1.09297,-1.88839
-0.0169089,0.0511421,0.091635,1.12337,1.0886,-1.89689
-0.0167965,0.0512507,0.0914449,1.12535,1.08369,-1.90451
-0.0166838,0.0513589,0.0912541,1.12722,1.07913,-1.91259
-0.016571,0.0514665,0.0910624,1.12894,1.07405,-1.9201
-0.0164581,0.0515738,0.0908701,1.13035,1.07059,-1.92722
-0.016345,0.0516806,0.090677,1.13128,1.06578,-1.93526
-0.0162318,0.0517869,0.0904831,1.13352,1.06101,-1.94239
-0.0161184,0.0518928,0.0902885,1.13478,1.05599,-1.94971
-0.0160048,0.0519981,0.0900931,1.13688,1.05054,-1.95787
-0.015891,0.0521029,0.089897,1.13917,1.04541,-1.96497
-0.015777,0.0522073,0.0897001,1.14137,1.04159,-1.97248
-0.0156627,0.0523112,0.0895024,1.14418,1.03661,-1.98096
-0.0155482,0.0524146,0.0893039,1.14611,1.03131,-1.98796
-0.0154335,0.0525175,0.0891047,1.14749,1.02743,-1.99674
-0.0153187,0.05262,0.0889047,1.14856,1.02286,-2.00478
-0.0152037,0.0527221,0.0887038,1.15119,1.01839,-2.01219
-0.0150885,0.0528237,0.0885022,1.15254,1.0129,-2.01976
-0.0149731,0.0529247,0.0882999,1.15458,1.00767,-2.02702
-0.0148576,0.0530252,0.0880968,1.15582,1.00191,-2.03501
-0.0147419,0.0531251,0.087893,1.15758,0.997397,-2.04244
-0.014626,0.0532246,0.0876883,1.16006,0.992064,-2.05025
-0.01451,0.0533235,0.0874829,1.16103,0.987038,-2.05802
-0.0143939,0.053422,0.0872767,1.16199,0.981396,-2.06625
-0.0142776,0.0535198,0.0870697,1.16286,0.974599,-2.07427
-0.0141612,0.053617,0.0868619,1.1649,0.969265,-2.08257
-0.0140447,0.0537136,0.0866532,1.1657,0.963839,-2.09053
-0.0139281,0.0538097,0.0864437,1.16732,0.957544,-2.09957
-0.0138112,0.0539052,0.0862333,1.16947,0.951965,-2.10792
-0.0136943,0.0540001,0.0860222,1.17052,0.946148,-2.11544
-0.0135771,0.0540945,0.0858102,1.17181,0.941572,-2.12315
-0.0134599,0.0541884,0.0855975,1.17333,0.936222,-2.13114
-0.0133425,0.0542817,0.085384,1.17411,0.930673,-2.13943
-0.013225,0.0543745,0.0851697,1.17518,0.924606,-2.14693
-0.0131074,0.0544666,0.0849546,1.17667,0.918454,-2.15522
-0.0129897,0.0545582,0.0847386,1.17887,0.911643,-2.16366
-0.0128717,0.054649,0.0845219,1.18106,0.906131,-2.17088
-0.0127535,0.0547394,0.0843044,1.18301,0.900668,-2.17866
-0.0126351,0.0548291,0.0840862,1.18402,0.894504,-2.18694
-0.0125166,0.0549183,0.083867,1.18546,0.88921,-2.1954
-0.012398,0.0550069,0.0836471,1.18753,0.882855,-2.20282
-0.0122791,0.0550949,0.0834264,1.18878,0.876702,-2.21107
-0.0121601,0.0551822,0.0832049,1.19112,0.870835,-2.21955
-0.012041,0.055269,0.0829826,1.19258,0.864982,-2.22722
-0.0119216,0.0553553,0.0827594,1.19421,0.859256,-2.23592
-0.0118022,0.0554409,0.0825354,1.19535,0.853095,-2.2442
-0.0116826,0.0555259,0.0823106,1.19672,0.846149,-2.252
-0.0115628,0.0556102,0.082085,1.19811,0.839863,-2.26059
-0.011443,0.0556939,0.0818585,1.19907,0.834086,-2.26841
-0.011323,0.055777,0.0816312,1.20103,0.827941,-2.27721
-0.0112028,0.0558595,0.0814031,1.2016,0.821893,-2.2856
-0.0110826,0.0559413,0.0811741,1.20395,0.81546,-2.2942
-0.0109621,0.0560226,0.0809443,1.20525,0.809046,-2.30206
-0.0108415,0.0561032,0.0807136,1.20741,0.802424,-2.31037
-0.0107207,0.0561831,0.0804822,1.20919,0.796106,-2.31827
-0.0105997,0.0562624,0.08025,1.21139,0.790058,-2.32681
-0.0104785,0.0563411,0.0800169,1.21256,0.784015,-2.33504
-0.0103572,0.0564192,0.0797829,1.21378,0.777296,-2.34376
-0.0102357,0.0564966,0.0795482,1.21491,0.770554,-2.352
-0.0101142,0.0565732,0.0793126,1.2159,0.762969,-2.35999
-0.00999256,0.0566492,0.0790761,1.2165,0.756832,-2.36892
-0.00987081,0.0567246,0.0788388,1.21872,0.750135,-2.37753
-0.00974889,0.0567993,0.0786006,1.21943,0.743655,-2.38735
-0.00962691,0.0568733,0.0783614,1.22004,0.738149,-2.39534
-0.00950481,0.0569468,0.0781215,1.22168,0.730751,-2.40373
-0.00938253,0.0570195,0.0778807,1.22373,0.723768,-2.41182
-0.00926005,0.0570915,0.0776391,1.22603,0.717004,-2.42054
-0.00913739,0.0571629,0.0773966,1.22766,0.709796,-2.42888
-0.00901452,0.0572335,0.0771533,1.22982,0.703669,-2.43757
-0.00889151,0.0573035,0.0769091,1.23014,0.696259,-2.44658
-0.00876846,0.0573728,0.076664,1.23087,0.688701,-2.4547
-0.00864536,0.0574413,0.0764181,1.23125,0.681417,-2.46361
-0.00852219,0.0575091,0.0761714,1.23214,0.674605,-2.472
-0.00839888,0.0575762,0.0759237,1.23355,0.667501,-2.48049
-0.00827543,0.0576426,0.0756753,1.23574,0.660645,-2.48945
-0.00815177,0.0577083,0.0754259,1.23738,0.65363,-2.49833
-0.00802796,0.0577733,0.0751756,1.23881,0.646156,-2.50665
-0.007904,0.0578375,0.0749245,1.24041,0.637888,-2.51553
-0.00777991,0.0579009,0.0746726,1.24198,0.630679,-2.52349
-0.00765564,0.0579636,0.0744197,1.24289,0.623299,-2.53243
-0.0075313,0.0580256,0.0741661,1.24377,0.61575,-2.54114
-0.00740682,0.0580868,0.0739115,1.24542,0.608133,-2.55057
-0.00728223,0.0581472,0.0736559,1.24624,0.601094,-2.56024
-0.00715755,0.058207,0.0733995,1.2473,0.593781,-2.56877
-0.00703278,0.058266,0.0731422,1.24798,0.585908,-2.57647
-0.00690795,0.0583242,0.0728841,1.24875,0.578377,-2.58508
-0.00678305,0.0583816,0.0726251,1.24935,0.571305,-2.59438
-0.00665808,0.0584384,0.0723653,1.25005,0.563712,-2.60265
-0.00653297,0.0584944,0.0721046,1.25173,0.555827,-2.61169
-0.00640774,0.0585496,0.071843,1.25289,0.54854,-2.62027
-0.00628242,0.058604,0.0715804,1.25378,0.539933,-2.63097
-0.006157,0.0586576,0.0713169,1.25444,0.532275,-2.63982
-0.00603153,0.0587105,0.0710524,1.25483,0.524458,-2.64866
-0.00590599,0.0587625,0.0707871,1.2558,0.516988,-2.65775
-0.00578031,0.0588138,0.070521,1.25763,0.50836,-2.66618
-0.00565451,0.0588642,0.0702539,1.25825,0.499143,-2.67534
-0.00552858,0.0589137,0.0699859,1.26019,0.490752,-2.68494
-0.00540252,0.0589623,0.0697169,1.26065,0.481947,-2.69384
-0.00527639,0.0590101,0.0694471,1.26158,0.47411,-2.7031
-0.00515018,0.0590571,0.0691764,1.26251,0.466109,-2.71079
-0.00502392,0.0591033,0.0689048,1.26278,0.457674,-2.72017
-0.00489762,0.0591487,0.0686324,1.26341,0.449216,-2.72903
-0.00477126,0.0591932,0.0683591,1.26424,0.440794,-2.73757
-0.0046448,0.0592368,0.0680849,1.26497,0.431494,-2.7467
-0.00451825,0.0592795,0.0678097,1.26592,0.422427,-2.75656
-0.00439164,0.0593213,0.0675336,1.26625,0.413548,-2.76646
-0.00426501,0.0593622,0.0672564,1.26674,0.404777,-2.77617
-0.00413829,0.0594022,0.0669784,1.26799,0.3958,-2.78519
-0.00401146,0.0594413,0.0666994,1.2688,0.386417,-2.7941
-0.00388456,0.0594796,0.0664196,1.26931,0.378009,-2.8026
-0.00375754,0.0595169,0.0661388,1.27054,0.369179,-2.81248
-0.00363045,0.0595534,0.0658571,1.27094,0.36076,-2.82278
-0.00350329,0.059589,0.0655743,1.27223,0.350834,-2.83199
-0.00337601,0.0596237,0.0652906,1.27307,0.342272,-2.84231
-0.00324864,0.0596574,0.0650059,1.27453,0.333041,-2.85149
-0.00312121,0.0596903,0.0647203,1.27461,0.323878,-2.86032
-0.00299376,0.0597222,0.0644339,1.27484,0.31513,-2.86897
-0.00286626,0.0597533,0.0641465,1.27493,0.305898,-2.87924
-0.00273873,0.0597834,0.0638581,1.27581,0.296216,-2.88893
-0.00261115,0.0598125,0.0635688,1.27535,0.286075,-2.89814
-0.00248359,0.0598406,0.0632784,1.2758,0.276829,-2.90774
-0.00235596,0.0598678,0.0629871,1.27691,0.267262,-2.91827
-0.00222824,0.0598941,0.0626949,1.27791,0.257406,-2.92734
-0.00210043,0.0599194,0.0624017,1.27814,0.248284,-2.93628
-0.00197257,0.0599437,0.0621076,1.27908,0.239038,-2.94622
-0.00184464,0.0599671,0.0618125,1.27968,0.229296,-2.95631
-0.00171666,0.0599896,0.0615163,1.27986,0.220048,-2.96609
-0.0015886,0.0600111,0.0612193,1.28124,0.210189,-2.97546
-0.00146042,0.0600316,0.0609212,1.28218,0.199842,-2.98483
-0.00133215,0.0600511,0.0606223,1.28353,0.190345,-2.99518
-0.00120379,0.0600696,0.0603222,1.28346,0.18009,-3.00502
-0.0010754,0.0600871,0.0600212,1.28425,0.169198,-3.01617
-0.000946928,0.0601035,0.0597191,1.28533,0.160178,-3.02578
-0.000818416,0.060119,0.059416,1.28521,0.149941,-3.03535
-0.00068988,0.0601335,0.059112,1.28563,0.13843,-3.04497
-0.00056133,0.0601467,0.058807,1.2856,0.127312,-3.05482
-0.000432761,0.0601589,0.058501,1.28573,0.116367,-3.0656
-0.000304141,0.06017,0.058194,1.28647,0.105249,-3.07479
-0.000175427,0.06018,0.057886,1.28793,0.0940006,-3.08512
-4.66051e-05,0.0601889,0.057577,1.28854,0.0838515,-3.0939
8.22316e-05,0.0601967,0.0572672,1.28829,0.0734885,-3.10338
0.000211114,0.0602035,0.0569563,1.28883,0.0626392,-3.11367
0.000340044,0.0602092,0.0566444,1.28936,0.0512881,-3.1244
0.000468957,0.0602137,0.0563315,1.28914,0.0393717,-3.13528
0.000597889,0.0602171,0.0560175,1.28933,0.0279403,-3.14469
0.00072687,0.0602193,0.0557025,1.29014,0.016748,-3.15404
0.000855868,0.0602205,0.0553867,1.28988,0.00547405,-3.16371
0.00098483,0.0602205,0.0550698,1.28941,-0.00537228,-3.1743
0.00111382,0.0602193,0.0547519,1.29022,-0.0172978,-3.18431
0.00124281,0.060217,0.0544329,1.28957,-0.0293398,-3.19509
0.00137177,0.0602135,0.0541129,1.28944,-0.0414266,-3.20565
0.0015007,0.0602087,0.0537918,1.28908,-0.0545325,-3.21519
0.00162963,0.0602026,0.0534697,1.28959,-0.0664511,-3.22571
0.00175865,0.0601954,0.0531466,1.29056,-0.0783444,-3.23657
0.00188768,0.0601869,0.0528224,1.29007,-0.091582,-3.24695
0.00201663,0.0601771,0.0524972,1.28949,-0.104256,-3.25722
0.00214559,0.0601661,0.0521709,1.28963,-0.115941,-3.26791
0.00214559,0.0601661,0.0521709,1.28963,-0.115941,-3.26791
0.00227454,0.0601539,0.0518436,1.28915,-0.128029,-3.2783
0.00240347,0.0601405,0.0515153,1.28908,-0.140212,-3.2888
0.00253238,0.0601259,0.0511859,1.28894,-0.151741,-3.29871
0.00266124,0.0601102,0.0508555,1.28827,-0.163514,-3.30874
0.00278999,0.0600932,0.0505241,1.28667,-0.176393,-3.31902
0.00291862,0.0600749,0.0501917,1.28558,-0.188538,-3.32965
0.00304716,0.0600555,0.0498582,1.28489,-0.200901,-3.3403
0.00317554,0.0600347,0.0495236,1.2837,-0.2145,-3.35045
0.00330386,0.0600126,0.0491881,1.28273,-0.22738,-3.36086
0.00343213,0.0599892,0.0488515,1.28276,-0.241188,-3.37121
0.00356037,0.0599644,0.0485138,1.2822,-0.253748,-3.38263
0.0036885,0.0599384,0.0481749,1.28091,-0.267185,-3.39378
0.0038165,0.059911,0.047835,1.27884,-0.280389,-3.40485
0.00394435,0.0598823,0.047494,1.27815,-0.293616,-3.41573
0.00407211,0.0598523,0.0471519,1.27695,-0.307429,-3.42625
0.00419979,0.0598208,0.0468087,1.2765,-0.321387,-3.43705
0.00432739,0.0597879,0.0464645,1.27567,-0.336736,-3.44719
0.00445493,0.0597536,0.0461192,1.27514,-0.350591,-3.45866
0.00458237,0.0597178,0.0457728,1.27366,-0.364845,-3.4696
0.00470964,0.0596806,0.0454253,1.27188,-0.378844,-3.48048
0.00483675,0.059642,0.0450767,1.27075,-0.392779,-3.49179
0.00496378,0.059602,0.0447269,1.27017,-0.407578,-3.5026
0.00509075,0.0595605,0.0443762,1.26915,-0.422232,-3.51276
0.00521758,0.0595176,0.0440244,1.26767,-0.437034,-3.52321
0.0053443,0.0594731,0.0436716,1.2664,-0.451677,-3.53362
0.00547086,0.0594272,0.0433177,1.26526,-0.466795,-3.54453
0.00559731,0.0593798,0.0429627,1.2635,-0.481865,-3.55568
0.00572359,0.0593308,0.0426065,1.26203,-0.496459,-3.56635
0.00584976,0.0592804,0.0422494,1.26147,-0.512201,-3.57719
0.00597583,0.0592285,0.0418911,1.2599,-0.526937,-3.58779
0.00610178,0.059175,0.0415318,1.2589,-0.542543,-3.59888
0.00622758,0.0591199,0.0411713,1.25724,-0.558948,-3.60984
0.00635321,0.0590632,0.0408098,1.25508,-0.574859,-3.62098
0.00647864,0.0590049,0.0404471,1.25387,-0.591102,-3.6323
0.00660393,0.058945,0.0400833,1.25202,-0.608247,-3.64349
0.00672902,0.0588834,0.0397185,1.25019,-0.624007,-3.65388
0.00685392,0.0588202,0.0393525,1.24781,-0.639278,-3.66486
0.00697869,0.0587554,0.0389855,1.24701,-0.656743,-3.67565
0.00710322,0.0586889,0.0386174,1.24382,-0.67351,-3.68622
0.00722746,0.0586208,0.0382483,1.2408,-0.689749,-3.69659
0.00735145,0.058551,0.0378781,1.23953,-0.706629,-3.7071
0.00747523,0.0584794,0.0375069,1.23655,-0.723453,-3.71783
0.00759878,0.0584062,0.0371346,1.23442,-0.740843,-3.72853
0.00772214,0.0583312,0.0367612,1.23284,-0.75867,-3.73923
0.00784529,0.0582545,0.0363866,1.22998,-0.776895,-3.75097
0.00796814,0.0581759,0.036011,1.22684,-0.794615,-3.76214
0.00809071,0.0580955,0.0356342,1.22434,-0.813763,-3.77333
0.00821299,0.0580132,0.0352563,1.22125,-0.831928,-3.78433
0.00833501,0.0579291,0.0348773,1.21912,-0.850657,-3.79606
0.00845675,0.0578431,0.0344972,1.21569,-0.869511,-3.80649
0.0085782,0.0577552,0.034116,1.21293,-0.888165,-3.81745
0.00869933,0.0576654,0.0337336,1.20935,-0.907341,-3.82972
0.00882013,0.0575737,0.0333501,1.20645,-0.9272,-3.84028
0.00894063,0.05748,0.0329656,1.2036,-0.946843,-3.85128
0.00906081,0.0573843,0.0325799,1.20009,-0.966161,-3.86299
0.00918069,0.0572867,0.032193,1.19732,-0.98579,-3.87364
0.00930021,0.0571871,0.0318051,1.19336,-1.0063,-3.88475
0.00941938,0.0570855,0.031416,1.1902,-1.02626,-3.89615
0.00953824,0.0569818,0.0310259,1.18732,-1.04706,-3.90754
0.00965679,0.0568761,0.0306346,1.1838,-1.06698,-3.91879
0.00977497,0.0567684,0.0302422,1.18007,-1.08809,-3.92892
0.00989283,0.0566586,0.0298488,1.17662,-1.1089,-3.93964
0.0100103,0.0565466,0.0294543,1.17219,-1.13063,-3.95074
0.0101273,0.0564325,0.0290587,1.16804,-1.15144,-3.9609
0.0102439,0.0563162,0.0286621,1.16458,-1.17286,-3.97125
0.0103602,0.0561979,0.0282644,1.16078,-1.19451,-3.98247
0.010476,0.0560773,0.0278656,1.15693,-1.21636,-3.99367
0.0105915,0.0559546,0.0274657,1.15215,-1.23817,-4.00424
0.0107065,0.0558296,0.0270648,1.1466,-1.26104,-4.01466
0.0108209,0.0557024,0.0266628,1.14199,-1.28435,-4.02548
0.0109349,0.0555728,0.0262597,1.1385,-1.30681,-4.03618
0.0110485,0.055441,0.0258555,1.13386,-1.32973,-4.04792
0.0111617,0.0553069,0.0254502,1.1292,-1.35345,-4.05851
0.0112743,0.0551703,0.0250438,1.12332,-1.37756,-4.06904
0.0113864,0.0550314,0.0246363,1.11741,-1.40147,-4.07968
0.0114978,0.05489,0.0242279,1.11241,-1.42618,-4.08959
0.0116088,0.0547462,0.0238185,1.10673,-1.45054,-4.09956
0.0117192,0.0545999,0.0234079,1.10164,-1.47539,-4.11075
0.0118291,0.0544511,0.0229963,1.09619,-1.49972,-4.12165
0.0119385,0.0542999,0.0225836,1.09087,-1.52531,-4.13204
0.0120472,0.0541461,0.0221699,1.0845,-1.55071,-4.14151
0.0121554,0.0539897,0.0217553,1.07822,-1.57724,-4.15138
0.012263,0.0538307,0.0213396,1.07285,-1.60324,-4.16183
0.0123699,0.0536691,0.0209229,1.0663,-1.62965,-4.17215
0.0124762,0.0535048,0.0205051,1.06005,-1.65658,-4.18248
0.0125819,0.0533378,0.0200864,1.05329,-1.68263,-4.19175
0.0126869,0.0531682,0.0196668,1.04621,-1.70887,-4.20125
0.0127911,0.052996,0.0192462,1.03878,-1.73691,-4.21128
0.0128947,0.0528209,0.0188245,1.03177,-1.76451,-4.221
0.0129975,0.052643,0.018402,1.02449,-1.79305,-4.23049
0.0130996,0.0524623,0.0179784,1.01792,-1.82177,-4.24023
0.013201,0.0522787,0.0175539,1.00973,-1.85045,-4.24976
0.0133015,0.0520921,0.0171284,1.00146,-1.88007,-4.25934
0.0134013,0.0519026,0.016702,0.994347,-1.90974,-4.26872
0.0135004,0.0517102,0.0162747,0.986626,-1.93965,-4.27921
0.0135987,0.0515147,0.0158462,0.978642,-1.96997,-4.28882
0.0136961,0.0513163,0.0154169,0.970159,-1.99941,-4.29858
0.0137927,0.0511148,0.0149866,0.961127,-2.02949,-4.30751
0.0138884,0.0509103,0.0145554,0.953135,-2.06149,-4.31682
0.0139833,0.0507025,0.0141232,0.943781,-2.09379,-4.32556
0.0140772,0.0504915,0.0136902,0.935093,-2.12592,-4.33382
0.0141703,0.0502773,0.0132564,0.925565,-2.15863,-4.34337
0.0142624,0.0500597,0.0128216,0.916119,-2.19162,-4.35234
0.0143535,0.0498389,0.012386,0.906309,-2.22493,-4.36007
0.0144436,0.0496147,0.0119496,0.896648,-2.25879,-4.36811
0.0145328,0.0493871,0.0115124,0.886214,-2.2932,-4.37574
0.0146209,0.0491561,0.0110744,0.875523,-2.32734,-4.38315
0.0147079,0.0489216,0.0106357,0.864478,-2.36204,-4.39112
0.0147938,0.0486837,0.0101962,0.853483,-2.39728,-4.39918
0.0148786,0.0484422,0.00975585,0.842498,-2.43282,-4.40727
0.0149623,0.0481971,0.00931478,0.831171,-2.46806,-4.41419
0.0150448,0.0479485,0.00887303,0.819077,-2.50478,-4.42114
0.0151261,0.0476962,0.00843061,0.807693,-2.54084,-4.42748
0.0152063,0.0474402,0.00798756,0.795289,-2.57829,-4.43375
0.0152852,0.0471805,0.00754387,0.782964,-2.61605,-4.44004
0.0153629,0.046917,0.00709964,0.770168,-2.65428,-4.44471
0.0154393,0.0466497,0.00665489,0.756893,-2.69223,-4.45047
0.0155143,0.0463785,0.00620964,0.743793,-2.7309,-4.45485
0.015588,0.0461035,0.00576392,0.729902,-2.7696,-4.45914
0.0156603,0.0458246,0.00531779,0.716314,-2.80866,-4.46312
0.0157312,0.0455417,0.00487123,0.701721,-2.849,-4.46848
0.0158006,0.0452548,0.00442418,0.686645,-2.88951,-4.47244
0.0158685,0.0449638,0.00397672,0.671457,-2.92985,-4.47654
0.0159349,0.0446688,0.00352886,0.656106,-2.97125,-4.48073
0.0159998,0.0443696,0.00308069,0.64059,-3.01292,-4.48258
0.016063,0.0440662,0.00263232,0.623106,-3.05522,-4.48428
0.0161244,0.0437585,0.00218374,0.606801,-3.09848,-4.48674
0.0161843,0.0434465,0.00173494,0.589491,-3.14239,-4.48897
0.0162424,0.0431301,0.00128597,0.572605,-3.1857,-4.49037
0.0162988,0.0428093,0.000836874,0.555023,-3.23065,-4.491
0.0163533,0.0424839,0.000387715,0.536468,-3.27565,-4.4917
0.0164061,0.0421541,-6.1482e-05,0.518271,-3.32086,-4.49196
0.016457,0.0418197,-0.000510668,0.4992,-3.36714,-4.4917
0.016506,0.0414807,-0.00095983,0.481341,-3.41331,-4.49125
0.0165532,0.041137,-0.00140893,0.462519,-3.4599,-4.49057
0.0165985,0.0407887,-0.00185787,0.443011,-3.50712,-4.4886
0.0166418,0.0404355,-0.00230666,0.423356,-3.55584,-4.48676
0.0166831,0.0400775,-0.00275517,0.403762,-3.60426,-4.48355
0.0167224,0.0397147,-0.00320329,0.383101,-3.6537,-4.47874
0.0167596,0.0393469,-0.00365098,0.359957,-3.70247,-4.47517
0.0167945,0.0389741,-0.00409823,0.338295,-3.75274,-4.46994
0.0168272,0.0385963,-0.00454495,0.315873,-3.80285,-4.46477
0.0168576,0.0382135,-0.00499112,0.292689,-3.85411,-4.4582
0.0168858,0.0378255,-0.00543658,0.269438,-3.90575,-4.45094
0.0169115,0.0374323,-0.00588126,0.245839,-3.95795,-4.44284
0.0169349,0.0370339,-0.00632514,0.22109,-4.01009,-4.43495
0.0169558,0.0366302,-0.00676818,0.195933,-4.06309,-4.42536
0.0169741,0.0362212,-0.00721018,0.169938,-4.11692,-4.41502
0.0169897,0.0358068,-0.0076511,0.143665,-4.17087,-4.40313
0.0170028,0.035387,-0.00809078,0.116483,-4.22622,-4.39033
0.017013,0.0349616,-0.00852922,0.0886827,-4.28199,-4.37808
0.0170205,0.0345306,-0.00896634,0.0611011,-4.33776,-4.36418
0.0170252,0.034094,-0.00940204,0.0323402,-4.39498,-4.34954
0.017027,0.0336517,-0.00983616,0.00346385,-4.45175,-4.33264
0.0170259,0.0332037,-0.0102686,-0.0262547,-4.50886,-4.31644
0.0170217,0.0327499,-0.0106994,-0.0571344,-4.56632,-4.2986
0.0170144,0.0322904,-0.0111283,-0.0886275,-4.62397,-4.27882
0.017004,0.031825,-0.0115551,-0.119269,-4.68241,-4.25832
0.0169905,0.0313538,-0.0119799,-0.150849,-4.74189,-4.23741
0.0169738,0.0308766,-0.0124025,-0.184125,-4.80182,-4.214
0.0169537,0.0303935,-0.0128227,-0.21759,-4.86133,-4.18954
0.0169301,0.0299044,-0.0132404,-0.252938,-4.92097,-4.16385
0.0169031,0.0294093,-0.0136554,-0.288616,-4.98007,-4.1361
0.0168724,0.0289083,-0.0140675,-0.324101,-5.03997,-4.10659
0.0168382,0.0284013,-0.0144767,-0.360611,-5.10116,-4.07611
0.0168002,0.0278881,-0.0148827,-0.398298,-5.16209,-4.04396
0.0167585,0.0273689,-0.0152854,-0.436967,-5.22327,-4.01033
0.0167129,0.0268435,-0.0156847,-0.475808,-5.28423,-3.97584
0.0166633,0.026312,-0.0160805,-0.516027,-5.34535,-3.93878
0.0166096,0.0257744,-0.0164724,-0.556985,-5.40589,-3.89991
0.0165518,0.0252308,-0.0168604,-0.598284,-5.46743,-3.85931
0.0164899,0.024681,-0.0172443,-0.640354,-5.52864,-3.81737
0.0164238,0.0241251,-0.0176238,-0.682644,-5.58923,-3.77342
0.0163534,0.0235632,-0.0179989,-0.72505,-5.64943,-3.72792
0.0162787,0.0229952,-0.0183694,-0.769137,-5.70979,-3.68102
0.0161996,0.0224212,-0.018735,-0.813519,-5.76949,-3.63162
0.0161159,0.0218413,-0.0190957,-0.859494,-5.82894,-3.58086
0.0160277,0.0212555,-0.0194511,-0.905783,-5.8878,-3.52692
0.0159347,0.0206637,-0.019801,-0.953027,-5.94654,-3.47118
0.0158371,0.0200662,-0.0201453,-1.00069,-6.00516,-3.41357
0.0157347,0.0194628,-0.0204837,-1.04723,-6.06194,-3.35435
0.0156275,0.0188537,-0.020816,-1.09529,-6.11905,-3.2925
0.0155155,0.0182391,-0.0211421,-1.14529,-6.17358,-3.22886
0.0153986,0.017619,-0.0214617,-1.19342,-6.229,-3.16212
0.0152768,0.0169933,-0.0217745,-1.24268,-6.28368,-3.09342
0.01515,0.0163623,-0.0220804,-1.29316,-6.33716,-3.0239
0.0150181,0.0157259,-0.0223792,-1.34401,-6.3899,-2.95233
0.0148811,0.0150843,-0.0226707,-1.39578,-6.4417,-2.87719
0.0147389,0.0144376,-0.0229546,-1.44728,-6.49149,-2.79984
0.0145916,0.013786,-0.0232306,-1.49954,-6.54018,-2.7198
0.0144391,0.0131297,-0.0234985,-1.55144,-6.58659,-2.6377
0.0142813,0.0124687,-0.0237581,-1.60336,-6.63152,-2.55403
0.0141183,0.0118034,-0.0240093,-1.65669,-6.67506,-2.46929
0.0139501,0.0111338,-0.0242519,-1.70926,-6.71646,-2.38274
0.0137765,0.0104601,-0.0244857,-1.76195,-6.75613,-2.29212
0.0135977,0.00978265,-0.0247103,-1.81477,-6.79315,-2.19976
0.0134135,0.00910151,-0.0249255,-1.8674,-6.82872,-2.10433
0.0132242,0.00841697,-0.0251312,-1.91897,-6.86181,-2.0091
0.0130297,0.00772921,-0.0253272,-1.97202,-6.89323,-1.91182
0.0128299,0.00703843,-0.0255134,-2.02415,-6.92197,-1.8123
0.0126249,0.00634488,-0.0256896,-2.07552,-6.94846,-1.71021
0.0124147,0.00564882,-0.0258556,-2.1271,-6.97189,-1.60867
0.0121995,0.00495054,-0.0260112,-2.17831,-6.99286,-1.50422
0.0119791,0.00425032,-0.0261564,-2.22862,-7.01097,-1.39896
0.0117537,0.00354844,-0.0262909,-2.27912,-7.0262,-1.29144
0.0115233,0.00284522,-0.0264147,-2.32871,-7.03816,-1.18422
0.011288,0.00214089,-0.0265277,-2.37719,-7.04792,-1.07469
0.0110479,0.00143573,-0.0266296,-2.42581,-7.05499,-0.964523
0.010803,0.000729988,-0.0267206,-2.47285,-7.0595,-0.854282
0.0105534,2.39492e-05,-0.0268004,-2.51859,-7.06108,-0.742135
0.0102993,-0.000682053,-0.026869,-2.56353,-7.05818,-0.629633
0.0100407,-0.00138765,-0.0269263,-2.6074,-7.05358,-0.516806
0.00977774,-0.00209258,-0.0269723,-2.65124,-7.04472,-0.404048
0.00951052,-0.00279654,-0.0270071,-2.69327,-7.03427,-0.290378
0.00923917,-0.0034993,-0.0270304,-2.73366,-7.0203,-0.17695
0.00896383,-0.00420049,-0.0270425,-2.77344,-7.00311,-0.0641107
0.0086846,-0.00489981,-0.0270433,-2.81093,-6.9824,0.0482941
0.00840164,-0.00559696,-0.0270328,-2.84774,-6.95969,0.160135
0.0081151,-0.0062917,-0.0270112,-2.88274,-6.93459,0.272227
0.0078251,-0.00698375,-0.0269784,-2.91691,-6.90574,0.383463
0.00753176,-0.00767279,-0.0269345,-2.94945,-6.87451,0.494953
0.00723521,-0.0083586,-0.0268795,-2.98135,-6.84081,0.60455
0.0069356,-0.00904091,-0.0268135,-3.01091,-6.80488,0.714789
0.00663304,-0.00971945,-0.0267366,-3.03908,-6.76563,0.822328
0.00632773,-0.010394,-0.0266491,-3.06655,-6.72575,0.928777
0.00601977,-0.0110645,-0.0265509,-3.09206,-6.68261,1.03511
0.00570932,-0.0117304,-0.0264422,-3.11677,-6.63629,1.13866
0.00539642,-0.0123917,-0.0263232,-3.14086,-6.58778,1.24053
0.00508126,-0.013048,-0.0261941,-3.16218,-6.53924,1.34169
0.00476403,-0.0136994,-0.026055,-3.18198,-6.48804,1.44103
0.00444485,-0.0143455,-0.025906,-3.20124,-6.43401,1.53794
0.00412384,-0.0149861,-0.0257474,-3.21827,-6.37751,1.63337
0.00380121,-0.0156211,-0.0255794,-3.23418,-6.32083,1.72652
0.00347707,-0.0162502,-0.0254022,-3.24839,-6.26244,1.81813
0.00315157,-0.0168735,-0.0252158,-3.2613,-6.20321,1.90905
0.00282485,-0.0174908,-0.0250204,-3.27277,-6.14286,1.99822
0.002497,-0.018102,-0.0248163,-3.28429,-6.08097,2.08427
0.00216808,-0.018707,-0.0246036,-3.29358,-6.01803,2.16778
0.00183831,-0.0193056,-0.0243828,-3.30183,-5.95355,2.24874
0.00150777,-0.0198977,-0.0241539,-3.30911,-5.88907,2.32908
0.00117659,-0.0204834,-0.023917,-3.31452,-5.82402,2.40764
0.000844876,-0.0210624,-0.0236725,-3.31922,-5.75686,2.48349
0.000512849,-0.0216347,-0.0234205,-3.32119,-5.68981,2.5558
0.000180588,-0.0222003,-0.0231613,-3.32358,-5.62232,2.62682
-0.00015185,-0.0227592,-0.0228952,-3.32505,-5.55464,2.69593
-0.000484385,-0.0233112,-0.0226223,-3.32525,-5.4854,2.76286
-0.000816834,-0.0238563,-0.0223427,-3.32359,-5.41724,2.82915
-0.00114915,-0.0243945,-0.0220566,-3.32228,-5.34723,2.89189
-0.00148121,-0.0249258,-0.0217643,-3.31881,-5.27794,2.95296
-0.00181289,-0.0254501,-0.021466,-3.31494,-5.20862,3.01218
-0.00214413,-0.0259675,-0.0211618,-3.31013,-5.1386,3.07029
-0.00247489,-0.0264779,-0.020852,-3.30525,-5.07038,3.12583
-0.00280509,-0.0269816,-0.0205368,-3.29904,-5.00212,3.1781
-0.00313464,-0.0274784,-0.0202164,-3.2919,-4.93417,3.22922
-0.00346346,-0.0279683,-0.019891,-3.28422,-4.86539,3.27886
-0.00379154,-0.0284514,-0.0195608,-3.2775,-4.79612,3.32582
-0.00411891,-0.0289275,-0.0192259,-3.26958,-4.72661,3.37168
-0.00444543,-0.0293968,-0.0188864,-3.26082,-4.65894,3.41597
-0.00477107,-0.0298593,-0.0185427,-3.25198,-4.59117,3.45869
-0.00509574,-0.030315,-0.0181948,-3.24112,-4.52334,3.49919
-0.00541934,-0.030764,-0.0178429,-3.23081,-4.45556,3.53859
-0.00574189,-0.0312062,-0.0174872,-3.22036,-4.38984,3.57584
-0.00606339,-0.0316419,-0.0171278,-3.20967,-4.32345,3.61141
-0.00638377,-0.0320709,-0.0167649,-3.19795,-4.25746,3.64599
-0.00670292,-0.0324935,-0.0163986,-3.18523,-4.19293,3.67908
-0.0070208,-0.0329095,-0.0160291,-3.17241,-4.12857,3.7112
-0.00733744,-0.0333192,-0.0156565,-3.1599,-4.06479,3.74164
-0.00765282,-0.0337225,-0.0152808,-3.14756,-4.00084,3.77105
-0.00796691,-0.0341194,-0.0149023,-3.13414,-3.93836,3.7988
-0.00827963,-0.0345102,-0.0145211,-3.12032,-3.87655,3.82521
-0.00859093,-0.0348948,-0.0141373,-3.10563,-3.81563,3.85111
-0.00890076,-0.0352733,-0.0137509,-3.09082,-3.75493,3.87539
-0.0092091,-0.0356458,-0.0133622,-3.07615,-3.69487,3.89898
-0.00951597,-0.0360123,-0.0129712,-3.06135,-3.63535,3.92155
-0.00982138,-0.0363729,-0.012578,-3.04679,-3.57676,3.942
-0.0101253,-0.0367276,-0.0121828,-3.03212,-3.5178,3.96246
-0.0104278,-0.0370764,-0.0117855,-3.01692,-3.45951,3.9815
-0.0107288,-0.0374196,-0.0113865,-3.00224,-3.40312,3.99868
-0.0110282,-0.0377571,-0.0109859,-2.98652,-3.3467,4.01487
-0.011326,-0.0380889,-0.0105836,-2.96991,-3.2906,4.03076
-0.0116222,-0.0384153,-0.0101798,-2.95454,-3.2358,4.04569
-0.0119169,-0.0387361,-0.00977448,-2.93923,-3.18159,4.06025
-0.01221,-0.0390516,-0.00936776,-2.92283,-3.12844,4.07383
-0.0125015,-0.0393618,-0.00895977,-2.90745,-3.07476,4.08576
-0.0127915,-0.0396666,-0.00855061,-2.89188,-3.02221,4.09726
-0.0130799,-0.0399662,-0.0081404,-2.87533,-2.97002,4.10729
-0.0133666,-0.0402607,-0.00772915,-2.85951,-2.92031,4.1178
-0.0136517,-0.0405502,-0.00731685,-2.84335,-2.8695,4.12787
-0.0139352,-0.0408347,-0.00690366,-2.82682,-2.82025,4.13612
-0.0142171,-0.0411143,-0.00648959,-2.81113,-2.77171,4.1449
-0.0144974,-0.041389,-0.00607469,-2.79499,-2.72369,4.15293
-0.0147761,-0.041659,-0.00565907,-2.77851,-2.67574,4.1593
-0.0150532,-0.0419242,-0.00524285,-2.76299,-2.62829,4.16543
-0.0153287,-0.0421847,-0.00482607,-2.74656,-2.58195,4.1702
-0.0156025,-0.0424406,-0.00440875,-2.72971,-2.53576,4.17589
-0.0158747,-0.0426919,-0.00399093,-2.71405,-2.49033,4.1804
-0.0161453,-0.0429387,-0.0035727,-2.69771,-2.44546,4.18424
-0.0164142,-0.043181,-0.00315408,-2.68067,-2.40122,4.18816
-0.0166815,-0.0434189,-0.00273509,-2.66536,-2.35745,4.1912
-0.0169472,-0.0436526,-0.00231589,-2.64946,-2.31519,4.19285
-0.0172113,-0.043882,-0.00189643,-2.63338,-2.27285,4.19599
-0.0174739,-0.0441072,-0.00147674,-2.61719,-2.23171,4.19757
-0.0177348,-0.0443283,-0.00105694,-2.60119,-2.18986,4.19774
-0.0179941,-0.0445452,-0.000637115,-2.5854,-2.14887,4.19849
-0.0182518,-0.0447581,-0.000217228,-2.56933,-2.10846,4.19904
-0.018508,-0.0449669,0.000202709,-2.55419,-2.06801,4.19963
-0.0187626,-0.0451717,0.000622641,-2.53774,-2.02774,4.19899
-0.0190156,-0.0453725,0.00104255,-2.52178,-1.98825,4.19886
-0.019267,-0.0455694,0.00146238,-2.50659,-1.94951,4.19726
-0.019517,-0.0457625,0.00188206,-2.49203,-1.9126,4.19663
-0.0197654,-0.0459519,0.00230164,-2.47673,-1.87585,4.19492
-0.0200123,-0.0461376,0.00272101,-2.46196,-1.83851,4.19295
-0.0202577,-0.0463196,0.00314018,-2.44619,-1.80171,4.18995
-0.0205016,-0.0464979,0.00355906,-2.43081,-1.7648,4.18743
-0.0207439,-0.0466727,0.00397761,-2.41551,-1.73026,4.18382
-0.0209847,-0.0468439,0.00439585,-2.40055,-1.69517,4.18114
-0.021224,-0.0470117,0.00481381,-2.3856,-1.66125,4.17795
-0.0214618,-0.0471761,0.00523138,-2.37095,-1.62692,4.17369
-0.0216981,-0.0473372,0.00564858,-2.35609,-1.59298,4.17001
-0.021933,-0.0474948,0.00606539,-2.34038,-1.56006,4.16618
-0.0221662,-0.0476491,0.00648179,-2.32505,-1.52652,4.16171
-0.022398,-0.0478002,0.00689778,-2.31073,-1.49435,4.15809
-0.0226284,-0.047948,0.00731337,-2.2964,-1.46275,4.15353
-0.0228573,-0.0480927,0.00772849,-2.28133,-1.43111,4.14874
-0.0230847,-0.0482343,0.0081431,-2.26714,-1.39954,4.14372
-0.0233107,-0.0483726,0.00855725,-2.25309,-1.36721,4.13897
-0.0235353,-0.0485078,0.00897083,-2.24023,-1.33731,4.13304
-0.0237587,-0.04864,0.00938392,-2.22617,-1.30735,4.12798
-0.0239806,-0.0487692,0.00979644,-2.2131,-1.27716,4.1224
-0.0242013,-0.0488955,0.0102084,-2.1995,-1.24759,4.11616
-0.0244205,-0.0490188,0.0106197,-2.18579,-1.21863,4.10998
-0.0246384,-0.0491393,0.0110304,-2.17207,-1.19038,4.10366
-0.0248549,-0.0492569,0.0114404,-2.15832,-1.16175,4.09722
-0.0250701,-0.0493717,0.0118498,-2.14449,-1.13419,4.09135
-0.0252839,-0.0494837,0.0122587,-2.13175,-1.10691,4.08503
-0.0254964,-0.0495931,0.0126668,-2.11838,-1.07929,4.07858
-0.0257076,-0.0496996,0.0130743,-2.10493,-1.0523,4.07118
-0.0259174,-0.0498034,0.0134811,-2.09176,-1.0251,4.06479
-0.0261259,-0.0499046,0.0138872,-2.07869,-0.998479,4.05797
-0.0263331,-0.0500032,0.0142926,-2.06572,-0.973513,4.05003
-0.0265391,-0.0500993,0.0146973,-2.05266,-0.9484,4.04338
-0.0267437,-0.0501929,0.0151013,-2.03931,-0.92295,4.03562
-0.0269469,-0.0502839,0.0155044,-2.02589,-0.898073,4.02714
-0.0271488,-0.0503725,0.0159067,-2.01305,-0.873087,4.01854
-0.0273495,-0.0504586,0.0163082,-2.00003,-0.849635,4.01067
-0.0275488,-0.0505424,0.0167089,-1.98712,-0.825518,4.00387
-0.0277469,-0.0506238,0.0171089,-1.97494,-0.801697,3.9965
-0.0279438,-0.0507028,0.0175082,-1.96311,-0.779231,3.9882
-0.0281395,-0.0507796,0.0179066,-1.95039,-0.755605,3.97996
-0.0283339,-0.050854,0.0183041,-1.93779,-0.732912,3.97125
-0.028527,-0.0509261,0.0187008,-1.92433,-0.709699,3.96261
-0.0287189,-0.0509959,0.0190966,-1.91232,-0.687042,3.95471
-0.0289094,-0.0510635,0.0194917,-1.9,-0.664869,3.94565
-0.0290988,-0.051129,0.0198858,-1.88771,-0.644011,3.93755
-0.029287,-0.0511923,0.0202792,-1.87628,-0.622513,3.93005
-0.0294741,-0.0512535,0.0206718,-1.86448,-0.600964,3.92251
-0.02966,-0.0513125,0.0210636,-1.85347,-0.579346,3.91331
-0.0298447,-0.0513694,0.0214545,-1.84241,-0.558926,3.90492
-0.0300284,-0.0514242,0.0218446,-1.83038,-0.537393,3.8967
-0.0302109,-0.051477,0.0222339,-1.81886,-0.517352,3.88861
-0.0303921,-0.0515277,0.0226223,-1.80672,-0.497754,3.88008
-0.0305722,-0.0515765,0.0230099,-1.79501,-0.477939,3.87098
-0.0307511,-0.0516233,0.0233965,-1.78317,-0.458553,3.86272
-0.0309289,-0.0516682,0.0237824,-1.77238,-0.439023,3.85378
-0.0311056,-0.0517112,0.0241673,-1.76053,-0.42054,3.84527
-0.0312811,-0.0517523,0.0245514,-1.74911,-0.40197,3.83713
-0.0314555,-0.0517915,0.0249347,-1.73877,-0.383018,3.82865
-0.0316288,-0.0518289,0.0253171,-1.72833,-0.363709,3.8197
-0.0318011,-0.0518643,0.0256986,-1.71776,-0.345377,3.81035
-0.0319723,-0.051898,0.0260792,-1.70592,-0.327322,3.8013
-0.0321423,-0.0519298,0.0264589,-1.69478,-0.30987,3.79205
-0.0323113,-0.0519599,0.0268376,-1.68486,-0.29245,3.78222
-0.0324793,-0.0519883,0.0272154,-1.67471,-0.274872,3.77426
-0.0326462,-0.0520149,0.0275924,-1.66386,-0.257185,3.76482
-0.0328121,-0.0520398,0.0279684,-1.65327,-0.240683,3.75619
-0.0329769,-0.052063,0.0283437,-1.64313,-0.223109,3.74772
-0.0331407,-0.0520844,0.028718,-1.63259,-0.206672,3.7394
-0.0333034,-0.0521042,0.0290915,-1.62221,-0.189193,3.72925
-0.0334651,-0.0521224,0.0294639,-1.61169,-0.173123,3.72018
-0.0336257,-0.0521389,0.0298355,-1.60097,-0.157146,3.71068
-0.0337853,-0.0521537,0.0302061,-1.59137,-0.140727,3.70163
-0.033944,-0.052167,0.0305757,-1.58129,-0.124444,3.69172
-0.0341016,-0.0521787,0.0309444,-1.57169,-0.10874,3.68201
-0.0342583,-0.0521887,0.0313122,-1.56152,-0.0921544,3.67303
-0.0344139,-0.0521972,0.031679,-1.55161,-0.0768744,3.66349
-0.0345686,-0.0522041,0.032045,-1.54221,-0.0617537,3.65542
-0.0347223,-0.0522095,0.0324101,-1.53159,-0.0467498,3.64648
-0.034875,-0.0522135,0.0327742,-1.52191,-0.0319494,3.6371
-0.0350266,-0.052216,0.0331375,-1.51169,-0.0178645,3.62785
-0.0351774,-0.052217,0.0334998,-1.50257,-0.00334856,3.61847
-0.0353271,-0.0522167,0.0338612,-1.49263,0.0110463,3.60854
-0.0354759,-0.0522148,0.0342215,-1.48323,0.0256254,3.59901
-0.0356237,-0.0522115,0.0345809,-1.47291,0.0396265,3.58867
-0.0357706,-0.0522068,0.0349394,-1.46313,0.0543331,3.57943
-0.0359164,-0.0522007,0.0352968,-1.45283,0.0685499,3.56995
-0.0360611,-0.0521932,0.0356534,-1.44312,0.0818467,3.56102
-0.036205,-0.0521843,0.036009,-1.43373,0.0962713,3.55138
-0.0363479,-0.052174,0.0363636,-1.42393,0.109958,3.54198
-0.0364898,-0.0521622,0.0367174,-1.41555,0.124252,3.53367
-0.0366309,-0.0521491,0.0370703,-1.40536,0.138745,3.52421
-0.0367709,-0.0521345,0.0374223,-1.39535,0.151967,3.51576
-0.03691,-0.0521187,0.0377735,-1.38616,0.165165,3.50708
-0.0370482,-0.0521015,0.0381237,-1.37746,0.177853,3.49693
-0.0371855,-0.0520831,0.0384728,-1.3687,0.190928,3.48666
-0.0373219,-0.0520634,0.0388211,-1.35937,0.203401,3.47782
-0.0374574,-0.0520424,0.0391684,-1.35099,0.2163,3.46828
-0.0375921,-0.0520201,0.0395147,-1.34234,0.229057,3.4586
-0.0377259,-0.0519966,0.0398601,-1.33327,0.241361,3.44943
-0.0378588,-0.0519718,0.0402047,-1.32459,0.254391,3.44222
-0.0379907,-0.0519458,0.0405485,-1.31464,0.26601,3.43416
-0.0381218,-0.0519186,0.0408914,-1.30667,0.277069,3.42485
-0.038252,-0.0518903,0.0412334,-1.2969,0.289812,3.4154
-0.0383813,-0.0518608,0.0415745,-1.2887,0.300938,3.40559
-0.0385098,-0.05183,0.0419146,-1.28053,0.313148,3.3964
-0.0386374,-0.0517981,0.0422538,-1.27162,0.325207,3.38685
-0.0387641,-0.051765,0.042592,-1.26403,0.337018,3.37805
-0.0388901,-0.0517307,0.0429294,-1.25553,0.348644,3.36903
-0.0390153,-0.0516952,0.0432658,-1.24747,0.360733,3.35981
-0.0391396,-0.0516586,0.0436013,-1.23923,0.371407,3.35031
-0.0392631,-0.0516209,0.0439359,-1.23082,0.382265,3.34115
-0.0393858,-0.0515821,0.0442695,-1.22279,0.39284,3.33148
-0.0395076,-0.0515423,0.0446022,-1.21438,0.4041,3.32244
-0.0396286,-0.0515013,0.044934,-1.20546,0.415372,3.31317
-0.0397488,-0.0514593,0.0452649,-1.19818,0.425456,3.3042
-0.0398682,-0.0514162,0.0455949,-1.19079,0.43619,3.29591
-0.039987,-0.051372,0.045924,-1.18358,0.446366,3.2858
-0.0401049,-0.0513269,0.0462521,-1.17575,0.456273,3.27655
-0.0402221,-0.0512808,0.0465793,-1.16659,0.46604,3.26754
-0.0403384,-0.0512337,0.0469056,-1.15989,0.475477,3.25811
-0.040454,-0.0511857,0.0472309,-1.15159,0.485114,3.24891
-0.0405687,-0.0511367,0.0475554,-1.14362,0.495267,3.23984
-0.0406827,-0.0510867,0.0478789,-1.1367,0.50492,3.2308
-0.040796,-0.0510357,0.0482016,-1.12935,0.515085,3.22246
-0.0409086,-0.0509837,0.0485234,-1.12275,0.524266,3.21369
-0.0410205,-0.0509308,0.0488443,-1.11483,0.533712,3.20512
-0.0411315,-0.050877,0.0491644,-1.1064,0.543242,3.19651
-0.0412418,-0.0508221,0.0494836,-1.09948,0.553264,3.18722
-0.0413514,-0.0507663,0.0498018,-1.09147,0.562825,3.17804
-0.0414602,-0.0507096,0.0501192,-1.08472,0.572404,3.16889
-0.0415683,-0.0506519,0.0504356,-1.0772,0.581374,3.16004
-0.0416757,-0.0505933,0.0507511,-1.07021,0.590107,3.15105
-0.0417823,-0.0505338,0.0510658,-1.06214,0.599226,3.14244
-0.0418882,-0.0504735,0.0513796,-1.05492,0.60826,3.13343
-0.0419933,-0.0504122,0.0516925,-1.04732,0.617049,3.12394
-0.0420977,-0.0503501,0.0520044,-1.04066,0.625388,3.11512
-0.0422014,-0.0502871,0.0523155,-1.03355,0.633284,3.10656
-0.0423044,-0.0502233,0.0526258,-1.02598,0.643141,3.0988
-0.0424066,-0.0501587,0.0529352,-1.0183,0.649689,3.08935
-0.0425081,-0.0500933,0.0532438,-1.01216,0.658609,3.08073
-0.042609,-0.050027,0.0535514,-1.00448,0.667195,3.07204
-0.0427091,-0.0499598,0.0538582,-0.997534,0.675636,3.06377
-0.0428085,-0.0498918,0.0541641,-0.990573,0.6833,3.05426
-0.0429072,-0.0498231,0.0544691,-0.98334,0.691199,3.04544
-0.0430052,-0.0497536,0.0547731,-0.97595,0.699248,3.03619
-0.0431024,-0.0496832,0.0550763,-0.968895,0.708132,3.02749
-0.043199,-0.049612,0.0553786,-0.96184,0.71601,3.01895
-0.0432948,-0.04954,0.0556801,-0.955835,0.723702,3.01011
-0.0433901,-0.0494673,0.0559807,-0.949292,0.730367,3.00168
-0.0434847,-0.0493938,0.0562803,-0.942243,0.738164,2.99212
-0.0435786,-0.0493196,0.0565791,-0.935024,0.746346,2.98298
-0.0436717,-0.0492446,0.0568769,-0.927148,0.754268,2.9739
-0.043764,-0.0491688,0.0571739,-0.920032,0.761749,2.96607
-0.0438557,-0.0490922,0.05747,-0.913208,0.770156,2.95669
-0.0439467,-0.0490147,0.0577653,-0.906442,0.778793,2.94796
-0.044037,-0.0489365,0.0580597,-0.899929,0.785919,2.93992
-0.0441267,-0.0488575,0.0583532,-0.893726,0.793693,2.93177
-0.0442157,-0.0487777,0.058646,-0.886322,0.801579,2.92374
-0.044304,-0.0486972,0.058938,-0.879015,0.808833,2.9151
-0.0443915,-0.048616,0.059229,-0.87246,0.816372,2.90621
-0.0444785,-0.048534,0.0595192,-0.866479,0.823242,2.89764
-0.0445648,-0.0484514,0.0598086,-0.860276,0.829373,2.88963
-0.0446506,-0.0483681,0.0600972,-0.854546,0.836262,2.88195
-0.0447357,-0.0482842,0.0603849,-0.847853,0.842592,2.87314
-0.0448201,-0.0481995,0.0606718,-0.841367,0.850281,2.86523
-0.0449039,-0.0481141,0.060958,-0.834925,0.857761,2.85747
-0.0449871,-0.048028,0.0612433,-0.828248,0.864553,2.84847
-0.0450696,-0.0479413,0.0615277,-0.821825,0.8705,2.8397
-0.0451514,-0.0478539,0.0618112,-0.814738,0.8777,2.83133
-0.0452326,-0.0477657,0.062094,-0.808791,0.884596,2.82342
-0.0453132,-0.047677,0.0623759,-0.802963,0.890062,2.81486
-0.0453932,-0.0475877,0.0626569,-0.797393,0.896606,2.80578
-0.0454726,-0.0474977,0.0629371,-0.790579,0.902689,2.79751
-0.0455513,-0.0474071,0.0632165,-0.784282,0.908332,2.7897
-0.0456294,-0.047316,0.063495,-0.777955,0.914315,2.78179
-0.0457069,-0.0472243,0.0637728,-0.771935,0.920149,2.77325
-0.0457838,-0.047132,0.0640497,-0.766065,0.925865,2.76532
-0.04586,-0.0470391,0.0643259,-0.758992,0.931827,2.75761
-0.0459356,-0.0469456,0.0646012,-0.752766,0.938925,2.74939
-0.0460106,-0.0468514,0.0648758,-0.746268,0.9445,2.74152
-0.0460849,-0.0467566,0.0651495,-0.739216,0.951741,2.73275
-0.0461585,-0.0466611,0.0654223,-0.732586,0.957483,2.72424
-0.0462314,-0.0465651,0.0656943,-0.726431,0.963559,2.71604
-0.0463038,-0.0464684,0.0659655,-0.721092,0.969358,2.70785
-0.0463756,-0.0463712,0.0662358,-0.714586,0.974655,2.69899
-0.0464467,-0.0462735,0.0665054,-0.707744,0.980654,2.69111
-0.0465172,-0.0461751,0.0667741,-0.702026,0.98557,2.68264
-0.046587,-0.0460763,0.0670419,-0.695564,0.991482,2.67443
-0.0466563,-0.0459769,0.067309,-0.690235,0.997281,2.66616
-0.0467251,-0.0458769,0.0675751,-0.68565,1.00258,2.65712
-0.0467934,-0.0457763,0.0678405,-0.680078,1.00863,2.64868
-0.0468611,-0.0456752,0.0681049,-0.673971,1.01435,2.64101
-0.0469282,-0.0455735,0.0683686,-0.668136,1.01942,2.63279
-0.0469946,-0.0454713,0.0686315,-0.661656,1.02374,2.62517
-0.0470605,-0.0453686,0.0688937,-0.655581,1.02933,2.61762
-0.0471258,-0.0452655,0.069155,-0.650019,1.03424,2.60964
-0.0471905,-0.0451617,0.0694156,-0.643981,1.04,2.60116
-0.0472546,-0.0450575,0.0696753,-0.63859,1.04482,2.59296
-0.0473182,-0.0449528,0.0699342,-0.634117,1.04955,2.58474
-0.0473814,-0.0448476,0.0701923,-0.629086,1.055,2.5773
-0.047444,-0.0447418,0.0704496,-0.623303,1.06063,2.56972
-0.0475061,-0.0446355,0.0707062,-0.618386,1.06604,2.56174
-0.0475677,-0.0445286,0.070962,-0.612738,1.07151,2.5548
-0.0476286,-0.0444212,0.0712171,-0.606871,1.07668,2.5477
-0.047689,-0.0443133,0.0714715,-0.601712,1.08119,2.53996
-0.0477489,-0.0442049,0.0717251,-0.596027,1.08561,2.53263
-0.0478082,-0.0440961,0.0719779,-0.59028,1.09127,2.52349
-0.047867,-0.0439867,0.0722298,-0.584602,1.09618,2.51504
-0.0479251,-0.0438768,0.072481,-0.578452,1.10187,2.50748
-0.0479827,-0.0437664,0.0727313,-0.573561,1.10689,2.49905
-0.0480398,-0.0436554,0.0729808,-0.568273,1.11229,2.49113
-0.0480964,-0.043544,0.0732295,-0.562927,1.11691,2.48339
-0.0481524,-0.0434321,0.0734774,-0.557172,1.12083,2.47542
-0.0482079,-0.0433198,0.0737246,-0.552483,1.12464,2.46822
-0.0482629,-0.0432071,0.0739711,-0.547053,1.12931,2.4606
-0.0483173,-0.043094,0.0742167,-0.540724,1.13311,2.45243
-0.0483711,-0.0429804,0.0744615,-0.535419,1.13818,2.44396
-0.0484244,-0.0428664,0.0747056,-0.530165,1.14246,2.43709
-0.0484771,-0.0427519,0.0749489,-0.524708,1.14764,2.429
-0.0485293,-0.0426369,0.0751914,-0.519826,1.151,2.42065
-0.0485811,-0.0425216,0.0754331,-0.515102,1.15593,2.41271
-0.0486323,-0.0424057,0.075674,-0.510531,1.16067,2.40509
-0.0486831,-0.0422895,0.0759141,-0.50577,1.16424,2.3978
-0.0487335,-0.0421728,0.0761535,-0.500809,1.16905,2.39008
-0.0487833,-0.0420557,0.0763921,-0.495712,1.17337,2.38319
-0.0488326,-0.0419381,0.0766301,-0.49076,1.17785,2.3757
-0.0488815,-0.0418201,0.0768673,-0.486933,1.18201,2.36837
-0.04893,-0.0417017,0.0771038,-0.482965,1.18661,2.36116
-0.048978,-0.0415827,0.0773395,-0.4777,1.19166,2.35379
-0.0490255,-0.0414634,0.0775745,-0.472381,1.1961,2.34681
-0.0490726,-0.0413435,0.0778088,-0.467684,1.2011,2.33889
-0.0491191,-0.0412231,0.0780422,-0.462523,1.20596,2.33047
-0.0491651,-0.0411023,0.0782749,-0.457594,1.20978,2.32278
-0.0492106,-0.0409812,0.0785068,-0.452002,1.21384,2.31477
-0.0492555,-0.0408596,0.0787379,-0.447035,1.21743,2.30691
-0.0493,-0.0407376,0.0789682,-0.44228,1.22199,2.29928
-0.049344,-0.0406153,0.0791977,-0.438077,1.22527,2.29237
-0.0493876,-0.0404926,0.0794267,-0.433017,1.22852,2.28587
-0.0494307,-0.0403695,0.0796549,-0.429234,1.23266,2.27816
-0.0494734,-0.0402461,0.0798823,-0.424553,1.2361,2.2708
-0.0495156,-0.0401223,0.080109,-0.419389,1.2399,2.26334
-0.0495572,-0.0399981,0.080335,-0.413502,1.24378,2.25669
-0.0495983,-0.0398735,0.0805603,-0.408989,1.24714,2.24884
-0.0496389,-0.0397486,0.0807848,-0.404312,1.25086,2.24156
-0.0496791,-0.0396234,0.0810086,-0.398706,1.25421,2.23403
-0.0497188,-0.0394979,0.0812316,-0.394037,1.25669,2.22596
-0.049758,-0.039372,0.0814539,-0.389336,1.25973,2.21877
-0.0497967,-0.0392459,0.0816753,-0.38479,1.26318,2.2106
-0.0498349,-0.0391193,0.081896,-0.379307,1.26772,2.20283
-0.0498725,-0.0389924,0.0821159,-0.373907,1.27059,2.19499
-0.0499097,-0.0388652,0.082335,-0.369434,1.27309,2.18757
-0.0499464,-0.0387377,0.0825535,-0.365617,1.27718,2.18079
-0.0499827,-0.0386098,0.0827711,-0.360017,1.28095,2.17318
-0.0500185,-0.0384815,0.0829881,-0.355188,1.28453,2.16626
-0.0500538,-0.0383529,0.0832045,-0.350518,1.28756,2.16001
-0.0500886,-0.038224,0.0834201,-0.346397,1.29056,2.15271
-0.050123,-0.0380948,0.083635,-0.341476,1.29391,2.14515
-0.0501569,-0.0379652,0.0838491,-0.336455,1.29738,2.13697
-0.0501903,-0.0378353,0.0840625,-0.331764,1.30041,2.12943
-0.0502233,-0.0377051,0.0842751,-0.327074,1.3035,2.12246
-0.0502557,-0.0375746,0.0844869,-0.322053,1.30682,2.11455
-0.0502877,-0.0374438,0.084698,-0.318386,1.31042,2.10737
-0.0503193,-0.0373125,0.0849084,-0.312922,1.31408,2.1004
-0.0503504,-0.037181,0.0851181,-0.308429,1.31709,2.09285
-0.050381,-0.0370491,0.085327,-0.303476,1.32092,2.08538
-0.0504111,-0.0369168,0.0855351,-0.298592,1.32535,2.07657
-0.0504407,-0.036784,0.0857423,-0.29418,1.32887,2.06868
-0.0504699,-0.036651,0.0859489,-0.289661,1.33184,2.06172
-0.0504986,-0.0365176,0.0861547,-0.284957,1.33516,2.05476
-0.0505269,-0.0363839,0.0863598,-0.280189,1.33867,2.04679
-0.0505547,-0.0362499,0.0865641,-0.275812,1.34215,2.03971
-0.0505821,-0.0361156,0.0867677,-0.272002,1.34406,2.03292
-0.0506092,-0.035981,0.0869706,-0.269587,1.34755,2.02544
-0.0506359,-0.0358462,0.0871729,-0.264314,1.34941,2.01872
-0.0506621,-0.0357111,0.0873744,-0.260201,1.35289,2.01152
-0.0506879,-0.0355756,0.0875751,-0.255169,1.35656,2.00405
-0.0507132,-0.0354398,0.0877751,-0.250178,1.35878,1.9961
-0.050738,-0.0353038,0.0879744,-0.24648,1.36202,1.98907
-0.0507624,-0.0351674,0.0881729,-0.241381,1.36534,1.98231
-0.0507863,-0.0350308,0.0883708,-0.236881,1.36758,1.97459
-0.0508098,-0.0348939,0.0885679,-0.232705,1.36994,1.96761
-0.0508328,-0.0347568,0.0887643,-0.228104,1.37333,1.95979
-0.0508554,-0.0346193,0.0889599,-0.223967,1.37628,1.95223
-0.0508776,-0.0344815,0.0891548,-0.219586,1.37883,1.94564
-0.0508993,-0.0343435,0.0893489,-0.215453,1.38159,1.93758
-0.0509207,-0.0342052,0.0895423,-0.211179,1.38465,1.92998
-0.0509416,-0.0340666,0.0897349,-0.207083,1.38733,1.9232
-0.0509622,-0.0339277,0.0899269,-0.203723,1.38944,1.91578
-0.0509823,-0.0337887,0.0901181,-0.198633,1.39162,1.90844
-0.051002,-0.0336494,0.0903086,-0.196079,1.39443,1.90142
-0.0510214,-0.0335098,0.0904983,-0.191339,1.39689,1.89402
-0.0510403,-0.03337,0.0906874,-0.187481,1.39951,1.88755
-0.0510589,-0.0332299,0.0908759,-0.183278,1.40188,1.88119
-0.0510769,-0.0330896,0.0910636,-0.178741,1.40501,1.87474
-0.0510946,-0.032949,0.0912508,-0.175079,1.40703,1.86742
-0.0511119,-0.0328082,0.0914372,-0.170788,1.40928,1.8613
-0.0511288,-0.0326671,0.091623,-0.167499,1.41161,1.85397
-0.0511454,-0.0325259,0.0918081,-0.163725,1.4137,1.84777
-0.0511615,-0.0323844,0.0919926,-0.159162,1.41594,1.84231
-0.0511772,-0.0322426,0.0921764,-0.154332,1.41947,1.83487
-0.0511924,-0.0321006,0.0923596,-0.149509,1.4216,1.82832
-0.0512071,-0.0319584,0.0925421,-0.144323,1.42317,1.82163
-0.0512214,-0.0318159,0.0927239,-0.141307,1.42586,1.81463
-0.0512353,-0.0316732,0.092905,-0.137461,1.42784,1.80841
-0.0512489,-0.0315303,0.0930855,-0.133838,1.42964,1.80139
-0.051262,-0.0313873,0.0932653,-0.129284,1.43109,1.79447
-0.0512747,-0.0312441,0.0934444,-0.124602,1.43307,1.78705
-0.051287,-0.0311006,0.0936228,-0.120994,1.43568,1.7807
-0.0512989,-0.0309569,0.0938005,-0.116975,1.43835,1.77449
-0.0513104,-0.030813,0.0939776,-0.113237,1.44097,1.76755
-0.0513216,-0.0306687,0.0941541,-0.1101,1.44421,1.76104
-0.0513324,-0.0305241,0.0943298,-0.106389,1.44686,1.75401
-0.0513428,-0.0303793,0.0945049,-0.102194,1.44908,1.74797
-0.0513528,-0.0302344,0.0946794,-0.0982938,1.45043,1.74227
-0.0513625,-0.0300891,0.0948533,-0.094744,1.45392,1.73574
-0.0513717,-0.0299437,0.0950265,-0.0901927,1.45594,1.72877
-0.0513805,-0.0297979,0.0951991,-0.0862097,1.45869,1.72235
-0.0513889,-0.029652,0.095371,-0.0821423,1.46075,1.71494
-0.0513969,-0.0295057,0.0955421,-0.0783936,1.46381,1.70836
-0.0514046,-0.0293593,0.0957127,-0.075043,1.46505,1.70194
-0.0514119,-0.0292127,0.0958825,-0.0702631,1.46733,1.69577
-0.0514187,-0.0290658,0.0960519,-0.0661041,1.47062,1.69043
-0.0514251,-0.0289187,0.0962206,-0.0621608,1.47253,1.68466
-0.0514311,-0.0287713,0.0963888,-0.0581132,1.47502,1.6787
-0.0514367,-0.0286238,0.0965563,-0.0536346,1.47586,1.67148
-0.0514419,-0.0284761,0.0967231,-0.0500889,1.47787,1.66428
-0.0514467,-0.0283282,0.0968892,-0.0459161,1.47997,1.65798
-0.0514512,-0.0281801,0.0970546,-0.0436272,1.48218,1.65154
-0.0514554,-0.0280317,0.0972195,-0.0411746,1.48439,1.64514
-0.0514593,-0.0278832,0.0973837,-0.0366331,1.48647,1.63901
-0.0514628,-0.0277345,0.0975473,-0.0329404,1.48881,1.63237
-0.0514659,-0.0275855,0.0977102,-0.0298447,1.48989,1.62594
-0.0514687,-0.0274364,0.0978724,-0.0266769,1.49247,1.61897
-0.0514712,-0.0272871,0.098034,-0.0233705,1.49432,1.61228
-0.0514734,-0.0271375,0.0981948,-0.0202601,1.49598,1.60461
-0.0514752,-0.0269879,0.0983549,-0.0164633,1.4974,1.59751
-0.0514767,-0.0268381,0.0985143,-0.0127504,1.49994,1.59085
-0.0514777,-0.0266879,0.0986732,-0.008486,1.50211,1.58504
-0.0514784,-0.0265377,0.0988313,-0.00501904,1.50338,1.5781
-0.0514788,-0.0263873,0.0989888,-0.00205131,1.50425,1.57151
-0.0514788,-0.0262367,0.0991456,0.00176388,1.5065,1.56479
-0.0514785,-0.026086,0.0993018,0.00533202,1.50767,1.55907
-0.0514778,-0.025935,0.0994574,0.00860923,1.51125,1.55339
-0.0514767,-0.0257838,0.0996125,0.0121741,1.51271,1.54712
-0.0514753,-0.0256325,0.0997669,0.0165334,1.514,1.54127
-0.0514734,-0.0254811,0.0999207,0.0202688,1.51496,1.53528
-0.0514712,-0.0253295,0.100074,0.0240889,1.51685,1.52891
-0.0514686,-0.0251777,0.100226,0.0277795,1.51795,1.52211
-0.0514656,-0.0250258,0.100378,0.0317583,1.51942,1.51602
-0.0514623,-0.0248738,0.10053,0.0350606,1.52078,1.50909
-0.0514586,-0.0247217,0.10068,0.039075,1.52206,1.50288
-0.0514545,-0.0245693,0.10083,0.0418898,1.52417,1.49624
-0.0514501,-0.0244168,0.100979,0.0459904,1.52545,1.48985
-0.0514453,-0.0242642,0.101128,0.0501307,1.52805,1.48257
-0.0514401,-0.0241113,0.101276,0.0537787,1.53015,1.47544
-0.0514346,-0.0239582,0.101423,0.0579578,1.5314,1.46866
-0.0514286,-0.0238049,0.10157,0.0623464,1.5333,1.46279
-0.0514221,-0.0236515,0.101716,0.0666526,1.53498,1.45701
-0.0514152,-0.023498,0.101861,0.0707375,1.53596,1.45048
-0.051408,-0.0233444,0.102006,0.073662,1.5362,1.44411
-0.0514005,-0.0231907,0.10215,0.076244,1.53707,1.43815
-0.0514005,-0.0231907,0.10215,0.076244,1.53707,1.43815
-0.0513926,-0.0230369,0.102294,0.0823889,1.53827,1.43194
-0.051384,-0.0228831,0.102436,0.0892486,1.53935,1.42455
-0.0513748,-0.022729,0.102578,0.0956555,1.541,1.4173
-0.0513649,-0.0225749,0.10272,0.101913,1.54153,1.41112
-0.0513544,-0.0224207,0.102861,0.108699,1.54233,1.40426
-0.0513432,-0.0222664,0.103001,0.114352,1.54281,1.39804
-0.0513315,-0.0221121,0.10314,0.119953,1.54403,1.39182
-0.0513191,-0.0219576,0.103279,0.126589,1.54549,1.38475
-0.0513062,-0.021803,0.103417,0.132294,1.54707,1.37779
-0.0512927,-0.0216483,0.103555,0.138584,1.54736,1.3714
-0.0512785,-0.0214935,0.103691,0.144776,1.54805,1.36473
-0.0512637,-0.0213387,0.103828,0.150694,1.54912,1.35711
-0.0512484,-0.0211837,0.103963,0.156466,1.55024,1.3505
-0.0512325,-0.0210287,0.104098,0.161955,1.55039,1.34361
-0.051216,-0.0208736,0.104232,0.167912,1.55172,1.33601
-0.0511989,-0.0207184,0.104365,0.174377,1.55296,1.32893
-0.0511811,-0.020563,0.104497,0.179962,1.55402,1.32251
-0.0511628,-0.0204075,0.104629,0.185851,1.55569,1.31727
-0.0511439,-0.0202519,0.104761,0.192188,1.55715,1.31063
-0.0511243,-0.0200961,0.104892,0.199527,1.55766,1.30432
-0.0511041,-0.0199403,0.105022,0.20546,1.55895,1.29709
-0.0510832,-0.0197844,0.105151,0.212035,1.56004,1.28856
-0.0510617,-0.0196283,0.105279,0.218198,1.56084,1.28204
-0.0510396,-0.0194722,0.105407,0.223272,1.56149,1.27587
-0.0510169,-0.019316,0.105535,0.229629,1.56253,1.26901
-0.0509937,-0.0191597,0.105661,0.236355,1.5645,1.26227
-0.0509697,-0.0190032,0.105787,0.242093,1.56553,1.25512
-0.0509452,-0.0188466,0.105912,0.248493,1.56662,1.2486
-0.0509201,-0.0186899,0.106037,0.253753,1.56805,1.24154
-0.0508945,-0.018533,0.10616,0.258934,1.56881,1.2344
-0.0508683,-0.0183761,0.106284,0.26397,1.56941,1.22712
-0.0508416,-0.0182192,0.106406,0.269907,1.57044,1.21953
-0.0508143,-0.0180621,0.106527,0.275737,1.5716,1.21365
-0.0507865,-0.0179048,0.106649,0.281788,1.57305,1.20777
-0.050758,-0.0177474,0.106769,0.288061,1.57419,1.20106
-0.0507289,-0.01759,0.106889,0.294,1.57513,1.19406
-0.0506992,-0.0174324,0.107008,0.300263,1.57566,1.18697
-0.0506689,-0.0172749,0.107126,0.305575,1.57558,1.18024
-0.0506381,-0.0171173,0.107244,0.310846,1.57522,1.17342
-0.0506066,-0.0169598,0.107361,0.31736,1.57537,1.16681
-0.0505746,-0.0168022,0.107477,0.323354,1.57658,1.16018
-0.050542,-0.0166445,0.107593,0.328341,1.57694,1.15361
-0.050509,-0.0164868,0.107708,0.333276,1.57772,1.14655
-0.0504753,-0.016329,0.107822,0.339605,1.57857,1.14021
-0.0504411,-0.0161711,0.107936,0.345401,1.57964,1.13426
-0.0504063,-0.016013,0.108049,0.351335,1.58095,1.12708
-0.0503708,-0.0158549,0.108162,0.357487,1.5815,1.12118
-0.0503348,-0.0156967,0.108273,0.36318,1.58195,1.11485
-0.0502981,-0.0155385,0.108384,0.369947,1.58239,1.10782
-0.0502608,-0.0153802,0.108495,0.376018,1.58417,1.10075
-0.0502229,-0.0152218,0.108605,0.383029,1.58474,1.09429
-0.0501843,-0.0150633,0.108714,0.38849,1.58451,1.08727
-0.0501452,-0.0149048,0.108822,0.393964,1.58476,1.08108
-0.0501055,-0.0147464,0.10893,0.400614,1.58485,1.07571
-0.0500651,-0.0145879,0.109037,0.406815,1.58534,1.06926
-0.0500241,-0.0144293,0.109144,0.41241,1.58621,1.06238
-0.0499826,-0.0142706,0.10925,0.417595,1.5858,1.0564
-0.0499406,-0.014112,0.109355,0.423076,1.58663,1.04982
-0.049898,-0.0139533,0.10946,0.428252,1.58726,1.04366
-0.0498549,-0.0137946,0.109564,0.434556,1.58763,1.0372
-0.0498111,-0.0136358,0.109667,0.441371,1.58824,1.03067
-0.0497667,-0.0134769,0.10977,0.446794,1.58915,1.02365
-0.0497217,-0.013318,0.109872,0.453117,1.58955,1.01698
-0.0496761,-0.013159,0.109973,0.458973,1.59015,1.01086
-0.0496299,-0.013,0.110074,0.464466,1.59036,1.00467
-0.0495832,-0.0128409,0.110174,0.470724,1.59101,0.998042
-0.0495358,-0.0126818,0.110274,0.476455,1.59132,0.991593
-0.0494878,-0.0125227,0.110373,0.483349,1.59117,0.986043
-0.0494393,-0.0123636,0.110471,0.487196,1.59084,0.978504
-0.0493903,-0.0122045,0.110568,0.49291,1.5905,0.973096
-0.0493406,-0.0120455,0.110665,0.499038,1.59092,0.966151
-0.0492905,-0.0118864,0.110762,0.504744,1.59087,0.961006
-0.0492397,-0.0117273,0.110858,0.509918,1.59061,0.954034
-0.0491885,-0.0115683,0.110953,0.515755,1.58997,0.947224
-0.0491366,-0.0114092,0.111047,0.520952,1.59063,0.939814
-0.0490843,-0.0112502,0.111141,0.525558,1.59049,0.93237
-0.0490315,-0.0110912,0.111234,0.531447,1.58981,0.926908
-0.048978,-0.0109322,0.111326,0.537304,1.58977,0.919564
-0.048924,-0.0107732,0.111417,0.542907,1.59021,0.913066
-0.0488694,-0.0106141,0.111508,0.548286,1.59115,0.905694
-0.0488144,-0.010455,0.111599,0.552673,1.59151,0.8994
-0.0487588,-0.0102958,0.111688,0.557803,1.5921,0.894066
-0.0487028,-0.0101366,0.111777,0.562744,1.59242,0.887901
-0.0486463,-0.00997734,0.111866,0.567827,1.59239,0.881786
-0.0485892,-0.00981806,0.111954,0.572842,1.5929,0.875157
-0.0485317,-0.00965873,0.112041,0.577903,1.59363,0.868256
-0.0484737,-0.00949941,0.112127,0.582657,1.59313,0.862376
-0.0484151,-0.00934006,0.112213,0.587657,1.59335,0.855728
-0.0483561,-0.00918077,0.112299,0.592514,1.5926,0.848772
-0.0482966,-0.00902151,0.112383,0.597331,1.59246,0.842493
-0.0482366,-0.00886225,0.112467,0.602624,1.5927,0.835917
-0.0481761,-0.00870298,0.11255,0.608911,1.5928,0.83025
-0.0481149,-0.00854368,0.112633,0.614118,1.59309,0.823578
-0.0480532,-0.00838443,0.112715,0.620701,1.59259,0.81683
-0.0479908,-0.00822516,0.112796,0.626247,1.59278,0.810083
-0.0479279,-0.0080659,0.112877,0.631579,1.59257,0.803739
-0.0478645,-0.00790666,0.112957,0.63678,1.59252,0.797041
-0.0478005,-0.0077474,0.113037,0.642959,1.59243,0.790858
-0.047736,-0.00758811,0.113115,0.648069,1.59323,0.784131
-0.0476709,-0.00742879,0.113193,0.653171,1.59309,0.776837
-0.0476053,-0.00726951,0.113271,0.659239,1.59261,0.770828
-0.0475391,-0.00711024,0.113348,0.664651,1.59261,0.764787
-0.0474724,-0.006951,0.113424,0.67017,1.59229,0.757808
-0.047405,-0.00679177,0.113499,0.676592,1.59205,0.751948
-0.0473372,-0.0066326,0.113574,0.680833,1.59129,0.744687
-0.0472688,-0.0064735,0.113648,0.686535,1.59076,0.737335
-0.0471999,-0.00631444,0.113721,0.691828,1.59101,0.730694
-0.0471304,-0.00615534,0.113794,0.697008,1.59096,0.723797
-0.0470604,-0.00599625,0.113866,0.702791,1.59069,0.718385
-0.0469899,-0.00583714,0.113938,0.708135,1.59111,0.711266
-0.0469188,-0.00567802,0.114009,0.714089,1.59138,0.70491
-0.0468471,-0.00551896,0.114079,0.718837,1.59014,0.698965
-0.046775,-0.00535993,0.114148,0.724106,1.58992,0.692284
-0.0467023,-0.0052009,0.114217,0.72939,1.59071,0.686052
-0.0466292,-0.00504181,0.114286,0.734473,1.5911,0.679991
-0.0465554,-0.00488268,0.114353,0.7407,1.59198,0.67459
-0.046481,-0.0047235,0.11442,0.74623,1.59223,0.668425
-0.0464061,-0.00456432,0.114487,0.751529,1.59175,0.662472
-0.0463307,-0.00440518,0.114553,0.757377,1.5911,0.657312
-0.0462546,-0.00424607,0.114618,0.76312,1.59142,0.650627
-0.0461781,-0.00408691,0.114683,0.768038,1.59169,0.644146
-0.046101,-0.00392771,0.114747,0.773235,1.59189,0.637922
-0.0460234,-0.00376858,0.114811,0.77827,1.59064,0.631527
-0.0459454,-0.00360954,0.114873,0.783659,1.59025,0.624608
-0.0458667,-0.00345055,0.114936,0.789502,1.5898,0.617821
-0.0457875,-0.00329158,0.114997,0.793959,1.5894,0.610698
-0.0457079,-0.00313265,0.115058,0.799741,1.58922,0.603849
-0.0456276,-0.00297374,0.115118,0.805519,1.58861,0.59794
-0.0455468,-0.00281488,0.115177,0.81011,1.58888,0.592222
-0.0454655,-0.00265606,0.115236,0.815155,1.58743,0.585487
-0.0453838,-0.00249732,0.115294,0.820236,1.58714,0.578395
-0.0453015,-0.00233863,0.115352,0.825324,1.58685,0.573012
-0.0452186,-0.00217998,0.115409,0.831181,1.58611,0.566206
-0.0451353,-0.00202141,0.115465,0.836757,1.58559,0.55996
-0.0450513,-0.00186287,0.115521,0.843458,1.58517,0.553234
-0.0449667,-0.00170443,0.115576,0.848015,1.58383,0.546669
-0.0448816,-0.00154605,0.11563,0.853501,1.58328,0.540161
-0.044796,-0.00138776,0.115684,0.85833,1.58265,0.533805
-0.04471,-0.00122953,0.115737,0.863136,1.58208,0.5273
-0.0446234,-0.00107134,0.115789,0.868615,1.58144,0.520352
-0.0445362,-0.000913182,0.115841,0.874396,1.58204,0.514455
-0.0444485,-0.000754964,0.115892,0.880691,1.58225,0.508553
-0.0443601,-0.000596794,0.115943,0.886928,1.58106,0.502482
-0.0442711,-0.000438661,0.115993,0.892309,1.58138,0.495773
-0.0441816,-0.000280556,0.116042,0.898249,1.58067,0.489521
-0.0440915,-0.000122553,0.116091,0.903523,1.57947,0.482394
-0.0440009,3.53979e-05,0.116138,0.909221,1.57978,0.475909
-0.0439097,0.000193309,0.116186,0.914829,1.5788,0.470023
-0.0438179,0.000351194,0.116232,0.920516,1.57871,0.463787
-0.0437256,0.000509068,0.116279,0.925938,1.57912,0.457673
-0.0436327,0.000666945,0.116324,0.930911,1.57858,0.451369
-0.0435394,0.000824762,0.116369,0.935805,1.57812,0.445316
-0.0434456,0.000982478,0.116413,0.94065,1.57616,0.438597
-0.0433512,0.00114005,0.116457,0.946063,1.57549,0.432732
-0.0432563,0.00129758,0.1165,0.951213,1.5749,0.42675
-0.0431609,0.00145505,0.116542,0.957251,1.57422,0.419818
-0.0430649,0.00161243,0.116584,0.96246,1.57355,0.413576
-0.0429684,0.00176979,0.116625,0.9676,1.57333,0.406192
-0.0428714,0.0019271,0.116665,0.972863,1.57307,0.400114
-0.0427738,0.00208437,0.116705,0.977811,1.57197,0.394647
-0.0426758,0.00224155,0.116744,0.983812,1.57156,0.388425
-0.0425771,0.00239863,0.116782,0.989867,1.57024,0.382375
-0.0424778,0.00255568,0.11682,0.995478,1.57033,0.375989
-0.042378,0.00271271,0.116857,1.00054,1.57001,0.369248
-0.0422777,0.00286967,0.116894,1.00668,1.56916,0.362368
-0.0421768,0.00302656,0.11693,1.01125,1.56838,0.356107
-0.0420754,0.00318334,0.116965,1.01648,1.56728,0.349714
-0.0419735,0.00334001,0.117,1.02154,1.56593,0.344606
-0.0418711,0.0034965,0.117034,1.02728,1.56431,0.338946
-0.0417681,0.00365295,0.117068,1.03207,1.56461,0.332612
-0.0416646,0.00380941,0.117101,1.03706,1.56467,0.326043
-0.0415607,0.00396582,0.117133,1.04206,1.56339,0.32041
-0.0414562,0.00412214,0.117165,1.04779,1.56293,0.313132
-0.0413511,0.00427839,0.117196,1.05342,1.56199,0.3078
-0.0412455,0.00443456,0.117226,1.05833,1.5615,0.301855
-0.0411394,0.00459069,0.117256,1.0641,1.56095,0.295694
-0.0410328,0.00474675,0.117285,1.06913,1.56027,0.289382
-0.0409256,0.00490274,0.117314,1.07428,1.55974,0.282381
-0.0408179,0.00505863,0.117342,1.07934,1.55811,0.277346
-0.0407097,0.00521437,0.117369,1.08477,1.55694,0.271559
-0.0406009,0.00537002,0.117396,1.09053,1.55653,0.263621
-0.0404917,0.00552564,0.117422,1.09492,1.55572,0.257909
-0.0403818,0.0056812,0.117448,1.10145,1.55537,0.25061
-0.0402714,0.00583668,0.117472,1.10694,1.55429,0.244239
-0.0401605,0.00599212,0.117496,1.11103,1.55442,0.238134
-0.0400492,0.00614752,0.11752,1.11593,1.55345,0.231159
-0.0399373,0.00630287,0.117543,1.12145,1.55355,0.224794
-0.0398249,0.0064582,0.117565,1.12622,1.55295,0.217818
-0.039712,0.00661345,0.117586,1.13151,1.55211,0.210714
-0.0395986,0.00676862,0.117607,1.13637,1.5513,0.205157
-0.0394846,0.00692368,0.117627,1.14235,1.55001,0.199243
-0.0393702,0.00707861,0.117647,1.14687,1.54897,0.192604
-0.0392552,0.00723345,0.117666,1.15227,1.54741,0.186212
-0.0391397,0.00738812,0.117684,1.15719,1.54597,0.180511
-0.0390238,0.00754269,0.117702,1.16195,1.54499,0.173602
-0.0389074,0.00769715,0.117719,1.16666,1.54442,0.166155
-0.0387904,0.00785153,0.117735,1.17229,1.54285,0.160054
-0.038673,0.00800578,0.117751,1.17691,1.54209,0.153418
-0.0385551,0.00815996,0.117766,1.18184,1.54178,0.147409
-0.0384366,0.00831413,0.11778,1.18655,1.54154,0.140703
-0.0383177,0.00846824,0.117794,1.1912,1.54029,0.134019
-0.0381984,0.00862225,0.117807,1.1953,1.53987,0.127525
-0.0380787,0.0087762,0.117819,1.19987,1.5389,0.121011
-0.0379584,0.00893001,0.117831,1.20485,1.53763,0.114773
-0.0378377,0.00908374,0.117842,1.20914,1.53688,0.107714
-0.0377165,0.00923738,0.117853,1.21482,1.53624,0.101314
-0.0375948,0.00939103,0.117863,1.21988,1.53632,0.0948559
-0.0374726,0.00954463,0.117872,1.22477,1.53553,0.0889636
-0.0373499,0.00969811,0.11788,1.22878,1.53391,0.0824182
-0.0372268,0.00985143,0.117888,1.23412,1.53276,0.0757563
-0.0371031,0.0100047,0.117896,1.23958,1.5317,0.0699482
-0.0369789,0.0101578,0.117902,1.24434,1.53144,0.0633445
-0.0368542,0.0103109,0.117908,1.24863,1.53036,0.0574544
-0.0367291,0.0104639,0.117914,1.25338,1.52953,0.050993
-0.0366036,0.0106168,0.117919,1.25834,1.52883,0.0454411
-0.0364775,0.0107696,0.117923,1.26284,1.52789,0.0379691
-0.036351,0.0109224,0.117926,1.26678,1.52648,0.0303363
-0.0362241,0.0110749,0.117929,1.27191,1.52514,0.0235957
-0.0360967,0.0112274,0.117931,1.27646,1.52346,0.0168945
-0.0359688,0.0113796,0.117932,1.27997,1.52206,0.0103084
-0.0358406,0.0115317,0.117933,1.28471,1.5201,0.00353198
-0.0357119,0.0116837,0.117933,1.28918,1.51981,-0.0039689
-0.0355827,0.0118357,0.117932,1.29502,1.51999,-0.00901275
-0.035453,0.0119877,0.117931,1.29926,1.51906,-0.0160405
-0.0353229,0.0121395,0.117929,1.3029,1.51817,-0.0233007
-0.0351924,0.0122912,0.117926,1.30752,1.51667,-0.0297534
-0.0350614,0.0124429,0.117923,1.31251,1.51589,-0.0365609
-0.0349299,0.0125944,0.117919,1.31769,1.51462,-0.043067
-0.0347978,0.0127457,0.117914,1.32388,1.5118,-0.0492243
-0.0346652,0.0128969,0.117909,1.32808,1.51101,-0.0556819
-0.0345322,0.0130479,0.117903,1.33206,1.5104,-0.0629003
-0.0343987,0.0131989,0.117897,1.33761,1.50961,-0.0702734
-0.0342647,0.0133498,0.117889,1.34175,1.50802,-0.0765567
-0.0341302,0.0135006,0.117881,1.34729,1.50727,-0.0833894
-0.0339953,0.0136512,0.117873,1.35157,1.50534,-0.0898415
-0.0338598,0.0138017,0.117863,1.35754,1.50383,-0.0962028
-0.0337238,0.013952,0.117853,1.36221,1.50273,-0.103237
-0.0335873,0.0141022,0.117843,1.36684,1.50106,-0.110239
-0.0334504,0.0142522,0.117831,1.3712,1.49956,-0.117579
-0.0333131,0.0144021,0.117819,1.37534,1.49875,-0.123418
-0.0331753,0.0145519,0.117807,1.3801,1.49736,-0.130095
-0.0330371,0.0147016,0.117793,1.38542,1.49602,-0.137143
-0.0328983,0.0148512,0.117779,1.39019,1.49536,-0.143347
-0.032759,0.0150007,0.117764,1.39515,1.49439,-0.151264
-0.0326193,0.01515,0.117749,1.39851,1.49249,-0.157679
-0.0324792,0.0152992,0.117733,1.40358,1.49075,-0.164416
-0.0323386,0.0154482,0.117716,1.40836,1.48904,-0.170894
-0.0321975,0.015597,0.117699,1.41384,1.48727,-0.177498
-0.0320559,0.0157457,0.117681,1.4182,1.48562,-0.184626
-0.0319138,0.0158942,0.117662,1.42354,1.48396,-0.191076
-0.0317713,0.0160425,0.117642,1.42757,1.48212,-0.197211
-0.0316283,0.0161906,0.117622,1.43217,1.48089,-0.20269
-0.0314848,0.0163386,0.117602,1.43669,1.47964,-0.208462
-0.0313409,0.0164866,0.117581,1.44047,1.47923,-0.216057
-0.0311966,0.0166344,0.117559,1.4456,1.47797,-0.222503
-0.0310519,0.0167821,0.117536,1.44913,1.47668,-0.229274
-0.0309067,0.0169297,0.117513,1.45459,1.47479,-0.23602
-0.0307611,0.0170771,0.117489,1.459,1.47317,-0.24308
-0.0306149,0.0172244,0.117464,1.46345,1.47226,-0.249836
-0.0304683,0.0173715,0.117439,1.46858,1.47096,-0.256538
-0.0303213,0.0175186,0.117413,1.47306,1.47023,-0.263944
-0.0301737,0.0176655,0.117386,1.47732,1.46831,-0.27166
-0.0300258,0.0178123,0.117359,1.48202,1.46788,-0.279051
-0.0298774,0.017959,0.11733,1.48526,1.46583,-0.286059
-0.0297287,0.0181054,0.117301,1.4898,1.4635,-0.292789
-0.0295794,0.0182517,0.117272,1.49477,1.46221,-0.299812
-0.0294297,0.0183978,0.117241,1.49954,1.45984,-0.307177
-0.0292795,0.0185437,0.11721,1.50396,1.45837,-0.313979
-0.0291289,0.0186895,0.117179,1.50868,1.45695,-0.321425
-0.0289778,0.0188351,0.117146,1.51274,1.45496,-0.328658
-0.0288264,0.0189805,0.117113,1.51626,1.4526,-0.334688
-0.0286745,0.0191257,0.117079,1.52123,1.45143,-0.341622
-0.0285222,0.0192707,0.117045,1.52451,1.44906,-0.347812
-0.0283695,0.0194156,0.117009,1.52957,1.44799,-0.355405
-0.0282164,0.0195604,0.116974,1.53363,1.44715,-0.36083
-0.0280627,0.019705,0.116937,1.53866,1.44629,-0.367183
-0.0279087,0.0198496,0.1169,1.54313,1.44497,-0.372988
-0.0277542,0.019994,0.116863,1.54677,1.44278,-0.379387
-0.0275993,0.0201382,0.116824,1.5507,1.44167,-0.386553
-0.027444,0.0202823,0.116785,1.55442,1.44045,-0.392444
-0.0272884,0.0204262,0.116746,1.55852,1.43872,-0.400262
-0.0271324,0.02057,0.116705,1.56237,1.43695,-0.407005
-0.0269759,0.0207136,0.116664,1.56638,1.4346,-0.414352
-0.0268191,0.0208569,0.116623,1.57063,1.43279,-0.420863
-0.0266617,0.0210001,0.11658,1.57582,1.43119,-0.42835
-0.026504,0.0211432,0.116537,1.57986,1.42976,-0.435657
-0.0263457,0.0212861,0.116493,1.5846,1.42821,-0.442444
-0.0261871,0.0214288,0.116448,1.58919,1.42655,-0.449689
-0.0260279,0.0215714,0.116403,1.59398,1.42519,-0.456144
-0.0258683,0.0217138,0.116357,1.59832,1.42321,-0.463072
-0.0257082,0.0218561,0.116311,1.60275,1.42175,-0.470327
-0.0255478,0.0219981,0.116263,1.60657,1.41978,-0.477807
-0.025387,0.02214,0.116215,1.60987,1.4177,-0.484376
-0.0252258,0.0222817,0.116166,1.61334,1.41551,-0.491346
-0.0250642,0.0224232,0.116117,1.61832,1.41372,-0.498762
-0.0249022,0.0225645,0.116066,1.62154,1.41205,-0.506041
-0.0247399,0.0227056,0.116016,1.62566,1.41046,-0.512316
-0.0245771,0.0228465,0.115964,1.62982,1.40797,-0.518938
-0.0244139,0.0229873,0.115912,1.63406,1.40678,-0.525222
-0.0242503,0.0231279,0.115859,1.63749,1.40519,-0.531624
-0.0240863,0.0232683,0.115805,1.64205,1.40203,-0.538805
-0.0239219,0.0234084,0.115751,1.64696,1.39998,-0.546104
-0.023757,0.0235483,0.115696,1.6506,1.3983,-0.55295
-0.0235917,0.0236881,0.115641,1.65621,1.39719,-0.559154
-0.0234258,0.0238277,0.115584,1.66063,1.39469,-0.565562
-0.0232595,0.023967,0.115527,1.66478,1.39274,-0.572913
-0.0230928,0.0241062,0.11547,1.66921,1.39093,-0.579866
-0.0229257,0.0242452,0.115411,1.6738,1.38831,-0.587375
-0.0227581,0.0243839,0.115352,1.67787,1.38577,-0.594296
-0.0225901,0.0245223,0.115293,1.68273,1.38323,-0.600829
-0.0224216,0.0246606,0.115232,1.68762,1.38076,-0.607821
-0.0222526,0.0247986,0.115171,1.69159,1.37949,-0.615059
-0.0220832,0.0249364,0.115109,1.69584,1.37744,-0.621542
-0.0219134,0.0250741,0.115047,1.70039,1.37576,-0.628132
-0.0217432,0.0252115,0.114984,1.70414,1.37407,-0.635354
-0.0215726,0.0253488,0.11492,1.70839,1.37162,-0.642709
-0.0214015,0.0254859,0.114855,1.71247,1.36954,-0.650092
-0.02123,0.0256228,0.11479,1.71618,1.36771,-0.655922
-0.0210582,0.0257594,0.114724,1.72084,1.36542,-0.662421
-0.0208859,0.0258959,0.114657,1.72552,1.3635,-0.669129
-0.0207132,0.0260321,0.11459,1.72929,1.36155,-0.674638
-0.02054,0.0261681,0.114522,1.73451,1.35893,-0.682548
-0.0203663,0.0263039,0.114454,1.73876,1.35648,-0.690006
-0.0201922,0.0264394,0.114384,1.74317,1.35364,-0.697821
-0.0200177,0.0265746,0.114314,1.74797,1.35068,-0.70524
-0.0198427,0.0267096,0.114243,1.75135,1.3484,-0.712241
-0.0196673,0.0268443,0.114171,1.75522,1.34638,-0.72016
-0.0194916,0.0269788,0.114099,1.75935,1.34449,-0.727677
-0.0193155,0.0271132,0.114026,1.76308,1.34271,-0.735004
-0.019139,0.0272473,0.113952,1.76689,1.34032,-0.741566
-0.0189621,0.0273812,0.113878,1.77166,1.33798,-0.748334
-0.0187847,0.0275149,0.113802,1.77494,1.33529,-0.755053
-0.018607,0.0276483,0.113727,1.77889,1.33305,-0.76145
-0.018429,0.0277815,0.11365,1.78282,1.33065,-0.769255
-0.0182505,0.0279145,0.113573,1.78708,1.32845,-0.777233
-0.0180716,0.0280472,0.113495,1.79089,1.32565,-0.783751
-0.0178924,0.0281796,0.113416,1.79421,1.32272,-0.791165
-0.0177127,0.0283117,0.113336,1.79851,1.32067,-0.798347
-0.0175327,0.0284437,0.113256,1.80263,1.31802,-0.805634
-0.0173522,0.0285754,0.113175,1.806,1.31536,-0.812625
-0.0171714,0.0287068,0.113094,1.8104,1.31374,-0.819993
-0.0169901,0.0288381,0.113011,1.8146,1.31114,-0.826826
-0.0168085,0.0289691,0.112928,1.81789,1.30823,-0.83381
-0.0166266,0.0290997,0.112845,1.82121,1.30594,-0.840566
-0.0164442,0.0292302,0.11276,1.82596,1.3043,-0.848556
-0.0162614,0.0293605,0.112675,1.82998,1.3021,-0.855233
-0.0160782,0.0294906,0.112589,1.83327,1.30029,-0.862513
-0.0158948,0.0296205,0.112503,1.83626,1.29777,-0.869171
-0.015711,0.0297502,0.112415,1.84023,1.29558,-0.876791
-0.0155268,0.0298797,0.112327,1.84321,1.29309,-0.883518
-0.0153422,0.0300088,0.112238,1.84764,1.28933,-0.891269
-0.0151572,0.0301376,0.112149,1.85167,1.28669,-0.897958
-0.0149719,0.0302661,0.112059,1.85542,1.28422,-0.906174
-0.0147862,0.0303944,0.111968,1.85896,1.28166,-0.912874
-0.0146001,0.0305225,0.111876,1.86327,1.27921,-0.921517
-0.0144135,0.0306503,0.111784,1.8678,1.2772,-0.928856
-0.0142266,0.0307779,0.11169,1.8706,1.27528,-0.93591
-0.0140393,0.0309053,0.111596,1.87571,1.27226,-0.943352
-0.0138515,0.0310324,0.111502,1.87881,1.27059,-0.950927
-0.0136635,0.0311593,0.111406,1.88232,1.26756,-0.958843
-0.0134751,0.0312859,0.11131,1.886,1.26419,-0.966468
-0.0132863,0.0314122,0.111213,1.88943,1.2616,-0.974365
-0.0130972,0.0315383,0.111115,1.89219,1.25932,-0.981345
-0.0129078,0.0316641,0.111017,1.89579,1.25703,-0.989029
-0.012718,0.0317896,0.110917,1.90035,1.25436,-0.996534
-0.0125278,0.031915,0.110817,1.90322,1.25213,-1.00364
-0.0123373,0.03204,0.110717,1.90742,1.24894,-1.0115
-0.0121464,0.0321649,0.110615,1.91078,1.24666,-1.01896
-0.0119551,0.0322894,0.110513,1.91472,1.2438,-1.02644
-0.0117635,0.0324136,0.11041,1.91766,1.2408,-1.03394
-0.0115715,0.0325376,0.110306,1.92129,1.23823,-1.04245
-0.0113792,0.0326613,0.110201,1.9249,1.23543,-1.05008
-0.0111866,0.0327847,0.110096,1.92805,1.23343,-1.0579
-0.0109936,0.032908,0.10999,1.93187,1.23106,-1.06586
-0.0108003,0.0330309,0.109883,1.93402,1.22815,-1.07374
-0.0106067,0.0331536,0.109775,1.93781,1.22523,-1.08079
-0.0104128,0.033276,0.109666,1.94068,1.22266,-1.0883
-0.0102186,0.0333982,0.109557,1.94367,1.22077,-1.09576
-0.010024,0.0335201,0.109447,1.94832,1.21834,-1.10256
-0.00982894,0.0336418,0.109337,1.95197,1.21565,-1.11082
-0.00963355,0.0337632,0.109225,1.95598,1.21264,-1.11907
-0.0094378,0.0338843,0.109113,1.95881,1.20953,-1.12664
-0.0092417,0.0340051,0.109,1.96317,1.20613,-1.13472
-0.00904517,0.0341255,0.108886,1.96708,1.20276,-1.14224
-0.00884825,0.0342457,0.108771,1.97148,1.20054,-1.14906
-0.00865094,0.0343656,0.108656,1.97479,1.1975,-1.15597
-0.00845333,0.0344852,0.10854,1.97735,1.19477,-1.16347
-0.00825543,0.0346045,0.108423,1.98044,1.19161,-1.17158
-0.00805718,0.0347235,0.108306,1.98456,1.1889,-1.17973
-0.00785859,0.0348423,0.108188,1.98759,1.18616,-1.1874
-0.00765971,0.0349607,0.108068,1.99006,1.18296,-1.19405
-0.00746052,0.0350789,0.107949,1.99342,1.18013,-1.20131
-0.00726098,0.0351968,0.107828,1.99758,1.17782,-1.20976
-0.00706109,0.0353144,0.107707,1.99998,1.1742,-1.21773
-0.00686092,0.0354317,0.107585,2.00334,1.17119,-1.22484
-0.00666035,0.0355486,0.107462,2.00784,1.16774,-1.23334
-0.00645944,0.0356652,0.107338,2.01026,1.16386,-1.24107
-0.00625828,0.0357814,0.107213,2.01314,1.16077,-1.24896
-0.00605678,0.0358974,0.107088,2.01664,1.15784,-1.25735
-0.00585498,0.036013,0.106962,2.01999,1.15439,-1.26531
-0.00565282,0.0361283,0.106835,2.02345,1.15182,-1.27285
-0.00545033,0.0362433,0.106707,2.02631,1.14832,-1.28166
-0.00524758,0.036358,0.106579,2.02901,1.14505,-1.28911
-0.0050445,0.0364723,0.10645,2.03255,1.14101,-1.29624
-0.00484108,0.0365862,0.10632,2.03543,1.1384,-1.30468
-0.00463738,0.0366999,0.106189,2.03859,1.13533,-1.31278
-0.00443332,0.0368133,0.106057,2.04242,1.13181,-1.32116
-0.00422891,0.0369263,0.105924,2.04567,1.12901,-1.32912
-0.00402421,0.0370391,0.105791,2.04844,1.12686,-1.33677
-0.00381921,0.0371516,0.105657,2.05193,1.12294,-1.3449
-0.00361387,0.0372638,0.105522,2.05464,1.1203,-1.35272
-0.00340827,0.0373756,0.105387,2.05732,1.11663,-1.36016
-0.00320241,0.0374871,0.10525,2.05962,1.11236,-1.3693
-0.00299634,0.0375981,0.105113,2.06208,1.10908,-1.37739
-0.00279002,0.0377089,0.104975,2.06425,1.10552,-1.38606
-0.00258343,0.0378192,0.104835,2.06761,1.1021,-1.39521
-0.00237656,0.0379293,0.104696,2.07041,1.09822,-1.40315
-0.00216938,0.0380389,0.104555,2.07285,1.09453,-1.41061
-0.00196194,0.0381481,0.104413,2.07627,1.09024,-1.41781
-0.00175414,0.0382571,0.104271,2.07959,1.08743,-1.42516
-0.00154607,0.0383656,0.104128,2.08166,1.08371,-1.4329
-0.00133773,0.0384738,0.103985,2.08495,1.08038,-1.44124
-0.00112912,0.0385817,0.10384,2.08739,1.07668,-1.44942
-0.000920214,0.0386892,0.103695,2.09062,1.0739,-1.45699
-0.000711036,0.0387964,0.103549,2.09323,1.06974,-1.46495
-0.000501567,0.0389032,0.103402,2.09629,1.06693,-1.47312
-0.000291807,0.0390097,0.103254,2.09871,1.06415,-1.48133
-8.17844e-05,0.039116,0.103106,2.10182,1.06037,-1.48973
0.000128493,0.0392218,0.102956,2.10375,1.05754,-1.49861
0.000339026,0.0393274,0.102806,2.10727,1.05361,-1.50707
0.000549896,0.0394326,0.102655,2.11029,1.05045,-1.51622
0.000761087,0.0395375,0.102503,2.1136,1.04699,-1.52488
0.000972595,0.039642,0.10235,2.11636,1.04393,-1.53364
0.00118433,0.0397462,0.102196,2.11832,1.04061,-1.54008
0.00139635,0.0398501,0.102042,2.12186,1.03697,-1.54887
0.00160869,0.0399536,0.101886,2.12537,1.03353,-1.55757
0.00182134,0.0400567,0.10173,2.12754,1.02953,-1.56526
0.00203416,0.0401595,0.101573,2.12896,1.02586,-1.57284
0.00224719,0.0402619,0.101415,2.13098,1.0222,-1.58098
0.00246045,0.040364,0.101257,2.13454,1.01845,-1.58994
0.00267407,0.0404656,0.101097,2.13781,1.01502,-1.59904
0.00288796,0.0405669,0.100937,2.14023,1.01025,-1.60778
0.00310209,0.0406678,0.100776,2.14252,1.00746,-1.61629
0.00331649,0.0407684,0.100614,2.14529,1.00435,-1.62422
0.00353114,0.0408686,0.100451,2.14805,1.00054,-1.63308
0.0037461,0.0409685,0.100287,2.15116,0.997138,-1.6403
0.00396134,0.041068,0.100123,2.15367,0.994057,-1.64854
0.00417683,0.0411673,0.0999577,2.15611,0.990686,-1.65588
0.00439256,0.0412661,0.0997917,2.15834,0.985658,-1.66422
0.00460853,0.0413644,0.0996248,2.16076,0.981209,-1.67241
0.00482474,0.0414624,0.0994573,2.16329,0.978936,-1.67951
0.00504116,0.0415601,0.0992889,2.16496,0.974895,-1.68789
0.00525779,0.0416574,0.0991197,2.16754,0.970879,-1.6953
0.00547467,0.0417543,0.0989498,2.17014,0.966829,-1.70396
0.00569177,0.0418507,0.098779,2.17198,0.962804,-1.71284
0.00590903,0.0419468,0.0986073,2.17337,0.958017,-1.72082
0.00612645,0.0420423,0.0984348,2.17518,0.953615,-1.72954
0.00634407,0.0421375,0.0982615,2.17683,0.950055,-1.73752
0.00656188,0.0422323,0.0980873,2.1792,0.945548,-1.74557
0.00677992,0.0423267,0.0979124,2.18139,0.941133,-1.75372
0.00699817,0.0424205,0.0977365,2.18347,0.936615,-1.76236
0.00721667,0.0425139,0.09756,2.18629,0.931479,-1.76986
0.00743542,0.0426069,0.0973825,2.18818,0.927162,-1.77854
0.00765432,0.0426994,0.0972043,2.19012,0.923714,-1.78641
0.00787346,0.0427916,0.0970253,2.19235,0.919147,-1.79405
0.00809282,0.0428833,0.0968455,2.19479,0.914578,-1.80171
0.00831235,0.0429745,0.0966649,2.19553,0.910009,-1.8102
0.008532,0.0430652,0.0964835,2.19771,0.904718,-1.81806
0.00875184,0.0431555,0.0963012,2.19936,0.900523,-1.82603
0.00897193,0.0432454,0.0961182,2.20202,0.896866,-1.83422
0.00919221,0.0433348,0.0959344,2.20359,0.89154,-1.84286
0.00941272,0.0434238,0.0957497,2.2066,0.887623,-1.8511
0.00963347,0.0435123,0.0955641,2.20819,0.883355,-1.85944
0.00985436,0.0436005,0.0953777,2.20962,0.879781,-1.86828
0.0100754,0.0436882,0.0951904,2.21094,0.874605,-1.87734
0.0102966,0.0437755,0.0950023,2.21308,0.87022,-1.88567
0.010518,0.0438622,0.0948134,2.21463,0.865318,-1.89384
0.0107395,0.0439485,0.0946236,2.21552,0.860294,-1.90141
0.0109611,0.0440343,0.0944331,2.21718,0.855673,-1.90886
0.0111829,0.0441197,0.0942418,2.21928,0.851605,-1.9166
0.0114049,0.0442046,0.0940497,2.22139,0.847438,-1.92498
0.0116272,0.0442892,0.0938568,2.22295,0.84351,-1.93366
0.0118496,0.0443733,0.093663,2.22535,0.838904,-1.94272
0.0120722,0.044457,0.0934683,2.2271,0.83474,-1.95159
0.0122949,0.0445402,0.0932727,2.22839,0.830824,-1.95992
0.0125178,0.0446231,0.0930763,2.22931,0.825954,-1.96828
0.0127408,0.0447054,0.092879,2.22992,0.821175,-1.97721
0.0129639,0.0447873,0.0926809,2.23107,0.817127,-1.98518
0.013187,0.0448688,0.0924819,2.2323,0.811851,-1.994
0.0134104,0.0449497,0.0922821,2.23393,0.807028,-2.00233
0.0136338,0.0450302,0.0920815,2.23461,0.801919,-2.01076
0.0138573,0.0451101,0.0918799,2.23593,0.79735,-2.01949
0.014081,0.0451896,0.0916776,2.23688,0.792505,-2.02779
0.0143047,0.0452686,0.0914744,2.23867,0.786639,-2.03691
0.0145287,0.045347,0.0912702,2.23948,0.781253,-2.04564
0.0147527,0.0454249,0.0910652,2.24058,0.777091,-2.05451
0.0149768,0.0455024,0.0908593,2.24274,0.771977,-2.06369
0.0152012,0.0455793,0.0906525,2.2445,0.767899,-2.07226
0.0154257,0.0456558,0.0904448,2.24555,0.762066,-2.08139
0.0156503,0.0457317,0.0902362,2.24667,0.756153,-2.09037
0.015875,0.0458071,0.0900268,2.24739,0.751276,-2.09971
0.0160998,0.045882,0.0898164,2.24801,0.746223,-2.10825
0.0163247,0.0459563,0.0896051,2.24867,0.740812,-2.11715
0.0165496,0.0460302,0.089393,2.24971,0.735653,-2.12495
0.0167746,0.0461034,0.0891801,2.24983,0.730122,-2.13301
0.0169996,0.0461762,0.0889663,2.25061,0.72509,-2.14179
0.0172247,0.0462484,0.0887517,2.25177,0.720173,-2.15101
0.0174499,0.0463202,0.0885361,2.25319,0.714842,-2.15992
0.0176753,0.0463914,0.0883197,2.25518,0.710184,-2.16864
0.0179009,0.0464622,0.0881025,2.25551,0.705602,-2.17634
0.0181265,0.0465326,0.0878844,2.25608,0.700594,-2.18502
0.0183521,0.0466024,0.0876655,2.25712,0.696314,-2.19304
0.0185779,0.0466717,0.0874458,2.25872,0.690785,-2.20157
0.0188039,0.0467405,0.0872252,2.25967,0.684923,-2.21004
0.0190299,0.0468087,0.0870037,2.26041,0.679035,-2.21891
0.0192559,0.0468763,0.0867814,2.26105,0.67363,-2.2279
0.0194821,0.0469434,0.0865581,2.26253,0.667492,-2.23716
0.0197084,0.0470099,0.0863339,2.26307,0.662061,-2.24673
0.0199347,0.0470758,0.0861088,2.26299,0.656752,-2.2554
0.020161,0.0471413,0.0858828,2.26327,0.651814,-2.26501
0.0203874,0.0472062,0.0856558,2.26343,0.646342,-2.2739
0.0206138,0.0472705,0.085428,2.26396,0.640671,-2.28281
0.0208401,0.0473343,0.0851993,2.26331,0.63494,-2.29215
0.0210664,0.0473975,0.0849696,2.26264,0.629027,-2.30144
0.0212927,0.0474601,0.084739,2.26344,0.623412,-2.30984
0.0215191,0.0475222,0.0845076,2.26342,0.617603,-2.31937
0.0217455,0.0475837,0.0842752,2.26472,0.611734,-2.32789
0.021972,0.0476445,0.084042,2.26561,0.605975,-2.33653
0.0221986,0.0477049,0.0838079,2.26584,0.600646,-2.34552
0.0224252,0.0477647,0.0835729,2.26648,0.594894,-2.35407
0.0226518,0.0478239,0.083337,2.26734,0.589499,-2.36359
0.0228786,0.0478825,0.0831002,2.26711,0.58396,-2.37279
0.0231053,0.0479406,0.0828625,2.2674,0.577542,-2.38163
0.0233321,0.0479982,0.0826239,2.26879,0.573367,-2.39058
0.0235589,0.0480552,0.0823844,2.26776,0.567714,-2.39978
0.0237857,0.0481117,0.082144,2.26838,0.561909,-2.40803
0.0240126,0.0481676,0.0819028,2.26795,0.556491,-2.41752
0.0242394,0.048223,0.0816605,2.26845,0.550603,-2.4266
0.0244663,0.0482777,0.0814174,2.26922,0.544082,-2.43602
0.0246932,0.0483318,0.0811734,2.26972,0.537588,-2.44371
0.0249201,0.0483853,0.0809286,2.26888,0.531896,-2.45237
0.025147,0.0484382,0.0806829,2.26875,0.526323,-2.46158
0.0253739,0.0484905,0.0804363,2.26825,0.521041,-2.47074
0.0256007,0.0485423,0.0801887,2.26851,0.514587,-2.4806
0.0258275,0.0485935,0.0799402,2.26779,0.508454,-2.49013
0.0260542,0.048644,0.0796907,2.26665,0.50227,-2.49997
0.0262809,0.048694,0.0794403,2.26655,0.496075,-2.50861
0.0265075,0.0487432,0.0791889,2.26624,0.489828,-2.51772
0.0267341,0.0487919,0.0789367,2.26546,0.483484,-2.52629
0.0269607,0.04884,0.0786837,2.26533,0.477476,-2.53494
0.0271872,0.0488874,0.0784298,2.26447,0.47184,-2.54359
0.0274136,0.0489343,0.0781749,2.26375,0.465768,-2.55255
0.02764,0.0489806,0.0779192,2.26431,0.459598,-2.56137
0.0278664,0.0490262,0.0776626,2.26456,0.45232,-2.57118
0.0280929,0.0490711,0.0774051,2.26393,0.4457,-2.58022
0.0283192,0.0491154,0.0771466,2.26373,0.439235,-2.58938
0.0285456,0.0491589,0.0768872,2.26342,0.432821,-2.59834
0.0287719,0.049202,0.0766268,2.26301,0.427184,-2.60815
0.0289982,0.0492444,0.0763655,2.26273,0.421252,-2.61759
0.0292244,0.0492862,0.0761033,2.26195,0.414951,-2.62802
0.0294506,0.0493274,0.07584,2.26147,0.408982,-2.63676
0.0296767,0.049368,0.0755759,2.26044,0.402974,-2.64513
0.0299027,0.049408,0.0753109,2.25943,0.397307,-2.65536
0.0301286,0.0494474,0.0750448,2.25861,0.390673,-2.66537
0.0303544,0.0494862,0.0747779,2.25725,0.385048,-2.67419
0.0305801,0.0495243,0.07451,2.2563,0.377123,-2.68369
0.0308057,0.0495616,0.0742412,2.25566,0.370006,-2.69293
0.0310312,0.0495983,0.0739714,2.25519,0.363539,-2.70241
0.0312567,0.0496343,0.0737006,2.25515,0.356095,-2.71198
0.0314822,0.0496696,0.073429,2.25352,0.349533,-2.72122
0.0317074,0.0497042,0.0731563,2.25228,0.342987,-2.73153
0.0319327,0.0497381,0.0728828,2.25176,0.335671,-2.74005
0.0321577,0.0497714,0.0726083,2.24964,0.329764,-2.7495
0.0323826,0.049804,0.0723329,2.2485,0.322561,-2.75853
0.0326074,0.0498359,0.0720565,2.24713,0.316208,-2.76757
0.032832,0.0498672,0.0717793,2.24504,0.309177,-2.77686
0.0330565,0.0498978,0.0715012,2.24498,0.302347,-2.78611
0.033281,0.0499277,0.0712221,2.24377,0.295734,-2.79527
0.0335053,0.0499569,0.0709421,2.24211,0.288367,-2.80499
0.0337294,0.0499854,0.0706611,2.24044,0.281936,-2.81432
0.0339534,0.0500132,0.0703793,2.2388,0.275024,-2.8228
0.0341772,0.0500404,0.0700965,2.23757,0.26824,-2.8323
0.0344009,0.0500668,0.0698129,2.23631,0.260632,-2.84086
0.0346244,0.0500926,0.0695284,2.23382,0.254439,-2.84959
0.0348477,0.0501177,0.0692429,2.23182,0.247506,-2.85845
0.0350708,0.0501421,0.0689566,2.23043,0.240043,-2.86859
0.0352937,0.0501657,0.0686692,2.22817,0.233044,-2.87861
0.0355164,0.0501887,0.0683809,2.22561,0.226459,-2.88727
0.0357389,0.050211,0.0680918,2.22463,0.219298,-2.896
0.0359613,0.0502325,0.0678017,2.22303,0.211937,-2.90533
0.0361835,0.0502534,0.0675107,2.22168,0.204058,-2.9147
0.0364056,0.0502734,0.0672188,2.21868,0.197079,-2.92307
0.0366273,0.0502927,0.0669261,2.21697,0.189277,-2.93261
0.0368489,0.0503113,0.0666324,2.21484,0.181749,-2.94115
0.0370703,0.0503291,0.0663378,2.21357,0.173742,-2.94997
0.0372916,0.0503461,0.0660424,2.21145,0.165809,-2.9586
0.0375126,0.0503623,0.0657461,2.20864,0.1593,-2.96731
0.0377334,0.0503779,0.0654489,2.20749,0.151756,-2.97628
0.0379539,0.0503926,0.0651508,2.20401,0.142872,-2.9851
0.0381742,0.0504065,0.0648518,2.20122,0.135032,-2.99434
0.0383943,0.0504196,0.0645519,2.20004,0.126842,-3.00338
0.0386141,0.0504319,0.0642512,2.19725,0.118594,-3.01157
0.0388338,0.0504434,0.0639495,2.19541,0.110679,-3.02149
0.0390532,0.050454,0.0636469,2.19258,0.103177,-3.03042
0.0392723,0.050464,0.0633434,2.18989,0.095113,-3.03981
0.0394911,0.0504731,0.063039,2.1866,0.0876195,-3.04899
0.0397096,0.0504815,0.0627336,2.18412,0.0794486,-3.05767
0.0399279,0.0504891,0.0624275,2.18123,0.0725744,-3.06548
0.0401458,0.0504959,0.0621204,2.17688,0.064236,-3.07454
0.0403634,0.050502,0.0618125,2.17403,0.0563487,-3.08422
0.0405807,0.0505073,0.0615036,2.17177,0.0493734,-3.09321
0.0407977,0.0505118,0.0611939,2.16852,0.0423265,-3.10188
0.0410144,0.0505156,0.0608832,2.16565,0.0339681,-3.11145
0.0412308,0.0505186,0.0605716,2.16286,0.0262042,-3.12017
0.041447,0.0505208,0.0602591,2.16043,0.0178705,-3.12962
0.0416628,0.0505222,0.0599457,2.15673,0.00990483,-3.13938
0.0418784,0.0505229,0.0596313,2.15435,0.00317413,-3.14774
0.0420937,0.0505227,0.0593161,2.15169,-0.00616279,-3.15589
0.0423087,0.0505217,0.0590001,2.1483,-0.0149272,-3.16521
0.0425234,0.0505198,0.0586831,2.14557,-0.0230209,-3.17459
0.0427378,0.0505171,0.0583652,2.14152,-0.0305827,-3.18327
0.0429517,0.0505136,0.0580464,2.13693,-0.0391637,-3.19245
0.0431652,0.0505092,0.0577267,2.13283,-0.0475674,-3.20167
0.0433783,0.0505042,0.0574061,2.12996,-0.0544424,-3.21036
0.0435911,0.0504983,0.0570846,2.1266,-0.0621647,-3.21948
0.0438036,0.0504917,0.0567623,2.12325,-0.0700664,-3.22723
0.0440157,0.0504843,0.0564392,2.11929,-0.0782667,-3.23571
0.0442275,0.050476,0.0561151,2.11513,-0.0868573,-3.24625
0.0444388,0.050467,0.05579,2.11043,-0.0956084,-3.25536
0.0446496,0.0504569,0.055464,2.10605,-0.104264,-3.26415
0.04486,0.0504461,0.0551372,2.10248,-0.112599,-3.27258
0.04507,0.0504344,0.0548095,2.09797,-0.12135,-3.28122
0.0452795,0.0504219,0.054481,2.09254,-0.129092,-3.29
0.0454886,0.0504086,0.0541515,2.08902,-0.135784,-3.29985
0.0456972,0.0503946,0.0538211,2.08402,-0.143983,-3.30811
0.0459054,0.0503798,0.0534899,2.07936,-0.152274,-3.31627
0.0461131,0.0503641,0.0531578,2.07475,-0.161063,-3.32496
0.0463203,0.0503476,0.0528249,2.06966,-0.169027,-3.33286
0.046527,0.0503303,0.0524912,2.06451,-0.177246,-3.34163
0.0467332,0.0503122,0.0521567,2.05965,-0.185689,-3.34935
0.046939,0.0502931,0.0518213,2.05481,-0.194457,-3.35854
0.0471442,0.0502733,0.051485,2.05088,-0.20297,-3.36704
0.0473491,0.0502525,0.0511479,2.04644,-0.211565,-3.37526
0.0475535,0.050231,0.05081,2.04138,-0.220365,-3.38338
0.0477574,0.0502085,0.0504712,2.03617,-0.229555,-3.39183
0.0479608,0.0501851,0.0501316,2.03124,-0.237574,-3.40081
0.0481637,0.0501609,0.0497911,2.02657,-0.246397,-3.40852
0.0483661,0.0501358,0.0494498,2.02116,-0.255575,-3.4166
0.0485679,0.0501099,0.0491078,2.01618,-0.263707,-3.4243
0.0487693,0.0500831,0.0487649,2.01146,-0.272369,-3.4327
0.0489701,0.0500553,0.0484212,2.00552,-0.281774,-3.44155
0.0491704,0.0500267,0.0480767,2.00036,-0.29096,-3.44926
0.0493702,0.0499971,0.0477314,1.99445,-0.300391,-3.4571
0.0495693,0.0499667,0.0473853,1.98835,-0.308453,-3.46546
0.0497679,0.0499355,0.0470383,1.98282,-0.316252,-3.47325
0.0499659,0.0499034,0.0466906,1.97708,-0.325192,-3.48149
0.0501633,0.0498704,0.046342,1.97068,-0.334697,-3.49062
0.0503601,0.0498364,0.0459925,1.96531,-0.34418,-3.4992
0.0505563,0.0498016,0.0456421,1.95891,-0.352946,-3.50849
0.0507519,0.0497659,0.0452908,1.95295,-0.361069,-3.51646
0.0509469,0.0497293,0.0449388,1.94731,-0.370579,-3.52388
0.0511413,0.0496918,0.044586,1.9404,-0.379048,-3.53184
0.051335,0.0496535,0.0442324,1.93428,-0.387415,-3.54001
0.0515282,0.0496143,0.0438781,1.92816,-0.396379,-3.54676
0.0517207,0.0495742,0.043523,1.92273,-0.405727,-3.55462
0.0519127,0.0495332,0.0431672,1.91626,-0.414453,-3.56206
0.052104,0.0494913,0.0428106,1.9107,-0.423323,-3.57012
0.0522948,0.0494485,0.0424532,1.90455,-0.433278,-3.57767
0.0524849,0.0494047,0.042095,1.89772,-0.442211,-3.58484
0.0526744,0.0493601,0.0417361,1.89186,-0.451042,-3.5932
0.0528632,0.0493145,0.0413764,1.88545,-0.459814,-3.6004
0.0530513,0.0492681,0.0410161,1.87743,-0.469347,-3.60714
0.0532387,0.0492207,0.040655,1.87045,-0.478239,-3.61434
0.0534254,0.0491724,0.0402931,1.86394,-0.487927,-3.62214
0.0536115,0.0491232,0.0399305,1.85655,-0.496704,-3.62987
0.0537968,0.049073,0.0395672,1.8497,-0.505877,-3.63692
0.0539814,0.049022,0.0392031,1.84309,-0.515323,-3.644
0.0541654,0.04897,0.0388384,1.83576,-0.524734,-3.65121
0.0543486,0.0489171,0.0384729,1.82872,-0.534396,-3.65865
0.054531,0.0488632,0.0381067,1.82084,-0.543105,-3.66615
0.0547128,0.0488084,0.0377396,1.81381,-0.552737,-3.67441
0.0548938,0.0487526,0.0373719,1.80659,-0.562919,-3.68077
0.0550741,0.0486959,0.0370034,1.79874,-0.571716,-3.68864
0.0552536,0.0486382,0.0366341,1.79173,-0.581126,-3.69653
0.0554324,0.0485796,0.0362641,1.78492,-0.591089,-3.70336
0.0556105,0.04852,0.0358935,1.77719,-0.601029,-3.71017
0.0557878,0.0484594,0.0355221,1.76899,-0.610543,-3.71705
0.0559644,0.0483979,0.03515,1.76176,-0.620249,-3.72369
0.0561402,0.0483354,0.0347773,1.75413,-0.629881,-3.73074
0.0563152,0.0482719,0.0344038,1.74658,-0.63994,-3.73879
0.0564894,0.0482074,0.0340296,1.73787,-0.649668,-3.74486
0.0566628,0.048142,0.0336548,1.73003,-0.659359,-3.7517
0.0568354,0.0480756,0.0332793,1.72232,-0.669026,-3.75845
0.0570072,0.0480082,0.0329032,1.71309,-0.678794,-3.76497
0.0571781,0.0479398,0.0325264,1.70489,-0.688254,-3.77087
0.0573481,0.0478705,0.032149,1.69631,-0.697482,-3.77638
0.0575173,0.0478003,0.031771,1.68755,-0.707401,-3.78284
0.0576856,0.0477291,0.0313924,1.67818,-0.716472,-3.78908
0.057853,0.047657,0.0310131,1.66967,-0.725416,-3.79599
0.0580196,0.047584,0.0306332,1.66147,-0.734814,-3.80208
0.0581853,0.04751,0.0302527,1.65293,-0.744541,-3.80831
0.0583501,0.047435,0.0298716,1.6443,-0.754146,-3.81496
0.0585141,0.0473591,0.0294898,1.63534,-0.764165,-3.82144
0.0586772,0.0472822,0.0291073,1.62696,-0.774153,-3.82823
0.0588395,0.0472043,0.0287241,1.61899,-0.783286,-3.83515
0.059001,0.0471255,0.0283402,1.60955,-0.79412,-3.84203
0.0591615,0.0470456,0.0279557,1.60072,-0.802944,-3.8481
0.0593211,0.0469648,0.0275706,1.59138,-0.813419,-3.85453
0.0594797,0.046883,0.0271848,1.58196,-0.822394,-3.8609
0.0596375,0.0468003,0.0267985,1.5734,-0.831655,-3.86551
0.0597944,0.0467167,0.0264117,1.56469,-0.841026,-3.87086
0.0599504,0.0466321,0.0260243,1.55503,-0.850861,-3.87561
0.0601054,0.0465465,0.0256365,1.54622,-0.86128,-3.88107
0.0602596,0.0464599,0.0252481,1.53633,-0.870391,-3.88597
0.0604127,0.0463724,0.0248593,1.52698,-0.880317,-3.89114
0.060565,0.0462839,0.02447,1.51786,-0.889738,-3.8951
0.0607163,0.0461945,0.0240802,1.50749,-0.898967,-3.90114
0.0608665,0.0461041,0.0236898,1.49762,-0.90884,-3.90686
0.0610158,0.0460128,0.0232989,1.48822,-0.917655,-3.91145
0.0611642,0.0459206,0.0229075,1.47988,-0.926406,-3.91662
0.0613116,0.0458274,0.0225156,1.46872,-0.93677,-3.92095
0.061458,0.0457332,0.0221232,1.45905,-0.947037,-3.92596
0.0616034,0.0456381,0.0217304,1.44915,-0.955669,-3.93134
0.0617478,0.045542,0.021337,1.43866,-0.965318,-3.93536
0.0618911,0.045445,0.0209433,1.42855,-0.974752,-3.93946
0.0620335,0.0453471,0.0205491,1.41846,-0.983762,-3.94389
0.0621748,0.0452482,0.0201545,1.40799,-0.993784,-3.94869
0.0623151,0.0451484,0.0197594,1.39734,-1.00345,-3.95341
0.0624543,0.0450475,0.0193639,1.3873,-1.01393,-3.95698
0.0625925,0.0449457,0.018968,1.37676,-1.02262,-3.96064
0.0627296,0.044843,0.0185717,1.36582,-1.03106,-3.96592
0.0628657,0.0447394,0.0181749,1.35649,-1.04082,-3.97011
0.0630009,0.0446348,0.0177777,1.34689,-1.04994,-3.97443
0.0631351,0.0445294,0.01738,1.33682,-1.05996,-3.97868
0.0632682,0.0444229,0.016982,1.32631,-1.06899,-3.98265
0.0634003,0.0443156,0.0165835,1.31564,-1.07681,-3.98606
0.0635313,0.0442074,0.0161848,1.30394,-1.08645,-3.98941
0.0636612,0.0440983,0.0157856,1.29358,-1.09598,-3.99383
0.06379,0.0439883,0.015386,1.28352,-1.10491,-3.99752
0.0639178,0.0438773,0.0149861,1.27207,-1.11448,-4.00082
0.0640445,0.0437654,0.0145858,1.26088,-1.12421,-4.0048
0.06417,0.0436525,0.0141852,1.24955,-1.13356,-4.0083
0.0642944,0.0435387,0.0137842,1.23875,-1.14286,-4.01163
0.0644178,0.0434239,0.0133829,1.22799,-1.15246,-4.01459
0.06454,0.0433082,0.0129813,1.21723,-1.16099,-4.01729
0.0646612,0.0431917,0.0125794,1.20652,-1.17001,-4.01969
0.0647813,0.0430742,0.0121773,1.1951,-1.17962,-4.02284
0.0649003,0.0429558,0.0117748,1.18492,-1.18928,-4.02648
0.0650182,0.0428363,0.011372,1.1735,-1.19879,-4.02915
0.065135,0.042716,0.010969,1.16252,-1.20772,-4.03203
0.0652507,0.0425948,0.0105657,1.15127,-1.21682,-4.03345
0.0653652,0.0424726,0.0101623,1.13929,-1.22625,-4.03418
0.0654786,0.0423495,0.00975877,1.12852,-1.23595,-4.03678
0.0655909,0.0422255,0.00935496,1.1167,-1.24417,-4.03924
0.0657019,0.0421006,0.00895093,1.10426,-1.25375,-4.04144
0.0658118,0.0419748,0.00854669,1.09276,-1.26304,-4.0432
0.0659204,0.041848,0.00814226,1.08051,-1.27243,-4.04552
0.0660279,0.0417203,0.00773761,1.06876,-1.28091,-4.04734
0.0661342,0.0415918,0.0073328,1.05705,-1.28928,-4.04878
0.0662393,0.0414624,0.00692788,1.04608,-1.29846,-4.04943
0.0663433,0.0413322,0.00652284,1.03382,-1.30658,-4.05103
0.0664461,0.0412011,0.00611765,1.02168,-1.31552,-4.05286
0.0665477,0.0410691,0.00571226,1.01,-1.32467,-4.05488
0.0666481,0.0409362,0.00530668,0.997984,-1.33316,-4.0566
0.0667473,0.0408024,0.00490098,0.98708,-1.34244,-4.05717
0.0668455,0.0406677,0.00449523,0.975249,-1.3513,-4.0581
0.0669424,0.0405321,0.00408939,0.963973,-1.3605,-4.05862
0.0670382,0.0403956,0.00368344,0.952222,-1.36932,-4.06028
0.0671329,0.0402582,0.00327735,0.939989,-1.37783,-4.06101
0.0672263,0.04012,0.00287121,0.929142,-1.38698,-4.06212
0.0673187,0.0399809,0.00246495,0.917632,-1.39563,-4.06352
0.0674098,0.0398409,0.00205854,0.905742,-1.40384,-4.06506
0.0674998,0.0397001,0.00165204,0.893492,-1.41282,-4.06538
0.0675886,0.0395584,0.00124544,0.882166,-1.42163,-4.06626
0.0676763,0.0394158,0.000838789,0.871081,-1.43019,-4.06672
0.0677628,0.0392722,0.000432098,0.859126,-1.44018,-4.06732
0.0678481,0.0391278,2.53287e-05,0.847587,-1.44881,-4.06786
0.0679323,0.0389825,-0.000381447,0.836178,-1.45668,-4.0673
0.0680154,0.0388364,-0.000788158,0.824892,-1.46558,-4.0672
0.0680973,0.0386895,-0.00119491,0.812693,-1.47387,-4.0678
0.0681779,0.0385416,-0.00160169,0.800283,-1.48219,-4.0682
0.0682573,0.038393,-0.0020085,0.788237,-1.49104,-4.06782
0.0683356,0.0382435,-0.00241528,0.776554,-1.49909,-4.06719
0.0684126,0.0380932,-0.00282203,0.764491,-1.50701,-4.06786
0.0684885,0.037942,-0.00322881,0.752436,-1.5157,-4.06823
0.0685631,0.0377901,-0.00363564,0.740113,-1.52368,-4.06846
0.0686365,0.0376373,-0.00404242,0.72832,-1.531,-4.06729
0.0687088,0.0374838,-0.0044491,0.716872,-1.53948,-4.06643
0.0687799,0.0373294,-0.00485575,0.705176,-1.54791,-4.06611
0.0688498,0.0371742,-0.00526232,0.693126,-1.55689,-4.06554
0.0689185,0.037018,-0.00566882,0.681868,-1.56651,-4.06477
0.0689861,0.036861,-0.00607529,0.669941,-1.57383,-4.06477
0.0690525,0.0367033,-0.00648172,0.657987,-1.58137,-4.06403
0.0691177,0.0365448,-0.0068881,0.645579,-1.58831,-4.06349
0.0691817,0.0363856,-0.00729437,0.633601,-1.59679,-4.06187
0.0692444,0.0362255,-0.00770051,0.620978,-1.60477,-4.0608
0.0693059,0.0360646,-0.00810651,0.608329,-1.613,-4.05915
0.0693661,0.0359029,-0.00851233,0.595687,-1.62043,-4.05741
0.069425,0.0357405,-0.008918,0.583862,-1.62783,-4.05587
0.0694828,0.0355774,-0.00932347,0.57167,-1.63542,-4.05416
0.0695394,0.0354135,-0.0097288,0.559585,-1.64264,-4.05204
0.0695948,0.0352488,-0.0101339,0.548379,-1.65068,-4.05019
0.0696491,0.0350833,-0.0105388,0.536635,-1.65859,-4.04787
0.0697022,0.0349171,-0.0109435,0.525199,-1.66627,-4.04532
0.0697541,0.0347501,-0.0113479,0.513364,-1.67384,-4.04357
0.0698048,0.0345823,-0.0117522,0.501595,-1.68121,-4.0417
0.0698544,0.0344138,-0.0121563,0.490239,-1.68907,-4.03942
0.0699029,0.0342446,-0.0125601,0.47894,-1.69604,-4.03717
0.0699502,0.0340746,-0.0129637,0.467169,-1.7041,-4.03429
0.0699963,0.0339038,-0.013367,0.455066,-1.71072,-4.03251
0.0700413,0.0337324,-0.0137701,0.44323,-1.71888,-4.02985
0.070085,0.0335601,-0.014173,0.431882,-1.72681,-4.02799
0.0701276,0.033387,-0.0145756,0.419445,-1.73494,-4.0248
0.070169,0.0332132,-0.014978,0.40765,-1.74173,-4.02158
0.0702091,0.0330386,-0.01538,0.395458,-1.74877,-4.0189
0.0702481,0.0328634,-0.0157817,0.38413,-1.75506,-4.01628
0.0702859,0.0326876,-0.0161833,0.372083,-1.76207,-4.01384
0.0703224,0.032511,-0.0165844,0.359529,-1.76866,-4.01024
0.0703578,0.0323339,-0.0169853,0.347746,-1.77474,-4.00684
0.070392,0.0321561,-0.0173858,0.336179,-1.78126,-4.00326
0.0704251,0.0319776,-0.0177859,0.324692,-1.78832,-3.99943
0.0704569,0.0317984,-0.0181857,0.312893,-1.79499,-3.99604
0.0704877,0.0316186,-0.0185851,0.301921,-1.80114,-3.99267
0.0705173,0.0314382,-0.0189843,0.290511,-1.80784,-3.99016
0.0705458,0.0312571,-0.0193832,0.279092,-1.81464,-3.98751
0.0705731,0.0310753,-0.0197817,0.266734,-1.82148,-3.98284
0.0705992,0.0308928,-0.0201797,0.2554,-1.82827,-3.97894
0.0706241,0.0307096,-0.0205774,0.243776,-1.83519,-3.97475
0.0706479,0.0305258,-0.0209747,0.232345,-1.84119,-3.97052
0.0706706,0.0303414,-0.0213716,0.220614,-1.84713,-3.9666
0.070692,0.0301564,-0.021768,0.208739,-1.85345,-3.96247
0.0707124,0.0299707,-0.022164,0.19835,-1.86053,-3.95806
0.0707316,0.0297844,-0.0225596,0.185927,-1.86607,-3.95379
0.0707496,0.0295974,-0.0229548,0.174077,-1.87315,-3.95006
0.0707665,0.0294098,-0.0233496,0.162782,-1.87858,-3.9461
0.0707822,0.0292217,-0.023744,0.150923,-1.88462,-3.94205
0.0707967,0.0290329,-0.024138,0.139038,-1.89037,-3.93787
0.07081,0.0288436,-0.0245316,0.127556,-1.89636,-3.93341
0.0708222,0.0286537,-0.0249247,0.11634,-1.9017,-3.92956
0.0708333,0.0284633,-0.0253174,0.105435,-1.90654,-3.92456
0.0708432,0.0282723,-0.0257096,0.0944773,-1.91261,-3.91965
0.0708522,0.0280807,-0.0261014,0.0836039,-1.91816,-3.91499
0.07086,0.0278886,-0.0264926,0.0726012,-1.92458,-3.91007
0.0708666,0.0276959,-0.0268834,0.0603532,-1.9308,-3.90493
0.0708721,0.0275025,-0.0272737,0.0496379,-1.93594,-3.90041
0.0708765,0.0273087,-0.0276634,0.0387809,-1.94154,-3.89571
0.0708798,0.0271143,-0.0280528,0.0272508,-1.94657,-3.89122
0.070882,0.0269193,-0.0284416,0.0164829,-1.95283,-3.88591
0.0708831,0.0267237,-0.02883,0.0045159,-1.95824,-3.88095
0.070883,0.0265276,-0.0292178,-0.00681152,-1.96342,-3.87591
0.0708817,0.0263311,-0.0296052,-0.0186653,-1.96831,-3.87121
0.0708793,0.026134,-0.0299921,-0.0294056,-1.97313,-3.86672
0.0708758,0.0259364,-0.0303785,-0.0410675,-1.97888,-3.86149
0.0708712,0.0257383,-0.0307644,-0.0516528,-1.98403,-3.85579
0.0708655,0.0255397,-0.0311497,-0.0619831,-1.98808,-3.8507
0.0708587,0.0253406,-0.0315345,-0.0728,-1.99341,-3.84517
0.0708509,0.025141,-0.0319188,-0.0832499,-1.99877,-3.84008
0.070842,0.0249408,-0.0323025,-0.0937461,-2.00456,-3.83491
0.0708321,0.0247401,-0.0326857,-0.104303,-2.00923,-3.82921
0.0708211,0.024539,-0.0330683,-0.115615,-2.01306,-3.82408
0.070809,0.0243374,-0.0334505,-0.126691,-2.01855,-3.81854
0.0707958,0.0241353,-0.033832,-0.137127,-2.02355,-3.81289
0.0707815,0.0239327,-0.034213,-0.148269,-2.02851,-3.80692
0.0707662,0.0237296,-0.0345935,-0.15939,-2.0338,-3.80157
0.0707497,0.0235259,-0.0349734,-0.169174,-2.03852,-3.79651
0.0707323,0.0233219,-0.0353527,-0.179245,-2.04296,-3.79025
0.0707139,0.0231173,-0.0357315,-0.189189,-2.04796,-3.78507
0.0706944,0.0229124,-0.0361097,-0.199886,-2.05102,-3.77861
0.0706739,0.0227071,-0.0364872,-0.209503,-2.05494,-3.77201
0.0706524,0.0225014,-0.0368641,-0.220883,-2.05887,-3.76541
0.0706298,0.0222953,-0.0372403,-0.230927,-2.06238,-3.75881
0.0706062,0.0220889,-0.0376159,-0.241418,-2.06637,-3.75274
0.0705816,0.021882,-0.0379908,-0.250252,-2.07067,-3.74659
0.0705562,0.0216747,-0.0383651,-0.259622,-2.07426,-3.74026
0.0705297,0.0214671,-0.0387388,-0.269012,-2.07818,-3.73438
0.0705023,0.0212591,-0.0391119,-0.279304,-2.0816,-3.72783
0.0704739,0.0210507,-0.0394844,-0.289165,-2.08564,-3.72102
0.0704445,0.0208419,-0.0398562,-0.299046,-2.08985,-3.71446
0.0704141,0.0206328,-0.0402273,-0.308826,-2.0937,-3.7085
0.0703828,0.0204232,-0.0405978,-0.317859,-2.09781,-3.70195
0.0703505,0.0202132,-0.0409677,-0.327372,-2.10215,-3.69509
0.0703173,0.0200028,-0.0413369,-0.336542,-2.10503,-3.6889
0.0702831,0.0197922,-0.0417053,-0.346286,-2.10817,-3.68094
0.070248,0.0195812,-0.0420731,-0.355903,-2.11127,-3.67346
0.070212,0.0193699,-0.0424401,-0.365204,-2.11463,-3.66664
0.070175,0.0191583,-0.0428064,-0.374541,-2.11683,-3.66009
0.070137,0.0189465,-0.0431721,-0.384126,-2.12031,-3.65351
0.0700981,0.0187342,-0.0435371,-0.393933,-2.12408,-3.64653
0.0700583,0.0185217,-0.0439014,-0.4032,-2.12746,-3.63905
0.0700175,0.0183088,-0.044265,-0.412437,-2.13038,-3.63241
0.0699757,0.0180956,-0.0446279,-0.422894,-2.13382,-3.62543
0.0699329,0.0178821,-0.0449901,-0.432663,-2.13644,-3.61835
0.0698892,0.0176683,-0.0453516,-0.441938,-2.14053,-3.61124
0.0698445,0.017454,-0.0457123,-0.451246,-2.14393,-3.60399
0.0697989,0.0172394,-0.0460723,-0.460343,-2.14777,-3.5958
0.0697525,0.0170245,-0.0464315,-0.469325,-2.15089,-3.58848
0.069705,0.0168093,-0.04679,-0.479525,-2.1546,-3.58046
0.0696566,0.0165937,-0.0471477,-0.487956,-2.15762,-3.57214
0.0696074,0.0163777,-0.0475045,-0.495712,-2.16113,-3.56504
0.0695575,0.0161614,-0.0478606,-0.50431,-2.16441,-3.55703
0.0695066,0.0159449,-0.048216,-0.512656,-2.16706,-3.54962
0.0694549,0.015728,-0.0485706,-0.520974,-2.17008,-3.54346
0.0694024,0.0155109,-0.0489246,-0.529132,-2.17227,-3.53687
0.0693491,0.0152935,-0.0492779,-0.537585,-2.17492,-3.5296
0.069295,0.0150759,-0.0496305,-0.545417,-2.17758,-3.52241
0.06924,0.014858,-0.0499824,-0.55443,-2.18104,-3.51507
0.0691841,0.0146397,-0.0503335,-0.563012,-2.18377,-3.50707
0.0691274,0.0144212,-0.0506838,-0.571574,-2.18641,-3.49976
0.0690698,0.0142025,-0.0510334,-0.580172,-2.18856,-3.49173
0.0690113,0.0139836,-0.0513822,-0.588227,-2.1904,-3.4848
0.0689521,0.0137644,-0.0517304,-0.597365,-2.19286,-3.47784
0.0688919,0.013545,-0.0520778,-0.605759,-2.19516,-3.47044
0.068831,0.0133253,-0.0524245,-0.613526,-2.19805,-3.46326
0.0687692,0.0131055,-0.0527704,-0.621939,-2.1988,-3.45571
0.0687066,0.0128855,-0.0531156,-0.630225,-2.2009,-3.44783
0.0686431,0.0126653,-0.05346,-0.63927,-2.20313,-3.43984
0.0685787,0.012445,-0.0538035,-0.6481,-2.20361,-3.4318
0.0685135,0.0122244,-0.0541463,-0.656288,-2.20714,-3.42328
0.0684475,0.0120037,-0.0544883,-0.663481,-2.20783,-3.41623
0.0683807,0.0117828,-0.0548295,-0.67122,-2.2102,-3.40884
0.0683133,0.0115617,-0.0551701,-0.678846,-2.2125,-3.4017
0.068245,0.0113404,-0.0555099,-0.686587,-2.21387,-3.39425
0.0681759,0.0111189,-0.055849,-0.694634,-2.21487,-3.38776
0.0681061,0.0108973,-0.0561874,-0.702952,-2.21692,-3.37994
0.0680354,0.0106755,-0.056525,-0.710852,-2.21958,-3.37183
0.067964,0.0104535,-0.0568618,-0.717935,-2.22148,-3.36425
0.0678918,0.0102312,-0.0571978,-0.725494,-2.22303,-3.35649
0.0678189,0.0100088,-0.0575331,-0.73289,-2.22468,-3.34858
0.0677453,0.00978633,-0.0578675,-0.73924,-2.22567,-3.33999
0.067671,0.00956367,-0.0582011,-0.746523,-2.22744,-3.33267
0.0675959,0.00934084,-0.058534,-0.754049,-2.22943,-3.32505
0.0675202,0.00911784,-0.0588661,-0.761026,-2.23055,-3.31635
0.0674437,0.0088947,-0.0591973,-0.768461,-2.2322,-3.30832
0.0673666,0.00867138,-0.0595278,-0.773882,-2.23407,-3.30119
0.0672889,0.00844792,-0.0598575,-0.779529,-2.23502,-3.29391
0.0672106,0.00822434,-0.0601866,-0.785812,-2.2366,-3.28625
0.0671317,0.00800068,-0.0605148,-0.792426,-2.23651,-3.2793
0.0670521,0.00777695,-0.0608424,-0.799272,-2.23848,-3.2716
0.0669719,0.00755304,-0.0611692,-0.805544,-2.23992,-3.26458
0.066891,0.00732899,-0.0614952,-0.812429,-2.24115,-3.25686
0.066891,0.00732899,-0.0614952,-0.812429,-2.24115,-3.25686
0.0668094,0.0071049,-0.0618205,-0.819215,-2.24098,-3.24819
0.0667271,0.00688083,-0.0621449,-0.827064,-2.24087,-3.24019
0.0666441,0.0066568,-0.0624685,-0.834318,-2.23974,-3.23241
0.0665603,0.00643279,-0.0627914,-0.84165,-2.24041,-3.22423
0.0664757,0.00620877,-0.0631134,-0.849188,-2.23955,-3.21577
0.0663904,0.00598487,-0.0634346,-0.856458,-2.23896,-3.2084
0.0663045,0.005761,-0.063755,-0.86334,-2.2383,-3.20058
0.0662178,0.00553717,-0.0640747,-0.870643,-2.23851,-3.19295
0.0661303,0.00531334,-0.0643936,-0.877966,-2.238,-3.18529
0.0660422,0.00508957,-0.0647118,-0.885288,-2.23718,-3.17771
0.0659533,0.00486587,-0.0650291,-0.892373,-2.23676,-3.16964
0.0658637,0.00464224,-0.0653457,-0.89977,-2.23533,-3.16065
0.0657733,0.00441869,-0.0656614,-0.907418,-2.23526,-3.15318
0.0656822,0.00419519,-0.0659763,-0.914629,-2.23463,-3.14531
0.0655904,0.00397176,-0.0662905,-0.921884,-2.23424,-3.13825
0.0654978,0.00374837,-0.0666039,-0.928311,-2.23369,-3.13036
0.0654047,0.00352505,-0.0669165,-0.934418,-2.233,-3.12273
0.0653109,0.00330178,-0.0672284,-0.941702,-2.23213,-3.11494
0.0652164,0.00307858,-0.0675395,-0.948643,-2.23191,-3.1071
0.0651212,0.00285545,-0.0678498,-0.955023,-2.23102,-3.09913
0.0650254,0.00263238,-0.0681593,-0.961366,-2.23007,-3.09167
0.064929,0.00240938,-0.0684681,-0.966619,-2.22967,-3.08343
0.064832,0.00218646,-0.068776,-0.973321,-2.22876,-3.07579
0.0647344,0.0019636,-0.0690832,-0.979687,-2.22853,-3.06749
0.0646361,0.00174073,-0.0693896,-0.985231,-2.22868,-3.06045
0.0645373,0.00151793,-0.0696953,-0.991626,-2.22716,-3.05276
0.0644378,0.00129525,-0.0700001,-0.998303,-2.22663,-3.04414
0.0643377,0.00107256,-0.0703041,-1.00414,-2.22708,-3.03548
0.064237,0.000849896,-0.0706073,-1.01047,-2.22639,-3.02852
0.0641356,0.000627262,-0.0709098,-1.01659,-2.22611,-3.02062
0.0640337,0.000404721,-0.0712115,-1.02251,-2.2247,-3.01344
0.0639311,0.000182332,-0.0715124,-1.02945,-2.22332,-3.0053
0.0638278,-3.99582e-05,-0.0718126,-1.03572,-2.22269,-2.99839
0.0637239,-0.000262132,-0.072112,-1.04291,-2.22067,-2.99039
0.0636193,-0.000484071,-0.0724107,-1.04844,-2.21836,-2.98321
0.0635142,-0.000705855,-0.0727087,-1.05444,-2.21749,-2.97598
0.0634085,-0.000927551,-0.0730058,-1.05961,-2.21696,-2.96767
0.0633023,-0.00114916,-0.0733023,-1.06464,-2.21586,-2.9606
0.0631955,-0.00137072,-0.073598,-1.07061,-2.21538,-2.95353
0.0630881,-0.00159216,-0.0738929,-1.07641,-2.21365,-2.94556
0.0629802,-0.00181346,-0.0741871,-1.08155,-2.21235,-2.93775
0.0628717,-0.00203461,-0.0744805,-1.08753,-2.21063,-2.93039
0.0627627,-0.00225558,-0.0747732,-1.09259,-2.20859,-2.92296
0.0626532,-0.00247639,-0.0750651,-1.09769,-2.20791,-2.91541
0.0625432,-0.00269711,-0.0753562,-1.10275,-2.20592,-2.90774
0.0624326,-0.00291764,-0.0756467,-1.10831,-2.20442,-2.90105
0.0623215,-0.00313799,-0.0759364,-1.11393,-2.20273,-2.89351
0.0622098,-0.00335818,-0.0762255,-1.11928,-2.20082,-2.88702
0.0620977,-0.0035782,-0.0765138,-1.1246,-2.19946,-2.87997
0.0619849,-0.00379804,-0.0768014,-1.12995,-2.19799,-2.87144
0.0618716,-0.00401777,-0.0770882,-1.13579,-2.19634,-2.86383
0.0617578,-0.00423734,-0.0773742,-1.14165,-2.19494,-2.85674
0.0616434,-0.00445678,-0.0776595,-1.14591,-2.19425,-2.84825
0.0615286,-0.00467613,-0.0779439,-1.15075,-2.19276,-2.84121
0.0614132,-0.00489535,-0.0782277,-1.15593,-2.19221,-2.83353
0.0612974,-0.00511444,-0.0785107,-1.16029,-2.18969,-2.82615
0.0611812,-0.00533336,-0.0787929,-1.16481,-2.18929,-2.81874
0.0610644,-0.00555224,-0.0790744,-1.16972,-2.18818,-2.81087
0.0609472,-0.00577094,-0.0793551,-1.17408,-2.18616,-2.80278
0.0608296,-0.00598947,-0.079635,-1.17964,-2.18411,-2.79518
0.0607113,-0.00620779,-0.0799141,-1.18514,-2.18263,-2.78741
0.0605925,-0.00642598,-0.0801925,-1.18997,-2.18073,-2.78002
0.0604733,-0.00664399,-0.0804702,-1.19524,-2.17986,-2.77306
0.0603535,-0.0068619,-0.0807471,-1.19986,-2.17838,-2.76517
0.0602333,-0.00707966,-0.0810232,-1.20433,-2.1767,-2.75724
0.0601127,-0.00729719,-0.0812986,-1.20883,-2.17409,-2.75036
0.0599916,-0.00751453,-0.0815732,-1.21294,-2.17267,-2.74286
0.05987,-0.0077317,-0.0818471,-1.21837,-2.1706,-2.73518
0.059748,-0.00794866,-0.0821203,-1.22243,-2.1687,-2.72813
0.0596256,-0.00816543,-0.0823928,-1.22604,-2.16682,-2.7215
0.0595028,-0.00838204,-0.0826645,-1.22936,-2.16538,-2.71343
0.0593796,-0.00859848,-0.0829355,-1.23324,-2.16372,-2.70601
0.0592561,-0.00881477,-0.0832058,-1.23819,-2.16226,-2.69882
0.0591321,-0.00903094,-0.0834753,-1.24148,-2.16088,-2.69159
0.0590077,-0.00924694,-0.0837441,-1.24575,-2.1586,-2.68386
0.058883,-0.00946267,-0.0840121,-1.24952,-2.15647,-2.6768
0.0587578,-0.00967826,-0.0842793,-1.25429,-2.15548,-2.66861
0.0586322,-0.00989368,-0.0845458,-1.25761,-2.15337,-2.66054
0.0585063,-0.0101089,-0.0848115,-1.26169,-2.1508,-2.65284
0.0583799,-0.0103239,-0.0850764,-1.26479,-2.14889,-2.64479
0.0582533,-0.0105387,-0.0853405,-1.26829,-2.14735,-2.63797
0.0581263,-0.0107533,-0.0856039,-1.27137,-2.14571,-2.63064
0.057999,-0.0109678,-0.0858667,-1.27461,-2.14402,-2.62404
0.0578714,-0.0111821,-0.0861288,-1.27796,-2.1414,-2.61771
0.0577434,-0.0113961,-0.0863902,-1.28092,-2.13893,-2.61071
0.0576151,-0.0116099,-0.0866509,-1.28414,-2.13634,-2.60416
0.0574866,-0.0118234,-0.086911,-1.28758,-2.13341,-2.59692
0.0573577,-0.0120366,-0.0871704,-1.29055,-2.13098,-2.58982
0.0572284,-0.0122495,-0.087429,-1.29509,-2.12839,-2.58271
0.0570986,-0.0124622,-0.0876869,-1.29961,-2.12578,-2.57539
0.0569685,-0.0126747,-0.0879442,-1.3033,-2.12376,-2.57007
0.056838,-0.012887,-0.0882009,-1.30692,-2.12228,-2.56326
0.0567071,-0.0130991,-0.0884568,-1.31114,-2.12011,-2.55605
0.0565758,-0.0133111,-0.0887121,-1.3146,-2.11801,-2.54993
0.0564442,-0.0135228,-0.0889667,-1.31798,-2.11648,-2.54235
0.0563122,-0.0137343,-0.0892206,-1.32225,-2.11388,-2.5359
0.0561797,-0.0139456,-0.0894739,-1.32612,-2.11176,-2.52915
0.0560469,-0.0141566,-0.0897265,-1.32994,-2.10827,-2.52323
0.0559138,-0.0143673,-0.0899785,-1.33348,-2.10579,-2.51648
0.0557803,-0.0145778,-0.0902298,-1.33583,-2.10391,-2.5094
0.0556465,-0.0147881,-0.0904804,-1.33921,-2.10092,-2.50268
0.0555125,-0.0149981,-0.0907303,-1.34174,-2.09916,-2.49585
0.0553782,-0.0152078,-0.0909795,-1.34495,-2.09612,-2.48891
0.0552435,-0.0154173,-0.091228,-1.3484,-2.09398,-2.48201
0.0551085,-0.0156266,-0.0914759,-1.35156,-2.09168,-2.47439
0.0549732,-0.0158357,-0.091723,-1.35475,-2.08887,-2.46681
0.0548376,-0.0160444,-0.0919693,-1.35799,-2.08655,-2.46003
0.0547016,-0.0162529,-0.092215,-1.36044,-2.08384,-2.45342
0.0545655,-0.0164612,-0.09246,-1.36311,-2.08085,-2.44684
0.054429,-0.0166692,-0.0927043,-1.36602,-2.07821,-2.43968
0.0542922,-0.0168769,-0.092948,-1.36911,-2.07578,-2.43293
0.0541551,-0.0170843,-0.0931909,-1.37359,-2.07308,-2.42645
0.0540176,-0.0172915,-0.0934332,-1.377,-2.07108,-2.4192
0.0538797,-0.0174985,-0.0936748,-1.38105,-2.06928,-2.4124
0.0537414,-0.0177053,-0.0939157,-1.3836,-2.06673,-2.40602
0.0536029,-0.0179119,-0.094156,-1.38673,-2.06411,-2.39908
0.0534641,-0.0181182,-0.0943956,-1.38975,-2.06153,-2.39288
0.053325,-0.0183242,-0.0946346,-1.39272,-2.05879,-2.38743
0.0531856,-0.0185299,-0.0948731,-1.39536,-2.05618,-2.38178
0.0530459,-0.0187354,-0.0951109,-1.39756,-2.05329,-2.3743
0.0529061,-0.0189406,-0.095348,-1.39948,-2.05147,-2.36795
0.052766,-0.0191457,-0.0955844,-1.40189,-2.04902,-2.36118
0.0526257,-0.0193505,-0.0958202,-1.40448,-2.04684,-2.35454
0.0524851,-0.0195551,-0.0960554,-1.40726,-2.0444,-2.34881
0.0523442,-0.0197594,-0.0962899,-1.40996,-2.04174,-2.34231
0.0522031,-0.0199634,-0.0965238,-1.41229,-2.03954,-2.33529
0.0520617,-0.0201673,-0.096757,-1.41487,-2.03677,-2.32909
0.0519201,-0.0203708,-0.0969897,-1.4177,-2.03425,-2.32337
0.0517782,-0.0205741,-0.0972216,-1.41918,-2.03182,-2.31625
0.0516362,-0.0207772,-0.097453,-1.4224,-2.02889,-2.30997
0.0514938,-0.0209799,-0.0976836,-1.42445,-2.02637,-2.30339
0.0513512,-0.0211824,-0.0979136,-1.4277,-2.02293,-2.29635
0.0512083,-0.0213845,-0.0981429,-1.42919,-2.01991,-2.28997
0.0510653,-0.0215863,-0.0983716,-1.43107,-2.01639,-2.28257
0.0509221,-0.0217878,-0.0985995,-1.43354,-2.01361,-2.27554
0.0507786,-0.0219891,-0.0988267,-1.43621,-2.01092,-2.26899
0.0506349,-0.02219,-0.0990533,-1.43835,-2.00747,-2.26274
0.0504909,-0.0223906,-0.0992793,-1.4407,-2.00493,-2.25694
0.0503467,-0.022591,-0.0995046,-1.44378,-2.00123,-2.25088
0.0502022,-0.0227909,-0.0997294,-1.44623,-1.99814,-2.24436
0.0500575,-0.0229906,-0.0999535,-1.44804,-1.99503,-2.23747
0.0499125,-0.0231899,-0.100177,-1.45029,-1.99203,-2.23078
0.0497674,-0.023389,-0.1004,-1.45244,-1.98971,-2.22452
0.049622,-0.0235878,-0.100622,-1.4544,-1.98661,-2.21803
0.0494765,-0.0237864,-0.100843,-1.45619,-1.98464,-2.21206
0.0493308,-0.0239847,-0.101064,-1.45762,-1.98204,-2.20585
0.0491849,-0.0241827,-0.101284,-1.45998,-1.97807,-2.20011
0.0490389,-0.0243804,-0.101504,-1.46148,-1.97591,-2.19389
0.0488927,-0.0245779,-0.101723,-1.46283,-1.97314,-2.18787
0.0487463,-0.0247751,-0.101942,-1.46465,-1.97104,-2.18206
0.0485997,-0.024972,-0.10216,-1.4664,-1.96826,-2.17569
0.048453,-0.0251687,-0.102377,-1.4676,-1.96522,-2.16888
0.0483062,-0.0253651,-0.102593,-1.46902,-1.96302,-2.16337
0.0481593,-0.0255613,-0.10281,-1.47051,-1.95978,-2.15841
0.0480121,-0.0257571,-0.103025,-1.47248,-1.95689,-2.1523
0.0478648,-0.0259526,-0.10324,-1.47395,-1.95367,-2.14505
0.0477173,-0.0261479,-0.103454,-1.4755,-1.95136,-2.13979
0.0475697,-0.0263429,-0.103668,-1.47636,-1.94864,-2.13368
0.047422,-0.0265376,-0.103881,-1.47826,-1.94586,-2.12718
0.0472741,-0.0267321,-0.104093,-1.48019,-1.94351,-2.12073
0.0471259,-0.0269263,-0.104305,-1.48214,-1.94066,-2.11473
0.0469777,-0.0271203,-0.104516,-1.48326,-1.93857,-2.10829
0.0468293,-0.027314,-0.104727,-1.48463,-1.93628,-2.10267
0.0466807,-0.0275075,-0.104937,-1.48563,-1.93236,-2.09636
0.0465321,-0.0277006,-0.105146,-1.4874,-1.9298,-2.09018
0.0463833,-0.0278934,-0.105355,-1.48913,-1.92637,-2.08513
0.0462343,-0.0280859,-0.105563,-1.49077,-1.92371,-2.07843
0.0460851,-0.0282781,-0.105771,-1.49262,-1.92039,-2.07276
0.0459357,-0.02847,-0.105978,-1.49442,-1.91649,-2.06761
0.0457862,-0.0286615,-0.106184,-1.4959,-1.91389,-2.06096
0.0456365,-0.0288527,-0.10639,-1.49792,-1.91083,-2.05541
0.0454867,-0.0290436,-0.106595,-1.49898,-1.90736,-2.04959
0.0453367,-0.0292342,-0.1068,-1.50079,-1.90496,-2.04416
0.0451865,-0.0294246,-0.107004,-1.50184,-1.90155,-2.0381
0.0450363,-0.0296145,-0.107207,-1.50323,-1.89803,-2.0324
0.0448859,-0.0298042,-0.10741,-1.50358,-1.89516,-2.02611
0.0447355,-0.0299936,-0.107613,-1.5049,-1.89212,-2.02009
0.044585,-0.0301826,-0.107814,-1.5054,-1.88886,-2.01452
0.0444344,-0.0303714,-0.108015,-1.50719,-1.88665,-2.00824
0.0442836,-0.0305599,-0.108216,-1.50771,-1.88318,-2.00189
0.0441328,-0.030748,-0.108416,-1.50891,-1.87972,-1.9961
0.0439818,-0.0309358,-0.108615,-1.50997,-1.87671,-1.99004
0.0438308,-0.0311233,-0.108814,-1.5102,-1.87341,-1.98499
0.0436798,-0.0313105,-0.109012,-1.51009,-1.87045,-1.97916
0.0435288,-0.0314974,-0.10921,-1.51082,-1.86674,-1.97314
0.0433777,-0.0316839,-0.109407,-1.51177,-1.86314,-1.96829
0.0432264,-0.03187,-0.109603,-1.51267,-1.85999,-1.96352
0.0430752,-0.0320559,-0.109799,-1.51247,-1.85658,-1.9584
0.0429239,-0.0322414,-0.109995,-1.51449,-1.85412,-1.95189
0.0427724,-0.0324266,-0.11019,-1.51511,-1.84993,-1.94555
0.0426208,-0.0326115,-0.110384,-1.5165,-1.84802,-1.94033
0.0424691,-0.0327961,-0.110578,-1.51742,-1.84499,-1.93474
0.0423173,-0.0329805,-0.110771,-1.51819,-1.84235,-1.92977
0.0421655,-0.0331645,-0.110964,-1.51893,-1.83904,-1.92478
0.0420136,-0.0333483,-0.111156,-1.51915,-1.83604,-1.91915
0.0418617,-0.0335317,-0.111348,-1.51946,-1.83238,-1.91398
0.0417097,-0.0337148,-0.111539,-1.52055,-1.82905,-1.90897
0.0415576,-0.0338975,-0.111729,-1.52139,-1.82576,-1.90377
0.0414054,-0.0340799,-0.11192,-1.52112,-1.82283,-1.89889
0.0412533,-0.0342621,-0.112109,-1.52158,-1.81991,-1.89323
0.0411011,-0.034444,-0.112298,-1.52159,-1.81751,-1.88783
0.040949,-0.0346256,-0.112487,-1.52213,-1.81496,-1.88197
0.0407967,-0.0348068,-0.112675,-1.5223,-1.81028,-1.87622
0.0406444,-0.0349876,-0.112862,-1.52362,-1.80605,-1.87043
0.0404921,-0.0351681,-0.113049,-1.52384,-1.80354,-1.86578
0.0403397,-0.0353483,-0.113235,-1.52414,-1.80091,-1.85966
0.0401873,-0.0355282,-0.113421,-1.52378,-1.7978,-1.85441
0.0400349,-0.0357079,-0.113606,-1.52461,-1.79469,-1.84897
0.0398824,-0.0358871,-0.113791,-1.52485,-1.7914,-1.84367
0.0397299,-0.0360661,-0.113975,-1.5248,-1.7875,-1.83825
0.0395774,-0.0362447,-0.114158,-1.52561,-1.7843,-1.83297
0.0394248,-0.036423,-0.114341,-1.52571,-1.78185,-1.82812
0.0392722,-0.036601,-0.114524,-1.52556,-1.77892,-1.82357
0.0391196,-0.0367788,-0.114706,-1.52705,-1.77598,-1.81818
0.0389669,-0.0369562,-0.114888,-1.52774,-1.77257,-1.81278
0.0388141,-0.0371333,-0.115069,-1.52834,-1.76994,-1.80708
0.0386612,-0.0373101,-0.115249,-1.52939,-1.76651,-1.80147
0.0385082,-0.0374866,-0.115429,-1.52985,-1.76303,-1.79581
0.0383552,-0.0376627,-0.115608,-1.52987,-1.76012,-1.79031
0.0382022,-0.0378385,-0.115787,-1.5309,-1.75619,-1.7861
0.038049,-0.038014,-0.115965,-1.53154,-1.75336,-1.78071
0.0378959,-0.0381891,-0.116143,-1.53135,-1.74934,-1.7762
0.0377427,-0.0383639,-0.116321,-1.53179,-1.74636,-1.77056
0.0375895,-0.0385384,-0.116497,-1.53253,-1.74324,-1.76576
0.0374362,-0.0387125,-0.116674,-1.53361,-1.7394,-1.76091
0.0372829,-0.0388863,-0.11685,-1.53379,-1.73642,-1.75599
0.0371295,-0.0390598,-0.117025,-1.534,-1.7329,-1.75129
0.036976,-0.039233,-0.1172,-1.5343,-1.73061,-1.74582
0.0368226,-0.0394059,-0.117374,-1.53438,-1.72756,-1.74129
0.0366692,-0.0395785,-0.117548,-1.53493,-1.7244,-1.73615
0.0365157,-0.0397508,-0.117721,-1.53508,-1.72115,-1.73053
0.0363622,-0.0399227,-0.117894,-1.53478,-1.71794,-1.72527
0.0362087,-0.0400944,-0.118066,-1.53468,-1.71489,-1.72004
0.0360552,-0.0402657,-0.118238,-1.53465,-1.71184,-1.71497
0.0359018,-0.0404368,-0.118409,-1.53462,-1.7097,-1.70905
0.0357483,-0.0406076,-0.11858,-1.53432,-1.70701,-1.70345
0.0355949,-0.0407782,-0.11875,-1.53427,-1.70432,-1.69892
0.0354414,-0.0409485,-0.11892,-1.53526,-1.70213,-1.69331
0.0352879,-0.0411185,-0.119089,-1.53551,-1.6988,-1.68908
0.0351343,-0.0412882,-0.119257,-1.5354,-1.69579,-1.68438
0.0349808,-0.0414576,-0.119426,-1.53518,-1.69199,-1.67946
0.0348273,-0.0416266,-0.119593,-1.536,-1.68813,-1.67441
0.0346737,-0.0417953,-0.119761,-1.53604,-1.68535,-1.66947
0.0345201,-0.0419636,-0.119927,-1.53615,-1.68126,-1.66358
0.0343664,-0.0421316,-0.120093,-1.53649,-1.6781,-1.65859
0.0342127,-0.0422993,-0.120259,-1.53752,-1.67496,-1.65392
0.034059,-0.0424666,-0.120424,-1.53729,-1.67193,-1.64892
0.0339053,-0.0426336,-0.120589,-1.53669,-1.66885,-1.6444
0.0337516,-0.0428004,-0.120753,-1.53651,-1.66628,-1.63975
0.033598,-0.0429668,-0.120917,-1.5355,-1.66273,-1.63482
0.0334445,-0.0431329,-0.12108,-1.53564,-1.65808,-1.62989
0.0332909,-0.0432986,-0.121243,-1.53556,-1.65563,-1.62575
0.0331373,-0.043464,-0.121405,-1.53605,-1.65289,-1.62189
0.0329837,-0.0436291,-0.121567,-1.53643,-1.64971,-1.61783
0.0328301,-0.043794,-0.121729,-1.5366,-1.64703,-1.61338
0.0326765,-0.0439585,-0.12189,-1.53569,-1.64378,-1.60835
0.0325229,-0.0441228,-0.12205,-1.53519,-1.64106,-1.6027
0.0323694,-0.0442867,-0.12221,-1.53484,-1.63772,-1.59781
0.0322159,-0.0444503,-0.12237,-1.53519,-1.63423,-1.59376
0.0320623,-0.0446136,-0.122529,-1.53514,-1.63128,-1.58919
0.0319088,-0.0447765,-0.122688,-1.53567,-1.62786,-1.58471
0.0317552,-0.0449391,-0.122846,-1.53535,-1.62444,-1.5799
0.0316017,-0.0451014,-0.123004,-1.53559,-1.62169,-1.57551
0.0314481,-0.0452634,-0.123161,-1.535,-1.61865,-1.57135
0.0312947,-0.0454252,-0.123318,-1.53496,-1.61611,-1.56663
0.0311412,-0.0455866,-0.123474,-1.53426,-1.61223,-1.56181
0.0309879,-0.0457477,-0.12363,-1.53261,-1.60945,-1.55737
0.0308346,-0.0459085,-0.123786,-1.53238,-1.60698,-1.55277
0.0306814,-0.0460691,-0.123941,-1.53169,-1.6045,-1.54853
0.0305282,-0.0462294,-0.124096,-1.53232,-1.60177,-1.54454
0.030375,-0.0463894,-0.12425,-1.53158,-1.59699,-1.54001
0.0302219,-0.0465489,-0.124404,-1.53053,-1.59323,-1.53564
0.0300689,-0.046708,-0.124557,-1.52975,-1.58932,-1.53129
0.0299159,-0.0468668,-0.12471,-1.53015,-1.58612,-1.52694
0.0297629,-0.0470252,-0.124862,-1.53022,-1.58348,-1.52316
0.0296098,-0.0471834,-0.125015,-1.53047,-1.58052,-1.51827
0.0294568,-0.0473414,-0.125166,-1.52925,-1.57824,-1.51342
0.0293039,-0.047499,-0.125317,-1.52957,-1.57483,-1.50931
0.029151,-0.0476564,-0.125468,-1.52957,-1.57138,-1.50391
0.028998,-0.0478134,-0.125618,-1.53001,-1.56887,-1.49964
0.028845,-0.0479701,-0.125768,-1.5299,-1.56526,-1.49536
0.028692,-0.0481265,-0.125917,-1.52964,-1.56265,-1.49164
0.028539,-0.0482825,-0.126066,-1.52945,-1.55926,-1.48778
0.0283862,-0.0484384,-0.126215,-1.52814,-1.55668,-1.48331
0.0282334,-0.0485939,-0.126363,-1.52822,-1.55393,-1.47932
0.0280806,-0.0487491,-0.126511,-1.52716,-1.55046,-1.47526
0.027928,-0.048904,-0.126658,-1.52568,-1.54717,-1.47113
0.0277754,-0.0490586,-0.126805,-1.52537,-1.54364,-1.46638
0.0276228,-0.0492128,-0.126951,-1.52587,-1.541,-1.46271
0.0274702,-0.0493667,-0.127097,-1.52509,-1.53823,-1.45844
0.0273177,-0.0495204,-0.127243,-1.52527,-1.535,-1.4545
0.0271652,-0.0496737,-0.127388,-1.52427,-1.53154,-1.45019
0.0270128,-0.0498267,-0.127533,-1.52377,-1.52811,-1.44636
0.0268605,-0.0499794,-0.127677,-1.52254,-1.52538,-1.44345
0.0267082,-0.0501317,-0.127822,-1.52307,-1.52199,-1.43958
0.026556,-0.0502838,-0.127965,-1.52235,-1.51902,-1.43435
0.0264038,-0.0504355,-0.128109,-1.52275,-1.5159,-1.4305
0.0262515,-0.050587,-0.128251,-1.52286,-1.51312,-1.42697
0.0260992,-0.0507382,-0.128394,-1.52158,-1.51009,-1.42285
0.0259471,-0.050889,-0.128536,-1.52127,-1.50737,-1.41903
0.025795,-0.0510397,-0.128678,-1.52091,-1.5051,-1.41471
0.025643,-0.05119,-0.128819,-1.5196,-1.50158,-1.41092
0.0254911,-0.05134,-0.12896,-1.51808,-1.49866,-1.40743
0.0253394,-0.0514897,-0.1291,-1.51665,-1.49523,-1.40321
0.0251877,-0.0516391,-0.129241,-1.51578,-1.49224,-1.39928
0.0250362,-0.0517881,-0.12938,-1.51489,-1.48877,-1.39448
0.0248847,-0.0519368,-0.12952,-1.51497,-1.48505,-1.39005
0.0247333,-0.0520852,-0.129658,-1.51455,-1.48204,-1.38644
0.0245818,-0.0522333,-0.129797,-1.51396,-1.47906,-1.38223
0.0244305,-0.052381,-0.129935,-1.51357,-1.47615,-1.37796
0.0242792,-0.0525284,-0.130072,-1.51294,-1.47193,-1.37381
0.0241279,-0.0526754,-0.13021,-1.51209,-1.46848,-1.36933
0.0239767,-0.0528221,-0.130346,-1.51122,-1.46551,-1.36462
0.0238256,-0.0529685,-0.130483,-1.51085,-1.46239,-1.36122
0.0236746,-0.0531147,-0.130618,-1.51023,-1.46063,-1.35755
0.0235236,-0.0532606,-0.130754,-1.50997,-1.45799,-1.35296
0.0233726,-0.0534063,-0.130889,-1.50956,-1.45503,-1.34866
0.0232216,-0.0535516,-0.131024,-1.50931,-1.45087,-1.34564
0.0230708,-0.0536966,-0.131158,-1.5085,-1.4486,-1.34161
0.0229199,-0.0538412,-0.131292,-1.50839,-1.44494,-1.33763
0.0227691,-0.0539856,-0.131426,-1.50786,-1.44223,-1.33349
0.0226184,-0.0541297,-0.131559,-1.50703,-1.43945,-1.32987
0.0224677,-0.0542735,-0.131692,-1.50597,-1.43672,-1.32623
0.0223171,-0.0544171,-0.131824,-1.50534,-1.43468,-1.32262
0.0221666,-0.0545604,-0.131956,-1.50497,-1.4318,-1.31775
0.0220161,-0.0547034,-0.132088,-1.50477,-1.4284,-1.31377
0.0218657,-0.0548461,-0.132219,-1.50401,-1.4254,-1.31032
0.0217153,-0.0549885,-0.13235,-1.50333,-1.42223,-1.30711
0.021565,-0.0551305,-0.13248,-1.50258,-1.41822,-1.30349
0.0214149,-0.0552722,-0.13261,-1.50124,-1.41532,-1.29837
0.0212648,-0.0554136,-0.13274,-1.50037,-1.41261,-1.29493
0.0211148,-0.0555548,-0.132869,-1.49958,-1.4104,-1.29086
0.0209648,-0.0556957,-0.132998,-1.49978,-1.40812,-1.2866
0.0208149,-0.0558363,-0.133127,-1.49919,-1.40443,-1.28238
0.020665,-0.0559766,-0.133255,-1.49782,-1.40096,-1.27883
0.0205152,-0.0561166,-0.133382,-1.4979,-1.39815,-1.27511
0.0203655,-0.0562562,-0.13351,-1.49746,-1.39556,-1.27133
0.0202157,-0.0563956,-0.133637,-1.49725,-1.39247,-1.26708
0.020066,-0.0565347,-0.133763,-1.49741,-1.3895,-1.26216
0.0199163,-0.0566736,-0.133889,-1.49605,-1.38703,-1.25841
0.0197667,-0.0568121,-0.134015,-1.49602,-1.38416,-1.25456
0.0196171,-0.0569504,-0.13414,-1.49606,-1.38077,-1.25001
0.0194675,-0.0570883,-0.134265,-1.49505,-1.37792,-1.24655
0.0193181,-0.057226,-0.134389,-1.49411,-1.37521,-1.24198
0.0191688,-0.0573633,-0.134513,-1.49232,-1.3718,-1.23767
0.0190196,-0.0575003,-0.134637,-1.49133,-1.36885,-1.23338
0.0188705,-0.0576371,-0.13476,-1.49027,-1.36618,-1.22961
0.0187216,-0.0577736,-0.134883,-1.48866,-1.36371,-1.22635
0.0185728,-0.0579098,-0.135005,-1.48785,-1.36033,-1.22311
0.018424,-0.0580457,-0.135127,-1.48688,-1.35803,-1.21945
0.0182754,-0.0581813,-0.135249,-1.48599,-1.35498,-1.21587
0.0181268,-0.0583167,-0.135371,-1.48504,-1.35238,-1.21302
0.0179784,-0.0584518,-0.135492,-1.4848,-1.35006,-1.20931
0.01783,-0.0585866,-0.135612,-1.48293,-1.34592,-1.20615
0.0176818,-0.0587211,-0.135733,-1.48159,-1.34351,-1.20238
0.0175337,-0.0588553,-0.135853,-1.48073,-1.3412,-1.199
0.0173856,-0.0589893,-0.135973,-1.48035,-1.33825,-1.19471
0.0172376,-0.0591229,-0.136092,-1.47976,-1.33492,-1.1913
0.0170897,-0.0592563,-0.136211,-1.47863,-1.33249,-1.18828
0.0169419,-0.0593894,-0.13633,-1.47702,-1.32935,-1.18486
0.0167943,-0.0595221,-0.136448,-1.47614,-1.32541,-1.18133
0.0166467,-0.0596545,-0.136566,-1.47561,-1.32208,-1.17743
0.0164992,-0.0597865,-0.136683,-1.47443,-1.31964,-1.17336
0.0163518,-0.0599184,-0.136801,-1.47363,-1.31696,-1.16877
0.0162045,-0.0600499,-0.136917,-1.47174,-1.31436,-1.16456
0.0160574,-0.0601812,-0.137033,-1.47141,-1.31174,-1.16079
0.0159103,-0.0603122,-0.137149,-1.4706,-1.30865,-1.15718
0.0157633,-0.060443,-0.137265,-1.46885,-1.30628,-1.15461
0.0156165,-0.0605734,-0.13738,-1.46719,-1.30301,-1.15064
0.0154698,-0.0607036,-0.137495,-1.46686,-1.29985,-1.14677
0.0153232,-0.0608334,-0.13761,-1.46572,-1.29704,-1.14379
0.0151767,-0.060963,-0.137724,-1.46393,-1.29399,-1.13931
0.0150304,-0.0610922,-0.137838,-1.46253,-1.29154,-1.13528
0.0148842,-0.0612213,-0.137951,-1.46161,-1.28853,-1.13295
0.014738,-0.06135,-0.138064,-1.4604,-1.2857,-1.13031
0.0145921,-0.0614784,-0.138177,-1.45884,-1.28336,-1.12571
0.0144463,-0.0616066,-0.138289,-1.45791,-1.28074,-1.12136
0.0143005,-0.0617346,-0.138401,-1.45717,-1.27799,-1.11848
0.0141548,-0.0618622,-0.138513,-1.45617,-1.27532,-1.11419
0.0140092,-0.0619896,-0.138624,-1.45622,-1.27277,-1.11185
0.0138636,-0.0621168,-0.138735,-1.45561,-1.26972,-1.10809
0.0137181,-0.0622436,-0.138846,-1.45462,-1.26659,-1.1041
0.0135727,-0.0623701,-0.138956,-1.45357,-1.26331,-1.1015
0.0134274,-0.0624964,-0.139066,-1.4525,-1.26186,-1.0977
0.0132822,-0.0626224,-0.139176,-1.45138,-1.25969,-1.09398
0.0131371,-0.0627483,-0.139285,-1.44943,-1.25704,-1.09141
0.0129923,-0.0628738,-0.139394,-1.44769,-1.25308,-1.08802
0.0128476,-0.062999,-0.139503,-1.44638,-1.25047,-1.0847
0.0127029,-0.0631239,-0.139611,-1.44579,-1.24775,-1.08218
0.0125583,-0.0632485,-0.139719,-1.44574,-1.24479,-1.07939
0.0124139,-0.0633729,-0.139827,-1.44365,-1.24233,-1.07611
0.0122696,-0.063497,-0.139934,-1.44181,-1.23945,-1.07189
0.0121254,-0.0636207,-0.140041,-1.44066,-1.23682,-1.06903
0.0119814,-0.0637443,-0.140148,-1.44025,-1.23405,-1.0652
0.0118375,-0.0638676,-0.140254,-1.43831,-1.23272,-1.06247
0.0116938,-0.0639908,-0.14036,-1.43564,-1.23021,-1.05869
0.0115503,-0.0641137,-0.140466,-1.43463,-1.2273,-1.0555
0.0114069,-0.0642362,-0.140571,-1.43323,-1.22398,-1.0522
0.0112636,-0.0643585,-0.140677,-1.43217,-1.22143,-1.04913
0.0111205,-0.0644805,-0.140781,-1.43085,-1.21889,-1.04603
0.0109775,-0.0646023,-0.140886,-1.42957,-1.21657,-1.04279
0.0108346,-0.0647238,-0.14099,-1.42808,-1.21372,-1.03876
0.0106919,-0.064845,-0.141094,-1.42638,-1.2106,-1.03584
0.0105493,-0.064966,-0.141197,-1.42558,-1.20888,-1.03217
0.0104068,-0.0650868,-0.1413,-1.42484,-1.20603,-1.02889
0.0102644,-0.0652073,-0.141403,-1.42284,-1.20393,-1.02566
0.0101221,-0.0653275,-0.141505,-1.42277,-1.20098,-1.02253
0.00997989,-0.0654475,-0.141607,-1.4216,-1.19855,-1.01868
0.00983776,-0.0655672,-0.141709,-1.42089,-1.19565,-1.01533
0.00969574,-0.0656866,-0.14181,-1.41956,-1.19249,-1.01203
0.00955387,-0.0658057,-0.141911,-1.41797,-1.18975,-1.00948
0.00941211,-0.0659245,-0.142012,-1.41697,-1.18661,-1.00561
0.00927055,-0.066043,-0.142113,-1.41418,-1.18347,-1.00328
0.00912918,-0.0661612,-0.142213,-1.41322,-1.18021,-1.0003
0.0089879,-0.0662791,-0.142313,-1.41248,-1.17714,-0.99628
0.00884669,-0.0663966,-0.142412,-1.41195,-1.17368,-0.992705
0.00870556,-0.0665138,-0.142511,-1.41003,-1.1707,-0.989275
0.00856462,-0.0666308,-0.14261,-1.40877,-1.16762,-0.985708
0.00842382,-0.0667474,-0.142708,-1.40678,-1.16494,-0.982026
0.00828322,-0.0668637,-0.142806,-1.4056,-1.16151,-0.978888
0.00814276,-0.0669797,-0.142904,-1.40376,-1.15865,-0.975988
0.00800242,-0.0670955,-0.143001,-1.40282,-1.15707,-0.972202
0.00786221,-0.0672111,-0.143099,-1.40165,-1.15509,-0.969438
0.00772209,-0.0673265,-0.143195,-1.40026,-1.15209,-0.965506
0.00758212,-0.0674416,-0.143292,-1.39928,-1.14929,-0.962336
0.00744225,-0.0675564,-0.143388,-1.3982,-1.14709,-0.959206
0.00730249,-0.0676709,-0.143484,-1.39691,-1.14303,-0.955727
0.00716285,-0.067785,-0.143579,-1.39601,-1.13987,-0.95325
0.00702334,-0.0678989,-0.143674,-1.39435,-1.13766,-0.950567
0.00688394,-0.0680125,-0.143769,-1.39342,-1.13519,-0.94764
0.00674466,-0.0681259,-0.143864,-1.39235,-1.13214,-0.945139
0.00660543,-0.068239,-0.143958,-1.39183,-1.12909,-0.941414
0.00646626,-0.0683517,-0.144052,-1.39163,-1.12615,-0.93841
0.00632719,-0.0684642,-0.144146,-1.39022,-1.12279,-0.935003
0.00618826,-0.0685763,-0.144239,-1.38864,-1.12013,-0.932286
0.00604948,-0.0686882,-0.144332,-1.387,-1.11662,-0.929173
0.00591088,-0.0687997,-0.144425,-1.38524,-1.11388,-0.926155
0.00577245,-0.0689109,-0.144517,-1.38369,-1.11127,-0.924215
0.00563421,-0.0690219,-0.14461,-1.38116,-1.10854,-0.921755
0.00549623,-0.0691326,-0.144702,-1.3788,-1.10564,-0.918241
0.0053584,-0.069243,-0.144793,-1.37786,-1.10191,-0.915165
0.00522069,-0.0693531,-0.144885,-1.37697,-1.09916,-0.91186
0.00508306,-0.0694629,-0.144976,-1.37591,-1.09627,-0.908424
0.00494555,-0.0695723,-0.145066,-1.37436,-1.09342,-0.905423
0.00480822,-0.0696815,-0.145157,-1.37228,-1.09016,-0.902936
0.00467105,-0.0697904,-0.145247,-1.37108,-1.08742,-0.900361
0.00453403,-0.069899,-0.145337,-1.36943,-1.08559,-0.8966
0.0043972,-0.0700075,-0.145426,-1.3673,-1.0832,-0.894278
0.0042605,-0.0701156,-0.145516,-1.36662,-1.08013,-0.89149
0.00412391,-0.0702234,-0.145605,-1.36478,-1.07661,-0.888387
0.00398745,-0.070331,-0.145693,-1.36414,-1.07385,-0.885642
0.0038511,-0.0704382,-0.145782,-1.36272,-1.07158,-0.882868
0.0037149,-0.0705452,-0.14587,-1.36108,-1.06844,-0.879622
0.00357881,-0.0706519,-0.145958,-1.3605,-1.06494,-0.876391
0.00344286,-0.0707582,-0.146045,-1.35898,-1.06188,-0.873709
0.00330703,-0.0708642,-0.146132,-1.35761,-1.05868,-0.8709
0.00317132,-0.07097,-0.146219,-1.35662,-1.05651,-0.869017
0.00303575,-0.0710755,-0.146306,-1.35471,-1.05348,-0.866855
0.00290033,-0.0711806,-0.146393,-1.35369,-1.04961,-0.864685
0.00276505,-0.0712854,-0.146479,-1.35209,-1.04695,-0.861634
0.0026299,-0.07139,-0.146565,-1.35087,-1.04479,-0.857182
0.00249489,-0.0714944,-0.146651,-1.34931,-1.04192,-0.854452
0.00236006,-0.0715984,-0.146736,-1.34799,-1.03849,-0.851711
0.0022254,-0.0717021,-0.146821,-1.3453,-1.0363,-0.848197
0.00209095,-0.0718056,-0.146906,-1.34375,-1.0331,-0.845831
0.00195661,-0.0719088,-0.14699,-1.34314,-1.02969,-0.843357
0.00182241,-0.0720116,-0.147074,-1.34096,-1.02682,-0.840387
0.00168838,-0.0721141,-0.147158,-1.3396,-1.02416,-0.837974
0.00155449,-0.0722164,-0.147242,-1.3382,-1.02125,-0.835121
0.0014207,-0.0723183,-0.147325,-1.33716,-1.01716,-0.832794
0.00128705,-0.0724199,-0.147408,-1.33544,-1.01369,-0.830621
0.00115355,-0.072521,-0.147491,-1.33449,-1.01013,-0.827194
0.00102016,-0.0726219,-0.147574,-1.3335,-1.0076,-0.825349
0.000886878,-0.0727225,-0.147656,-1.33212,-1.00451,-0.822817
0.000753753,-0.0728228,-0.147739,-1.33019,-1.00114,-0.819702
0.000620837,-0.0729228,-0.14782,-1.32828,-0.999156,-0.8161
0.000488069,-0.0730226,-0.147902,-1.32715,-0.995621,-0.813283
0.00035545,-0.073122,-0.147983,-1.32549,-0.992251,-0.810511
0.000223008,-0.073221,-0.148064,-1.32364,-0.989049,-0.80874
9.07066e-05,-0.0733197,-0.148145,-1.32291,-0.985551,-0.805923
-4.15124e-05,-0.0734182,-0.148225,-1.32154,-0.982799,-0.802207
-0.000173586,-0.0735163,-0.148305,-1.32009,-0.980199,-0.799383
-0.000305579,-0.0736142,-0.148385,-1.31929,-0.977366,-0.796531
-0.000437453,-0.0737117,-0.148464,-1.31818,-0.973832,-0.793737
-0.000569204,-0.073809,-0.148544,-1.31712,-0.970662,-0.790102
-0.000700832,-0.0739059,-0.148623,-1.31578,-0.967606,-0.787444
-0.000832352,-0.0740025,-0.148701,-1.31465,-0.964662,-0.785115
-0.000963774,-0.0740988,-0.14878,-1.31363,-0.961133,-0.782118
-0.00109509,-0.0741947,-0.148858,-1.31223,-0.958471,-0.778358
-0.00122622,-0.0742904,-0.148935,-1.31003,-0.955887,-0.776075
-0.00135714,-0.0743859,-0.149013,-1.30823,-0.952943,-0.772735
-0.0014879,-0.074481,-0.14909,-1.30695,-0.949721,-0.770091
-0.00161851,-0.0745759,-0.149167,-1.30545,-0.947746,-0.76768
-0.00174904,-0.0746706,-0.149243,-1.30449,-0.945913,-0.765434
-0.00187938,-0.074765,-0.14932,-1.30243,-0.942563,-0.761971
-0.00200956,-0.0748591,-0.149396,-1.30118,-0.939645,-0.759703
-0.00213959,-0.0749529,-0.149472,-1.2995,-0.936579,-0.757343
-0.00226941,-0.0750464,-0.149547,-1.29733,-0.933451,-0.75444
-0.00239907,-0.0751396,-0.149623,-1.29586,-0.930279,-0.751713
-0.0025286,-0.0752325,-0.149698,-1.29454,-0.928386,-0.748727
-0.00265798,-0.0753253,-0.149772,-1.29297,-0.926595,-0.746559
-0.00278725,-0.0754178,-0.149847,-1.29255,-0.923693,-0.743684
-0.00291647,-0.07551,-0.149921,-1.29189,-0.920593,-0.741116
-0.0030455,-0.0756019,-0.149995,-1.28867,-0.917243,-0.738081
-0.00317431,-0.0756936,-0.150069,-1.28744,-0.915283,-0.736837
-0.00330302,-0.075785,-0.150142,-1.28673,-0.913121,-0.734286
-0.00343158,-0.0758762,-0.150216,-1.28416,-0.910474,-0.731502
-0.00355991,-0.0759672,-0.150289,-1.28231,-0.908527,-0.728612
-0.00368809,-0.0760579,-0.150361,-1.28114,-0.906017,-0.725367
-0.00381618,-0.0761484,-0.150434,-1.28089,-0.903861,-0.72262
-0.00394413,-0.0762387,-0.150506,-1.27798,-0.901688,-0.719839
-0.00407189,-0.0763287,-0.150578,-1.27721,-0.899215,-0.716583
-0.00419951,-0.0764185,-0.150649,-1.27511,-0.896715,-0.713805
-0.00432696,-0.076508,-0.15072,-1.27385,-0.893756,-0.709645
-0.00445426,-0.0765972,-0.150791,-1.27217,-0.890649,-0.707049
-0.00458138,-0.0766861,-0.150862,-1.27019,-0.887582,-0.705546
-0.00470831,-0.0767748,-0.150932,-1.26883,-0.885077,-0.703305
-0.00483509,-0.0768631,-0.151003,-1.26684,-0.881031,-0.700547
-0.00496167,-0.076951,-0.151072,-1.26503,-0.878077,-0.698502
-0.00508808,-0.0770387,-0.151142,-1.26331,-0.875086,-0.695922
-0.00521431,-0.077126,-0.151212,-1.26155,-0.871303,-0.693425
-0.00534039,-0.077213,-0.151281,-1.26022,-0.868531,-0.690866
-0.00546628,-0.0772997,-0.15135,-1.25777,-0.865518,-0.688126
-0.00559197,-0.0773861,-0.151418,-1.25639,-0.862666,-0.685385
-0.00571752,-0.0774722,-0.151487,-1.25474,-0.859888,-0.683484
-0.00584289,-0.0775581,-0.151555,-1.25296,-0.85729,-0.680633
-0.00596808,-0.0776437,-0.151623,-1.25088,-0.854773,-0.67904
-0.00609308,-0.0777291,-0.151691,-1.2487,-0.851859,-0.676201
-0.00621785,-0.0778141,-0.151758,-1.24707,-0.850022,-0.672964
-0.00634252,-0.077899,-0.151825,-1.2463,-0.847985,-0.669425
-0.00646709,-0.0779837,-0.151892,-1.24472,-0.846096,-0.667132
-0.00659145,-0.0780682,-0.151959,-1.24292,-0.842971,-0.664195
-0.00671563,-0.0781523,-0.152025,-1.24092,-0.839582,-0.661343
-0.00683962,-0.0782361,-0.152091,-1.2393,-0.837196,-0.658983
-0.00696346,-0.0783198,-0.152157,-1.23759,-0.834974,-0.656837
-0.00708708,-0.0784031,-0.152222,-1.23517,-0.832699,-0.653982
-0.00721047,-0.0784863,-0.152288,-1.23277,-0.83007,-0.652359
-0.00733363,-0.0785692,-0.152353,-1.23043,-0.826997,-0.649675
-0.0074566,-0.0786517,-0.152418,-1.22887,-0.823923,-0.647546
-0.00757941,-0.078734,-0.152482,-1.22741,-0.821358,-0.645552
-0.00770207,-0.078816,-0.152547,-1.22577,-0.818711,-0.643168
-0.00782457,-0.0788977,-0.152611,-1.2241,-0.816049,-0.64013
-0.00794691,-0.0789792,-0.152675,-1.22285,-0.813872,-0.637264
-0.00806912,-0.0790605,-0.152738,-1.22121,-0.811132,-0.634845
-0.00819112,-0.0791414,-0.152802,-1.21902,-0.808142,-0.632265
-0.00831296,-0.0792221,-0.152865,-1.21745,-0.806269,-0.630455
-0.00843458,-0.0793027,-0.152928,-1.21492,-0.804404,-0.627971
-0.00855604,-0.079383,-0.15299,-1.21355,-0.802246,-0.624753
-0.00867728,-0.0794631,-0.153053,-1.21121,-0.799766,-0.621718
-0.00879834,-0.079543,-0.153115,-1.21015,-0.797379,-0.619097
-0.00891926,-0.0796226,-0.153177,-1.20842,-0.795105,-0.617105
-0.00904004,-0.079702,-0.153238,-1.20715,-0.792452,-0.615153
-0.00916064,-0.079781,-0.1533,-1.20539,-0.788336,-0.61315
-0.00928108,-0.0798597,-0.153361,-1.20344,-0.785934,-0.609819
-0.00940134,-0.0799382,-0.153422,-1.20155,-0.782624,-0.607267
-0.00952139,-0.0800163,-0.153482,-1.19977,-0.780074,-0.605122
-0.0096413,-0.0800941,-0.153543,-1.19802,-0.776581,-0.602801
-0.00976099,-0.0801717,-0.153603,-1.19573,-0.774918,-0.600529
-0.00988043,-0.0802491,-0.153663,-1.19303,-0.772899,-0.597216
-0.00999962,-0.0803262,-0.153722,-1.1908,-0.769975,-0.594556
-0.0101186,-0.0804031,-0.153782,-1.18925,-0.766795,-0.591032
-0.0102375,-0.0804796,-0.153841,-1.18809,-0.764075,-0.588396
-0.0103562,-0.0805559,-0.153899,-1.18671,-0.761406,-0.58593
-0.0104748,-0.0806319,-0.153958,-1.1855,-0.758924,-0.583432
-0.0105933,-0.0807077,-0.154016,-1.18327,-0.756096,-0.580947
-0.0107115,-0.0807831,-0.154074,-1.18144,-0.753481,-0.577929
-0.0108296,-0.0808584,-0.154132,-1.17927,-0.751208,-0.575672
-0.0109474,-0.0809334,-0.154189,-1.17771,-0.748236,-0.573686
-0.011065,-0.081008,-0.154246,-1.17528,-0.744913,-0.570773
-0.0111825,-0.0810824,-0.154303,-1.17362,-0.742496,-0.56846
-0.0112998,-0.0811565,-0.15436,-1.17141,-0.739259,-0.565788
-0.0114168,-0.0812303,-0.154416,-1.16981,-0.736338,-0.562829
-0.0115337,-0.0813037,-0.154472,-1.16731,-0.733312,-0.560285
-0.0116503,-0.0813769,-0.154528,-1.16477,-0.730419,-0.557362
-0.0117667,-0.0814498,-0.154584,-1.16349,-0.727794,-0.55483
-0.0118829,-0.0815225,-0.154639,-1.16135,-0.724978,-0.551475
-0.011999,-0.0815948,-0.154694,-1.15953,-0.722277,-0.548127
-0.0121148,-0.081667,-0.154749,-1.15661,-0.719524,-0.545236
-0.0122303,-0.0817388,-0.154803,-1.15422,-0.717378,-0.542588
-0.0123457,-0.0818104,-0.154858,-1.15278,-0.714175,-0.539801
-0.0124609,-0.0818817,-0.154911,-1.15133,-0.711291,-0.537699
-0.012576,-0.0819526,-0.154965,-1.15003,-0.707843,-0.534743
-0.0126909,-0.0820233,-0.155018,-1.1482,-0.705343,-0.532838
-0.0128057,-0.0820937,-0.155072,-1.14753,-0.701959,-0.530072
-0.0129203,-0.0821637,-0.155124,-1.14549,-0.69896,-0.527951
-0.0130348,-0.0822335,-0.155177,-1.14449,-0.696486,-0.526022
-0.0131491,-0.082303,-0.15523,-1.14271,-0.693637,-0.523112
-0.0132633,-0.0823723,-0.155282,-1.14052,-0.690792,-0.522405
-0.0133772,-0.0824412,-0.155334,-1.13796,-0.688654,-0.51926
-0.0134909,-0.08251,-0.155386,-1.13618,-0.686043,-0.516276
-0.0136044,-0.0825785,-0.155437,-1.13384,-0.683554,-0.513654
-0.0137177,-0.0826467,-0.155489,-1.1313,-0.681594,-0.512342
-0.0138307,-0.0827147,-0.15554,-1.12959,-0.679029,-0.510764
-0.0139436,-0.0827825,-0.155591,-1.12769,-0.676123,-0.508988
-0.0140563,-0.08285,-0.155642,-1.12576,-0.67324,-0.506571
-0.0141688,-0.0829172,-0.155692,-1.12517,-0.670959,-0.503475
-0.0142812,-0.0829841,-0.155742,-1.12353,-0.667862,-0.50025
-0.0143935,-0.0830508,-0.155792,-1.12131,-0.665815,-0.496821
-0.0145055,-0.0831173,-0.155842,-1.11933,-0.66348,-0.494348
-0.0146174,-0.0831836,-0.155891,-1.11759,-0.661468,-0.491913
-0.014729,-0.0832496,-0.15594,-1.1148,-0.65914,-0.489223
-0.0148404,-0.0833154,-0.155989,-1.1125,-0.656541,-0.486141
-0.0149515,-0.0833809,-0.156037,-1.11042,-0.653863,-0.483425
-0.0150624,-0.0834462,-0.156085,-1.10799,-0.651209,-0.481087
-0.0151731,-0.0835112,-0.156133,-1.10579,-0.648529,-0.478694
-0.0152836,-0.0835759,-0.156181,-1.10372,-0.64504,-0.476819
-0.0153939,-0.0836402,-0.156229,-1.10216,-0.641776,-0.474556
-0.015504,-0.0837043,-0.156276,-1.09981,-0.640559,-0.471713
-0.0156138,-0.0837682,-0.156323,-1.09726,-0.63785,-0.469643
-0.0157234,-0.0838319,-0.15637,-1.09583,-0.634561,-0.468365
-0.015833,-0.0838952,-0.156417,-1.09506,-0.632285,-0.466515
-0.0159424,-0.0839583,-0.156463,-1.09351,-0.630419,-0.464857
-0.0160517,-0.0840213,-0.15651,-1.09133,-0.627904,-0.462093
-0.0161607,-0.0840839,-0.156556,-1.08964,-0.62505,-0.459335
-0.0162696,-0.0841463,-0.156602,-1.08752,-0.622121,-0.457313
-0.0163782,-0.0842084,-0.156647,-1.0849,-0.619507,-0.455335
-0.0164866,-0.0842702,-0.156693,-1.08281,-0.617276,-0.453149
-0.0165948,-0.0843317,-0.156738,-1.08043,-0.61443,-0.451273
-0.0167027,-0.0843931,-0.156783,-1.0788,-0.61188,-0.449363
-0.0168105,-0.0844541,-0.156828,-1.07755,-0.608576,-0.446828
-0.0169182,-0.0845148,-0.156872,-1.07503,-0.605383,-0.444338
-0.0170255,-0.0845752,-0.156917,-1.07255,-0.603135,-0.441286
-0.0171327,-0.0846354,-0.156961,-1.07095,-0.601086,-0.439776
-0.0172397,-0.0846954,-0.157004,-1.06911,-0.597901,-0.437273
-0.0173465,-0.084755,-0.157048,-1.06678,-0.594236,-0.434751
-0.0174531,-0.0848143,-0.157091,-1.06468,-0.591937,-0.433009
-0.0175595,-0.0848733,-0.157135,-1.06248,-0.588096,-0.430457
-0.0176656,-0.084932,-0.157177,-1.06072,-0.585533,-0.427963
-0.0177716,-0.0849904,-0.15722,-1.05829,-0.583152,-0.425851
-0.0178773,-0.0850486,-0.157263,-1.05699,-0.580562,-0.42368
-0.0179829,-0.0851065,-0.157305,-1.05477,-0.577734,-0.421541
-0.0180884,-0.0851641,-0.157347,-1.05401,-0.575094,-0.419996
-0.0181937,-0.0852215,-0.157389,-1.05228,-0.572539,-0.418083
-0.0182988,-0.0852787,-0.157431,-1.05132,-0.57079,-0.416074
-0.0184039,-0.0853357,-0.157472,-1.04943,-0.568874,-0.413832
-0.0185087,-0.0853925,-0.157513,-1.04654,-0.56647,-0.411233
-0.0186133,-0.085449,-0.157554,-1.045,-0.564657,-0.408656
-0.0187176,-0.0855054,-0.157595,-1.04264,-0.562776,-0.406595
-0.0188218,-0.0855616,-0.157636,-1.04131,-0.561041,-0.403844
-0.0189259,-0.0856175,-0.157676,-1.03967,-0.557716,-0.401452
-0.0190297,-0.0856731,-0.157716,-1.03703,-0.55419,-0.399142
-0.0191333,-0.0857284,-0.157756,-1.03528,-0.551403,-0.397973
-0.0192368,-0.0857835,-0.157795,-1.03398,-0.549617,-0.396071
-0.0193401,-0.0858383,-0.157835,-1.03212,-0.546223,-0.393983
-0.0194432,-0.0858928,-0.157874,-1.03059,-0.544373,-0.391839
-0.0195462,-0.0859471,-0.157913,-1.02881,-0.541086,-0.38925
-0.019649,-0.0860011,-0.157952,-1.02684,-0.539026,-0.387327
-0.0197516,-0.0860548,-0.157991,-1.0255,-0.53662,-0.384954
-0.0198541,-0.0861083,-0.158029,-1.02414,-0.533663,-0.383556
-0.0199564,-0.0861616,-0.158067,-1.02247,-0.53086,-0.381144
-0.0200586,-0.0862146,-0.158105,-1.0216,-0.528223,-0.378392
-0.0201606,-0.0862672,-0.158143,-1.01923,-0.524595,-0.375777
-0.0202625,-0.0863195,-0.158181,-1.01778,-0.521328,-0.37351
-0.0203641,-0.0863715,-0.158218,-1.01491,-0.518739,-0.371073
-0.0204655,-0.0864232,-0.158255,-1.01331,-0.516065,-0.368973
-0.0205668,-0.0864747,-0.158292,-1.01201,-0.512643,-0.366939
-0.0206679,-0.0865258,-0.158328,-1.01058,-0.509581,-0.365228
-0.0207689,-0.0865766,-0.158365,-1.00967,-0.506571,-0.363615
-0.0208698,-0.0866271,-0.158401,-1.00693,-0.503983,-0.361318
-0.0209703,-0.0866774,-0.158437,-1.00426,-0.500971,-0.359114
-0.0210706,-0.0867273,-0.158473,-1.00146,-0.49832,-0.356762
-0.0211707,-0.086777,-0.158508,-1.0002,-0.495923,-0.353817
-0.0212706,-0.0868265,-0.158544,-0.998009,-0.493574,-0.351935
-0.0213703,-0.0868757,-0.158579,-0.995879,-0.491132,-0.349667
-0.0214698,-0.0869247,-0.158613,-0.993637,-0.48845,-0.346274
-0.0215691,-0.0869734,-0.158648,-0.992103,-0.48599,-0.343659
-0.0216682,-0.0870219,-0.158682,-0.990599,-0.483901,-0.341907
-0.0217671,-0.0870702,-0.158716,-0.988582,-0.481605,-0.340092
-0.0218658,-0.0871182,-0.15875,-0.98604,-0.478795,-0.338168
-0.0219644,-0.087166,-0.158784,-0.984627,-0.476066,-0.334664
-0.0220628,-0.0872135,-0.158817,-0.98245,-0.47399,-0.331831
-0.0221609,-0.0872608,-0.15885,-0.98095,-0.471877,-0.329416
-0.0222589,-0.0873079,-0.158883,-0.97894,-0.468837,-0.326245
-0.0223567,-0.0873546,-0.158916,-0.975979,-0.465472,-0.323662
-0.0224542,-0.087401,-0.158948,-0.973868,-0.462446,-0.32096
-0.0225514,-0.0874471,-0.15898,-0.971318,-0.460069,-0.318892
-0.0226485,-0.087493,-0.159011,-0.969532,-0.458336,-0.316414
-0.0227454,-0.0875387,-0.159043,-0.968087,-0.456238,-0.314577
-0.0228421,-0.0875842,-0.159074,-0.965138,-0.45372,-0.312127
-0.0229385,-0.0876295,-0.159106,-0.962683,-0.45175,-0.310118
-0.0230346,-0.0876745,-0.159136,-0.960658,-0.448991,-0.307961
-0.0231306,-0.0877193,-0.159167,-0.959102,-0.446264,-0.306532
-0.0232265,-0.0877638,-0.159198,-0.958072,-0.44373,-0.304169
-0.0233222,-0.087808,-0.159228,-0.956114,-0.440767,-0.301646
-0.0234177,-0.0878519,-0.159258,-0.954041,-0.437531,-0.299328
-0.023513,-0.0878956,-0.159288,-0.95246,-0.43549,-0.297359
-0.0236082,-0.0879389,-0.159317,-0.95052,-0.432675,-0.295463
-0.0237031,-0.0879821,-0.159347,-0.948254,-0.431206,-0.293986
-0.0237979,-0.0880251,-0.159376,-0.946284,-0.428098,-0.291665
-0.0238924,-0.0880678,-0.159405,-0.944703,-0.42593,-0.288797
-0.0239868,-0.0881103,-0.159434,-0.942463,-0.424314,-0.286582
-0.0240809,-0.0881527,-0.159463,-0.940379,-0.422412,-0.284178
-0.0241748,-0.0881948,-0.159491,-0.938247,-0.418982,-0.281425
-0.0242685,-0.0882365,-0.159519,-0.936055,-0.416177,-0.278815
-0.024362,-0.088278,-0.159547,-0.933539,-0.413828,-0.276484
-0.0244553,-0.0883192,-0.159574,-0.931149,-0.411339,-0.275154
-0.0245483,-0.0883602,-0.159602,-0.929143,-0.408205,-0.272556
-0.0246411,-0.0884009,-0.159629,-0.926088,-0.406173,-0.27072
-0.0247336,-0.0884414,-0.159656,-0.924129,-0.403748,-0.267744
-0.0248259,-0.0884816,-0.159682,-0.922352,-0.400926,-0.265538
-0.024918,-0.0885216,-0.159709,-0.920163,-0.397757,-0.263027
-0.02501,-0.0885613,-0.159735,-0.918966,-0.395464,-0.261257
-0.0251018,-0.0886007,-0.159761,-0.917227,-0.39309,-0.259041
-0.0251934,-0.0886399,-0.159787,-0.915302,-0.390761,-0.256834
-0.0252849,-0.0886789,-0.159812,-0.912731,-0.388567,-0.254608
-0.025376,-0.0887176,-0.159838,-0.910832,-0.38566,-0.252195
-0.025467,-0.088756,-0.159863,-0.908717,-0.382884,-0.249589
-0.0255578,-0.0887942,-0.159888,-0.906711,-0.380493,-0.245497
-0.0256484,-0.0888321,-0.159912,-0.904949,-0.377891,-0.243613
-0.0257388,-0.0888698,-0.159936,-0.902497,-0.375419,-0.242153
-0.0258289,-0.0889072,-0.159961,-0.900088,-0.373832,-0.241212
-0.0259188,-0.0889445,-0.159985,-0.898178,-0.371163,-0.239667
-0.0260085,-0.0889815,-0.160008,-0.896149,-0.368773,-0.237608
-0.026098,-0.0890182,-0.160032,-0.894441,-0.366128,-0.234513
-0.0261874,-0.0890547,-0.160055,-0.892783,-0.364425,-0.232541
-0.0262765,-0.0890911,-0.160079,-0.889975,-0.362617,-0.230255
-0.0263655,-0.0891272,-0.160101,-0.888474,-0.360445,-0.226932
-0.0264542,-0.0891631,-0.160124,-0.886152,-0.357803,-0.225033
-0.0265427,-0.0891986,-0.160146,-0.884484,-0.353301,-0.222202
-0.026631,-0.0892339,-0.160168,-0.882064,-0.351615,-0.219567
-0.0267192,-0.0892689,-0.16019,-0.880469,-0.349583,-0.217325
-0.0268071,-0.0893037,-0.160212,-0.878889,-0.346867,-0.215664
-0.0268949,-0.0893383,-0.160233,-0.876007,-0.344683,-0.213109
-0.0269824,-0.0893727,-0.160255,-0.873802,-0.342954,-0.211071
-0.0270696,-0.0894068,-0.160276,-0.871516,-0.340457,-0.20941
-0.0271567,-0.0894407,-0.160296,-0.869919,-0.337753,-0.20748
-0.0272436,-0.0894744,-0.160317,-0.867758,-0.335041,-0.205587
-0.0273303,-0.0895077,-0.160338,-0.865742,-0.331807,-0.203723
-0.0274167,-0.0895408,-0.160358,-0.863699,-0.328732,-0.201659
-0.027503,-0.0895735,-0.160378,-0.861443,-0.326307,-0.198698
-0.027589,-0.089606,-0.160398,-0.859664,-0.323713,-0.196723
-0.0276749,-0.0896383,-0.160417,-0.856492,-0.321095,-0.194607
-0.0277604,-0.0896702,-0.160437,-0.854354,-0.318822,-0.192644
-0.0278458,-0.089702,-0.160456,-0.852972,-0.316243,-0.190094
-0.027931,-0.0897336,-0.160475,-0.850542,-0.315399,-0.187375
-0.0280159,-0.089765,-0.160493,-0.848572,-0.312714,-0.184921
-0.0281007,-0.0897961,-0.160512,-0.845941,-0.309352,-0.183324
-0.0281851,-0.0898269,-0.16053,-0.843482,-0.306977,-0.181115
-0.0282693,-0.0898575,-0.160548,-0.841114,-0.305244,-0.179915
-0.0283534,-0.0898879,-0.160566,-0.83965,-0.302957,-0.176955
-0.0284373,-0.0899181,-0.160583,-0.838274,-0.300842,-0.175861
-0.028521,-0.0899481,-0.160601,-0.836943,-0.299108,-0.173402
-0.0286046,-0.0899779,-0.160618,-0.834206,-0.296589,-0.170474
-0.0286879,-0.0900075,-0.160635,-0.831829,-0.294802,-0.168419
-0.028771,-0.0900368,-0.160652,-0.829917,-0.292575,-0.165584
-0.0288539,-0.0900659,-0.160668,-0.827843,-0.289065,-0.163187
-0.0289366,-0.0900947,-0.160684,-0.825442,-0.286514,-0.161244
-0.029019,-0.0901232,-0.1607,-0.823279,-0.284358,-0.159442
-0.0291013,-0.0901515,-0.160716,-0.822183,-0.281354,-0.157432
-0.0291834,-0.0901795,-0.160732,-0.819405,-0.278984,-0.155064
-0.0292652,-0.0902073,-0.160747,-0.817671,-0.276511,-0.153221
-0.0293469,-0.0902348,-0.160762,-0.814509,-0.273832,-0.150315
-0.0294282,-0.090262,-0.160777,-0.811867,-0.271338,-0.148664
-0.0295093,-0.0902891,-0.160792,-0.809928,-0.268943,-0.146736
-0.0295902,-0.0903159,-0.160807,-0.808163,-0.267307,-0.145142
-0.0296709,-0.0903425,-0.160821,-0.807014,-0.265009,-0.143123
-0.0297515,-0.0903689,-0.160835,-0.8047,-0.262679,-0.140623
-0.0298318,-0.090395,-0.160849,-0.801424,-0.260065,-0.138198
-0.0299119,-0.0904209,-0.160863,-0.798792,-0.256942,-0.136525
-0.0299917,-0.0904465,-0.160877,-0.796963,-0.255232,-0.133814
-0.0300713,-0.0904719,-0.16089,-0.795163,-0.252635,-0.131867
-0.0301507,-0.090497,-0.160903,-0.793046,-0.249961,-0.130095
-0.0302299,-0.0905219,-0.160916,-0.791595,-0.247851,-0.129237
-0.030309,-0.0905466,-0.160929,-0.789852,-0.246043,-0.127267
-0.0303879,-0.0905711,-0.160941,-0.787719,-0.243382,-0.125142
-0.0304665,-0.0905953,-0.160954,-0.784912,-0.241089,-0.122422
-0.0305449,-0.0906193,-0.160966,-0.782995,-0.238303,-0.120402
-0.030623,-0.090643,-0.160978,-0.780176,-0.236451,-0.117602
-0.0307009,-0.0906665,-0.16099,-0.778296,-0.233324,-0.116648
-0.0307787,-0.0906897,-0.161001,-0.776975,-0.230699,-0.114677
-0.0308563,-0.0907126,-0.161012,-0.775867,-0.227778,-0.112432
-0.0309338,-0.0907353,-0.161024,-0.773633,-0.22534,-0.110512
-0.0310111,-0.0907577,-0.161035,-0.772648,-0.223433,-0.1091
-0.0310883,-0.0907799,-0.161045,-0.770238,-0.221222,-0.106847
-0.0311652,-0.0908019,-0.161056,-0.76794,-0.218729,-0.105346
-0.0312419,-0.0908237,-0.161066,-0.76608,-0.216744,-0.104171
-0.0313184,-0.0908452,-0.161077,-0.764258,-0.213087,-0.101313
-0.0313947,-0.0908664,-0.161087,-0.762675,-0.210599,-0.0992588
-0.0314709,-0.0908874,-0.161097,-0.76094,-0.208868,-0.0972146
-0.031547,-0.0909082,-0.161106,-0.759634,-0.206826,-0.0951652
-0.0316228,-0.0909287,-0.161116,-0.75694,-0.204066,-0.0933665
-0.0316984,-0.0909489,-0.161125,-0.755548,-0.200958,-0.0914342
-0.0317739,-0.0909689,-0.161134,-0.754587,-0.198891,-0.0894929
-0.0318493,-0.0909887,-0.161143,-0.752709,-0.196578,-0.0876456
-0.0319244,-0.0910082,-0.161151,-0.750325,-0.194445,-0.0843116
-0.0319994,-0.0910276,-0.16116,-0.748599,-0.192513,-0.082876
-0.0320741,-0.0910467,-0.161168,-0.746219,-0.190227,-0.0796115
-0.0321487,-0.0910656,-0.161176,-0.7446,-0.187867,-0.0770839
-0.032223,-0.0910842,-0.161183,-0.742618,-0.18542,-0.0752428
-0.0322972,-0.0911027,-0.161191,-0.74083,-0.183235,-0.0731933
-0.0323712,-0.0911209,-0.161198,-0.738757,-0.181127,-0.0714166
-0.0324449,-0.0911389,-0.161205,-0.735895,-0.177821,-0.0694968
-0.0325184,-0.0911566,-0.161212,-0.733013,-0.175766,-0.0684691
-0.0325915,-0.091174,-0.161219,-0.730479,-0.17381,-0.0654789
-0.0326645,-0.0911913,-0.161225,-0.728471,-0.172098,-0.0638548
-0.0327372,-0.0912085,-0.161231,-0.726923,-0.170495,-0.0617283
-0.0328098,-0.0912253,-0.161237,-0.724905,-0.167305,-0.0596733
-0.0328822,-0.0912419,-0.161243,-0.723139,-0.164789,-0.0577698
-0.0329544,-0.0912583,-0.161249,-0.720807,-0.161718,-0.0548303
-0.0330264,-0.0912743,-0.161254,-0.718401,-0.158542,-0.0524528
-0.0330981,-0.0912901,-0.16126,-0.716653,-0.156999,-0.0508556
-0.0331697,-0.0913057,-0.161265,-0.715159,-0.154269,-0.0494661
-0.0332411,-0.091321,-0.161269,-0.712876,-0.151401,-0.047744
-0.0333123,-0.0913359,-0.161274,-0.711018,-0.147964,-0.0467658
-0.0333833,-0.0913506,-0.161279,-0.70879,-0.145243,-0.0445504
-0.0334541,-0.091365,-0.161283,-0.706998,-0.142702,-0.0423247
-0.0335247,-0.0913792,-0.161287,-0.704999,-0.140572,-0.0397652
-0.0335951,-0.0913931,-0.161291,-0.702853,-0.13838,-0.0386609
-0.0336653,-0.0914068,-0.161295,-0.701141,-0.135552,-0.0369491
-0.0337353,-0.0914202,-0.161298,-0.698694,-0.132879,-0.0342264
-0.033805,-0.0914334,-0.161302,-0.695735,-0.130709,-0.0315562
-0.0338745,-0.0914464,-0.161305,-0.694404,-0.128653,-0.0296034
-0.0339439,-0.0914591,-0.161308,-0.691903,-0.126058,-0.0280173
-0.0340129,-0.0914716,-0.16131,-0.689969,-0.123008,-0.0263315
-0.0340818,-0.0914838,-0.161313,-0.687271,-0.121315,-0.0251723
-0.0341505,-0.0914958,-0.161315,-0.685141,-0.119531,-0.0240697
-0.0342188,-0.0915076,-0.161318,-0.682879,-0.116536,-0.0239928
-0.034287,-0.0915192,-0.16132,-0.680221,-0.114106,-0.0212484
-0.034355,-0.0915304,-0.161322,-0.678887,-0.110965,-0.019632
-0.0344227,-0.0915414,-0.161324,-0.676209,-0.109496,-0.0172056
-0.0344902,-0.0915523,-0.161326,-0.674202,-0.106915,-0.0154516
-0.0345576,-0.0915629,-0.161327,-0.671959,-0.105207,-0.0135909
-0.0346246,-0.0915733,-0.161328,-0.669637,-0.102519,-0.0110574
-0.0346915,-0.0915834,-0.161329,-0.667775,-0.100032,-0.00915907
-0.0347581,-0.0915933,-0.16133,-0.66545,-0.0974565,-0.00649206
-0.0348246,-0.0916029,-0.161331,-0.662605,-0.0949295,-0.00449446
-0.0348908,-0.0916123,-0.161331,-0.661238,-0.0927248,-0.00280949
-0.0349567,-0.0916215,-0.161331,-0.658431,-0.0905287,-0.000826798
-0.0350224,-0.0916304,-0.161331,-0.655651,-0.0887077,0.000913316
-0.0350879,-0.0916391,-0.161331,-0.653022,-0.0851537,0.00218762
-0.035153,-0.0916475,-0.161331,-0.649288,-0.0832465,0.00365914
-0.0352179,-0.0916558,-0.16133,-0.647552,-0.0811737,0.00522155
-0.0352825,-0.0916638,-0.16133,-0.645413,-0.0796361,0.00735192
-0.035347,-0.0916716,-0.161329,-0.643379,-0.0774963,0.0106067
-0.0354112,-0.0916792,-0.161328,-0.641828,-0.0745529,0.0129547
-0.0354753,-0.0916866,-0.161326,-0.639575,-0.0723857,0.0148823
-0.0355391,-0.0916937,-0.161325,-0.637029,-0.0698432,0.0162305
-0.0356027,-0.0917005,-0.161323,-0.635056,-0.0671635,0.0185721
-0.0356662,-0.0917072,-0.161321,-0.633646,-0.0649151,0.020416
-0.0357294,-0.0917135,-0.161319,-0.631396,-0.0612935,0.0228066
-0.0357924,-0.0917195,-0.161316,-0.627941,-0.0590587,0.02505
-0.035855,-0.0917252,-0.161314,-0.625627,-0.0558468,0.0262282
-0.0359175,-0.0917307,-0.161311,-0.623469,-0.054166,0.0272216
-0.0359797,-0.0917361,-0.161308,-0.621159,-0.0523363,0.0290677
-0.0360417,-0.0917412,-0.161305,-0.618762,-0.0503809,0.030958
-0.0361035,-0.0917461,-0.161302,-0.616591,-0.0478225,0.0331105
-0.036165,-0.0917508,-0.161299,-0.61336,-0.0461838,0.0351393
-0.0362262,-0.0917553,-0.161295,-0.610907,-0.0435335,0.0363253
-0.0362872,-0.0917595,-0.161292,-0.608695,-0.040522,0.0380395
-0.0363479,-0.0917635,-0.161288,-0.606801,-0.0387318,0.039887
-0.0364085,-0.0917673,-0.161284,-0.60539,-0.0361512,0.0407035
-0.036469,-0.0917708,-0.161279,-0.602804,-0.0337285,0.0423993
-0.036529,-0.091774,-0.161275,-0.598996,-0.0316484,0.044499
-0.0365888,-0.0917771,-0.16127,-0.596981,-0.0285603,0.0472089
-0.0366484,-0.0917798,-0.161266,-0.595208,-0.0251445,0.0487545
-0.0367079,-0.0917822,-0.161261,-0.593063,-0.0232481,0.0512868
-0.0367671,-0.0917844,-0.161255,-0.591453,-0.0210543,0.0544987
-0.0368261,-0.0917864,-0.16125,-0.588381,-0.018629,0.0559502
-0.0368848,-0.0917881,-0.161244,-0.586146,-0.0154136,0.0584426
-0.0369433,-0.0917895,-0.161238,-0.583973,-0.0133309,0.0600801
-0.0370016,-0.0917907,-0.161232,-0.582092,-0.0117657,0.0623731
-0.0370596,-0.0917918,-0.161226,-0.579477,-0.00932423,0.0647653
-0.0371174,-0.0917926,-0.161219,-0.576675,-0.00634171,0.0669237
-0.037175,-0.091793,-0.161212,-0.573895,-0.00329896,0.068371
-0.0372322,-0.0917933,-0.161206,-0.571534,-0.00138666,0.0700136
-0.0372892,-0.0917933,-0.161198,-0.568429,0.000965954,0.0723194
-0.0373459,-0.091793,-0.161191,-0.56596,0.00406117,0.0738829
-0.0374024,-0.0917925,-0.161184,-0.563385,0.00549118,0.0761379
-0.0374586,-0.0917919,-0.161176,-0.560987,0.00711896,0.0778273
-0.0375146,-0.0917911,-0.161168,-0.557734,0.00953801,0.079207
-0.0375703,-0.09179,-0.16116,-0.556111,0.0115678,0.0822522
-0.0376257,-0.0917887,-0.161152,-0.554029,0.0143913,0.0842865
-0.037681,-0.0917872,-0.161143,-0.55145,0.0155244,0.085585
-0.037736,-0.0917856,-0.161135,-0.548943,0.0182455,0.0873864
-0.0377908,-0.0917836,-0.161126,-0.545886,0.0203477,0.0891062
-0.0378452,-0.0917815,-0.161117,-0.543335,0.0224658,0.0905249
-0.0378994,-0.0917791,-0.161108,-0.540639,0.0259933,0.092608
-0.0379534,-0.0917764,-0.161098,-0.538508,0.0279888,0.0946435
-0.0380071,-0.0917735,-0.161089,-0.536466,0.0305563,0.0968044
-0.0380607,-0.0917703,-0.161079,-0.535079,0.0339222,0.0981036
-0.0381141,-0.0917667,-0.161069,-0.5332,0.0371798,0.100661
-0.0381673,-0.0917628,-0.161059,-0.53133,0.0403747,0.102108
-0.0382204,-0.0917586,-0.161049,-0.529104,0.0428317,0.102812
-0.0382732,-0.0917543,-0.161038,-0.526896,0.0445951,0.104391
-0.0383258,-0.0917497,-0.161028,-0.524861,0.0470434,0.106667
-0.0383782,-0.0917449,-0.161017,-0.52275,0.0495293,0.108622
-0.0384303,-0.0917398,-0.161006,-0.519927,0.0521651,0.111031
-0.0384822,-0.0917344,-0.160995,-0.518074,0.0543685,0.112651
-0.0385339,-0.0917289,-0.160983,-0.515552,0.0562582,0.11439
-0.0385853,-0.0917231,-0.160972,-0.513553,0.0589998,0.116114
-0.0386366,-0.0917171,-0.16096,-0.511286,0.061549,0.119629
-0.0386876,-0.0917108,-0.160948,-0.509213,0.0639941,0.121585
-0.0387384,-0.0917043,-0.160936,-0.506268,0.0667694,0.123765
-0.0387888,-0.0916975,-0.160923,-0.50302,0.068937,0.125713
-0.038839,-0.0916904,-0.160911,-0.500939,0.0712618,0.126819
-0.038889,-0.0916832,-0.160898,-0.498045,0.073493,0.128361
-0.0389387,-0.0916757,-0.160885,-0.49621,0.0767401,0.130818
-0.0389882,-0.0916679,-0.160872,-0.493873,0.078818,0.132763
-0.0390375,-0.0916599,-0.160858,-0.491986,0.0810672,0.134975
-0.0390866,-0.0916517,-0.160845,-0.4893,0.0827696,0.136919
-0.0391354,-0.0916433,-0.160831,-0.487239,0.0844166,0.139293
-0.039184,-0.0916348,-0.160817,-0.485931,0.0869273,0.141895
-0.0392325,-0.0916259,-0.160803,-0.483696,0.0896324,0.143312
-0.0392808,-0.0916168,-0.160788,-0.481019,0.0922141,0.144719
-0.0393288,-0.0916075,-0.160774,-0.479611,0.0937447,0.147075
-0.0393766,-0.091598,-0.160759,-0.477364,0.0961961,0.149019
-0.0394242,-0.0915883,-0.160744,-0.474803,0.0991117,0.150993
-0.0394716,-0.0915783,-0.160728,-0.47214,0.101572,0.153213
-0.0395187,-0.091568,-0.160713,-0.470016,0.103971,0.155152
-0.0395656,-0.0915575,-0.160697,-0.468529,0.106241,0.156793
-0.0396124,-0.0915468,-0.160682,-0.466581,0.107638,0.158218
-0.039659,-0.0915359,-0.160666,-0.465009,0.110212,0.16015
-0.0397053,-0.0915247,-0.16065,-0.462624,0.112254,0.161533
-0.0397515,-0.0915134,-0.160633,-0.460431,0.114806,0.163677
-0.0397974,-0.0915018,-0.160617,-0.457229,0.117041,0.165032
-0.039843,-0.0914899,-0.1606,-0.455371,0.120006,0.16643
-0.0398885,-0.0914778,-0.160584,-0.454061,0.122414,0.167766
-0.0399338,-0.0914654,-0.160567,-0.452408,0.124894,0.16963
-0.039979,-0.0914529,-0.16055,-0.450767,0.127069,0.172043
-0.040024,-0.09144,-0.160532,-0.447999,0.129698,0.17397
-0.0400686,-0.0914269,-0.160515,-0.445354,0.132369,0.176579
-0.040113,-0.0914135,-0.160497,-0.442682,0.134552,0.178812
-0.0401572,-0.0914,-0.160479,-0.440693,0.136875,0.181037
-0.0402012,-0.0913862,-0.160461,-0.438522,0.138821,0.183555
-0.0402449,-0.0913722,-0.160442,-0.43608,0.140144,0.186416
-0.0402884,-0.0913581,-0.160424,-0.434042,0.143099,0.188098
-0.0403317,-0.0913436,-0.160405,-0.431526,0.145856,0.190026
-0.0403747,-0.0913289,-0.160386,-0.429781,0.148113,0.19198
-0.0404176,-0.091314,-0.160366,-0.427002,0.150343,0.193988
-0.0404602,-0.0912989,-0.160347,-0.425516,0.152202,0.194999
-0.0405026,-0.0912835,-0.160327,-0.422569,0.154826,0.196533
-0.0405448,-0.0912679,-0.160308,-0.420669,0.157165,0.197863
-0.0405867,-0.0912521,-0.160288,-0.41829,0.159121,0.198834
-0.0406285,-0.091236,-0.160268,-0.415966,0.161349,0.20053
-0.0406699,-0.0912198,-0.160248,-0.413888,0.16366,0.20283
-0.0407112,-0.0912033,-0.160227,-0.411889,0.166189,0.20441
-0.0407522,-0.0911865,-0.160207,-0.409143,0.169347,0.206447
-0.040793,-0.0911694,-0.160186,-0.406374,0.171461,0.207956
-0.0408335,-0.0911522,-0.160165,-0.40348,0.173417,0.209797
-0.0408738,-0.0911347,-0.160144,-0.401277,0.176074,0.212646
-0.0409138,-0.091117,-0.160123,-0.398659,0.179102,0.213914
-0.0409535,-0.091099,-0.160101,-0.396417,0.180783,0.216382
-0.040993,-0.0910808,-0.160079,-0.394339,0.183317,0.218412
-0.0410323,-0.0910623,-0.160057,-0.391849,0.185661,0.220715
-0.0410714,-0.0910437,-0.160035,-0.388853,0.187026,0.22231
-0.0411102,-0.0910249,-0.160013,-0.386397,0.189372,0.223202
-0.0411487,-0.0910058,-0.159991,-0.385304,0.192176,0.22499
-0.0411872,-0.0909865,-0.159968,-0.383274,0.193724,0.227392
-0.0412254,-0.0909671,-0.159945,-0.381397,0.195673,0.228951
-0.0412635,-0.0909474,-0.159922,-0.379502,0.197689,0.230242
-0.0413013,-0.0909275,-0.159899,-0.377103,0.199727,0.232729
-0.0413389,-0.0909074,-0.159876,-0.374299,0.202716,0.234701
-0.0413762,-0.090887,-0.159852,-0.373171,0.205256,0.235909
-0.0414134,-0.0908663,-0.159828,-0.370471,0.208758,0.238793
-0.0414503,-0.0908453,-0.159804,-0.367812,0.210454,0.240866
-0.041487,-0.0908241,-0.15978,-0.365763,0.213568,0.243607
-0.0415234,-0.0908027,-0.159756,-0.363048,0.215452,0.245128
-0.0415596,-0.090781,-0.159731,-0.360682,0.21727,0.245902
-0.0415956,-0.0907592,-0.159707,-0.359045,0.219351,0.247785
-0.0416314,-0.0907371,-0.159682,-0.356991,0.221891,0.248713
-0.0416671,-0.0907149,-0.159657,-0.355306,0.224087,0.250628
-0.0417025,-0.0906923,-0.159632,-0.352925,0.226692,0.253023
-0.0417376,-0.0906696,-0.159606,-0.349857,0.229095,0.255391
-0.0417725,-0.0906466,-0.159581,-0.347255,0.230749,0.256696
-0.0418071,-0.0906234,-0.159555,-0.344407,0.23273,0.25901
-0.0418414,-0.0906,-0.159529,-0.342804,0.235195,0.261322
-0.0418756,-0.0905764,-0.159503,-0.340525,0.237201,0.263085
-0.0419096,-0.0905526,-0.159476,-0.338901,0.239008,0.265148
-0.0419434,-0.0905286,-0.15945,-0.336622,0.241955,0.266319
-0.0419769,-0.0905042,-0.159423,-0.33424,0.244863,0.268462
-0.0419769,-0.0905042,-0.159423,-0.33424,0.244863,0.268462
-0.0420102,-0.0904797,-0.159396,-0.331971,0.244893,0.271258
-0.0420433,-0.0904552,-0.159369,-0.329837,0.245582,0.27397
-0.0420762,-0.0904306,-0.159341,-0.327926,0.245789,0.27664
-0.0421089,-0.0904061,-0.159313,-0.326041,0.245776,0.279055
-0.0421414,-0.0903815,-0.159285,-0.324296,0.24575,0.28072
-0.0421737,-0.0903568,-0.159257,-0.322041,0.24725,0.283283
-0.0422058,-0.0903321,-0.159228,-0.319484,0.247105,0.28659
-0.0422376,-0.0903074,-0.1592,-0.31688,0.247353,0.288296
-0.0422691,-0.0902826,-0.159171,-0.313988,0.247211,0.291224
-0.0423004,-0.0902579,-0.159141,-0.311441,0.248202,0.294696
-0.0423314,-0.090233,-0.159112,-0.309285,0.249221,0.297507
-0.0423622,-0.0902081,-0.159082,-0.307609,0.249587,0.298951
-0.0423929,-0.0901831,-0.159052,-0.305828,0.250427,0.301149
-0.0424233,-0.090158,-0.159022,-0.303258,0.250782,0.304089
-0.0424535,-0.0901329,-0.158991,-0.301059,0.251414,0.306876
-0.0424836,-0.0901078,-0.15896,-0.299361,0.251123,0.309238
-0.0425134,-0.0900827,-0.158929,-0.297423,0.251208,0.313105
-0.042543,-0.0900575,-0.158898,-0.295407,0.251323,0.315348
-0.0425724,-0.0900324,-0.158866,-0.293019,0.251371,0.318232
-0.0426017,-0.0900072,-0.158834,-0.291713,0.251127,0.320546
-0.0426307,-0.0899821,-0.158802,-0.288959,0.251447,0.323074
-0.0426595,-0.0899569,-0.15877,-0.287378,0.252344,0.325619
-0.0426881,-0.0899316,-0.158737,-0.283832,0.253463,0.327538
-0.0427163,-0.0899062,-0.158704,-0.280964,0.254628,0.330011
-0.0427443,-0.0898807,-0.158671,-0.278301,0.255247,0.332151
-0.042772,-0.0898552,-0.158638,-0.276394,0.255165,0.33527
-0.0427996,-0.0898297,-0.158604,-0.2746,0.25599,0.337028
-0.0428269,-0.089804,-0.15857,-0.271893,0.256578,0.338669
-0.042854,-0.0897783,-0.158536,-0.269949,0.256808,0.340731
-0.0428808,-0.0897526,-0.158502,-0.266851,0.257818,0.343437
-0.0429074,-0.0897268,-0.158468,-0.264213,0.257922,0.345997
-0.0429337,-0.089701,-0.158433,-0.261799,0.258617,0.348046
-0.0429598,-0.0896752,-0.158398,-0.259554,0.25879,0.350236
-0.0429856,-0.0896493,-0.158363,-0.257452,0.259352,0.352206
-0.0430113,-0.0896233,-0.158328,-0.255256,0.260354,0.354775
-0.0430367,-0.0895972,-0.158292,-0.252331,0.260523,0.356676
-0.0430619,-0.0895711,-0.158256,-0.251784,0.261485,0.359452
-0.0430869,-0.089545,-0.15822,-0.24895,0.261966,0.361948
-0.0431116,-0.0895187,-0.158184,-0.246454,0.263286,0.365264
-0.0431362,-0.0894923,-0.158147,-0.243942,0.264185,0.36838
-0.0431605,-0.0894659,-0.15811,-0.242129,0.264627,0.370701
-0.0431846,-0.0894394,-0.158073,-0.239729,0.264658,0.374674
-0.0432084,-0.0894129,-0.158035,-0.236885,0.264586,0.377548
-0.043232,-0.0893865,-0.157997,-0.234484,0.264407,0.380111
-0.0432553,-0.08936,-0.157959,-0.232064,0.265794,0.383368
-0.0432784,-0.0893333,-0.157921,-0.229355,0.266473,0.385873
-0.0433012,-0.0893067,-0.157882,-0.227175,0.266177,0.388167
-0.0433237,-0.0892801,-0.157843,-0.224238,0.266834,0.39058
-0.043346,-0.0892533,-0.157804,-0.22144,0.267986,0.39339
-0.0433681,-0.0892265,-0.157764,-0.219514,0.268411,0.39616
-0.0433899,-0.0891996,-0.157725,-0.21687,0.269466,0.397873
-0.0434114,-0.0891726,-0.157685,-0.215324,0.269495,0.400914
-0.0434329,-0.0891457,-0.157645,-0.213048,0.268958,0.403904
-0.0434541,-0.0891188,-0.157604,-0.211147,0.269492,0.406391
-0.0434751,-0.0890918,-0.157563,-0.208736,0.270703,0.408786
-0.0434959,-0.0890647,-0.157522,-0.207305,0.271153,0.412172
-0.0435165,-0.0890375,-0.157481,-0.205295,0.272036,0.414742
-0.0435369,-0.0890103,-0.157439,-0.203517,0.27213,0.41761
-0.0435572,-0.0889831,-0.157397,-0.201105,0.272626,0.421247
-0.0435772,-0.0889558,-0.157355,-0.198857,0.272943,0.422991
-0.043597,-0.0889284,-0.157313,-0.196347,0.273454,0.425138
-0.0436165,-0.0889011,-0.15727,-0.194473,0.274196,0.427623
-0.0436358,-0.0888736,-0.157227,-0.192521,0.274815,0.429255
-0.0436549,-0.0888461,-0.157184,-0.189789,0.275197,0.431821
-0.0436738,-0.0888185,-0.157141,-0.187136,0.275829,0.434721
-0.0436923,-0.0887909,-0.157097,-0.184355,0.275763,0.43612
-0.0437106,-0.0887634,-0.157054,-0.181444,0.27612,0.437474
-0.0437286,-0.0887358,-0.15701,-0.178002,0.276246,0.439539
-0.0437463,-0.0887081,-0.156966,-0.175772,0.276729,0.442878
-0.0437637,-0.0886805,-0.156921,-0.173223,0.276431,0.445442
-0.0437809,-0.0886528,-0.156877,-0.169422,0.276499,0.448272
-0.0437977,-0.0886251,-0.156832,-0.16714,0.277596,0.45145
-0.0438144,-0.0885973,-0.156786,-0.166101,0.278362,0.453796
-0.0438308,-0.0885694,-0.156741,-0.163708,0.278948,0.456754
-0.0438471,-0.0885415,-0.156695,-0.161051,0.27908,0.459058
-0.043863,-0.0885135,-0.156649,-0.158325,0.280325,0.4608
-0.0438788,-0.0884855,-0.156603,-0.156498,0.280926,0.463807
-0.0438943,-0.0884574,-0.156556,-0.154948,0.280659,0.466156
-0.0439097,-0.0884293,-0.15651,-0.152821,0.281903,0.468774
-0.0439249,-0.088401,-0.156463,-0.150163,0.281912,0.47216
-0.0439398,-0.0883728,-0.156415,-0.14801,0.282445,0.474127
-0.0439545,-0.0883446,-0.156368,-0.146166,0.282988,0.475899
-0.043969,-0.0883162,-0.15632,-0.144123,0.283513,0.479112
-0.0439834,-0.0882879,-0.156272,-0.142738,0.283589,0.481866
-0.0439976,-0.0882595,-0.156224,-0.141018,0.283638,0.483342
-0.0440115,-0.0882311,-0.156175,-0.137976,0.284049,0.485887
-0.0440252,-0.0882027,-0.156126,-0.135287,0.283507,0.488878
-0.0440386,-0.0881744,-0.156077,-0.133111,0.284219,0.491765
-0.0440518,-0.0881459,-0.156028,-0.131927,0.284228,0.494592
-0.0440649,-0.0881174,-0.155978,-0.129351,0.285171,0.497988
-0.0440649,-0.0881174,-0.155978,-0.129351,0.285171,0.497988
-0.0440778,-0.0880889,-0.155929,-0.128441,0.286451,0.500026
-0.0440905,-0.0880602,-0.155878,-0.127203,0.28701,0.502529
-0.0441032,-0.0880314,-0.155828,-0.126598,0.288717,0.504767
-0.0441159,-0.0880024,-0.155777,-0.126025,0.28954,0.507911
-0.0441285,-0.0879734,-0.155727,-0.12545,0.290968,0.510711
-0.044141,-0.0879442,-0.155675,-0.124813,0.29275,0.513278
-0.0441535,-0.0879149,-0.155624,-0.124975,0.294118,0.515423
-0.0441659,-0.0878854,-0.155572,-0.124151,0.295696,0.518584
-0.0441783,-0.0878558,-0.15552,-0.122665,0.297352,0.520907
-0.0441905,-0.0878259,-0.155468,-0.122685,0.298928,0.524229
-0.0442028,-0.087796,-0.155415,-0.122271,0.300088,0.526758
-0.044215,-0.087766,-0.155363,-0.122627,0.300292,0.529302
-0.0442273,-0.0877359,-0.155309,-0.122443,0.302001,0.532411
-0.0442395,-0.0877056,-0.155256,-0.12149,0.303775,0.535227
-0.0442516,-0.0876751,-0.155202,-0.121328,0.3053,0.538343
-0.0442638,-0.0876445,-0.155148,-0.12116,0.306556,0.540783
-0.0442759,-0.0876137,-0.155094,-0.121402,0.308894,0.543081
-0.044288,-0.0875827,-0.15504,-0.120481,0.310825,0.546291
-0.0442999,-0.0875516,-0.154985,-0.119682,0.311926,0.548503
-0.0443119,-0.0875203,-0.15493,-0.118588,0.313563,0.550935
-0.0443237,-0.0874889,-0.154875,-0.118023,0.313599,0.554254
-0.0443355,-0.0874575,-0.154819,-0.117875,0.314542,0.557387
-0.0443472,-0.087426,-0.154763,-0.117385,0.315932,0.560592
-0.044359,-0.0873944,-0.154707,-0.117622,0.317579,0.562823
-0.0443707,-0.0873626,-0.154651,-0.11657,0.318519,0.566819
-0.0443822,-0.0873306,-0.154594,-0.115432,0.320289,0.569657
-0.0443938,-0.0872985,-0.154537,-0.114527,0.321426,0.573279
-0.0444052,-0.0872663,-0.154479,-0.114212,0.32261,0.575624
-0.0444166,-0.087234,-0.154422,-0.11338,0.323683,0.57791
-0.0444279,-0.0872016,-0.154364,-0.113445,0.324838,0.579636
-0.0444393,-0.087169,-0.154306,-0.112774,0.326249,0.58248
-0.0444505,-0.0871364,-0.154247,-0.112743,0.326951,0.583539
-0.0444617,-0.0871036,-0.154189,-0.111362,0.329064,0.585758
-0.0444728,-0.0870706,-0.15413,-0.110535,0.33066,0.589594
-0.0444838,-0.0870375,-0.154071,-0.11002,0.332065,0.592639
-0.0444947,-0.0870042,-0.154012,-0.108368,0.334234,0.595368
-0.0445055,-0.0869707,-0.153952,-0.107441,0.335176,0.59823
-0.0445162,-0.0869372,-0.153892,-0.107274,0.335574,0.601195
-0.0445269,-0.0869035,-0.153832,-0.106384,0.337431,0.604485
-0.0445375,-0.0868697,-0.153771,-0.105273,0.33911,0.606933
-0.044548,-0.0868357,-0.15371,-0.104355,0.340489,0.610122
-0.0445584,-0.0868015,-0.153649,-0.104005,0.342646,0.61322
-0.0445688,-0.0867672,-0.153588,-0.10295,0.344122,0.615857
-0.044579,-0.0867327,-0.153526,-0.102373,0.34605,0.618387
-0.0445893,-0.086698,-0.153464,-0.102333,0.347876,0.621037
-0.0445995,-0.0866632,-0.153402,-0.102491,0.34904,0.623688
-0.0446097,-0.0866282,-0.153339,-0.101509,0.349934,0.626953
-0.0446198,-0.0865931,-0.153276,-0.099843,0.352093,0.629942
-0.0446297,-0.0865578,-0.153213,-0.0980892,0.353807,0.632349
-0.0446395,-0.0865224,-0.15315,-0.0981549,0.355549,0.634809
-0.0446492,-0.0864867,-0.153086,-0.0969998,0.356776,0.636649
-0.0446588,-0.0864509,-0.153023,-0.0956514,0.358897,0.637897
-0.0446684,-0.086415,-0.152959,-0.0951002,0.359821,0.641022
-0.0446779,-0.0863789,-0.152894,-0.094449,0.361529,0.643622
-0.0446873,-0.0863427,-0.15283,-0.0937201,0.362887,0.646392
-0.0446966,-0.0863063,-0.152765,-0.0931762,0.364731,0.648494
-0.0447059,-0.0862698,-0.1527,-0.0927545,0.366188,0.65158
-0.0447152,-0.0862331,-0.152635,-0.0921932,0.367489,0.654139
-0.0447243,-0.0861963,-0.152569,-0.0908164,0.368892,0.65791
-0.0447334,-0.0861593,-0.152503,-0.0897747,0.371092,0.66011
-0.0447423,-0.0861221,-0.152437,-0.0890381,0.371798,0.661878
-0.0447511,-0.0860849,-0.152371,-0.0871757,0.372796,0.665146
-0.0447597,-0.0860476,-0.152304,-0.0860769,0.373423,0.668505
-0.0447684,-0.0860101,-0.152237,-0.0865708,0.375938,0.671796
-0.044777,-0.0859724,-0.15217,-0.0859723,0.377528,0.673139
-0.0447856,-0.0859346,-0.152102,-0.0855134,0.379904,0.676388
-0.0447941,-0.0858965,-0.152035,-0.0856053,0.381554,0.679285
-0.0448026,-0.0858582,-0.151967,-0.0849794,0.384105,0.681529
-0.0448111,-0.0858197,-0.151898,-0.0842558,0.38526,0.683806
-0.0448195,-0.0857811,-0.15183,-0.0838281,0.386915,0.685456
-0.0448278,-0.0857423,-0.151761,-0.0831456,0.388815,0.687359
-0.0448361,-0.0857034,-0.151692,-0.0826659,0.389401,0.690648
-0.0448443,-0.0856644,-0.151623,-0.0811157,0.389964,0.694052
-0.0448524,-0.0856253,-0.151554,-0.0805908,0.392119,0.696934
-0.0448604,-0.085586,-0.151484,-0.079333,0.393701,0.699622
-0.0448683,-0.0855466,-0.151414,-0.0781813,0.394933,0.702327
-0.044876,-0.085507,-0.151343,-0.07646,0.397518,0.704385
-0.0448837,-0.0854671,-0.151273,-0.0755443,0.400016,0.70763
-0.0448911,-0.085427,-0.151202,-0.0733339,0.401384,0.709953
-0.0448984,-0.0853868,-0.151131,-0.0729317,0.40367,0.712622
-0.0449056,-0.0853463,-0.151059,-0.0717932,0.405388,0.715318
-0.0449128,-0.0853057,-0.150988,-0.0709145,0.406812,0.718028
-0.0449198,-0.085265,-0.150916,-0.0700225,0.40723,0.719545
-0.0449267,-0.0852242,-0.150844,-0.068302,0.409402,0.722291
-0.0449335,-0.0851832,-0.150771,-0.0669462,0.410275,0.725189
-0.0449402,-0.0851421,-0.150699,-0.0667165,0.411954,0.727518
-0.0449468,-0.0851008,-0.150626,-0.0662286,0.413729,0.729849
-0.0449534,-0.0850594,-0.150553,-0.0653651,0.414457,0.733028
-0.0449599,-0.0850179,-0.150479,-0.0640465,0.415587,0.735948
-0.0449662,-0.0849763,-0.150405,-0.062876,0.417049,0.739074
-0.0449724,-0.0849345,-0.150331,-0.0618513,0.418313,0.74166
-0.0449786,-0.0848927,-0.150257,-0.0621179,0.419021,0.74398
-0.0449848,-0.0848508,-0.150183,-0.061184,0.418722,0.747446
-0.0449909,-0.0848088,-0.150108,-0.05991,0.420619,0.750376
-0.0449968,-0.0847666,-0.150032,-0.0591028,0.422636,0.75284
-0.0450026,-0.0847243,-0.149957,-0.05746,0.424843,0.756478
-0.0450084,-0.0846817,-0.149881,-0.0572951,0.42577,0.759188
-0.0450141,-0.084639,-0.149805,-0.0565714,0.427976,0.76131
-0.0450198,-0.0845961,-0.149729,-0.0566644,0.429733,0.763532
-0.0450254,-0.0845531,-0.149652,-0.0559393,0.431467,0.766218
-0.0450309,-0.0845098,-0.149576,-0.0546331,0.432886,0.768742
-0.0450363,-0.0844665,-0.149499,-0.0535551,0.434453,0.771515
-0.0450417,-0.0844229,-0.149421,-0.0537052,0.436174,0.77449
-0.045047,-0.0843792,-0.149344,-0.0525658,0.437513,0.776388
-0.0450522,-0.0843354,-0.149266,-0.0512082,0.439033,0.778189
-0.0450572,-0.0842914,-0.149188,-0.0498172,0.440654,0.780391
-0.0450622,-0.0842473,-0.14911,-0.0485783,0.441419,0.783357
-0.045067,-0.0842031,-0.149032,-0.0482892,0.442261,0.785465
-0.0450718,-0.0841588,-0.148953,-0.0478602,0.443858,0.788146
-0.0450766,-0.0841143,-0.148874,-0.0466315,0.445911,0.790734
-0.0450811,-0.0840696,-0.148795,-0.0446941,0.447458,0.793171
-0.0450856,-0.0840248,-0.148715,-0.0442429,0.449498,0.795871
-0.04509,-0.0839798,-0.148635,-0.0435659,0.45032,0.799177
-0.0450943,-0.0839347,-0.148555,-0.0425088,0.452114,0.801485
-0.0450985,-0.0838894,-0.148475,-0.0419653,0.454083,0.803945
-0.0451027,-0.0838439,-0.148395,-0.0406559,0.455563,0.806979
-0.0451067,-0.0837983,-0.148314,-0.0406533,0.457588,0.809083
-0.0451108,-0.0837524,-0.148233,-0.0404683,0.459521,0.811966
-0.0451148,-0.0837064,-0.148151,-0.039596,0.460175,0.815431
-0.0451186,-0.0836603,-0.14807,-0.0375919,0.461965,0.818384
-0.0451223,-0.083614,-0.147988,-0.0379088,0.464318,0.822299
-0.0451261,-0.0835675,-0.147905,-0.0369822,0.46572,0.824651
-0.0451297,-0.0835208,-0.147823,-0.0357547,0.468357,0.82697
-0.0451333,-0.0834739,-0.14774,-0.0350896,0.470495,0.829988
-0.0451366,-0.0834267,-0.147657,-0.0327464,0.47154,0.83216
-0.0451399,-0.0833796,-0.147573,-0.0317674,0.472102,0.835262
-0.0451429,-0.0833323,-0.14749,-0.0300972,0.473119,0.837629
-0.0451459,-0.0832849,-0.147406,-0.0292124,0.474475,0.840113
-0.0451488,-0.0832375,-0.147322,-0.0280419,0.4756,0.842747
-0.0451516,-0.0831898,-0.147237,-0.0270771,0.476891,0.845781
-0.0451542,-0.0831421,-0.147153,-0.0261194,0.477958,0.848674
-0.0451568,-0.0830942,-0.147068,-0.0264705,0.480257,0.851518
-0.0451595,-0.0830461,-0.146982,-0.0264956,0.480803,0.854718
-0.0451622,-0.082998,-0.146897,-0.0263985,0.482368,0.857251
-0.0451648,-0.0829496,-0.146811,-0.0255068,0.48462,0.860182
-0.0451673,-0.0829011,-0.146725,-0.0255745,0.485817,0.863318
-0.0451699,-0.0828524,-0.146638,-0.025622,0.488089,0.865626
-0.0451724,-0.0828036,-0.146552,-0.023631,0.48854,0.867608
-0.0451746,-0.0827547,-0.146465,-0.022291,0.489511,0.870621
-0.0451768,-0.0827057,-0.146377,-0.0209307,0.490938,0.8737
-0.0451789,-0.0826565,-0.14629,-0.0205685,0.492718,0.876849
-0.0451809,-0.0826071,-0.146202,-0.0194947,0.494802,0.879949
-0.0451828,-0.0825576,-0.146114,-0.0185528,0.496041,0.882199
-0.0451846,-0.0825079,-0.146026,-0.0174655,0.497508,0.884304
-0.0451863,-0.0824581,-0.145937,-0.0156902,0.499195,0.885553
-0.0451878,-0.0824081,-0.145848,-0.0149306,0.500606,0.889095
-0.0451893,-0.0823579,-0.145759,-0.014419,0.502682,0.892285
-0.0451906,-0.0823076,-0.14567,-0.0127418,0.504536,0.895496
-0.0451918,-0.0822571,-0.14558,-0.0106019,0.505754,0.897308
-0.0451928,-0.0822064,-0.14549,-0.00889439,0.506849,0.900453
-0.0451937,-0.0821556,-0.1454,-0.00887437,0.508906,0.903922
-0.0451945,-0.0821046,-0.14531,-0.00780617,0.510689,0.90696
-0.0451953,-0.0820535,-0.145219,-0.00709878,0.512008,0.909743
-0.0451959,-0.0820022,-0.145128,-0.00702563,0.513984,0.911741
-0.0451966,-0.0819507,-0.145036,-0.00666512,0.515248,0.914232
-0.0451973,-0.0818991,-0.144945,-0.00639243,0.516016,0.916675
-0.0451979,-0.0818474,-0.144853,-0.00636569,0.518467,0.919642
-0.0451985,-0.0817955,-0.144761,-0.00527333,0.520165,0.923697
-0.0451989,-0.0817434,-0.144668,-0.00394519,0.522252,0.926994
-0.0451993,-0.081691,-0.144575,-0.0034436,0.524963,0.930131
-0.0451996,-0.0816384,-0.144482,-0.00322194,0.526858,0.933222
-0.0451999,-0.0815856,-0.144389,-0.00186297,0.528793,0.936149
-0.0452001,-0.0815326,-0.144295,-0.00154563,0.531296,0.938479
-0.0452001,-0.0814794,-0.144201,0.000255422,0.532274,0.940344
-0.0452,-0.0814261,-0.144107,0.00165807,0.534389,0.942961
-0.0451998,-0.0813725,-0.144013,0.00282496,0.536675,0.945913
-0.0451995,-0.0813188,-0.143918,0.00419769,0.538733,0.948578
-0.045199,-0.0812649,-0.143823,0.00575482,0.539428,0.951867
-0.0451984,-0.0812109,-0.143727,0.00636227,0.540745,0.954567
-0.0451977,-0.0811567,-0.143632,0.0063517,0.542867,0.957338
-0.0451971,-0.0811023,-0.143536,0.00712782,0.544082,0.959678
-0.0451963,-0.0810478,-0.14344,0.009493,0.546093,0.963384
-0.0451952,-0.0809932,-0.143343,0.0104983,0.547178,0.966205
-0.0451941,-0.0809383,-0.143247,0.01284,0.549813,0.96981
-0.0451928,-0.0808832,-0.14315,0.0136493,0.55162,0.972017
-0.0451914,-0.080828,-0.143052,0.0142907,0.553372,0.974948
-0.0451899,-0.0807725,-0.142955,0.0146978,0.555003,0.977893
-0.0451884,-0.0807169,-0.142857,0.0151532,0.556538,0.980954
-0.0451868,-0.0806612,-0.142758,0.0167436,0.558201,0.98414
-0.0451851,-0.0806053,-0.14266,0.0176241,0.559489,0.987053
-0.0451833,-0.0805493,-0.142561,0.0189008,0.560967,0.990087
-0.0451813,-0.0804931,-0.142462,0.0198916,0.562775,0.992963
-0.0451793,-0.0804367,-0.142362,0.0213305,0.564765,0.996294
-0.0451771,-0.0803802,-0.142263,0.0225898,0.565581,0.997848
-0.0451747,-0.0803236,-0.142163,0.023681,0.567369,1.0008
-0.0451723,-0.0802668,-0.142062,0.0244105,0.568338,1.00388
-0.0451698,-0.0802098,-0.141962,0.0254778,0.570931,1.00638
-0.0451672,-0.0801526,-0.141861,0.0263923,0.572974,1.00837
-0.0451646,-0.0800952,-0.14176,0.0271612,0.574991,1.0119
-0.0451618,-0.0800376,-0.141659,0.0277652,0.577084,1.01446
-0.045159,-0.0799797,-0.141557,0.0282426,0.580069,1.01725
-0.0451562,-0.0799216,-0.141455,0.029028,0.58201,1.01966
-0.0451532,-0.0798633,-0.141353,0.0305353,0.583291,1.02204
-0.0451501,-0.079805,-0.141251,0.0320673,0.583774,1.02487
-0.0451468,-0.0797465,-0.141148,0.0330101,0.585447,1.02742
-0.0451434,-0.0796879,-0.141046,0.0342499,0.586013,1.03089
-0.04514,-0.0796292,-0.140942,0.0349161,0.587504,1.03358
-0.0451364,-0.0795704,-0.140839,0.0356675,0.588981,1.03679
-0.0451328,-0.0795115,-0.140735,0.0361727,0.590621,1.03978
-0.0451292,-0.0794523,-0.140631,0.0368982,0.591889,1.04325
-0.0451255,-0.0793931,-0.140526,0.0377063,0.592373,1.04645
-0.0451216,-0.0793338,-0.140422,0.0392431,0.593553,1.04878
-0.0451176,-0.0792744,-0.140317,0.0407934,0.594268,1.05169
-0.0451135,-0.0792149,-0.140211,0.0417701,0.595268,1.0554
-0.0451092,-0.0791554,-0.140106,0.0428697,0.595213,1.05857
-0.0451049,-0.0790958,-0.14,0.04398,0.596708,1.06123
-0.0451004,-0.079036,-0.139893,0.045985,0.597847,1.0642
-0.0450957,-0.0789762,-0.139787,0.0467712,0.599507,1.06738
-0.045091,-0.0789161,-0.13968,0.0475515,0.601613,1.07029
-0.0450862,-0.0788558,-0.139573,0.0484892,0.603669,1.07375
-0.0450813,-0.0787953,-0.139465,0.04928,0.606567,1.07628
-0.0450764,-0.0787346,-0.139357,0.0502816,0.608173,1.07932
-0.0450713,-0.0786736,-0.139249,0.0515431,0.610935,1.08318
-0.045066,-0.0786124,-0.139141,0.0531651,0.613533,1.08575
-0.0450607,-0.078551,-0.139032,0.0537992,0.614891,1.08918
-0.0450552,-0.0784894,-0.138923,0.0553597,0.616917,1.09197
-0.0450496,-0.0784276,-0.138814,0.05665,0.618964,1.09445
-0.0450439,-0.0783656,-0.138704,0.0570033,0.620534,1.09723
-0.0450381,-0.0783035,-0.138594,0.0582586,0.622862,1.09946
-0.0450322,-0.0782411,-0.138484,0.0593773,0.624998,1.10203
-0.0450262,-0.0781785,-0.138374,0.0610807,0.626358,1.1041
-0.0450201,-0.0781158,-0.138263,0.0610979,0.627831,1.10757
-0.0450139,-0.0780529,-0.138152,0.0627601,0.629818,1.11098
-0.0450076,-0.0779898,-0.138041,0.0644913,0.631145,1.11427
-0.045001,-0.0779266,-0.13793,0.0652623,0.633202,1.11739
-0.0449945,-0.0778632,-0.137818,0.0658756,0.634002,1.11959
-0.0449878,-0.0777997,-0.137706,0.0665376,0.636211,1.12248
-0.0449811,-0.077736,-0.137593,0.0675272,0.638383,1.12598
-0.0449743,-0.077672,-0.13748,0.0684687,0.63962,1.12908
-0.0449674,-0.077608,-0.137367,0.0702754,0.640883,1.13123
-0.0449603,-0.0775438,-0.137254,0.071185,0.642963,1.13424
-0.0449531,-0.0774795,-0.137141,0.0725373,0.644268,1.13641
-0.0449458,-0.077415,-0.137027,0.0736637,0.645604,1.14075
-0.0449384,-0.0773503,-0.136912,0.0743455,0.646743,1.14373
-0.0449309,-0.0772856,-0.136798,0.0751619,0.648251,1.14667
-0.0449233,-0.0772207,-0.136683,0.0764321,0.649706,1.15023
-0.0449157,-0.0771557,-0.136568,0.0772626,0.651063,1.15289
-0.0449078,-0.0770905,-0.136453,0.0788594,0.652257,1.15602
-0.0448999,-0.0770252,-0.136337,0.08012,0.654276,1.15995
-0.0448918,-0.0769596,-0.136221,0.0816611,0.656347,1.16385
-0.0448836,-0.0768939,-0.136104,0.0829187,0.658562,1.16667
-0.0448752,-0.076828,-0.135987,0.0838485,0.659607,1.1697
-0.0448668,-0.076762,-0.13587,0.084539,0.660809,1.17276
-0.0448583,-0.0766959,-0.135753,0.0859297,0.661921,1.17631
-0.0448496,-0.0766296,-0.135635,0.0876726,0.663915,1.17951
-0.0448408,-0.0765631,-0.135517,0.0888117,0.665494,1.18285
-0.0448319,-0.0764964,-0.135398,0.0902166,0.667375,1.18676
-0.0448228,-0.0764296,-0.135279,0.090892,0.66873,1.18917
-0.0448136,-0.0763627,-0.13516,0.092715,0.670124,1.19295
-0.0448043,-0.0762956,-0.135041,0.0939794,0.671632,1.19634
-0.0447949,-0.0762283,-0.134921,0.0938887,0.674384,1.19967
-0.0447855,-0.0761608,-0.134801,0.0939898,0.675599,1.20259
-0.044776,-0.0760931,-0.134681,0.095794,0.678165,1.20514
-0.0447664,-0.0760252,-0.13456,0.0972398,0.680435,1.20884
-0.0447566,-0.0759571,-0.134439,0.0980766,0.682312,1.21199
-0.0447468,-0.0758888,-0.134317,0.0985644,0.684197,1.21497
-0.0447369,-0.0758202,-0.134196,0.0993745,0.686508,1.21902
-0.0447269,-0.0757515,-0.134074,0.10025,0.688197,1.22234
-0.0447168,-0.0756826,-0.133951,0.101149,0.690193,1.22675
-0.0447066,-0.0756135,-0.133828,0.102737,0.692186,1.22969
-0.0446963,-0.0755441,-0.133705,0.103348,0.694504,1.23311
-0.0446858,-0.0754746,-0.133582,0.105641,0.695742,1.23586
-0.0446752,-0.075405,-0.133458,0.106819,0.697472,1.23939
-0.0446645,-0.0753351,-0.133334,0.107463,0.699376,1.24236
-0.0446537,-0.0752651,-0.133209,0.108229,0.700479,1.24589
-0.0446429,-0.075195,-0.133085,0.109383,0.702708,1.24973
-0.0446318,-0.0751247,-0.132959,0.111045,0.703485,1.25352
-0.0446207,-0.0750542,-0.132834,0.112366,0.706218,1.25694
-0.0446093,-0.0749835,-0.132708,0.114386,0.707003,1.26056
-0.0445979,-0.0749127,-0.132582,0.115081,0.709365,1.26366
-0.0445863,-0.0748417,-0.132455,0.116219,0.711125,1.26684
-0.0445746,-0.0747705,-0.132329,0.117113,0.712954,1.27053
-0.0445628,-0.074699,-0.132201,0.118829,0.71558,1.27404
-0.0445508,-0.0746274,-0.132074,0.120333,0.717028,1.27755
-0.0445387,-0.0745556,-0.131946,0.121756,0.719121,1.28201
-0.0445265,-0.0744837,-0.131817,0.123422,0.720584,1.28543
-0.0445141,-0.0744115,-0.131689,0.124724,0.723488,1.28878
-0.0445015,-0.0743391,-0.13156,0.126625,0.724621,1.29274
-0.0444888,-0.0742665,-0.13143,0.127568,0.727158,1.29574
-0.044476,-0.0741937,-0.1313,0.12795,0.729923,1.29863
-0.0444631,-0.0741206,-0.13117,0.129644,0.732203,1.30145
-0.0444501,-0.0740473,-0.13104,0.13082,0.733534,1.30551
-0.0444369,-0.0739738,-0.130909,0.13252,0.734934,1.30825
-0.0444236,-0.0739003,-0.130778,0.133592,0.735975,1.31091
-0.0444102,-0.0738266,-0.130647,0.135482,0.73779,1.31376
-0.0443966,-0.0737527,-0.130516,0.13672,0.740383,1.31699
-0.0443828,-0.0736786,-0.130384,0.137449,0.741703,1.31936
-0.044369,-0.0736043,-0.130252,0.138984,0.743672,1.32319
-0.0443551,-0.0735298,-0.130119,0.140672,0.74631,1.32629
-0.0443409,-0.0734551,-0.129986,0.142407,0.747366,1.32977
-0.0443266,-0.0733803,-0.129853,0.143352,0.749883,1.33419
-0.0443122,-0.0733052,-0.12972,0.14486,0.751355,1.33678
-0.0442977,-0.07323,-0.129586,0.146024,0.753584,1.34121
-0.044283,-0.0731545,-0.129451,0.147,0.755264,1.34507
-0.0442682,-0.0730789,-0.129317,0.149094,0.757181,1.34926
-0.0442532,-0.073003,-0.129182,0.150694,0.759534,1.3535
-0.0442381,-0.072927,-0.129046,0.152303,0.760528,1.35691
-0.0442228,-0.0728509,-0.12891,0.15392,0.762896,1.36003
-0.0442073,-0.0727745,-0.128774,0.155526,0.764201,1.36345
-0.0441917,-0.072698,-0.128637,0.156104,0.76628,1.36711
-0.044176,-0.0726212,-0.128501,0.157502,0.769049,1.36987
-0.0441602,-0.0725441,-0.128363,0.15892,0.772881,1.37391
-0.0441443,-0.0724667,-0.128226,0.160691,0.775149,1.37739
-0.0441281,-0.0723891,-0.128088,0.162049,0.777627,1.38136
-0.0441119,-0.0723112,-0.12795,0.163338,0.779261,1.38507
-0.0440955,-0.0722332,-0.127811,0.164412,0.781278,1.38844
-0.044079,-0.0721549,-0.127672,0.165585,0.783838,1.39228
-0.0440624,-0.0720765,-0.127533,0.16633,0.785998,1.39606
-0.0440457,-0.0719978,-0.127393,0.167245,0.787878,1.40031
-0.0440289,-0.0719189,-0.127253,0.168592,0.79004,1.40315
-0.044012,-0.0718397,-0.127112,0.170288,0.793176,1.40675
-0.043995,-0.0717603,-0.126971,0.170334,0.794709,1.41018
-0.0439779,-0.0716808,-0.12683,0.171911,0.79705,1.41487
-0.0439606,-0.071601,-0.126688,0.172478,0.79917,1.41925
-0.0439433,-0.0715209,-0.126546,0.17447,0.801262,1.42194
-0.0439257,-0.0714408,-0.126404,0.176204,0.802311,1.42539
-0.043908,-0.0713605,-0.126261,0.177799,0.804157,1.42822
-0.0438902,-0.0712799,-0.126118,0.179503,0.806689,1.43278
-0.0438722,-0.0711992,-0.125975,0.180067,0.808285,1.43621
-0.0438541,-0.0711183,-0.125831,0.181275,0.809992,1.44032
-0.0438359,-0.0710372,-0.125687,0.18262,0.811604,1.4439
-0.0438176,-0.070956,-0.125542,0.183986,0.813139,1.44715
-0.0437991,-0.0708746,-0.125397,0.185758,0.815596,1.45068
-0.0437805,-0.0707929,-0.125252,0.186717,0.817106,1.45505
-0.0437618,-0.0707112,-0.125106,0.187941,0.81819,1.45786
-0.0437429,-0.0706293,-0.12496,0.1895,0.81995,1.46157
-0.0437238,-0.0705471,-0.124814,0.191296,0.82231,1.46543
-0.0437046,-0.0704648,-0.124667,0.193211,0.824731,1.46926
-0.0436852,-0.0703822,-0.12452,0.195082,0.827675,1.47241
-0.0436656,-0.0702993,-0.124373,0.195957,0.828828,1.47695
-0.043646,-0.0702164,-0.124225,0.197482,0.830812,1.4807
-0.0436261,-0.0701332,-0.124077,0.199052,0.83285,1.48331
-0.0436062,-0.0700498,-0.123928,0.20017,0.83468,1.48729
-0.0435861,-0.0699663,-0.123779,0.201367,0.836834,1.49078
-0.0435659,-0.0698825,-0.12363,0.203382,0.838952,1.49414
-0.0435454,-0.0697984,-0.12348,0.205556,0.841181,1.49821
-0.0435248,-0.0697142,-0.12333,0.2073,0.843261,1.50172
-0.043504,-0.0696298,-0.12318,0.208892,0.845621,1.50614
-0.043483,-0.0695451,-0.123029,0.209918,0.847282,1.50996
-0.043462,-0.0694603,-0.122878,0.211054,0.849395,1.51358
-0.0434408,-0.0693753,-0.122726,0.211953,0.851284,1.51628
-0.0434195,-0.0692901,-0.122575,0.213441,0.851568,1.51891
-0.0433981,-0.0692049,-0.122423,0.214447,0.853429,1.52282
-0.0433766,-0.0691194,-0.12227,0.215796,0.856181,1.52574
-0.043355,-0.0690336,-0.122117,0.216847,0.858826,1.52916
-0.0433333,-0.0689477,-0.121964,0.21816,0.860539,1.53167
-0.0433114,-0.0688615,-0.121811,0.219236,0.862206,1.53491
-0.0432894,-0.0687752,-0.121657,0.221083,0.864276,1.5383
-0.0432672,-0.0686886,-0.121503,0.223316,0.866645,1.54317
-0.0432447,-0.0686018,-0.121349,0.22498,0.869856,1.54748
-0.0432222,-0.0685147,-0.121194,0.226516,0.871911,1.55124
-0.0431994,-0.0684273,-0.121039,0.228538,0.874611,1.55499
-0.0431765,-0.0683398,-0.120883,0.228872,0.876437,1.55851
-0.0431535,-0.068252,-0.120727,0.231185,0.878648,1.56302
-0.0431304,-0.068164,-0.12057,0.232604,0.88142,1.56711
-0.043107,-0.0680758,-0.120413,0.233786,0.882903,1.57106
-0.0430836,-0.0679873,-0.120256,0.235603,0.886332,1.57581
-0.0430599,-0.0678986,-0.120098,0.236854,0.888508,1.57951
-0.0430362,-0.0678096,-0.11994,0.238174,0.890615,1.58361
-0.0430123,-0.0677205,-0.119782,0.240067,0.892635,1.58783
-0.0429882,-0.067631,-0.119623,0.242244,0.895608,1.59196
-0.0429639,-0.0675413,-0.119463,0.24381,0.898076,1.59552
-0.0429394,-0.0674514,-0.119303,0.244974,0.900778,1.60031
-0.0429149,-0.0673612,-0.119143,0.24635,0.902843,1.60394
-0.0428901,-0.0672708,-0.118983,0.248606,0.904853,1.60807
-0.0428651,-0.0671802,-0.118821,0.25123,0.907371,1.61256
-0.0428399,-0.0670894,-0.11866,0.253783,0.910033,1.61643
-0.0428144,-0.0669983,-0.118498,0.256429,0.911838,1.62012
-0.0427886,-0.066907,-0.118336,0.259044,0.913266,1.62451
-0.0427626,-0.0668156,-0.118173,0.260642,0.915828,1.62998
-0.0427364,-0.0667239,-0.11801,0.26255,0.917642,1.6344
-0.0427101,-0.066632,-0.117846,0.263828,0.919997,1.63852
-0.0426836,-0.0665399,-0.117682,0.266294,0.921997,1.64184
-0.0426569,-0.0664476,-0.117518,0.267808,0.923917,1.64518
-0.04263,-0.0663552,-0.117353,0.26984,0.925014,1.64905
-0.0426029,-0.0662625,-0.117188,0.272642,0.927734,1.65326
-0.0425755,-0.0661696,-0.117023,0.274764,0.930547,1.65795
-0.0425479,-0.0660764,-0.116857,0.276241,0.932752,1.66214
-0.0425202,-0.0659831,-0.11669,0.278959,0.934709,1.66591
-0.0424922,-0.0658895,-0.116523,0.280395,0.936497,1.67024
-0.0424641,-0.0657957,-0.116356,0.281444,0.938835,1.675
-0.0424359,-0.0657017,-0.116188,0.282262,0.941481,1.67983
-0.0424076,-0.0656074,-0.11602,0.283746,0.943705,1.68402
-0.0423792,-0.065513,-0.115852,0.284615,0.944923,1.68707
-0.0423506,-0.0654184,-0.115683,0.286807,0.946684,1.6917
-0.0423219,-0.0653236,-0.115513,0.288987,0.948965,1.69639
-0.0422929,-0.0652286,-0.115343,0.291352,0.952076,1.69992
-0.0422636,-0.0651333,-0.115173,0.294068,0.954375,1.7046
-0.0422341,-0.0650378,-0.115003,0.295886,0.955875,1.70802
-0.0422044,-0.064942,-0.114832,0.299072,0.958585,1.71285
-0.0421744,-0.064846,-0.11466,0.300943,0.960777,1.71689
-0.0421442,-0.0647499,-0.114488,0.302553,0.963035,1.72076
-0.0421138,-0.0646535,-0.114316,0.304438,0.964888,1.72549
-0.0420833,-0.0645568,-0.114143,0.306408,0.967777,1.73002
-0.0420525,-0.06446,-0.11397,0.309574,0.970242,1.73487
-0.0420214,-0.0643628,-0.113796,0.311505,0.972217,1.739
-0.0419901,-0.0642655,-0.113622,0.313929,0.974677,1.7438
-0.0419586,-0.0641679,-0.113447,0.316158,0.977175,1.74787
-0.0419269,-0.06407,-0.113272,0.318314,0.980274,1.75211
-0.041895,-0.0639718,-0.113097,0.320387,0.983072,1.75632
-0.0418629,-0.0638734,-0.112921,0.322541,0.984843,1.76025
-0.0418305,-0.0637749,-0.112745,0.324274,0.987159,1.76486
-0.041798,-0.063676,-0.112568,0.325935,0.989643,1.76967
-0.0417653,-0.0635769,-0.112391,0.328468,0.992472,1.77432
-0.0417324,-0.0634775,-0.112213,0.329231,0.995102,1.779
-0.0416994,-0.0633779,-0.112035,0.331165,0.997372,1.7832
-0.0416662,-0.063278,-0.111857,0.332512,0.999887,1.78778
-0.0416328,-0.0631779,-0.111678,0.33564,1.00212,1.7928
-0.0415991,-0.0630776,-0.111498,0.337716,1.00404,1.79704
-0.0415652,-0.0629771,-0.111318,0.340025,1.00574,1.80171
-0.0415311,-0.0628764,-0.111138,0.342266,1.00918,1.80622
-0.0414968,-0.0627754,-0.110957,0.343925,1.01129,1.81114
-0.0414623,-0.0626741,-0.110776,0.345448,1.01396,1.81594
-0.0414277,-0.0625726,-0.110594,0.346399,1.01646,1.82026
-0.041393,-0.0624708,-0.110411,0.348002,1.01919,1.82582
-0.0413581,-0.0623688,-0.110229,0.349072,1.02171,1.83077
-0.0413232,-0.0622665,-0.110045,0.350258,1.02415,1.83607
-0.0412881,-0.062164,-0.109861,0.352078,1.0266,1.84048
-0.0412528,-0.0620611,-0.109677,0.353637,1.02985,1.84501
-0.0412173,-0.061958,-0.109492,0.356417,1.03221,1.84903
-0.0411815,-0.0618547,-0.109307,0.358178,1.03408,1.85337
-0.0411456,-0.0617512,-0.109122,0.360645,1.0366,1.85905
-0.0411094,-0.0616474,-0.108936,0.363022,1.03882,1.86437
-0.041073,-0.0615434,-0.108749,0.365288,1.04118,1.87031
-0.0410364,-0.0614392,-0.108562,0.367193,1.04358,1.87497
-0.0409996,-0.0613347,-0.108374,0.369197,1.04645,1.87984
-0.0409625,-0.0612299,-0.108186,0.37125,1.04929,1.88542
-0.0409253,-0.0611248,-0.107997,0.373593,1.05295,1.89055
-0.0408879,-0.0610194,-0.107807,0.37532,1.05487,1.89559
-0.0408502,-0.0609138,-0.107618,0.377474,1.0582,1.90055
-0.0408124,-0.0608078,-0.107427,0.380107,1.06074,1.90487
-0.0407742,-0.0607017,-0.107237,0.382037,1.06348,1.90977
-0.0407359,-0.0605952,-0.107045,0.384583,1.06598,1.9144
-0.0406973,-0.0604884,-0.106854,0.387396,1.06851,1.91984
-0.0406585,-0.0603815,-0.106661,0.389053,1.07164,1.92429
-0.0406195,-0.0602741,-0.106469,0.391194,1.07409,1.93
-0.0405802,-0.0601666,-0.106275,0.393531,1.07605,1.9351
-0.0405408,-0.0600589,-0.106082,0.395896,1.07873,1.9403
-0.0405011,-0.0599509,-0.105887,0.3979,1.08157,1.94529
-0.0404612,-0.0598426,-0.105693,0.399803,1.08411,1.95095
-0.0404211,-0.0597341,-0.105497,0.401682,1.08682,1.95505
-0.0403809,-0.0596253,-0.105302,0.403996,1.08911,1.96026
-0.0403404,-0.0595162,-0.105105,0.405678,1.09187,1.96579
-0.0402997,-0.0594069,-0.104908,0.407706,1.09438,1.97149
-0.0402589,-0.0592973,-0.104711,0.409956,1.0975,1.97628
-0.0402177,-0.0591874,-0.104513,0.412879,1.1011,1.98084
-0.0401763,-0.0590771,-0.104315,0.415,1.10386,1.98548
-0.0401346,-0.0589666,-0.104116,0.417978,1.10617,1.99117
-0.0400928,-0.0588558,-0.103917,0.420067,1.10928,1.9967
-0.0400506,-0.0587448,-0.103717,0.422904,1.11224,2.00174
-0.0400082,-0.0586334,-0.103516,0.424542,1.11566,2.00623
-0.0399656,-0.0585217,-0.103315,0.427242,1.11842,2.01126
-0.0399228,-0.0584097,-0.103114,0.42992,1.12135,2.0167
-0.0398797,-0.0582974,-0.102912,0.431739,1.12466,2.02149
-0.0398364,-0.0581848,-0.10271,0.433897,1.1268,2.02692
-0.0397929,-0.0580719,-0.102507,0.436306,1.12959,2.03181
-0.0397491,-0.0579589,-0.102303,0.439343,1.13186,2.03821
-0.039705,-0.0578455,-0.102099,0.441866,1.13463,2.04388
-0.0396607,-0.0577318,-0.101894,0.443926,1.13905,2.04931
-0.0396162,-0.0576178,-0.101689,0.446401,1.14176,2.05536
-0.0395714,-0.0575034,-0.101483,0.4488,1.14512,2.06037
-0.0395264,-0.0573888,-0.101277,0.451375,1.14767,2.06585
-0.0394812,-0.0572738,-0.10107,0.452907,1.1507,2.07186
-0.0394358,-0.0571586,-0.100863,0.455057,1.15399,2.07741
-0.0393902,-0.057043,-0.100655,0.457466,1.15767,2.08285
-0.0393444,-0.0569272,-0.100446,0.459648,1.15977,2.08932
-0.0392983,-0.0568111,-0.100237,0.461607,1.16236,2.09469
-0.039252,-0.0566947,-0.100027,0.464705,1.16532,2.10016
-0.0392054,-0.056578,-0.099817,0.468297,1.16735,2.10548
-0.0391584,-0.0564611,-0.0996062,0.471457,1.17045,2.11056
-0.0391111,-0.0563439,-0.0993948,0.473531,1.17412,2.116
-0.0390637,-0.0562264,-0.099183,0.475782,1.17676,2.12152
-0.0390159,-0.0561085,-0.0989706,0.478115,1.17955,2.12664
-0.038968,-0.0559904,-0.0987576,0.480657,1.18292,2.13228
-0.0389199,-0.055872,-0.0985441,0.482124,1.18624,2.1383
-0.0388715,-0.0557532,-0.09833,0.484534,1.18968,2.14391
-0.038823,-0.0556341,-0.0981153,0.486517,1.19252,2.14958
-0.0387742,-0.0555147,-0.0979001,0.489106,1.19527,2.15549
-0.0387252,-0.055395,-0.0976842,0.491195,1.19875,2.16156
-0.0386759,-0.0552749,-0.0974678,0.494347,1.2027,2.16725
-0.0386263,-0.0551545,-0.0972507,0.496704,1.20534,2.17393
-0.0385765,-0.0550338,-0.0970331,0.499276,1.20842,2.17944
-0.0385265,-0.0549128,-0.0968149,0.501578,1.2118,2.18483
-0.0384762,-0.0547915,-0.0965961,0.503833,1.2148,2.19017
-0.0384257,-0.0546698,-0.0963768,0.506624,1.21851,2.196
-0.0383749,-0.0545478,-0.0961569,0.509113,1.22173,2.20196
-0.0383238,-0.0544256,-0.0959364,0.511924,1.22396,2.20811
-0.0382725,-0.0543029,-0.0957153,0.515054,1.22765,2.21369
-0.0382208,-0.05418,-0.0954936,0.518825,1.23096,2.21925
-0.0381688,-0.0540567,-0.0952713,0.520795,1.23467,2.22636
-0.0381166,-0.0539331,-0.0950483,0.522933,1.23775,2.23371
-0.0380642,-0.0538092,-0.0948246,0.525087,1.24027,2.24094
-0.0380116,-0.053685,-0.0946002,0.528076,1.24367,2.24716
-0.0379587,-0.0535604,-0.0943751,0.530388,1.24751,2.25406
-0.0379055,-0.0534355,-0.0941494,0.533766,1.25046,2.26026
-0.037852,-0.0533103,-0.093923,0.536486,1.25416,2.26708
-0.0377981,-0.0531847,-0.093696,0.539319,1.2578,2.27327
-0.037744,-0.0530588,-0.0934683,0.542779,1.26089,2.27996
-0.0376896,-0.0529325,-0.09324,0.545396,1.26414,2.28618
-0.0376349,-0.0528059,-0.0930111,0.549128,1.26714,2.29298
-0.0375799,-0.0526791,-0.0927815,0.55181,1.27067,2.2989
-0.0375246,-0.0525518,-0.0925512,0.553467,1.27401,2.30574
-0.0374692,-0.0524242,-0.0923204,0.555749,1.27784,2.3122
-0.0374134,-0.0522962,-0.0920889,0.558813,1.28205,2.31817
-0.0373575,-0.0521678,-0.0918567,0.560517,1.2864,2.32531
-0.0373013,-0.052039,-0.0916238,0.563921,1.2899,2.33198
-0.0372448,-0.0519098,-0.0913903,0.566787,1.29301,2.33899
-0.0371879,-0.0517804,-0.091156,0.56978,1.29589,2.34517
-0.0371308,-0.0516506,-0.0909212,0.572574,1.29974,2.35155
-0.0370734,-0.0515204,-0.0906858,0.575682,1.30353,2.35783
-0.0370157,-0.0513899,-0.0904497,0.579077,1.30721,2.36357
-0.0369577,-0.0512589,-0.090213,0.582118,1.31146,2.37035
-0.0368993,-0.0511276,-0.0899756,0.584491,1.31528,2.37749
-0.0368408,-0.0509959,-0.0897375,0.586954,1.3191,2.38409
-0.0367819,-0.0508638,-0.0894988,0.590565,1.32332,2.39097
-0.0367227,-0.0507313,-0.0892593,0.59323,1.32773,2.39806
-0.0366632,-0.0505983,-0.0890192,0.596175,1.33112,2.40508
-0.0366034,-0.050465,-0.0887784,0.600152,1.33527,2.41131
-0.0365432,-0.0503313,-0.0885368,0.603121,1.3393,2.41933
-0.0364827,-0.0501972,-0.0882946,0.607152,1.34281,2.42606
-0.0364219,-0.0500627,-0.0880516,0.609801,1.34644,2.43311
-0.0363607,-0.0499278,-0.0878079,0.612721,1.35108,2.44106
-0.0362993,-0.0497925,-0.0875634,0.616334,1.35554,2.44824
-0.0362374,-0.0496568,-0.0873182,0.620157,1.35921,2.45528
-0.0361752,-0.0495206,-0.0870723,0.62371,1.36374,2.46294
-0.0361127,-0.0493841,-0.0868257,0.627426,1.36689,2.46968
-0.0360498,-0.0492472,-0.0865784,0.630872,1.3705,2.47702
-0.0359865,-0.04911,-0.0863302,0.634227,1.37405,2.48519
-0.035923,-0.0489724,-0.0860814,0.636676,1.37792,2.4918
-0.0358592,-0.0488344,-0.0858318,0.639412,1.38229,2.49962
-0.035795,-0.0486959,-0.0855815,0.643228,1.3865,2.50742
-0.0357305,-0.0485571,-0.0853304,0.646817,1.39045,2.51471
-0.0356657,-0.0484178,-0.0850786,0.65036,1.39468,2.52131
-0.0356005,-0.0482782,-0.0848261,0.653141,1.39875,2.5286
-0.035535,-0.0481381,-0.0845729,0.656201,1.40342,2.53575
-0.0354692,-0.0479975,-0.084319,0.660188,1.40717,2.54265
-0.0354031,-0.0478567,-0.0840644,0.663497,1.41049,2.55
-0.0353366,-0.0477154,-0.0838089,0.66678,1.41503,2.55883
-0.0352697,-0.0475737,-0.0835527,0.670681,1.41963,2.56735
-0.0352024,-0.0474315,-0.0832955,0.674794,1.42336,2.57497
-0.0351347,-0.047289,-0.0830377,0.678775,1.42756,2.58251
-0.0350667,-0.047146,-0.082779,0.682403,1.43174,2.59066
-0.0349983,-0.0470027,-0.0825195,0.685665,1.43591,2.59908
-0.0349295,-0.0468589,-0.0822592,0.689883,1.44003,2.60702
-0.0348603,-0.0467146,-0.0819981,0.693634,1.44537,2.61557
-0.0347908,-0.0465698,-0.081736,0.697388,1.44995,2.62482
-0.0347209,-0.0464246,-0.0814732,0.700738,1.45429,2.6325
-0.0346506,-0.0462789,-0.0812095,0.704813,1.45863,2.64059
-0.0345799,-0.0461329,-0.080945,0.70915,1.46317,2.64862
-0.0345088,-0.0459863,-0.0806798,0.713034,1.46733,2.65684
-0.0344373,-0.0458394,-0.0804137,0.716565,1.47224,2.66484
-0.0343655,-0.0456919,-0.0801468,0.72039,1.47661,2.67311
-0.0342932,-0.045544,-0.0798791,0.724169,1.48078,2.68165
-0.0342206,-0.0453957,-0.0796104,0.728791,1.48609,2.69083
-0.0341475,-0.0452468,-0.079341,0.732605,1.49123,2.69884
-0.034074,-0.0450975,-0.0790707,0.736692,1.49574,2.70696
-0.0340002,-0.0449477,-0.0787996,0.739814,1.50072,2.71531
-0.0339261,-0.0447973,-0.0785276,0.743396,1.50602,2.72466
-0.0338515,-0.0446465,-0.0782547,0.747633,1.51135,2.73288
-0.0337765,-0.0444951,-0.077981,0.751455,1.51542,2.74154
-0.0337012,-0.0443434,-0.0777063,0.756296,1.51889,2.75076
-0.0336253,-0.0441913,-0.0774308,0.760878,1.52363,2.75991
-0.033549,-0.0440387,-0.0771544,0.764915,1.52872,2.76908
-0.0334723,-0.0438856,-0.076877,0.769078,1.53342,2.77832
-0.0333952,-0.043732,-0.0765988,0.773603,1.5377,2.78704
-0.0333176,-0.043578,-0.0763196,0.77764,1.54211,2.79625
-0.0332397,-0.0434236,-0.0760395,0.781676,1.54733,2.80526
-0.0331613,-0.0432686,-0.0757586,0.786116,1.55231,2.8143
-0.0330824,-0.0431131,-0.0754766,0.791465,1.55651,2.82451
-0.033003,-0.0429572,-0.0751937,0.796355,1.56128,2.83412
-0.0329231,-0.0428008,-0.0749098,0.801205,1.5673,2.84312
-0.0328428,-0.0426439,-0.0746251,0.805281,1.57183,2.8519
-0.0327621,-0.0424864,-0.0743394,0.809987,1.57789,2.86154
-0.0326808,-0.0423283,-0.0740527,0.815256,1.5833,2.87187
-0.032599,-0.0421697,-0.0737651,0.82002,1.5893,2.88152
-0.0325168,-0.0420105,-0.0734764,0.824761,1.59434,2.89113
-0.0324341,-0.0418508,-0.0731868,0.828827,1.59928,2.90177
-0.032351,-0.0416906,-0.0728961,0.834262,1.60463,2.91158
-0.0322673,-0.0415299,-0.0726045,0.839019,1.6097,2.92128
-0.0321832,-0.0413686,-0.0723118,0.843269,1.61535,2.9319
-0.0320985,-0.0412068,-0.0720181,0.848824,1.62103,2.94235
-0.0320134,-0.0410444,-0.0717233,0.85354,1.62661,2.95292
-0.0319278,-0.0408815,-0.0714275,0.857918,1.63274,2.96334
-0.0318418,-0.0407179,-0.0711306,0.863291,1.63792,2.97368
-0.0317552,-0.0405539,-0.0708328,0.868468,1.6432,2.98366
-0.0316681,-0.0403893,-0.0705339,0.874215,1.64928,2.99409
-0.0315804,-0.040224,-0.0702339,0.878667,1.65533,3.00538
-0.0314923,-0.0400582,-0.0699328,0.883444,1.66172,3.01644
-0.0314038,-0.0398917,-0.0696306,0.888094,1.66764,3.02741
-0.0313147,-0.0397246,-0.0693273,0.893334,1.67344,3.03903
-0.031225,-0.039557,-0.0690228,0.899652,1.67944,3.0497
-0.0311348,-0.0393887,-0.0687173,0.905004,1.68582,3.06062
-0.0310441,-0.0392198,-0.0684107,0.909909,1.69199,3.07264
-0.0309528,-0.0390503,-0.0681028,0.915275,1.698,3.08398
-0.030861,-0.0388802,-0.0677939,0.920297,1.70337,3.09577
-0.0307687,-0.0387096,-0.0674837,0.926005,1.70917,3.10714
