0.00190000000000000,0.04880000000000000,0.00000000000000000,0.00000000000000000,0.00000000000000000,4.71630000000000038,0.50000000000000000,3.64000000000000012
0.00190006352223120,0.04879794312663828,0.00047169291911224,0.00126906803426375,-0.04113711866135051,4.71749088231115010,0.50000000000000000,3.64000000000000012
0.00190025353725010,0.04879177272425016,0.00094348467519234,0.00252984537331488,-0.08226979747460546,4.71827673083596277,0.50000000000000000,3.64000000000000012
0.00190056921290725,0.04878148947188155,0.00141533476345149,0.00378227076259621,-0.12339333382997941,4.71865752884926160,0.50000000000000000,3.64000000000000012
0.00190100971103113,0.04876709451923381,0.00188720268087813,0.00502628501686105,-0.16450301744745127,4.71863332868189733,0.50000000000000000,3.64000000000000012
0.00190157418763565,0.04874858948736473,0.00235904793316126,0.00626183103260857,-0.20559413170043489,4.71820425207079719,0.50000000000000000,3.64000000000000012
0.00190226179312897,0.04872597646925642,0.00283083004164733,0.00748885379985748,-0.24666195495300874,4.71737049047772050,0.50000000000000000,3.64000000000000012
0.00190307167252340,0.04869925803024883,0.00330250855032729,0.00870730041324269,-0.28770176190983870,4.71613230537621053,0.50000000000000000,3.64000000000000012
0.00190400296564635,0.04866843720833777,0.00377404303285076,0.00991712008242020,-0.32870882497790632,4.71449002850625387,0.50000000000000000,3.64000000000000012
0.00190505480735239,0.04863351751433603,0.00424539309956409,0.01111826414176595,-0.36967841563913556,4.71244406209619360,0.50000000000000000,3.64000000000000012
0.00190622632773612,0.04859450293189695,0.00471651840456887,0.01231068605935477,-0.41060580583299128,4.70999487905145919,0.50000000000000000,3.64000000000000012
0.00190751665234597,0.04855139791739904,0.00518737865279769,0.01349434144520626,-0.45148626934810498,4.70714302310971622,0.50000000000000000,3.64000000000000012
0.00190892490239882,0.04850420739969124,0.00565793360710373,0.01466918805878498,-0.49231508322196588,4.70388910896206891,0.50000000000000000,3.64000000000000012
0.00191045019499521,0.04845293677969768,0.00612814309536070,0.01583518581574271,-0.53308752914770008,4.70023382233997200,0.50000000000000000,3.64000000000000012
0.00191209164333535,0.04839759192988159,0.00659796701756980,0.01699229679389155,-0.57379889488694513,4.69617792006754886,0.50000000000000000,3.64000000000000012
0.00191384835693552,0.04833817919356749,0.00706736535297016,0.01814048523839681,-0.61444447568781357,4.69172223007904243,0.50000000000000000,3.64000000000000012
0.00191571944184509,0.04827470538412157,0.00753629816714923,0.01927971756617966,-0.65501957570692770,4.68686765140115380,0.50000000000000000,3.64000000000000012
0.00191770400086386,0.04820717778398955,0.00800472561914972,0.02040996236951991,-0.69551950943449492,4.68161515410006857,0.50000000000000000,3.64000000000000012
0.00191980113375975,0.04813560414359200,0.00847260796856937,0.02153119041885013,-0.73593960312138484,4.67596577919299516,0.50000000000000000,3.64000000000000012
0.00192200993748671,0.04805999268007686,0.00893990558265019,0.02264337466473304,-0.77627519620715935,4.66992063852407480,0.50000000000000000,3.64000000000000012
0.00192432950640282,0.04798035207592919,0.00940657894335343,0.02374649023901465,-0.81652164274800010,4.66348091460456882,0.50000000000000000,3.64000000000000012
0.00192675893248839,0.04789669147743814,0.00987258865441682,0.02484051445514649,-0.85667431284347217,4.65664786041725165,0.50000000000000000,3.64000000000000012
0.00192929730556418,0.04780902049302135,0.01033789544839046,0.02592542680767109,-0.89672859406105776,4.64942279918497992,0.50000000000000000,3.64000000000000012
0.00193194371350938,0.04771734919140710,0.01080246019364775,0.02700120897086540,-0.93667989285739017,4.64180712410344309,0.50000000000000000,3.64000000000000012
0.00193469724247952,0.04762168809967451,0.01126624390136781,0.02806784479653781,-0.97652363599511782,4.63380229803814281,0.50000000000000000,3.64000000000000012
0.00193755697712404,0.04752204820115225,0.01172920773248585,0.02912532031097513,-1.01625527195432586,4.62540985318567621,0.50000000000000000,3.64000000000000012
0.00194052200080360,0.04741844093317658,0.01219131300460785,0.03017362371103672,-1.05587027233744557,4.61663139069943718,0.50000000000000000,3.64000000000000012
0.00194359139580687,0.04731087818470914,0.01265252119888603,0.03121274535939366,-1.09536413326658355,4.60746858027989425,0.50000000000000000,3.64000000000000012
0.00194676424356685,0.04719937229381545,0.01311279396685163,0.03224267777891174,-1.13473237677220573,4.59792315972962840,0.50000000000000000,3.64000000000000012
0.00195003962487655,0.04708393604500510,0.01357209313720138,0.03326341564617788,-1.17397055217211865,4.58799693447335777,0.50000000000000000,3.64000000000000012
0.00195341662010406,0.04696458266643445,0.01403038072253432,0.03427495578417033,-1.21307423743969500,4.57769177704321883,0.50000000000000000,3.64000000000000012
0.00195689430940673,0.04684132582697317,0.01448761892603531,0.03527729715407381,-1.25203904056029991,4.56700962652958786,0.50000000000000000,3.64000000000000012
0.00196047177294455,0.04671417963313577,0.01494377014810200,0.03627044084624166,-1.29086060087488330,4.55595248799779107,0.50000000000000000,3.64000000000000012
0.00196414809109262,0.04658315862587943,0.01539879699291174,0.03725439007030780,-1.32953459040971489,4.54452243187106397,0.50000000000000000,3.64000000000000012
0.00196792234465251,0.04644827777726956,0.01585266227492517,0.03822915014445211,-1.36805671519125149,4.53272159328016944,0.50000000000000000,3.64000000000000012
0.00197179361506257,0.04630955248701473,0.01630532902532301,0.03919472848382376,-1.40642271654513773,4.52055217138010867,0.50000000000000000,3.64000000000000012
0.00197576098460698,0.04616699857887250,0.01675676049837303,0.04015113458812768,-1.44462837237835995,4.50801642863440666,0.50000000000000000,3.64000000000000012
0.00197982353662359,0.04602063229692789,0.01720692017772374,0.04109838002838028,-1.48266949844358553,4.49511669006746839,0.50000000000000000,3.64000000000000012
0.00198398035571032,0.04587047030174641,0.01765577178262183,0.04203647843284128,-1.52054194958473987,4.48185534248555673,0.50000000000000000,3.64000000000000012
0.00198823052793016,0.04571652966640343,0.01810327927405007,0.04296544547212926,-1.55824162096289287,4.46823483366695129,0.50000000000000000,3.64000000000000012
0.00199257314101465,0.04555882787239206,0.01854940686078279,0.04388529884352945,-1.59576444926154393,4.45425767152190399,0.50000000000000000,3.64000000000000012
0.00199700728456568,0.04539738280541153,0.01899411900535582,0.04479605825450290,-1.63310641387041833,4.43992642322301378,0.50000000000000000,3.64000000000000012
0.00200153205025570,0.04523221275103827,0.01943738042994806,0.04569774540540696,-1.67026353804691108,4.42524371430669117,0.50000000000000000,3.64000000000000012
0.00200614653202608,0.04506333639028208,0.01987915612217175,0.04659038397143794,-1.70723189005433507,4.41021222774640353,0.50000000000000000,3.64000000000000012
0.00201084982628368,0.04489077279502961,0.02031941134076865,0.04747399958380714,-1.74400758427615643,4.39483470299841628,0.50000000000000000,3.64000000000000012
0.00201564103209545,0.04471454142337765,0.02075811162120956,0.04834861981016263,-1.78058678230542822,4.37911393502078106,0.50000000000000000,3.64000000000000012
0.00202051925138111,0.04453466211485876,0.02119522278119428,0.04921427413426955,-1.81696569400865582,4.36305277326634400,0.50000000000000000,3.64000000000000012
0.00202548358910366,0.04435115508556184,0.02163071092604977,0.05007099393496244,-1.85314057856335879,4.34665412065056689,0.50000000000000000,3.64000000000000012
0.00203053315345786,0.04416404092315027,0.02206454245402371,0.05091881246438384,-1.88910774546862115,4.32992093249498300,0.50000000000000000,3.64000000000000012
0.00203566705605639,0.04397334058178038,0.02249668406147136,0.05175776482552404,-1.92486355552795141,4.31285621544713393,0.50000000000000000,3.64000000000000012
0.00204088441211384,0.04377907537692301,0.02292710274793315,0.05258788794907732,-1.96040442180380481,4.29546302637784727,0.50000000000000000,3.64000000000000012
0.00204618434062825,0.04358126698009115,0.02335576582110102,0.05340922056963103,-1.99572681054314982,4.27774447125674051,0.50000000000000000,3.64000000000000012
0.00205156596456027,0.04337993741347640,0.02378264090167116,0.05422180320120380,-2.03082724207349319,4.25970370400685461,0.50000000000000000,3.64000000000000012
0.00205702841100994,0.04317510904449736,0.02420769592808124,0.05502567811215040,-2.06570229166881303,4.24134392533933635,0.50000000000000000,3.64000000000000012
0.00206257081139073,0.04296680458026299,0.02463089916113021,0.05582088929945091,-2.10034859038487598,4.22266838156910751,0.50000000000000000,3.64000000000000012
0.00206819230160117,0.04275504706195393,0.02505221918847866,0.05660748246240234,-2.13476282586345389,4.20368036341246665,0.50000000000000000,3.64000000000000012
0.00207389202219371,0.04253985985912504,0.02547162492902814,0.05738550497573158,-2.16894174310498755,4.18438320476759351,0.50000000000000000,3.64000000000000012
0.00207966911854091,0.04232126666393219,0.02588908563717770,0.05815500586214891,-2.20288214520927772,4.16478028147893120,0.50000000000000000,3.64000000000000012
0.00208552274099883,0.04209929148528665,0.02630457090695605,0.05891603576436152,-2.23658089408381899,4.14487501008643111,0.50000000000000000,3.64000000000000012
0.00209145204506762,0.04187395864294027,0.02671805067602809,0.05966864691656729,-2.27003491111942823,4.12467084656065808,0.50000000000000000,3.64000000000000012
0.00209745619154921,0.04164529276150473,0.02712949522957405,0.06041289311544902,-2.30324117783285365,4.10417128502476292,0.50000000000000000,3.64000000000000012
0.00210353434670211,0.04141331876440824,0.02753887520404043,0.06114882969069017,-2.33619673647608517,4.08337985646432866,0.50000000000000000,3.64000000000000012
0.00210968568239319,0.04117806186779289,0.02794616159076123,0.06187651347503285,-2.36889869061212099,4.06230012742610924,0.50000000000000000,3.64000000000000012
0.00211590937624648,0.04093954757435619,0.02835132573944855,0.06259600277389971,-2.40134420565698736,4.04093569870668468,0.50000000000000000,3.64000000000000012
0.00212220461178891,0.04069780166714012,0.02875433936155171,0.06330735733460119,-2.43353050938782989,4.01929020403204618,0.50000000000000000,3.64000000000000012
0.00212857057859295,0.04045285020327095,0.02915517453348373,0.06401063831515022,-2.46545489241694948,3.99736730872914414,0.50000000000000000,3.64000000000000012
0.00213500647241608,0.04020471950765354,0.02955380369971479,0.06470590825270611,-2.49711470863167051,3.97517070839041819,0.50000000000000000,3.64000000000000012
0.00214151149533713,0.03995343616662317,0.02995019967573171,0.06539323103167026,-2.52850737559998162,3.95270412753232891,0.50000000000000000,3.64000000000000012
0.00214808485588938,0.03969902702155871,0.03034433565086304,0.06607267185145585,-2.55963037494191070,3.92997131824891710,0.50000000000000000,3.64000000000000012
0.00215472576919045,0.03944151916246023,0.03073618519096941,0.06674429719395408,-2.59048125266663876,3.90697605886139776,0.50000000000000000,3.64000000000000012
0.00216143345706893,0.03918093992149464,0.03112572224099852,0.06740817479071971,-2.62105761947538651,3.88372215256480446,0.50000000000000000,3.64000000000000012
0.00216820714818765,0.03891731686651282,0.03151292112740479,0.06806437358989831,-2.65135715103014480,3.86021342607268281,0.50000000000000000,3.64000000000000012
0.00217504607816370,0.03865067779454146,0.03189775656043344,0.06871296372291823,-2.68137758818834815,3.83645372826082953,0.50000000000000000,3.64000000000000012
0.00218194948968507,0.03838105072525325,0.03228020363626885,0.06935401647096975,-2.71111673720362978,3.81244692881106229,0.50000000000000000,3.64000000000000012
0.00218891663262398,0.03810846389441861,0.03266023783904741,0.06998760423129428,-2.74057246989282133,3.78819691685599569,0.50000000000000000,3.64000000000000012
0.00219594676414675,0.03783294574734240,0.03303783504273491,0.07061380048330612,-2.76974272376939901,3.76370759962578649,0.50000000000000000,3.64000000000000012
0.00220303914882033,0.03755452493228899,0.03341297151286878,0.07123267975456940,-2.79862550214360395,3.73898290109780174,0.50000000000000000,3.64000000000000012
0.00221019305871542,0.03727323029389899,0.03378562390816540,0.07184431758665269,-2.82721887418949569,3.71402676065014381,0.50000000000000000,3.64000000000000012
0.00221740777350615,0.03698909086660080,0.03415576928199307,0.07244879050088350,-2.85552097497922874,3.68884313171995926,0.50000000000000000,3.64000000000000012
0.00222468258056633,0.03670213586802053,0.03452338508371108,0.07304617596402499,-2.88353000548486760,3.66343598046743590,0.50000000000000000,3.64000000000000012
0.00223201677506229,0.03641239469239321,0.03488844915987545,0.07363655235389670,-2.91124423254808962,3.63780928444638141,0.50000000000000000,3.64000000000000012
0.00223940966004228,0.03611989690397866,0.03525093975531216,0.07421999892496124,-2.93866198881814222,3.61196703128225449,0.50000000000000000,3.64000000000000012
0.00224686054652236,0.03582467223048516,0.03561083551405855,0.07479659577389847,-2.96578167265845849,3.58591321735850643,0.50000000000000000,3.64000000000000012
0.00225436875356897,0.03552675055650401,0.03596811548017378,0.07536642380518833,-2.99260174802235168,3.55965184651206545,0.50000000000000000,3.64000000000000012
0.00226193360837792,0.03522616191695798,0.03632275909841944,0.07592956469672361,-3.01912074429823640,3.53318692873878337,0.50000000000000000,3.64000000000000012
0.00226955444635009,0.03492293649056685,0.03667474621481108,0.07648610086547313,-3.04533725612485107,3.50652247890963675,0.50000000000000000,3.64000000000000012
0.00227723061116354,0.03461710459333278,0.03702405707704205,0.07703611543321597,-3.07124994317697109,3.47966251549845929,0.50000000000000000,3.64000000000000012
0.00228496145484235,0.03430869667204870,0.03737067233478066,0.07757969219236673,-3.09685752992213326,3.45261105932195544,0.50000000000000000,3.64000000000000012
0.00229274633782194,0.03399774329783235,0.03771457303984204,0.07811691557191154,-3.12215880534890244,3.42537213229272464,0.50000000000000000,3.64000000000000012
0.00230058462901107,0.03368427515968890,0.03805574064623593,0.07864787060347427,-3.14715262266724061,3.39794975618600281,0.50000000000000000,3.64000000000000012
0.00230847570585035,0.03336832305810501,0.03839415701009187,0.07917264288753181,-3.17183789898154656,3.37034795142080368,0.50000000000000000,3.64000000000000012
0.00231641895436749,0.03304991789867677,0.03872980438946327,0.07969131855979718,-3.19621361493696332,3.34257073585611986,0.50000000000000000,3.64000000000000012
0.00232441376922916,0.03272909068577446,0.03906266544401186,0.08020398425778830,-3.22027881433955665,3.31462212360281239,0.50000000000000000,3.64000000000000012
0.00233245955378945,0.03240587251624649,0.03939272323457416,0.08071072708760051,-3.24403260375098901,3.28650612385180496,0.50000000000000000,3.64000000000000012
0.00234055572013516,0.03208029457316511,0.03971996122261160,0.08121163459089988,-3.26747415205832681,3.25822673971916155,0.50000000000000000,3.64000000000000012
0.00234870168912761,0.03175238811961650,0.04004436326954599,0.08170679471215410,-3.29060269001963057,3.22978796710860783,0.50000000000000000,3.64000000000000012
0.00235689689044141,0.03142218449253723,0.04036591363598218,0.08219629576611751,-3.31341750978599103,3.20119379359202938,0.50000000000000000,3.64000000000000012
0.00236514076259977,0.03108971509659992,0.04068459698081966,0.08268022640558587,-3.33591796440068400,3.17244819730845196,0.50000000000000000,3.64000000000000012
0.00237343275300677,0.03075501139814996,0.04100039836025501,0.08315867558943640,-3.35810346727612741,3.14355514588198703,0.50000000000000000,3.64000000000000012
0.00238177231797637,0.03041810491919562,0.04131330322667714,0.08363173255096797,-3.37997349164933780,3.11451859535919695,0.50000000000000000,3.64000000000000012
0.00239015892275824,0.03007902723145374,0.04162329742745717,0.08409948676655557,-3.40152757001658035,3.08534248916630682,0.50000000000000000,3.64000000000000012
0.00239859204156058,0.02973780995045286,0.04193036720363516,0.08456202792463327,-3.42276529354792425,3.05603075708666783,0.50000000000000000,3.64000000000000012
0.00240707115756975,0.02939448472969595,0.04223449918850553,0.08501944589501866,-3.44368631148241811,3.02658731425884797,0.50000000000000000,3.64000000000000012
0.00241559576296688,0.02904908325488454,0.04253568040610332,0.08547183069859174,-3.46429033050460156,2.99701606019570166,0.50000000000000000,3.64000000000000012
0.00242416535894151,0.02870163723820606,0.04283389826959355,0.08591927247734052,-3.48457711410307658,2.96732087782473952,0.50000000000000000,3.64000000000000012
0.00243277945570219,0.02835217841268628,0.04312914057956551,0.08636186146478497,-3.50454648191186635,2.93750563255010277,0.50000000000000000,3.64000000000000012
0.00244143757248419,0.02800073852660834,0.04342139552223449,0.08679968795679059,-3.52419830903528775,2.90757417133641116,0.50000000000000000,3.64000000000000012
0.00245013923755427,0.02764734933800016,0.04371065166755290,0.08723284228278225,-3.54353252535706709,2.87753032181473456,0.50000000000000000,3.64000000000000012
0.00245888398821263,0.02729204260919169,0.04399689796723319,0.08766141477736841,-3.56254911483442926,2.84737789141091202,0.50000000000000000,3.64000000000000012
0.00246767137079204,0.02693485010144339,0.04428012375268465,0.08808549575238532,-3.58124811477788851,2.81712066649641368,0.50000000000000000,3.64000000000000012
0.00247650094065414,0.02657580356964757,0.04456031873286646,0.08850517546937012,-3.59962961511746871,2.78676241156192184,0.50000000000000000,3.64000000000000012
0.00248537226218310,0.02621493475710359,0.04483747299205927,0.08892054411247161,-3.61769375765607837,2.75630686841378081,0.50000000000000000,3.64000000000000012
0.00249428490877651,0.02585227539036846,0.04511157698755751,0.08933169176180634,-3.63544073531076251,2.72575775539344001,0.50000000000000000,3.64000000000000012
0.00250323846283367,0.02548785717418381,0.04538262154728485,0.08973870836726779,-3.65287079134255066,2.69511876661999272,0.50000000000000000,3.64000000000000012
0.00251223251574132,0.02512171178648047,0.04565059786733509,0.09014168372279516,-3.66998421857561086,2.66439357125589371,0.50000000000000000,3.64000000000000012
0.00252126666785670,0.02475387087346159,0.04591549750944068,0.09054070744110863,-3.68678135860642353,2.63358581279590620,0.50000000000000000,3.64000000000000012
0.00253034052848824,0.02438436604476537,0.04617731239837142,0.09093586892891654,-3.70326260100367266,2.60269910837932050,0.50000000000000000,3.64000000000000012
0.00253945371587374,0.02401322886870820,0.04643603481926551,0.09132725736260011,-3.71942838249955310,2.57173704812545223,0.50000000000000000,3.64000000000000012
0.00254860585715611,0.02364049086760907,0.04669165741489523,0.09171496166438042,-3.73527918617317845,2.54070319449241611,0.50000000000000000,3.64000000000000012
0.00255779658835680,0.02326618351319598,0.04694417318286979,0.09209907047897213,-3.75081554062677380,2.50960108165914653,0.50000000000000000,3.64000000000000012
0.00256702555434691,0.02289033822209516,0.04719357547277743,0.09247967215072758,-3.76603801915532133,2.47843421493061422,0.50000000000000000,3.64000000000000012
0.00257629240881602,0.02251298635140351,0.04743985798326930,0.09285685470127497,-3.78094723891032247,2.44720607016617819,0.50000000000000000,3.64000000000000012
0.00258559681423882,0.02213415919434499,0.04768301475908724,0.09323070580765316,-3.79554386005832933,2.41592009323097834,0.50000000000000000,3.64000000000000012
0.00259493844183959,0.02175388797601139,0.04792304018803789,0.09360131278094581,-3.80982858493488719,2.38457969947027282,0.50000000000000000,3.64000000000000012
0.00260431697155453,0.02137220384918791,0.04815992899791539,0.09396876254541667,-3.82380215719451977,2.35318827320659008,0.50000000000000000,3.64000000000000012
0.00261373209199211,0.02098913789026388,0.04839367625337487,0.09433314161814751,-3.83746536095737856,2.32174916725956448,0.50000000000000000,3.64000000000000012
0.00262318350039128,0.02060472109522899,0.04862427735275916,0.09469453608918005,-3.85081901995316400,2.29026570248829220,0.50000000000000000,3.64000000000000012
0.00263267090257786,0.02021898437575526,0.04885172802488068,0.09505303160216205,-3.86386399666291735,2.25874116735604158,0.50000000000000000,3.64000000000000012
0.00264219401291891,0.01983195855536482,0.04907602432576115,0.09540871333549832,-3.87660119145926485,2.22717881751712854,0.50000000000000000,3.64000000000000012
0.00265175255427533,0.01944367436568385,0.04929716263533084,0.09576166598400607,-3.88903154174569110,2.19558187542575789,0.50000000000000000,3.64000000000000012
0.00266134625795254,0.01905416244278249,0.04951513965408995,0.09611197374107422,-3.90115602109539683,2.16395352996661128,0.50000000000000000,3.64000000000000012
0.00267097486364953,0.01866345332360099,0.04972995239973411,0.09645972028132567,-3.91297563839028850,2.13229693610695836,0.50000000000000000,3.64000000000000012
0.00268063811940610,0.01827157744246180,0.04994159820374611,0.09680498874378114,-3.92449143696063318,2.10061521457004519,0.50000000000000000,3.64000000000000012
0.00269033578154849,0.01787856512766772,0.05015007470795602,0.09714786171552296,-3.93570449372589648,2.06891145152950928,0.50000000000000000,3.64000000000000012
0.00270006761463340,0.01748444659818591,0.05035537986107186,0.09748842121585664,-3.94661591833726888,2.03718869832455551,0.50000000000000000,3.64000000000000012
0.00270983339139040,0.01708925196041745,0.05055751191518274,0.09782674868096791,-3.95722685232237259,2.00544997119561552,0.50000000000000000,3.64000000000000012
0.00271963289266294,0.01669301120505239,0.05075646942223663,0.09816292494907249,-3.96753846823262357,1.97369825104020680,0.50000000000000000,3.64000000000000012
0.00272946590734777,0.01629575420400984,0.05095225123049468,0.09849703024605545,-3.97755196879371464,1.94193648318869405,0.50000000000000000,3.64000000000000012
0.00273933223233304,0.01589751070746291,0.05114485648096408,0.09882914417159698,-3.98726858605966461,1.91016757719964758,0.50000000000000000,3.64000000000000012
0.00274923167243498,0.01549831034094799,0.05133428460381154,0.09915934568578069,-3.99668958057086909,1.87839440667448732,0.50000000000000000,3.64000000000000012
0.00275916404033334,0.01509818260255801,0.05152053531475898,0.09948771309618078,-4.00581624051657048,1.84661980909108836,0.50000000000000000,3.64000000000000012
0.00276912915650546,0.01469715686021926,0.05170360861146376,0.09981432404542359,-4.01464988090215691,1.81484658565602186,0.50000000000000000,3.64000000000000012
0.00277912684915920,0.01429526234905120,0.05188350476988481,0.10013925549921937,-4.02319184272166996,1.78307750117509456,0.50000000000000000,3.64000000000000012
0.00278915695416465,0.01389252816880871,0.05206022434063692,0.10046258373485928,-4.03144349213591013,1.75131528394184599,0.50000000000000000,3.64000000000000012
0.00279921931498478,0.01348898328140627,0.05223376814533462,0.10078438433017294,-4.03940621965648905,1.71956262564365558,0.50000000000000000,3.64000000000000012
0.00280931378260490,0.01308465650852344,0.05240413727292759,0.10110473215294111,-4.04708143933618114,1.68782218128510841,0.50000000000000000,3.64000000000000012
0.00281944021546118,0.01267957652929090,0.05257133307602931,0.10142370135075843,-4.05447058796590998,1.65609656912826186,0.50000000000000000,3.64000000000000012
0.00282959847936812,0.01227377187805656,0.05273535716724043,0.10174136534134033,-4.06157512427867751,1.62438837064945285,0.50000000000000000,3.64000000000000012
0.00283978844744513,0.01186727094223081,0.05289621141546878,0.10205779680326860,-4.06839652816074882,1.59270013051228121,0.50000000000000000,3.64000000000000012
0.00285001000004215,0.01146010196021035,0.05305389794224737,0.10237306766716951,-4.07493629987037753,1.56103435655640110,0.50000000000000000,3.64000000000000012
0.00286026302466442,0.01105229301937968,0.05320841911805212,0.10268724910731852,-4.08119595926435075,1.52939351980175209,0.50000000000000000,3.64000000000000012
0.00287054741589646,0.01064387205418967,0.05335977755862065,0.10300041153366520,-4.08717704503260926,1.49778005446785589,0.50000000000000000,3.64000000000000012
0.00288086307532527,0.01023486684431208,0.05350797612127391,0.10331262458427203,-4.09288111394119980,1.46619635800780612,0.50000000000000000,3.64000000000000012
0.00289120991146274,0.00982530501286950,0.05365301790124177,0.10362395711816053,-4.09830974008378490,1.43464479115657606,0.50000000000000000,3.64000000000000012
0.00290158783966744,0.00941521402473962,0.05379490622799423,0.10393447720855800,-4.10346451414194036,1.40312767799326821,0.50000000000000000,3.64000000000000012
0.00291199678206569,0.00900462118493307,0.05393364466157953,0.10424425213653822,-4.10834704265444195,1.37164730601693030,0.50000000000000000,3.64000000000000012
0.00292243666747208,0.00859355363704385,0.05406923698897044,0.10455334838504911,-4.11295894729573686,1.34020592623556078,0.50000000000000000,3.64000000000000012
0.00293290743130935,0.00818203836177142,0.05420168722042018,0.10486183163332040,-4.11730186416378885,1.30880575326792847,0.50000000000000000,3.64000000000000012
0.00294340901552773,0.00777010217551362,0.05433099958582910,0.10516976675164437,-4.12137744307746079,1.27744896545783226,0.50000000000000000,3.64000000000000012
0.00295394136852388,0.00735777172902923,0.05445717853112338,0.10547721779652236,-4.12518734688359512,1.24613770500042564,0.50000000000000000,3.64000000000000012
0.00296450444505918,0.00694507350616949,0.05458022871464702,0.10578424800616995,-4.12873325077393538,1.21487407808023518,0.50000000000000000,3.64000000000000012
0.00297509820617778,0.00653203382267728,0.05470015500356806,0.10609091979637356,-4.13201684161202909,1.18366015502050148,0.50000000000000000,3.64000000000000012
0.00298572261912411,0.00611867882505322,0.05481696247030050,0.10639729475669114,-4.13503981727022651,1.15249797044347502,0.50000000000000000,3.64000000000000012
0.00299637765726010,0.00570503448948748,0.05493065638894254,0.10670343364698963,-4.13780388597689353,1.12138952344130050,0.50000000000000000,3.64000000000000012
0.00300706329998206,0.00529112662085642,0.05504124223173262,0.10700939639431171,-4.14031076567393352,1.09033677775712623,0.50000000000000000,3.64000000000000012
0.00301777953263723,0.00487698085178291,0.05514872566552395,0.10731524209006468,-4.14256218338471349,1.05934166197607937,0.50000000000000000,3.64000000000000012
0.00302852634644011,0.00446262264175935,0.05525311254827869,0.10762102898752375,-4.14455987459246522,1.02840606972574844,0.50000000000000000,3.64000000000000012
0.00303930373838853,0.00404807727633233,0.05535440892558255,0.10792681449964252,-4.14630558262924076,0.99753185988582072,0.50000000000000000,3.64000000000000012
0.00305011171117952,0.00363336986634786,0.05545262102718090,0.10823265519716321,-4.14780105807547184,0.96672085680652464,0.50000000000000000,3.64000000000000012
0.00306095027312501,0.00321852534725609,0.05554775526353706,0.10853860680701910,-4.14904805817018829,0.93597485053553053,0.50000000000000000,3.64000000000000012
0.00307181943806737,0.00280356847847454,0.05563981822241378,0.10884472421102183,-4.15004834623193286,0.90529559705296792,0.50000000000000000,3.64000000000000012
0.00308271922529484,0.00238852384280859,0.05572881666547849,0.10915106144482620,-4.15080369109040515,0.87468481851422308,0.50000000000000000,3.64000000000000012
0.00309364965945691,0.00197341584592841,0.05581475752493336,0.10945767169716500,-4.15131586652885165,0.84414420350018249,0.50000000000000000,3.64000000000000012
0.00310461077047956,0.00155826871590097,0.05589764790017059,0.10976460730934663,-4.15158665073722499,0.81367540727459398,0.50000000000000000,3.64000000000000012
0.00311560259348052,0.00114310650277630,0.05597749505445387,0.11007191977500809,-4.15161782577610694,0.78328005204822326,0.50000000000000000,3.64000000000000012
0.00312662516868450,0.00072795307822677,0.05605430641162661,0.11037965974011611,-4.15141117705139884,0.75295972724948579,0.50000000000000000,3.64000000000000012
0.00313767854133843,0.00031283213523839,0.05612808955284741,0.11068787700320923,-4.15096849279976787,0.72271598980124097,0.50000000000000000,3.64000000000000012
0.00314876276162675,-0.00010223281214702,0.05619885221335365,0.11099662051587357,-4.15029156358483053,0.69255036440344120,0.50000000000000000,3.64000000000000012
0.00315987788458672,-0.00051721842903974,0.05626660227925354,0.11130593838344523,-4.14938218180404572,0.66246434382133157,0.50000000000000000,3.64000000000000012
0.00317102397002387,-0.00093210155986135,0.05633134778434729,0.11161587786593213,-4.14824214120629442,0.63245938917890321,0.50000000000000000,3.64000000000000012
0.00318220108242753,-0.00134685922845619,0.05639309690697786,0.11192648537914854,-4.14687323642009442,0.60253693025730881,0.50000000000000000,3.64000000000000012
0.00319340929088643,-0.00176146863815616,0.05645185796691179,0.11223780649605491,-4.14527726249241635,0.57269836579795319,0.50000000000000000,3.64000000000000012
0.00320464866900452,-0.00217590717179997,0.05650763942225058,0.11254988594829669,-4.14345601443804412,0.54294506380997787,0.50000000000000000,3.64000000000000012
0.00321591929481692,-0.00259015239170781,0.05656044986637297,0.11286276762793479,-4.14141128679942483,0.51327836188186560,0.50000000000000000,3.64000000000000012
0.00322722125070608,-0.00300418203961257,0.05661029802490867,0.11317649458936134,-4.13914487321694491,0.48369956749689497,0.50000000000000000,3.64000000000000012
0.00323855462331807,-0.00341797403654853,0.05665719275274372,0.11349110905139395,-4.13665856600956783,0.45420995835218125,0.50000000000000000,3.64000000000000012
0.00324991950347914,-0.00383150648269873,0.05670114303105801,0.11380665239954184,-4.13395415576575509,0.42481078268104655,0.50000000000000000,3.64000000000000012
0.00326131598611257,-0.00424475765720185,0.05674215796439509,0.11412316518843750,-4.13103343094459596,0.39550325957846716,0.50000000000000000,3.64000000000000012
0.00327274417015564,-0.00465770601791979,0.05678024677776476,0.11444068714442740,-4.12789817748706866,0.36628857932935210,0.50000000000000000,3.64000000000000012
0.00328420415847696,-0.00507033020116680,0.05681541881377861,0.11475925716831542,-4.12455017843733529,0.33716790373941341,0.50000000000000000,3.64000000000000012
0.00329569605779406,-0.00548260902140132,0.05684768352981868,0.11507891333825285,-4.12099121357399323,0.30814236646839327,0.50000000000000000,3.64000000000000012
0.00330721997859132,-0.00589452147088137,0.05687705049523969,0.11539969291276878,-4.11722305905117558,0.27921307336542078,0.50000000000000000,3.64000000000000012
0.00331877603503806,-0.00630604671928457,0.05690352938860475,0.11572163233393486,-4.11324748704941179,0.25038110280627518,0.50000000000000000,3.64000000000000012
0.00333036434490717,-0.00671716411329372,0.05692712999495502,0.11604476723065853,-4.10906626543614539,0.22164750603233999,0.50000000000000000,3.64000000000000012
0.00334198502949389,-0.00712785317614894,0.05694786220311326,0.11636913242209880,-4.10468115743579887,0.19301330749103685,0.50000000000000000,3.64000000000000012
0.00335363821353505,-0.00753809360716723,0.05696573600302149,0.11669476192119897,-4.10009392130928507,0.16447950517753473,0.50000000000000000,3.64000000000000012
0.00336532402512860,-0.00794786528123053,0.05698076148311292,0.11702168893833045,-4.09530631004284995,0.13604707097753549,0.50000000000000000,3.64000000000000012
0.00337704259565356,-0.00835714824824301,0.05699294882771819,0.11734994588504236,-4.09032007104613271,0.10771695101094257,0.50000000000000000,3.64000000000000012
0.00338879405969034,-0.00876592273255878,0.05700230831450596,0.11767956437791124,-4.08513694585933340,0.07949006597622563,0.50000000000000000,3.64000000000000012
0.00340057855494139,-0.00917416913238061,0.05700885031195804,0.11801057524248584,-4.07975866986936175,0.05136731149529900,0.50000000000000000,3.64000000000000012
0.00341239622215236,-0.00958186801913080,0.05701258527687901,0.11834300851732134,-4.07418697203485713,0.02334955845873818,0.50000000000000000,3.64000000000000012
0.00342424720503356,-0.00998900013679497,0.05701352375194030,0.11867689345809818,-4.06842357461994819,-0.00456234662883642,0.50000000000000000,3.64000000000000012
0.00343613165018191,-0.01039554640123968,0.05701167636325891,0.11901225854182040,-4.06247019293663669,-0.03236758130337355,0.50000000000000000,3.64000000000000012
0.00344804970700327,-0.01080148789950463,0.05700705381801061,0.11934913147108851,-4.05632853509567237,-0.06006534679616249,0.50000000000000000,3.64000000000000012
0.00346000152763523,-0.01120680588907052,0.05699966690207764,0.11968753917844195,-4.05000030176580328,-0.08765486768891609,0.50000000000000000,3.64000000000000012
0.00347198726687028,-0.01161148179710304,0.05698952647773089,0.12002750783076670,-4.04348718594126222,-0.11513539156931439,0.50000000000000000,3.64000000000000012
0.00348400708207955,-0.01201549721967425,0.05697664348134653,0.12036906283376311,-4.03679087271737025,-0.14250618868715248,0.50000000000000000,3.64000000000000012
0.00349606113313684,-0.01241883392096171,0.05696102892115695,0.12071222883646969,-4.02991303907411957,-0.16976655161123105,0.50000000000000000,3.64000000000000012
0.00350814958234321,-0.01282147383242650,0.05694269387503594,0.12105702973583814,-4.02285535366761327,-0.19691579488712341,0.50000000000000000,3.64000000000000012
0.00352027259435202,-0.01322339905197073,0.05692164948831816,0.12140348868135560,-4.01561947662922414,-0.22395325469594679,0.50000000000000000,3.64000000000000012
0.00353243033609437,-0.01362459184307531,0.05689790697165253,0.12175162807970968,-4.00820705937234667,-0.25087828851426208,0.50000000000000000,3.64000000000000012
0.00354462297670513,-0.01402503463391882,0.05687147759888968,0.12210146959949225,-4.00061974440660517,-0.27769027477522018,0.50000000000000000,3.64000000000000012
0.00355685068744928,-0.01442471001647816,0.05684237270500314,0.12245303417593791,-3.99285916515939032,-0.30438861253106897,0.50000000000000000,3.64000000000000012
0.00356911364164888,-0.01482360074561168,0.05681060368404429,0.12280634201569327,-3.98492694580458684,-0.33097272111713022,0.50000000000000000,3.64000000000000012
0.00358141201461041,-0.01522168973812557,0.05677618198713077,0.12316141260161316,-3.97682470109836661,-0.35744203981735090,0.50000000000000000,3.64000000000000012
0.00359374598355265,-0.01561896007182418,0.05673911912046824,0.12351826469758005,-3.96855403622190828,-0.38379602753152892,0.50000000000000000,3.64000000000000012
0.00360611572753502,-0.01601539498454493,0.05669942664340542,0.12387691635334303,-3.96011654663091672,-0.41003416244430901,0.50000000000000000,3.64000000000000012
0.00361852142738643,-0.01641097787317851,0.05665711616652203,0.12423738490937282,-3.95151381791180434,-0.43615594169604033,0.50000000000000000,3.64000000000000012
0.00363096326563454,-0.01680569229267504,0.05661219934974959,0.12459968700172942,-3.94274742564441105,-0.46216088105558240,0.50000000000000000,3.64000000000000012
0.00364344142643562,-0.01719952195503682,0.05656468790052491,0.12496383856693885,-3.93381893527112325,-0.48804851459514270,0.50000000000000000,3.64000000000000012
0.00365595609550484,-0.01759245072829829,0.05651459357197584,0.12532985484687595,-3.92472990197226812,-0.51381839436722465,0.50000000000000000,3.64000000000000012
0.00366850746004698,-0.01798446263549387,0.05646192816113938,0.12569775039364983,-3.91548187054764840,-0.53947009008376090,0.50000000000000000,3.64000000000000012
0.00368109570868778,-0.01837554185361421,0.05640670350721162,0.12606753907448909,-3.90607637530409280,-0.56500318879750266,0.50000000000000000,3.64000000000000012
0.00369372103140566,-0.01876567271255156,0.05634893148982953,0.12643923407662369,-3.89651493994888964,-0.59041729458573300,0.50000000000000000,3.64000000000000012
0.00370638361946395,-0.01915483969403465,0.05628862402738423,0.12681284791216049,-3.88679907748898001,-0.61571202823636673,0.50000000000000000,3.64000000000000012
0.00371908366534366,-0.01954302743055394,0.05622579307536549,0.12718839242294971,-3.87693029013578139,-0.64088702693649768,0.50000000000000000,3.64000000000000012
0.00373182136267666,-0.01993022070427749,0.05616045062473729,0.12756587878543968,-3.86691006921551583,-0.66594194396344886,0.50000000000000000,3.64000000000000012
0.00374459690617940,-0.02031640444595815,0.05609260870034416,0.12794531751551683,-3.85673989508491966,-0.69087644837837914,0.50000000000000000,3.64000000000000012
0.00375741049158708,-0.02070156373383271,0.05602227935934798,0.12832671847332883,-3.84642123705221062,-0.71569022472249588,0.50000000000000000,3.64000000000000012
0.00377026231558834,-0.02108568379251322,0.05594947468969507,0.12871009086808788,-3.83595555330318971,-0.74038297271591968,0.50000000000000000,3.64000000000000012
0.00378315257576041,-0.02146874999187130,0.05587420680861323,0.12909544326285213,-3.82534429083235761,-0.76495440695924455,0.50000000000000000,3.64000000000000012
0.00379608147050468,-0.02185074784591579,0.05579648786113853,0.12948278357928250,-3.81458888537892316,-0.78940425663783342,0.50000000000000000,3.64000000000000012
0.00380904919898286,-0.02223166301166417,0.05571633001867146,0.12987211910237292,-3.80369076136758810,-0.81373226522888675,0.50000000000000000,3.64000000000000012
0.00382205596105351,-0.02261148128800841,0.05563374547756231,0.13026345648515161,-3.79265133185398984,-0.83793819021131766,0.50000000000000000,3.64000000000000012
0.00383510195720910,-0.02299018861457545,0.05554874645772537,0.13065680175335126,-3.78147199847468451,-0.86202180277846496,0.50000000000000000,3.64000000000000012
0.00384818738851350,-0.02336777107058304,0.05546134520128174,0.13105216031004613,-3.77015415140155863,-0.88598288755367360,0.50000000000000000,3.64000000000000012
0.00386131245653992,-0.02374421487369113,0.05537155397123043,0.13144953694025391,-3.75869916930055359,-0.90982124230876738,0.50000000000000000,3.64000000000000012
0.00387447736330940,-0.02411950637884942,0.05527938505014746,0.13184893581550064,-3.74710841929459226,-0.93353667768543791,0.50000000000000000,3.64000000000000012
0.00388768231122963,-0.02449363207714134,0.05518485073891268,0.13225036049834654,-3.73538325693059914,-0.95712901691957086,0.50000000000000000,3.64000000000000012
0.00390092750303428,-0.02486657859462502,0.05508796335546404,0.13265381394687109,-3.72352502615049952,-0.98059809556852739,0.50000000000000000,3.64000000000000012
0.00391421314172281,-0.02523833269117145,0.05498873523357892,0.13305929851911566,-3.71153505926609784,-1.00394376124139728,0.50000000000000000,3.64000000000000012
0.00392753943050065,-0.02560888125930037,0.05488717872168233,0.13346681597748189,-3.69941467693772541,-1.02716587333223752,0.50000000000000000,3.64000000000000012
0.00394090657271989,-0.02597821132301427,0.05478330618168161,0.13387636749308424,-3.68716518815655148,-1.05026430275630789,0.50000000000000000,3.64000000000000012
0.00395431477182032,-0.02634631003663067,0.05467712998782742,0.13428795365005508,-3.67478789023045982,-1.07323893168931361,0.50000000000000000,3.64000000000000012
0.00396776423127099,-0.02671316468361324,0.05456866252560057,0.13470157444980102,-3.66228406877338619,-1.09608965330966157,0.50000000000000000,3.64000000000000012
0.00398125515451213,-0.02707876267540207,0.05445791619062453,0.13511722931520864,-3.64965499769801749,-1.11881637154373648,0.50000000000000000,3.64000000000000012
0.00399478774489751,-0.02744309155024325,0.05434490338760320,0.13553491709479859,-3.63690193921175720,-1.14141900081420000,0.50000000000000000,3.64000000000000012
0.00400836220563717,-0.02780613897201829,0.05422963652928382,0.13595463606682651,-3.62402614381585675,-1.16389746579131548,0.50000000000000000,3.64000000000000012
0.00402197873974068,-0.02816789272907361,0.05411212803544443,0.13637638394332943,-3.61102885030762355,-1.18625170114729750,0.50000000000000000,3.64000000000000012
0.00403563754996064,-0.02852834073305037,0.05399239033190589,0.13680015787411662,-3.59791128578560571,-1.20848165131368446,0.50000000000000000,3.64000000000000012
0.00404933883873668,-0.02888747101771496,0.05387043584956796,0.13722595445070326,-3.58467466565766868,-1.23058727024173131,0.50000000000000000,3.64000000000000012
0.00406308280813986,-0.02924527173779047,0.05374627702346911,0.13765376971018634,-3.57132019365186970,-1.25256852116581796,0.50000000000000000,3.64000000000000012
0.00407686965981735,-0.02960173116778936,0.05361992629187001,0.13808359913906110,-3.55784906183004423,-1.27442537636986541,0.50000000000000000,3.64000000000000012
0.00409069959493762,-0.02995683770084763,0.05349139609536004,0.13851543767697735,-3.54426245060401524,-1.29615781695675381,0.50000000000000000,3.64000000000000012
0.00410457281413592,-0.03031057984756073,0.05336069887598686,0.13894927972043442,-3.53056152875434304,-1.31776583262073066,0.50000000000000000,3.64000000000000012
0.00411848951746011,-0.03066294623482147,0.05322784707640851,0.13938511912641377,-3.51674745345153150,-1.33924942142280168,0.50000000000000000,3.64000000000000012
0.00413244990431696,-0.03101392560466019,0.05309285313906783,0.13982294921594843,-3.50282137027960605,-1.36060858956908937,0.50000000000000000,3.64000000000000012
0.00414645417341868,-0.03136350681308737,0.05295572950538893,0.14026276277762820,-3.48878441326198940,-1.38184335119214796,0.50000000000000000,3.64000000000000012
0.00416050252272986,-0.03171167882893898,0.05281648861499533,0.14070455207103977,-3.47463770488958845,-1.40295372813522046,0.50000000000000000,3.64000000000000012
0.00417459514941472,-0.03205843073272469,0.05267514290494958,0.14114830883014107,-3.46038235615102252,-1.42393974973942106,0.50000000000000000,3.64000000000000012
0.00418873224978477,-0.03240375171547924,0.05253170480901397,0.14159402426656872,-3.44601946656491398,-1.44480145263382864,0.50000000000000000,3.64000000000000012
0.00420291401924667,-0.03274763107761719,0.05238618675693214,0.14204168907287815,-3.43155012421416572,-1.46553888052847081,0.50000000000000000,3.64000000000000012
0.00421714065225053,-0.03309005822779108,0.05223860117373118,0.14249129342571532,-3.41697540578215886,-1.48615208401018406,0.50000000000000000,3.64000000000000012
0.00423141234223846,-0.03343102268175338,0.05208896047904406,0.14294282698891969,-3.40229637659079298,-1.50664112034132636,0.50000000000000000,3.64000000000000012
0.00424572928159343,-0.03377051406122236,0.05193727708645204,0.14339627891655740,-3.38751409064030318,-1.52700605326132477,0.50000000000000000,3.64000000000000012
0.00426009166158846,-0.03410852209275193,0.05178356340284672,0.14385163785588417,-3.37262959065078816,-1.54724695279103663,0.50000000000000000,3.64000000000000012
0.00427449967233608,-0.03444503660660581,0.05162783182781159,0.14430889195023727,-3.35764390810537838,-1.56736389503990137,0.50000000000000000,3.64000000000000012
0.00428895350273806,-0.03478004753563602,0.05147009475302271,0.14476802884185605,-3.34255806329498162,-1.58735696201586118,0.50000000000000000,3.64000000000000012
0.00430345334043546,-0.03511354491416600,0.05131036456166824,0.14522903567463014,-3.32737306536454369,-1.60722624143802650,0.50000000000000000,3.64000000000000012
0.00431799937175893,-0.03544551887687836,0.05114865362788657,0.14569189909677518,-3.31208991236076233,-1.62697182655206340,0.50000000000000000,3.64000000000000012
0.00433259178167926,-0.03577595965770751,0.05098497431622278,0.14615660526343527,-3.29670959128118923,-1.64659381594827714,0.50000000000000000,3.64000000000000012
0.00434723075375822,-0.03610485758873726,0.05081933898110317,0.14662313983921155,-3.28123307812466924,-1.66609231338236707,0.50000000000000000,3.64000000000000012
0.00436191647009959,-0.03643220309910352,0.05065175996632758,0.14709148800061672,-3.26566133794305102,-1.68546742759882751,0.50000000000000000,3.64000000000000012
0.00437664911130052,-0.03675798671390222,0.05048224960457921,0.14756163443845485,-3.24999532489411802,-1.70471927215696706,0.50000000000000000,3.64000000000000012
0.00439142885640304,-0.03708219905310262,0.05031082021695173,0.14803356336012594,-3.23423598229568254,-1.72384796525952111,0.50000000000000000,3.64000000000000012
0.00440625588284585,-0.03740483083046607,0.05013748411249345,0.14850725849185487,-3.21838424268079182,-1.74285362958382928,0.50000000000000000,3.64000000000000012
0.00442113036641629,-0.03772587285247032,0.04996225358776810,0.14898270308084446,-3.20244102785398832,-1.76173639211554933,0.50000000000000000,3.64000000000000012
0.00443605248120257,-0.03804531601723952,0.04978514092643231,0.14945987989735199,-3.18640724894858174,-1.78049638398488219,0.50000000000000000,3.64000000000000012
0.00445102239954616,-0.03836315131348002,0.04960615839882917,0.14993877123668892,-3.17028380648487396,-1.79913374030527629,0.50000000000000000,3.64000000000000012
0.00446604029199438,-0.03867936981942204,0.04942531826159789,0.15041935892114339,-3.15407159042929708,-1.81764860001458506,0.50000000000000000,3.64000000000000012
0.00448110632725323,-0.03899396270176718,0.04924263275729920,0.15090162430182519,-3.13777148025440900,-1.83604110571864654,0.81999999999999995,1.76000000000000001
0.00449614368454019,-0.03930703092323749,0.04905805819440609,0.14984572851964656,-3.12357846069136036,-1.85542978980103523,0.81999999999999995,1.76000000000000001
0.00451107551512232,-0.03961867550950360,0.04887155087067301,0.14879109770096938,-3.10929890908589490,-1.87469633393035817,0.81999999999999995,1.76000000000000001
0.00452590194773571,-0.03992888784713294,0.04868312299666165,0.14773777655088149,-3.09493361984270621,-1.89384080687878487,0.81999999999999995,1.76000000000000001
0.00454062311556007,-0.04023765940182605,0.04849278677602711,0.14668580923710459,-3.08048338123239995,-1.91286327800039246,0.81999999999999995,1.76000000000000001
0.00455523915616524,-0.04054498171780719,0.04830055440546126,0.14563523939569839,-3.06594897547173684,-1.93176381720051826,0.81999999999999995,1.76000000000000001
0.00456975021145832,-0.04085084641722288,0.04810643807463916,0.14458611013667108,-3.05133117880278082,-1.95054249490595932,0.81999999999999995,1.76000000000000001
0.00458415642763134,-0.04115524519954837,0.04791044996616828,0.14353846404949691,-3.03663076157096512,-1.96919938203599942,0.81999999999999995,1.76000000000000001
0.00459845795510946,-0.04145816984100185,0.04771260225554073,0.14249234320854309,-3.02184848830209241,-1.98773454997424004,0.81999999999999995,1.76000000000000001
0.00461265494849977,-0.04175961219396628,0.04751290711108821,0.14144778917840678,-3.00698511777828426,-2.00614807054121380,0.81999999999999995,1.76000000000000001
0.00462674756654054,-0.04205956418641874,0.04731137669393960,0.14040484301916414,-2.99204140311288969,-2.02444001596775980,0.81999999999999995,1.76000000000000001
0.00464073597205102,-0.04235801782136734,0.04710802315798128,0.13936354529153244,-2.97701809182437183,-2.04261045886914250,0.81999999999999995,1.76000000000000001
0.00465462033188180,-0.04265496517629529,0.04690285864981993,0.13832393606194671,-2.96191592590918429,-2.06065947221988788,0.81999999999999995,1.76000000000000001
0.00466840081686561,-0.04295039840261237,0.04669589530874784,0.13728605490755241,-2.94673564191365012,-2.07858712932932610,0.81999999999999995,1.76000000000000001
0.00468207760176861,-0.04324430972511342,0.04648714526671062,0.13624994092111534,-2.93147797100486063,-2.09639350381781453,0.81999999999999995,1.76000000000000001
0.00469565086524223,-0.04353669144144397,0.04627662064827725,0.13521563271584994,-2.91614363904060259,-2.11407866959362511,0.81999999999999995,1.76000000000000001
0.00470912078977545,-0.04382753592157274,0.04606433357061243,0.13418316843016762,-2.90073336663833103,-2.13164270083048057,0.81999999999999995,1.76000000000000001
0.00472248756164755,-0.04411683560727098,0.04585029614345113,0.13315258573234609,-2.88524786924319843,-2.14908567194571720,0.81999999999999995,1.76000000000000001
0.00473575137088130,-0.04440458301159869,0.04563452046907530,0.13212392182512098,-2.86968785719515651,-2.16640765757906051,0.81999999999999995,1.76000000000000001
0.00474891241119667,-0.04469077071839734,0.04541701864229264,0.13109721345020106,-2.85405403579513939,-2.18360873257199373,0.81999999999999995,1.76000000000000001
0.00476197087996494,-0.04497539138178926,0.04519780275041747,0.13007249689270831,-2.83834710537034329,-2.20068897194770718,0.81999999999999995,1.76000000000000001
0.00477492697816325,-0.04525843772568353,0.04497688487325351,0.12904980798554369,-2.82256776133861775,-2.21764845089160900,0.81999999999999995,1.76000000000000001
0.00478778091032958,-0.04553990254328815,0.04475427708307862,0.12802918211368028,-2.80671669427197390,-2.23448724473238158,0.81999999999999995,1.76000000000000001
0.00480053288451822,-0.04581977869662869,0.04452999144463141,0.12701065421838445,-2.79079458995923124,-2.25120542892357101,0.81999999999999995,1.76000000000000001
0.00481318311225556,-0.04609805911607300,0.04430404001509963,0.12599425880136658,-2.77480212946780691,-2.26780307902569245,0.81999999999999995,1.76000000000000001
0.00482573180849633,-0.04637473679986214,0.04407643484411036,0.12498002992886210,-2.75873998920466557,-2.28428027068883743,0.81999999999999995,1.76000000000000001
0.00483817919158033,-0.04664980481364736,0.04384718797372188,0.12396800123564419,-2.74260884097643842,-2.30063707963576913,0.81999999999999995,1.76000000000000001
0.00485052548318937,-0.04692325629003303,0.04361631143841727,0.12295820592896908,-2.72640935204872381,-2.31687358164549195,0.81999999999999995,1.76000000000000001
0.00486277090830481,-0.04719508442812546,0.04338381726509955,0.12195067679245504,-2.71014218520458394,-2.33298985253728119,0.81999999999999995,1.76000000000000001
0.00487491569516534,-0.04746528249308755,0.04314971747308848,0.12094544618989610,-2.69380799880224364,-2.34898596815516081,0.81999999999999995,1.76000000000000001
0.00488696007522520,-0.04773384381569918,0.04291402407411875,0.11994254606901150,-2.67740744683200926,-2.36486200435281502,0.81999999999999995,1.76000000000000001
0.00489890428311273,-0.04800076179192317,0.04267674907233988,0.11894200796513191,-2.66094117897241356,-2.38061803697892227,0.81999999999999995,1.76000000000000001
0.00491074855658936,-0.04826602988247693,0.04243790446431731,0.11794386300482328,-2.64440984064560070,-2.39625414186289865,0.81999999999999995,1.76000000000000001
0.00492249313650888,-0.04852964161240957,0.04219750223903512,0.11694814190944952,-2.62781407307196213,-2.41177039480103872,0.81999999999999995,1.76000000000000001
0.00493413826677709,-0.04879159057068434,0.04195555437789996,0.11595487499867474,-2.61115451332403259,-2.42716687154304278,0.81999999999999995,1.76000000000000001
0.00494568419431184,-0.04905187040976663,0.04171207285474639,0.11496409219390602,-2.59443179437965910,-2.44244364777891843,0.81999999999999995,1.76000000000000001
0.00495713116900331,-0.04931047484521705,0.04146706963584348,0.11397582302167782,-2.57764654517445413,-2.45760079912624718,0.81999999999999995,1.76000000000000001
0.00496847944367478,-0.04956739765528980,0.04122055667990271,0.11299009661697865,-2.56079939065354001,-2.47263840111779976,0.81999999999999995,1.76000000000000001
0.00497972927404354,-0.04982263268053622,0.04097254593808699,0.11200694172652113,-2.54389095182259739,-2.48755652918949854,0.81999999999999995,1.76000000000000001
0.00499088091868230,-0.05007617382341333,0.04072304935402098,0.11102638671195619,-2.52692184579823076,-2.50235525866870701,0.81999999999999995,1.76000000000000001
0.00500193463898081,-0.05032801504789743,0.04047207886380253,0.11004845955303222,-2.50989268585765446,-2.51703466476284454,0.81999999999999995,1.76000000000000001
0.00501289069910781,-0.05057815037910265,0.04021964639601518,0.10907318785070021,-2.49280408148771615,-2.53159482254830914,0.81999999999999995,1.76000000000000001
0.00502374936597336,-0.05082657390290426,0.03996576387174183,0.10810059883016548,-2.47565663843326345,-2.54603580695970599,0.81999999999999995,1.76000000000000001
0.00503451090919134,-0.05107327976556693,0.03971044320457948,0.10713071934388706,-2.45845095874486530,-2.56035769277936476,0.81999999999999995,1.76000000000000001
0.00504517560104239,-0.05131826217337764,0.03945369630065489,0.10616357587452518,-2.44118764082589745,-2.57456055462714417,0.81999999999999995,1.76000000000000001
0.00505574371643703,-0.05156151539228326,0.03919553505864142,0.10519919453783812,-2.42386727947900127,-2.58864446695050798,0.81999999999999995,1.76000000000000001
0.00506621553287913,-0.05180303374753285,0.03893597136977667,0.10423760108552869,-2.40649046595192617,-2.60260950401486735,0.81999999999999995,1.76000000000000001
0.00507659133042966,-0.05204281162332433,0.03867501711788122,0.10327882090804159,-2.38905778798276414,-2.61645573989418212,0.81999999999999995,1.76000000000000001
0.00508687139167066,-0.05228084346245585,0.03841268417937818,0.10232287903731194,-2.37156982984458686,-2.63018324846180862,0.81999999999999995,1.76000000000000001
0.00509705600166957,-0.05251712376598144,0.03814898442331376,0.10136980014946609,-2.35402717238949322,-2.64379210338158854,0.81999999999999995,1.76000000000000001
0.00510714544794377,-0.05275164709287109,0.03788392971137859,0.10041960856747523,-2.33643039309207756,-2.65728237809917234,0.81999999999999995,1.76000000000000001
0.00511714002042537,-0.05298440805967519,0.03761753189793004,0.09947232826376254,-2.31878006609232745,-2.67065414583356420,0.81999999999999995,1.76000000000000001
0.00512704001142631,-0.05321540134019315,0.03734980283001521,0.09852798286276465,-2.30107676223795732,-2.68390747956888820,0.81999999999999995,1.76000000000000001
0.00513684571560368,-0.05344462166514629,0.03708075434739491,0.09758659564344799,-2.28332104912619105,-2.69704245204636095,0.81999999999999995,1.76000000000000001
0.00514655742992529,-0.05367206382185483,0.03681039828256825,0.09664818954178077,-2.26551349114499923,-2.71005913575646895,0.81999999999999995,1.76000000000000001
0.00515617545363550,-0.05389772265391905,0.03653874646079821,0.09571278715316127,-2.24765464951380078,-2.72295760293134137,0.81999999999999995,1.76000000000000001
0.00516570008822129,-0.05412159306090438,0.03626581070013773,0.09478041073480305,-2.22974508232363533,-2.73573792553730977,0.81999999999999995,1.76000000000000001
0.00517513163737855,-0.05434366999803064,0.03599160281145673,0.09385108220807768,-2.21178534457681808,-2.74840017526765301,0.81999999999999995,1.76000000000000001
0.00518447040697859,-0.05456394847586504,0.03571613459846976,0.09292482316081577,-2.19377598822608411,-2.76094442353551450,0.81999999999999995,1.76000000000000001
0.00519371670503495,-0.05478242356001922,0.03543941785776434,0.09200165484956670,-2.17571756221322721,-2.77337074146698948,0.81999999999999995,1.76000000000000001
0.00520287084167033,-0.05499909037085002,0.03516146437883001,0.09108159820181787,-2.15761061250724673,-2.78567919989437573,0.81999999999999995,1.76000000000000001
0.00521193312908382,-0.05521394408316413,0.03488228594408806,0.09016467381817389,-2.13945568214200676,-2.79786986934958071,0.81999999999999995,1.76000000000000001
0.00522090388151833,-0.05542697992592642,0.03460189432892188,0.08925090197449644,-2.12125331125341532,-2.80994282005767770,0.81999999999999995,1.76000000000000001
0.00522978341522820,-0.05563819318197197,0.03432030130170793,0.08834030262400522,-2.10300403711613493,-2.82189812193060874,0.81999999999999995,1.76000000000000001
0.00523857204844703,-0.05584757918772180,0.03403751862384743,0.08743289539934074,-2.08470839417982656,-2.83373584456102545,0.81999999999999995,1.76000000000000001
0.00524727010135577,-0.05605513333290212,0.03375355804979850,0.08652869961458932,-2.06636691410494056,-2.84545605721626460,0.81999999999999995,1.76000000000000001
0.00525587789605091,-0.05626085106026720,0.03346843132710909,0.08562773426727099,-2.04798012579805810,-2.85705882883244966,0.81999999999999995,1.76000000000000001
0.00526439575651295,-0.05646472786532573,0.03318215019645031,0.08473001804029069,-2.02954855544679269,-2.86854422800871678,0.81999999999999995,1.76000000000000001
0.00527282400857503,-0.05666675929607067,0.03289472639165044,0.08383556930385343,-2.01107272655425628,-2.87991232300155842,0.81999999999999995,1.76000000000000001
0.00528116297989176,-0.05686694095271246,0.03260617163972949,0.08294440611734381,-1.99255315997310190,-2.89116318171927800,0.81999999999999995,1.76000000000000001
0.00528941299990822,-0.05706526848741569,0.03231649766093428,0.08205654623117055,-1.97399037393914534,-2.90229687171655426,0.81999999999999995,1.76000000000000001
0.00529757439982916,-0.05726173760403910,0.03202571616877404,0.08117200708857626,-1.95538488410457600,-2.91331346018910597,0.81999999999999995,1.76000000000000001
0.00530564751258837,-0.05745634405787882,0.03173383887005661,0.08029080582741331,-1.93673720357076218,-2.92421301396845701,0.81999999999999995,1.76000000000000001
0.00531363267281822,-0.05764908365541491,0.03144087746492510,0.07941295928188591,-1.91804784292065955,-2.93499559951679334,0.81999999999999995,1.76000000000000001
0.00532153021681939,-0.05783995225406116,0.03114684364689510,0.07853848398425912,-1.89931731025082762,-2.94566128292190932,0.81999999999999995,1.76000000000000001
0.00532934048253079,-0.05802894576191802,0.03085174910289230,0.07766739616653520,-1.88054611120306259,-2.95621012989223875,0.81999999999999995,1.76000000000000001
0.00533706380949953,-0.05821606013752868,0.03055560551329077,0.07679971176209760,-1.86173474899565305,-2.96664220575196680,0.81999999999999995,1.76000000000000001
0.00534470053885125,-0.05840129138963825,0.03025842455195154,0.07593544640732325,-1.84288372445426396,-2.97695757543621609,0.81999999999999995,1.76000000000000001
0.00535225101326041,-0.05858463557695609,0.02996021788626180,0.07507461544316346,-1.82399353604245751,-2.98715630348630690,0.81999999999999995,1.76000000000000001
0.00535971557692087,-0.05876608880792104,0.02966099717717447,0.07421723391669389,-1.80506467989185548,-2.99723845404508449,0.81999999999999995,1.76000000000000001
0.00536709457551655,-0.05894564724046975,0.02936077407924833,0.07336331658263399,-1.78609764983195074,-3.00720409085231033,0.81999999999999995,1.76000000000000001
0.00537438835619233,-0.05912330708180796,0.02905956024068850,0.07251287790483631,-1.76709293741957407,-3.01705327724011463,0.81999999999999995,1.76000000000000001
0.00538159726752494,-0.05929906458818465,0.02875736730338747,0.07166593205774613,-1.74805103196802203,-3.02678607612850392,0.81999999999999995,1.76000000000000001
0.00538872165949418,-0.05947291606466917,0.02845420690296652,0.07082249292783185,-1.72897242057585276,-3.03640255002092330,0.81999999999999995,1.76000000000000001
0.00539576188345414,-0.05964485786493118,0.02815009066881761,0.06998257411498632,-1.70985758815535571,-3.04590276099986657,0.81999999999999995,1.76000000000000001
0.00540271829210464,-0.05981488639102343,0.02784503022414565,0.06914618893389972,-1.69070701746070062,-3.05528677072253396,0.81999999999999995,1.76000000000000001
0.00540959123946274,-0.05998299809316732,0.02753903718601129,0.06831335041540425,-1.67152118911577419,-3.06455464041653158,0.81999999999999995,1.76000000000000001
0.00541638108083449,-0.06014918946954129,0.02723212316537408,0.06748407130779099,-1.65230058164170646,-3.07370643087560991,0.81999999999999995,1.76000000000000001
0.00542308817278664,-0.06031345706607191,0.02692429976713607,0.06665836407809940,-1.63304567148409729,-3.08274220245543917,0.81999999999999995,1.76000000000000001
0.00542971287311868,-0.06047579747622760,0.02661557859018579,0.06583624091337957,-1.61375693303994505,-3.09166201506941718,0.81999999999999995,1.76000000000000001
0.00543625554083483,-0.06063620734081523,0.02630597122744276,0.06501771372192784,-1.59443483868428570,-3.10046592818450772,0.81999999999999995,1.76000000000000001
0.00544271653611627,-0.06079468334777913,0.02599548926590226,0.06420279413449601,-1.57507985879654733,-3.10915400081710525,0.81999999999999995,1.76000000000000001
0.00544909622029342,-0.06095122223200290,0.02568414428668066,0.06339149350547431,-1.55569246178662501,-3.11772629152892344,0.81999999999999995,1.76000000000000001
0.00545539495581837,-0.06110582077511369,0.02537194786506105,0.06258382291404883,-1.53627311412068313,-3.12618285842290566,0.81999999999999995,1.76000000000000001
0.00546161310623740,-0.06125847580528921,0.02505891157053932,0.06177979316533333,-1.51682228034668887,-3.13452375913915349,0.81999999999999995,1.76000000000000001
0.00546775103616368,-0.06140918419706706,0.02474504696687069,0.06097941479147593,-1.49734042311968452,-3.14274905085086997,0.81999999999999995,1.76000000000000001
0.00547380911124995,-0.06155794287115676,0.02443036561211656,0.06018269805274105,-1.47782800322680319,-3.15085879026031801,0.81999999999999995,1.76000000000000001
0.00547978769816146,-0.06170474879425419,0.02411487905869181,0.05938965293856675,-1.45828547961203170,-3.15885303359478753,0.81999999999999995,1.76000000000000001
0.00548568716454889,-0.06184959897885847,0.02379859885341251,0.05860028916859780,-1.43871330940072895,-3.16673183660257074,0.81999999999999995,1.76000000000000001
0.00549150787902144,-0.06199249048309134,0.02348153653754404,0.05781461619369480,-1.41911194792390294,-3.17449525454894266,0.81999999999999995,1.76000000000000001
0.00549725021111999,-0.06213342041051896,0.02316370364684954,0.05703264319691971,-1.39948184874225245,-3.18214334221214568,0.81999999999999995,1.76000000000000001
0.00550291453129039,-0.06227238590997600,0.02284511171163886,0.05625437909449776,-1.37982346366997866,-3.18967615387937453,0.81999999999999995,1.76000000000000001
0.00550850121085681,-0.06240938417539222,0.02252577225681785,0.05547983253675640,-1.36013724279837223,-3.19709374334275864,0.81999999999999995,1.76000000000000001
0.00551401062199517,-0.06254441244562134,0.02220569680193806,0.05470901190904126,-1.34042363451917956,-3.20439616389534176,0.81999999999999995,1.76000000000000001
0.00551944313770675,-0.06267746800427225,0.02188489686124688,0.05394192533260948,-1.32068308554775449,-3.21158346832705499,0.81999999999999995,1.76000000000000001
0.00552479913179177,-0.06280854817954250,0.02156338394373800,0.05317858066550069,-1.30091604094600144,-3.21865570892068176,0.81999999999999995,1.76000000000000001
0.00553007897882312,-0.06293765034405412,0.02124116955320237,0.05241898550338579,-1.28112294414511219,-3.22561293744781308,0.81999999999999995,1.76000000000000001
0.00553528305412019,-0.06306477191469165,0.02091826518827953,0.05166314718039390,-1.26130423696810356,-3.23245520516478990,0.81999999999999995,1.76000000000000001
0.00554041173372272,-0.06318991035244245,0.02059468234250928,0.05091107276991749,-1.24146035965216051,-3.23918256280863126,0.81999999999999995,1.76000000000000001
0.00554546539436480,-0.06331306316223925,0.02027043250438389,0.05016276908539621,-1.22159175087078875,-3.24579506059294731,0.81999999999999995,1.76000000000000001
0.00555044441344891,-0.06343422789280485,0.01994552715740058,0.04941824268107937,-1.20169884775578240,-3.25229274820383374,0.81999999999999995,1.76000000000000001
0.00555534916902000,-0.06355340213649907,0.01961997778011453,0.04867749985276747,-1.18178208591901113,-3.25867567479574438,0.81999999999999995,1.76000000000000001
0.00556018003973971,-0.06367058352916780,0.01929379584619223,0.04794054663853287,-1.16184189947403205,-3.26494388898734655,0.81999999999999995,1.76000000000000001
0.00556493740486065,-0.06378576974999425,0.01896699282446524,0.04720738881941991,-1.14187872105753008,-3.27109743885734883,0.81999999999999995,1.76000000000000001
0.00556962164420070,-0.06389895852135240,0.01863958017898445,0.04647803192012453,-1.12189298185059227,-3.27713637194030571,0.81999999999999995,1.76000000000000001
0.00557423313811742,-0.06401014760866237,0.01831156936907467,0.04575248120965376,-1.10188511159982139,-3.28306073522239528,0.81999999999999995,1.76000000000000001
0.00557877226748251,-0.06411933482024815,0.01798297184938968,0.04503074170196516,-1.08185553863829087,-3.28887057513716874,0.81999999999999995,1.76000000000000001
0.00558323941365634,-0.06422651800719718,0.01765379906996773,0.04431281815658635,-1.06180468990634891,-3.29456593756127036,0.81999999999999995,1.76000000000000001
0.00558763495846255,-0.06433169506322220,0.01732406247628741,0.04359871507921500,-1.04173299097227412,-3.30014686781012356,0.81999999999999995,1.76000000000000001
0.00559195928416266,-0.06443486392452499,0.01699377350932403,0.04288843672229919,-1.02164086605278759,-3.30561341063358816,0.81999999999999995,1.76000000000000001
0.00559621277343081,-0.06453602256966232,0.01666294360560636,0.04218198708559857,-1.00152873803342679,-3.31096561021157942,0.81999999999999995,1.76000000000000001
0.00560039580932850,-0.06463516901941374,0.01633158419727386,0.04147936991672625,-0.98139702848878418,-3.31620351014965298,0.81999999999999995,1.76000000000000001
0.00560450877527941,-0.06473230133665162,0.01599970671213435,0.04078058871167174,-0.96124615770261679,-3.32132715347455365,0.81999999999999995,1.76000000000000001
0.00560855205504425,-0.06482741762621293,0.01566732257372210,0.04008564671530508,-0.94107654468782953,-3.32633658262972309,0.81999999999999995,1.76000000000000001
0.00561252603269570,-0.06492051603477325,0.01533444320135637,0.03939454692186219,-0.92088860720633769,-3.33123183947077006,0.81999999999999995,1.76000000000000001
0.00561643109259332,-0.06501159475072264,0.01500108001020046,0.03870729207541172,-0.90068276178881235,-3.33601296526089719,0.81999999999999995,1.76000000000000001
0.00562026761935862,-0.06510065200404345,0.01466724441132117,0.03802388467030343,-0.88045942375431352,-3.34068000066628823,0.81999999999999995,1.76000000000000001
0.00562403599785007,-0.06518768606619019,0.01433294781174871,0.03734432695159842,-0.86021900722981459,-3.34523298575144912,0.81999999999999995,1.76000000000000001
0.00562773661313817,-0.06527269524997126,0.01399820161453712,0.03666862091548102,-0.83996192516962342,-3.34967195997450551,0.81999999999999995,1.76000000000000001
0.00563136985048065,-0.06535567790943267,0.01366301721882514,0.03599676830965282,-0.81968858937470290,-3.35399696218245458,0.81999999999999995,1.76000000000000001
0.00563493609529757,-0.06543663243974367,0.01332740601989759,0.03532877063370875,-0.79939941051189700,-3.35820803060636930,0.81999999999999995,1.76000000000000001
0.00563843573314659,-0.06551555727708427,0.01299137940924716,0.03466462913949530,-0.77909479813306437,-3.36230520285655476,0.81999999999999995,1.76000000000000001
0.00564186914969816,-0.06559245089853473,0.01265494877463675,0.03400434483145123,-0.75877516069412576,-3.36628851591765521,0.81999999999999995,1.76000000000000001
0.00564523673071082,-0.06566731182196686,0.01231812550016229,0.03334791846693056,-0.73844090557402775,-3.37015800614371130,0.81999999999999995,1.76000000000000001
0.00564853886200650,-0.06574013860593735,0.01198092096631605,0.03269535055650822,-0.71809243909362830,-3.37391370925316592,0.81999999999999995,1.76000000000000001
0.00565177592944588,-0.06581092984958280,0.01164334655005045,0.03204664136426827,-0.69773016653450681,-3.37755566032381749,0.81999999999999995,1.76000000000000001
0.00565494831890371,-0.06587968419251684,0.01130541362484234,0.03140179090807491,-0.67735449215770427,-3.38108389378772056,0.81999999999999995,1.76000000000000001
0.00565805641624425,-0.06594640031472894,0.01096713356075791,0.03076079895982631,-0.65696581922239639,-3.38449844342603345,0.81999999999999995,1.76000000000000001
0.00566110060729664,-0.06601107693648514,0.01062851772451798,0.03012366504569133,-0.63656455000450463,-3.38779934236380820,0.81999999999999995,1.76000000000000001
0.00566408127783037,-0.06607371281823071,0.01028957747956387,0.02949038844632931,-0.61615108581524847,-3.39098662306472765,0.81999999999999995,1.76000000000000001
0.00566699881353074,-0.06613430676049457,0.00995032418612385,0.02886096819709288,-0.59572582701964338,-3.39406031732578528,0.81999999999999995,1.76000000000000001
0.00566985359997430,-0.06619285760379562,0.00961076920128003,0.02823540308821398,-0.57528917305494864,-3.39702045627190552,0.81999999999999995,1.76000000000000001
0.00567264602260440,-0.06624936422855082,0.00927092387903587,0.02761369166497308,-0.55484152244906870,-3.39986707035050895,0.81999999999999995,1.76000000000000001
0.00567537646670667,-0.06630382555498528,0.00893079957038418,0.02699583222785171,-0.53438327283891218,-3.40260018932601627,0.81999999999999995,1.76000000000000001
0.00567804531738454,-0.06635624054304395,0.00859040762337571,0.02638182283266836,-0.51391482098871244,-3.40521984227429408,0.81999999999999995,1.76000000000000001
0.00568065295953482,-0.06640660819230539,0.00824975938318831,0.02577166129069782,-0.49343656280831405,-3.40772605757703984,0.81999999999999995,1.76000000000000001
0.00568319977782319,-0.06645492754189712,0.00790886619219656,0.02516534516877394,-0.47294889337142848,-3.41011886291610411,0.81999999999999995,1.76000000000000001
0.00568568615665983,-0.06650119767041306,0.00756773939004213,0.02456287178937598,-0.45245220693386368,-3.41239828526775391,0.81999999999999995,1.76000000000000001
0.00568811248017494,-0.06654541769583250,0.00722639031370456,0.02396423823069855,-0.43194689695173105,-3.41456435089687149,0.81999999999999995,1.76000000000000001
0.00569047913219431,-0.06658758677544117,0.00688483029757271,0.02336944132670508,-0.41143335609963372,-3.41661708535109154,0.81999999999999995,1.76000000000000001
0.00569278649621494,-0.06662770410575393,0.00654307067351680,0.02277847766716510,-0.39091197628884033,-3.41855651345487299,0.81999999999999995,1.76000000000000001
0.00569503495538060,-0.06666576892243933,0.00620112277096102,0.02219134359767507,-0.37038314868544836,-3.42038265930350827,0.81999999999999995,1.76000000000000001
0.00569722489245738,-0.06670178050024607,0.00585899791695671,0.02160803521966307,-0.34984726372854025,-3.42209554625706680,0.81999999999999995,1.76000000000000001
0.00569935668980934,-0.06673573815293111,0.00551670743625625,0.02102854839037716,-0.32930471114833698,-3.42369519693427415,0.81999999999999995,1.76000000000000001
0.00570143072937404,-0.06676764123318980,0.00517426265138746,0.02045287872285761,-0.30875587998435272,-3.42518163320632407,0.81999999999999995,1.76000000000000001
0.00570344739263813,-0.06679748913258764,0.00483167488272866,0.01988102158589285,-0.28820115860355450,-3.42655487619062527,0.81999999999999995,1.76000000000000001
0.00570540706061292,-0.06682528128149394,0.00448895544858443,0.01931297210395937,-0.26764093471853057,-3.42781494624448024,0.81999999999999995,1.76000000000000001
0.00570731011380996,-0.06685101714901734,0.00414611566526183,0.01874872515714530,-0.24707559540567189,-3.42896186295869843,0.81999999999999995,1.76000000000000001
0.00570915693221657,-0.06687469624294304,0.00380316684714748,0.01818827538105804,-0.22650552712337027,-3.42999564515113997,0.81999999999999995,1.76000000000000001
0.00571094789527143,-0.06689631810967195,0.00346012030678511,0.01763161716671558,-0.20593111573023704,-3.43091631086019300,0.81999999999999995,1.76000000000000001
0.00571268338184006,-0.06691588233416161,0.00311698735495387,0.01707874466042179,-0.18535274650334643,-3.43172387733817974,0.81999999999999995,1.76000000000000001
0.00571436377019037,-0.06693338853986895,0.00277377930074724,0.01652965176362550,-0.16477080415650752,-3.43241836104469789,0.81999999999999995,1.76000000000000001
0.00571598943796819,-0.06694883638869489,0.00243050745165267,0.01598433213276356,-0.14418567285856840,-3.43299977763988773,0.81999999999999995,1.76000000000000001
0.00571756076217271,-0.06696222558093075,0.00208718311363187,0.01544277917908760,-0.12359773625175684,-3.43346814197763317,0.81999999999999995,1.76000000000000001
0.00571907811913199,-0.06697355585520648,0.00174381759120173,0.01490498606847475,-0.10300737747006117,-3.43382346809869210,0.81999999999999995,1.76000000000000001
0.00572054188447840,-0.06698282698844081,0.00140042218751601,0.01437094572122215,-0.08241497915765542,-3.43406576922375528,0.81999999999999995,1.76000000000000001
0.00572195243312405,-0.06699003879579317,0.00105700820444772,0.01384065081182528,-0.06182092348737260,-3.43419505774643508,0.81999999999999995,1.76000000000000001
0.00572331013923620,-0.06699519113061747,0.00071358694267215,0.01331409376874005,-0.04122559217923011,-3.43421134522618487,0.81999999999999995,1.76000000000000001
0.00572461537621264,-0.06699828388441775,0.00037016970175063,0.01279126677412872,-0.02062936651901116,-3.43411464238114439,0.81999999999999995,1.76000000000000001
0.00572586851665705,-0.06699931698680570,0.00002676778021507,0.01227216176358948,-0.00003262737690632,-3.43390495908091697,0.81999999999999995,1.76000000000000001
0.00572706993235435,-0.06699829040546001,-0.00031660752434688,0.01175677042586981,0.02056424477378092,-3.43358230433927236,0.81999999999999995,1.76000000000000001
0.00572821999424594,-0.06699520414608769,-0.00065994491520581,0.01124508420256343,0.04116086983786062,-3.43314668630677922,0.81999999999999995,1.76000000000000001
0.00572931907240504,-0.06699005825238707,-0.00100323309640393,0.01073709428779100,0.06175686807941075,-3.43259811226336575,0.81999999999999995,1.76000000000000001
0.00573036753601189,-0.06698285280601297,-0.00134646077266758,0.01023279162786425,0.08235186010285561,-3.43193658861080708,0.81999999999999995,1.76000000000000001
0.00573136575332895,-0.06697358792654350,-0.00168961664931906,0.00973216692093382,0.10294546683396412,-3.43116212086514105,0.81999999999999995,1.76000000000000001
0.00573231409167608,-0.06696226377144893,-0.00203268943218768,0.00923521061662046,0.12353730950076397,-3.43027471364901126,0.81999999999999995,1.76000000000000001
0.00573321291740563,-0.06694888053606241,-0.00237566782752000,0.00874191291562977,0.14412700961436761,-3.42927437068393814,0.81999999999999995,1.76000000000000001
0.00573406259587760,-0.06693343845355262,-0.00271854054188937,0.00825226376935027,0.16471418894970605,-3.42816109478251629,0.81999999999999995,1.76000000000000001
0.00573486349143463,-0.06691593779489841,-0.00306129628210462,0.00776625287943478,0.18529846952616613,-3.42693488784053946,0.81999999999999995,1.76000000000000001
0.00573561596737700,-0.06689637886886521,-0.00340392375511797,0.00728386969736517,0.20587947358812750,-3.42559575082905265,0.81999999999999995,1.76000000000000001
0.00573632038593765,-0.06687476202198363,-0.00374641166793221,0.00680510342400018,0.22645682358539487,-3.42414368378633149,0.81999999999999995,1.76000000000000001
0.00573697710825701,-0.06685108763852982,-0.00408874872750694,0.00632994300910642,0.24703014215352154,-3.42257868580978775,0.81999999999999995,1.76000000000000001
0.00573758649435795,-0.06682535614050790,-0.00443092364066416,0.00585837715087246,0.26759905209401996,-3.42090075504780389,0.81999999999999995,1.76000000000000001
0.00573814890312054,-0.06679756798763441,-0.00477292511399289,0.00539039429540585,0.28816317635445521,-3.41910988869149124,0.81999999999999995,1.76000000000000001
0.00573866469225684,-0.06676772367732464,-0.00511474185375304,0.00492598263621306,0.30872213800841697,-3.41720608296637884,0.81999999999999995,1.76000000000000001
0.00573913421828560,-0.06673582374468107,-0.00545636256577848,0.00446513011366223,0.32927556023536592,-3.41518933312402684,0.81999999999999995,1.76000000000000001
0.00573955783650695,-0.06670186876248375,-0.00579777595537915,0.00400782441442864,0.34982306630035037,-3.41305963343356700,0.81999999999999995,1.76000000000000001
0.00573993590097695,-0.06666585934118285,-0.00613897072724244,0.00355405297092285,0.37036427953358853,-3.41081697717317267,0.81999999999999995,1.76000000000000001
0.00574026876448218,-0.06662779612889308,-0.00647993558533367,0.00310380296070133,0.39089882330991221,-3.40846135662145322,0.81999999999999995,1.76000000000000001
0.00574055677851421,-0.06658767981139031,-0.00682065923279565,0.00265706130585961,0.41142632102806792,-3.40599276304877696,0.81999999999999995,1.76000000000000001
0.00574080029324401,-0.06654551111211020,-0.00716113037184747,0.00221381467240769,0.43194639608987023,-3.40341118670852127,0.81999999999999995,1.76000000000000001
0.00574099965749633,-0.06650129079214895,-0.00750133770368233,0.00177404946962778,0.45245867187920374,-3.40071661682825077,0.81999999999999995,1.76000000000000001
0.00574115521872398,-0.06645501965026616,-0.00784126992836454,0.00133775184941413,0.47296277174086893,-3.39790904160082263,0.81999999999999995,1.76000000000000001
0.00574126732298205,-0.06640669852288979,-0.00818091574472558,0.00090490770559486,0.49345831895926701,-3.39498844817542000,0.81999999999999995,1.76000000000000001
0.00574133631490210,-0.06635632828412326,-0.00852026385025927,0.00047550267323577,0.51394493673691988,-3.39195482264851389,0.81999999999999995,1.76000000000000001
0.00574136253766623,-0.06630390984575474,-0.00885930294101610,0.00004952212792590,0.53442224817282047,-3.38880815005475178,0.81999999999999995,1.76000000000000001
0.00574134633298107,-0.06624944415726858,-0.00919802171149651,-0.00037304881495528,0.55488987624060815,-3.38554841435777698,0.81999999999999995,1.76000000000000001
0.00574128804105176,-0.06619293220585896,-0.00953640885454341,-0.00079222530098900,0.57534744376656610,-3.38217559844097515,0.81999999999999995,1.76000000000000001
0.00574118800055582,-0.06613437501644574,-0.00987445306123361,-0.00120802273748705,0.59579457340743391,-3.37868968409815018,0.81999999999999995,1.76000000000000001
0.00574104654861690,-0.06607377365169248,-0.01021214302076845,-0.00162045679428027,0.61623088762803280,-3.37509065202412994,0.81999999999999995,1.76000000000000001
0.00574086402077849,-0.06601112921202681,-0.01054946742036341,-0.00202954340452587,0.63665600867869732,-3.37137848180530009,0.81999999999999995,1.76000000000000001
0.00574064075097761,-0.06594644283566301,-0.01088641494513678,-0.00243529876553381,0.65706955857250893,-3.36755315191007032,0.81999999999999995,1.76000000000000001
0.00574037707151826,-0.06587971569862683,-0.01122297427799741,-0.00283773933961223,0.67747115906232702,-3.36361463967926833,0.81999999999999995,1.76000000000000001
0.00574007331304496,-0.06581094901478275,-0.01155913409953143,-0.00323688185493221,0.69786043161761258,-3.35956292131646661,0.81999999999999995,1.76000000000000001
0.00573972980451606,-0.06574014403586344,-0.01189488308788807,-0.00363274330641190,0.71823699740103841,-3.35539797187823829,0.81999999999999995,1.76000000000000001
0.00573934687317705,-0.06566730205150161,-0.01223020991866445,-0.00402534095662024,0.73860047724488265,-3.35111976526434630,0.81999999999999995,1.76000000000000001
0.00573892484453373,-0.06559242438926427,-0.01256510326478944,-0.00441469233670044,0.75895049162719908,-3.34672827420786323,0.81999999999999995,1.76000000000000001
0.00573846404232535,-0.06551551241468934,-0.01289955179640643,-0.00480081524731331,0.77928666064775998,-3.34222347026522382,0.81999999999999995,1.76000000000000001
0.00573796478849755,-0.06543656753132465,-0.01323354418075523,-0.00518372775960063,0.79960860400376610,-3.33760532380621067,0.81999999999999995,1.76000000000000001
0.00573742740317529,-0.06535559118076953,-0.01356706908205287,-0.00556344821616879,0.81991594096531828,-3.33287380400387256,0.81999999999999995,1.76000000000000001
0.00573685220463568,-0.06527258484271861,-0.01390011516137344,-0.00593999523209277,0.84020829035064604,-3.32802887882437837,0.81999999999999995,1.76000000000000001
0.00573623950928062,-0.06518755003500838,-0.01423267107652684,-0.00631338769594066,0.86048527050108736,-3.32307051501680339,0.81999999999999995,1.76000000000000001
0.00573558963160947,-0.06510048831366608,-0.01456472548193663,-0.00668364477081901,0.88074649925581472,-3.31799867810285143,0.81999999999999995,1.76000000000000001
0.00573490288419148,-0.06501140127296121,-0.01489626702851673,-0.00705078589543896,0.90099159392630135,-3.31281333236651365,0.81999999999999995,1.76000000000000001
0.00573417957763822,-0.06492029054545956,-0.01522728436354714,-0.00741483078520363,0.92122017127052280,-3.30751444084366186,0.81999999999999995,1.76000000000000001
0.00573342002057585,-0.06482715780207990,-0.01555776613054860,-0.00777579943331663,0.94143184746688757,-3.30210196531158084,0.81999999999999995,1.76000000000000001
0.00573262451961724,-0.06473200475215324,-0.01588770096915623,-0.00813371211191219,0.96162623808789249,-3.29657586627843635,0.81999999999999995,1.76000000000000001
0.00573179337933407,-0.06463483314348473,-0.01621707751499203,-0.00848858937320686,0.98180295807349538,-3.29093610297268313,0.81999999999999995,1.76000000000000001
0.00573092690222876,-0.06453564476241827,-0.01654588439953646,-0.00884045205067317,1.00196162170420044,-3.28518263333241167,0.81999999999999995,1.76000000000000001
0.00573002538870624,-0.06443444143390384,-0.01687411024999881,-0.00918932126023531,1.02210184257385084,-3.27931541399463455,0.81999999999999995,1.76000000000000001
0.00572908913704569,-0.06433122502156748,-0.01720174368918655,-0.00953521840148708,1.04222323356212110,-3.27333440028451328,0.81999999999999995,1.76000000000000001
0.00572811844337211,-0.06422599742778413,-0.01752877333537364,-0.00987816515893235,1.06232540680670451,-3.26723954620452872,0.81999999999999995,1.76000000000000001
0.00572711360162772,-0.06411876059375328,-0.01785518780216770,-0.01021818350324829,1.08240797367518948,-3.26103080442359117,0.81999999999999995,1.76000000000000001
0.00572607490354334,-0.06400951649957728,-0.01818097569837611,-0.01055529569257134,1.10247054473661832,-3.25470812626609662,0.81999999999999995,1.76000000000000001
0.00572500263860953,-0.06389826716434276,-0.01850612562787100,-0.01088952427380653,1.12251272973272220,-3.24827146170092540,0.81999999999999995,1.76000000000000001
0.00572389709404767,-0.06378501464620470,-0.01883062618945314,-0.01122089208396001,1.14253413754882671,-3.24172075933038828,0.81999999999999995,1.76000000000000001
0.00572275855478089,-0.06366976104247364,-0.01915446597671477,-0.01154942225149522,1.16253437618442024,-3.23505596637911630,0.81999999999999995,1.76000000000000001
0.00572158730340482,-0.06355250848970569,-0.01947763357790121,-0.01187513819771290,1.18251305272337981,-3.22827702868290212,0.81999999999999995,1.76000000000000001
0.00572038362015827,-0.06343325916379558,-0.01980011757577148,-0.01219806363815516,1.20246977330384874,-3.22138389067748498,0.81999999999999995,1.76000000000000001
0.00571914778289374,-0.06331201528007280,-0.02012190654745768,-0.01251822258403376,1.22240414308775636,-3.21437649538729087,0.81999999999999995,1.76000000000000001
0.00571788006704775,-0.06318877909340075,-0.02044298906432333,-0.01283563934368308,1.24231576622997730,-3.20725478441411882,0.81999999999999995,1.76000000000000001
0.00571658074561106,-0.06306355289827897,-0.02076335369182052,-0.01315033852403768,1.26220424584711943,-3.20001869792578342,0.81999999999999995,1.76000000000000001
0.00571525008909877,-0.06293633902894862,-0.02108298898934595,-0.01346234503213511,1.28206918398593617,-3.19266817464470876,0.81999999999999995,1.76000000000000001
0.00571388836552018,-0.06280713985950093,-0.02140188351009581,-0.01377168407664380,1.30191018159135607,-3.18520315183647673,0.81999999999999995,1.76000000000000001
0.00571249584034859,-0.06267595780398913,-0.02172002580091952,-0.01407838116941666,1.32172683847412031,-3.17762356529833401,0.81999999999999995,1.76000000000000001
0.00571107277649089,-0.06254279531654343,-0.02203740440217236,-0.01438246212707036,1.34151875327802417,-3.16992934934765458,0.81999999999999995,1.76000000000000001
0.00570961943425701,-0.06240765489148940,-0.02235400784756683,-0.01468395307259079,1.36128552344675247,-3.16212043681036281,0.81999999999999995,1.76000000000000001
0.00570813607132918,-0.06227053906346963,-0.02266982466402300,-0.01498288043696476,1.38102674519030266,-3.15419675900931562,0.81999999999999995,1.76000000000000001
0.00570662294273108,-0.06213145040756881,-0.02298484337151756,-0.01527927096083838,1.40074201345098892,-3.14615824575264869,0.81999999999999995,1.76000000000000001
0.00570508030079674,-0.06199039153944223,-0.02329905248293182,-0.01557315169620229,1.42043092186901698,-3.13800482532208624,0.81999999999999995,1.76000000000000001
0.00570350839513940,-0.06184736511544771,-0.02361244050389842,-0.01586455000810409,1.44009306274762516,-3.12973642446121492,0.81999999999999995,1.76000000000000001
0.00570190747262003,-0.06170237383278104,-0.02392499593264699,-0.01615349357638819,1.45972802701778148,-3.12135296836372822,0.81999999999999995,1.76000000000000001
0.00570027777731582,-0.06155542042961506,-0.02423670725984853,-0.01644001039746342,1.47933540420242959,-3.11285438066163600,0.81999999999999995,1.76000000000000001
0.00569861955048842,-0.06140650768524217,-0.02454756296845866,-0.01672412878609867,1.49891478238027576,-3.10424058341344944,0.81999999999999995,1.76000000000000001
0.00569693303055199,-0.06125563842022069,-0.02485755153355969,-0.01700587737724684,1.51846574814910773,-3.09551149709233542,0.81999999999999995,1.76000000000000001
0.00569521845304112,-0.06110281549652472,-0.02516666142220150,-0.01728528512789743,1.53798788658863872,-3.08666704057424823,0.81999999999999995,1.76000000000000001
0.00569347605057854,-0.06094804181769787,-0.02547488109324118,-0.01756238131895806,1.55748078122286637,-3.07770713112603733,0.81999999999999995,1.76000000000000001
0.00569170605284258,-0.06079132032901072,-0.02578219899718158,-0.01783719555716522,1.57694401398193840,-3.06863168439353462,0.81999999999999995,1.76000000000000001
0.00568990868653454,-0.06063265401762213,-0.02608860357600855,-0.01810975777702454,1.59637716516351769,-3.05944061438962400,0.81999999999999995,1.76000000000000001
0.00568808417534580,-0.06047204591274445,-0.02639408326302713,-0.01838009824278100,1.61577981339363608,-3.05013383348229317,0.81999999999999995,1.76000000000000001
0.00568623273992475,-0.06030949908581268,-0.02669862648269638,-0.01864824755041921,1.63515153558702808,-3.04071125238267337,0.81999999999999995,1.76000000000000001
0.00568435459784349,-0.06014501665065755,-0.02700222165046314,-0.01891423662969426,1.65449190690693748,-3.03117278013306546,0.81999999999999995,1.76000000000000001
0.00568244996356440,-0.05997860176368276,-0.02730485717259455,-0.01917809674619341,1.67380050072438391,-3.02151832409496013,0.81999999999999995,1.76000000000000001
0.00568051904840641,-0.05981025762404622,-0.02760652144600935,-0.01943985950342883,1.69307688857688321,-3.01174778993704928,0.81999999999999995,1.76000000000000001
0.00567856206051109,-0.05963998747384552,-0.02790720285810801,-0.01969955684496199,1.71232064012661045,-3.00186108162323517,0.81999999999999995,1.76000000000000001
0.00567657920480860,-0.05946779459830755,-0.02820688978660165,-0.01995722105655970,1.73153132311799585,-2.99185810140063779,0.81999999999999995,1.76000000000000001
0.00567457068298330,-0.05929368232598245,-0.02850557059933978,-0.02021288476838247,1.75070850333474404,-2.98173874978760667,0.81999999999999995,1.76000000000000001
0.00567253669343922,-0.05911765402894181,-0.02880323365413677,-0.02046658095720529,1.76985174455626604,-2.97150292556173401,0.81999999999999995,1.76000000000000001
0.00567047743126530,-0.05893971312298137,-0.02909986729859725,-0.02071834294867125,1.78896060851351479,-2.96115052574788074,0.81999999999999995,1.76000000000000001
0.00566839308820038,-0.05875986306782802,-0.02939545986994018,-0.02096820441957847,1.80803465484421300,-2.95068144560620915,0.81999999999999995,1.76000000000000001
0.00566628385259794,-0.05857810736735145,-0.02968999969482182,-0.02121619940020049,1.82707344104746250,-2.94009557862023430,0.81999999999999995,1.76000000000000001
0.00566414990939069,-0.05839444956978030,-0.02998347508915742,-0.02146236227664066,1.84607652243772491,-2.92939281648488947,0.81999999999999995,1.76000000000000001
0.00566199144005483,-0.05820889326792290,-0.03027587435794184,-0.02170672779322074,1.86504345209816247,-2.91857304909461801,0.81999999999999995,1.76000000000000001
0.00565980862257411,-0.05802144209939283,-0.03056718579506883,-0.02194933105490426,1.88397378083332834,-2.90763616453148543,0.81999999999999995,1.76000000000000001
0.00565760163140365,-0.05783209974683913,-0.03085739768314926,-0.02219020752975477,1.90286705712119408,-2.89658204905332317,0.81999999999999995,1.76000000000000001
0.00565537063743350,-0.05764086993818138,-0.03114649829332805,-0.02242939305142959,1.92172282706450392,-2.88541058708190556,0.81999999999999995,1.76000000000000001
0.00565311580795199,-0.05744775644684973,-0.03143447588510002,-0.02266692382170931,1.94054063434144286,-2.87412166119116108,0.81999999999999995,1.76000000000000001
0.00565083730660871,-0.05725276309202981,-0.03172131870612452,-0.02290283641306340,1.95932002015560891,-2.86271515209542704,0.81999999999999995,1.76000000000000001
0.00564853529337740,-0.05705589373891271,-0.03200701499203883,-0.02313716777125238,1.97806052318527459,-2.85119093863774697,0.81999999999999995,1.76000000000000001
0.00564620992451844,-0.05685715229895012,-0.03229155296627050,-0.02336995521796694,1.99676167953192762,-2.83954889777821995,0.81999999999999995,1.76000000000000001
0.00564386135254112,-0.05665654273011458,-0.03257492083984845,-0.02360123645350432,2.01542302266807694,-2.82778890458240140,0.81999999999999995,1.76000000000000001
0.00564148972616567,-0.05645406903716507,-0.03285710681121298,-0.02383104955948245,2.03404408338431208,-2.81591083220976479,0.81999999999999995,1.76000000000000001
0.00563909519028497,-0.05624973527191778,-0.03313809906602452,-0.02405943300159212,2.05262438973560313,-2.80391455190222505,0.81999999999999995,1.76000000000000001
0.00563667788592601,-0.05604354553352248,-0.03341788577697135,-0.02428642563238773,2.07116346698682818,-2.79179993297273121,0.81999999999999995,1.76000000000000001
0.00563423795021108,-0.05583550396874428,-0.03369645510357612,-0.02451206669411688,2.08966083755751297,-2.77956684279393240,0.81999999999999995,1.76000000000000001
0.00563177551631863,-0.05562561477225090,-0.03397379519200126,-0.02473639582158930,2.10811602096577211,-2.76721514678692371,0.81999999999999995,1.76000000000000001
0.00562929071344387,-0.05541388218690570,-0.03424989417485329,-0.02495945304508549,2.12652853377143591,-2.75474470841007424,0.81999999999999995,1.76000000000000001
0.00562678366675910,-0.05520031050406637,-0.03452474017098593,-0.02518127879330547,2.14489788951835036,-2.74215538914794710,0.81999999999999995,1.76000000000000001
0.00562425449737370,-0.05498490406388945,-0.03479832128530223,-0.02540191389635809,2.16322359867583414,-2.72944704850031439,0.81999999999999995,1.76000000000000001
0.00562170332229384,-0.05476766725564076,-0.03507062560855552,-0.02562139958879127,2.18150516857927901,-2.71661954397127392,0.81999999999999995,1.76000000000000001
0.00561913025438190,-0.05454860451801176,-0.03534164121714931,-0.02583977751266367,2.19974210336987985,-2.70367273105847472,0.81999999999999995,1.76000000000000001
0.00561653540231551,-0.05432772033944206,-0.03561135617293611,-0.02605708972065806,2.21793390393347689,-2.69060646324245578,0.81999999999999995,1.76000000000000001
0.00561391887054643,-0.05410501925844804,-0.03587975852301517,-0.02627337867923701,2.23608006783849733,-2.67742059197610649,0.81999999999999995,1.76000000000000001
0.00561128075925889,-0.05388050586395771,-0.03614683629952924,-0.02648868727184114,2.25418008927297908,-2.66411496667425540,0.81999999999999995,1.76000000000000001
0.00560862116432783,-0.05365418479565198,-0.03641257751946019,-0.02670305880213051,2.27223345898066009,-2.65068943470339358,0.81999999999999995,1.76000000000000001
0.00560594017727667,-0.05342606074431228,-0.03667697018442373,-0.02691653699726941,2.29023966419612135,-2.63714384137153868,0.81999999999999995,1.76000000000000001
0.00560323788523479,-0.05319613845217477,-0.03694000228046301,-0.02712916601125522,2.30819818857896042,-2.62347802991825185,0.81999999999999995,1.76000000000000001
0.00560051437089470,-0.05296442271329121,-0.03720166177784132,-0.02734099042829146,2.32610851214698489,-2.60969184150480871,0.81999999999999995,1.76000000000000001
0.00559776971246882,-0.05273091837389647,-0.03746193663083373,-0.02755205526620581,2.34397011120840570,-2.59578511520453814,0.81999999999999995,1.76000000000000001
0.00559500398364599,-0.05249563033278293,-0.03772081477751790,-0.02776240597991321,2.36178245829301314,-2.58175768799333394,0.81999999999999995,1.76000000000000001
0.00559221725354754,-0.05225856354168185,-0.03797828413956376,-0.02797208846492472,2.37954502208231888,-2.56760939474034755,0.81999999999999995,1.76000000000000001
0.00558940958668305,-0.05201972300565168,-0.03823433262202248,-0.02818114906090242,2.39725726733864519,-2.55334006819887316,0.81999999999999995,1.76000000000000001
0.00558658104290583,-0.05177911378347359,-0.03848894811311438,-0.02838963455526090,2.41491865483314427,-2.53894953899743303,0.81999999999999995,1.76000000000000001
0.00558373167736786,-0.05153674098805425,-0.03874211848401603,-0.02859759218681567,2.43252864127272783,-2.52443763563107026,0.81999999999999995,1.76000000000000001
0.00558086154047453,-0.05129260978683593,-0.03899383158864648,-0.02880506964947902,2.45008667922588907,-2.50980418445286269,0.81999999999999995,1.76000000000000001
0.00557797067783894,-0.05104672540221410,-0.03924407526345263,-0.02901211509600374,2.46759221704739629,-2.49504900966566412,0.81999999999999995,1.76000000000000001
0.00557505913023581,-0.05079909311196262,-0.03949283732719384,-0.02921877714177508,2.48504469880184242,-2.48017193331408592,0.81999999999999995,1.76000000000000001
0.00557212693355501,-0.05054971824966664,-0.03974010558072569,-0.02942510486865147,2.50244356418602365,-2.46517277527672629,0.81999999999999995,1.76000000000000001
0.00556917411875477,-0.05029860620516328,-0.03998586780678298,-0.02963114782885437,2.51978824845013527,-2.45005135325866430,0.81999999999999995,1.76000000000000001
0.00556620071181439,-0.05004576242499031,-0.04023011176976207,-0.02983695604890778,2.53707818231775750,-2.43480748278422077,0.81999999999999995,1.76000000000000001
0.00556320673368665,-0.04979119241284286,-0.04047282521550241,-0.03004258003362766,2.55431279190461380,-2.41944097719000695,0.81999999999999995,1.76000000000000001
0.00556019220024977,-0.04953490173003829,-0.04071399587106745,-0.03024807077016194,2.57149149863607862,-2.40395164761826674,0.81999999999999995,1.76000000000000001
0.00555715712225895,-0.04927689599598946,-0.04095361144452488,-0.03045347973208134,2.58861371916341421,-2.38833930301052755,0.81999999999999995,1.76000000000000001
0.00555410150529755,-0.04901718088868631,-0.04119165962472625,-0.03065885888352149,2.60567886527871373,-2.37260375010157176,0.81999999999999995,1.76000000000000001
0.00555102534972782,-0.04875576214518616,-0.04142812808108601,-0.03086426068337685,2.62268634382852728,-2.35674479341374177,0.81999999999999995,1.76000000000000001
0.00554792865064119,-0.04849264556211256,-0.04166300446336002,-0.03106973808954676,2.63963555662614979,-2.34076223525159355,0.81999999999999995,1.76000000000000001
0.00554481139780820,-0.04822783699616313,-0.04189627640142347,-0.03127534456323407,2.65652590036254743,-2.32465587569691179,0.81999999999999995,1.76000000000000001
0.00554167357562788,-0.04796134236462626,-0.04212793150504841,-0.03148113407329672,2.67335676651589527,-2.30842551260409889,0.81999999999999995,1.76000000000000001
0.00553851516307685,-0.04769316764590699,-0.04235795736368078,-0.03168716110065283,2.69012754125970766,-2.29207094159595837,0.81999999999999995,1.76000000000000001
0.00553533613365783,-0.04742331888006212,-0.04258634154621706,-0.03189348064273945,2.70683760536953200,-2.27559195605988274,0.81999999999999995,1.76000000000000001
0.00553213645534778,-0.04715180216934473,-0.04281307160078055,-0.03210014821802566,2.72348633412818408,-2.25898834714446384,0.81999999999999995,1.76000000000000001
0.00552891609054557,-0.04687862367875828,-0.04303813505449736,-0.03230721987058011,2.74007309722949710,-2.24225990375654183,0.81999999999999995,1.76000000000000001
0.00552567499601921,-0.04660378963662034,-0.04326151941327208,-0.03251475217469370,2.75659725868056116,-2.22540641255871074,0.81999999999999995,1.76000000000000001
0.00552241312285255,-0.04632730633513624,-0.04348321216156326,-0.03272280223955754,2.77305817670242361,-2.20842765796729612,0.81999999999999995,1.76000000000000001
0.00551913041639159,-0.04604918013098273,-0.04370320076215869,-0.03293142771399660,2.78945520362922705,-2.19132342215082465,0.81999999999999995,1.76000000000000001
0.00551582681619028,-0.04576941744590171,-0.04392147265595062,-0.03314068679125955,2.80578768580575622,-2.17409348502900324,0.81999999999999995,1.76000000000000001
0.00551250225595580,-0.04548802476730444,-0.04413801526171077,-0.03335063821386502,2.82205496348336382,-2.15673762427222604,0.81999999999999995,1.76000000000000001
0.00550915666349343,-0.04520500864888610,-0.04435281597586543,-0.03356134127850464,2.83825637071425119,-2.13925561530163266,0.81999999999999995,1.76000000000000001
0.00550578996065083,-0.04492037571125107,-0.04456586217227060,-0.03377285584100322,2.85439123524407190,-2.12164723128973254,0.81999999999999995,1.76000000000000001
0.00550240206326197,-0.04463413264254903,-0.04477714120198711,-0.03398524232133643,2.87045887840283065,-2.10391224316162129,0.81999999999999995,1.76000000000000001
0.00549899288109035,-0.04434628619912205,-0.04498664039305602,-0.03419856170870617,2.88645861499404788,-2.08605041959680859,0.81999999999999995,1.76000000000000001
0.00549556231777190,-0.04405684320616288,-0.04519434705027417,-0.03441287556667411,2.90238975318215831,-2.06806152703168022,0.81999999999999995,1.76000000000000001
0.00549211027075726,-0.04376581055838450,-0.04540024845497000,-0.03462824603835352,2.91825159437811443,-2.04994532966261689,0.81999999999999995,1.76000000000000001
0.00548863663125356,-0.04347319522070135,-0.04560433186477972,-0.03484473585165976,2.93404343312316307,-2.03170158944979606,0.81999999999999995,1.76000000000000001
0.00548514128416567,-0.04317900422892210,-0.04580658451342399,-0.03506240832461965,2.94976455697076201,-2.01333006612169818,0.81999999999999995,1.76000000000000001
0.00548162410803694,-0.04288324469045448,-0.04600699361048489,-0.03528132737074001,2.96541424636660711,-1.99483051718034377,0.81999999999999995,1.76000000000000001
0.00547808497498936,-0.04258592378502211,-0.04620554634118366,-0.03550155750443552,2.98099177452673469,-1.97620269790728997,0.81999999999999995,1.76000000000000001
0.00547452375066321,-0.04228704876539363,-0.04640222986615893,-0.03572316384651615,2.99649640731366507,-1.95744636137040939,0.81999999999999995,1.76000000000000001
0.00547094029415613,-0.04198662695812435,-0.04659703132124578,-0.03594621212973440,3.01192740311055696,-1.93856125843148286,0.81999999999999995,1.76000000000000001
0.00546733445796167,-0.04168466576431054,-0.04678993781725546,-0.03617076870439237,3.02728401269333336,-1.91954713775463204,0.81999999999999995,1.76000000000000001
0.00546370608790722,-0.04138117266035665,-0.04698093643975618,-0.03639690054400902,3.04256547910074771,-1.90040374581562399,0.81999999999999995,1.76000000000000001
0.00546005502309143,-0.04107615519875561,-0.04717001424885471,-0.03662467525104753,3.05777103750235169,-1.88113082691207611,0.81999999999999995,1.76000000000000001
0.00545638109582102,-0.04076962100888243,-0.04735715827897913,-0.03685416106270301,3.07289991506433058,-1.86172812317459457,0.81999999999999995,1.76000000000000001
0.00545268413154699,-0.04046157779780134,-0.04754235553866275,-0.03708542685675055,3.08795133081316653,-1.84219537457887794,0.81999999999999995,1.76000000000000001
0.00544896394880030,-0.04015203335108668,-0.04772559301032921,-0.03731854215745374,3.10292449549709604,-1.82253231895882029,0.81999999999999995,1.76000000000000001
0.00544522035912692,-0.03984099553365773,-0.04790685765007908,-0.03755357714153360,3.11781861144531769,-1.80273869202064785,0.81999999999999995,1.76000000000000001
0.00544145316702226,-0.03952847229062775,-0.04808613638747775,-0.03779060264419797,3.13263287242491861,-1.78281422735812511,0.81999999999999995,1.76000000000000001
0.00543766216986503,-0.03921447164816745,-0.04826341612534508,-0.03802969016523126,3.14736646349547211,-1.76275865646886776,0.81999999999999995,1.76000000000000001
0.00543384715785049,-0.03889900171438310,-0.04843868373954660,-0.03827091187514460,3.16201856086127320,-1.74257170877179957,0.81999999999999995,1.76000000000000001
0.00543000791392304,-0.03858207068020957,-0.04861192607878654,-0.03851434062138612,3.17658833172116850,-1.72225311162579375,0.81999999999999995,1.76000000000000001
0.00542614421370825,-0.03826368682031843,-0.04878312996440286,-0.03876004993461139,3.19107493411593568,-1.70180259034953774,0.81999999999999995,1.76000000000000001
0.00542225582544417,-0.03794385849404156,-0.04895228219016426,-0.03900811403501372,3.20547751677317860,-1.68121986824266512,0.81999999999999995,1.76000000000000001
0.00541834250991210,-0.03762259414631029,-0.04911936952206936,-0.03925860783871419,3.21979521894968590,-1.66050466660819618,0.81999999999999995,1.76000000000000001
0.00541440402036668,-0.03729990230861047,-0.04928437869814826,-0.03951160696421097,3.23402717027121689,-1.63965670477633219,0.81999999999999995,1.76000000000000001
0.00541044010246528,-0.03697579159995371,-0.04944729642826647,-0.03976718773888792,3.24817249056966606,-1.61867570012964901,0.81999999999999995,1.76000000000000001
0.00540645049419685,-0.03665027072786498,-0.04960810939393147,-0.04002542720558187,3.26223028971756390,-1.59756136812973892,0.81999999999999995,1.76000000000000001
0.00540243492580996,-0.03632334848938699,-0.04976680424810204,-0.04028640312920825,3.27619966745986835,-1.57631342234534633,0.81999999999999995,1.76000000000000001
0.00539839311974036,-0.03599503377210145,-0.04992336761500040,-0.04055019400344466,3.29007971324299797,-1.55493157448205155,0.81999999999999995,1.76000000000000001
0.00539432479053767,-0.03566533555516756,-0.05007778608992748,-0.04081687905747181,3.30386950604106389,-1.53341553441355183,0.81999999999999995,1.76000000000000001
0.00539022964479156,-0.03533426291037809,-0.05023004623908135,-0.04108653826277139,3.31756811417925013,-1.51176501021459431,0.81999999999999995,1.76000000000000001
0.00538610738105714,-0.03500182500323319,-0.05038013459937905,-0.04135925233998007,3.33117459515429370,-1.48997970819561609,0.81999999999999995,1.76000000000000001
0.00538195768977972,-0.03466803109403237,-0.05052803767828192,-0.04163510276579911,3.34468799545201856,-1.46805933293914914,0.81999999999999995,1.76000000000000001
0.00537778025321883,-0.03433289053898479,-0.05067374195362480,-0.04191417177995875,3.35810735036186925,-1.44600358733804812,0.81999999999999995,1.76000000000000001
0.00537357474537160,-0.03399641279133835,-0.05081723387344895,-0.04219654239223660,3.37143168378839819,-1.42381217263560167,0.81999999999999995,1.76000000000000001
0.00536934083189537,-0.03365860740252770,-0.05095849985583924,-0.04248229838952914,3.38466000805965095,-1.40148478846759161,0.81999999999999995,1.76000000000000001
0.00536507817002966,-0.03331948402334162,-0.05109752628876559,-0.04277152434297535,3.39779132373240111,-1.37902113290636241,0.81999999999999995,1.76000000000000001
0.00536078640851734,-0.03297905240511000,-0.05123429952992885,-0.04306430561513155,3.41082461939418113,-1.35642090250696890,0.81999999999999995,1.76000000000000001
0.00535646518752518,-0.03263732240091081,-0.05136880590661156,-0.04336072836719607,3.42375887146205349,-1.33368379235547163,0.81999999999999995,1.76000000000000001
0.00535211413856356,-0.03229430396679737,-0.05150103171553349,-0.04366087956628296,3.43659304397807208,-1.31080949611944964,0.81999999999999995,1.76000000000000001
0.00534773288440559,-0.03195000716304617,-0.05163096322271243,-0.04396484699274300,3.44932608840137522,-1.28779770610080480,0.81999999999999995,1.76000000000000001
0.00534332103900533,-0.03160444215542572,-0.05175858666333039,-0.04427271924753102,3.46195694339685733,-1.26464811329093330,0.81999999999999995,1.76000000000000001
0.00533887820741545,-0.03125761921648670,-0.05188388824160535,-0.04458458575961778,3.47448453462036078,-1.24136040742834086,0.81999999999999995,1.76000000000000001
0.00533440398570398,-0.03090954872687375,-0.05200685413066902,-0.04490053679344502,3.48690777450033318,-1.21793427705878532,0.81999999999999995,1.76000000000000001
0.00532989796087044,-0.03056024117665923,-0.05212747047245063,-0.04522066345642181,3.49922556201589163,-1.19436940959802618,0.81999999999999995,1.76000000000000001
0.00532535971076113,-0.03020970716669949,-0.05224572337756722,-0.04554505770646065,3.51143678247123425,-1.17066549139726850,0.81999999999999995,1.76000000000000001
0.00532078880398374,-0.02985795741001370,-0.05236159892522055,-0.04587381235955118,3.52354030726634093,-1.14682220781139010,0.81999999999999995,1.76000000000000001
0.00531618479982111,-0.02950500273318597,-0.05247508316310099,-0.04620702109736957,3.53553499366390467,-1.12283924327004137,0.81999999999999995,1.76000000000000001
0.00531154724814433,-0.02915085407779084,-0.05258616210729870,-0.04654477847492151,3.54741968455243040,-1.09871628135171373,0.81999999999999995,1.76000000000000001
0.00530687568932501,-0.02879552250184274,-0.05269482174222232,-0.04688717992821633,3.55919320820544405,-1.07445300486087270,0.81999999999999995,1.76000000000000001
0.00530216965414678,-0.02843901918126965,-0.05280104802052558,-0.04723432178197005,3.57085437803674433,-1.05004909590825601,0.81999999999999995,1.76000000000000001
0.00529742866371602,-0.02808135541141155,-0.05290482686304206,-0.04758630125733457,3.58240199235164125,-1.02550423599443929,0.81999999999999995,1.76000000000000001
0.00529265222937189,-0.02772254260854379,-0.05300614415872849,-0.04794321647965051,3.59383483409411486,-1.00081810609677802,0.81999999999999995,1.76000000000000001
0.00528783985259545,-0.02736259231142609,-0.05310498576461694,-0.04830516648622058,3.60515167058982966,-0.97599038675983352,0.81999999999999995,1.76000000000000001
0.00528299102491812,-0.02700151618287741,-0.05320133750577620,-0.04867225123410072,3.61635125328494444,-0.95102075818939702,0.81999999999999995,1.76000000000000001
0.00527810522782930,-0.02663932601137707,-0.05329518517528274,-0.04904457160790556,3.62743231748064776,-0.92590890035022988,0.81999999999999995,1.76000000000000001
0.00527318193268323,-0.02627603371269278,-0.05338651453420169,-0.04942222942762500,3.63839358206335994,-0.90065449306763945,0.81999999999999995,1.76000000000000001
0.00526822060060506,-0.02591165133153572,-0.05347531131157812,-0.04980532745644821,3.64923374923052846,-0.87525721613301588,0.81999999999999995,1.76000000000000001
0.00526322068239611,-0.02554619104324340,-0.05356156120443906,-0.05019396940859141,3.65995150421195703,-0.84971674941345809,0.81999999999999995,1.76000000000000001
0.00525818161843842,-0.02517966515549050,-0.05364524987780680,-0.05058825995712537,3.67054551498659931,-0.82403277296562161,0.81999999999999995,1.76000000000000001
0.00525310283859846,-0.02481208611002830,-0.05372636296472366,-0.05098830474179853,3.68101443199474865,-0.79820496715392508,0.81999999999999995,1.76000000000000001
0.00524798376213005,-0.02444346648445318,-0.05380488606628889,-0.05139421037685134,3.69135688784555782,-0.77223301277325662,0.81999999999999995,1.76000000000000001
0.00524282379757655,-0.02407381899400450,-0.05388080475170805,-0.05180608445881714,3.70157149701982169,-0.74611659117632556,0.81999999999999995,1.76000000000000001
0.00523762234267222,-0.02370315649339256,-0.05395410455835531,-0.05222403557430486,3.71165685556795388,-0.71985538440580976,0.81999999999999995,1.76000000000000001
0.00523237878424283,-0.02333149197865685,-0.05402477099184934,-0.05264817330775827,3.72161154080308920,-0.69344907533145339,0.81999999999999995,1.76000000000000001
0.00522709249810550,-0.02295883858905544,-0.05409278952614302,-0.05307860824918659,3.73143411098924194,-0.66689734779227527,0.81999999999999995,1.76000000000000001
0.00522176284896774,-0.02258520960898560,-0.05415814560362773,-0.05351545200186073,3.74112310502445577,-0.64019988674405237,0.81999999999999995,1.76000000000000001
0.00521638919032576,-0.02221061846993649,-0.05422082463525260,-0.05395881718996922,3.75067704211887021,-0.61335637841224877,0.81999999999999995,1.76000000000000001
0.00521097086436198,-0.02183507875247427,-0.05428081200065938,-0.05440881746622778,3.76009442146764128,-0.58636651045056531,0.81999999999999995,1.76000000000000001
0.00520550720184181,-0.02145860418826015,-0.05433809304833343,-0.05486556751943585,3.76937372191864295,-0.55922997210529124,0.81999999999999995,1.76000000000000001
0.00519999752200966,-0.02108120866210196,-0.05439265309577143,-0.05532918308197340,3.77851340163488247,-0.53194645438564458,0.81999999999999995,1.76000000000000001
0.00519444113248423,-0.02070290621403974,-0.05444447742966647,-0.05579978093723075,3.78751189775156316,-0.50451565024029355,0.81999999999999995,1.76000000000000001
0.00518883732915300,-0.02032371104146590,-0.05449355130611107,-0.05627747892696401,3.79636762602772304,-0.47693725474025783,0.81999999999999995,1.76000000000000001
0.00518318539606607,-0.01994363750128046,-0.05453985995081882,-0.05676239595856820,3.80507898049238413,-0.44921096526839466,0.81999999999999995,1.76000000000000001
0.00517748460532920,-0.01956270011208201,-0.05458338855936535,-0.05725465201225986,3.81364433308514483,-0.42133648171568117,0.81999999999999995,1.76000000000000001
0.00517173421699622,-0.01918091355639481,-0.05462412229744925,-0.05775436814816060,3.82206203329114791,-0.39331350668451065,0.81999999999999995,1.76000000000000001
0.00516593347896063,-0.01879829268293277,-0.05466204630117363,-0.05826166651327238,3.83033040777035794,-0.36514174569922830,0.81999999999999995,1.76000000000000001
0.00516008162684662,-0.01841485250890074,-0.05469714567734922,-0.05877667034833528,3.83844775998108556,-0.33682090742413728,0.81999999999999995,1.76000000000000001
0.00515417788389934,-0.01803060822233369,-0.05472940550381952,-0.05929950399455779,3.84641236979769019,-0.30835070388921559,0.81999999999999995,1.76000000000000001
0.00514822146087451,-0.01764557518447453,-0.05475881082980901,-0.05983029290020925,3.85422249312240028,-0.27973085072378912,0.81999999999999995,1.76000000000000001
0.00514221155592740,-0.01725976893219094,-0.05478534667629515,-0.06036916362706374,3.86187636149119085,-0.25096106739841634,0.81999999999999995,1.76000000000000001
0.00513614735450117,-0.01687320518043196,-0.05480899803640488,-0.06091624385668390,3.86937218167365238,-0.22204107747524640,0.81999999999999995,1.76000000000000001
0.00513002802921458,-0.01648589982472488,-0.05482974987583672,-0.06147166239653315,3.87670813526679714,-0.19297060886712120,0.81999999999999995,1.76000000000000001
0.00512385273974910,-0.01609786894371311,-0.05484758713330911,-0.06203554918590368,3.88388237828274052,-0.16374939410570055,0.81999999999999995,1.76000000000000001
0.00511762063273543,-0.01570912880173545,-0.05486249472103615,-0.06260803530164748,3.89089304073020603,-0.13437717061889826,0.81999999999999995,1.76000000000000001
0.00511133084163950,-0.01531969585144772,-0.05487445752523143,-0.06318925296369675,3.89773822618979526,-0.10485368101792511,0.81999999999999995,1.76000000000000001
0.00510498248664784,-0.01492958673648698,-0.05488346040664119,-0.06377933554035981,3.90441601138297489,-0.07517867339424535,0.81999999999999995,1.76000000000000001
0.00509857467455254,-0.01453881829417931,-0.05488948820110756,-0.06437841755337749,3.91092444573473008,-0.04535190162676134,0.81999999999999995,1.76000000000000001
0.00509210649863564,-0.01414740755829160,-0.05489252572016314,-0.06498663468272499,3.91726155092983541,-0.01537312569955178,0.81999999999999995,1.76000000000000001
0.00508557703855308,-0.01375537176182796,-0.05489255775165784,-0.06560412377114268,3.92342532046270165,0.01475788796950145,0.81999999999999995,1.76000000000000001
0.00507898536021819,-0.01336272833987160,-0.05488956906041917,-0.06623102282837959,3.92941371918075832,0.04504136618885251,0.81999999999999995,1.76000000000000001
0.00507233051568485,-0.01296949493247261,-0.05488354438894705,-0.06686747103513163,3.93522468282133087,0.07547752864184068,0.81999999999999995,1.76000000000000001
0.00506561154303014,-0.01257568938758239,-0.05487446845814443,-0.06751360874665663,3.94085611754198029,0.10606658752328227,0.81999999999999995,1.76000000000000001
0.00505882746623675,-0.01218132976403537,-0.05486232596808480,-0.06816957749604685,3.94630589944427612,0.13680874716372712,0.81999999999999995,1.76000000000000001
0.00505197729507506,-0.01178643433457875,-0.05484710159881796,-0.06883551999713934,3.95157187409097510,0.16770420364098981,0.81999999999999995,1.76000000000000001
0.00504506002498491,-0.01139102158895072,-0.05482878001121521,-0.06951158014704320,3.95665185601658376,0.19875314437855385,0.81999999999999995,1.76000000000000001
0.00503807463695718,-0.01099511023700809,-0.05480734584785549,-0.07019790302826220,3.96154362823129036,0.22995574773043465,0.81999999999999995,1.76000000000000001
0.00503102009741516,-0.01059871921190380,-0.05478278373395361,-0.07089463491039021,3.96624494171825148,0.26131218255207495,0.81999999999999995,1.76000000000000001
0.00502389535809577,-0.01020186767331501,-0.05475507827833219,-0.07160192325135582,3.97075351492422968,0.29282260775683294,0.81999999999999995,1.76000000000000001
0.00501669935593069,-0.00980457501072249,-0.05472421407443866,-0.07231991669819184,3.97506703324358046,0.32448717185761045,0.81999999999999995,1.76000000000000001
0.00500943101292741,-0.00940686084674194,-0.05469017570140884,-0.07304876508730378,3.97918314849559795,0.35630601249315452,0.81999999999999995,1.76000000000000001
0.00500208923605035,-0.00900874504050794,-0.05465294772517873,-0.07378861944421101,3.98309947839522671,0.38827925593855217,0.81999999999999995,1.76000000000000001
0.00499467291710192,-0.00861024769111106,-0.05461251469964599,-0.07453963198273260,3.98681360601716639,0.42040701659942309,0.81999999999999995,1.76000000000000001
0.00498718093260382,-0.00821138914108900,-0.05456886116788293,-0.07530195610358895,3.99032307925339325,0.45268939648930107,0.81999999999999995,1.76000000000000001
0.00497961214367840,-0.00781218997997226,-0.05452197166340250,-0.07607574639238923,3.99362541026413487,0.48512648468967889,0.81999999999999995,1.76000000000000001
0.00497196539593030,-0.00741267104788501,-0.05447183071147928,-0.07686115861697301,3.99671807492234654,0.51771835679217693,0.81999999999999995,1.76000000000000001
0.00496423951932843,-0.00701285343920188,-0.05441842283052712,-0.07765834972407344,3.99959851225173990,0.55046507432227831,0.81999999999999995,1.76000000000000001
0.00495643332808822,-0.00661275850626125,-0.05436173253353535,-0.07846747783526807,4.00226412385843133,0.58336668414405879,0.81999999999999995,1.76000000000000001
0.00494854562055442,-0.00621240786313568,-0.05430174432956549,-0.07928870224218167,4.00471227335628299,0.61642321784532128,0.81999999999999995,1.76000000000000001
0.00494057517908432,-0.00581182338946014,-0.05423844272531049,-0.08012218340090418,4.00694028578602524,0.64963469110252914,0.81999999999999995,1.76000000000000001
0.00493252076993165,-0.00541102723431861,-0.05417181222671844,-0.08096808292558549,4.00894544702825595,0.68300110302491279,0.81999999999999995,1.76000000000000001
0.00492438114313114,-0.00501004182018970,-0.05410183734068300,-0.08182656358116680,4.01072500321043002,0.71652243547710903,0.81999999999999995,1.76000000000000001
0.00491615503238380,-0.00460888984695189,-0.05402850257680265,-0.08269778927520714,4.01227616010796240,0.75019865237967109,0.81999999999999995,1.76000000000000001
0.00490784115494314,-0.00420759429594884,-0.05395179244921105,-0.08358192504876177,4.01359608253958555,0.78402969898677044,0.81999999999999995,1.76000000000000001
0.00489943821150229,-0.00380617843411561,-0.05387169147848068,-0.08447913706626713,4.01468189375710960,0.81801550114039168,0.81999999999999995,1.76000000000000001
0.00489094488608226,-0.00340466581816605,-0.05378818419360247,-0.08538959260438571,4.01553067482976456,0.85215596450030173,0.81999999999999995,1.76000000000000001
0.00488235984592126,-0.00300308029884206,-0.05370125513404346,-0.08631346003976210,4.01613946402330146,0.88645097374905457,0.81999999999999995,1.76000000000000001
0.00487368174136540,-0.00260144602522520,-0.05361088885188540,-0.08725090883563927,4.01650525617406373,0.92090039177127281,0.81999999999999995,1.76000000000000001
0.00486490920576074,-0.00219978744911113,-0.05351706991404666,-0.08820210952728257,4.01662500205825168,0.95550405880642530,0.81999999999999995,1.76000000000000001
0.00485604085534686,-0.00179812932944735,-0.05341978290459025,-0.08916723370615662,4.01649560775662096,0.99026179157429961,0.81999999999999995,1.76000000000000001
0.00484707528915209,-0.00139649673683468,-0.05331901242712067,-0.09014645400279798,4.01611393401488392,1.02517338237234568,0.81999999999999995,1.76000000000000001
0.00483801108889052,-0.00099491505809294,-0.05321474310727248,-0.09113994406832455,4.01547679560009918,1.06023859814404542,0.81999999999999995,1.76000000000000001
0.00482884681886094,-0.00059341000089111,-0.05310695959529355,-0.09214787855451999,4.01458096065336090,1.09545717951743948,0.81999999999999995,1.76000000000000001
0.00481958102584778,-0.00019200759844248,-0.05299564656872591,-0.09317043309242935,4.01342315003912731,1.13082883981291982,0.81999999999999995,1.76000000000000001
0.00481021223902439,0.00020926578573506,-0.05288078873518744,-0.09420778426939945,4.01200003669154182,1.16635326401937500,0.81999999999999995,1.76000000000000001
0.00480073896985855,0.00061038345299319,-0.05276237083525764,-0.09526010960449488,4.01030824495815086,1.20203010773774754,0.81999999999999995,1.76000000000000001
0.00479115971202066,0.00101131836466157,-0.05264037764547053,-0.09632758752221821,4.00834434994142352,1.23785899609104244,0.81999999999999995,1.76000000000000001
0.00478147294129456,0.00141204313709036,-0.05251479398141847,-0.09741039732445976,4.00610487683853744,1.27383952259980027,0.81999999999999995,1.76000000000000001
0.00477167711549126,0.00181253003662662,-0.05238560470097008,-0.09850871916059990,4.00358630027990081,1.30997124802202114,0.81999999999999995,1.76000000000000001
0.00476177067436577,0.00221275097452450,-0.05225279470760597,-0.09962273399568351,4.00078504366693988,1.34625369915650639,0.81999999999999995,1.76000000000000001
0.00475175203953723,0.00261267750178928,-0.05211634895387615,-0.10075262357658349,3.99769747850969592,1.38268636760855257,0.81999999999999995,1.76000000000000001
0.00474161961441248,0.00301228080395505,-0.05197625244498263,-0.10189857039606703,3.99431992376482992,1.41926870851691356,0.81999999999999995,1.76000000000000001
0.00473137178411336,0.00341153169579638,-0.05183249024249141,-0.10306075765467504,3.99064864517466322,1.45600013924091587,0.81999999999999995,1.76000000000000001
0.00472100691540796,0.00381040061597386,-0.05168504746817776,-0.10423936922032172,3.98667985460792851,1.49288003800658897,0.81999999999999995,1.76000000000000001
0.00471052335664596,0.00420885762161389,-0.05153390930800900,-0.10543458958551818,3.98240970940294892,1.52990774251064687,0.81999999999999995,1.76000000000000001
0.00469991943769846,0.00460687238282296,-0.05137906101626905,-0.10664660382212009,3.97783431171400892,1.56708254848112860,0.81999999999999995,1.76000000000000001
0.00468919346990236,0.00500441417713667,-0.05122048791982909,-0.10787559753349577,3.97294970786173351,1.60440370819348255,0.81999999999999995,1.76000000000000001
0.00467834374600976,0.00540145188390412,-0.05105817542256892,-0.10912175680400771,3.96775188768833464,1.64187042894085167,0.81999999999999995,1.76000000000000001
0.00466736854014249,0.00579795397860808,-0.05089210900995366,-0.11038526814569610,3.96223678391864897,1.67948187145729011,0.81999999999999995,1.76000000000000001
0.00465626610775209,0.00619388852712153,-0.05072227425377047,-0.11166631844204941,3.95640027152793827,1.71723714829261809,0.81999999999999995,1.76000000000000001
0.00464503468558568,0.00658922317990147,-0.05054865681703034,-0.11296509488874276,3.95023816711748843,1.75513532213759627,0.81999999999999995,1.76000000000000001
0.00463367249165775,0.00698392516612064,-0.05037124245903979,-0.11428178493122067,3.94374622829910493,1.79317540409807274,0.81999999999999995,1.76000000000000001
0.00462217772522850,0.00737796128773819,-0.05019001704064791,-0.11561657619899637,3.93692015308966292,1.83135635191673529,0.81999999999999995,1.76000000000000001
0.00461054856678884,0.00777129791351045,-0.05000496652967376,-0.11696965643653573,3.92975557931694874,1.86967706814107415,0.81999999999999995,1.76000000000000001
0.00459878317805251,0.00816390097294274,-0.04981607700651983,-0.11834121343058875,3.92224808403808911,1.90813639823613879,0.81999999999999995,1.76000000000000001
0.00458687970195559,0.00855573595018388,-0.04962333466997699,-0.11973143493382744,3.91439318297195005,1.94673312864064885,0.81999999999999995,1.76000000000000001
0.00457483626266397,0.00894676787786457,-0.04942672584322669,-0.12114050858464398,3.90618632994695947,1.98546598476499581,0.81999999999999995,1.76000000000000001
0.00456265096558886,0.00933696133088146,-0.04922623698004645,-0.12256862182295782,3.89762291636589264,2.02433362892965407,0.81999999999999995,1.76000000000000001
0.00455032189741109,0.00972628042012858,-0.04902185467122439,-0.12401596180187593,3.88869827068924723,2.06333465824249718,0.81999999999999995,1.76000000000000001
0.00453784712611437,0.01011468878617815,-0.04881356565118927,-0.12548271529504496,3.87940765793892206,2.10246760241349806,0.81999999999999995,1.76000000000000001
0.00452522470102803,0.01050214959291277,-0.04860135680486222,-0.12696906859952872,3.86974627922400893,2.14173092150527378,0.81999999999999995,1.76000000000000001
0.00451245265287974,0.01088862552111145,-0.04838521517473663,-0.12847520743403965,3.85970927129060559,2.18112300361792233,0.81999999999999995,1.76000000000000001
0.00449952899385864,0.01127407876199189,-0.04816512796819303,-0.13000131683234672,3.84929170609766524,2.22064216250657731,0.81999999999999995,1.76000000000000001
0.00448645171768939,0.01165847101071167,-0.04794108256505551,-0.13154758103167746,3.83848859042099422,2.26028663513010741,0.81999999999999995,1.76000000000000001
0.00447321879971757,0.01204176345983147,-0.04771306652539686,-0.13311418335592551,3.82729486548763820,2.30005457912936651,0.81999999999999995,1.76000000000000001
0.00445982819700712,0.01242391679274319,-0.04748106759759946,-0.13470130609347011,3.81570540664299740,2.33994407023339646,0.81999999999999995,1.76000000000000001
0.00444627784845022,0.01280489117706665,-0.04724507372667921,-0.13630913036940756,3.80371502305314824,2.37995309959198398,0.81999999999999995,1.76000000000000001
0.00443256567489023,0.01318464625801830,-0.04700507306287995,-0.13793783601198908,3.79131845744496365,2.42007957103296478,0.81999999999999995,1.76000000000000001
0.00441868957925833,0.01356314115175602,-0.04676105397054601,-0.13958760141305371,3.77851038588676946,2.46032129824267853,0.81999999999999995,1.76000000000000001
0.00440464744672439,0.01394033443870407,-0.04651300503728055,-0.14125860338223872,3.76528541761240110,2.50067600186797057,0.81999999999999995,1.76000000000000001
0.00439043714486272,0.01431618415686276,-0.04626091508339779,-0.14295101699474441,3.75163809489167654,2.54114130653816295,0.81999999999999995,1.76000000000000001
0.00437605652383344,0.01469064779510765,-0.04600477317167703,-0.14466501543242336,3.73756289295044652,2.58171473780541216,0.81999999999999995,1.76000000000000001
0.00436150341658004,0.01506368228648333,-0.04574456861742680,-0.14640076981795913,3.72305421994354324,2.62239371900190399,0.81999999999999995,1.76000000000000001
0.00434677563904385,0.01543524400149727,-0.04548029099886754,-0.14815844904189293,3.70810641698410448,2.66317556801235078,0.81999999999999995,1.76000000000000001
0.00433187099039627,0.01580528874141966,-0.04521193016784131,-0.14993821958225034,3.69271375823292303,2.70405749396028483,0.81999999999999995,1.76000000000000001
0.00431678725328931,0.01617377173159527,-0.04493947626085723,-0.15174024531651525,3.67687045105164323,2.74503659380668363,0.81999999999999995,1.76000000000000001
0.00430152219412537,0.01654064761477396,-0.04466291971048150,-0.15356468732569126,3.66057063622380685,2.78610984885949176,0.81999999999999995,1.76000000000000001
0.00428607356334708,0.01690587044446695,-0.04438225125708099,-0.15541170369018537,3.64380838824793818,2.82727412119266042,0.81999999999999995,1.76000000000000001
0.00427043909574785,0.01726939367833615,-0.04409746196092957,-0.15728144927724358,3.62657771570705156,2.86852614997338051,0.81999999999999995,1.76000000000000001
0.00425461651080422,0.01763117017162438,-0.04380854321468620,-0.15917407551966131,3.60887256171916615,2.90986254769623898,0.81999999999999995,1.76000000000000001
0.00423860351303074,0.01799115217063502,-0.04351548675625447,-0.16108973018548733,3.59068680447361821,2.95127979632311277,0.81999999999999995,1.76000000000000001
0.00422239779235831,0.01834929130626967,-0.04321828468203285,-0.16302855713843384,3.57201425785817461,2.99277424332768494,0.81999999999999995,1.76000000000000001
0.00420599702453705,0.01870553858763335,-0.04291692946056524,-0.16499069608870093,3.55284867218217615,3.03434209764356044,0.81999999999999995,1.76000000000000001
0.00418939887156445,0.01905984439571701,-0.04261141394660167,-0.16697628233391867,3.53318373500116012,3.07597942551506431,0.81999999999999995,1.76000000000000001
0.00417260098214007,0.01941215847716783,-0.04230173139557879,-0.16898544648990574,3.51301307204865321,3.11768214624991247,0.81999999999999995,1.76000000000000001
0.00415560099214758,0.01976242993815829,-0.04198787547852996,-0.17101831421093941,3.49233024828105965,3.15944602787306961,0.81999999999999995,1.76000000000000001
0.00413839652516536,0.02011060723836564,-0.04166984029743499,-0.17307500589922872,3.47112876904182244,3.20126668268125059,0.81999999999999995,1.76000000000000001
0.00412098519300670,0.02045663818507404,-0.04134762040101941,-0.17515563640327841,3.44940208135128756,3.24313956269766646,0.81999999999999995,1.76000000000000001
0.00410336459629070,0.02080046992741222,-0.04102121080101326,-0.17726031470482975,3.42714357532896186,3.28505995502678738,0.81999999999999995,1.76000000000000001
0.00408553232504512,0.02114204895074028,-0.04069060698887933,-0.17938914359406163,3.40434658575511762,3.32702297710906958,0.81999999999999995,1.76000000000000001
0.00406748595934227,0.02148132107119993,-0.04035580495302107,-0.18154221933273415,3.38100439377897644,3.36902357187579904,0.81999999999999995,1.76000000000000001
0.00404922306996921,0.02181823143044317,-0.04001680119647985,-0.18371963130495628,3.35711022878097820,3.41105650280441219,0.81999999999999995,1.76000000000000001
0.00403074121913347,0.02215272449055529,-0.03967359275513175,-0.18592146165525947,3.33265727039692106,3.45311634887488994,0.81999999999999995,1.76000000000000001
0.00401203796120570,0.02248474402918856,-0.03932617721639355,-0.18814778491365963,3.30763865071205210,3.49519749942807900,0.81999999999999995,1.76000000000000001
0.00399311084350039,0.02281423313492437,-0.03897455273844776,-0.19039866760739252,3.28204745663347408,3.53729414892706373,0.81999999999999995,1.76000000000000001
0.00397395740709613,0.02314113420288174,-0.03861871806999635,-0.19267416785901009,3.25587673244952924,3.57940029162300810,0.81999999999999995,1.76000000000000001
0.00395457518769674,0.02346538893059155,-0.03825867257055256,-0.19497433497052985,3.22911948258512638,3.62150971612721007,0.81999999999999995,1.76000000000000001
0.00393496171653476,0.02378693831415647,-0.03789441623128008,-0.19729920899333445,3.20176867456226155,3.66361599989145503,0.81999999999999995,1.76000000000000001
0.00391511452131857,0.02410572264471762,-0.03752594969638875,-0.19964882028352596,3.17381724217530037,3.70571250359911897,0.81999999999999995,1.76000000000000001
0.00389503112722479,0.02442168150524986,-0.03715327428509544,-0.20202318904244707,3.14525808889088054,3.74779236546987748,0.81999999999999995,1.76000000000000001
0.00387470905793735,0.02473475376770876,-0.03677639201415868,-0.20442232484209166,3.11608409148259557,3.78984849548129388,0.81999999999999995,1.76000000000000001
0.00385414583673479,0.02504487759055324,-0.03639530562099509,-0.20684622613513867,3.08628810391091957,3.83187356951102398,0.81999999999999995,1.76000000000000001
0.00383333898762738,0.02535199041666881,-0.03601001858738544,-0.20929487974935695,3.05586296145912550,3.87386002340385316,0.81999999999999995,1.76000000000000001
0.00381228603654549,0.02565602897171779,-0.03562053516377751,-0.21176826036614380,3.02480148513624325,3.91580004696830430,0.81999999999999995,1.76000000000000001
0.00379098451258101,0.02595692926294354,-0.03522686039419266,-0.21426632998297790,2.99309648635838066,3.95768557790811437,0.81999999999999995,1.76000000000000001
0.00376943194928329,0.02625462657845727,-0.03482900014174220,-0.21678903735958757,2.96074077192000562,3.99950829569445299,0.81999999999999995,1.76000000000000001
0.00374762588601127,0.02654905548703701,-0.03442696111475928,-0.21933631744765694,2.92772714926705691,4.04125961538539613,0.81999999999999995,1.76000000000000001
0.00372556386934354,0.02684014983846938,-0.03402075089355115,-0.22190809080391879,2.89404843208399765,4.08293068139982562,0.81999999999999995,1.76000000000000001
0.00370324345454781,0.02712784276446638,-0.03361037795777598,-0.22450426298650991,2.85969744620716115,4.12451236125362630,0.81999999999999995,1.76000000000000001
0.00368066220711172,0.02741206668019030,-0.03319585171444761,-0.22712472393449626,2.82466703587696077,4.16599523926680693,0.81999999999999995,1.76000000000000001
0.00365781770433643,0.02769275328642134,-0.03277718252657066,-0.22976934733050947,2.78895007034173226,4.20736961025095102,0.81999999999999995,1.76000000000000001
0.00363470753699484,0.02796983357240371,-0.03235438174240739,-0.23243798994647344,2.75253945082615514,4.24862547318723394,0.81999999999999995,1.76000000000000001
0.00361132931105610,0.02824323781940740,-0.03192746172537687,-0.23513049097244137,2.71542811787734184,4.28975252490612569,0.81999999999999995,1.76000000000000001
0.00358768064947805,0.02851289560504394,-0.03149643588458553,-0.23784667132860854,2.67760905910181313,4.33074015378081700,0.81999999999999995,1.76000000000000001
0.00356375919406929,0.02877873580837597,-0.03106131870598714,-0.24058633296061491,2.63907531730665434,4.37157743344736627,0.81999999999999995,1.76000000000000001
0.00353956260742256,0.02904068661586171,-0.03062212578416890,-0.24334925811830560,2.59981999905820160,4.41225311656559960,0.81999999999999995,1.76000000000000001
0.00351508857492107,0.02929867552817670,-0.03017887385475875,-0.24613520861817420,2.55983628367160909,4.45275562863583918,0.81999999999999995,1.76000000000000001
0.00349033480681941,0.02955262936795663,-0.02973158082744755,-0.24894392508977722,2.51911743264461352,4.49307306188766198,0.81999999999999995,1.76000000000000001
0.00346529904040050,0.02980247428850629,-0.02928026581961810,-0.25177512620647474,2.47765679954871754,4.53319316925804738,0.81999999999999995,1.76000000000000001
0.00343997904221041,0.03004813578352104,-0.02882494919057100,-0.25462850790092506,2.43544784039086748,4.57310335847747851,0.81999999999999995,1.76000000000000001
0.00341437261037218,0.03028953869786855,-0.02836565257633586,-0.25750374256583908,2.39248412445849645,4.61279068628382927,0.81999999999999995,1.76000000000000001
0.00338847757698045,0.03052660723947967,-0.02790239892505366,-0.26040047824058332,2.34875934566052358,4.65224185278516256,0.81999999999999995,1.76000000000000001
0.00336229181057795,0.03075926499239882,-0.02743521253291459,-0.26331833778430991,2.30426733437655429,4.69144319599393089,0.81999999999999995,1.76000000000000001
0.00333581321871546,0.03098743493104507,-0.02696411908063289,-0.26625691803638651,2.25900206982610374,4.73038068655645905,0.81999999999999995,1.76000000000000001
0.00330903975059624,0.03121103943573675,-0.02648914567043784,-0.26921578896500092,2.21295769296914369,4.76903992270303423,0.81999999999999995,1.76000000000000001
0.00328196939980618,0.03143000030953300,-0.02601032086355773,-0.27219449280492214,2.16612851994867617,4.80740612544540902,0.81999999999999995,1.76000000000000001
0.00325460020713063,0.03164423879644720,-0.02552767471817043,-0.27519254318551412,2.11850905608533147,4.84546413405004817,0.81999999999999995,1.76000000000000001
0.00322693026345896,0.03185367560108784,-0.02504123882779170,-0.27820942425021805,2.07009401043317265,4.88319840181700204,0.81999999999999995,1.76000000000000001
0.00319895771277745,0.03205823090978326,-0.02455104636006891,-0.28124458976884759,2.02087831090496994,4.92059299219587842,0.81999999999999995,1.76000000000000001
0.00317068075525127,0.03225782441324789,-0.02405713209594505,-0.28429746224417390,1.97085711997415980,4.95763157527199727,0.81999999999999995,1.76000000000000001
0.00314209765039608,0.03245237533084760,-0.02355953246915412,-0.28736743201441928,1.92002585095952760,4.99429742465744475,0.81999999999999995,1.76000000000000001
0.00311320672033939,0.03264180243652295,-0.02305828560600568,-0.29045385635342463,1.86838018489734203,5.03057341482340270,0.81999999999999995,1.76000000000000001
0.00308400635317209,0.03282602408642916,-0.02255343136541247,-0.29355605857041123,1.81591608800421045,5.06644201891176671,0.81999999999999995,1.76000000000000001
0.00305449500638984,0.03300495824835199,-0.02204501137911138,-0.29667332711141697,1.76262982973231797,5.10188530706574195,0.81999999999999995,1.76000000000000001
0.00302467121042412,0.03317852253295866,-0.02153306909202356,-0.29980491466465581,1.70851800141693855,5.13688494532074280,0.81999999999999995,1.76000000000000001
0.00299453357226255,0.03334663422694323,-0.02101764980269571,-0.30295003727222147,1.65357753551416997,5.17142219509854417,0.81999999999999995,1.76000000000000001
0.00296408077915753,0.03350921032812498,-0.02049880070375996,-0.30610787345073742,1.59780572542473220,5.20547791334925058,0.81999999999999995,1.76000000000000001
0.00293331160242227,0.03366616758255822,-0.01997657092234520,-0.30927756332373868,1.54120024589736682,5.23903255338718132,0.81999999999999995,1.76000000000000001
0.00290222490131291,0.03381742252371114,-0.01945101156036817,-0.31245820776876310,1.48375917400289525,5.27206616646828774,0.81999999999999995,1.76000000000000001
0.00287081962699498,0.03396289151377000,-0.01892217573462771,-0.31564886758232397,1.42548101066730593,5.30455840415813995,0.81999999999999995,1.76000000000000001
0.00283909482659243,0.03410249078712414,-0.01839011861662056,-0.31884856266613498,1.36636470274936084,5.33648852154087194,0.81999999999999995,1.76000000000000001
0.00280704964731678,0.03423613649608508,-0.01785489747199207,-0.32205627123816150,1.30640966564512229,5.36783538132071669,0.81999999999999995,1.76000000000000001
0.00277468334067373,0.03436374475889175,-0.01731657169952997,-0.32527092907227662,1.24561580639850100,5.39857745886888818,0.81999999999999995,1.76000000000000001
0.00274199526674429,0.03448523171005092,-0.01677520286960394,-0.32849142877050796,1.18398354729341593,5.42869284826954424,0.81999999999999995,1.76000000000000001
0.00270898489853678,0.03460051355305985,-0.01623085476194827,-0.33171661907206756,1.12151384989942993,5.45815926941940610,0.81999999999999995,1.76000000000000001
0.00267565182640604,0.03470950661555484,-0.01568359340267975,-0.33494530420356367,1.05820823953878818,5.48695407623624032,0.81999999999999995,1.76000000000000001
0.00264199576253522,0.03481212740692608,-0.01513348710043678,-0.33817624327499884,0.99406883013862757,5.51505426603185001,0.81999999999999995,1.76000000000000001
0.00260801654547560,0.03490829267843524,-0.01458060648152073,-0.34140814972635858,0.92909834942777170,5.54243649010544370,0.81999999999999995,1.76000000000000001
0.00257371414473893,0.03499791948586821,-0.01402502452391460,-0.34463969082979118,0.86330016443294977,5.56907706561319671,0.81999999999999995,1.76000000000000001
0.00253908866543665,0.03508092525475028,-0.01346681659004854,-0.34786948725256933,0.79667830722452115,5.59495198876950006,0.81999999999999995,1.76000000000000001
0.00250414035295942,0.03515722784814618,-0.01290606045817649,-0.35109611268620355,0.72923750085683203,5.62003694943477594,0.81999999999999995,1.76000000000000001
0.00246886959769034,0.03522674563706131,-0.01234283635222230,-0.35431809354724797,0.66098318544320489,5.64430734714375593,0.81999999999999995,1.76000000000000001
0.00243327693974419,0.03528939757345464,-0.01177722696994898,-0.35753390875549568,0.59192154430027621,5.66773830862681560,0.81999999999999995,1.76000000000000001
0.00239736307372473,0.03534510326586644,-0.01120931750929889,-0.36074198959540271,0.52205953009096795,5.69030470687523149,0.81999999999999995,1.76000000000000001
0.00236112885349149,0.03539378305765722,-0.01063919569274822,-0.36394071966670294,0.45140489088983099,5.71198118179910175,0.81999999999999995,1.76000000000000001
0.00232457529692677,0.03543535810784580,-0.01006695178951415,-0.36712843493028058,0.37996619608885351,5.73274216252409019,0.81999999999999995,1.76000000000000001
0.00228770359069303,0.03546975047452650,-0.00949267863544850,-0.37030342385544701,0.30775286205611541,5.75256189137010399,0.81999999999999995,1.76000000000000001
0.00225051509497021,0.03549688320083585,-0.00891647165044782,-0.37346392767482328,0.23477517745392190,5.77141444955146454,0.81999999999999995,1.76000000000000001
0.00221301134816196,0.03551668040343002,-0.00833842885320590,-0.37660814075305571,0.16104432811730227,5.78927378463405073,0.81999999999999995,1.76000000000000001
0.00217519407155900,0.03552906736342384,-0.00775865087313130,-0.37973421107558569,0.08657242138805109,5.80611373978026712,0.81999999999999995,1.76000000000000001
0.00213706517394742,0.03553397061973133,-0.00717724095925006,-0.38284024086365426,0.01137250979386628,5.82190808480750110,0.81999999999999995,1.76000000000000001
0.00209862675614879,0.03553131806473659,-0.00659430498591090,-0.38592428732164302,-0.06454138604335682,5.83663054907993928,0.81999999999999995,1.76000000000000001
0.00205988111547879,0.03552103904221207,-0.00600995145510905,-0.38898436352273369,-0.14115425539132542,5.85025485624723007,0.81999999999999995,1.76000000000000001
0.00202083075011004,0.03550306444738845,-0.00542429149524357,-0.39201843943870412,-0.21845007640956643,5.86275476083646829,0.81999999999999995,1.76000000000000001
0.00198147836332454,0.03547732682906805,-0.00483743885612280,-0.39502444311946860,-0.29641179630116016,5.87410408669635942,0.81999999999999995,1.76000000000000001
0.00194182686764047,0.03544376049365990,-0.00424950990003312,-0.39800026202770966,-0.37502131274950445,5.88427676728414983,0.81999999999999995,1.76000000000000001
0.00190187938879747,0.03540230161100111,-0.00366062358868765,-0.40094374453363535,-0.45425945677961399,5.89324688777705141,0.81999999999999995,1.76000000000000001
0.00186163926958435,0.03535288832181496,-0.00307090146587368,-0.40385270157452824,-0.53410597718695507,5.90098872898037285,0.81999999999999995,1.76000000000000001
0.00182111007349236,0.03529546084664158,-0.00248046763562096,-0.40672490848332793,-0.61453952667974554,5.90747681299449123,0.81999999999999995,1.76000000000000001
0.00178029558817700,0.03522996159606266,-0.00188944873571738,-0.40955810699000378,-0.69553764988294364,5.91268595059212654,0.81999999999999995,1.76000000000000001
0.00173919982871095,0.03515633528202637,-0.00129797390640380,-0.41235000739893168,-0.77707677335372671,5.91659129024615904,0.81999999999999995,1.76000000000000001
0.00169782704061032,0.03507452903006390,-0.00070617475408648,-0.41509829094488071,-0.85913219775905447,5.91916836873649910,0.81999999999999995,1.76000000000000001
0.00165618170261627,0.03498449249217390,-0.00011418530991344,-0.41780061232954907,-0.94167809236584321,5.92039316325234655,0.81999999999999995,1.76000000000000001
0.00161426852921396,0.03488617796013595,0.00047785801693041,-0.42045460243985661,-1.02468749199327269,5.92024214489356027,0.81999999999999995,1.76000000000000001
0.00157209247287048,0.03477954047899967,0.00106981649134361,-0.42305787124841010,-1.10813229657473999,5.91869233346194523,0.81999999999999995,1.76000000000000001
0.00152965872597374,0.03466453796048095,0.00166154910996709,-0.42560801089570399,-1.19198327347389155,5.91572135342003769,0.81999999999999995,1.76000000000000001
0.00148697272245397,0.03454113129598314,0.00225291266449176,-0.42810259895270814,-1.27621006269494908,5.91130749088160723,0.81999999999999995,1.76000000000000001
0.00144404013907018,0.03440928446894684,0.00284376181071064,-0.43053920186152683,-1.36078118512213142,5.90542975148459259,0.81999999999999995,1.76000000000000001
0.00140086689634367,0.03426896466621882,0.00343394914339559,-0.43291537855079365,-1.44566405391631814,5.89806791898374794,0.81999999999999995,1.76000000000000001
0.00135745915912152,0.03412014238811850,0.00402332527706202,-0.43522868422139843,-1.53082498918915766,5.88920261438692094,0.81999999999999995,1.76000000000000001
0.00131382333675315,0.03396279155686838,0.00461173893266667,-0.43747667429703230,-1.61622923606556168,5.87881535544578959,0.81999999999999995,1.76000000000000001
0.00126996608286393,0.03379688962304464,0.00519903703026371,-0.43965690853288825,-1.70184098623491442,5.86688861629916492,0.81999999999999995,1.76000000000000001
0.00122589429471028,0.03362241766969437,0.00578506478762400,-0.44176695527467724,-1.78762340307937428,5.85340588705473408,0.81999999999999995,1.76000000000000001
0.00118161511210172,0.03343936051375804,0.00636966582480006,-0.44380439585891945,-1.87353865045432788,5.83835173308354971,0.81999999999999995,1.76000000000000001
0.00113713591587631,0.03324770680442864,0.00695268227459633,-0.44576682914425647,-1.95954792518141963,5.82171185379077016,0.81999999999999995,1.76000000000000001
0.00109246432591680,0.03304744911807400,0.00753395489888007,-0.44765187616231250,-2.04561149329863179,5.80347314061630648,0.81999999999999995,1.76000000000000001
0.00104760819869630,0.03283858404934502,0.00811332321064325,-0.44945718487542063,-2.13168873009469895,5.78362373401025032,0.81999999999999995,1.76000000000000001
0.00100257562434340,0.03262111229809084,0.00869062560169978,-0.45118043502733507,-2.21773816393675594,5.76215307912041030,0.81999999999999995,1.76000000000000001
0.00095737492321813,0.03239503875170188,0.00926569947587591,-0.45281934307188426,-2.30371752388063866,5.73905197992312299,0.81999999999999995,1.76000000000000001
0.00091201464199194,0.03216037256250396,0.00983838138752455,-0.45437166716339356,-2.38958379103276863,5.71431265152383006,0.81999999999999995,1.76000000000000001
0.00086650354922616,0.03191712721983075,0.01040850718516657,-0.45583521219163231,-2.47529325361118380,5.68792877035092470,0.81999999999999995,1.76000000000000001
0.00082085063044553,0.03166532061640815,0.01097591216003459,-0.45720783484303379,-2.56080156563116867,5.65989552196510726,0.81999999999999995,1.76000000000000001
0.00077506508270512,0.03140497510869281,0.01154043119926692,-0.45848744866900543,-2.64606380911822203,5.63020964620717201,0.81999999999999995,1.76000000000000001
0.00072915630865086,0.03113611757081799,0.01210189894347176,-0.45967202914130950,-2.73103455972797660,5.59886947940974888,0.81999999999999995,1.76000000000000001
0.00068313391007605,0.03085877944181289,0.01266014994835452,-0.46075961867375753,-2.81566795562930894,5.56587499340324854,0.81999999999999995,1.76000000000000001
0.00063700768097826,0.03057299676577742,0.01321501885007440,-0.46174833158884271,-2.89991776948347102,5.53122783105308002,0.81999999999999995,1.76000000000000001
0.00059078760012326,0.03027881022471207,0.01376634053397072,-0.46263635900744021,-2.98373748332883348,5.49493133807424439,0.81999999999999995,1.76000000000000001
0.00054448382312475,0.02997626516372284,0.01431395030627430,-0.46342197363934901,-3.06708036615796997,5.45699059088059890,0.81999999999999995,1.76000000000000001
0.00049810667405087,0.02966541160834356,0.01485768406839602,-0.46410353445223895,-3.14989955395158328,5.41741242023953262,0.81999999999999995,1.76000000000000001
0.00045166663657092,0.02934630427374257,0.01539737849336202,-0.46467949119651225,-3.23214813191236594,5.37620543051837352,0.81999999999999995,1.76000000000000001
0.00040517434465767,0.02901900256560752,0.01593287120394493,-0.46514838876369541,-3.31377921862158198,5.33338001432658171,0.81999999999999995,1.76000000000000001
0.00035864057286306,0.02868357057253065,0.01646400095202172,-0.46550887135625330,-3.39474605182213507,5.28894836237753996,0.81999999999999995,1.76000000000000001
0.00031207622618737,0.02834007704974738,0.01699060779867215,-0.46575968644716226,-3.47500207551442442,5.24292446841548276,0.81999999999999995,1.76000000000000001
0.00026549232956364,0.02798859539411339,0.01751253329451753,-0.46589968850819918,-3.55450102803554779,5.19532412907663055,0.81999999999999995,1.76000000000000001
0.00021890001698186,0.02762920361023890,0.01802962065978795,-0.46592784248669633,-3.63319703077865563,5.14616493857876112,0.81999999999999995,1.76000000000000001
0.00017231052027874,0.02726198426773364,0.01854171496359634,-0.46584322701147557,-3.71104467719762621,5.09546627816014563,0.81999999999999995,1.76000000000000001
0.00012573515762124,0.02688702444955234,0.01904866330189171,-0.46564503730980783,-3.78799912173293407,5.04324930021666340,0.81999999999999995,1.76000000000000001
0.00007918532171355,0.02650441569146691,0.01955031497355991,-0.46533258781853576,-3.86401616828774896,4.98953690711491582,0.81999999999999995,1.76000000000000001
0.00003267246775892,0.02611425391272923,0.02004652165413979,-0.46490531447394490,-3.93905235787906749,4.93435372468891398,0.81999999999999995,1.76000000000000001
-0.00001379189879090,0.02571663933802566,0.02053713756662452,-0.46436277666655706,-4.01306505508714206,4.87772607045822593,0.81999999999999995,1.76000000000000001
-0.00006019623466436,0.02531167641086243,0.02102201964882366,-0.46370465884874107,-4.08601253292770394,4.81968191663604806,0.81999999999999995,1.76000000000000001
-0.00010652897134186,0.02489947369855813,0.02150102771676942,-0.46293077178487257,-4.15785405577552769,4.76025084802622267,0.81999999999999995,1.76000000000000001
-0.00015277852773422,0.02448014378905653,0.02197402462366241,-0.46204105343571611,-4.22854995997473004,4.69946401493846366,0.81999999999999995,1.76000000000000001
-0.00019893332293107,0.02405380317980889,0.02244087641386628,-0.46103556947072521,-4.29806173178087647,4.63735408128072901,0.81999999999999995,1.76000000000000001
-0.00024498178898167,0.02362057215900968,0.02290145247147818,-0.45991451340404943,-4.36635208229235428,4.57395516801642454,0.81999999999999995,1.76000000000000001
-0.00029091238367039,0.02318057467950362,0.02335562566302201,-0.45867820635217521,-4.43338501904352533,4.50930279220176633,0.81999999999999995,1.76000000000000001
-0.00033671360324909,0.02273393822571309,0.02380327247383444,-0.45732709641329511,-4.49912591394975259,4.44343380184477699,0.81999999999999995,1.76000000000000001
-0.00038237399508856,0.02228079367396579,0.02424427313773882,-0.45586175767067333,-4.56354156731435268,4.37638630685191021,0.81999999999999995,1.76000000000000001
-0.00042788217021170,0.02182127514662974,0.02467851175963010,-0.45428288882443735,-4.62660026762968801,4.30819960635084875,0.81999999999999995,1.76000000000000001
-0.00047322681567152,0.02135551986048882,0.02510587643062363,-0.45259131145835296,-4.68827184692876031,4.23891411269845442,0.81999999999999995,1.76000000000000001
-0.00051839670673801,0.02088366796981472,0.02552625933545262,-0.45078796795021270,-4.74852773146959617,4.16857127250096138,0.81999999999999995,1.76000000000000001
-0.00056338071885856,0.02040586240461191,0.02593955685183237,-0.44887391903647061,-4.80734098756213424,4.09721348498908888,0.81999999999999995,1.76000000000000001
-0.00060816783935812,0.01992224870452967,0.02634566964154457,-0.44685034104366345,-4.86468636237602592,4.02488401810375507,0.81999999999999995,1.76000000000000001
-0.00065274717884646,0.01943297484894983,0.02674450273303092,-0.44471852280096080,-4.92054031959741334,3.95162692265832005,0.81999999999999995,1.76000000000000001
-0.00069710798230132,0.01893819108377088,0.02713596559532234,-0.44247986224986163,-4.97488106983309653,3.87748694495073565,0.81999999999999995,1.76000000000000001
-0.00074123963979824,0.01843804974541722,0.02751997220316761,-0.44013586276859290,-5.02768859569124693,3.80250943820361886,0.81999999999999995,1.76000000000000001
-0.00078513169685917,0.01793270508260844,0.02789644109326325,-0.43768812923015171,-5.07894467149867790,3.72674027321203871,0.81999999999999995,1.76000000000000001
-0.00082877386439459,0.01742231307642547,0.02826529541152434,-0.43513836381415749,-5.12863287764533826,3.65022574857778981,0.81999999999999995,1.76000000000000001
-0.00087215602821528,0.01690703125921023,0.02862646295137376,-0.43248836159373549,-5.17673860957690923,3.57301250090514921,0.81999999999999995,1.76000000000000001
-0.00091526825809242,0.01638701853283157,0.02897987618306448,-0.42974000591953132,-5.22324908148586253,3.49514741532668483,0.81999999999999995,1.76000000000000001
-0.00095810081634701,0.01586243498684414,0.02932547227408594,-0.42689526362365482,-5.26815332477980025,3.41667753671871433,0.81999999999999995,1.76000000000000001
-0.00100064416595155,0.01533344171705706,0.02966319310074102,-0.42395618006686714,-5.31144218143319158,3.33764998195464013,0.81999999999999995,1.76000000000000001
-0.00104288897812961,0.01480020064501804,0.02999298525101426,-0.42092487405265927,-5.35310829235442398,3.25811185353079846,0.81999999999999995,1.76000000000000001
-0.00108482613944118,0.01426287433890352,0.03031480001888463,-0.41780353263202391,-5.39314608092429015,3.17811015488381354,0.81999999999999995,1.76000000000000001
-0.00112644675834397,0.01372162583628904,0.03062859339026727,-0.41459440582270046,-5.43155173188441776,3.09769170770097713,0.81999999999999995,1.76000000000000001
-0.00116774217122340,0.01317661846925510,0.03093432602079778,-0.41129980126648213,-5.46832316577460276,3.01690307150607362,0.81999999999999995,1.76000000000000001
-0.00120870394788613,0.01262801569226281,0.03123196320569983,-0.40792207884781961,-5.50346000913638367,2.93579046578257241,0.81999999999999995,1.76000000000000001
-0.00124932389651451,0.01207598091321127,0.03152147484200210,-0.40446364529644896,-5.53696356071644402,2.85439969487446366,0.81999999999999995,1.76000000000000001
-0.00128959406808143,0.01152067732806425,0.03180283538339333,-0.40092694879612217,-5.56883675391743527,2.77277607588242514,0.81999999999999995,1.76000000000000001
-0.00132950676022715,0.01096226775940875,0.03207602378802495,-0.39731447362073852,-5.59908411575561615,2.69096436974975006,0.81999999999999995,1.76000000000000001
-0.00136905452060210,0.01040091449928126,0.03234102345958903,-0.39362873481827493,-5.62771172259419927,2.60900871570873516,0.81999999999999995,1.76000000000000001
-0.00140823014968116,0.00983677915657034,0.03259782218201507,-0.38987227296190957,-5.65472715292860695,2.52695256923428335,0.81999999999999995,1.76000000000000001
-0.00144702670305726,0.00927002250927648,0.03284641204814275,-0.38604764898663652,-5.68013943750488881,2.44483864362752179,0.81999999999999995,1.76000000000000001
-0.00148543749322357,0.00870080436188160,0.03308678938273879,-0.38215743912849409,-5.70395900705552616,2.36270885532846098,0.81999999999999995,1.76000000000000001
-0.00152345609085545,0.00812928340805213,0.03331895466023471,-0.37820422998229192,-5.72619763793770087,2.28060427303337176,0.81999999999999995,1.76000000000000001
-0.00156107632560471,0.00755561709887145,0.03354291241756892,-0.37419061369243317,-5.74686839595804244,2.19856507066974682,0.81999999999999995,1.76000000000000001
-0.00159829228642014,0.00697996151676865,0.03375867116252051,-0.37011918329010285,-5.76598557866492101,2.11663048425965616,0.81999999999999995,1.76000000000000001
-0.00163509832140963,0.00640247125528325,0.03396624327792438,-0.36599252818874628,-5.78356465638469963,2.03483877268113389,0.81999999999999995,1.76000000000000001
-0.00167148903726012,0.00582329930477775,0.03416564492215689,-0.36181322984840164,-5.79962221227210506,1.95322718231704995,0.81999999999999995,1.76000000000000001
-0.00170745929823292,0.00524259694418353,0.03435689592627977,-0.35758385761809486,-5.81417588163717358,1.87183191556188544,0.81999999999999995,1.76000000000000001
-0.00174300422475236,0.00466051363883953,0.03454001968822561,-0.35330696476415896,-5.82724429080223150,1.79068810313897631,0.81999999999999995,1.76000000000000001
-0.00177811919160703,0.00407719694445861,0.03471504306440305,-0.34898508469101969,-5.83884699573223109,1.70982978016424214,0.81999999999999995,1.76000000000000001
-0.00181279982578279,0.00349279241723251,0.03488199625909233,-0.34462072735969823,-5.84900442067060133,1.62928986587719815,0.81999999999999995,1.76000000000000001
-0.00184704200394774,0.00290744353006366,0.03504091271199362,-0.34021637590803461,-5.85773779700081931,1.54910014694620735,0.81999999999999995,1.76000000000000001
-0.00188084184960945,0.00232129159489086,0.03519182898428015,-0.33577448347543382,-5.86506910254120761,1.46929126424249135,0.81999999999999995,1.76000000000000001
-0.00191419572996497,0.00173447569105572,0.03533478464349736,-0.33129747023379075,-5.87102100146727057,1.38989270296638523,0.81999999999999995,1.76000000000000001
-0.00194710025246415,0.00114713259963783,0.03546982214763713,-0.32678772062516442,-5.87561678504224894,1.31093278599968510,0.81999999999999995,1.76000000000000001
-0.00197955226110725,0.00055939674366950,0.03559698672870291,-0.32224758080575017,-5.87888031332267857,1.23243867034967991,0.81999999999999995,1.76000000000000001
-0.00201154883249700,-0.00002859986587522,0.03571632627606806,-0.31767935629474375,-5.88083595799172176,1.15443634654355143,0.81999999999999995,1.76000000000000001
-0.00204308727166587,-0.00061672767843714,0.03582789121991492,-0.31308530982580962,-5.88150854645896981,1.07695064082621350,0.81999999999999995,1.76000000000000001
-0.00207416510769838,-0.00120485964670702,0.03593173441502769,-0.30846765939805249,-5.88092330735144397,1.00000522001031200,0.81999999999999995,1.76000000000000001
-0.00210478008916837,-0.00179287126408403,0.03602791102519639,-0.30382857652265377,-5.87910581750674144,0.92362259882394293,0.81999999999999995,1.76000000000000001
-0.00213493017941054,-0.00238064059691275,0.03611647840847401,-0.29917018466066903,-5.87608195056574889,0.84782414959961216,0.81999999999999995,1.76000000000000001
-0.00216461355164506,-0.00296804831166298,0.03619749600351302,-0.29449455784688949,-5.87187782724918605,0.77263011414698712,0.81999999999999995,1.76000000000000001
-0.00219382858397374,-0.00355497769722442,0.03627102521719187,-0.28980371949414913,-5.86651976738950509,0.69805961765199886,0.81999999999999995,1.76000000000000001
-0.00222257385426530,-0.00414131468249484,0.03633712931372606,-0.28509964137200688,-5.86003424377742110,0.62413068444576958,0.81999999999999995,1.76000000000000001
-0.00225084813494701,-0.00472694784944565,0.03639587330544326,-0.28038424275334850,-5.85244783787061262,0.55086025548858741,0.81999999999999995,1.76000000000000001
-0.00227865038771911,-0.00531176844185303,0.03644732384538612,-0.27565938972213333,-5.84378719740100827,0.47826420741664827,0.81999999999999995,1.76000000000000001
-0.00230597975820774,-0.00589567036988581,0.03649154912189174,-0.27092689463525282,-5.83407899590651624,0.40635737300245522,0.81999999999999995,1.76000000000000001
-0.00233283557057146,-0.00647855021074347,0.03652861875528178,-0.26618851573126784,-5.82334989420316429,0.33515356288353154,0.81999999999999995,1.76000000000000001
-0.00235921732207576,-0.00706030720553868,0.03655860369678288,-0.26144595687864797,-5.81162650380435686,0.26466558841839077,0.81999999999999995,1.76000000000000001
-0.00238512467764891,-0.00764084325261911,0.03658157612978345,-0.25670086745604304,-5.79893535228536372,0.19490528553344255,0.81999999999999995,1.76000000000000001
-0.00241055746443230,-0.00822006289752249,0.03659760937351917,-0.25195484235707177,-5.78530285058322402,0.12588353942962383,0.81999999999999995,1.76000000000000001
-0.00243551566633699,-0.00879787331975786,0.03660677778926681,-0.24720942211211219,-5.77075526221497803,0.05761031002296858,0.81999999999999995,1.76000000000000001
-0.00245999941861817,-0.00937418431660349,0.03660915668911388,-0.24246609311961714,-5.75531867439051226,-0.00990534200099867,0.81999999999999995,1.76000000000000001
-0.00248400900247773,-0.00994890828410972,0.03660482224735954,-0.23772628797955456,-5.73901897099034741,-0.07665522863330168,0.81999999999999995,1.76000000000000001
-0.00250754483970511,-0.01052196019549122,0.03659385141459141,-0.23299138592168092,-5.72188180737332264,-0.14263200759624400,0.81999999999999995,1.76000000000000001
-0.00253060748736537,-0.01109325757709006,0.03657632183447214,-0.22826271332149420,-5.70393258697439176,-0.20782915510901689,0.81999999999999995,1.76000000000000001
-0.00255319763254296,-0.01166272048208613,0.03655231176325986,-0.22354154429687634,-5.68519643964857568,-0.27224093846025310,0.81999999999999995,1.76000000000000001
-0.00257531608714887,-0.01223027146212730,0.03652189999207730,-0.21882910137862180,-5.66569820171351246,-0.33586238847748684,0.81999999999999995,1.76000000000000001
-0.00259696378279830,-0.01279583553704675,0.03648516577193552,-0.21412655624825361,-5.64546239763994961,-0.39868927197741588,0.81999999999999995,1.76000000000000001
-0.00261814176576518,-0.01335934016282941,0.03644218874151036,-0.20943503053675053,-5.62451322333695192,-0.46071806427487377,0.81999999999999995,1.76000000000000001
-0.00263885119201938,-0.01392071519798448,0.03639304885766204,-0.20475559667804333,-5.60287453097649468,-0.52194592182254140,0.81999999999999995,1.76000000000000001
-0.00265909332235170,-0.01447989286847496,0.03633782632868138,-0.20008927881138397,-5.58056981530043128,-0.58237065504768037,0.81999999999999995,1.76000000000000001
-0.00267886951759137,-0.01503680773134952,0.03627660155024005,-0.19543705372694542,-5.55762220135157303,-0.64199070144658266,0.81999999999999995,1.76000000000000001
-0.00269818123392003,-0.01559139663721634,0.03620945504401613,-0.19079985184926904,-5.53405443356975191,-0.70080509899201648,0.81999999999999995,1.76000000000000001
-0.00271703001828570,-0.01614359869169218,0.03613646739896111,-0.18617855825344024,-5.50988886619319818,-0.75881345990372717,0.81999999999999995,1.76000000000000001
-0.00273541750391983,-0.01669335521595450,0.03605771921516988,-0.18157401370913839,-5.48514745490537514,-0.81601594482703432,0.81999999999999995,1.76000000000000001
-0.00275334540595996,-0.01724060970651793,0.03597329105031068,-0.17698701574797221,-5.45985174966749387,-0.87241323745976340,0.81999999999999995,1.76000000000000001
-0.00277081551718009,-0.01778530779435087,0.03588326336856853,-0.17241831974977609,-5.43402288867728700,-0.92800651966316972,0.81999999999999995,1.76000000000000001
-0.00278782970383044,-0.01832739720344178,0.03578771649205191,-0.16786864004380389,-5.40768159339521493,-0.98279744708815997,0.81999999999999995,1.76000000000000001
-0.00280438990158793,-0.01886682770891908,0.03568673055461006,-0.16333865102101430,-5.38084816458007964,-1.03678812534399256,0.81999999999999995,1.76000000000000001
-0.00282049811161832,-0.01940355109482267,0.03558038545800517,-0.15882898825389341,-5.35354247927701277,-1.08998108673274863,0.81999999999999995,1.76000000000000001
-0.00283615639675048,-0.01993752111161954,0.03546876083038208,-0.15434024962050696,-5.32578398870196068,-1.14237926756920438,0.81999999999999995,1.76000000000000001
-0.00285136687776330,-0.02046869343355041,0.03535193598697599,-0.14987299642971361,-5.29759171696808195,-1.19398598610230544,0.81999999999999995,1.76000000000000001
-0.00286613172978489,-0.02099702561588881,0.03522998989299745,-0.14542775454470266,-5.26898426060090141,-1.24480492105123952,0.81999999999999995,1.76000000000000001
-0.00288045317880408,-0.02152247705218904,0.03510300112863247,-0.14100501550224392,-5.23997978879057236,-1.29484009076611861,0.81999999999999995,1.76000000000000001
-0.00289433349829342,-0.02204500893159403,0.03497104785609515,-0.13660523762525228,-5.21059604433122292,-1.34409583302051572,0.81999999999999995,1.76000000000000001
-0.00290777500594312,-0.02256458419626958,0.03483420778866918,-0.13222884712647714,-5.18085034519901466,-1.39257678544054198,0.81999999999999995,1.76000000000000001
-0.00292078006050472,-0.02308116749902625,0.03469255816167450,-0.12787623920132429,-5.15075958672228396,-1.44028786657279584,0.81999999999999995,1.76000000000000001
-0.00293335105874349,-0.02359472516118613,0.03454617570529524,-0.12354777910800673,-5.12034024429889900,-1.48723425759135486,0.81999999999999995,1.76000000000000001
-0.00294549043249817,-0.02410522513074681,0.03439513661920505,-0.11924380323340036,-5.08960837661774512,-1.53342138464200684,0.81999999999999995,1.76000000000000001
-0.00295720064584641,-0.02461263694089102,0.03423951654892630,-0.11496462014315122,-5.05857962934307626,-1.57885490182012522,0.81999999999999995,1.76000000000000001
-0.00296848419237450,-0.02511693166888617,0.03407939056386003,-0.11071051161474142,-5.02726923922226376,-1.62354067477696939,0.81999999999999995,1.76000000000000001
-0.00297934359254942,-0.02561808189541429,0.03391483313692407,-0.10648173365237398,-4.99569203857928201,-1.66748476494772691,0.81999999999999995,1.76000000000000001
-0.00298978139119150,-0.02611606166436910,0.03374591812573767,-0.10227851748267898,-4.96386246015807320,-1.71069341439331124,0.81999999999999995,1.76000000000000001
-0.00299980015504558,-0.02661084644315341,0.03357271875529161,-0.09810107053037867,-4.93179454228168712,-1.75317303124676060,0.81999999999999995,1.76000000000000001
-0.00300940247044875,-0.02710241308350702,0.03339530760204382,-0.09394957737317466,-4.89950193429484671,-1.79493017575405944,0.81999999999999995,1.76000000000000001
-0.00301859094109250,-0.02759073978289158,0.03321375657938171,-0.08982420067523790,-4.86699790225930240,-1.83597154689830289,0.81999999999999995,1.76000000000000001
-0.00302736818587716,-0.02807580604645656,0.03302813692439342,-0.08572508209879180,-4.83429533487300045,-1.87630396959534562,0.81999999999999995,1.76000000000000001
-0.00303573683685630,-0.02855759264960711,0.03283851918589133,-0.08165234319338066,-4.80140674958573577,-1.91593438244840919,0.81999999999999995,1.76000000000000001
-0.00304369953726903,-0.02903608160119223,0.03264497321363291,-0.07760608626250969,-4.76834429888554201,-1.95486982604855286,0.81999999999999995,1.76000000000000001
-0.00305125893965778,-0.02951125610732914,0.03244756814868457,-0.07358639520743006,-4.73511977673160356,-1.99311743180744938,0.81999999999999995,1.76000000000000001
-0.00305841770406926,-0.02998310053587727,0.03224637241487635,-0.06959333634792293,-4.70174462511098223,-2.03068441130852362,0.81999999999999995,1.76000000000000001
-0.00306517849633643,-0.03045160038157324,0.03204145371129614,-0.06562695922000969,-4.66822994069786734,-2.06757804616221552,0.81999999999999995,1.76000000000000001
-0.00307154398643904,-0.03091674223183608,0.03183287900577371,-0.06168729735058340,-4.63458648159546183,-2.10380567835090515,0.81999999999999995,1.76000000000000001
-0.00307751684694048,-0.03137851373324995,0.03162071452930645,-0.05777436900901801,-4.60082467414194163,-2.13937470104888394,0.81999999999999995,1.76000000000000001
-0.00308309975149866,-0.03183690355872996,0.03140502577137993,-0.05388817793586768,-4.56695461976319894,-2.17429254990266152,0.81999999999999995,1.76000000000000001
-0.00308829537344861,-0.03229190137537490,0.03118587747613800,-0.05002871404881921,-4.53298610185631201,-2.20856669475687184,0.81999999999999995,1.76000000000000001
-0.00309310638445457,-0.03274349781300931,0.03096333363935874,-0.04619595412610659,-4.49892859268884582,-2.24220463181104623,0.81999999999999995,1.76000000000000001
-0.00309753545322926,-0.03319168443341556,0.03073745750619363,-0.04238986246763713,-4.46479126030021423,-2.27521387619259929,0.81999999999999995,1.76000000000000001
-0.00310158524431818,-0.03363645370025576,0.03050831156962942,-0.03861039153411552,-4.43058297539238222,-2.30760195493146636,0.81999999999999995,1.76000000000000001
-0.00310525841694678,-0.03407779894968165,0.03027595756963289,-0.03485748256448463,-4.39631231819820822,-2.33937640032198146,0.81999999999999995,1.76000000000000001
-0.00310855762392823,-0.03451571436162975,0.03004045649294072,-0.03113106617203018,-4.36198758531669029,-2.37054474365776047,0.81999999999999995,1.76000000000000001
-0.00311148551062980,-0.03495019493179804,0.02980186857345782,-0.02743106291952169,-4.32761679650527231,-2.40111450932555659,0.81999999999999995,1.76000000000000001
-0.00311404471399570,-0.03538123644429922,0.02956025329322887,-0.02375738387378347,-4.29320770142024610,-2.43109320924428385,0.81999999999999995,1.76000000000000001
-0.00311623786162438,-0.03580883544498521,0.02931566938394931,-0.02010993114010816,-4.25876778629708586,-2.46048833763566765,0.81999999999999995,1.76000000000000001
-0.00311806757089826,-0.03623298921543625,0.02906817482898313,-0.01648859837694090,-4.22430428056332463,-2.48930736611323722,0.81999999999999995,1.76000000000000001
-0.00311953644816400,-0.03665369574760772,0.02881782686585659,-0.01289327129127511,-4.18982416337731056,-2.51755773907668035,0.81999999999999995,1.76000000000000001
-0.00312064708796130,-0.03707095371912684,0.02856468198919749,-0.00932382811521150,-4.15533417008684403,-2.54524686939886902,0.81999999999999995,1.76000000000000001
-0.00312140207229851,-0.03748476246923099,0.02830879595409191,-0.00578014006414029,-4.12084079860235875,-2.57238213439318564,0.81999999999999995,1.76000000000000001
-0.00312180396997308,-0.03789512197533892,0.02805022377983047,-0.00226207177701254,-4.08635031567989682,-2.59897087204909605,0.81999999999999995,1.76000000000000001
-0.00312185533593525,-0.03830203283024552,0.02778901975401823,0.00123051826082881,-4.05186876310968014,-2.62502037752425244,0.81999999999999995,1.76000000000000001
-0.00312155871069307,-0.03870549621993059,0.02752523743702306,0.00469777731178541,-4.01740196380663495,-2.65053789988173039,0.81999999999999995,1.76000000000000001
-0.00312091661975726,-0.03910551390197166,0.02725892966673834,0.00813985799663315,-3.98295552779967998,-2.67553063906135735,0.81999999999999995,1.76000000000000001
-0.00311993157312418,-0.03950208818455049,0.02699014856363745,0.01155691792117174,-3.94853485811707872,-2.70000574307441354,0.81999999999999995,1.76000000000000001
-0.00311860606479531,-0.03989522190604290,0.02671894553609794,0.01494911931842198,-3.91414515656555828,-2.72397030541133978,0.81999999999999995,1.76000000000000001
-0.00311694257233182,-0.04028491841518105,0.02644537128597473,0.01831662870590178,-3.87979142940130872,-2.74743136265241494,0.81999999999999995,1.76000000000000001
-0.00311494355644264,-0.04067118155177736,0.02616947581440248,0.02165961655751580,-3.84547849289133037,-2.77039589227170957,0.81999999999999995,1.76000000000000001
-0.00311261146060462,-0.04105401562799908,0.02589130842780837,0.02497825698959814,-3.81121097876395032,-2.79287081062495357,0.81999999999999995,1.76000000000000001
-0.00310994871071341,-0.04143342541018228,0.02561091774411716,0.02827272746065353,-3.77699333954763095,-2.81486297111229078,0.81999999999999995,1.76000000000000001
-0.00310695771476375,-0.04180941610117410,0.02532835169913167,0.03154320848434848,-3.74282985379748956,-2.83637916250721123,0.81999999999999995,1.76000000000000001
-0.00310364086255769,-0.04218199332319209,0.02504365755307240,0.03478988335531115,-3.70872463120921569,-2.85742610744328562,0.81999999999999995,1.76000000000000001
-0.00310000052543977,-0.04255116310118924,0.02475688189726092,0.03801293788730599,-3.67468161762031365,-2.87801046105063074,0.81999999999999995,1.76000000000000001
-0.00309603905605761,-0.04291693184671357,0.02446807066093239,0.04121256016335741,-3.64070459989882433,-2.89813880973435234,0.81999999999999995,1.76000000000000001
-0.00309175878814709,-0.04327930634225091,0.02417726911816357,0.04438894029740512,-3.60679721071988890,-2.91781767008751070,0.81999999999999995,1.76000000000000001
-0.00308716203634063,-0.04363829372603979,0.02388452189490303,0.04754227020708251,-3.57296293323069625,-2.93705348793145227,0.81999999999999995,1.76000000000000001
-0.00308225109599778,-0.04399390147734726,0.02358987297609121,0.05067274339721857,-3.53920510560453705,-2.95585263747664184,0.81999999999999995,1.76000000000000001
-0.00307702824305689,-0.04434613740219466,0.02329336571285874,0.05378055475367316,-3.50552692548483202,-2.97422142059740757,0.81999999999999995,1.76000000000000001
-0.00307149573390685,-0.04469500961952224,0.02299504282979179,0.05686590034712476,-3.47193145432014560,-2.99216606621428838,0.81999999999999995,1.76000000000000001
-0.00306565580527811,-0.04504052654778194,0.02269494643225408,0.05992897724643959,-3.43842162159132236,-3.00969272977794011,0.81999999999999995,1.76000000000000001
-0.00305951067415171,-0.04538269689194752,0.02239311801375563,0.06296998334126064,-3.40500022893199539,-3.02680749284881445,0.81999999999999995,1.76000000000000001
-0.00305306253768576,-0.04572152963093148,0.02208959846335908,0.06598911717346485,-3.37166995414381265,-3.04351636276707493,0.81999999999999995,1.76000000000000001
-0.00304631357315828,-0.04605703400539832,0.02178442807311460,0.06898657777714642,-3.33843335510781980,-3.05982527240746105,0.81999999999999995,1.76000000000000001
-0.00303926593792563,-0.04638921950596371,0.02147764654551537,0.07196256452679411,-3.30529287359351720,-3.07574008001404264,0.81999999999999995,1.76000000000000001
-0.00303192176939571,-0.04671809586176964,0.02116929300096573,0.07491727699334004,-3.27225083896717051,-3.09126656911003872,0.81999999999999995,1.76000000000000001
-0.00302428318501524,-0.04704367302942534,0.02085940598525489,0.07785091480776700,-3.23930947180102091,-3.10641044847808923,0.81999999999999995,1.76000000000000001
-0.00301635228227024,-0.04736596118230430,0.02054802347702912,0.08076367753197122,-3.20647088738508845,-3.12117735220658776,0.81999999999999995,1.76000000000000001
-0.00300813113869912,-0.04768497070018765,0.02023518289525630,0.08365576453658667,-3.17373709914330249,-3.13557283979787993,0.81999999999999995,1.76000000000000001
-0.00299962181191762,-0.04800071215924440,0.01992092110667673,0.08652737488548631,-3.14111002195573308,-3.14960239633433536,0.81999999999999995,1.76000000000000001
-0.00299082633965501,-0.04831319632233934,0.01960527443323447,0.08937870722668534,-3.10859147538872360,-3.16327143269849032,0.81999999999999995,1.76000000000000001
-0.00298174673980086,-0.04862243412965943,0.01928827865948427,0.09220995968937996,-3.07618318683474667,-3.17658528584363609,0.81999999999999995,1.76000000000000001
-0.00297238501046184,-0.04892843668964966,0.01896996903996895,0.09502132978686462,-3.04388679456382549,-3.18954921911141209,0.81999999999999995,1.76000000000000001
-0.00296274313002791,-0.04923121527024982,0.01865038030656288,0.09781301432507895,-3.01170385068837065,-3.20216842259312218,0.81999999999999995,1.76000000000000001
-0.00295282305724741,-0.04953078129042338,0.01832954667577723,0.10058520931654467,-2.97963582404329230,-3.21444801353166332,0.81999999999999995,1.76000000000000001
-0.00294262673131050,-0.04982714631197036,0.01800750185602313,0.10333810989946059,-2.94768410298324746,-3.22639303676110600,0.81999999999999995,1.76000000000000001
-0.00293215607194041,-0.05012032203161570,0.01768427905482911,0.10607191026173238,-2.91584999809888590,-3.23800846518111918,0.81999999999999995,1.76000000000000001
-0.00292141297949210,-0.05041032027336544,0.01735991098600949,0.10878680356972181,-2.88413474485394339,-3.24929920026356989,0.81999999999999995,1.76000000000000001
-0.00291039933505775,-0.05069715298112261,0.01703442987678054,0.11148298190150750,-2.85253950614503582,-3.26027007258877211,0.81999999999999995,1.76000000000000001
-0.00289911700057878,-0.05098083221155537,0.01670786747482173,0.11416063618445738,-2.82106537478598174,-3.27092584240898532,0.81999999999999995,1.76000000000000001
-0.00288756781896384,-0.05126137012720986,0.01638025505527926,0.11681995613692003,-2.78971337591847934,-3.28127120023689178,0.81999999999999995,1.76000000000000001
-0.00287575361421250,-0.05153877898986055,0.01605162342770969,0.11946113021384959,-2.75848446935094094,-3.29131076745690132,0.81999999999999995,1.76000000000000001
-0.00286367619154410,-0.05181307115409089,0.01572200294296127,0.12208434555618544,-2.72737955182726655,-3.30104909695724613,0.81999999999999995,1.76000000000000001
-0.00285133733753158,-0.05208425906109747,0.01539142349999120,0.12468978794381538,-2.69639945922732727,-3.31049067378094142,0.81999999999999995,1.76000000000000001
-0.00283873882023978,-0.05235235523271085,0.01505991455261686,0.12727764175195672,-2.66554496870089652,-3.31963991579378748,0.81999999999999995,1.76000000000000001
-0.00282588238936793,-0.05261737226562653,0.01472750511619951,0.12984808991079685,-2.63481680073674784,-3.32850117436769599,0.81999999999999995,1.76000000000000001
-0.00281276977639606,-0.05287932282583969,0.01439422377425892,0.13240131386824075,-2.60421562116861294,-3.33707873507771380,0.81999999999999995,1.76000000000000001
-0.00279940269473498,-0.05313821964327742,0.01406009868501770,0.13493749355561863,-2.57374204311966670,-3.34537681841120937,0.81999999999999995,1.76000000000000001
-0.00278578283987951,-0.05339407550662233,0.01372515758787415,0.13745680735621316,-2.54339662888717877,-3.35339958048777831,0.81999999999999995,1.76000000000000001
-0.00277191188956474,-0.05364690325832182,0.01338942780980263,0.13995943207647121,-2.51317989176893830,-3.36115111378850262,0.81999999999999995,1.76000000000000001
-0.00275779150392508,-0.05389671578977709,0.01305293627168066,0.14244554291977013,-2.48309229783303964,-3.36863544789328051,0.81999999999999995,1.76000000000000001
-0.00274342332565575,-0.05414352603670630,0.01271570949454182,0.14491531346261444,-2.45313426763257691,-3.37585655022501907,0.81999999999999995,1.76000000000000001
-0.00272880898017657,-0.05438734697467663,0.01237777360575404,0.14736891563314317,-2.42330617786676816,-3.38281832679954997,0.81999999999999995,1.76000000000000001
-0.00271395007579778,-0.05462819161479973,0.01203915434512257,0.14980651969183378,-2.39360836299000512,-3.38952462298020540,0.81999999999999995,1.76000000000000001
-0.00269884820388766,-0.05486607299958560,0.01169987707091742,0.15222829421429254,-2.36404111677028528,-3.39597922423604581,0.81999999999999995,1.76000000000000001
-0.00268350493904185,-0.05510100419894978,0.01135996676582466,0.15463440607602627,-2.33460469379845748,-3.40218585690280051,0.81999999999999995,1.76000000000000001
-0.00266792183925398,-0.05533299830636917,0.01101944804282170,0.15702502043909469,-2.30529931094967822,-3.40814818894563976,0.81999999999999995,1.76000000000000001
-0.00265210044608765,-0.05556206843518151,0.01067834515097615,0.15940030074054676,-2.27612514879844818,-3.41386983072295136,0.81999999999999995,1.76000000000000001
-0.00263604228484941,-0.05578822771502425,0.01033668198116826,0.16176040868254840,-2.24708235298856440,-3.41935433575034553,0.81999999999999995,1.76000000000000001
-0.00261974886476271,-0.05601148928840811,0.00999448207173705,0.16410550422411330,-2.21817103555929274,-3.42460520146417080,0.81999999999999995,1.76000000000000001
-0.00260322167914253,-0.05623186630742118,0.00965176861405012,0.16643574557435162,-2.18939127622903751,-3.42962586998386243,0.81999999999999995,1.76000000000000001
-0.00258646220557065,-0.05644937193055926,0.00930856445799724,0.16875128918715585,-2.16074312363775034,-3.43441972887249358,0.81999999999999995,1.76000000000000001
-0.00256947190607142,-0.05666401931967850,0.00896489211740811,0.17105228975724593,-2.13222659654929325,-3.43899011189494619,0.81999999999999995,1.76000000000000001
-0.00255225222728777,-0.05687582163706628,0.00862077377539435,0.17333890021749965,-2.10384168501493996,-3.44334029977315303,0.81999999999999995,1.76000000000000001
-0.00253480460065751,-0.05708479204262652,0.00827623128961623,0.17561127173749685,-2.07558835149916909,-3.44747352093790704,0.81999999999999995,1.76000000000000001
-0.00251713044258966,-0.05729094369117580,0.00793128619747427,0.17786955372321017,-2.04746653196887385,-3.45139295227676612,0.81999999999999995,1.76000000000000001
-0.00249923115464083,-0.05749428972984655,0.00758595972122643,0.18011389381777687,-2.01947613694708483,-3.45510171987762060,0.81999999999999995,1.76000000000000001
-0.00248110812369135,-0.05769484329559391,0.00724027277303104,0.18234443790329000,-1.99161705253227339,-3.45860289976751911,0.81999999999999995,1.76000000000000001
-0.00246276272212129,-0.05789261751280288,0.00689424595991620,0.18456133010354975,-1.96388914138427295,-3.46189951864638257,0.81999999999999995,1.76000000000000001
-0.00244419630798613,-0.05808762549099236,0.00654789958867596,0.18676471278771820,-1.93629224367783292,-3.46499455461526873,0.81999999999999995,1.76000000000000001
-0.00242541022519195,-0.05827988032261303,0.00620125367069413,0.18895472657482348,-1.90882617802478705,-3.46789093789886627,0.81999999999999995,1.76000000000000001
-0.00240640580367024,-0.05846939508093587,0.00585432792669596,0.19113151033906198,-1.88149074236579561,-3.47059155156194077,0.81999999999999995,1.76000000000000001
-0.00238718435955205,-0.05865618281802844,0.00550714179142861,0.19329520121584895,-1.85428571483259197,-3.47309923221946049,0.81999999999999995,1.76000000000000001
-0.00236774719534155,-0.05884025656281586,0.00515971441827089,0.19544593460857101,-1.82721085458164056,-3.47541677074017308,0.81999999999999995,1.76000000000000001
-0.00234809560008886,-0.05902162931922385,0.00481206468377299,0.19758384419599537,-1.80026590260008579,-3.47754691294340867,0.81999999999999995,1.76000000000000001
-0.00232823084956215,-0.05920031406440092,0.00446421119212686,0.19970906194029323,-1.77345058248484877,-3.47949236028891873,0.81999999999999995,1.76000000000000001
-0.00230815420641882,-0.05937632374701727,0.00411617227956798,0.20182171809563668,-1.74676460119570343,-3.48125577055957347,0.81999999999999995,1.76000000000000001
-0.00228786692037588,-0.05954967128563764,0.00376796601870921,0.20392194121732996,-1.72020764978314089,-3.48283975853675942,0.81999999999999995,1.76000000000000001
-0.00226737022837936,-0.05972036956716576,0.00341961022280749,0.20600985817143846,-1.69377940409180727,-3.48424689666834109,0.81999999999999995,1.76000000000000001
-0.00224666535477272,-0.05988843144535797,0.00307112244996409,0.20808559414487993,-1.66747952544027633,-3.48547971572905801,0.81999999999999995,1.76000000000000001
-0.00222575351146425,-0.06005386973940361,0.00272252000725925,0.21014927265594441,-1.64130766127789940,-3.48654070547325468,0.81999999999999995,1.76000000000000001
-0.00220463589809339,-0.06021669723257004,0.00237381995482188,0.21220101556521098,-1.61526344581945103,-3.48743231527984898,0.81999999999999995,1.76000000000000001
-0.00218331370219594,-0.06037692667090999,0.00202503910983518,0.21424094308683092,-1.58934650065826810,-3.48815695478945553,0.81999999999999995,1.76000000000000001
-0.00216178809936813,-0.06053457076202923,0.00167619405047897,0.21626917380014810,-1.56355643535856070,-3.48871699453360584,0.81999999999999995,1.76000000000000001
-0.00214006025342950,-0.06068964217391240,0.00132730111980944,0.21828582466162932,-1.53789284802755133,-3.48911476655600117,0.81999999999999995,1.76000000000000001
-0.00211813131658455,-0.06084215353380514,0.00097837642957722,0.22029101101707849,-1.51235532586808263,-3.48935256502576330,0.81999999999999995,1.76000000000000001
-0.00209600242958325,-0.06099211742715045,0.00062943586398451,0.22228484661410924,-1.48694344571231052,-3.48943264684264376,0.81999999999999995,1.76000000000000001
-0.00207367472188018,-0.06113954639657758,0.00028049508338208,0.22426744361485310,-1.46165677453708454,-3.48935723223417549,0.81999999999999995,1.76000000000000001
-0.00205114931179243,-0.06128445294094148,-0.00006843047209301,0.22623891260887996,-1.43649486996159914,-3.48912850534474828,0.81999999999999995,1.76000000000000001
-0.00202842730665623,-0.06142684951441126,-0.00041732557893822,0.22819936262631021,-1.41145728072787824,-3.48874861481660492,0.81999999999999995,1.76000000000000001
-0.00200550980298222,-0.06156674852560573,-0.00076617522676407,0.23014890115109771,-1.38654354716464434,-3.48821967436276337,0.81999999999999995,1.76000000000000001
-0.00198239788660938,-0.06170416233677467,-0.00111496461482943,0.23208763413446473,-1.36175320163510083,-3.48754376333187288,0.81999999999999995,1.76000000000000001
-0.00195909263285764,-0.06183910326302396,-0.00146367914863310,0.23401566600847065,-1.33708576896914511,-3.48672292726502420,0.81999999999999995,1.76000000000000001
-0.00193559510667913,-0.06197158357158323,-0.00181230443656049,0.23593309969969686,-1.31254076688051113,-3.48575917844453675,0.81999999999999995,1.76000000000000001
-0.00191190636280801,-0.06210161548111454,-0.00216082628658486,0.23784003664303172,-1.28811770636932454,-3.48465449643475589,0.81999999999999995,1.76000000000000001
-0.00188802744590894,-0.06222921116106050,-0.00250923070302227,0.23973657679554000,-1.26381609211054236,-3.48341082861489237,0.81999999999999995,1.76000000000000001
-0.00186395939072423,-0.06235438273103065,-0.00285750388333933,0.24162281865040230,-1.23963542282872963,-3.48203009070394875,0.81999999999999995,1.76000000000000001
-0.00183970322221944,-0.06247714226022456,-0.00320563221501310,0.24349885925091005,-1.21557519165961669,-3.48051416727777818,0.81999999999999995,1.76000000000000001
-0.00181525995572773,-0.06259750176689054,-0.00355360227244236,0.24536479420450361,-1.19163488649886107,-3.47886491227832506,0.81999999999999995,1.76000000000000001
-0.00179063059709271,-0.06271547321781851,-0.00390140081390928,0.24722071769684045,-1.16781399033843236,-3.47708414951510303,0.81999999999999995,1.76000000000000001
-0.00176581614280995,-0.06283106852786598,-0.00424901477859097,0.24906672250588227,-1.14411198159101657,-3.47517367315896974,0.81999999999999995,1.76000000000000001
-0.00174081758016700,-0.06294429955951583,-0.00459643128362001,0.25090290001598931,-1.12052833440283361,-3.47313524822825803,0.81999999999999995,1.76000000000000001
-0.00171563588738208,-0.06305517812246487,-0.00494363762119313,0.25272934023201199,-1.09706251895524054,-3.47097061106733085,0.81999999999999995,1.76000000000000001
-0.00169027203374130,-0.06316371597324197,-0.00529062125572745,0.25454613179336966,-1.07371400175548737,-3.46868146981762671,0.81999999999999995,1.76000000000000001
-0.00166472697973452,-0.06326992481485470,-0.00563736982106346,0.25635336198810743,-1.05048224591697936,-3.46626950488126528,0.81999999999999995,1.76000000000000001
-0.00163900167718978,-0.06337381629646362,-0.00598387111771392,0.25815111676692193,-1.02736671142938740,-3.46373636937728957,0.81999999999999995,1.76000000000000001
-0.00161309706940635,-0.06347540201308291,-0.00633011311015808,0.25993948075714840,-1.00436685541893755,-3.46108368959061474,0.81999999999999995,1.76000000000000001
-0.00158701409128632,-0.06357469350530673,-0.00667608392418043,0.26171853727670069,-0.98148213239920246,-3.45831306541376549,0.81999999999999995,1.76000000000000001
-0.00156075366946491,-0.06367170225906005,-0.00702177184425318,0.26348836834795747,-0.95871199451270428,-3.45542607078147634,0.81999999999999995,1.76000000000000001
-0.00153431672243930,-0.06376643970537327,-0.00736716531096203,0.26524905471158744,-0.93605589176363224,-3.45242425409823861,0.81999999999999995,1.76000000000000001
-0.00150770416069609,-0.06385891722017968,-0.00771225291847413,0.26700067584030746,-0.91351327224196455,-3.44930913865887190,0.81999999999999995,1.76000000000000001
-0.00148091688683747,-0.06394914612413487,-0.00805702341204790,0.26874330995256734,-0.89108358233927853,-3.44608222306220746,0.81999999999999995,1.76000000000000001
-0.00145395579570590,-0.06403713768245735,-0.00840146568558383,0.27047703402615586,-0.86876626695652248,-3.44274498161796227,0.81999999999999995,1.76000000000000001
-0.00142682177450755,-0.06412290310478959,-0.00874556877921562,0.27220192381172287,-0.84656076970401350,-3.43929886474689184,0.81999999999999995,1.76000000000000001
-0.00139951570293432,-0.06420645354507858,-0.00908932187694104,0.27391805384621237,-0.82446653309391893,-3.43574529937430428,0.81999999999999995,1.76000000000000001
-0.00137203845328454,-0.06428780010147538,-0.00943271430429175,0.27562549746620213,-0.80248299872546880,-3.43208568931702418,0.81999999999999995,1.76000000000000001
-0.00134439089058235,-0.06436695381625276,-0.00977573552604155,0.27732432682114583,-0.78060960746314001,-3.42832141566389037,0.81999999999999995,1.76000000000000001
-0.00131657387269575,-0.06444392567574041,-0.01011837514395235,0.27901461288651352,-0.75884579960804566,-3.42445383714987406,0.81999999999999995,1.76000000000000001
-0.00128858825045335,-0.06451872661027681,-0.01046062289455721,0.28069642547682677,-0.73719101506275397,-3.42048429052390635,0.81999999999999995,1.76000000000000001
-0.00126043486775981,-0.06459136749417745,-0.01080246864697987,0.28236983325858539,-0.71564469348975623,-3.41641409091049963,0.81999999999999995,1.76000000000000001
-0.00123211456171003,-0.06466185914571837,-0.01114390240079014,0.28403490376308249,-0.69420627446379346,-3.41224453216525081,0.81999999999999995,1.76000000000000001
-0.00120362816270199,-0.06473021232713488,-0.01148491428389454,0.28569170339910493,-0.67287519761824788,-3.40797688722431324,0.81999999999999995,1.76000000000000001
-0.00117497649454839,-0.06479643774463444,-0.01182549455046156,0.28734029746551670,-0.65165090278579618,-3.40361240844792334,0.81999999999999995,1.76000000000000001
-0.00114616037458703,-0.06486054604842334,-0.01216563357888101,0.28898075016372282,-0.63053283013351635,-3.39915232795806954,0.81999999999999995,1.76000000000000001
-0.00111718061378993,-0.06492254783274679,-0.01250532186975686,0.29061312461001132,-0.60952042029263420,-3.39459785797038949,0.81999999999999995,1.76000000000000001
-0.00108803801687122,-0.06498245363594149,-0.01284455004393291,0.29223748284777179,-0.58861311448308784,-3.38995019112038021,0.81999999999999995,1.76000000000000001
-0.00105873338239383,-0.06504027394050062,-0.01318330884055091,0.29385388585958827,-0.56781035463308538,-3.38521050078400787,0.81999999999999995,1.76000000000000001
-0.00102926750287497,-0.06509601917315036,-0.01352158911514036,0.29546239357920506,-0.54711158349382349,-3.38037994139280062,0.81999999999999995,1.76000000000000001
-0.00099964116489045,-0.06514969970493778,-0.01385938183773965,0.29706306490336404,-0.52651624474952863,-3.37545964874351290,0.81999999999999995,1.76000000000000001
-0.00096985514917772,-0.06520132585132941,-0.01419667809104777,0.29865595770351200,-0.50602378312298069,-3.37045074030243752,0.81999999999999995,1.76000000000000001
-0.00093991023073793,-0.06525090787232027,-0.01453346906860631,0.30024112883737725,-0.48563364447666935,-3.36535431550445718,0.81999999999999995,1.76000000000000001
-0.00090980717893660,-0.06529845597255261,-0.01486974607301107,0.30181863416041405,-0.46534527590973235,-3.36017145604691292,0.81999999999999995,1.76000000000000001
-0.00087954675760339,-0.06534398030144438,-0.01520550051415273,0.30338852853711429,-0.44515812585081777,-3.35490322617837133,0.81999999999999995,1.76000000000000001
-0.00084912972513057,-0.06538749095332652,-0.01554072390748623,0.30495086585218589,-0.42507164414700882,-3.34955067298237408,0.81999999999999995,1.76000000000000001
-0.00081855683457050,-0.06542899796758922,-0.01587540787232827,0.30650569902159663,-0.40508528214894490,-3.34411482665624904,0.81999999999999995,1.76000000000000001
-0.00078782883373188,-0.06546851132883628,-0.01620954413018240,0.30805308000348386,-0.38519849279226859,-3.33859670078506099,0.81999999999999995,1.76000000000000001
-0.00075694646527506,-0.06550604096704761,-0.01654312450309129,0.30959305980892882,-0.36541073067552360,-3.33299729261078381,0.81999999999999995,1.76000000000000001
-0.00072591046680621,-0.06554159675774922,-0.01687614091201571,0.31112568851259614,-0.34572145213462557,-3.32731758329676808,0.81999999999999995,1.76000000000000001
-0.00069472157097039,-0.06557518852219053,-0.01720858537523965,0.31265101526323757,-0.32613011531402208,-3.32155853818758651,0.81999999999999995,1.76000000000000001
-0.00066338050554365,-0.06560682602752874,-0.01754045000680130,0.31416908829406037,-0.30663618023465677,-3.31572110706432710,0.81999999999999995,1.76000000000000001
-0.00063188799352407,-0.06563651898701962,-0.01787172701494925,0.31567995493296014,-0.28723910885884635,-3.30980622439541383,0.81999999999999995,1.76000000000000001
-0.00060024475322180,-0.06566427706021488,-0.01820240870062358,0.31718366161261830,-0.26793836515217750,-3.30381480958302909,0.81999999999999995,1.76000000000000001
-0.00056845149834806,-0.06569010985316540,-0.01853248745596137,0.31868025388046434,-0.24873341514252659,-3.29774776720520757,0.81999999999999995,1.76000000000000001
-0.00053650893810317,-0.06571402691863029,-0.01886195576282625,0.32016977640850297,-0.22962372697630146,-3.29160598725367892,0.81999999999999995,1.76000000000000001
-0.00050441777726362,-0.06573603775629154,-0.01919080619136145,0.32165227300300653,-0.21060877097200209,-3.28539034536752705,0.81999999999999995,1.76000000000000001
-0.00047217871626817,-0.06575615181297367,-0.01951903139856603,0.32312778661407310,-0.19168801967119323,-3.27910170306273940,0.81999999999999995,1.76000000000000001
-0.00043979245130297,-0.06577437848286856,-0.01984662412689396,0.32459635934505054,-0.17286094788697912,-3.27274090795771366,0.81999999999999995,1.76000000000000001
-0.00040725967438581,-0.06579072710776490,-0.02017357720287537,0.32605803246182719,-0.15412703275006803,-3.26630879399479257,0.81999999999999995,1.76000000000000001
-0.00037458107344935,-0.06580520697728218,-0.02049988353575993,0.32751284640198952,-0.13548575375251071,-3.25980618165789338,0.81999999999999995,1.76000000000000001
-0.00034175733242355,-0.06581782732910887,-0.02082553611618169,0.32896084078384735,-0.11693659278919485,-3.25323387818629994,0.81999999999999995,1.76000000000000001
-0.00030878913131713,-0.06582859734924476,-0.02115052801484519,0.33040205441532738,-0.09847903419717452,-3.24659267778468097,0.81999999999999995,1.76000000000000001
-0.00027567714629817,-0.06583752617224699,-0.02147485238123227,0.33183652530273544,-0.08011256479291114,-3.23988336182940229,0.81999999999999995,1.76000000000000001
-0.00024242204977383,-0.06584462288147977,-0.02179850244232951,0.33326429065938851,-0.06183667390750021,-3.23310669907119630,0.81999999999999995,1.76000000000000001
-0.00020902451046925,-0.06584989650936758,-0.02212147150137554,0.33468538691411681,-0.04365085341995534,-3.22626344583424984,0.81999999999999995,1.76000000000000001
-0.00017548519350556,-0.06585335603765151,-0.02244375293662827,0.33609984971963702,-0.02555459778861907,-3.21935434621177352,0.81999999999999995,1.76000000000000001
-0.00014180476047705,-0.06585501039764868,-0.02276534020015140,0.33750771396079726,-0.00754740408076742,-3.21238013225811603,0.81999999999999995,1.76000000000000001
-0.00010798386952763,-0.06585486847051455,-0.02308622681662000,0.33890901376269489,0.01037122799952665,-3.20534152417747986,0.81999999999999995,1.76000000000000001
-0.00007402317542631,-0.06585293908750794,-0.02340640638214478,0.34030378249866755,0.02820179608520830,-3.19823923050929837,0.81999999999999995,1.76000000000000001
-0.00003992332964206,-0.06584923103025855,-0.02372587256311477,0.34169205279815867,0.04594479512167338,-3.19107394831033631,0.81999999999999995,1.76000000000000001
-0.00000568498041774,-0.06584375303103687,-0.02404461909505799,0.34307385655445810,0.06360071734375985,-3.18384636333356585,0.81999999999999995,1.76000000000000001
0.00002869122715659,-0.06583651377302635,-0.02436263978151992,0.34444922493231894,0.08117005225424102,-3.17655715020387719,0.81999999999999995,1.76000000000000001
0.00006320465107127,-0.06582752189059760,-0.02467992849295932,0.34581818837545147,0.09865328660376568,-3.16920697259068040,0.81999999999999995,1.76000000000000001
0.00009785465232522,-0.06581678596958455,-0.02499647916566121,0.34718077661389468,0.11605090437219170,-3.16179648337745078,0.81999999999999995,1.76000000000000001
0.00013264059485503,-0.06580431454756244,-0.02531228580066659,0.34853701867126724,0.13336338675126172,-3.15432632482827291,0.81999999999999995,1.76000000000000001
0.00016756184546459,-0.06579011611412738,-0.02562734246271874,0.34988694287189781,0.15059121212857091,-3.14679712875143469,0.81999999999999995,1.76000000000000001
0.00020261777375558,-0.06577419911117757,-0.02594164327922568,0.35123057684783643,0.16773485607277869,-3.13920951666012682,0.81999999999999995,1.76000000000000001
0.00023780775205855,-0.06575657193319585,-0.02625518243923860,0.35256794754574772,0.18479479132001761,-3.13156409993029383,0.81999999999999995,1.76000000000000001
0.00027313115536472,-0.06573724292753361,-0.02656795419244586,0.35389908123368680,0.20177148776145440,-3.12386147995569052,0.81999999999999995,1.76000000000000001
0.00030858736125848,-0.06571622039469582,-0.02687995284818248,0.35522400350775873,0.21866541243195931,-3.11610224830019389,0.81999999999999995,1.76000000000000001
0.00034417574985048,-0.06569351258862725,-0.02719117277445461,0.35654273929866320,0.23547702949984164,-3.10828698684741367,0.81999999999999995,1.76000000000000001
0.00037989570371146,-0.06566912771699952,-0.02750160839697886,0.35785531287812433,0.25220680025761050,-3.10041626794765657,0.81999999999999995,1.76000000000000001
0.00041574660780665,-0.06564307394149917,-0.02781125419823625,0.35916174786520771,0.26885518311372114,-3.09249065456228500,0.81999999999999995,1.76000000000000001
0.00045172784943080,-0.06561535937811637,-0.02812010471654042,0.36046206723252483,0.28542263358526893,-3.08451070040551922,0.81999999999999995,1.76000000000000001
0.00048783881814385,-0.06558599209743445,-0.02842815454511986,0.36175629331232645,0.30190960429159341,-3.07647695008372857,0.81999999999999995,1.76000000000000001
0.00052407890570722,-0.06555498012491989,-0.02873539833121403,0.36304444780248535,0.31831654494875727,-3.06838993923225445,0.81999999999999995,1.76000000000000001
0.00056044750602061,-0.06552233144121299,-0.02904183077518299,0.36432655177237017,0.33464390236486502,-3.06025019464980996,0.81999999999999995,1.76000000000000001
0.00059694401505950,-0.06548805398241873,-0.02934744662963033,0.36560262566861063,0.35089212043618812,-3.05205823443049784,0.81999999999999995,1.76000000000000001
0.00063356783081313,-0.06545215564039823,-0.02965224069853926,0.36687268932075551,0.36706164014406417,-3.04381456809349160,0.81999999999999995,1.76000000000000001
0.00067031835322304,-0.06541464426306032,-0.02995620783642145,0.36813676194682438,0.38315289955253867,-3.03551969671041810,0.81999999999999995,1.76000000000000001
0.00070719498412227,-0.06537552765465335,-0.03025934294747861,0.36939486215875367,0.39916633380671918,-3.02717411303048367,0.81999999999999995,1.76000000000000001
0.00074419712717494,-0.06533481357605714,-0.03056164098477634,0.37064700796773864,0.41510237513181225,-3.01877830160338467,0.81999999999999995,1.76000000000000001
0.00078132418781648,-0.06529250974507503,-0.03086309694943032,0.37189321678947168,0.43096145283281512,-3.01033273890003850,0.81999999999999995,1.76000000000000001
0.00081857557319433,-0.06524862383672583,-0.03116370588980428,0.37313350544927820,0.44674399329483427,-3.00183789343117757,0.81999999999999995,1.76000000000000001
0.00085595069210916,-0.06520316348353583,-0.03146346290071993,0.37436789018715111,0.46245041998400482,-2.99329422586384153,0.81999999999999995,1.76000000000000001
0.00089344895495658,-0.06515613627583057,-0.03176236312267823,0.37559638666268430,0.47808115344898439,-2.98470218913580565,0.81999999999999995,1.76000000000000001
0.00093106977366931,-0.06510754976202653,-0.03206040174109218,0.37681900995990686,0.49363661132299724,-2.97606222856798164,0.81999999999999995,1.76000000000000001
0.00096881256165994,-0.06505741144892251,-0.03235757398553062,0.37803577459201837,0.50911720832640417,-2.96737478197482529,0.81999999999999995,1.76000000000000001
0.00100667673376399,-0.06500572880199081,-0.03265387512897305,0.37924669450602627,0.52452335626977509,-2.95864027977278932,0.81999999999999995,1.76000000000000001
0.00104466170618359,-0.06495250924566802,-0.03294930048707514,0.38045178308728655,0.53985546405744211,-2.94985914508685410,0.81999999999999995,1.76000000000000001
0.00108276689643149,-0.06489776016364544,-0.03324384541744487,0.38165105316394810,0.55511393769151041,-2.94103179385516755,0.81999999999999995,1.76000000000000001
0.00112099172327560,-0.06484148889915908,-0.03353750531892899,0.38284451701130195,0.57029918027630733,-2.93215863493183315,0.81999999999999995,1.76000000000000001
0.00115933560668386,-0.06478370275527921,-0.03383027563090965,0.38403218635603659,0.58541159202324744,-2.92324007018787180,0.56999999999999995,2.39000000000000012
0.00119785794959001,-0.06472439330506630,-0.03412210555024667,0.38641371662645202,0.60076533615341021,-2.91335084723979731,0.56999999999999995,2.39000000000000012
0.00123661815863136,-0.06466355209605582,-0.03441294431290411,0.38878950556752440,0.61604683988962139,-2.90341700048915285,0.56999999999999995,2.39000000000000012
0.00127561565862227,-0.06460118633076539,-0.03470278747554637,0.39115953207545040,0.63125653314130348,-2.89343890960013050,0.56999999999999995,2.39000000000000012
0.00131484987225168,-0.06453730316887948,-0.03499163063243724,0.39352377474466033,0.64639484266256675,-2.88341694691355954,0.56999999999999995,2.39000000000000012
0.00135432022005275,-0.06447190972756479,-0.03527946941471279,0.39588221186458705,0.66146219205487244,-2.87335147755095477,0.56999999999999995,2.39000000000000012
0.00139402612037220,-0.06440501308178541,-0.03556629948966452,0.39823482141644251,0.67645900177022544,-2.86324285951670188,0.56999999999999995,2.39000000000000012
0.00143396698933931,-0.06433662026461749,-0.03585211656003270,0.40058158106999964,0.69138568911487208,-2.85309144379840562,0.56999999999999995,2.39000000000000012
0.00147414224083464,-0.06426673826756372,-0.03613691636330965,0.40292246818037841,0.70624266825347892,-2.84289757446543856,0.56999999999999995,2.39000000000000012
0.00151455128645840,-0.06419537404086721,-0.03642069467105274,0.40525745978483402,0.72103035021377004,-2.83266158876571073,0.56999999999999995,2.39000000000000012
0.00155519353549850,-0.06412253449382491,-0.03670344728820703,0.40758653259954530,0.73574914289159987,-2.82238381722069764,0.56999999999999995,2.39000000000000012
0.00159606839489828,-0.06404822649510056,-0.03698517005243730,0.40990966301640236,0.75039945105644046,-2.81206458371875057,0.56999999999999995,2.39000000000000012
0.00163717526922390,-0.06397245687303704,-0.03726585883346933,0.41222682709979136,0.76498167635726211,-2.80170420560671740,0.56999999999999995,2.39000000000000012
0.00167851356063148,-0.06389523241596809,-0.03754550953244028,0.41453800058337492,0.77949621732878693,-2.79130299377990498,0.56999999999999995,2.39000000000000012
0.00172008266883382,-0.06381655987252940,-0.03782411808125793,0.41684315886686657,0.79394346939809635,-2.78086125277040441,0.56999999999999995,2.39000000000000012
0.00176188199106686,-0.06373644595196909,-0.03810168044196875,0.41914227701279810,0.80832382489157262,-2.77037928083381324,0.56999999999999995,2.39000000000000012
0.00180391092205579,-0.06365489732445732,-0.03837819260613447,0.42143532974327758,0.82263767304215674,-2.75985737003437359,0.56999999999999995,2.39000000000000012
0.00184616885398087,-0.06357192062139537,-0.03865365059421719,0.42372229143673734,0.83688539999690470,-2.74929580632855908,0.56999999999999995,2.39000000000000012
0.00188865517644288,-0.06348752243572374,-0.03892805045497270,0.42600313612466989,0.85106738882482469,-2.73869486964712783,0.56999999999999995,2.39000000000000012
0.00193136927642827,-0.06340170932222960,-0.03920138826485191,0.42827783748835041,0.86518401952497848,-2.72805483397567539,0.56999999999999995,2.39000000000000012
0.00197431053827395,-0.06331448779785341,-0.03947366012741036,0.43054636885554476,0.87923566903483130,-2.71737596743370524,0.56999999999999995,2.39000000000000012
0.00201747834363181,-0.06322586434199454,-0.03974486217272547,0.43280870319720116,0.89322271123883434,-2.70665853235224363,0.56999999999999995,2.39000000000000012
0.00206087207143285,-0.06313584539681624,-0.04001499055682152,0.43506481312412432,0.90714551697722401,-2.69590278535002215,0.56999999999999995,2.39000000000000012
0.00210449109785101,-0.06304443736754957,-0.04028404146110216,0.43731467088363069,0.92100445405502440,-2.68510897740825261,0.56999999999999995,2.39000000000000012
0.00214833479626664,-0.06295164662279645,-0.04055201109179035,0.43955824835618351,0.93479988725123786,-2.67427735394401411,0.56999999999999995,2.39000000000000012
0.00219240253722966,-0.06285747949483184,-0.04081889567937556,0.44179551705200604,0.94853217832821035,-2.66340815488227678,0.56999999999999995,2.39000000000000012
0.00223669368842235,-0.06276194227990486,-0.04108469147806812,0.44402644810767194,0.96220168604115763,-2.65250161472658341,0.56999999999999995,2.39000000000000012
0.00228120761462182,-0.06266504123853911,-0.04134939476526051,0.44625101228267150,0.97580876614784051,-2.64155796262841225,0.56999999999999995,2.39000000000000012
0.00232594367766215,-0.06256678259583184,-0.04161300184099562,0.44846917995595192,0.98935377141837499,-2.63057742245523984,0.56999999999999995,2.39000000000000012
0.00237090123639611,-0.06246717254175228,-0.04187550902744167,0.45068092112243119,1.00283705164516679,-2.61956021285732543,0.56999999999999995,2.39000000000000012
0.00241607964665665,-0.06236621723143888,-0.04213691266837375,0.45288620538948327,1.01625895365295693,-2.60850654733323895,0.56999999999999995,2.39000000000000012
0.00246147826121791,-0.06226392278549556,-0.04239720912866195,0.45508500197339435,1.02961982130896845,-2.59741663429415093,0.56999999999999995,2.39000000000000012
0.00250709642975596,-0.06216029529028700,-0.04265639479376572,0.45727727969578807,1.04291999553314185,-2.58629067712690341,0.56999999999999995,2.39000000000000012
0.00255293349880914,-0.06205534079823279,-0.04291446606923456,0.45946300698001874,1.05615981430845007,-2.57512887425588444,0.56999999999999995,2.39000000000000012
0.00259898881173809,-0.06194906532810067,-0.04317141938021483,0.46164215184753149,1.06933961269128042,-2.56393141920372258,0.56999999999999995,2.39000000000000012
0.00264526170868532,-0.06184147486529860,-0.04342725117096253,0.46381468191418784,1.08245972282187575,-2.55269850065081938,0.56999999999999995,2.39000000000000012
0.00269175152653449,-0.06173257536216591,-0.04368195790436204,0.46598056438655566,1.09552047393482388,-2.54143030249374124,0.56999999999999995,2.39000000000000012
0.00273845759886931,-0.06162237273826331,-0.04393553606145061,0.46813976605816199,1.10852219236958471,-2.53012700390248479,0.56999999999999995,2.39000000000000012
0.00278537925593203,-0.06151087288066188,-0.04418798214094848,0.47029225330570773,1.12146520158104934,-2.51878877937663725,0.56999999999999995,2.39000000000000012
0.00283251582458157,-0.06139808164423100,-0.04443929265879463,0.47243799208524301,1.13434982215011781,-2.50741579880044618,0.56999999999999995,2.39000000000000012
0.00287986662825125,-0.06128400485192521,-0.04468946414768797,0.47457694792830174,1.14717637179429000,-2.49600822749681672,0.56999999999999995,2.39000000000000012
0.00292743098690618,-0.06116864829507004,-0.04493849315663383,0.47670908593799427,1.15994516537826042,-2.48456622628025237,0.56999999999999995,2.39000000000000012
0.00297520821700017,-0.06105201773364675,-0.04518637625049575,0.47883437078505714,1.17265651492450806,-2.47308995150875743,0.56999999999999995,2.39000000000000012
0.00302319763143232,-0.06093411889657602,-0.04543311000955235,0.48095276670385828,1.18531072962387451,-2.46157955513471416,0.56999999999999995,2.39000000000000012
0.00307139853950321,-0.06081495748200057,-0.04567869102905930,0.48306423748835664,1.19790811584612156,-2.45003518475475346,0.56999999999999995,2.39000000000000012
0.00311981024687059,-0.06069453915756678,-0.04592311591881620,0.48516874648801517,1.21044897715046140,-2.43845698365863228,0.56999999999999995,2.39000000000000012
0.00316843205550477,-0.06057286956070519,-0.04616638130273824,0.48726625660366557,1.22293361429605274,-2.42684509087713263,0.56999999999999995,2.39000000000000012
0.00321726326364356,-0.06044995429891001,-0.04640848381843275,0.48935673028332394,1.23536232525245437,-2.41519964122900044,0.56999999999999995,2.39000000000000012
0.00326630316574671,-0.06032579895001750,-0.04664942011678023,0.49144012951795585,1.24773540521003046,-2.40352076536693327,0.56999999999999995,2.39000000000000012
0.00331555105245008,-0.06020040906248345,-0.04688918686152001,0.49351641583718969,1.26005314659030065,-2.39180858982263667,0.56999999999999995,2.39000000000000012
0.00336500621051922,-0.06007379015565950,-0.04712778072884042,0.49558555030497703,1.27231583905622858,-2.38006323705095912,0.56999999999999995,2.39000000000000012
0.00341466792280262,-0.05994594772006848,-0.04736519840697321,0.49764749351519871,1.28452376952244118,-2.36828482547312102,0.56999999999999995,2.39000000000000012
0.00346453546818446,-0.05981688721767878,-0.04760143659579234,0.49970220558721545,1.29667722216537595,-2.35647346951905146,0.56999999999999995,2.39000000000000012
0.00351460812153694,-0.05968661408217760,-0.04783649200641695,0.50174964616136175,1.30877647843334555,-2.34462927966884394,0.56999999999999995,2.39000000000000012
0.00356488515367218,-0.05955513371924333,-0.04807036136081837,0.50378977439438177,1.32082181705651847,-2.33275236249334705,0.56999999999999995,2.39000000000000012
0.00361536583129356,-0.05942245150681682,-0.04830304139143123,0.50582254895480572,1.33281351405680670,-2.32084282069389847,0.56999999999999995,2.39000000000000012
0.00366604941694673,-0.05928857279537175,-0.04853452884076843,0.50784792801826606,1.34475184275765680,-2.30890075314122045,0.56999999999999995,2.39000000000000012
0.00371693516897008,-0.05915350290818395,-0.04876482046103999,0.50986586926275146,1.35663707379373788,-2.29692625491348190,0.56999999999999995,2.39000000000000012
0.00376802234144468,-0.05901724714159984,-0.04899391301377571,0.51187632986379750,1.36846947512052242,-2.28491941733354542,0.56999999999999995,2.39000000000000012
0.00381931018414385,-0.05887981076530386,-0.04922180326945139,0.51387926648961335,1.38024931202375334,-2.27288032800540618,0.56999999999999995,2.39000000000000012
0.00387079794248215,-0.05874119902258496,-0.04944848800711881,0.51587463529614241,1.39197684712879344,-2.26080907084983673,0.56999999999999995,2.39000000000000012
0.00392248485746393,-0.05860141713060220,-0.04967396401403910,0.51786239192205530,1.40365234040985132,-2.24870572613924891,0.56999999999999995,2.39000000000000012
0.00397437016563130,-0.05846047028064938,-0.04989822808531966,0.51984249148367523,1.41527604919908034,-2.23657037053178032,0.56999999999999995,2.39000000000000012
0.00402645309901169,-0.05831836363841884,-0.05012127702355434,0.52181488856983282,1.42684822819554458,-2.22440307710462148,0.56999999999999995,2.39000000000000012
0.00407873288506484,-0.05817510234426427,-0.05034310763846706,0.52377953723664994,1.43836912947404705,-2.21220391538658978,0.56999999999999995,2.39000000000000012
0.00413120874662922,-0.05803069151346275,-0.05056371674655852,0.52573639100225078,1.44983900249381792,-2.19997295138996174,0.56999999999999995,2.39000000000000012
0.00418387990186798,-0.05788513623647585,-0.05078310117075613,0.52768540284139920,1.46125809410705498,-2.18771024764157440,0.56999999999999995,2.39000000000000012
0.00423674556421439,-0.05773844157920992,-0.05100125774006695,0.52962652518006037,1.47262664856731496,-2.17541586321320546,0.56999999999999995,2.39000000000000012
0.00428980494231662,-0.05759061258327557,-0.05121818328923375,0.53155970988988543,1.48394490753774888,-2.16308985375123974,0.56999999999999995,2.39000000000000012
0.00434305723998207,-0.05744165426624622,-0.05143387465839383,0.53348490828261808,1.49521311009918012,-2.15073227150563495,0.56999999999999995,2.39000000000000012
0.00439650165612106,-0.05729157162191606,-0.05164832869274088,0.53540207110442117,1.50643149275801824,-2.13834316535819235,0.56999999999999995,2.39000000000000012
0.00445013738469003,-0.05714036962055699,-0.05186154224218949,0.53731114853012230,1.51760028945400594,-2.12592258085014363,0.56999999999999995,2.39000000000000012
0.00450396361463409,-0.05698805320917497,-0.05207351216104250,0.53921209015737603,1.52871973156779539,-2.11347056020906177,0.56999999999999995,2.39000000000000012
0.00455797952982901,-0.05683462731176554,-0.05228423530766090,0.54110484500074241,1.53979004792834928,-2.10098714237510453,0.56999999999999995,2.39000000000000012
0.00461218430902260,-0.05668009682956862,-0.05249370854413637,0.54298936148567922,1.55081146482016274,-2.08847236302659978,0.56999999999999995,2.39000000000000012
0.00466657712577552,-0.05652446664132262,-0.05270192873596644,0.54486558744244717,1.56178420599030288,-2.07592625460497926,0.56999999999999995,2.39000000000000012
0.00472115714840144,-0.05636774160351781,-0.05290889275173188,0.54673347009992557,1.57270849265526125,-2.06334884633907123,0.56999999999999995,2.39000000000000012
0.00477592353990657,-0.05620992655064909,-0.05311459746277674,0.54859295607933767,1.58358454350761702,-2.05074016426875572,0.56999999999999995,2.39000000000000012
0.00483087545792862,-0.05605102629546800,-0.05331903974289057,0.55044399138788414,1.59441257472250442,-2.03810023126799544,0.56999999999999995,2.39000000000000012
0.00488601205467503,-0.05589104562923419,-0.05352221646799295,0.55228652141228163,1.60519279996388398,-2.02542906706724590,0.56999999999999995,2.39000000000000012
0.00494133247686063,-0.05572998932196623,-0.05372412451582025,0.55412049091220694,1.61592543039061143,-2.01272668827525214,0.56999999999999995,2.39000000000000012
0.00499683586564457,-0.05556786212269178,-0.05392476076561449,0.55594584401364289,1.62661067466230191,-1.99999310840024180,0.56999999999999995,2.39000000000000012
0.00505252135656664,-0.05540466875969730,-0.05412412209781439,0.55776252420212569,1.63724873894498546,-1.98722833787051889,0.56999999999999995,2.39000000000000012
0.00510838807948290,-0.05524041394077708,-0.05432220539374830,0.55957047431589169,1.64783982691655018,-1.97443238405446597,0.56999999999999995,2.39000000000000012
0.00516443515850053,-0.05507510235348181,-0.05451900753532924,0.56136963653892102,1.65838413977196919,-1.96160525127996199,0.56999999999999995,2.39000000000000012
0.00522066171191216,-0.05490873866536662,-0.05471452540475179,0.56315995239387739,1.66888187622830864,-1.94874694085322098,0.56999999999999995,2.39000000000000012
0.00527706685212927,-0.05474132752423864,-0.05490875588419081,0.56494136273494144,1.67933323252951272,-1.93585745107705831,0.56999999999999995,2.39000000000000012
0.00533364968561507,-0.05457287355840407,-0.05510169585550202,0.56671380774053592,1.68973840245096141,-1.92293677726859213,0.56999999999999995,2.39000000000000012
0.00539040931281649,-0.05440338137691478,-0.05529334219992429,0.56847722690594116,1.70009757730379940,-1.90998491177638274,0.56999999999999995,2.39000000000000012
0.00544734482809553,-0.05423285556981462,-0.05548369179778360,0.57023155903579836,1.71041094593902931,-1.89700184399701932,0.56999999999999995,2.39000000000000012
0.00550445531965981,-0.05406130070838516,-0.05567274152819869,0.57197674223649952,1.72067869475136992,-1.88398756039115667,0.56999999999999995,2.39000000000000012
0.00556173986949235,-0.05388872134539115,-0.05586048826878818,0.57371271390846068,1.73090100768287147,-1.87094204449900969,0.56999999999999995,2.39000000000000012
0.00561919755328059,-0.05371512201532564,-0.05604692889537933,0.57543941073827820,1.74107806622628858,-1.85786527695530945,0.56999999999999995,2.39000000000000012
0.00567682744034460,-0.05354050723465475,-0.05623206028171820,0.57715676869076427,1.75121004942820324,-1.84475723550372694,0.56999999999999995,2.39000000000000012
0.00573462859356451,-0.05336488150206210,-0.05641587929918124,0.57886472300086100,1.76129713389189724,-1.83161789501076888,0.56999999999999995,2.39000000000000012
0.00579260006930712,-0.05318824929869307,-0.05659838281648828,0.58056320816543006,1.77133949377996913,-1.81844722747915100,0.56999999999999995,2.39000000000000012
0.00585074091735164,-0.05301061508839869,-0.05677956769941674,0.58225215793491580,1.78133730081669195,-1.80524520206065420,0.56999999999999995,2.39000000000000012
0.00590905018081467,-0.05283198331797939,-0.05695943081051718,0.58393150530488025,1.79129072429010927,-1.79201178506846648,0.56999999999999995,2.39000000000000012
0.00596752689607426,-0.05265235841742855,-0.05713796900883008,0.58560118250740689,1.80119993105386289,-1.77874693998901612,0.56999999999999995,2.39000000000000012
0.00602617009269314,-0.05247174480017584,-0.05731517914960367,0.58726112100237138,1.81106508552875289,-1.76545062749330128,0.56999999999999995,2.39000000000000012
0.00608497879334103,-0.05229014686333040,-0.05749105808401298,0.58891125146857726,1.82088634970402174,-1.75212280544771937,0.56999999999999995,2.39000000000000012
0.00614395201371613,-0.05210756898792401,-0.05766560265887987,0.59055150379475319,1.83066388313836215,-1.73876342892439961,0.56999999999999995,2.39000000000000012
0.00620308876246559,-0.05192401553915409,-0.05783880971639412,0.59218180707041068,1.84039784296064202,-1.72537245021104435,0.56999999999999995,2.39000000000000012
0.00626238804110519,-0.05173949086662662,-0.05801067609383543,0.59380208957655845,1.85008838387034524,-1.71194981882028197,0.56999999999999995,2.39000000000000012
0.00632184884393799,-0.05155399930459911,-0.05818119862329641,0.59541227877627201,1.85973565813772157,-1.69849548149853513,0.56999999999999995,2.39000000000000012
0.00638147015797207,-0.05136754517222348,-0.05835037413140633,0.59701230130511551,1.86933981560364448,-1.68500938223440833,0.56999999999999995,2.39000000000000012
0.00644125096283727,-0.05118013277378908,-0.05851819943905578,0.59860208296141315,1.87890100367917023,-1.67149146226659751,0.56999999999999995,2.39000000000000012
0.00650119023070100,-0.05099176639896568,-0.05868467136112203,0.60018154869636753,1.88841936734479598,-1.65794166009132682,0.56999999999999995,2.39000000000000012
0.00656128692618300,-0.05080245032304655,-0.05884978670619512,0.60175062260402234,1.89789504914941176,-1.64435991146931326,0.56999999999999995,2.39000000000000012
0.00662154000626916,-0.05061218880719170,-0.05901354227630470,0.60330922791106678,1.90732818920894198,-1.63074614943226370,0.56999999999999995,2.39000000000000012
0.00668194842022423,-0.05042098609867130,-0.05917593486664736,0.60485728696647856,1.91671892520467368,-1.61710030428890805,0.56999999999999995,2.39000000000000012
0.00674251110950351,-0.05022884643110917,-0.05933696126531466,0.60639472123100291,1.92606739238126412,-1.60342230363056970,0.56999999999999995,2.39000000000000012
0.00680322700766355,-0.05003577402472660,-0.05949661825302163,0.60792145126646446,1.93537372354442661,-1.58971207233627698,0.56999999999999995,2.39000000000000012
0.00686409504027168,-0.04984177308658638,-0.05965490260283580,0.60943739672490937,1.94463804905828819,-1.57596953257741790,0.56999999999999995,2.39000000000000012
0.00692511412481447,-0.04964684781083706,-0.05981181107990661,0.61094247633757415,1.95386049684241425,-1.56219460382194142,0.56999999999999995,2.39000000000000012
0.00698628317060512,-0.04945100237895763,-0.05996734044119530,0.61243660790367871,1.96304119236849650,-1.54838720283810694,0.56999999999999995,2.39000000000000012
0.00704760107868967,-0.04925424096000244,-0.06012148743520510,0.61391970827904008,1.97218025865669855,-1.53454724369778406,0.56999999999999995,2.39000000000000012
0.00710906674175211,-0.04905656771084656,-0.06027424880171169,0.61539169336450339,1.98127781627165556,-1.52067463777930589,0.56999999999999995,2.39000000000000012
0.00717067904401824,-0.04885798677643156,-0.06042562127149403,0.61685247809418797,1.99033398331812106,-1.50676929376987645,0.56999999999999995,2.39000000000000012
0.00723243686115848,-0.04865850229001172,-0.06057560156606535,0.61830197642354334,1.99934887543625761,-1.49283111766753618,0.56999999999999995,2.39000000000000012
0.00729433906018932,-0.04845811837340074,-0.06072418639740427,0.61974010131721369,2.00832260579656507,-1.47886001278268564,0.56999999999999995,2.39000000000000012
0.00735638449937369,-0.04825683913721900,-0.06087137246768610,0.62116676473670596,2.01725528509444185,-1.46485587973916931,0.56999999999999995,2.39000000000000012
0.00741857202811998,-0.04805466868114131,-0.06101715646901426,0.62258187762785866,2.02614702154437332,-1.45081861647492238,0.56999999999999995,2.39000000000000012
0.00748090048687985,-0.04785161109414535,-0.06116153508315167,0.62398534990810772,2.03499792087374143,-1.43674811824218129,0.56999999999999995,2.39000000000000012
0.00754336870704475,-0.04764767045476066,-0.06130450498125218,0.62537709045354539,2.04380808631625221,-1.42264427760725898,0.56999999999999995,2.39000000000000012
0.00760597551084111,-0.04744285083131843,-0.06144606282359195,0.62675700708576898,2.05257761860497245,-1.40850698444988720,0.56999999999999995,2.39000000000000012
0.00766871971122426,-0.04723715628220184,-0.06158620525930075,0.62812500655851489,2.06130661596497111,-1.39433612596212653,0.56999999999999995,2.39000000000000012
0.00773160011177093,-0.04703059085609730,-0.06172492892609308,0.62948099454407480,2.06999517410555933,-1.38013158664684465,0.56999999999999995,2.39000000000000012
0.00779461550657045,-0.04682315859224642,-0.06186223044999924,0.63082487561948963,2.07864338621212408,-1.36589324831576664,0.56999999999999995,2.39000000000000012
0.00785776468011448,-0.04661486352069880,-0.06199810644509599,0.63215655325251707,2.08725134293754655,-1.35162099008709347,0.56999999999999995,2.39000000000000012
0.00792104640718543,-0.04640570966256579,-0.06213255351323716,0.63347592978736866,2.09581913239320317,-1.33731468838269496,0.56999999999999995,2.39000000000000012
0.00798445945274333,-0.04619570103027503,-0.06226556824378381,0.63478290643021240,2.10434684013953577,-1.32297421692487349,0.56999999999999995,2.39000000000000012
0.00804800257181132,-0.04598484162782610,-0.06239714721333407,0.63607738323443619,2.11283454917619373,-1.30859944673270201,0.56999999999999995,2.39000000000000012
0.00811167450935960,-0.04577313545104705,-0.06252728698545271,0.63735925908566804,2.12128233993173110,-1.29419024611793554,0.56999999999999995,2.39000000000000012
0.00817547400018794,-0.04556058648785212,-0.06265598411040005,0.63862843168654826,2.12969029025286094,-1.27974648068049701,0.56999999999999995,2.39000000000000012
0.00823939976880657,-0.04534719871850040,-0.06278323512486066,0.63988479754124927,2.13805847539325278,-1.26526801330353722,0.56999999999999995,2.39000000000000012
0.00830345052931554,-0.04513297611585575,-0.06290903655167134,0.64112825193973766,2.14638696800186946,-1.25075470414807133,0.56999999999999995,2.39000000000000012
0.00836762498528254,-0.04491792264564790,-0.06303338489954864,0.64235868894177528,2.15467583811083641,-1.23620641064718884,0.56999999999999995,2.39000000000000012
0.00843192182961905,-0.04470204226673471,-0.06315627666281580,0.64357600136065218,2.16292515312283129,-1.22162298749983966,0.56999999999999995,2.39000000000000012
0.00849633974445486,-0.04448533893136578,-0.06327770832112894,0.64478008074664883,2.17113497779799314,-1.20700428666419612,0.56999999999999995,2.39000000000000012
0.00856087740101095,-0.04426781658544741,-0.06339767633920269,0.64597081737022022,2.17930537424033544,-1.19235015735058902,0.56999999999999995,2.39000000000000012
0.00862553345947062,-0.04404947916880889,-0.06351617716653499,0.64714810020489866,2.18743640188366228,-1.17766044601401920,0.56999999999999995,2.39000000000000012
0.00869030656884897,-0.04383033061547022,-0.06363320723713117,0.64831181690990836,2.19552811747697207,-1.16293499634624475,0.56999999999999995,2.39000000000000012
0.00875519536686057,-0.04361037485391139,-0.06374876296922728,0.64946185381248756,2.20358057506934646,-1.14817364926744170,0.56999999999999995,2.39000000000000012
0.00882019847978538,-0.04338961580734312,-0.06386284076501240,0.65059809588991135,2.21159382599431087,-1.13337624291743966,0.56999999999999995,2.39000000000000012
0.00888531452233279,-0.04316805739397922,-0.06397543701035023,0.65172042675121111,2.21956791885366211,-1.11854261264653054,0.56999999999999995,2.39000000000000012
0.00895054209750396,-0.04294570352731063,-0.06408654807449958,0.65282872861858343,2.22750289950074842,-1.10367259100585069,0.56999999999999995,2.39000000000000012
0.00901587979645209,-0.04272255811638105,-0.06419617030983403,0.65392288230848306,2.23539881102319749,-1.08876600773733534,0.56999999999999995,2.39000000000000012
0.00908132619834098,-0.04249862506606449,-0.06430430005156046,0.65500276721239392,2.24325569372508093,-1.07382268976324480,0.56999999999999995,2.39000000000000012
0.00914687987020149,-0.04227390827734445,-0.06441093361743652,0.65606826127727225,2.25107358510850331,-1.05884246117526093,0.56999999999999995,2.39000000000000012
0.00921253936678613,-0.04204841164759515,-0.06451606730748705,0.65711924098565455,2.25885251985460922,-1.04382514322315467,0.56999999999999995,2.39000000000000012
0.00927830323042161,-0.04182213907086454,-0.06461969740371926,0.65815558133542529,2.26659252980399595,-1.02877055430302122,0.56999999999999995,2.39000000000000012
0.00934416999085932,-0.04159509443815936,-0.06472182016983681,0.65917715581923664,2.27429364393651889,-1.01367850994508446,0.56999999999999995,2.39000000000000012
0.00941013816512381,-0.04136728163773228,-0.06482243185095254,0.66018383640357414,2.28195588835048513,-0.99854882280106683,0.56999999999999995,2.39000000000000012
0.00947620625735906,-0.04113870455537111,-0.06492152867330001,0.66117549350746074,2.28957928624121587,-0.98338130263112555,0.56999999999999995,2.39000000000000012
0.00954237275867268,-0.04090936707469019,-0.06501910684394363,0.66215199598079322,2.29716385787897348,-0.96817575629035280,0.56999999999999995,2.39000000000000012
0.00960863614697792,-0.04067927307742404,-0.06511516255048752,0.66311321108230292,2.30470962058623696,-0.95293198771483889,0.56999999999999995,2.39000000000000012
0.00967499488683338,-0.04044842644372328,-0.06520969196078284,0.66405900445713373,2.31221658871431357,-0.93764979790729686,0.56999999999999995,2.39000000000000012
0.00974144742928058,-0.04021683105245295,-0.06530269122263374,0.66498924011402960,2.31968477361927938,-0.92232898492224680,0.56999999999999995,2.39000000000000012
0.00980799221167909,-0.03998449078149331,-0.06539415646350180,0.66590378040212439,2.32711418363722800,-0.90696934385075889,0.56999999999999995,2.39000000000000012
0.00987462765753947,-0.03975140950804302,-0.06548408379020886,0.66680248598732594,2.33450482405882287,-0.89157066680475283,0.38000000000000000,5.91000000000000014
0.00994139603953508,-0.03951750995480106,-0.06557259330875612,0.66856253294255952,2.34347974353734667,-0.87861314717213979,0.38000000000000000,5.91000000000000014
0.01000833963742275,-0.03928271486018256,-0.06565980510506934,0.67030677869899180,2.35241563751226845,-0.86561619028137404,0.38000000000000000,5.91000000000000014
0.01007545686352160,-0.03904702813102170,-0.06574571522585385,0.67203507181475663,2.36131241970062344,-0.85257960459389037,0.38000000000000000,5.91000000000000014
0.01014274611493982,-0.03881045368296330,-0.06583031969861290,0.67374725951089276,2.37017000016917923,-0.83950319760887004,0.38000000000000000,5.91000000000000014
0.01021020577344023,-0.03857299544082884,-0.06591361453155185,0.67544318765655498,2.37898828531420081,-0.82638677586968534,0.38000000000000000,5.91000000000000014
0.01027783420530434,-0.03833465733898459,-0.06599559571348289,0.67712270075408465,2.38776717784063619,-0.81323014497050239,0.38000000000000000,5.91000000000000014
0.01034562976119495,-0.03809544332171176,-0.06607625921373041,0.67878564192394075,2.39650657674071388,-0.80003310956304818,0.38000000000000000,5.91000000000000014
0.01041359077601717,-0.03785535734357889,-0.06615560098203717,0.68043185288948793,2.40520637727195341,-0.78679547336354938,0.38000000000000000,5.91000000000000014
0.01048171556877795,-0.03761440336981646,-0.06623361694847106,0.68206117396164145,2.41386647093458340,-0.77351703915985059,0.38000000000000000,5.91000000000000014
0.01055000244244405,-0.03737258537669372,-0.06631030302333266,0.68367344402336694,2.42248674544836540,-0.76019760881871878,0.38000000000000000,5.91000000000000014
0.01061844968379851,-0.03712990735189800,-0.06638565509706344,0.68526850051403410,2.43106708472881827,-0.74683698329334125,0.38000000000000000,5.91000000000000014
0.01068705556329544,-0.03688637329491627,-0.06645966904015488,0.68684617941362236,2.43960736886284035,-0.73343496263102581,0.38000000000000000,5.91000000000000014
0.01075581833491332,-0.03664198721741927,-0.06653234070305819,0.68840631522677753,2.44810747408372631,-0.71999134598110948,0.38000000000000000,5.91000000000000014
0.01082473623600667,-0.03639675314364820,-0.06660366591609497,0.68994874096671821,2.45656727274557429,-0.70650593160308439,0.38000000000000000,5.91000000000000014
0.01089380748715609,-0.03615067511080387,-0.06667364048936862,0.69147328813898989,2.46498663329707712,-0.69297851687494916,0.38000000000000000,5.91000000000000014
0.01096303029201664,-0.03590375716943859,-0.06674226021267662,0.69297978672506644,2.47336542025469885,-0.67940889830179318,0.38000000000000000,5.91000000000000014
0.01103240283716465,-0.03565600338385081,-0.06680952085542369,0.69446806516579629,2.48170349417522695,-0.66579687152462252,0.38000000000000000,5.91000000000000014
0.01110192329194282,-0.03540741783248244,-0.06687541816653580,0.69593795034469352,2.49000071162770009,-0.65214223132943594,0.38000000000000000,5.91000000000000014
0.01117158980830361,-0.03515800460831906,-0.06693994787437518,0.69738926757107123,2.49825692516470355,-0.63844477165655977,0.38000000000000000,5.91000000000000014
0.01124140052065102,-0.03490776781929304,-0.06700310568665621,0.69882184056301622,2.50647198329303000,-0.62470428561025004,0.38000000000000000,5.91000000000000014
0.01131135354568055,-0.03465671158868960,-0.06706488729036228,0.70023549143020436,2.51464573044370132,-0.61092056546857099,0.38000000000000000,5.91000000000000014
0.01138144698221754,-0.03440484005555593,-0.06712528835166372,0.70163004065655477,2.52277800694134635,-0.59709340269355937,0.38000000000000000,5.91000000000000014
0.01145167891105372,-0.03415215737511337,-0.06718430451583668,0.70300530708272102,2.53086864897292774,-0.58322258794168380,0.38000000000000000,5.91000000000000014
0.01152204739478197,-0.03389866771917278,-0.06724193140718314,0.70436110788841921,2.53891748855581634,-0.56930791107460810,0.38000000000000000,5.91000000000000014
0.01159255047762935,-0.03364437527655311,-0.06729816462895195,0.70569725857459109,2.54692435350520530,-0.55534916117026933,0.38000000000000000,5.91000000000000014
0.01166318618528833,-0.03338928425350329,-0.06735299976326108,0.70701357294540101,2.55488906740086241,-0.54134612653427916,0.38000000000000000,5.91000000000000014
0.01173395252474620,-0.03313339887412744,-0.06740643237102087,0.70830986309006527,2.56281144955321016,-0.52729859471165996,0.38000000000000000,5.91000000000000014
0.01180484748411267,-0.03287672338081356,-0.06745845799185869,0.70958593936451342,2.57069131496873249,-0.51320635249892477,0.38000000000000000,5.91000000000000014
0.01187586903244560,-0.03261926203466568,-0.06750907214404463,0.71084161037287963,2.57852847431470300,-0.49906918595651267,0.38000000000000000,5.91000000000000014
0.01194701511957489,-0.03236101911593951,-0.06755827032441855,0.71207668294882320,2.58632273388322487,-0.48488688042158928,0.38000000000000000,5.91000000000000014
0.01201828367592451,-0.03210199892448187,-0.06760604800831842,0.71329096213667731,2.59407389555458234,-0.47065922052122411,0.38000000000000000,5.91000000000000014
0.01208967261233260,-0.03184220578017369,-0.06765240064950996,0.71448425117242453,2.60178175675989332,-0.45638599018595549,0.38000000000000000,5.91000000000000014
0.01216117981986968,-0.03158164402337682,-0.06769732368011772,0.71565635146449835,2.60944611044306152,-0.44206697266375472,0.38000000000000000,5.91000000000000014
0.01223280316965492,-0.03132031801538471,-0.06774081251055748,0.71680706257440974,2.61706674502201864,-0.42770195053440080,0.38000000000000000,5.91000000000000014
0.01230454051267051,-0.03105823213887693,-0.06778286252947026,0.71793618219719701,2.62464344434925279,-0.41329070572427801,0.38000000000000000,5.91000000000000014
0.01237638967957398,-0.03079539079837777,-0.06782346910365762,0.71904350614169932,2.63217598767161709,-0.39883301952160810,0.38000000000000000,5.91000000000000014
0.01244834848050859,-0.03053179842071881,-0.06786262757801872,0.72012882831065150,2.63966414958941042,-0.38432867259212966,0.38000000000000000,5.91000000000000014
0.01252041470491176,-0.03026745945550565,-0.06790033327548885,0.72119194068060011,2.64710770001472717,-0.36977744499523724,0.38000000000000000,5.91000000000000014
0.01259258612132139,-0.03000237837558887,-0.06793658149697956,0.72223263328163967,2.65450640412906624,-0.35517911620059339,0.38000000000000000,5.91000000000000014
0.01266486047718023,-0.02973655967753920,-0.06797136752132066,0.72325069417696819,2.66186002234019625,-0.34053346510522647,0.38000000000000000,5.91000000000000014
0.01273723549863815,-0.02947000788212715,-0.06800468660520370,0.72424590944226097,2.66916831023826706,-0.32584027005112792,0.38000000000000000,5.91000000000000014
0.01280970889035233,-0.02920272753480690,-0.06803653398312748,0.72521806314486248,2.67643101855116372,-0.31109930884336262,0.38000000000000000,5.91000000000000014
0.01288227833528540,-0.02893472320620488,-0.06806690486734521,0.72616693732279503,2.68364789309909657,-0.29631035876870671,0.38000000000000000,5.91000000000000014
0.01295494149450145,-0.02866599949261279,-0.06809579444781365,0.72709231196358404,2.69081867474841596,-0.28147319661482678,0.38000000000000000,5.91000000000000014
0.01302769600695990,-0.02839656101648535,-0.06812319789214422,0.72799396498289881,2.69794309936465249,-0.26658759869001558,0.38000000000000000,5.91000000000000014
0.01310053948930725,-0.02812641242694273,-0.06814911034555601,0.72887167220300841,2.70502089776476762,-0.25165334084349894,0.38000000000000000,5.91000000000000014
0.01317346953566666,-0.02785555840027788,-0.06817352693083098,0.72972520733105262,2.71205179566861476,-0.23667019848632947,0.38000000000000000,5.91000000000000014
0.01324648371742532,-0.02758400364046866,-0.06819644274827115,0.73055434193712643,2.71903551364960050,-0.22163794661288233,0.38000000000000000,5.91000000000000014
0.01331957958301968,-0.02731175287969501,-0.06821785287565808,0.73135884543217911,2.72597176708453626,-0.20655635982296955,0.38000000000000000,5.91000000000000014
0.01339275465771837,-0.02703881087886111,-0.06823775236821454,0.73213848504572598,2.73286026610267951,-0.19142521234458895,0.38000000000000000,5.91000000000000014
0.01346600644340298,-0.02676518242812278,-0.06825613625856845,0.73289302580337379,2.73970071553395300,-0.17624427805732454,0.38000000000000000,5.91000000000000014
0.01353933241834654,-0.02649087234741998,-0.06827299955671930,0.73362223050415898,2.74649281485633434,-0.16101333051641525,0.38000000000000000,5.91000000000000014
0.01361273003698966,-0.02621588548701469,-0.06828833725000688,0.73432585969769848,2.75323625814241035,-0.14573214297750972,0.38000000000000000,5.91000000000000014
0.01368619672971453,-0.02594022672803419,-0.06830214430308267,0.73500367166115355,2.75993073400508981,-0.13040048842212495,0.38000000000000000,5.91000000000000014
0.01375972990261643,-0.02566390098301971,-0.06831441565788363,0.73565542237600623,2.76657592554246401,-0.11501813958382680,0.38000000000000000,5.91000000000000014
0.01383332693727306,-0.02538691319648077,-0.06832514623360883,0.73628086550464844,2.77317151028180842,-0.09958486897515133,0.38000000000000000,5.91000000000000014
0.01390698519051138,-0.02510926834545504,-0.06833433092669870,0.73687975236678427,2.77971716012272063,-0.08410044891528580,0.38000000000000000,5.91000000000000014
0.01398070199417224,-0.02483097144007405,-0.06834196461081708,0.73745183191564523,2.78621254127938478,-0.06856465155852887,0.38000000000000000,5.91000000000000014
0.01405447465487246,-0.02455202752413459,-0.06834804213683622,0.73799685071401899,2.79265731422195262,-0.05297724892354987,0.38000000000000000,5.91000000000000014
0.01412830045376464,-0.02427244167567614,-0.06835255833282471,0.73851455291009260,2.79905113361703872,-0.03733801292346763,0.38000000000000000,5.91000000000000014
0.01420217664629442,-0.02399221900756417,-0.06835550800403843,0.73900468021310939,2.80539364826731763,-0.02164671539676940,0.38000000000000000,5.91000000000000014
0.01427610046195543,-0.02371136466807968,-0.06835688593291475,0.73946697186884158,2.81168450105021828,-0.00590312813909139,0.38000000000000000,5.91000000000000014
0.01435006910404165,-0.02342988384151475,-0.06835668687906979,0.73990116463487832,2.81792332885570396,0.00989297706411754,0.38000000000000000,5.91000000000000014
0.01442407974939739,-0.02314778174877445,-0.06835490557929909,0.74030699275573053,2.82410976252313572,0.02574182840402676,0.38000000000000000,5.91000000000000014
0.01449812954816470,-0.02286506364798513,-0.06835153674758170,0.74068418793775326,2.83024342677720542,0.04164365401392660,0.38000000000000000,5.91000000000000014
0.01457221562352831,-0.02258173483510912,-0.06834657507508768,0.74103247932388672,2.83632394016293521,0.05759868193377977,0.38000000000000000,5.91000000000000014
0.01464633507145802,-0.02229780064456594,-0.06834001523018929,0.74135159346821700,2.84235091497973302,0.07360714007379779,0.38000000000000000,5.91000000000000014
0.01472048496044852,-0.02201326644986026,-0.06833185185847582,0.74164125431035810,2.84832395721449760,0.08966925617701807,0.38000000000000000,5.91000000000000014
0.01479466233125668,-0.02172813766421651,-0.06832207958277220,0.74190118314965647,2.85424266647376346,0.10578525778085701,0.38000000000000000,5.91000000000000014
0.01486886419663619,-0.02144241974122033,-0.06831069300316155,0.74213109861921955,2.86010663591488035,0.12195537217761368,0.38000000000000000,5.91000000000000014
0.01494308754106965,-0.02115611817546700,-0.06829768669701168,0.74233071665977024,2.86591545217621757,0.13817982637389825,0.38000000000000000,5.91000000000000014
0.01501732932049804,-0.02086923850321686,-0.06828305521900578,0.74249975049332906,2.87166869530638635,0.15445884704895882,0.38000000000000000,5.91000000000000014
0.01509158646204749,-0.02058178630305784,-0.06826679310117725,0.74263791059672613,2.87736593869247148,0.17079266051187930,0.38000000000000000,5.91000000000000014
0.01516585586375344,-0.02029376719657531,-0.06824889485294892,0.74274490467494503,2.88300674898726728,0.18718149265762105,0.38000000000000000,5.91000000000000014
0.01524013439428211,-0.02000518684902911,-0.06822935496117670,0.74282043763430083,2.88859068603550462,0.20362556892187986,0.38000000000000000,5.91000000000000014
0.01531441889264932,-0.01971605097003811,-0.06820816789019783,0.74286421155545468,2.89411730279906765,0.22012511423472941,0.38000000000000000,5.91000000000000014
0.01538870616793653,-0.01942636531427234,-0.06818532808188379,0.74287592566626848,2.89958614528118996,0.23668035297302170,0.38000000000000000,5.91000000000000014
0.01546299299900421,-0.01913613568215258,-0.06816082995569808,0.74285527631450132,2.90499675244962097,0.25329150891151431,0.38000000000000000,5.91000000000000014
0.01553727613420245,-0.01884536792055789,-0.06813466790875891,0.74280195694035112,2.91034865615875837,0.26995880517269377,0.38000000000000000,5.91000000000000014
0.01561155229107885,-0.01855406792354081,-0.06810683631590699,0.74271565804884587,2.91564138107073623,0.28668246417526333,0.38000000000000000,5.91000000000000014
0.01568581815608357,-0.01826224163305064,-0.06807732952977853,0.74259606718208593,2.92087444457546441,0.30346270758126304,0.38000000000000000,5.91000000000000014
0.01576007038427169,-0.01796989503966464,-0.06804614188088368,0.74244286889134281,2.92604735670961169,0.32029975624178936,0.38000000000000000,5.91000000000000014
0.01583430559900272,-0.01767703418332750,-0.06801326767769028,0.74225574470901734,2.93115962007452113,0.33719383014128068,0.38000000000000000,5.91000000000000014
0.01590852039163727,-0.01738366515409900,-0.06797870120671348,0.74203437312046183,2.93621072975305797,0.35414514834033406,0.38000000000000000,5.91000000000000014
0.01598271132123097,-0.01708979409291006,-0.06794243673261098,0.74177842953567030,2.94120017322537874,0.37115392891701848,0.38000000000000000,5.91000000000000014
0.01605687491422548,-0.01679542719232726,-0.06790446849828430,0.74148758626084177,2.94612743028361512,0.38822038890664862,0.38000000000000000,5.91000000000000014
0.01613100766413672,-0.01650057069732599,-0.06786479072498615,0.74116151246982120,2.95099197294546700,0.40534474423998251,0.38000000000000000,5.91000000000000014
0.01620510603124016,-0.01620523090607220,-0.06782339761243401,0.74079987417542315,2.95579326536670051,0.42252720967980562,0.38000000000000000,5.91000000000000014
0.01627916644225334,-0.01590941417071307,-0.06778028333893020,0.74040233420064361,2.96053076375253976,0.43976799875586303,0.38000000000000000,5.91000000000000014
0.01635318529001535,-0.01561312689817651,-0.06773544206148849,0.73996855214976598,2.96520391626795199,0.45706732369810077,0.38000000000000000,5.91000000000000014
0.01642715893316361,-0.01531637555097974,-0.06768886791596747,0.73949818437936732,2.96981216294681749,0.47442539536817629,0.38000000000000000,5.91000000000000014
0.01650108369580759,-0.01501916664804695,-0.06764055501721093,0.73899088396922996,2.97435493559997877,0.49184242318919746,0.38000000000000000,5.91000000000000014
0.01657495586719967,-0.01472150676553628,-0.06759049745919525,0.73844630069316664,2.97883165772216474,0.50931861507364806,0.38000000000000000,5.91000000000000014
0.01664877170140310,-0.01442340253767613,-0.06753868931518418,0.73786408098976541,2.98324174439778433,0.52685417734945750,0.38000000000000000,5.91000000000000014
0.01672252741695701,-0.01412486065761094,-0.06748512463789105,0.73724386793306129,2.98758460220558719,0.54444931468417135,0.38000000000000000,5.91000000000000014
0.01679621919653848,-0.01382588787825657,-0.06742979745964868,0.73658530120314258,2.99185962912218173,0.56210423000717813,0.38000000000000000,5.91000000000000014
0.01686984318662168,-0.01352649101316539,-0.06737270179258718,0.73588801705670037,2.99606621442441323,0.57981912442994687,0.38000000000000000,5.91000000000000014
0.01694339549713404,-0.01322667693740118,-0.06731383162881982,0.73515164829752822,3.00020373859059308,0.59759419716422935,0.38000000000000000,5.91000000000000014
0.01701687220110950,-0.01292645258842399,-0.06725318094063713,0.73437582424698233,3.00427157320057825,0.61542964543817980,0.38000000000000000,5.91000000000000014
0.01709026933433878,-0.01262582496698499,-0.06719074368070964,0.73356017071441015,3.00826908083469791,0.63332566441034355,0.38000000000000000,5.91000000000000014
0.01716358289501670,-0.01232480113803157,-0.06712651378229911,0.73270430996755775,3.01219561497152322,0.65128244708146532,0.38000000000000000,5.91000000000000014
0.01723680884338654,-0.01202338823162265,-0.06706048515947892,0.73180786070296511,3.01605051988447981,0.66930018420406701,0.38000000000000000,5.91000000000000014
0.01730994310138145,-0.01172159344385440,-0.06699265170736342,0.73087043801636098,3.01983313053730074,0.68737906418974326,0.38000000000000000,5.91000000000000014
0.01738298155226287,-0.01141942403779651,-0.06692300730234683,0.72989165337306694,3.02354277247831726,0.70551927301412254,0.38000000000000000,5.91000000000000014
0.01745592004025601,-0.01111688734443907,-0.06685154580235166,0.72887111457842257,3.02717876173358968,0.72372099411944013,0.38000000000000000,5.91000000000000014
0.01752875437018241,-0.01081399076365014,-0.06677826104708698,0.72780842574824389,3.03074040469887329,0.74198440831466839,0.38000000000000000,5.91000000000000014
0.01760148030708947,-0.01051074176514431,-0.06670314685831691,0.72670318727932659,3.03422699803042528,0.76030969367314805,0.38000000000000000,5.91000000000000014
0.01767409357587708,-0.01020714788946207,-0.06662619704013936,0.72555499582000782,3.03763782853464859,0.77869702542766428,0.38000000000000000,5.91000000000000014
0.01774658986092134,-0.00990321674896043,-0.06654740537927549,0.72436344424079935,3.04097217305657752,0.79714657586290849,0.38000000000000000,5.91000000000000014
0.01781896480569528,-0.00959895602881464,-0.06646676564536995,0.72312812160510620,3.04422929836720479,0.81565851420526769,0.38000000000000000,5.91000000000000014
0.01789121401238669,-0.00929437348803130,-0.06638427159130235,0.72184861314004511,3.04740846104965435,0.83423300650987919,0.38000000000000000,5.91000000000000014
0.01796333304151305,-0.00898947696047288,-0.06629991695351019,0.72052450020737868,3.05050890738420222,0.85287021554489095,0.38000000000000000,5.91000000000000014
0.01803531741153357,-0.00868427435589379,-0.06621369545232342,0.71915536027457994,3.05352987323214986,0.87157030067286245,0.38000000000000000,5.91000000000000014
0.01810716259845824,-0.00837877366098815,-0.06612560079231107,0.71774076688604438,3.05647058391855575,0.89033341772924324,0.38000000000000000,5.91000000000000014
0.01817886403545419,-0.00807298294044929,-0.06603562666264014,0.71628028963446622,3.05933025411382831,0.90915971889786329,0.38000000000000000,5.91000000000000014
0.01825041711244902,-0.00776691033804125,-0.06594376673744715,0.71477349413239688,3.06210808771419085,0.92804935258336740,0.38000000000000000,5.91000000000000014
0.01832181717573141,-0.00746056407768214,-0.06585001467622252,0.71321994198400329,3.06480327772102035,0.94700246328052662,0.38000000000000000,5.91000000000000014
0.01839305952754887,-0.00715395246453976,-0.06575436412420829,0.71161919075704638,3.06741500611907458,0.96601919144035642,0.38000000000000000,5.91000000000000014
0.01846413942570271,-0.00684708388613938,-0.06565680871280927,0.70997079395509866,3.06994244375360958,0.98509967333297055,0.38000000000000000,5.91000000000000014
0.01853505208314023,-0.00653996681348389,-0.06555734206001812,0.70827430099002131,3.07238475020640545,1.00424404090709896,0.38000000000000000,5.91000000000000014
0.01860579266754420,-0.00623260980218637,-0.06545595777085471,0.70652925715472359,3.07474107367070459,1.02345242164619488,0.38000000000000000,5.91000000000000014
0.01867635630091961,-0.00592502149361526,-0.06535264943781993,0.70473520359622499,3.07701055082507846,1.04272493842105796,0.38000000000000000,5.91000000000000014
0.01874673805917776,-0.00561721061605216,-0.06524741064136452,0.70289167728904434,3.07919230670623723,1.06206170933889377,0.38000000000000000,5.91000000000000014
0.01881693297171764,-0.00530918598586244,-0.06514023495037309,0.70099821100893955,3.08128545458079151,1.08146284758873468,0.38000000000000000,5.91000000000000014
0.01888693602100485,-0.00500095650867870,-0.06503111592266383,0.69905433330702305,3.08328909581598953,1.10092846128314026,0.38000000000000000,5.91000000000000014
0.01895674214214777,-0.00469253118059721,-0.06492004710550427,0.69705956848427730,3.08520231974943959,1.12045865329609828,0.38000000000000000,5.91000000000000014
0.01902634622247135,-0.00438391908938740,-0.06480702203614332,0.69501343656649950,3.08702420355783991,1.14005352109704150,0.38000000000000000,5.91000000000000014
0.01909574310108830,-0.00407512941571462,-0.06469203424236025,0.69291545327970072,3.08875381212473599,1.15971315658089780,0.38000000000000000,5.91000000000000014
0.01916492756846797,-0.00376617143437604,-0.06457507724303084,0.69076513002598960,3.09039019790732539,1.17943764589408739,0.38000000000000000,5.91000000000000014
0.01923389436600271,-0.00345705451555003,-0.06445614454871101,0.68856197385996987,3.09193240080233078,1.19922706925637979,0.38000000000000000,5.91000000000000014
0.01930263818557203,-0.00314778812605891,-0.06433522966223863,0.68630548746568221,3.09337944801097064,1.21908150077852273,0.38000000000000000,5.91000000000000014
0.01937115366910434,-0.00283838183064535,-0.06421232607935372,0.68399516913412306,3.09473035390304752,1.23900100827555049,0.38000000000000000,5.91000000000000014
0.01943943540813659,-0.00252884529326227,-0.06408742728933750,0.68163051274137265,3.09598411988018540,1.25898565307568266,0.38000000000000000,5.91000000000000014
0.01950747794337173,-0.00221918827837659,-0.06396052677567088,0.67921100772736653,3.09713973423824429,1.27903548982471649,0.38000000000000000,5.91000000000000014
0.01957527576423401,-0.00190942065228668,-0.06383161801671258,0.67673613907534669,3.09819617202894282,1.29915056628582071,0.38000000000000000,5.91000000000000014
0.01964282330842235,-0.00159955238445375,-0.06370069448639770,0.67420538729202772,3.09915239492072114,1.31933092313463129,0.38000000000000000,5.91000000000000014
0.01971011496146172,-0.00128959354884714,-0.06356774965495686,0.67161822838851692,3.10000735105888170,1.33957659374955296,0.38000000000000000,5.91000000000000014
0.01977714505625265,-0.00097955432530369,-0.06343277698965660,0.66897413386202731,3.10075997492504252,1.35988760399716324,0.38000000000000000,5.91000000000000014
0.01984390787261896,-0.00066944500090112,-0.06329576995556155,0.66627257067842360,3.10140918719594216,1.38026397201262108,0.38000000000000000,5.91000000000000014
0.01991039763685381,-0.00035927597134565,-0.06315672201631871,0.66351300125564383,3.10195389460163895,1.40070570797497296,0.38000000000000000,5.91000000000000014
0.01997660852126409,-0.00004905774237374,-0.06301562663496454,0.66069488344803917,3.10239298978314837,1.42121281387725285,0.38000000000000000,5.91000000000000014
0.02004253464371334,0.00026119906883184,-0.06287247727475531,0.65781767053167806,3.10272535114956272,1.44178528329126965,0.38000000000000000,5.91000000000000014
0.02010817006716319,0.00057148373221166,-0.06272726740002114,0.65488081119065933,3.10294984273470353,1.46242310112697149,0.38000000000000000,5.91000000000000014
0.02017350879921359,0.00088178540338493,-0.06257999047704450,0.65188374950448391,3.10306531405335706,1.48312624338627885,0.38000000000000000,5.91000000000000014
0.02023854479164170,0.00119209312219038,-0.06243063997496352,0.64882592493653346,3.10307059995714685,1.50389467691127332,0.38000000000000000,5.91000000000000014
0.02030327193993979,0.00150239581121271,-0.06227920936670083,0.64570677232370755,3.10296452049009863,1.52472835912662719,0.38000000000000000,5.91000000000000014
0.02036768408285208,0.00181268227429465,-0.06212569212991842,0.64252572186727219,3.10274588074396007,1.54562723777616107,0.38000000000000000,5.91000000000000014
0.02043177500191084,0.00212294119503442,-0.06197008174799914,0.63928219912497464,3.10241347071333307,1.56659125065341054,0.38000000000000000,5.91000000000000014
0.02049553842097163,0.00243316113526882,-0.06181237171105545,0.63597562500448024,3.10196606515069018,1.58762032532608277,0.38000000000000000,5.91000000000000014
0.02055896800574808,0.00274333053354174,-0.06165255551696604,0.63260541575818974,3.10140242342133643,1.60871437885428437,0.38000000000000000,5.91000000000000014
0.02062205736334610,0.00305343770355821,-0.06149062667244098,0.62917098297949769,3.10072128935839642,1.62987331750239695,0.38000000000000000,5.91000000000000014
0.02068480004179791,0.00336347083262392,-0.06132657869411589,0.62567173360055328,3.09992139111789422,1.65109703644447747,0.38000000000000000,5.91000000000000014
0.02074718952959585,0.00367341798007028,-0.06116040510967605,0.62210706989158793,3.09900144103401276,1.67238541946305719,0.38000000000000000,5.91000000000000014
0.02080921925522621,0.00398326707566498,-0.06099209945901087,0.61847638946187555,3.09796013547460891,1.69373833864121259,0.38000000000000000,5.91000000000000014
0.02087088258670327,0.00429300591800820,-0.06082165529539949,0.61477908526239422,3.09679615469707414,1.71515565404778103,0.38000000000000000,5.91000000000000014
0.02093217283110366,0.00460262217291435,-0.06064906618672828,0.61101454559025847,3.09550816270463081,1.73663721341558874,0.38000000000000000,5.91000000000000014
0.02099308323410131,0.00491210337177945,-0.06047432571674078,0.60718215409499587,3.09409480710315599,1.75818285181256106,0.38000000000000000,5.91000000000000014
0.02105360697950301,0.00522143690993434,-0.06029742748632097,0.60328128978674178,3.09255471895863732,1.77979239130558220,0.38000000000000000,5.91000000000000014
0.02111373718878506,0.00553061004498352,-0.06011836511481047,0.59931132704642998,3.09088651265535663,1.80146564061696801,0.38000000000000000,5.91000000000000014
0.02117346692063086,0.00583960989512998,-0.05993713224136051,0.59527163563805807,3.08908878575491297,1.82320239477341839,0.38000000000000000,5.91000000000000014
0.02123278917046997,0.00614842343748587,-0.05975372252631932,0.59116158072311009,3.08716011885619945,1.84500243474731063,0.38000000000000000,5.91000000000000014
0.02129169687001865,0.00645703750636933,-0.05956812965265586,0.58698052287722025,3.08509907545644424,1.86686552709019460,0.38000000000000000,5.91000000000000014
0.02135018288682222,0.00676543879158736,-0.05938034732742054,0.58272781810916496,3.08290420181344471,1.88879142355835139,0.38000000000000000,5.91000000000000014
0.02140824002379942,0.00707361383670512,-0.05919036928324382,0.57840281788227299,3.08057402680911752,1.91077986073027284,0.38000000000000000,5.91000000000000014
0.02146586101878901,0.00738154903730148,-0.05899818927987342,0.57400486913834503,3.07810706181449856,1.93283055961592187,0.38000000000000000,5.91000000000000014
0.02152303854409899,0.00768923063921137,-0.05880380110575112,0.56953331432417909,3.07550180055633016,1.95494322525762798,0.38000000000000000,5.91000000000000014
0.02157976520605846,0.00799664473675462,-0.05860719857962977,0.56498749142079785,3.07275671898538150,1.97711754632247549,0.38000000000000000,5.91000000000000014
0.02163603354457267,0.00830377727095197,-0.05840837555223159,0.56036673397548031,3.06987027514664801,1.99935319468603856,0.38000000000000000,5.91000000000000014
0.02169183603268135,0.00861061402772802,-0.05820732590794850,0.55567037113669981,3.06684090905158779,2.02164982500731760,0.38000000000000000,5.91000000000000014
0.02174716507612072,0.00891714063610159,-0.05800404356658538,0.55089772769207590,3.06366704255255629,2.04400707429473139,0.38000000000000000,5.91000000000000014
0.02180201301288941,0.00922334256636365,-0.05779852248514723,0.54604812410944958,3.06034707921960702,2.06642456146301434,0.38000000000000000,5.91000000000000014
0.02185637211281866,0.00952920512824301,-0.05759075665967108,0.54112087658119457,3.05687940421983395,2.08890188688087575,0.38000000000000000,5.91000000000000014
0.02191023457714716,0.00983471346906013,-0.05738074012710356,0.53611529707188033,3.05326238419943641,2.11143863190926950,0.38000000000000000,5.91000000000000014
0.02196359253810079,0.01013985257186924,-0.05716846696722522,0.53103069336940667,3.04949436716869471,2.13403435843012801,0.38000000000000000,5.91000000000000014
0.02201643805847765,0.01044460725358910,-0.05695393130462235,0.52586636913973206,3.04557368239005477,2.15668860836541132,0.38000000000000000,5.91000000000000014
0.02206876313123873,0.01074896216312280,-0.05673712731070746,0.52062162398532186,3.04149864026952121,2.17940090318632196,0.38000000000000000,5.91000000000000014
0.02212055967910472,0.01105290177946684,-0.05651804920578928,0.51529575350744572,3.03726753225157431,2.20217074341253882,0.38000000000000000,5.91000000000000014
0.02217181955415908,0.01135641040980980,-0.05629669126119341,0.50988804937245746,3.03287863071782748,2.22499760810132141,0.38000000000000000,5.91000000000000014
0.02222253453745809,0.01165947218762125,-0.05607304780143452,0.50439779938219331,3.02833018888965144,2.24788095432633783,0.38000000000000000,5.91000000000000014
0.02227269633864808,0.01196207107073096,-0.05584711320644120,0.49882428754862984,3.02362044073500247,2.27082021664606915,0.38000000000000000,5.91000000000000014
0.02232229659559038,0.01226419083939911,-0.05561888191383448,0.49316679417294446,3.01874760087969918,2.29381480656164349,0.38000000000000000,5.91000000000000014
0.02237132687399432,0.01256581509437785,-0.05538834842126115,0.48742459592912701,3.01370986452339862,2.31686411196395747,0.38000000000000000,5.91000000000000014
0.02241977866705896,0.01286692725496466,-0.05515550728878287,0.48159696595229390,3.00850540736053684,2.33996749656993952,0.38000000000000000,5.91000000000000014
0.02246764339512379,0.01316751055704810,-0.05492035314132220,0.47568317393185988,3.00313238550650086,2.36312429934781454,0.38000000000000000,5.91000000000000014
0.02251491240532901,0.01346754805114646,-0.05468288067116666,0.46968248620972797,2.99758893542931881,2.38633383393122900,0.38000000000000000,5.91000000000000014
0.02256157697128593,0.01376702260043981,-0.05444308464053200,0.46359416588366009,2.99187317388715579,2.40959538802209794,0.38000000000000000,5.91000000000000014
0.02260762829275794,0.01406591687879620,-0.05420095988418566,0.45741747291599694,2.98598319787191580,2.43290822278204066,0.38000000000000000,5.91000000000000014
0.02265305749535262,0.01436421336879242,-0.05395650131213171,0.45115166424789827,2.97991708455926441,2.45627157221226788,0.38000000000000000,5.91000000000000014
0.02269785563022558,0.01466189435973021,-0.05370970391235841,0.44479599391928037,2.97367289126539047,2.47968464252179333,0.38000000000000000,5.91000000000000014
0.02274201367379659,0.01495894194564839,-0.05346056275364950,0.43834971319463051,2.96724865541084526,2.50314661148384232,0.38000000000000000,5.91000000000000014
0.02278552252747855,0.01525533802333185,-0.05320907298846043,0.43181207069488342,2.96064239449179745,2.52665662778033084,0.38000000000000000,5.91000000000000014
0.02282837301742002,0.01555106429031794,-0.05295522985586082,0.42518231253554861,2.95385210605906412,2.55021381033429906,0.38000000000000000,5.91000000000000014
0.02287055589426182,0.01584610224290129,-0.05269902868454416,0.41845968247128201,2.94687576770528326,2.57381724763018127,0.38000000000000000,5.91000000000000014
0.02291206183290848,0.01614043317413764,-0.05244046489590624,0.41164342204710030,2.93971133706060828,2.59746599702180214,0.38000000000000000,5.91000000000000014
0.02295288143231509,0.01643403817184779,-0.05217953400719329,0.40473277075643954,2.93235675179731636,2.62115908402799302,0.38000000000000000,5.91000000000000014
0.02299300521529038,0.01672689811662241,-0.05191623163472122,0.39772696620626580,2.92480992964373554,2.64489550161572851,0.38000000000000000,5.91000000000000014
0.02303242362831658,0.01701899367982875,-0.05165055349716716,0.39062524428944895,2.91706876840790663,2.66867420947068767,0.38000000000000000,5.91000000000000014
0.02307112704138697,0.01731030532162022,-0.05138249541893464,0.38342683936461580,2.90913114601141265,2.69249413325515130,0.38000000000000000,5.91000000000000014
0.02310910574786177,0.01760081328894986,-0.05111205333359350,0.37613098444370296,2.90099492053381836,2.71635416385315409,0.38000000000000000,5.91000000000000014
0.02314634996434317,0.01789049761358885,-0.05083922328739603,0.36873691138743553,2.89265793026817875,2.74025315660281921,0.38000000000000000,5.91000000000000014
0.02318284983057031,0.01817933811015107,-0.05056400144287049,0.36124385110896046,2.88411799378808631,2.76418993051580353,0.38000000000000000,5.91000000000000014
0.02321859540933507,0.01846731437412505,-0.05028638408249327,0.35365103378587026,2.87537291002674644,2.78816326748380305,0.38000000000000000,5.91000000000000014
0.02325357668641948,0.01875440577991437,-0.05000636761244118,0.34595768908085528,2.86642045836857884,2.81217191147206025,0.38000000000000000,5.91000000000000014
0.02328778357055561,0.01904059147888793,-0.04972394856642488,0.33816304637122907,2.85725839875386178,2.83621456769984182,0.38000000000000000,5.91000000000000014
0.02332120589340890,0.01932585039744131,-0.04943912360960508,0.33026633498757496,2.84788447179694826,2.86028990180785225,0.38000000000000000,5.91000000000000014
0.02335383340958580,0.01961016123507069,-0.04915188954259249,0.32226678446176654,2.83829639891860275,2.88439653901256676,0.38000000000000000,5.91000000000000014
0.02338565579666671,0.01989350246246070,-0.04886224330553313,0.31416362478461995,2.82849188249301609,2.90853306324747329,0.38000000000000000,5.91000000000000014
0.02341666265526518,0.02017585231958776,-0.04857018198228011,0.30595608667343976,2.81846860601007920,2.93269801629123306,0.38000000000000000,5.91000000000000014
0.02344684350911431,0.02045718881384042,-0.04827570280465319,0.29764340184972465,2.80822423425350776,2.95688989688277282,0.38000000000000000,5.91000000000000014
0.02347618780518156,0.02073748971815833,-0.04797880315678762,0.28922480332730388,2.79775641349542603,2.98110715982334318,0.38000000000000000,5.91000000000000014
0.02350468491381276,0.02101673256919152,-0.04767948057957330,0.28069952571117940,2.78706277170803718,3.00534821506558680,0.38000000000000000,5.91000000000000014
0.02353232412890668,0.02129489466548173,-0.04737773277518573,0.27206680550735268,2.77614091879302460,3.02961142678967787,0.38000000000000000,5.91000000000000014
0.02355909466812107,0.02157195306566758,-0.04707355761171000,0.26332588144391972,2.76498844682933953,3.05389511246661183,0.38000000000000000,5.91000000000000014
0.02358498567311141,0.02184788458671550,-0.04676695312785906,0.25447599480372124,2.75360293034005510,3.07819754190873640,0.38000000000000000,5.91000000000000014
0.02360998620980350,0.02212266580217827,-0.04645791753778760,0.24551638976883924,2.74198192657897977,3.10251693630763725,0.38000000000000000,5.91000000000000014
0.02363408526870112,0.02239627304048331,-0.04614644923600275,0.23644631377723452,2.73012297583774100,3.12685146725951091,0.38000000000000000,5.91000000000000014
0.02365727176522996,0.02266868238325269,-0.04583254680237286,0.22726501789182318,2.71802360177406754,3.15119925577817028,0.38000000000000000,5.91000000000000014
0.02367953454011910,0.02293986966365704,-0.04551620900723559,0.21797175718229411,2.70568131176201776,3.17555837129586083,0.38000000000000000,5.91000000000000014
0.02370086235982136,0.02320981046480566,-0.04519743481660655,0.20856579111997164,2.69309359726491593,3.19992683065207384,0.38000000000000000,5.91000000000000014
0.02372124391697367,0.02347848011817506,-0.04487622339748962,0.19904638398603103,2.68025793423178005,3.22430259707057854,0.38000000000000000,5.91000000000000014
0.02374066783089915,0.02374585370207839,-0.04455257412329014,0.18941280529337723,2.66717178351803907,3.24868357912490913,0.38000000000000000,5.91000000000000014
0.02375912264815185,0.02401190604017809,-0.04422648657933212,0.17966433022249928,2.65383259133135541,3.27306762969257425,0.38000000000000000,5.91000000000000014
0.02377659684310597,0.02427661170004455,-0.04389796056848062,0.16980024007161515,2.64023778970339063,3.29745254489827833,0.38000000000000000,5.91000000000000014
0.02379307881859072,0.02453994499176318,-0.04356699611687032,0.15981982272142370,2.62638479698836136,3.32183606304647716,0.38000000000000000,5.91000000000000014
0.02380855690657241,0.02480187996659275,-0.04323359347974131,0.14972237311478176,2.61227101838926146,3.34621586354361300,0.38000000000000000,5.91000000000000014
0.02382301936888533,0.02506239041567777,-0.04289775314738322,0.13950719375162535,2.59789384651262889,3.37058956581040636,0.38000000000000000,5.91000000000000014
0.02383645439801279,0.02532144986881777,-0.04255947585118858,0.12917359519945540,2.58325066195277087,3.39495472818461863,0.38000000000000000,5.91000000000000014
0.02384885011792011,0.02557903159329661,-0.04221876256981636,0.11872089661970781,2.56833883390635975,3.41930884681472103,0.38000000000000000,5.91000000000000014
0.02386019458494100,0.02583510859277470,-0.04187561453546654,0.10814842631032826,2.55315572081834130,3.44364935454495269,0.38000000000000000,5.91000000000000014
0.02387047578871900,0.02608965360624748,-0.04153003324026669,0.09745552226487157,2.53769867106010993,3.46797361979227592,0.38000000000000000,5.91000000000000014
0.02387968165320571,0.02634263910707335,-0.04118202044277109,0.08664153274844390,2.52196502364091790,3.49227894541577744,0.38000000000000000,5.91000000000000014
0.02388780003771747,0.02659403730207446,-0.04083157817457339,0.07570581689080494,2.50595210895350462,3.51656256757910590,0.38000000000000000,5.91000000000000014
0.02389481873805219,0.02684382013071379,-0.04047870874703329,0.06464774529694506,2.48965724955494672,3.54082165460656961,0.38000000000000000,5.91000000000000014
0.02390072548766815,0.02709195926435213,-0.04012341475811790,0.05346670067544924,2.47307776098374443,3.56505330583356717,0.38000000000000000,5.91000000000000014
0.02390550795892653,0.02733842610558864,-0.03976569909935833,0.04216207848495686,2.45621095261416933,3.58925455045205899,0.38000000000000000,5.91000000000000014
0.02390915376439949,0.02758319178768872,-0.03940556496292191,0.03073328759902166,2.43905412854891868,3.61342234635184045,0.38000000000000000,5.91000000000000014
0.02391165045824570,0.02782622717410314,-0.03904301584880052,0.01917975098967202,2.42160458855112815,3.63755357895841724,0.38000000000000000,5.91000000000000014
0.02391298553765516,0.02806750285808233,-0.03867805557211523,0.00750090642996586,2.40385962901680816,3.66164506006833523,0.38000000000000000,5.91000000000000014
0.02391314644436522,0.02830698916239005,-0.03831068827053748,-0.00430379278417189,2.38581654398878173,3.68569352668286765,0.38000000000000000,5.91000000000000014
0.02391212056624975,0.02854465613912054,-0.03794091841182700,-0.01623487709254814,2.36747262621320642,3.70969563984100725,0.38000000000000000,5.91000000000000014
0.02390989523898353,0.02878047356962344,-0.03756875080148632,-0.02829285990946408,2.34882516823977738,3.73364798345277471,0.38000000000000000,5.91000000000000014
0.02390645774778362,0.02901441096454110,-0.03719419059053199,-0.04047823684237730,2.32987146356671015,3.75754706313389741,0.38000000000000000,5.91000000000000014
0.02390179532923001,0.02924643756396252,-0.03681724328338219,-0.05279148489020936,2.31060880783161426,3.78138930504298232,0.38000000000000000,5.91000000000000014
0.02389589517316741,0.02947652233769879,-0.03643791474586037,-0.06523306162105615,2.29103450004936349,3.80517105472235162,0.38000000000000000,5.91000000000000014
0.02388874442469028,0.02970463398568477,-0.03605621121331472,-0.07780340432906957,2.27114584389808538,3.82888857594378029,0.38000000000000000,5.91000000000000014
0.02388033018621330,0.02993074093851170,-0.03567213929885261,-0.09050292917029296,2.25094014905438078,3.85253804956043133,0.38000000000000000,5.91000000000000014
0.02387063951962925,0.03015481135809591,-0.03528570600168962,-0.10333203027724645,2.23041473257889322,3.87611557236634807,0.38000000000000000,5.91000000000000014
0.02385965944855653,0.03037681313848869,-0.03489691871561203,-0.11629107885207425,2.20956692035334035,3.89961715596493219,0.38000000000000000,5.91000000000000014
0.02384737696067843,0.03059671390683237,-0.03450578523755211,-0.12938042223808244,2.18839404857012010,3.92303872564789691,0.38000000000000000,5.91000000000000014
0.02383377901017637,0.03081448102446815,-0.03411231377627476,-0.14260038296951427,2.16689346527559445,3.94637611928625764,0.38000000000000000,5.91000000000000014
0.02381885252025920,0.03103008158820091,-0.03371651296117457,-0.15595125779942901,2.14506253196814800,3.96962508623499266,0.38000000000000000,5.91000000000000014
0.02380258438579086,0.03124348243172663,-0.03331839185118145,-0.16943331670557174,2.12289862525210493,3.99278128625307671,0.38000000000000000,5.91000000000000014
0.02378496147601852,0.03145465012722811,-0.03291795994377360,-0.18304680187414374,2.10039913854858140,4.01584028844066321,0.38000000000000000,5.91000000000000014
0.02376597063740350,0.03166355098714452,-0.03251522718409571,-0.19679192666140685,2.07756148386432393,4.03879757019527030,0.38000000000000000,5.91000000000000014
0.02374559869655708,0.03187015106612090,-0.03211020397418059,-0.21066887453308128,2.05438309361957572,4.06164851618889688,0.38000000000000000,5.91000000000000014
0.02372383246328352,0.03207441616314342,-0.03170290118227185,-0.22467779798152290,2.03086142253598867,4.08438841736807490,0.38000000000000000,5.91000000000000014
0.02370065873373246,0.03227631182386643,-0.03129333015224549,-0.23881881742069552,2.00699394958556798,4.10701246997894653,0.38000000000000000,5.91000000000000014
0.02367606429366293,0.03247580334313751,-0.03088150271312750,-0.25309202005898390,1.98277818000161976,4.12951577461952990,0.38000000000000000,5.91000000000000014
0.02365003592182123,0.03267285576772679,-0.03046743118870487,-0.26749745874992631,1.95821164735262987,4.15189333532142424,0.38000000000000000,5.91000000000000014
0.02362256039343472,0.03286743389926683,-0.03005112840722684,-0.28203515082097902,1.93329191567997394,4.17414005866328441,0.38000000000000000,5.91000000000000014
0.02359362448382395,0.03305950229740943,-0.02963260771119308,-0.29670507688046216,1.90801658170031829,4.19625075291847782,0.38000000000000000,5.91000000000000014
0.02356321497213514,0.03324902528320609,-0.02921188296722535,-0.31150717960287422,1.88238327707352715,4.21822012723942841,0.38000000000000000,5.91000000000000014
0.02353131864519512,0.03343596694271838,-0.02878896857601871,-0.32644136249280287,1.85638967073684791,4.24004279088122971,0.38000000000000000,5.91000000000000014
0.02349792230149110,0.03362029113086529,-0.02836387948236840,-0.34150748862770214,1.83003347130609284,4.26171325246719501,0.38000000000000000,5.91000000000000014
0.02346301275527704,0.03380196147551386,-0.02793663118526781,-0.35670537937985053,1.80331242954448001,4.28322591929910867,0.38000000000000000,5.91000000000000014
0.02342657684080896,0.03398094138182026,-0.02750723974807322,-0.37203481311785097,1.77622434089973957,4.30457509671501803,0.38000000000000000,5.91000000000000014
0.02338860141671106,0.03415719403682797,-0.02707572180873015,-0.38749552388808267,1.74876704811002170,4.32575498749749521,0.38000000000000000,5.91000000000000014
0.02334907337047470,0.03433068241432997,-0.02664209459005631,-0.40308720007656607,1.72093844387907602,4.34675969133539031,0.38000000000000000,5.91000000000000014
0.02330797962309210,0.03450136928000195,-0.02620637591007552,-0.41880948305175458,1.69273647362109747,4.36758320434217495,0.38000000000000000,5.91000000000000014
0.02326530713382679,0.03466921719681357,-0.02576858419239685,-0.43466196578882377,1.66415913827554940,4.38821941863406817,0.38000000000000000,5.91000000000000014
0.02322104290512242,0.03483418853072459,-0.02532873847663283,-0.45064419147608503,1.63520449719219441,4.40866212197120966,0.38000000000000000,5.91000000000000014
0.02317517398765186,0.03499624545667313,-0.02488685842885027,-0.46675565210421227,1.60587067108646608,4.42890499746524924,0.38000000000000000,5.91000000000000014
0.02312768748550823,0.03515534996486290,-0.02444296435204681,-0.48299578703903173,1.57615584506522222,4.44894162335677912,0.38000000000000000,5.91000000000000014
0.02307857056153932,0.03531146386735658,-0.02399707719664609,-0.49936398157869094,1.54605827172281218,4.46876547286613324,0.38000000000000000,5.91000000000000014
0.02302781044282719,0.03546454880498231,-0.02354921857100409,-0.51585956549608891,1.51557627430728559,4.48836991412115083,0.38000000000000000,5.91000000000000014
0.02297539442631413,0.03561456625456023,-0.02309941075191865,-0.53248181156752039,1.48470824995645034,4.50774821016557592,0.38000000000000000,5.91000000000000014
0.02292130988457639,0.03576147753645624,-0.02264767669513388,-0.54922993408855814,1.45345267300336656,4.52689351905183734,0.38000000000000000,5.91000000000000014
0.02286554427174699,0.03590524382246957,-0.02219404004583111,-0.56610308737827153,1.42180809835073596,4.54579889402202664,0.38000000000000000,5.91000000000000014
0.02280808512958862,0.03604582614406141,-0.02173852514909695,-0.58310036427295686,1.38977316491350522,4.56445728378096049,0.38000000000000000,5.91000000000000014
0.02274892009371754,0.03618318540093100,-0.02128115706035945,-0.60022079461063149,1.35734659912886713,4.58286153286526332,0.38000000000000000,5.91000000000000014
0.02268803689997961,0.03631728236994615,-0.02082196155578227,-0.61746334370762823,1.32452721853268618,4.60100438211248797,0.38000000000000000,5.91000000000000014
0.02262542339097883,0.03644807771443468,-0.02036096514260685,-0.63482691082870524,1.29131393540122352,4.61887846923431766,0.38000000000000000,5.91000000000000014
0.02256106752275926,0.03657553199384320,-0.01989819506943181,-0.65231032765217434,1.25770576045687354,4.63647632949796851,0.38000000000000000,5.91000000000000014
0.02249495737164054,0.03669960567376960,-0.01943367933641870,-0.66991235673163707,1.22370180663644845,4.65379039651993409,0.38000000000000000,5.91000000000000014
0.02242708114120734,0.03682025913637549,-0.01896744670541248,-0.68763168995600588,1.18930129292037612,4.67081300317626003,0.38000000000000000,5.91000000000000014
0.02235742716945283,0.03693745269118447,-0.01849952670996514,-0.70546694700957802,1.15450354822098911,4.68753638263356986,0.38000000000000000,5.91000000000000014
0.02228598393607610,0.03705114658627214,-0.01802994966524981,-0.72341667383402253,1.11930801532788893,4.70395266950506930,0.38000000000000000,5.91000000000000014
0.02221274006993313,0.03716130101985336,-0.01755874667785296,-0.74147934109423441,1.08371425490817619,4.72005390113579981,0.38000000000000000,5.91000000000000014
0.02213768435664099,0.03726787615227222,-0.01708594965543146,-0.75965334265010265,1.04772194955912723,4.73583201902138651,0.38000000000000000,5.91000000000000014
0.02206080574633434,0.03737083211839981,-0.01661159131622077,-0.77793699403633709,1.01133090791068736,4.75127887036455387,0.38000000000000000,5.91000000000000014
0.02198209336157363,0.03747012904044453,-0.01613570519838059,-0.79632853095259393,0.97454106877493174,4.76638620977364624,0.38000000000000000,5.91000000000000014
0.02190153650540352,0.03756572704117967,-0.01565832566916324,-0.81482610776623865,0.93735250533942083,4.78114570110738768,0.38000000000000000,5.91000000000000014
0.02181912466956039,0.03765758625759227,-0.01517948793389016,-0.83342779603018113,0.89976542940114246,4.79554891947007178,0.38000000000000000,5.91000000000000014
0.02173484754282714,0.03774566685495739,-0.01469922804472116,-0.85213158301831748,0.86178019563749775,4.80958735336133714,0.38000000000000000,5.91000000000000014
0.02164869501953352,0.03782992904134103,-0.01421758290920083,-0.87093537028121004,0.82339730591054405,4.82325240698462032,0.38000000000000000,5.91000000000000014
0.02156065720819970,0.03791033308253512,-0.01373459029856591,-0.88983697222473590,0.78461741360045745,4.83653540271832405,0.38000000000000000,5.91000000000000014
0.02147072444032077,0.03798683931742699,-0.01325028885579737,-0.90883411471452935,0.74544132796392593,4.84942758375364047,0.38000000000000000,5.91000000000000014
0.02137888727928934,0.03805940817380585,-0.01276471810340013,-0.92792443370914313,0.70587001851292452,4.86192011690289760,0.38000000000000000,5.91000000000000014
0.02128513652945331,0.03812800018460794,-0.01227791845089327,-0.94710547392494404,0.66590461940905987,4.87400409558216730,0.38000000000000000,5.91000000000000014
0.02118946324530535,0.03819257600460160,-0.01178993120199314,-0.96637468753585631,0.62554643386840780,4.88567054297176639,0.38000000000000000,5.91000000000000014
0.02109185874080065,0.03825309642751329,-0.01130079856147139,-0.98572943291115300,0.58479693857149517,4.89691041535813731,0.38000000000000000,5.91000000000000014
0.02099231459879874,0.03830952240359448,-0.01081056364166952,-1.00516697339458871,0.54365778807280773,4.90771460566044482,0.38000000000000000,5.91000000000000014
0.02089082268062527,0.03836181505762928,-0.01031927046865151,-1.02468447612824920,0.50213081920392877,4.91807394714504653,0.38000000000000000,5.91000000000000014
0.02078737513574894,0.03840993570738184,-0.00982696398797545,-1.04427901092457986,0.46021805546414141,4.92797921733082500,0.38000000000000000,5.91000000000000014
0.02068196441156879,0.03845384588248187,-0.00933369007006490,-1.06394754919013024,0.41792171139204892,4.93742114208814797,0.38000000000000000,5.91000000000000014
0.02057458326330626,0.03849350734374612,-0.00883949551516071,-1.08368696290463151,0.37524419691149397,4.94639039993400775,0.38000000000000000,5.91000000000000014
0.02046522476399651,0.03852888210293283,-0.00834442805783325,-1.10349402365908933,0.33218812164478329,4.95487762652565689,0.38000000000000000,5.91000000000000014
0.02035388231457275,0.03855993244292567,-0.00784853637103545,-1.12336540175664301,0.28875629918595203,4.96287341935478654,0.38000000000000000,5.91000000000000014
0.02024054965403727,0.03858662093834257,-0.00735187006967614,-1.14329766538000155,0.24495175132653352,4.97036834264402305,0.38000000000000000,5.91000000000000014
0.02012522086971215,0.03860891047656451,-0.00685447971369369,-1.16328727982931635,0.20077771222603627,4.97735293244722943,0.38000000000000000,5.91000000000000014
0.02000789040756258,0.03862676427917825,-0.00635641681060934,-1.18333060683440427,0.15623763251906958,4.98381770195475760,0.38000000000000000,5.91000000000000014
0.01988855308258500,0.03864014592382623,-0.00585773381753969,-1.20342390394526766,0.11133518335080689,4.98975314700449601,0.38000000000000000,5.91000000000000014
0.01976720408925218,0.03864901936645609,-0.00535848414264781,-1.22356332400489265,0.06607426033223013,4.99514975179917275,0.38000000000000000,5.91000000000000014
0.01964383901200666,0.03865334896396135,-0.00485872214601229,-1.24374491470833104,0.02045898740636170,4.99999799483001084,0.38000000000000000,5.91000000000000014
0.01951845383579388,0.03865309949720388,-0.00435850313989365,-1.26396461825208384,-0.02550627938353636,5.00428835500644542,0.38000000000000000,5.91000000000000014
0.01939104495662565,0.03864823619440789,-0.00385788338837743,-1.28421827107781117,-0.07181694823303172,5.00801131799118426,0.38000000000000000,5.91000000000000014
0.01926160919216435,0.03863872475491428,-0.00335692010637360,-1.30450160371438795,-0.11846818803229878,5.01115738273947375,0.38000000000000000,5.91000000000000014
0.01913014379231786,0.03862453137328319,-0.00285567145795193,-1.32481024072230702,-0.16545492494823105,5.01371706824096730,0.38000000000000000,5.91000000000000014
0.01899664644983477,0.03860562276373154,-0.00235419655399306,-1.34513970074441080,-0.21277183914269049,5.01568092046213554,0.38000000000000000,5.91000000000000014
0.01886111531088903,0.03858196618489161,-0.00185255544913543,-1.36548539666688651,-0.26041336163685225,5.01703951948666749,0.38000000000000000,5.91000000000000014
0.01872354898564285,0.03855352946487545,-0.00135080913799842,-1.38584263589441825,-0.30837367133174187,5.01778348685079489,0.38000000000000000,5.91000000000000014
0.01858394655877613,0.03852028102662890,-0.00084901955066234,-1.40620662074331837,-0.35664669219518108,5.01790349306996664,0.38000000000000000,5.91000000000000014
0.01844230759997065,0.03848218991355834,-0.00034724954738634,-1.42657244895639113,-0.40522609062545578,5.01739026535275023,0.38000000000000000,5.91000000000000014
0.01829863217433643,0.03843922581541161,0.00015443708745420,-1.44693511434318944,-0.45410527300209547,5.01623459549729578,0.38000000000000000,5.91000000000000014
0.01815292085276769,0.03839135909439424,0.00065597565222890,-1.46728950754922116,-0.50327738343420458,5.01442734796512024,0.38000000000000000,5.91000000000000014
0.01800517472221529,0.03833856081150040,0.00115730053572955,-1.48763041695754739,-0.55273530171681151,5.01195946812639814,0.38000000000000000,5.91000000000000014
0.01785539539586228,0.03828080275303746,0.00165834522568014,-1.50795252972607807,-0.60247164150569987,5.00882199067035838,0.38000000000000000,5.91000000000000014
0.01770358502318875,0.03821805745732166,0.00215904231809594,-1.52825043296372942,-0.65247874872115874,5.00500604817378125,0.38000000000000000,5.91000000000000014
0.01754974629991202,0.03815029824152155,0.00265932352750695,-1.54851861504843713,-0.70274870019102620,5.00050287981998220,0.38000000000000000,5.91000000000000014
0.01739388247778783,0.03807749922862474,0.00315911969806048,-1.56875146708985036,-0.75327330254331482,4.99530384026006224,-1.51000000000000001,4.65000000000000036
0.01723582537211030,0.03799960953979360,0.00365842475402026,-1.59238333052563941,-0.80456071971560528,4.99067915891169633,-1.51000000000000001,4.65000000000000036
0.01707540737511972,0.03791657917287934,0.00415723176210563,-1.61596828833805728,-0.85608548143580887,4.98534145386677707,-1.51000000000000001,4.65000000000000036
0.01691263348079301,0.03782838481308827,0.00465546899322944,-1.63950025321922555,-0.90783914614793426,4.97928221076354305,-1.51000000000000001,4.65000000000000036
0.01674750929751968,0.03773500400431747,0.00515306387303673,-1.66297302446354522,-0.95981298125517633,4.97249304033576145,-1.51000000000000001,4.65000000000000036
0.01658004105936688,0.03763641517835520,0.00564994299493638,-1.68638028949526908,-1.01199796124264685,4.96496568889048984,-1.51000000000000001,4.65000000000000036
0.01641023563718179,0.03753259768425415,0.00614603213419138,-1.70971562559291868,-1.06438476609872179,4.95669204900395677,-1.51000000000000001,4.65000000000000036
0.01623810054951162,0.03742353181784708,0.00664125626308933,-1.73297250181597917,-1.11696378005090735,4.94766417042565720,-1.51000000000000001,4.65000000000000036
0.01606364397332054,0.03730919885137231,0.00713553956721321,-1.75614428113907706,-1.16972509063214658,4.93787427117974520,-1.51000000000000001,4.65000000000000036
0.01588687475448261,0.03718958106317561,0.00762880546283168,-1.77922422279858350,-1.22265848809345079,4.92731474885175924,-1.51000000000000001,4.65000000000000036
0.01570780241802928,0.03706466176745265,0.00812097661542680,-1.80220548485629450,-1.27575346517865329,4.91597819204767195,-1.51000000000000001,4.65000000000000036
0.01552643717812943,0.03693442534399534,0.00861197495937571,-1.82508112698451574,-1.32899921727693870,4.90385739201116433,-1.51000000000000001,4.65000000000000036
0.01534278994777968,0.03679885726790336,0.00910172171880123,-1.84784411347652311,-1.38238464296859243,4.89094535438394740,-1.51000000000000001,4.65000000000000036
0.01515687234818228,0.03665794413922076,0.00959013742960510,-1.87048731648598277,-1.43589834497914604,4.87723531109285613,-1.51000000000000001,4.65000000000000036
0.01496869671778742,0.03651167371245624,0.01007714196269544,-1.89300351949849022,-1.48952863155676285,4.86272073234634394,-1.51000000000000001,4.65000000000000036
0.01477827612097669,0.03636003492594374,0.01056265454841859,-1.91538542103793530,-1.54326351828730113,4.84739533872189732,-1.51000000000000001,4.65000000000000036
0.01458562435636404,0.03620301793099921,0.01104659380220349,-1.93762563860990977,-1.59709073036101801,4.83125311332479779,-1.51000000000000001,4.65000000000000036
0.01439075596469054,0.03604061412082752,0.01152887775142458,-1.95971671288385241,-1.65099770530433498,4.81428831399757762,-1.51000000000000001,4.65000000000000036
0.01419368623628887,0.03587281615913237,0.01200942386348726,-1.98165111211507150,-1.70497159618945937,4.79649548555843541,-1.51000000000000001,4.65000000000000036
0.01399443121809359,0.03569961800838087,0.01248814907513780,-2.00342123680719952,-1.75899927533396028,4.77786947204583434,-1.51000000000000001,4.65000000000000036
0.01379300772017325,0.03552101495767321,0.01296496982299689,-2.02501942461501372,-1.81306733850162360,4.75840542894547358,-1.51000000000000001,4.65000000000000036
0.01358943332176003,0.03533700365016666,0.01343980207531412,-2.04643795548690699,-1.86716210961505524,4.73809883537484211,-1.51000000000000001,4.65000000000000036
0.01338372637675343,0.03514758211000241,0.01391256136493763,-2.06766905704561887,-1.92126964598956862,4.71694550619959774,-1.51000000000000001,4.65000000000000036
0.01317590601867387,0.03495274976868259,0.01438316282349086,-2.08870491020512361,-1.97537574409688177,4.69494160405511707,-1.51000000000000001,4.65000000000000036
0.01296599216504301,0.03475250749084402,0.01485152121674571,-2.10953765502084334,-2.02946594586605844,4.67208365124569980,-1.51000000000000001,4.65000000000000036
0.01275400552116755,0.03454685759937485,0.01531755098117816,-2.13015939676959887,-2.08352554552795777,4.64836854149310863,-1.51000000000000001,4.65000000000000036
0.01253996758330358,0.03433580389981931,0.01578116626169012,-2.15056221225492461,-2.13753959700821250,4.62379355150540405,-1.51000000000000001,4.65000000000000036
0.01232390064117956,0.03411935170401559,0.01624228095047786,-2.17073815633258160,-2.19149292187243416,4.59835635233635731,-1.51000000000000001,4.65000000000000036
0.01210582777985578,0.03389750785291146,0.01670080872702474,-2.19067926865028317,-2.24537011782594753,4.57205502050514667,-1.51000000000000001,4.65000000000000036
0.01188577288089956,0.03367028073850223,0.01715666309919258,-2.21037758059481915,-2.29915556776890018,4.54488804884555098,-1.51000000000000001,4.65000000000000036
0.01166376062285561,0.03343768032483530,0.01760975744538310,-2.22982512243891895,-2.35283344940605232,4.51685435705342808,-1.51000000000000001,4.65000000000000036
0.01143981648099206,0.03319971816802626,0.01806000505773781,-2.24901393067935151,-2.40638774540896749,4.48795330190097896,-1.51000000000000001,4.65000000000000036
0.01121396672630360,0.03295640743523120,0.01850731918634123,-2.26793605555690148,-2.45980225412666664,4.45818468708607085,-1.51000000000000001,4.65000000000000036
0.01098623842375380,0.03270776292252076,0.01895161308438956,-2.28658356874801205,-2.51306060083911031,4.42754877268481106,-1.51000000000000001,4.65000000000000036
0.01075665942974030,0.03245380107160205,0.01939280005428341,-2.30494857121703411,-2.56614624954611514,4.39604628417557830,-1.51000000000000001,4.65000000000000036
0.01052525838876709,0.03219453998533525,0.01983079349460014,-2.32302320121717809,-2.61904251528251830,4.36367842100284697,-1.51000000000000001,4.65000000000000036
0.01029206472930990,0.03192999944199279,0.02026550694789838,-2.34079964242744376,-2.67173257694858135,4.33044686464942252,-1.51000000000000001,4.65000000000000036
0.01005710865886160,0.03166020090821035,0.02069685414930375,-2.35827013221198412,-2.72419949064276246,4.29635378618607611,-1.51000000000000001,4.65000000000000036
0.00982042115814616,0.03138516755057996,0.02112474907582229,-2.37542696998757297,-2.77642620348211411,4.26140185326811416,-1.51000000000000001,4.65000000000000036
0.00958203397449105,0.03110492424583749,0.02154910599632451,-2.39226252568408615,-2.82839556789367785,4.22559423654905508,-1.51000000000000001,4.65000000000000036
0.00934197961434964,0.03081949758959808,0.02196983952214059,-2.40876924828216632,-2.88009035635836064,4.18893461548239898,-1.51000000000000001,4.65000000000000036
0.00910029133496665,0.03052891590359551,0.02238686465820383,-2.42493967441155345,-2.93149327658688863,4.15142718348340356,-1.51000000000000001,4.65000000000000036
0.00885700313518142,0.03023320924138322,0.02280009685467732,-2.44076643699289875,-2.98258698710557812,4.11307665242386111,-1.51000000000000001,4.65000000000000036
0.00861214974536559,0.02993240939245729,0.02320945205899550,-2.45624227390527983,-3.03335411322781523,4.07388825643407770,-1.51000000000000001,4.65000000000000036
0.00836576661649349,0.02962654988476408,0.02361484676825036,-2.47136003666106152,-3.08377726338533398,4.03386775498760830,-1.51000000000000001,4.65000000000000036
0.00811788990834549,0.02931566598555784,0.02401619808184925,-2.48611269906925303,-3.13383904579162609,3.99302143524580933,-1.51000000000000001,4.65000000000000036
0.00786855647684634,0.02899979470057665,0.02441342375436922,-2.50049336586805770,-3.18352208540810766,3.95135611364085992,-1.51000000000000001,4.65000000000000036
0.00761780386054266,0.02867897477150783,0.02480644224853079,-2.51449528130692723,-3.23280904118204004,3.90887913667768983,-1.51000000000000001,4.65000000000000036
0.00736567026622558,0.02835324667171738,0.02519517278821214,-2.52811183765811842,-3.28168262352362960,3.86559838093710839,-1.51000000000000001,4.65000000000000036
0.00711219455370654,0.02802265260022113,0.02557953541142294,-2.54133658363750170,-3.33012561198827362,3.82152225226443409,-1.51000000000000001,4.65000000000000036
0.00685741621975647,0.02768723647387889,0.02595945102315577,-2.55416323271419099,-3.37812087312852993,3.77665968413004016,-1.51000000000000001,4.65000000000000036
0.00660137538122038,0.02734704391779643,0.02633484144803177,-2.56658567128848025,-3.42565137847912382,3.73102013515044151,-1.51000000000000001,4.65000000000000036
0.00634411275732157,0.02700212225392386,0.02670562948265593,-2.57859796671754227,-3.47270022263714973,3.68461358576086884,-1.51000000000000001,4.65000000000000036
0.00608566965117183,0.02665252048784294,0.02707173894759701,-2.59019437516841355,-3.51925064139859511,3.63745053403268193,-1.51000000000000001,4.65000000000000036
0.00582608793050570,0.02629828929373944,0.02743309473890621,-2.60136934927793684,-3.56528602991141419,3.58954199063144985,-1.51000000000000001,4.65000000000000036
0.00556541000765933,0.02593948099756114,0.02778962287908864,-2.61211754559956333,-3.61078996080462167,3.54089947291408436,-1.51000000000000001,4.65000000000000036
0.00530367881881609,0.02557614955836583,0.02814125056744145,-2.62243383181722711,-3.65574620225226710,3.49153499816601709,-1.51000000000000001,4.65000000000000036
0.00504093780254327,0.02520835054786786,0.02848790622967287,-2.63231329370691469,-3.70013873593069453,3.44146107598206452,-1.51000000000000001,4.65000000000000036
0.00477723087764600,0.02483614112819605,0.02882951956671668,-2.64175124182702836,-3.74395177482718733,3.39069069979730919,-1.51000000000000001,4.65000000000000036
0.00451260242036650,0.02445958002787997,0.02916602160265777,-2.65074321791922207,-3.78716978085797296,3.33923733757702879,-1.51000000000000001,4.65000000000000036
0.00424709724095843,0.02407872751608564,0.02949734473168501,-2.65928500100203014,-3.82977748225358638,3.28711492167741737,-1.51000000000000001,4.65000000000000036
0.00398076055966797,0.02369364537512610,0.02982342276398934,-2.66737261314035079,-3.87175989066979698,3.23433783789154150,-1.51000000000000001,4.65000000000000036
0.00371363798215480,0.02330439687127631,0.03014419097052650,-2.67500232487465572,-3.91310231798267738,3.18092091369765395,-1.51000000000000001,4.65000000000000036
0.00344577547438785,0.02291104672392609,0.03045958612656542,-2.68217066029467821,-3.95379039272693511,3.12687940572963319,-1.51000000000000001,4.65000000000000036
0.00317721933705205,0.02251366107310871,0.03076954655394572,-2.68887440174329750,-3.99381007613734784,3.07222898649191123,-1.51000000000000001,4.65000000000000036
0.00290801617950371,0.02211230744544680,0.03107401216196999,-2.69511059413736120,-4.03314767775402583,3.01698573034377571,-1.51000000000000001,4.65000000000000036
0.00263821289331353,0.02170705471856119,0.03137292448685904,-2.70087654889326734,-4.07178987055328268,2.96116609878039672,-1.51000000000000001,4.65000000000000036
0.00236785662543722,0.02129797308399189,0.03166622672970137,-2.70616984744629052,-4.10972370556711120,2.90478692504027736,-1.51000000000000001,4.65000000000000036
0.00209699475105495,0.02088513400868419,0.03195386379283098,-2.71098834435381875,-4.14693662595562973,2.84786539807109573,-1.51000000000000001,4.65000000000000036
0.00182567484612166,0.02046861019509633,0.03223578231457112,-2.71533016997392584,-4.18341648049840487,2.79041904588804313,-1.51000000000000001,4.65000000000000036
0.00155394465967102,0.02004847553998838,0.03251193070228500,-2.71919373271198550,-4.21915153647221608,2.73246571836077567,-1.51000000000000001,4.65000000000000036
0.00128185208591661,0.01962480509195540,0.03278225916367822,-2.72257772082935601,-4.25413049188464942,2.67402356946697939,-1.51000000000000001,4.65000000000000036
0.00100944513619427,0.01919767500777056,0.03304671973630145,-2.72548110380951059,-4.28834248703484366,2.61511103905226960,-1.51000000000000001,4.65000000000000036
0.00073677191079020,0.01876716250760700,0.03330526631520628,-2.72790313327836342,-4.32177711537476128,2.55574683413771764,-1.51000000000000001,4.65000000000000036
0.00046388057069931,0.01833334582920956,0.03355785467871080,-2.72984334347692048,-4.35442443364654963,2.49594990981770026,-1.51000000000000001,4.65000000000000036
0.00019081930935879,0.01789630418108988,0.03380444251223647,-2.73130155128577412,-4.38627497127379407,2.43573944979199730,-1.51000000000000001,4.65000000000000036
-0.00008236367559847,0.01745611769482055,0.03404498943018166,-2.73227785580235594,-4.41731973898683883,2.37513484657711338,-1.51000000000000001,4.65000000000000036
-0.00035562021052586,0.01701286737650572,0.03427945699580227,-2.73277263747323618,-4.44755023666476479,2.31415568144266315,-1.51000000000000001,4.65000000000000036
-0.00062890217383615,0.01656663505750736,0.03450780873907414,-2.73278655678513260,-4.47695846037910705,2.25282170411934279,-1.51000000000000001,4.65000000000000036
-0.00090216152392189,0.01611750334450752,0.03473001017251680,-2.73232055251963679,-4.50553690862692857,2.19115281232549064,-1.51000000000000001,4.65000000000000036
-0.00117535032687965,0.01566555556898834,0.03494602880496276,-2.73137583957798080,-4.53327858774342829,2.12916903115953948,-1.51000000000000001,4.65000000000000036
-0.00144842078399562,0.01521087573621200,0.03515583415326136,-2.72995390638345237,-4.56017701648687090,2.06689049240576406,-1.51000000000000001,4.65000000000000036
-0.00172132525895066,0.01475354847378387,0.03535939775191079,-2.72805651187031373,-4.58622622979121086,2.00433741380063957,-1.51000000000000001,4.65000000000000036
-0.00199401630470397,0.01429365897988208,0.03555669316061676,-2.72568568206926587,-4.61142078168437930,1.94153007830684921,-1.51000000000000001,4.65000000000000036
-0.00226644669001563,0.01383129297123694,0.03574769596978086,-2.72284370630065098,-4.63575574737278906,1.87848881344151430,-1.51000000000000001,4.65000000000000036
-0.00253856942556935,0.01336653663094350,0.03593238380392643,-2.71953313298766686,-4.65922672449515130,1.81523397070458237,-1.51000000000000001,4.65000000000000036
-0.00281033778965804,0.01289947655619004,0.03611073632307414,-2.71575676510289465,-4.68182983355119831,1.75178590515248223,-1.51000000000000001,4.65000000000000036
-0.00308170535339636,0.01243019970598465,0.03628273522208399,-2.71151765526239297,-4.70356171751336483,1.68816495516117371,-1.51000000000000001,4.65000000000000036
-0.00335262600542566,0.01195879334896095,0.03644836422798493,-2.70681910048250174,-4.72441954063184610,1.62439142242156653,-1.51000000000000001,4.65000000000000036
-0.00362305397607835,0.01148534501134331,0.03660760909531743,-2.70166463661530987,-4.74440098644576480,1.56048555220898333,-1.51000000000000001,4.65000000000000036
-0.00389294386097053,0.01100994242514982,0.03676045759951825,-2.69605803247947717,-4.76350425501539032,1.49646751396689681,-1.51000000000000001,4.65000000000000036
-0.00416225064399310,0.01053267347671046,0.03690689952838103,-2.69000328370376085,-4.78172805939247514,1.43235738224359066,-1.51000000000000001,4.65000000000000036
-0.00443092971967370,0.01005362615557543,0.03704692667162971,-2.68350460630116983,-4.79907162134777288,1.36817511801869207,-1.51000000000000001,4.65000000000000036
-0.00469893691488324,0.00957288850388706,0.03718053280864553,-2.67656642999216965,-4.81553466637671868,1.30394055045471213,-1.51000000000000001,4.65000000000000036
-0.00496622850986313,0.00909054856628628,0.03730771369439186,-2.66919339129577260,-4.83111741800601724,1.23967335910681031,-1.51000000000000001,4.65000000000000036
-0.00523276125855067,0.00860669434042238,0.03742846704358424,-2.66139032640767637,-4.84582059142553945,1.17539305662200166,-1.51000000000000001,4.65000000000000036
-0.00549849240818251,0.00812141372813226,0.03754279251315602,-2.65316226388487175,-4.85964538647144728,1.11111897195693898,-1.51000000000000001,4.65000000000000036
-0.00576337971815769,0.00763479448735262,0.03765069168307280,-2.64451441715629398,-4.87259347998785497,1.04687023414126035,-1.51000000000000001,4.65000000000000036
-0.00602738147814385,0.00714692418482595,0.03775216803555161,-2.63545217687919697,-4.88466701759557420,0.98266575661129396,-1.51000000000000001,4.65000000000000036
-0.00629045652541215,0.00665789014965798,0.03784722693274287,-2.62598110316092459,-4.89586860489759435,0.91852422213667217,-1.51000000000000001,4.65000000000000036
-0.00655256426138858,0.00616777942778157,0.03793587559293547,-2.61610691766569747,-4.90620129815191675,0.85446406836014066,-1.51000000000000001,4.65000000000000036
-0.00681366466741082,0.00567667873737850,0.03801812306534740,-2.60583549562589223,-4.91566859444317750,0.79050347396856613,-1.51000000000000001,4.65000000000000036
-0.00707371831968248,0.00518467442530797,0.03809398020356550,-2.59517285777707851,-4.92427442138516458,0.72666034551085634,-1.51000000000000001,4.65000000000000036
-0.00733268640341760,0.00469185242458688,0.03816345963770013,-2.58412516223580280,-4.93202312638687879,0.66295230487622381,-1.51000000000000001,4.65000000000000036
-0.00759053072617102,0.00419829821296392,0.03822657574532098,-2.57269869633877057,-4.93891946551517513,0.59939667744395964,-1.51000000000000001,4.65000000000000036
-0.00784721373035140,0.00370409677262622,0.03828334462124190,-2.56089986846167816,-4.94496859198728789,0.53601048091364378,-1.51000000000000001,4.65000000000000036
-0.00810269850491591,0.00320933255107390,0.03833378404622308,-2.54873519983548347,-4.95017604432666047,0.47281041482251834,-1.51000000000000001,4.65000000000000036
-0.00835694879624708,0.00271408942319436,0.03837791345465945,-2.53621131637740582,-4.95454773421551220,0.40981285075459190,-1.51000000000000001,4.65000000000000036
-0.00860992901821425,0.00221845065456523,0.03841575390132477,-2.52333494055338337,-4.95808993407742715,0.34703382324394194,-1.51000000000000001,4.65000000000000036
-0.00886160426142344,0.00172249886601104,0.03844732802724073,-2.51011288328812165,-4.96080926442302239,0.28448902137264331,-1.51000000000000001,4.65000000000000036
-0.00911194030166135,0.00122631599943597,0.03847266002474053,-2.49655203593822606,-4.96271268099138840,0.22219378106177837,-1.51000000000000001,4.65000000000000036
-0.00936090360754034,0.00072998328495115,0.03849177560179612,-2.48265936234324691,-4.96380746171952580,0.16016307805209043,-1.51000000000000001,4.65000000000000036
-0.00960846134735311,0.00023358120931240,0.03850470194567768,-2.46844189096875288,-4.96410119357143209,0.09841152156902869,-1.51000000000000001,4.65000000000000036
-0.00985458139514672,-0.00026281051431923,0.03851146768601366,-2.45390670715483772,-4.96360175925784919,0.03695334866520450,-1.51000000000000001,4.65000000000000036
-0.01009923233602742,-0.00075911297528470,0.03851210285731852,-2.43906094548270325,-4.96231732387690982,-0.02419758076835712,-1.51000000000000001,4.65000000000000036
-0.01034238347070841,-0.00125524809299557,0.03850663886105458,-2.42391178227120774,-4.96025632150511608,-0.08502778833232950,-1.51000000000000001,4.65000000000000036
-0.01058400481931425,-0.00175113864316041,0.03849510842729339,-2.40846642821448809,-4.95742744176716421,-0.14552418080216414,-1.51000000000000001,4.65000000000000036
-0.01082406712445660,-0.00224670828266823,0.03847754557604058,-2.39273212117098355,-4.95383961641218384,-0.20567405317708828,-1.51000000000000001,4.65000000000000036
-0.01106254185359671,-0.00274188157313101,0.03845398557828691,-2.37671611911339342,-4.94950200592291623,-0.26546509110921601,-1.51000000000000001,4.65000000000000036
-0.01129940120071140,-0.00323658400308986,0.03842446491684678,-2.36042569324831808,-4.94442398618329548,-0.32488537272811130,-1.51000000000000001,4.65000000000000036
-0.01153461808727980,-0.00373074200889186,0.03838902124704387,-2.34386812131354283,-4.93861513522877615,-0.38392336987718384,-1.51000000000000001,4.65000000000000036
-0.01176816616260904,-0.00422428299424707,0.03834769335730171,-2.32705068106014235,-4.93208522010259287,-0.44256794877923700,-1.51000000000000001,4.65000000000000036
-0.01200001980351756,-0.00471713534847731,0.03830052112969568,-2.30998064392581570,-4.92484418383994793,-0.50080837014932655,-1.51000000000000001,4.65000000000000036
-0.01223015411339569,-0.00520922846347076,0.03824754550052038,-2.29266526890509770,-4.91690213260093323,-0.55863428877382737,-1.51000000000000001,4.65000000000000036
-0.01245854492066317,-0.00570049274935795,0.03818880842092510,-2.27511179662135365,-4.90826932297174690,-0.61603575257524656,-1.51000000000000001,4.65000000000000036
-0.01268516877664425,-0.00619085964892717,0.03812435281766761,-2.25732744360473125,-4.89895614945253666,-0.67300320118286561,-1.51000000000000001,4.65000000000000036
-0.01291000295288097,-0.00668026165079869,0.03805422255403480,-2.23931939677954039,-4.88897313214897800,-0.72952746402974822,-1.51000000000000001,4.65000000000000036
-0.01313302543790575,-0.00716863230137898,0.03797846239097639,-2.22109480816384774,-4.87833090468342245,-0.78559975799700976,-1.51000000000000001,4.65000000000000036
-0.01335421493349470,-0.00765590621561758,0.03789711794849599,-2.20266078978340163,-4.86704020234025059,-0.84121168462652030,-1.51000000000000001,4.65000000000000036
-0.01357355085042303,-0.00814201908659090,0.03781023566734155,-2.18402440880137449,-4.85511185045882332,-0.89635522692340497,-1.51000000000000001,4.65000000000000036
-0.01379101330374439,-0.00862690769393813,0.03771786277103521,-2.16519268286479338,-4.84255675308621925,-0.95102274576981449,-1.51000000000000001,4.65000000000000036
-0.01400658310761550,-0.00911050991117586,0.03762004722828033,-2.14617257566794750,-4.82938588190075979,-1.00520697597147590,-1.51000000000000001,4.65000000000000036
-0.01422024176968819,-0.00959276471191905,0.03751683771578122,-2.12697099273250245,-4.81561026541616588,-1.05890102195849645,-1.51000000000000001,4.65000000000000036
-0.01443197148509008,-0.01007361217503682,0.03740828358150937,-2.10759477740352752,-4.80124097847503606,-1.11209835316178829,-1.51000000000000001,4.65000000000000036
-0.01464175513001567,-0.01055299348877231,0.03729443480844716,-2.08805070706014284,-4.78628913203924444,-1.16479279908631539,-1.51000000000000001,4.65000000000000036
-0.01484957625494921,-0.01103085095385680,0.03717534197883875,-2.06834548953902653,-4.77076586328377061,-1.21697854410213480,-1.51000000000000001,4.65000000000000036
-0.01505541907754035,-0.01150712798564853,0.03705105623897489,-2.04848575976858172,-4.75468232599943530,-1.26865012197392479,-1.51000000000000001,4.65000000000000036
-0.01525926847515375,-0.01198176911532746,0.03692162926453720,-2.02847807661115898,-4.73804968130902182,-1.31980241014935817,-1.51000000000000001,4.65000000000000036
-0.01546110997711312,-0.01245471999017748,0.03678711322652469,-2.00832891991034845,-4.72087908870028095,-1.37043062382630043,-1.51000000000000001,4.65000000000000036
-0.01566092975666014,-0.01292592737298786,0.03664756075778392,-1.98804468774000953,-4.70318169737841529,-1.42053030981839301,-1.51000000000000001,4.65000000000000036
-0.01585871462264819,-0.01339533914060596,0.03650302492016178,-1.96763169385138603,-4.68496863793974150,-1.47009734023812122,-1.51000000000000001,4.65000000000000036
-0.01605445201099059,-0.01386290428167352,0.03635355917229834,-1.94709616531436369,-4.66625101436739609,-1.51912790601597458,-1.51000000000000001,4.65000000000000036
-0.01624812997588242,-0.01432857289357846,0.03619921733807533,-1.92644424034866413,-4.64703989634915438,-1.56761851027378607,-1.51000000000000001,4.65000000000000036
-0.01643973718081483,-0.01479229617865470,0.03604005357573365,-1.90568196634053533,-4.62734631191668111,-1.61556596156978682,-1.51000000000000001,4.65000000000000036
-0.01662926288940006,-0.01525402643966182,0.03587612234767226,-1.88481529804028636,-4.60718124040482380,-1.66296736703234171,-1.51000000000000001,4.65000000000000036
-0.01681669695602513,-0.01571371707457662,0.03570747839093847,-1.86385009593583661,-4.58655560572888987,-1.70982012539874528,-1.51000000000000001,4.65000000000000036
-0.01700202981635136,-0.01617132257072816,0.03553417668841847,-1.84279212479728538,-4.56548026997724055,-1.75612191997484657,-1.51000000000000001,4.65000000000000036
-0.01718525247767679,-0.01662679849830773,0.03535627244073522,-1.82164705238737645,-4.54396602731593902,-1.80187071153066136,-1.51000000000000001,4.65000000000000036
-0.01736635650917768,-0.01708010150328471,0.03517382103885940,-1.80042044833261894,-4.52202359820167921,-1.84706473114649783,-1.51000000000000001,4.65000000000000036
-0.01754533403204494,-0.01753118929975898,0.03498687803743759,-1.77911778314973756,-4.49966362389870334,-1.89170247302349304,-1.51000000000000001,4.65000000000000036
-0.01772217770953071,-0.01798002066177998,0.03479549912884063,-1.75774442742205195,-4.47689666129498054,-1.93578268727182246,-1.51000000000000001,4.65000000000000036
-0.01789688073691994,-0.01842655541466218,0.03459974011793381,-1.73630565112033852,-4.45373317801250934,-1.97930437268920323,-1.51000000000000001,4.65000000000000036
-0.01806943683144093,-0.01887075442582606,0.03439965689756909,-1.71480662306269571,-4.43018354780621593,-2.02226676954168250,-1.51000000000000001,4.65000000000000036
-0.01823984022212869,-0.01931257959519315,0.03419530542479873,-1.69325241050791742,-4.40625804624560402,-2.06466935235806615,-1.51000000000000001,4.65000000000000036
-0.01840808563965401,-0.01975199384516312,0.03398674169780831,-1.67164797887688343,-4.38196684667299685,-2.10651182274871740,-1.51000000000000001,4.65000000000000036
-0.01857416830613089,-0.02018896111020023,0.03377402173356628,-1.64999819159649430,-4.35732001643196387,-2.14779410225883938,-1.51000000000000001,4.65000000000000036
-0.01873808392491420,-0.02062344632605596,0.03355720154618595,-1.62830781006070469,-4.33232751335927446,-2.18851632526574003,-1.51000000000000001,4.65000000000000036
-0.01889982867039914,-0.02105541541865355,0.03333633712599531,-1.60658149370325942,-4.30699918253353964,-2.22867883192898431,-1.51000000000000001,4.65000000000000036
-0.01905939917783334,-0.02148483529266013,0.03311148441930870,-1.58482380017678959,-4.28134475327352515,-2.26828216120174764,-1.51000000000000001,4.65000000000000036
-0.01921679253315186,-0.02191167381977077,0.03288269930889415,-1.56303918563299304,-4.25537383637898170,-2.30732704391111376,-1.51000000000000001,4.65000000000000036
-0.01937200626284520,-0.02233589982672841,0.03265003759512875,-1.54123200509870562,-4.22909592160672965,-2.34581439591449481,-1.32000000000000006,3.14000000000000012
-0.01952503508826813,-0.02275748227270960,0.03241354220998224,-1.51934179812195880,-4.20250416646328073,-2.38400067069338339,-1.32000000000000006,3.14000000000000012
-0.01967587414963804,-0.02317639104621868,0.03217325596601376,-1.49743740367294143,-4.17562399533256290,-2.42163180148833845,-1.32000000000000006,3.14000000000000012
-0.01982452223045907,-0.02359259776048094,0.03192923430621832,-1.47552285039085551,-4.14846448332159223,-2.45870924276069802,-1.32000000000000006,3.14000000000000012
-0.01997097851219579,-0.02400607492979576,0.03168153252033264,-1.45360206897770583,-4.12103457656704641,-2.49523460415929055,-1.32000000000000006,3.14000000000000012
-0.02011524256452010,-0.02441679595657148,0.03143020572963116,-1.43167889301924078,-4.09334309090643611,-2.53120964424425932,-1.32000000000000006,3.14000000000000012
-0.02025731433564320,-0.02482473511823682,0.03117530887234411,-1.40975705986869948,-4.06539871073328118,-2.56663626432215963,-1.32000000000000006,3.14000000000000012
-0.02039719414273905,-0.02522986755404658,0.03091689668968627,-1.38784021158904891,-4.03720998802894560,-2.60151650239562127,-1.32000000000000006,3.14000000000000012
-0.02053488266246466,-0.02563216925179912,0.03065502371248509,-1.36593189594952902,-4.00878534156388522,-2.63585252723047025,-1.32000000000000006,3.14000000000000012
-0.02067038092158274,-0.02603161703448213,0.03038974424839600,-1.34403556747245401,-3.98013305626112945,-2.66964663254281298,-1.32000000000000006,3.14000000000000012
-0.02080369028769122,-0.02642818854686254,0.03012111236969290,-1.32215458852635237,-3.95126128271492671,-2.70290123130821991,0.93999999999999995,5.28000000000000025
-0.02093477166775693,-0.02682181138240953,0.02984916227510127,-1.29947634228726572,-3.92116086087509252,-2.73601139910412217,0.93999999999999995,5.28000000000000025
-0.02106358627292843,-0.02721241393386809,0.02957392789419462,-1.27681959695941849,-3.89085688090544801,-2.76858744132351742,0.93999999999999995,5.28000000000000025
-0.02119013640368526,-0.02759997622702405,0.02929546249290229,-1.25418734528141074,-3.86035695087385999,-2.80063230547101050,0.93999999999999995,5.28000000000000025
-0.02131442465529788,-0.02798447904130840,0.02901381903801030,-1.23158249059397384,-3.82966853572944776,-2.83214902602760610,0.93999999999999995,5.28000000000000025
-0.02143645390896666,-0.02836590389552138,0.02872905018872512,-1.20900784842013942,-3.79879895804026280,-2.86314071925003866,0.93999999999999995,5.28000000000000025
-0.02155622732311982,-0.02874423303363578,0.02844120828874958,-1.18646614806043282,-3.76775539883839539,-2.89361057812738709,0.93999999999999995,5.28000000000000025
-0.02167374832487145,-0.02911944941068978,0.02815034535885524,-1.16396003420001981,-3.73654489856551919,-2.92356186749360303,0.93999999999999995,5.28000000000000025
-0.02178902060164065,-0.02949153667877916,0.02785651308993588,-1.14149206852490415,-3.70517435811213280,-2.95299791929437827,0.93999999999999995,5.28000000000000025
-0.02190204809293280,-0.02986047917315776,0.02755976283652663,-1.11906473134443751,-3.67365053994398982,-2.98192212800657730,0.93999999999999995,5.28000000000000025
-0.02201283498228310,-0.03022626189845475,0.02726014561077355,-1.09668042321756154,-3.64198006930946416,-3.01033794620828399,0.93999999999999995,5.28000000000000025
-0.02212138568936295,-0.03058887051501640,0.02695771207683886,-1.07434146658035767,-3.61016943552182124,-3.03824888029736018,0.93999999999999995,5.28000000000000025
-0.02222770486224900,-0.03094829132537960,0.02665251254572690,-1.05205010737262583,-3.57822499331061783,-3.06565848635626459,0.93999999999999995,5.28000000000000025
-0.02233179736985474,-0.03130451126088369,0.02634459697051643,-1.02980851666136086,-3.54615296423667559,-3.09257036616075576,0.93999999999999995,5.28000000000000025
-0.02243366829452415,-0.03165751786842683,0.02603401494198495,-1.00761879225913242,-3.51395943816531231,-3.11898816332999296,0.93999999999999995,5.28000000000000025
-0.02253332292478696,-0.03200729929737234,0.02572081568461111,-0.98548296033550842,-3.48165037479273876,-3.14491555961544522,0.93999999999999995,5.28000000000000025
-0.02263076674827449,-0.03235384428661010,0.02540504805294128,-0.96340297701978905,-3.44923160522075323,-3.17035627132593900,0.93999999999999995,5.28000000000000025
-0.02272600544479540,-0.03269714215177774,0.02508676052830704,-0.94138072999344657,-3.41670883357508215,-3.19531404588609647,0.93999999999999995,5.28000000000000025
-0.02281904487957001,-0.03303718277264555,0.02476600121588021,-0.91941804007077932,-3.38408763866293372,-3.21979265852535734,0.93999999999999995,5.28000000000000025
-0.02290989109662209,-0.03337395658066901,0.02444281784205258,-0.89751666276640474,-3.35137347566553556,-3.24379590909472615,0.93999999999999995,5.28000000000000025
-0.02299855031232665,-0.03370745454671212,0.02411725775212772,-0.87567828984832585,-3.31857167786163298,-3.26732761900834223,0.93999999999999995,5.28000000000000025
-0.02308502890911231,-0.03403766816894448,0.02378936790831248,-0.85390455087540629,-3.28568745837812548,-3.29039162830694476,0.93999999999999995,5.28000000000000025
-0.02316933342931655,-0.03436458946091459,0.02345919488799619,-0.83219701471819152,-3.25272591196420491,-3.31299179284027145,0.93999999999999995,5.28000000000000025
-0.02325147056919221,-0.03468821093980171,0.02312678488230580,-0.81055719106210611,-3.21969201678555406,-3.33513198156542856,0.93999999999999995,5.28000000000000025
-0.02333144717306335,-0.03500852561484787,0.02279218369492550,-0.78898653189214740,-3.18659063623533889,-3.35681607395824688,0.93999999999999995,5.28000000000000025
-0.02340927022762864,-0.03532552697597175,0.02245543674116969,-0.76748643295828189,-3.15342652075891117,-3.37804795753465292,0.93999999999999995,5.28000000000000025
-0.02348494685641033,-0.03563920898256566,0.02211658904729845,-0.74605823522083115,-3.12020430968929752,-3.39883152547907752,0.93999999999999995,5.28000000000000025
-0.02355848431434664,-0.03594956605247634,0.02177568525006485,-0.72470322627521155,-3.08692853309072524,-3.41917067437694344,0.93999999999999995,5.28000000000000025
-0.02362988998252569,-0.03625659305117058,0.02143276959648410,-0.70342264175546465,-3.05360361360758903,-3.43906930204829209,0.93999999999999995,5.28000000000000025
-0.02369917136305857,-0.03656028528108573,0.02108788594381419,-0.68221766671608364,-3.02023386831641627,-3.45853130547962095,0.93999999999999995,5.28000000000000025
-0.02376633607408961,-0.03686063847116564,0.02074107775973879,-0.66108943699170764,-2.98682351057853301,-3.47756057885104486,0.93999999999999995,5.28000000000000025
-0.02383139184494143,-0.03715764876658165,0.02039238812274257,-0.64003904053431582,-2.95337665189128007,-3.49616101165591253,0.93999999999999995,5.28000000000000025
-0.02389434651139255,-0.03745131271863865,0.02004185972267018,-0.61906751872761112,-2.91989730373575940,-3.51433648691004974,0.93999999999999995,5.28000000000000025
-0.02395520801108536,-0.03774162727486564,0.01968953486145992,-0.59817586767833930,-2.88638937941922213,-3.53209087944783784,0.93999999999999995,5.28000000000000025
-0.02401398437906203,-0.03802858976929013,0.01933545545404359,-0.57736503948433782,-2.85285669591033741,-3.54942805430237485,0.93999999999999995,5.28000000000000025
-0.02407068374342600,-0.03831219791289572,0.01897966302940413,-0.55663594347915935,-2.81930297566569843,-3.56635186516701275,0.93999999999999995,5.28000000000000025
-0.02412531432112683,-0.03859244978426182,0.01862219873178331,-0.53598944745315802,-2.78573184844603761,-3.58286615293560606,0.93999999999999995,5.28000000000000025
-0.02417788441386596,-0.03886934382038430,0.01826310332203144,-0.51542637885096909,-2.75214685312073293,-3.59897474431885644,0.93999999999999995,5.28000000000000025
-0.02422840240412101,-0.03914287880767616,0.01790241717909181,-0.49494752594535163,-2.71855143945929045,-3.61468145053418910,0.93999999999999995,5.28000000000000025
-0.02427687675128631,-0.03941305387314644,0.01754018030161254,-0.47455363898740088,-2.68494896990859022,-3.62999006606664265,0.93999999999999995,5.28000000000000025
-0.02432331598792726,-0.03967986847575623,0.01717643230967893,-0.45424543133317064,-2.65134272135477866,-3.64490436749831126,0.93999999999999995,5.28000000000000025
-0.02436772871614615,-0.03994332239794997,0.01681121244665950,-0.43402358054677675,-2.61773588686877634,-3.65942811240392629,0.93999999999999995,5.28000000000000025
-0.02441012360405721,-0.04020341573736057,0.01644455958115928,-0.41388872948008359,-2.58413157743446220,-3.67356503831022119,0.93999999999999995,5.28000000000000025
-0.02445050938236832,-0.04046014889868624,0.01607651220907409,-0.39384148732910074,-2.55053282365867640,-3.68731886171677914,0.93999999999999995,5.28000000000000025
-0.02448889484106733,-0.04071352258573762,0.01570710845573969,-0.37388243066724330,-2.51694257746225780,-3.70069327717611252,0.93999999999999995,5.28000000000000025
-0.02452528882621050,-0.04096353779365281,0.01533638607817016,-0.35401210445563119,-2.48336371375141152,-3.71369195643078287,0.93999999999999995,5.28000000000000025
-0.02455970023681081,-0.04121019580127871,0.01496438246737969,-0.33423102303062413,-2.44979903206876992,-3.72631854760542769,0.93999999999999995,5.28000000000000025
-0.02459213802182397,-0.04145349816371630,0.01459113465078259,-0.31453967106880859,-2.41625125822357445,-3.73857667445160491,0.93999999999999995,5.28000000000000025
-0.02462261117722970,-0.04169344670502794,0.01421667929466621,-0.29493850452966958,-2.38272304590047534,-3.75046993564343678,0.93999999999999995,5.28000000000000025
-0.02465112874320629,-0.04193004351110446,0.01384105270673190,-0.27542795157619665,-2.34921697824649822,-3.76200190412207602,0.93999999999999995,5.28000000000000025
-0.02467769980139601,-0.04216329092268979,0.01346429083869906,-0.25600841347368802,-2.31573556943578840,-3.77317612648707845,0.93999999999999995,5.28000000000000025
-0.02470233347225945,-0.04239319152856098,0.01308642928896790,-0.23668026546702864,-2.28228126621179328,-3.78399612243282091,0.93999999999999995,5.28000000000000025
-0.02472503891251641,-0.04261974815886129,0.01270750330533631,-0.21744385763673074,-2.24885644940659635,-3.79446538422815349,0.93999999999999995,5.28000000000000025
-0.02474582531267140,-0.04284296387858407,0.01232754778776667,-0.19829951573403470,-2.21546343543715940,-3.80458737623753374,0.93999999999999995,5.28000000000000025
-0.02476470189462162,-0.04306284198120507,0.01194659729119861,-0.17924754199537779,-2.18210447777827943,-3.81436553448193338,0.93999999999999995,5.28000000000000025
-0.02478167790934535,-0.04327938598246091,0.01156468602840370,-0.16028821593654582,-2.14878176841210022,-3.82380326623787337,0.93999999999999995,5.28000000000000025
-0.02479676263466876,-0.04349259961427132,0.01118184787287840,-0.14142179512682987,-2.11549743925406908,-3.83290394967298020,0.93999999999999995,5.28000000000000025
-0.02480996537310911,-0.04370248681880274,0.01079811636177173,-0.12264851594351581,-2.08225356355525193,-3.84167093351651801,0.93999999999999995,5.28000000000000025
-0.02482129544979253,-0.04390905174267106,0.01041352469884418,-0.10396859430703974,-2.04905215728096790,-3.85010753676339057,0.93999999999999995,5.28000000000000025
-0.02483076221044427,-0.04411229873128096,0.01002810575745457,-0.08538222639714602,-2.01589518046572502,-3.85821704841016722,0.93999999999999995,5.28000000000000025
-0.02483837501944964,-0.04431223232329961,0.00964189208357185,-0.06688958935038784,-1.98278453854447734,-3.86600272722171923,0.93999999999999995,5.28000000000000025
-0.02484414325798384,-0.04450885724526226,0.00925491589880869,-0.04849084193931340,-1.94972208366024469,-3.87346780152711423,0.93999999999999995,5.28000000000000025
-0.02484807632220874,-0.04470217840630748,0.00886720910347407,-0.03018612523368136,-1.91670961594816802,-3.88061546904345400,0.93999999999999995,5.28000000000000025
-0.02485018362153493,-0.04489220089303959,0.00847880327964224,-0.01197556324405164,-1.88374888479609237,-3.88744889672638383,0.93999999999999995,5.28000000000000025
-0.02485047457694727,-0.04507892996451595,0.00808972969423518,0.00614073645190304,-1.85084159008179605,-3.89397122064605439,0.93999999999999995,5.28000000000000025
-0.02484895861939221,-0.04526237104735691,0.00770001930211642,0.02416268210001876,-1.81798938338700111,-3.90018554588734778,0.93999999999999995,5.28000000000000025
-0.02484564518822518,-0.04544252973097587,0.00730970274919354,0.04209019717685003,-1.78519386918832312,-3.90609494647322997,0.93999999999999995,5.28000000000000025
-0.02484054372971656,-0.04561941176292743,0.00691881037552729,0.05992321981312337,-1.75245660602533193,-3.91170246531012822,0.93999999999999995,5.28000000000000025
-0.02483366369561433,-0.04579302304437111,0.00652737221844507,0.07766170223309216,-1.71977910764591546,-3.91701111415427272,0.93999999999999995,5.28000000000000025
-0.02482501454176214,-0.04596336962564849,0.00613541801565685,0.09530561020945220,-1.68716284412914952,-3.92202387359797866,0.93999999999999995,5.28000000000000025
-0.02481460572677114,-0.04613045770197159,0.00574297720837140,0.11285492253347987,-1.65460924298589140,-3.92674369307488513,0.93999999999999995,5.28000000000000025
-0.02480244671074389,-0.04629429360922014,0.00535007894441118,0.13030963050005689,-1.62211969023732916,-3.93117349088320100,0.93999999999999995,5.28000000000000025
-0.02478854695404920,-0.04645488381984560,0.00495675208132396,0.14766973740724948,-1.58969553147172582,-3.93531615422604375,0.93999999999999995,5.28000000000000025
-0.02477291591614626,-0.04661223493887987,0.00456302518948970,0.16493525807011233,-1.55733807287961090,-3.93917453926799244,0.93999999999999995,5.28000000000000025
-0.02475556305445662,-0.04676635370004630,0.00416892655522087,0.18210621834839180,-1.52504858226768047,-3.94275147120700975,0.93999999999999995,5.28000000000000025
-0.02473649782328278,-0.04691724696197123,0.00377448418385493,0.19918265468780608,-1.49282829005167228,-3.94604974436091904,0.93999999999999995,5.28000000000000025
-0.02471572967277200,-0.04706492170449356,0.00337972580283746,0.21616461367458456,-1.46067839022849233,-3.94907212226765392,0.93999999999999995,5.28000000000000025
-0.02469326804792397,-0.04720938502507074,0.00298467886479455,0.23305215160295237,-1.42860004132787588,-3.95182133779853029,0.93999999999999995,5.28000000000000025
-0.02466912238764110,-0.04735064413527867,0.00258937055059333,0.24984533405525061,-1.39659436734386833,-3.95430009328381704,0.93999999999999995,5.28000000000000025
-0.02464330212382018,-0.04748870635740397,0.00219382777238926,0.26654423549438738,-1.36466245864641844,-3.95651106064991209,0.93999999999999995,5.28000000000000025
-0.02461581668048423,-0.04762357912112629,0.00179807717665925,0.28314893886831899,-1.33280537287338108,-3.95845688156746212,0.93999999999999995,5.28000000000000025
-0.02458667547295324,-0.04775526996028890,0.00140214514721936,0.29965953522626593,-1.30102413580322840,-3.96014016760978071,0.93999999999999995,5.28000000000000025
-0.02455588790705279,-0.04788378650975560,0.00100605780822623,0.31607612334637242,-1.26931974220876986,-3.96156350042095662,0.93999999999999995,5.28000000000000025
-0.02452346337835929,-0.04800913650235206,0.00060984102716120,0.33239880937452404,-1.23769315669218849,-3.96272943189306481,0.93999999999999995,5.28000000000000025
-0.02448941127148083,-0.04813132776588974,0.00021352041779629,0.34862770647404201,-1.20614531450169693,-3.96364048435191174,0.93999999999999995,5.28000000000000025
-0.02445374095937246,-0.04825036822027057,-0.00018287865685879,0.36476293448597841,-1.17467712233012067,-3.96429915075078299,0.93999999999999995,5.28000000000000025
-0.02441646180268503,-0.04836626587467061,-0.00057933108162936,0.38080461959974155,-1.14328945909571744,-3.96470789487166808,0.93999999999999995,5.28000000000000025
-0.02437758314914638,-0.04847902882480086,-0.00097581198626905,0.39675289403378561,-1.11198317670553859,-3.96486915153347086,0.93999999999999995,5.28000000000000025
-0.02433711433297397,-0.04858866525024368,-0.00137229674257413,0.41260789572610368,-1.08075910080164239,-3.96478532680673323,0.93999999999999995,5.28000000000000025
-0.02429506467431804,-0.04869518341186280,-0.00176876096151970,0.42836976803426902,-1.04961803149046307,-3.96445879823441327,0.93999999999999995,5.28000000000000025
-0.02425144347873423,-0.04879859164928563,-0.00216518049041817,0.44403865944477405,-1.01856074405564567,-3.96389191505828942,0.93999999999999995,5.28000000000000025
-0.02420626003668486,-0.04889889837845584,-0.00256153141010071,0.45961472329142161,-0.98758798965464800,-3.96308699845056989,0.93999999999999995,5.28000000000000025
-0.02415952362306790,-0.04899611208925501,-0.00295779003212205,0.47509811748252834,-0.95670049599941420,-3.96204634175031600,0.93999999999999995,5.28000000000000025
-0.02411124349677283,-0.04909024134319138,-0.00335393289598920,0.49048900423670544,-0.92589896802142224,-3.96077221070429575,0.93999999999999995,5.28000000000000025
-0.02406142890026241,-0.04918129477115449,-0.00374993676641442,0.50578754982698637,-0.89518408852140274,-3.95926684371190918,0.93999999999999995,5.28000000000000025
-0.02401008905917978,-0.04926928107123388,-0.00414577863059289,0.52099392433307645,-0.86455651880402717,-3.95753245207383841,0.93999999999999995,5.28000000000000025
-0.02395723318197976,-0.04935420900660067,-0.00454143569550539,0.53610830140150489,-0.83401689929785916,-3.95557122024409136,0.93999999999999995,5.28000000000000025
-0.02390287045958390,-0.04943608740345030,-0.00493688538524641,0.55113085801346373,-0.80356585016086124,-3.95338530608512650,0.93999999999999995,5.28000000000000025
-0.02384701006505829,-0.04951492514900521,-0.00533210533837784,0.56606177426012327,-0.77320397187174406,-3.95097684112575820,0.93999999999999995,5.28000000000000025
-0.02378966115331349,-0.04959073118957583,-0.00572707340530860,0.58090123312521935,-0.74293184580744531,-3.94834793082155544,0.93999999999999995,5.28000000000000025
-0.02373083286082586,-0.04966351452867877,-0.00612176764570043,0.59564942027471124,-0.71275003480701971,-3.94550065481746381,0.93999999999999995,5.28000000000000025
-0.02367053430537953,-0.04973328422521064,-0.00651616632590009,0.61030652385331463,-0.68265908372221840,-3.94243706721238896,0.93999999999999995,5.28000000000000025
-0.02360877458582849,-0.04980004939167630,-0.00691024791639796,0.62487273428771872,-0.65265951995503446,-3.93915919682549820,0.93999999999999995,5.28000000000000025
-0.02354556278187787,-0.04986381919247026,-0.00730399108931356,0.63934824409630031,-0.62275185398248500,-3.93566904746400059,0.93999999999999995,5.28000000000000025
-0.02348090795388412,-0.04992460284220986,-0.00769737471590769,0.65373324770515340,-0.59293657986889869,-3.93196859819218902,0.93999999999999995,5.28000000000000025
-0.02341481914267309,-0.04998240960411914,-0.00809037786412172,0.66802794127025633,-0.56321417576597255,-3.92805980360152507,0.93999999999999995,5.28000000000000025
-0.02334730536937574,-0.05003724878846205,-0.00848297979614379,0.68223252250560351,-0.53358510440085882,-3.92394459408157248,0.93999999999999995,5.28000000000000025
-0.02327837563528067,-0.05008912975102393,-0.00887515996600221,0.69634719051713267,-0.50404981355253831,-3.91962487609158128,0.93999999999999995,5.28000000000000025
-0.02320803892170301,-0.05013806189164005,-0.00926689801718605,0.71037214564228324,-0.47460873651673247,-3.91510253243254924,0.93999999999999995,5.28000000000000025
-0.02313630418986902,-0.05018405465277001,-0.00965817378029292,0.72430758929502514,-0.44526229255960331,-3.91037942251958048,0.93999999999999995,5.28000000000000025
-0.02306318038081602,-0.05022711751811705,-0.01004896727070397,0.73815372381620203,-0.41601088736048553,-3.90545738265438658,0.93999999999999995,5.28000000000000025
-0.02298867641530693,-0.05026726001129105,-0.01043925868628623,0.75191075232903648,-0.38685491344389117,-3.90033822629776949,0.93999999999999995,5.28000000000000025
-0.02291280119375909,-0.05030449169451420,-0.01082902840512212,0.76557887859964813,-0.35779475060102361,-3.89502374434194776,0.93999999999999995,5.28000000000000025
-0.02283556359618666,-0.05033882216736832,-0.01121825698326615,0.77915830690244192,-0.32883076630103275,-3.88951570538258151,0.93999999999999995,5.28000000000000025
-0.02275697248215642,-0.05037026106558282,-0.01160692515252893,0.79264924189022357,-0.29996331609224031,-3.88381585599037082,0.93999999999999995,5.28000000000000025
-0.02267703669075617,-0.05039881805986222,-0.01199501381828816,0.80605188846890730,-0.27119274399355864,-3.87792592098210465,0.93999999999999995,5.28000000000000025
-0.02259576504057552,-0.05042450285475245,-0.01238250405732681,0.81936645167668110,-0.24251938287632399,-3.87184760369104319,0.93999999999999995,5.28000000000000025
-0.02251316632969853,-0.05044732518754472,-0.01276937711569823,0.83259313656750034,-0.21394355483675953,-3.86558258623652717,0.93999999999999995,5.28000000000000025
-0.02242924933570775,-0.05046729482721628,-0.01315561440661819,0.84573214809878372,-0.18546557155928045,-3.85913252979270993,0.93999999999999995,5.28000000000000025
-0.02234402281569936,-0.05048442157340707,-0.01354119750838382,0.85878369102318786,-0.15708573467084908,-3.85249907485631615,0.93999999999999995,5.28000000000000025
-0.02225749550630886,-0.05049871525543124,-0.01392610816231913,0.87174796978434199,-0.12880433608658381,-3.84568384151334097,0.93999999999999995,5.28000000000000025
-0.02216967612374705,-0.05051018573132297,-0.01431032827074728,0.88462518841642590,-0.10062165834682188,-3.83868842970459934,0.93999999999999995,5.28000000000000025
-0.02208057336384583,-0.05051884288691547,-0.01469383989498926,0.89741555044747801,-0.07253797494583182,-3.83151441949005145,0.93999999999999995,5.28000000000000025
-0.02199019590211348,-0.05052469663495245,-0.01507662525338900,0.91011925880632438,-0.04455355065236785,-3.82416337131182837,0.93999999999999995,5.28000000000000025
-0.02189855239379911,-0.05052775691423127,-0.01545866671936463,0.92273651573302129,-0.01666864182225409,-3.81663682625588851,0.93999999999999995,5.28000000000000025
-0.02180565147396589,-0.05052803368877697,-0.01583994681948594,0.93526752269270708,0.01111650329681681,-3.80893630631224278,0.93999999999999995,5.28000000000000025
-0.02171150175757264,-0.05052553694704636,-0.01622044823157770,0.94771248029276345,0.03880164426809035,-3.80106331463368585,0.93999999999999995,5.28000000000000025
-0.02161611183956371,-0.05052027670116149,-0.01660015378284882,0.96007158820318672,0.06638654817598530,-3.79301933579298201,0.93999999999999995,5.28000000000000025
-0.02151949029496648,-0.05051226298617172,-0.01697904644804716,0.97234504508007547,0.09387098934358436,-3.78480583603845133,0.93999999999999995,5.28000000000000025
-0.02142164567899653,-0.05050150585934363,-0.01735710934763974,0.98453304849213963,0.12125474905721095,-3.77642426354791194,0.93999999999999995,5.28000000000000025
-0.02132258652716984,-0.05048801539947828,-0.01773432574601839,0.99663579485014364,0.14853761529792653,-3.76787604868093062,0.93999999999999995,5.28000000000000025
-0.02122232135542210,-0.05047180170625478,-0.01811067904973041,1.00865347933919391,0.17571938247978613,-3.75916260422934645,0.93999999999999995,5.28000000000000025
-0.02112085866023444,-0.05045287489959986,-0.01848615280573428,1.02058629585378768,0.20279985119469385,-3.75028532566602779,0.93999999999999995,5.28000000000000025
-0.02101820691876571,-0.05043124511908255,-0.01886073069968011,1.03243443693553916,0.22977882796370291,-3.74124559139183210,0.93999999999999995,5.28000000000000025
-0.02091437458899072,-0.05040692252333345,-0.01923439655421472,1.04419809371350447,0.25665612499460883,-3.73204476298073606,0.93999999999999995,5.28000000000000025
-0.02080937010984441,-0.05037991728948790,-0.01960713432731113,1.05587745584702608,0.28343155994568714,-3.72268418542311030,0.93999999999999995,5.28000000000000025
-0.02070320190137154,-0.05035023961265251,-0.01997892811062227,1.06747271147102296,0.31010495569543123,-3.71316518736711298,0.93999999999999995,5.28000000000000025
-0.02059587836488182,-0.05031789970539442,-0.02034976212785878,1.07898404714365270,0.33667614011814795,-3.70348908135818311,0.93999999999999995,5.28000000000000025
-0.02048740788311004,-0.05028290779725268,-0.02071962073319061,1.09041164779627309,0.36314494586527296,-3.69365716407661226,0.93999999999999995,5.28000000000000025
-0.02037779882038123,-0.05024527413427123,-0.02108848840967229,1.10175569668563678,0.38951121015227064,-3.68367071657317791,0.93999999999999995,5.28000000000000025
-0.02026705952278037,-0.05020500897855293,-0.02145634976769172,1.11301637534825026,0.41577477455098577,-3.67353100450282577,0.93999999999999995,5.28000000000000025
-0.02015519831832662,-0.05016212260783411,-0.02182318954344215,1.12419386355683293,0.44193548478731870,-3.66323927835638719,0.93999999999999995,5.28000000000000025
-0.02004222351715179,-0.05011662531507903,-0.02218899259741731,1.13528833927881312,0.46799319054409722,-3.65279677369032196,0.93999999999999995,5.28000000000000025
-0.01992814341168289,-0.05006852740809385,-0.02255374391292933,1.14629997863680044,0.49394774526902213,-3.64220471135447887,0.93999999999999995,5.28000000000000025
-0.01981296627682847,-0.05001783920915953,-0.02291742859464942,1.15722895587097474,0.51979900598756679,-3.63146429771786661,0.93999999999999995,5.28000000000000025
-0.01969670037016867,-0.04996457105468320,-0.02328003186717098,1.16807544330333446,0.54554683312071228,-3.62057672489243165,0.93999999999999995,5.28000000000000025
-0.01957935393214879,-0.04990873329486755,-0.02364153907359502,1.17883961130374870,0.57119109030740456,-3.60954317095483956,0.93999999999999995,5.28000000000000025
-0.01946093518627607,-0.04985033629339769,-0.02400193567413758,1.18952162825775987,0.59673164423162073,-3.59836480016625693,0.93999999999999995,5.28000000000000025
-0.01934145233931971,-0.04978939042714511,-0.02436120724475916,1.20012166053608182,0.62216836445393631,-3.58704276319013715,0.93999999999999995,5.28000000000000025
-0.01922091358151377,-0.04972590608588829,-0.02471933947581570,1.21063987246574745,0.64750112324748632,-3.57557819730800963,0.93999999999999995,5.28000000000000025
-0.01909932708676295,-0.04965989367204942,-0.02507631817073112,1.22107642630285151,0.67272979543821609,-3.56397222663327451,0.93999999999999995,5.28000000000000025
-0.01897670101285096,-0.04959136360044696,-0.02543212924469110,1.23143148220684506,0.69785425824932079,-3.55222596232300880,0.93999999999999995,5.28000000000000025
-0.01885304350165140,-0.04952032629806352,-0.02578675872335798,1.24170519821633318,0.72287439114977470,-3.54034050278778967,0.93999999999999995,5.28000000000000025
-0.01872836267934103,-0.04944679220382869,-0.02614019274160647,1.25189773022633211,0.74779007570685319,-3.52831693389953749,0.93999999999999995,5.28000000000000025
-0.01860266665661515,-0.04937077176841639,-0.02649241754228016,1.26200923196694204,0.77260119544255446,-3.51615632919739118,0.93999999999999995,5.28000000000000025
-0.01847596352890516,-0.04929227545405647,-0.02684341947496839,1.27203985498339422,0.79730763569382768,-3.50385975009161976,0.93999999999999995,5.28000000000000025
-0.01834826137659796,-0.04921131373436002,-0.02719318499480354,1.28198974861743187,0.82190928347651926,-3.49142824606558433,0.93999999999999995,5.28000000000000025
-0.01821956826525716,-0.04912789709415813,-0.02754170066127828,1.29185905998998440,0.84640602735294967,-3.47886285487575497,0.93999999999999995,5.28000000000000025
-0.01808989224584599,-0.04904203602935370,-0.02788895313708289,1.30164793398509815,0.87079775730303577,-3.46616460274979810,0.93999999999999995,5.28000000000000025
-0.01795924135495178,-0.04895374104678602,-0.02823492918696211,1.31135651323508684,0.89508436459887530,-3.45333450458274394,0.93999999999999995,5.28000000000000025
-0.01782762361501174,-0.04886302266410766,-0.02857961567659170,1.32098493810686457,0.91926574168271358,-3.44037356413124717,0.93999999999999995,5.28000000000000025
-0.01769504703454022,-0.04876989140967340,-0.02892299957147416,1.33053334668942935,0.94334178204821306,-3.42728277420595395,0.93999999999999995,5.28000000000000025
-0.01756151960835704,-0.04867435782244093,-0.02926506793585370,1.34000187478246113,0.96731238012494924,-3.41406311686198816,0.93999999999999995,5.28000000000000025
-0.01742704931781694,-0.04857643245188287,-0.02960580793165015,1.34939065588600426,0.99117743116605772,-3.40071556358757388,0.93999999999999995,5.28000000000000025
-0.01729164413104004,-0.04847612585790991,-0.02994520681741160,1.35869982119120136,1.01493683113896060,-3.38724107549080289,0.93999999999999995,5.28000000000000025
-0.01715531200314313,-0.04837344861080475,-0.03028325194728564,1.36792949957205012,1.03859047661910076,-3.37364060348457118,0.93999999999999995,5.28000000000000025
-0.01701806087647176,-0.04826841129116641,-0.03061993077000906,1.37707981757815268,1.06213826468661399,-3.35991508846969156,0.93999999999999995,5.28000000000000025
-0.01687989868083303,-0.04816102448986492,-0.03095523082791565,1.38615089942842884,1.08558009282587342,-3.34606546151620465,0.93999999999999995,5.28000000000000025
-0.01674083333372887,-0.04805129880800570,-0.03128913975596218,1.39514286700576795,1.10891585882783961,-3.33209264404290106,0.93999999999999995,5.28000000000000025
-0.01660087274058995,-0.04793924485690373,-0.03162164528077214,1.40405583985259108,1.13214546069515287,-3.31799754799507340,0.93999999999999995,5.28000000000000025
-0.01646002479500984,-0.04782487325806697,-0.03195273521969723,1.41288993516729855,1.15526879654990533,-3.30378107602051507,0.93999999999999995,5.28000000000000025
-0.01631829737897962,-0.04770819464318898,-0.03228239747989629,1.42164526780157852,1.17828576454403366,-3.28944412164378219,0.93999999999999995,5.28000000000000025
-0.01617569836312258,-0.04758921965415024,-0.03261062005743169,1.43032195025855335,1.20119626277227076,-3.27498756943873826,0.93999999999999995,5.28000000000000025
-0.01603223560692921,-0.04746795894302817,-0.03293739103638275,1.43892009269173893,1.22400018918760267,-3.26041229519939568,0.93999999999999995,5.28000000000000025
-0.01588791695899211,-0.04734442317211539,-0.03326269858797626,1.44743980290479657,1.24669744151917317,-3.24571916610907607,0.93999999999999995,5.28000000000000025
-0.01574275025724101,-0.04721862301394616,-0.03358653096973380,1.45588118635205621,1.26928791719258083,-3.23090904090790687,0.93999999999999995,5.28000000000000025
-0.01559674332917762,-0.04709056915133056,-0.03390887652463571,1.46424434613978827,1.29177151325251804,-3.21598277005866873,0.93999999999999995,5.28000000000000025
-0.01544990399211033,-0.04696027227739639,-0.03422972368030159,1.47252938302820602,1.31414812628770017,-3.20094119591101833,0.93999999999999995,5.28000000000000025
-0.01530224005338872,-0.04682774309563844,-0.03454906094818715,1.48073639543417968,1.33641765235803245,-3.18578515286409880,0.93999999999999995,5.28000000000000025
-0.01515375931063771,-0.04669299231997487,-0.03486687692279718,1.48886547943464120,1.35857998692397075,-3.17051546752756153,0.93999999999999995,5.28000000000000025
-0.01500446955199134,-0.04655603067481066,-0.03518316028091463,1.49691672877066484,1.38063502477802458,-3.15513295888101375,0.93999999999999995,5.28000000000000025
-0.01485437855632616,-0.04641686889510769,-0.03549789978084548,1.50489023485220352,1.40258265997835907,-3.13963843843191359,0.93999999999999995,5.28000000000000025
-0.01470349409349404,-0.04627551772646144,-0.03581108426167939,1.51278608676346726,1.42442278578445070,-3.12403271037193031,0.93999999999999995,5.28000000000000025
-0.01455182392455449,-0.04613198792518399,-0.03612270264256582,1.52060437126892545,1.44615529459475356,-3.10831657173178710,0.93999999999999995,5.28000000000000025
-0.01439937580200627,-0.04598629025839313,-0.03643274392200568,1.52834517281991755,1.46778007788633369,-3.09249081253460689,0.93999999999999995,5.28000000000000025
-0.01424615747001837,-0.04583843550410748,-0.03674119717715815,1.53600857356185982,1.48929702615643134,-3.07655621594777795,0.93999999999999995,5.28000000000000025
-0.01409217666466023,-0.04568843445134727,-0.03704805156316260,1.54359465334203039,1.51070602886590999,-3.06051355843335982,0.93999999999999995,5.28000000000000025
-0.01393744111413108,-0.04553629790024075,-0.03735329631247559,1.55110348971792211,1.53200697438455635,-3.04436360989704635,0.93999999999999995,5.28000000000000025
-0.01378195853898857,-0.04538203666213596,-0.03765692073422257,1.55853515796614750,1.55319974993818999,-3.02810713383570507,0.93999999999999995,5.28000000000000025
-0.01362573665237631,-0.04522566155971772,-0.03795891421356432,1.56588973109188423,1.57428424155754998,-3.01174488748350999,0.93999999999999995,5.28000000000000025
-0.01346878316025056,-0.04506718342712956,-0.03825926621107797,1.57316727983884919,1.59526033402892131,-2.99527762195668767,0.93999999999999995,5.28000000000000025
-0.01331110576160585,-0.04490661311010059,-0.03855796626215231,1.58036787269978918,1.61612791084646612,-2.97870608239689361,0.93999999999999995,5.28000000000000025
-0.01315271214869953,-0.04474396146607708,-0.03885500397639753,1.58749157592747570,1.63688685416622870,-2.96203100811323683,0.93999999999999995,5.28000000000000025
-0.01299361000727518,-0.04457923936435841,-0.03915036903706895,1.59453845354619528,1.65753704476178032,-2.94525313272297051,0.93999999999999995,5.28000000000000025
-0.01283380701678489,-0.04441245768623754,-0.03944405120050484,1.60150856736372327,1.67807836198147320,-2.92837318429086579,0.93999999999999995,5.28000000000000025
-0.01267331085061027,-0.04424362732514557,-0.03973604029557809,1.60840197698377119,1.69851068370727298,-2.91139188546728889,0.93999999999999995,5.28000000000000025
-0.01251212917628226,-0.04407275918680038,-0.04002632622316159,1.61521873981889974,1.71883388631514000,-2.89430995362499255,0.93999999999999995,5.28000000000000025
-0.01235026965569950,-0.04389986418935914,-0.04031489895560731,1.62195891110388546,1.73904784463693285,-2.87712810099464766,0.93999999999999995,5.28000000000000025
-0.01218773994534550,-0.04372495326357458,-0.04060174853623875,1.62862254390953498,1.75915243192380299,-2.85984703479912339,0.93999999999999995,5.28000000000000025
-0.01202454769650428,-0.04354803735295483,-0.04088686507885687,1.63520968915693721,1.77914751981105712,-2.84246745738653939,0.93999999999999995,5.28000000000000025
-0.01186070055547463,-0.04336912741392667,-0.04117023876725921,1.64172039563214511,1.79903297828445941,-2.82499006636210170,0.93999999999999995,5.28000000000000025
-0.01169620616378287,-0.04318823441600215,-0.04145185985477211,1.64815471000128055,1.81880867564794890,-2.80741555471874049,0.93999999999999995,5.28000000000000025
-0.01153107215839405,-0.04300536934194829,-0.04173171866379603,1.65451267682605296,1.83847447849274737,-2.78974461096656690,0.93999999999999995,5.28000000000000025
-0.01136530617192160,-0.04282054318795988,-0.04200980558536360,1.66079433857968750,1.85803025166783597,-2.77197791926116377,0.93999999999999995,5.28000000000000025
-0.01119891583283538,-0.04263376696383509,-0.04228611107871062,1.66699973566325288,1.87747585825177410,-2.75411615953072486,0.93999999999999995,5.28000000000000025
-0.01103190876566807,-0.04244505169315389,-0.04256062567085958,1.67312890642238532,1.89681115952584278,-2.73616000760205891,0.93999999999999995,5.28000000000000025
-0.01086429259121982,-0.04225440841345905,-0.04283333995621579,1.67918188716439998,1.91603601494848785,-2.71811013532547552,0.93999999999999995,5.28000000000000025
-0.01069607492676126,-0.04206184817643966,-0.04310424459617594,1.68515871217578672,1.93515028213104490,-2.69996721069856305,0.93999999999999995,5.28000000000000025
-0.01052726338623466,-0.04186738204811698,-0.04337333031874895,1.69105941374008162,1.95415381681472322,-2.68173189798887979,0.93999999999999995,5.28000000000000025
-0.01035786558045332,-0.04167102110903259,-0.04364058791818905,1.69688402215611234,1.97304647284883217,-2.66340485785556558,0.93999999999999995,5.28000000000000025
-0.01018788911729913,-0.04147277645443858,-0.04390600825464102,1.70263256575660904,1.99182810217022976,-2.64498674746989471,0.93999999999999995,5.28000000000000025
-0.01001734160191821,-0.04127265919448979,-0.04416958225379734,1.70830507092717787,2.01049855478397621,-2.62647822063477809,0.93999999999999995,5.28000000000000025
-0.00984623063691468,-0.04107068045443790,-0.04443130090656731,1.71390156212563327,2.02905767874517462,-2.60787992790323431,0.93999999999999995,5.28000000000000025
-0.00967456382254246,-0.04086685137482731,-0.04469115526875794,1.71942206190168245,2.04750532014198194,-2.58919251669583739,0.93999999999999995,5.28000000000000025
-0.00950234875689504,-0.04066118311169260,-0.04494913646076650,1.72486659091696026,2.06584132307977519,-2.57041663141715704,0.93999999999999995,5.28000000000000025
-0.00932959303609333,-0.04045368683675758,-0.04520523566728478,1.73023516796540888,2.08406552966645586,-2.55155291357120584,0.93999999999999995,5.28000000000000025
-0.00915630425447137,-0.04024437373763569,-0.04545944413701469,1.73552780999400036,2.10217777999887900,-2.53260200187590234,0.93999999999999995,5.28000000000000025
-0.00898249000475995,-0.04003325501803179,-0.04571175318239534,1.74074453212379643,2.12017791215039075,-2.51356453237656430,0.93999999999999995,5.28000000000000025
-0.00880815787826818,-0.03982034189794503,-0.04596215417934148,1.74588534767134518,2.13806576215946098,-2.49444113855844440,0.93999999999999995,5.28000000000000025
-0.00863331546506283,-0.03960564561387293,-0.04621063856699301,1.75095026817040833,2.15584116401940040,-2.47523245145831883,0.93999999999999995,5.28000000000000025
-0.00845797035414553,-0.03938917741901628,-0.04645719784747569,1.75593930339401938,2.17350394966914395,-2.45593909977514180,0.93999999999999995,5.28000000000000025
-0.00828213013362768,-0.03917094858348506,-0.04670182358567287,1.76085246137686680,2.19105394898509243,-2.43656170997977517,0.93999999999999995,5.28000000000000025
-0.00810580239090321,-0.03895097039450506,-0.04694450740900813,1.76568974843800319,2.20849098977399905,-2.41710090642380582,0.93999999999999995,5.28000000000000025
-0.00792899471281896,-0.03872925415662509,-0.04718524100723873,1.77045116920387491,2.22581489776688946,-2.39755731144746109,0.93999999999999995,5.28000000000000025
-0.00775171468584278,-0.03850581119192488,-0.04742401613225985,1.77513672663167155,2.24302549661400308,-2.37793154548662944,0.93999999999999995,5.28000000000000025
-0.00757396989622930,-0.03828065284022336,-0.04766082459791948,1.77974642203299327,2.26012260788074704,-2.35822422717900304,0.93999999999999995,5.28000000000000025
-0.00739576793018323,-0.03805379045928729,-0.04789565827984384,1.78428025509783317,2.27710605104465191,-2.33843597346934295,0.93999999999999995,5.28000000000000025
-0.00721711637402040,-0.03782523542504013,-0.04812850911527335,1.78873822391887405,2.29397564349331962,-2.31856739971388537,0.93999999999999995,5.28000000000000025
-0.00703802281432617,-0.03759499913177115,-0.04835936910290893,1.79312032501609697,2.31073120052335357,-2.29861911978389077,0.93999999999999995,5.28000000000000025
-0.00685849483811153,-0.03736309299234453,-0.04858823030276868,1.79742655336170021,2.32737253534026234,-2.27859174616834892,0.93999999999999995,5.28000000000000025
-0.00667854003296657,-0.03712952843840840,-0.04881508483605472,1.80165690240532750,2.34389945905932962,-2.25848589007584666,0.93999999999999995,5.28000000000000025
-0.00649816598721149,-0.03689431692060380,-0.04903992488503022,1.80581136409960474,2.36031178070744074,-2.23830216153560713,0.93999999999999995,5.28000000000000025
-0.00631738029004500,-0.03665746990877339,-0.04926274269290649,1.80988992892598222,2.37660930722585828,-2.21804116949770647,0.93999999999999995,5.28000000000000025
-0.00613619053169015,-0.03641899889216986,-0.04948353056374003,1.81389258592088320,2.39279184347394080,-2.19770352193247920,0.93999999999999995,5.28000000000000025
-0.00595460430353746,-0.03617891537966383,-0.04970228086233951,1.81781932270215707,2.40885919223379430,-2.17728982592911624,0.93999999999999995,5.28000000000000025
-0.00577262919828552,-0.03593723089995138,-0.04991898601418251,1.82167012549583540,2.42481115421585436,-2.15680068779346401,0.93999999999999995,5.28000000000000025
-0.00559027281007877,-0.03569395700176083,-0.05013363850534212,1.82544497916319193,2.44064752806538854,-2.13623671314502950,0.93999999999999995,5.28000000000000025
-0.00540754273464261,-0.03544910525405896,-0.05034623088242304,1.82914386722810307,2.45636811036991443,-2.11559850701320062,0.93999999999999995,5.28000000000000025
-0.00522444656941578,-0.03520268724625630,-0.05055675575250739,1.83276677190471116,2.47197269566752809,-2.09488667393268546,0.93999999999999995,5.28000000000000025
-0.00504099191367994,-0.03495471458841171,-0.05076520578310998,1.83631367412538782,2.48746107645613623,-2.07410181803817739,0.93999999999999995,5.28000000000000025
-0.00485718636868639,-0.03470519891143580,-0.05097157370214300,1.83978455356899739,2.50283304320358768,-2.05324454315824845,0.93999999999999995,5.28000000000000025
-0.00467303753778007,-0.03445415186729349,-0.05117585229789007,1.84317938868946030,2.51808838435869831,-2.03231545290848237,0.93999999999999995,5.28000000000000025
-0.00448855302652054,-0.03420158512920524,-0.05137803441898958,1.84649815674461548,2.53322688636316729,-2.01131515078384338,0.93999999999999995,5.28000000000000025
-0.00430374044280020,-0.03394751039184719,-0.05157811297442721,1.84974083382538201,2.54824833366437531,-1.99024424025029489,0.93999999999999995,5.28000000000000025
-0.00411860739695946,-0.03369193937154989,-0.05177608093353756,1.85290739488521905,2.56315250872906653,-1.96910332483566264,0.93999999999999995,5.28000000000000025
-0.00393316150189901,-0.03343488380649562,-0.05197193132601488,1.85599781376988382,2.57793919205790489,-1.94789300821975364,0.93999999999999995,5.28000000000000025
-0.00374741037318911,-0.03317635545691428,-0.05216565724193271,1.85901206324748780,2.59260816220090495,-1.92661389432372987,0.93999999999999995,5.28000000000000025
-0.00356136162917582,-0.03291636610527763,-0.05235725183177248,1.86195011503885111,2.60715919577373167,-1.90526658739874244,0.93999999999999995,5.28000000000000025
-0.00337502289108422,-0.03265492755649185,-0.05254670830646091,1.86481193984815330,2.62159206747486717,-1.88385169211382775,0.93999999999999995,5.28000000000000025
-0.00318840178311850,-0.03239205163808841,-0.05273401993741613,1.86759750739388286,2.63590655010363895,-1.86236981364306819,0.93999999999999995,5.28000000000000025
-0.00300150593255900,-0.03212775020041298,-0.05291918005660255,1.87030678644008241,2.65010241457911055,-1.84082155775202105,0.93999999999999995,5.28000000000000025
-0.00281434296985605,-0.03186203511681256,-0.05310218205659428,1.87293974482789261,2.66417942995982715,-1.81920753088341525,0.93999999999999995,5.28000000000000025
-0.00262692052872070,-0.03159491828382045,-0.05328301939064710,1.87549634950739152,2.67813736346441900,-1.79752834024212071,0.93999999999999995,5.28000000000000025
-0.00243924624621219,-0.03132641162133919,-0.05346168557277890,1.87797656656973189,2.69197598049305498,-1.77578459387938770,0.93999999999999995,5.28000000000000025
-0.00225132776282227,-0.03105652707282129,-0.05363817417785851,1.88038036127957398,2.70569504464974786,-1.75397690077636126,0.93999999999999995,5.28000000000000025
-0.00206317272255614,-0.03078527660544774,-0.05381247884170280,1.88270769810781613,2.71929431776550645,-1.73210587092686841,0.93999999999999995,5.28000000000000025
-0.00187478877301028,-0.03051267221030404,-0.05398459326118209,1.88495854076462033,2.73277355992233595,-1.71017211541947978,0.93999999999999995,5.28000000000000025
-0.00168618356544675,-0.03023872590255394,-0.05415451119433369,1.88713285223273552,2.74613252947808162,-1.68817624651884568,0.93999999999999995,5.28000000000000025
-0.00149736475486435,-0.02996344972161052,-0.05432222646048353,1.88923059480111566,2.75937098309211493,-1.66611887774630674,0.93999999999999995,5.28000000000000025
-0.00130834000006622,-0.02968685573130478,-0.05448773294037586,1.89125173009883429,2.77248867575186253,-1.64400062395977709,0.93999999999999995,5.28000000000000025
-0.00111911696372421,-0.02940895602005141,-0.05465102457631082,1.89319621912929481,2.78548536080017328,-1.62182210143290173,0.93999999999999995,5.28000000000000025
-0.00092970331243964,-0.02912976270101187,-0.05481209537229000,1.89506402230473614,2.79836078996352544,-1.59958392793348469,0.93999999999999995,5.28000000000000025
-0.00074010671680072,-0.02884928791225460,-0.05497093939416969,1.89685509948103359,2.81111471338106966,-1.57728672280118731,0.93999999999999995,5.28000000000000025
-0.00055033485143645,-0.02856754381691225,-0.05512755076982200,1.89856940999279389,2.82374687963450910,-1.55493110702449600,0.93999999999999995,5.28000000000000025
-0.00036039539506694,-0.02828454260333588,-0.05528192368930344,1.90020691268874597,2.83625703577881438,-1.53251770331695503,0.93999999999999995,5.28000000000000025
-0.00017029603055025,-0.02800029648524610,-0.05543405240503135,1.90176756596742536,2.84864492737377262,-1.51004713619266462,0.93999999999999995,5.28000000000000025
0.00001995555507442,-0.02771481770188092,-0.05558393123196756,1.90325132781315220,2.86091029851636902,-1.48752003204104044,0.93999999999999995,5.28000000000000025
0.00021035167054709,-0.02742811851814046,-0.05573155454780974,1.90465815583230280,2.87305289187400170,-1.46493701920083086,0.93999999999999995,5.28000000000000025
0.00040088462035104,-0.02714021122472812,-0.05587691679318993,1.90598800728987317,2.88507244871852597,-1.44229872803339054,0.93999999999999995,5.28000000000000025
0.00059154670468052,-0.02685110813828847,-0.05602001247188048,1.90724083914633646,2.89696870896113223,-1.41960579099520512,0.93999999999999995,5.28000000000000025
0.00078233021941215,-0.02656082160154149,-0.05616083615100712,1.90841660809479041,2.90874141118805074,-1.39685884270966398,0.93999999999999995,5.28000000000000025
0.00097322745608004,-0.02626936398341328,-0.05629938246126925,1.90951527059839554,2.92039029269708772,-1.37405852003807749,0.93999999999999995,5.28000000000000025
0.00116423070185471,-0.02597674767916303,-0.05643564609716721,1.91053678292810480,2.93191508953498792,-1.35120546214993276,0.93999999999999995,5.28000000000000025
0.00135533223952572,-0.02568298511050621,-0.05656962181723660,1.91148110120068115,2.94331553653562672,-1.32830031059238540,0.93999999999999995,5.28000000000000025
0.00154652434748820,-0.02538808872573392,-0.05670130444428947,1.91234818141700402,2.95459136735902650,-1.30534370935897970,0.93999999999999995,5.28000000000000025
0.00173779929973321,-0.02509207099982831,-0.05683068886566242,1.91313797950066289,2.96574231453120341,-1.28233630495759487,0.93999999999999995,5.28000000000000025
0.00192914936584189,-0.02479494443457393,-0.05695777003347132,1.91385045133683751,2.97676810948483572,-1.25927874647760896,0.93999999999999995,5.28000000000000025
0.00212056681098361,-0.02449672155866499,-0.05708254296487283,1.91448555281146260,2.98766848260075868,-1.23617168565627700,0.93999999999999995,5.28000000000000025
0.00231204389591802,-0.02419741492780847,-0.05720500274233246,1.91504323985067626,2.99844316325028437,-1.21301577694431573,0.93999999999999995,5.28000000000000025
0.00250357287700107,-0.02389703712482290,-0.05732514451389920,1.91552346846055177,3.00909187983834192,-1.18981167757068951,0.93999999999999995,5.28000000000000025
0.00269514600619494,-0.02359560075973278,-0.05744296349348647,1.91592619476711001,3.01961435984744364,-1.16656004760658960,0.93999999999999995,5.28000000000000025
0.00288675553108212,-0.02329311846985865,-0.05755845496115960,1.91625137505661036,3.03001032988247054,-1.14326155002860141,0.93999999999999995,5.28000000000000025
0.00307839369488341,-0.02298960291990254,-0.05767161426342941,1.91649896581612156,3.04027951571627852,-1.11991685078105130,0.93999999999999995,5.28000000000000025
0.00327005273648006,-0.02268506680202884,-0.05778243681355213,1.91666892377436637,3.05042164233612523,-1.09652661883752645,0.93999999999999995,5.28000000000000025
0.00346172489044000,-0.02237952283594056,-0.05789091809183534,1.91676120594284249,3.06043643399091447,-1.07309152626155879,0.93999999999999995,5.28000000000000025
0.00365340238704814,-0.02207298376895071,-0.05799705364594997,1.91677576965721430,3.07032361423925781,-1.04961224826646671,0.93999999999999995,5.28000000000000025
0.00384507745234095,-0.02176546237604896,-0.05810083909124823,1.91671257261897554,3.08008290599835366,-1.02608946327434492,0.93999999999999995,5.28000000000000025
0.00403674230814503,-0.02145697145996321,-0.05820227011108740,1.91657157293737979,3.08971403159367997,-1.00252385297419466,0.93999999999999995,5.28000000000000025
0.00422838917212010,-0.02114752385121635,-0.05830134245715940,1.91635272917163735,3.09921671280950051,-0.97891610237918536,0.93999999999999995,5.28000000000000025
0.00442001025780604,-0.02083713240817774,-0.05839805194982602,1.91605600037337376,3.10859067094018338,-0.95526689988303914,0.93999999999999995,5.28000000000000025
0.00461159777467430,-0.02052581001710963,-0.05849239447845978,1.91568134612935048,3.11783562684232951,-0.93157693731552826,0.93999999999999995,5.28000000000000025
0.00480314392818354,-0.02021356959220830,-0.05858436600179025,1.91522872660444299,3.12695130098770901,-0.90784690999707662,0.93999999999999995,5.28000000000000025
0.00499464091983963,-0.01990042407563986,-0.05867396254825580,1.91469810258487416,3.13593741351700572,-0.88407751679245550,0.93999999999999995,5.28000000000000025
0.00518608094725993,-0.01958638643757064,-0.05876118021636074,1.91408943552169952,3.14479368429436468,-0.86026946016356354,0.93999999999999995,5.28000000000000025
0.00537745620424199,-0.01927146967619207,-0.05884601517503756,1.91340268757454113,3.15351983296274208,-0.83642344622128117,0.93999999999999995,5.28000000000000025
0.00556875888083655,-0.01895568681774002,-0.05892846366401440,1.91263782165556884,3.16211557900005591,-0.81254018477638856,0.93999999999999995,5.28000000000000025
0.00575998116342505,-0.01863905091650844,-0.05900852199418759,1.91179480147372183,3.17058064177613463,-0.78862038938953682,0.93999999999999995,5.28000000000000025
0.00595111523480152,-0.01832157505485730,-0.05908618654799906,1.91087359157917080,3.17891474061045853,-0.76466477742026229,0.93999999999999995,5.28000000000000025
0.00614215327425892,-0.01800327234321470,-0.05916145377981862,1.90987415740801358,3.18711759483069557,-0.74067407007503128,0.93999999999999995,5.28000000000000025
0.00633308745768000,-0.01768415592007312,-0.05923432021633106,1.90879646532720337,3.19518892383202502,-0.71664899245430647,0.93999999999999995,5.28000000000000025
0.00652390995763262,-0.01736423895197962,-0.05930478245692784,1.90764048267970376,3.20312844713724809,-0.69259027359862102,0.93999999999999995,5.28000000000000025
0.00671461294346963,-0.01704353463352006,-0.05937283717410335,1.90640617782986599,3.21093588445768008,-0.66849864653365099,0.93999999999999995,5.28000000000000025
0.00690518858143326,-0.01672205618729720,-0.05943848111385565,1.90509352020902623,3.21861095575482059,-0.64437484831427283,0.93999999999999995,5.28000000000000025
0.00709562903476418,-0.01639981686390252,-0.05950171109609154,1.90370248036131628,3.22615338130280271,-0.62021962006759490,0.93999999999999995,5.28000000000000025
0.00728592646381499,-0.01607682994188185,-0.05956252401503589,1.90223302998968391,3.23356288175160911,-0.59603370703495029,0.93999999999999995,5.28000000000000025
0.00747607302616845,-0.01575310872769453,-0.05962091683964515,1.90068514200211758,3.24083917819105771,-0.57181785861283907,0.93999999999999995,5.28000000000000025
0.00766606087676033,-0.01542866655566627,-0.05967688661402482,1.89905879055807136,3.24798199221554951,-0.54757282839280763,0.93999999999999995,5.28000000000000025
0.00785588216800685,-0.01510351678793536,-0.05973043045785093,1.89735395111508454,3.25499104598957389,-0.52329937420025174,0.93999999999999995,5.28000000000000025
0.00804552904993682,-0.01477767281439238,-0.05978154556679535,1.89557060047558945,3.26186606231396725,-0.49899825813213189,0.93999999999999995,5.28000000000000025
0.00823499367032853,-0.01445114805261324,-0.05983022921295470,1.89370871683390329,3.26860676469292066,-0.47467024659358636,0.93999999999999995,5.28000000000000025
0.00842426817485122,-0.01412395594778541,-0.05987647874528305,1.89176827982339835,3.27521287740172840,-0.45031611033343072,0.93999999999999995,5.28000000000000025
0.00861334470721143,-0.01379610997262746,-0.05992029159002796,1.88974927056384323,3.28168412555527356,-0.42593662447852915,0.93999999999999995,5.28000000000000025
0.00880221540930394,-0.01346762362730159,-0.05996166525116997,1.88765167170891046,3.28802023517724651,-0.40153256856702529,0.93999999999999995,5.28000000000000025
0.00899087242136761,-0.01313851043931928,-0.06000059731086533,1.88547546749384387,3.29422093327008625,-0.37710472658041888,0.93999999999999995,5.28000000000000025
0.00917930788214587,-0.01280878396343991,-0.06003708542989190,1.88322064378327858,3.30028594788563989,-0.35265388697447436,0.93999999999999995,5.28000000000000025
0.00936751392905210,-0.01247845778156219,-0.06007112734809809,1.88088718811920752,3.30621500819653624,-0.32818084270894854,0.93999999999999995,5.28000000000000025
0.00955548269833974,-0.01214754550260858,-0.06010272088485467,1.87847508976908828,3.31200784456826103,-0.30368639127612285,0.93999999999999995,5.28000000000000025
0.00974320632527726,-0.01181606076240227,-0.06013186393950941,1.87598433977408119,3.31766418863193202,-0.27917133472812722,0.93999999999999995,5.28000000000000025
0.00993067694432795,-0.01148401722353704,-0.06015855449184436,1.87341493099741441,3.32318377335776116,-0.25463647970304099,0.93999999999999995,5.28000000000000025
0.01011788668933454,-0.01115142857523957,-0.06018279060253574,1.87076685817286514,3.32856633312920014,-0.23008263744975749,0.93999999999999995,5.28000000000000025
0.01030482769370869,-0.01081830853322446,-0.06020457041361620,1.86804011795335279,3.33381160381776054,-0.20551062385159788,0.93999999999999995,5.28000000000000025
0.01049149209062534,-0.01048467083954158,-0.06022389214893933,1.86523470895963306,3.33891932285849524,-0.18092125944866058,0.93999999999999995,5.28000000000000025
0.01067787201322194,-0.01015052926241595,-0.06024075411464650,1.86235063182908789,3.34388922932613886,-0.15631536945889205,0.93999999999999995,5.28000000000000025
0.01086395959480252,-0.00981589759607996,-0.06025515469963558,1.85938788926460052,3.34872106401189562,-0.13169378379786473,0.93999999999999995,5.28000000000000025
0.01104974696904674,-0.00948078966059781,-0.06026709237603164,1.85634648608350883,3.35341456950086103,-0.10705733709724828,0.93999999999999995,5.28000000000000025
0.01123522627022375,-0.00914521930168225,-0.06027656569965948,1.85322642926662762,3.35796949025007452,-0.08240686872195968,0.93999999999999995,5.28000000000000025
0.01142038963341098,-0.00880920039050346,-0.06028357331051767,1.85002772800733162,3.36238557266718763,-0.05774322278597835,0.93999999999999995,5.28000000000000025
0.01160522919471790,-0.00847274682349003,-0.06028811393325428,1.84675039376068950,3.36666256518973839,-0.03306724816681181,0.93999999999999995,5.28000000000000025
0.01178973709151461,-0.00813587252212195,-0.06029018637764384,1.84339444029263966,3.37080021836502297,-0.00837979851859813,0.93999999999999995,5.28000000000000025
0.01197390546266540,-0.00779859143271567,-0.06028978953906561,1.83995988372919905,3.37479828493055090,0.01631826771616919,0.93999999999999995,5.28000000000000025
0.01215772644876721,-0.00746091752620099,-0.06028692239898299,1.83644674260569518,3.37865651989507221,0.04102608729630792,0.93999999999999995,5.28000000000000025
0.01234119219239304,-0.00712286479788989,-0.06028158402542375,1.83285503791601090,3.38237468062016733,0.06574279217301922,0.93999999999999995,5.28000000000000025
0.01252429483834025,-0.00678444726723710,-0.06027377357346130,1.82918479316183191,3.38595252690238446,0.09046750948237942,0.93999999999999995,5.28000000000000025
0.01270702653388381,-0.00644567897759255,-0.06026349028569643,1.82543603440188806,3.38938982105591169,0.11519936153926508,0.93999999999999995,5.28000000000000025
0.01288937942903447,-0.00610657399594535,-0.06025073349273971,1.82160879030117662,3.39268632799577352,0.13993746583272532,0.93999999999999995,5.28000000000000025
0.01307134567680185,-0.00576714641265964,-0.06023550261369422,1.81770309218015669,3.39584181532153551,0.16468093502281500,0.93999999999999995,5.28000000000000025
0.01325291743346242,-0.00542741034120182,-0.06021779715663857,1.81371897406390570,3.39885605340150443,0.18942887693890254,0.93999999999999995,5.28000000000000025
0.01343408685883245,-0.00508737991785952,-0.06019761671910998,1.80965647273122476,3.40172881545740902,0.21418039457946564,0.93999999999999995,5.28000000000000025
0.01361484611654582,-0.00474706930145197,-0.06017496098858732,1.80551562776368324,3.40445987764954738,0.23893458611338850,0.93999999999999995,5.28000000000000025
0.01379518737433674,-0.00440649267303189,-0.06014982974297396,1.80129648159458999,3.40704901916238567,0.26369054488277377,0.93999999999999995,5.28000000000000025
0.01397510280432736,-0.00406566423557876,-0.06012222285108018,1.79699907955788052,3.40949602229059279,0.28844735940728200,0.93999999999999995,5.28000000000000025
0.01415458458332033,-0.00372459821368346,-0.06009214027310522,1.79262346993690747,3.41180067252549479,0.31320411339001220,0.93999999999999995,5.28000000000000025
0.01433362489309609,-0.00338330885322432,-0.06005958206111852,1.78816970401312303,3.41396275864193344,0.33795988572493540,0.93999999999999995,5.28000000000000025
0.01451221592071518,-0.00304181042103435,-0.06002454835954020,1.78363783611464077,3.41598207278551147,0.36271375050589461,0.93999999999999995,5.28000000000000025
0.01469034985882530,-0.00270011720455982,-0.05998703940562058,1.77902792366466422,3.41785841056020923,0.38746477703718302,0.93999999999999995,5.28000000000000025
0.01486801890597323,-0.00235824351151004,-0.05994705552991853,1.77434002722976980,3.41959157111635248,0.41221202984571287,0.93999999999999995,5.28000000000000025
0.01504521526692158,-0.00201620366949825,-0.05990459715677852,1.76957421056803166,3.42118135723891603,0.43695456869478688,0.93999999999999995,5.28000000000000025
0.01522193115297036,-0.00167401202567381,-0.05985966480480625,1.76473054067697532,3.42262757543614438,0.46169144859948397,0.93999999999999995,5.28000000000000025
0.01539815878228328,-0.00133168294634537,-0.05981225908734260,1.75980908784134593,3.42393003602846990,0.48642171984367055,0.93999999999999995,5.28000000000000025
0.01557389038021887,-0.00098923081659521,-0.05976238071293588,1.75480992568068017,3.42508855323771044,0.51114442799864934,0.93999999999999995,5.28000000000000025
0.01574911817966633,-0.00064667003988463,-0.05971003048581203,1.74973313119666551,3.42610294527652659,0.53585861394345535,0.93999999999999995,5.28000000000000025
0.01592383442138610,-0.00030401503765040,-0.05965520930634283,1.74457878482027451,3.42697303443811752,0.56056331388681102,0.93999999999999995,5.28000000000000025
0.01609803135435514,0.00003871975110782,-0.05959791817151168,1.73934697045866171,3.42769864718613881,0.58525755939075008,0.93999999999999995,5.28000000000000025
0.01627170123611687,0.00038151987024899,-0.05953815817537710,1.73403777554180638,3.42827961424481797,0.60994037739592044,0.93999999999999995,5.28000000000000025
0.01644483633313579,0.00072437084692132,-0.05947593050953349,1.72865129106888804,3.42871577068924660,0.63461079024857603,0.93999999999999995,5.28000000000000025
0.01661742892115671,0.00106725819200179,-0.05941123646356914,1.72318761165438250,3.42900695603583117,0.65926781572926618,0.93999999999999995,5.28000000000000025
0.01678947128556854,0.00141016740054490,-0.05934407742552133,1.71764683557385989,3.42915301433287745,0.68391046708323266,0.93999999999999995,5.28000000000000025
0.01696095572177271,0.00175308395224035,-0.05927445488232824,1.71202906480947381,3.42915379425128730,0.70853775305252265,0.93999999999999995,5.28000000000000025
0.01713187453555608,0.00209599331187982,-0.05920237042027759,1.70633440509512546,3.42900914917534605,0.73314867790982519,0.93999999999999995,5.28000000000000025
0.01730222004346835,0.00243888092983290,-0.05912782572545187,1.70056296596128642,3.42871893729357557,0.75774224149404046,0.93999999999999995,5.28000000000000025
0.01747198457320396,0.00278173224253201,-0.05905082258416976,1.69471486077946731,3.42828302168963184,0.78231743924758790,0.93999999999999995,5.28000000000000025
0.01764116046398839,0.00312453267296649,-0.05897136288342394,1.68879020680631697,3.42770127043322148,0.80687326225546152,0.93999999999999995,5.28000000000000025
0.01780974006696884,0.00346726763118574,-0.05888944861131478,1.68278912522733415,3.42697355667101444,0.83140869728603817,0.93999999999999995,5.28000000000000025
0.01797771574560934,0.00380992251481146,-0.05880508185747984,1.67671174120018041,3.42609975871752770,0.85592272683364534,0.93999999999999995,5.28000000000000025
0.01814507987609008,0.00415248270955899,-0.05871826481351913,1.67055818389757516,3.42507976014595439,0.88041432916289453,0.93999999999999995,5.28000000000000025
0.01831182484771103,0.00449493358976769,-0.05862899977341577,1.66432858654975968,3.42391344987891477,0.90488247835478464,0.93999999999999995,5.28000000000000025
0.01847794306329983,0.00483726051894043,-0.05853728913395197,1.65802308648651242,3.42260072227910328,0.92932614435458105,0.93999999999999995,5.28000000000000025
0.01864342693962379,0.00517944885029215,-0.05844313539512016,1.65164182517870173,3.42114147723980189,0.95374429302147434,0.93999999999999995,5.28000000000000025
0.01880826890780609,0.00552148392730738,-0.05834654116052897,1.64518494827935857,3.41953562027524027,0.97813588618002267,0.93999999999999995,5.28000000000000025
0.01897246141374600,0.00586335108430690,-0.05824750913780415,1.63865260566425408,3.41778306261077081,1.00249988167338033,0.93999999999999995,5.28000000000000025
0.01913599691854319,0.00620503564702332,-0.05814604213898389,1.63204495147196549,3.41588372127283257,1.02683523341831617,0.93999999999999995,5.28000000000000025
0.01929886789892598,0.00654652293318571,-0.05804214308090865,1.62536214414341473,3.41383751917867873,1.05114089146202416,0.93999999999999995,5.28000000000000025
0.01946106684768350,0.00688779825311309,-0.05793581498560525,1.61860434646086260,3.41164438522583691,1.07541580204072629,0.93999999999999995,5.28000000000000025
0.01962258627410181,0.00722884691031701,-0.05782706098066491,1.61177172558634374,3.40930425438127926,1.09965890764007046,0.93999999999999995,5.28000000000000025
0.01978341870440372,0.00756965420211287,-0.05771588429961522,1.60486445309952486,3.40681706777026783,1.12386914705732366,0.93999999999999995,5.28000000000000025
0.01994355668219246,0.00791020542024020,-0.05760228828228583,1.59788270503497021,3.40418277276485171,1.14804545546535874,0.93999999999999995,5.28000000000000025
0.02010299276889897,0.00825048585149175,-0.05748627637516755,1.59082666191879896,3.40140132307198462,1.17218676447843673,0.93999999999999995,5.28000000000000025
0.02026171954423289,0.00859048077835137,-0.05736785213176493,1.58369650880471613,3.39847267882123516,1.19629200221978049,0.93999999999999995,5.28000000000000025
0.02041972960663711,0.00893017547964063,-0.05724701921294183,1.57649243530940186,3.39539680665206056,1.22036009339094065,0.93999999999999995,5.28000000000000025
0.02057701557374576,0.00926955523117417,-0.05712378138726011,1.56921463564724384,3.39217367980061191,1.24438995934294772,0.93999999999999995,5.28000000000000025
0.02073357008284573,0.00960860530642367,-0.05699814253131100,1.56186330866439382,3.38880327818604332,1.26838051814925112,0.93999999999999995,5.28000000000000025
0.02088938579134150,0.00994731097719044,-0.05687010663003917,1.55443865787213387,3.38528558849629535,1.29233068468043832,0.93999999999999995,5.28000000000000025
0.02104445537722329,0.01028565751428660,-0.05673967777705919,1.54694089147953528,3.38162060427332101,1.31623937068072983,0.93999999999999995,5.28000000000000025
0.02119877153953847,0.01062363018822468,-0.05660686017496427,1.53937022242539401,3.37780832599772429,1.34010548484624636,0.93999999999999995,5.28000000000000025
0.02135232699886608,0.01096121426991571,-0.05647165813562710,1.53172686840942607,3.37384876117277965,1.36392793290504044,0.93999999999999995,5.28000000000000025
0.02150511449779442,0.01129839503137567,-0.05633407608049255,1.52401105192270703,3.36974192440780440,1.38770561769888690,0.93999999999999995,5.28000000000000025
0.02165712680140173,0.01163515774644020,-0.05619411854086215,1.51622300027733914,3.36548783750084901,1.41143743926682430,0.93999999999999995,5.28000000000000025
0.02180835669773972,0.01197148769148762,-0.05605179015817015,1.50836294563532958,3.36108652952067732,1.43512229493043941,0.93999999999999995,5.28000000000000025
0.02195879699831995,0.01230737014617003,-0.05590709568425085,1.50043112503666509,3.35653803688800467,1.45875907938088534,0.93999999999999995,5.28000000000000025
0.02210844053860303,0.01264279039415258,-0.05576003998159729,1.49242778042656554,3.35184240345595974,1.48234668476762566,0.93999999999999995,5.28000000000000025
0.02225728017849045,0.01297773372386065,-0.05561062802361089,1.48435315868190121,3.34699968058974306,1.50588400078889095,0.93999999999999995,5.28000000000000025
0.02240530880281906,0.01331218542923506,-0.05545886489484197,1.47620751163675878,3.34200992724544665,1.52936991478384066,0.93999999999999995,5.28000000000000025
0.02255251932185797,0.01364613081049500,-0.05530475579122097,1.46799109610713852,3.33687321004800452,1.55280331182641396,0.93999999999999995,5.28000000000000025
0.02269890467180804,0.01397955517490884,-0.05514830602028026,1.45970417391476914,3.33158960336824306,1.57618307482086184,0.93999999999999995,5.28000000000000025
0.02284445781530349,0.01431244383757249,-0.05498952100136619,1.45134701191002335,3.32615918939899702,1.59950808459894289,0.93999999999999995,5.28000000000000025
0.02298917174191596,0.01464478212219539,-0.05482840626584146,1.44291988199392018,3.32058205823026142,1.62277722001877134,0.93999999999999995,5.28000000000000025
0.02313303946866061,0.01497655536189391,-0.05466496745727747,1.43442306113919815,3.31485830792334513,1.64598935806530111,0.93999999999999995,5.28000000000000025
0.02327605404050429,0.01530774889999219,-0.05449921033163651,1.42585683141044450,3.30898804458399765,1.66914337395243040,0.93999999999999995,5.28000000000000025
0.02341820853087571,0.01563834809083016,-0.05433114075744374,1.41722147998326609,3.30297138243447286,1.69223814122671090,0.93999999999999995,5.28000000000000025
0.02355949604217745,0.01596833830057877,-0.05416076471594865,1.40851729916248702,3.29680844388449978,1.71527253187264317,0.93999999999999995,5.28000000000000025
0.02369990970629976,0.01629770490806223,-0.05398808830127594,1.39974458639935850,3.29049935960112983,1.73824541641954222,0.93999999999999995,5.28000000000000025
0.02383944268513601,0.01662643330558718,-0.05381311772056560,1.39090364430776781,3.28404426857742582,1.76115566404995061,0.93999999999999995,5.28000000000000025
0.02397808817109972,0.01695450889977870,-0.05363585929410216,1.38199478067943127,3.27744331819996226,1.78400214270958446,0.93999999999999995,5.28000000000000025
0.02411583938764310,0.01728191711242295,-0.05345631945543277,1.37301830849805806,3.27069666431510608,1.80678371921878633,0.93999999999999995,5.28000000000000025
0.02425268958977684,0.01760864338131646,-0.05327450475147411,1.36397454595247103,3.26380447129404416,1.82949925938546887,0.93999999999999995,5.28000000000000025
0.02438863206459131,0.01793467316112175,-0.05309042184260794,1.35486381644867282,3.25676691209652880,1.85214762811952283,0.93999999999999995,5.28000000000000025
0.02452366013177878,0.01825999192422938,-0.05290407750276511,1.34568644862084175,3.24958416833330688,1.87472768954866931,0.93999999999999995,5.28000000000000025
0.02465776714415677,0.01858458516162605,-0.05271547861949791,1.33644277634124697,3.24225643032720390,1.89723830713573149,0.93999999999999995,5.28000000000000025
0.02479094648819231,0.01890843838376887,-0.05252463219404067,1.32713313872906968,3.23478389717283088,1.91967834379730018,0.93999999999999995,5.28000000000000025
0.02492319158452701,0.01923153712146542,-0.05233154534135837,1.31775788015811868,3.22716677679488217,1.94204666202377063,0.93999999999999995,5.28000000000000025
0.02505449588850288,0.01955386692675964,-0.05213622529018321,1.30831735026342799,3.21940528600499754,1.96434212400072128,0.93999999999999995,5.28000000000000025
0.02518485289068872,0.01987541337382328,-0.05193867938303896,1.29881190394672519,3.21149965055715292,1.98656359173160957,0.93999999999999995,5.28000000000000025
0.02531425611740703,0.02019616205985288,-0.05173891507625301,1.28924190138075967,3.20345010520155427,2.00870992716175634,0.93999999999999995,5.28000000000000025
0.02544269913126126,0.02051609860597197,-0.05153693993995590,1.27960770801247969,3.19525689373700184,2.03077999230358985,0.93999999999999995,5.28000000000000025
0.02557017553166338,0.02083520865813854,-0.05133276165806829,1.26990969456504854,3.18692026906169712,2.05277264936312198,0.93999999999999995,5.28000000000000025
0.02569667895536149,0.02115347788805742,-0.05112638802827527,1.26014823703868784,3.17844049322246347,2.07468676086762249,0.93999999999999995,5.28000000000000025
0.02582220307696759,0.02147089199409753,-0.05091782696198775,1.25032371671034070,3.16981783746234802,2.09652118979446511,0.93999999999999995,5.28000000000000025
0.02594674160948514,0.02178743670221384,-0.05070708648429101,1.24043652013214389,3.16105258226658270,2.11827479970111110,0.93999999999999995,5.28000000000000025
0.02607028830483646,0.02210309776687381,-0.05049417473388011,1.23048703912869972,3.15214501740687147,2.13994645485619728,0.93999999999999995,5.28000000000000025
0.02619283695438979,0.02241786097198817,-0.05027909996298220,1.22047567079314079,3.14309544198397717,2.16153502037169787,0.93999999999999995,5.28000000000000025
0.02631438138948591,0.02273171213184588,-0.05006187053726550,1.21040281748197720,3.13390416446858167,2.18303936233612284,0.93999999999999995,5.28000000000000025
0.02643491548196417,0.02304463709205311,-0.04984249493573497,1.20026888680872057,3.12457150274039108,2.20445834794872209,0.93999999999999995,5.28000000000000025
0.02655443314468777,0.02335662173047601,-0.04962098175061449,1.19007429163627698,3.11509778412546234,2.22579084565465557,0.93999999999999995,5.28000000000000025
0.02667292833206836,0.02366765195818716,-0.04939733968721545,1.17981945006810007,3.10548334543172277,2.24703572528109685,0.93999999999999995,5.28000000000000025
0.02679039504058951,0.02397771372041541,-0.04917157756379172,1.16950478543810088,3.09572853298265649,2.26819185817423197,0.93999999999999995,5.28000000000000025
0.02690682730932925,0.02428679299749908,-0.04894370431138087,1.15913072629930647,3.08583370264913803,2.28925811733711404,0.93999999999999995,5.28000000000000025
0.02702221922048133,0.02459487580584221,-0.04871372897363153,1.14869770641126245,3.07579921987938176,2.31023337756833946,0.93999999999999995,5.28000000000000025
0.02713656489987525,0.02490194819887370,-0.04848166070661689,1.13820616472617409,3.06562545972698919,2.33111651560150301,0.93999999999999995,5.28000000000000025
0.02724985851749469,0.02520799626800917,-0.04824750877863421,1.12765654537378146,3.05531280687706763,2.35190641024539460,0.93999999999999995,5.28000000000000025
0.02736209428799455,0.02551300614361536,-0.04801128256999022,1.11704929764496508,3.04486165567039935,2.37260194252489542,0.93999999999999995,5.28000000000000025
0.02747326647121610,0.02581696399597678,-0.04777299157277247,1.10638487597407753,3.03427241012563931,2.39320199582253634,0.93999999999999995,5.28000000000000025
0.02758336937270046,0.02611985603626456,-0.04753264539060646,1.09566373991999888,3.02354548395951728,2.41370545602067077,0.93999999999999995,5.28000000000000025
0.02769239734420002,0.02642166851750719,-0.04729025373839850,1.08488635414591261,3.01268130060502992,2.43411121164422717,0.93999999999999995,5.28000000000000025
0.02780034478418783,0.02672238773556292,-0.04704582644206434,1.07405318839780040,3.00168029322759544,2.45441815400399355,0.93999999999999995,5.28000000000000025
0.02790720613836470,0.02702200003009380,-0.04679937343824333,1.06316471748165364,2.99054290473915696,2.47462517734039178,0.93999999999999995,5.28000000000000025
0.02801297590016407,0.02732049178554087,-0.04655090477399833,1.05222142123940188,2.97926958781021378,2.49473117896770002,0.93999999999999995,5.28000000000000025
0.02811764861125431,0.02761784943210060,-0.04630043060650103,1.04122378452355591,2.96786080487976367,2.51473505941867570,0.93999999999999995,5.28000000000000025
0.02822121886203846,0.02791405944670211,-0.04604796120270287,1.03017229717056713,2.95631702816313657,2.53463572258953684,0.93999999999999995,5.28000000000000025
0.02832368129215125,0.02820910835398511,-0.04579350693899149,1.01906745397290299,2.94463873965770784,2.55443207588525567,0.93999999999999995,5.28000000000000025
0.02842503059095325,0.02850298272727832,-0.04553707830083247,1.00790975464983967,2.93282643114647223,2.57412303036511902,0.93999999999999995,5.28000000000000025
0.02852526149802202,0.02879566918957810,-0.04527868588239672,0.99669970381697415,2.92088060419946327,2.59370750088850643,0.93999999999999995,5.28000000000000025
0.02862436880364020,0.02908715441452714,-0.04501834038617310,0.98543781095445682,2.90880177017300667,2.61318440626084580,0.93999999999999995,5.28000000000000025
0.02872234734928027,0.02937742512739298,-0.04475605262256654,0.97412459037394894,2.89659045020679340,2.63255266937969123,0.93999999999999995,5.28000000000000025
0.02881919202808605,0.02966646810604609,-0.04449183350948154,0.96276056118430697,2.88424717521875884,2.65181121738088388,0.93999999999999995,5.28000000000000025
0.02891489778535062,0.02995427018193732,-0.04422569407189099,0.95134624725599881,2.87177248589775980,2.67095898178474123,0.93999999999999995,5.28000000000000025
0.02900945961899066,0.03024081824107460,-0.04395764544139043,0.93988217718425504,2.85916693269403499,2.68999489864223129,0.93999999999999995,5.28000000000000025
0.02910287258001703,0.03052609922499847,-0.04368769885573771,0.92836888425096220,2.84643107580744115,2.70891790868108018,0.93999999999999995,5.28000000000000025
0.02919513177300147,0.03081010013175633,-0.04341586565837796,0.91680690638530138,2.83356548517345797,2.72772695745176730,0.93999999999999995,5.28000000000000025
0.02928623235653933,0.03109280801687528,-0.04314215729795405,0.90519678612314070,2.82057074044694955,2.74642099547335583,0.93999999999999995,5.28000000000000025
0.02937616954370812,0.03137420999433308,-0.04286658532780245,0.89353907056518656,2.80744743098367744,2.76499897837911224,0.93999999999999995,5.28000000000000025
0.02946493860252190,0.03165429323752730,-0.04258916140543454,0.88183431133390233,2.79419615581956293,2.78345986706186421,0.93999999999999995,5.28000000000000025
0.02955253485638119,0.03193304498024211,-0.04230989729200339,0.87008306452920181,2.78081752364768509,2.80180262781904688,0.93999999999999995,5.28000000000000025
0.02963895368451851,0.03221045251761285,-0.04202880485175607,0.85828589068292571,2.76731215279302001,2.82002623249738704,0.93999999999999995,5.28000000000000025
0.02972419052243921,0.03248650320708778,-0.04174589605147149,0.84644335471211141,2.75368067118490956,2.83812965863717936,0.93999999999999995,5.28000000000000025
0.02980824086235762,0.03276118446938710,-0.04146118295988387,0.83455602587106414,2.73992371632726295,2.85611188961609797,0.93999999999999995,5.28000000000000025
0.02989110025362829,0.03303448378945879,-0.04117467774709180,0.82262447770224123,2.72604193526648775,2.87397191479250047,0.93999999999999995,5.28000000000000025
0.02997276430317238,0.03330638871743118,-0.04088639268395308,0.81064928798595925,2.71203598455715023,2.89170872964816805,0.93999999999999995,5.28000000000000025
0.03005322867589879,0.03357688686956196,-0.04059634014146520,0.79863103868893615,2.69790653022536553,2.90932133593043574,0.93999999999999995,5.28000000000000025
0.03013248909512026,0.03384596592918337,-0.04030453259013179,0.78657031591167970,2.68365424772992034,2.92680874179366057,0.93999999999999995,5.28000000000000025
0.03021054134296401,0.03411361364764350,-0.04001098259931477,0.77446770983473545,2.66927982192112800,2.94416996193997793,0.93999999999999995,5.28000000000000025
0.03028738126077706,0.03437981784524319,-0.03971570283657266,0.76232381466380661,2.65478394699742415,2.96140401775929663,0.93999999999999995,5.28000000000000025
0.03036300474952590,0.03464456641216870,-0.03941870606698479,0.75013922857376036,2.64016732645970453,2.97850993746848181,0.93999999999999995,5.28000000000000025
0.03043740777019061,0.03490784730941947,-0.03912000515246167,0.73791455365153391,2.62543067306341005,2.99548675624967631,0.93999999999999995,5.28000000000000025
0.03051058634415315,0.03516964856973116,-0.03881961305104163,0.72565039583795554,2.61057470876836772,3.01233351638771163,0.93999999999999995,5.28000000000000025
0.03058253655357978,0.03542995829849342,-0.03851754281617367,0.71334736486849581,2.59560016468639532,3.02904926740655522,0.93999999999999995,5.28000000000000025
0.03065325454179754,0.03568876467466246,-0.03821380759598680,0.70100607421296512,2.58050778102667699,3.04563306620475149,0.93999999999999995,5.28000000000000025
0.03072273651366460,0.03594605595166788,-0.03790842063254585,0.68862714101417322,2.56529830703892081,3.06208397718980008,0.93999999999999995,5.28000000000000025
0.03079097873593450,0.03620182045831385,-0.03760139526109387,0.67621118602556829,2.54997250095430816,3.07840107241142791,0.93999999999999995,5.28000000000000025
0.03085797753761400,0.03645604659967419,-0.03729274490928135,0.66375883354787246,2.53453112992424723,3.09458343169370398,0.93999999999999995,5.28000000000000025
0.03092372931031460,0.03670872285798122,-0.03698248309638216,0.65127071136473269,2.51897496995694414,3.11063014276594840,0.93999999999999995,5.28000000000000025
0.03098823050859763,0.03695983779350820,-0.03667062343249659,0.63874745067740357,2.50330480585180393,3.12654030139238959,0.93999999999999995,5.28000000000000025
0.03105147765031265,0.03720938004544509,-0.03635717961774142,0.62618968603848313,2.48752143113167845,3.14231301150052200,0.93999999999999995,5.28000000000000025
0.03111346731692925,0.03745733833276740,-0.03604216544142718,0.61359805528471967,2.47162564797297479,3.15794738530811392,0.93999999999999995,5.28000000000000025
0.03117419615386206,0.03770370145509795,-0.03572559478122291,0.60097319946890970,2.45561826713364217,3.17344254344882293,0.93999999999999995,5.28000000000000025
0.03123366087078896,0.03794845829356137,-0.03540748160230828,0.58831576279090780,2.43950010787905525,3.18879761509637039,0.93999999999999995,5.28000000000000025
0.03129185824196221,0.03819159781163104,-0.03508783995651348,0.57562639252776870,2.42327199790581371,3.20401173808723128,0.93999999999999995,5.28000000000000025
0.03134878510651272,0.03843310905596829,-0.03476668398144687,0.56290573896304341,2.40693477326347471,3.21908405904179107,0.93999999999999995,5.28000000000000025
0.03140443836874711,0.03867298115725371,-0.03444402789961058,0.55015445531525042,2.39048927827424373,3.23401373348392784,0.93999999999999995,5.28000000000000025
0.03145881499843757,0.03891120333101034,-0.03411988601750422,0.53737319766554470,2.37393636545064002,3.24879992595897438,0.93999999999999995,5.28000000000000025
0.03151191203110451,0.03914776487841847,-0.03379427272471700,0.52456262488460670,2.35727689541116625,3.26344181015001755,0.93999999999999995,5.28000000000000025
0.03156372656829180,0.03938265518712197,-0.03346720249300812,0.51172339855877458,2.34051173679399804,3.27793856899249025,0.93999999999999995,5.28000000000000025
0.03161425577783462,0.03961586373202583,-0.03313868987537591,0.49885618291544254,2.32364176616872564,3.29228939478701665,0.93999999999999995,5.28000000000000025
0.03166349689411982,0.03984738007608480,-0.03280874950511575,0.48596164474774950,2.30666786794616874,3.30649348931046694,0.93999999999999995,5.28000000000000025
0.03171144721833867,0.04007719387108297,-0.03247739609486695,0.47304045333858180,2.28959093428629235,3.32055006392518193,0.93999999999999995,5.28000000000000025
0.03175810411873204,0.04030529485840398,-0.03214464443564885,0.46009328038391500,2.27241186500424952,3.33445833968632632,0.93999999999999995,5.28000000000000025
0.03180346503082783,0.04053167286979174,-0.03181050939588622,0.44712079991551856,2.25513156747458376,3.34821754744733280,0.93999999999999995,5.28000000000000025
0.03184752745767065,0.04075631782810153,-0.03147500592042425,0.43412368822304953,2.23775095653361289,3.36182692796339921,0.93999999999999995,5.28000000000000025
0.03189028897004372,0.04097921974804123,-0.03113814902953330,0.42110262377556007,2.22027095438003297,3.37528573199299764,0.93999999999999995,5.28000000000000025
0.03193174720668283,0.04120036873690248,-0.03079995381790354,0.40805828714244480,2.20269249047376592,3.38859322039736055,0.93999999999999995,5.28000000000000025
0.03197189987448243,0.04141975499528173,-0.03046043545362983,0.39499136091385378,2.18501650143308712,3.40174866423791045,0.93999999999999995,5.28000000000000025
0.03201074474869366,0.04163736881779077,-0.03011960917718689,0.38190252962059779,2.16724393093006240,3.41475134487159382,0.93999999999999995,5.28000000000000025
0.03204827967311445,0.04185320059375692,-0.02977749030039507,0.36879247965357198,2.14937572958433032,3.42760055404408703,0.93999999999999995,5.28000000000000025
0.03208450256027143,0.04206724080791232,-0.02943409420537694,0.35566189918272517,2.13141285485526266,3.44029559398084128,0.93999999999999995,5.28000000000000025
0.03211941139159377,0.04227948004107250,-0.02908943634350479,0.34251147807560139,2.11335627093253731,3.45283577747593373,0.93999999999999995,5.28000000000000025
0.03215300421757891,0.04248990897080385,-0.02874353223433947,0.32934190781548123,2.09520694862516121,3.46522042797869245,0.93999999999999995,5.28000000000000025
0.03218527915794994,0.04269851837207995,-0.02839639746456061,0.31615388141915035,2.07696586524897642,3.47744887967806671,0.93999999999999995,5.28000000000000025
0.03221623440180488,0.04290529911792657,-0.02804804768688854,0.30294809335432255,2.05863400451269074,3.48952047758471062,0.93999999999999995,5.28000000000000025
0.03224586820775762,0.04311024218005515,-0.02769849861899808,0.28972523945674544,2.04021235640246568,3.50143457761075583,0.93999999999999995,5.28000000000000025
0.03227417890407055,0.04331333862948481,-0.02734776604242456,0.27648601684701668,2.02170191706510360,3.51319054664724018,0.93999999999999995,5.28000000000000025
0.03230116488877889,0.04351457963715244,-0.02699586580146211,0.26323112384713854,2.00310368868987299,3.52478776263917037,0.93999999999999995,5.28000000000000025
0.03232682462980665,0.04371395647451101,-0.02664281380205460,0.24996125989683921,1.98441867938900840,3.53622561465819274,0.93999999999999995,5.28000000000000025
0.03235115666507420,0.04391146051411583,-0.02628862601067951,0.23667712546968922,1.96564790307692938,3.54750350297284456,0.93999999999999995,5.28000000000000025
0.03237415960259746,0.04410708323019868,-0.02593331845322475,0.22337942198904107,1.94679237934821581,3.55862083911636873,0.93999999999999995,5.28000000000000025
0.03239583212057866,0.04430081619922969,-0.02557690721385895,0.21006885174382076,1.92785313335438313,3.56957704595206282,0.93999999999999995,5.28000000000000025
0.03241617296748869,0.04449265110046680,-0.02521940843389529,0.19674611780419954,1.90883119567949699,3.58037155773614790,0.93999999999999995,5.28000000000000025
0.03243518096214102,0.04468257971649275,-0.02486083831064913,0.18341192393717454,1.88972760221467362,3.59100382017813224,0.93999999999999995,5.28000000000000025
0.03245285499375711,0.04487059393373950,-0.02450121309628982,0.17006697452208674,1.87054339403150371,3.60147329049865528,0.93999999999999995,5.28000000000000025
0.03246919402202348,0.04505668574299986,-0.02414054909668675,0.15671197446610496,1.85127961725444745,3.61177943748479136,0.93999999999999995,5.28000000000000025
0.03248419707714021,0.04524084723992638,-0.02377886267025009,0.14334762911970417,1.83193732293224110,3.62192174154279867,0.93999999999999995,5.28000000000000025
0.03249786325986109,0.04542307062551730,-0.02341617022676632,0.12997464419216695,1.81251756690836174,3.63189969474829599,0.93999999999999995,5.28000000000000025
0.03251019174152524,0.04560334820658953,-0.02305248822622890,0.11659372566713633,1.79302140969059298,3.64171280089385752,0.93999999999999995,5.28000000000000025
0.03252118176408039,0.04578167239623850,-0.02268783317766428,0.10320557971824849,1.77344991631973747,3.65136057553400795,0.93999999999999995,5.28000000000000025
0.03253083264009756,0.04595803571428484,-0.02232222163795361,0.08981091262487376,1.75380415623752017,3.66084254602760861,0.93999999999999995,5.28000000000000025
0.03253914375277754,0.04613243078770791,-0.02195567021065024,0.07641043068799389,1.73408520315372860,3.67015825157762343,0.93999999999999995,5.28000000000000025
0.03254611455594878,0.04630485035106588,-0.02158819554479349,0.06300484014624404,1.71429413491263616,3.67930724326825809,0.93999999999999995,5.28000000000000025
0.03255174457405698,0.04647528724690245,-0.02121981433371873,0.04959484709214726,1.69443203335875303,3.68828908409945821,0.93999999999999995,5.28000000000000025
0.03255603340214631,0.04664373442614021,-0.02085054331386422,0.03618115738856941,1.67449998420195278,3.69710334901876703,0.93999999999999995,5.28000000000000025
0.03255898070583228,0.04681018494846031,-0.02048039926357484,0.02276447658542223,1.65449907688201825,3.70574962495053040,0.93999999999999995,5.28000000000000025
0.03256058622126626,0.04697463198266877,-0.02010939900190310,0.00934550983664203,1.63443040443265630,3.71422751082244851,0.93999999999999995,5.28000000000000025
0.03256084975509178,0.04713706880704895,-0.01973755938740755,-0.00407503818252854,1.61429506334502526,3.72253661758947052,0.93999999999999995,5.28000000000000025
0.03255977118439254,0.04729748880970051,-0.01936489731694900,-0.01749646335792862,1.59409415343082395,3.73067656825502736,0.93999999999999995,5.28000000000000025
0.03255735045663218,0.04745588548886458,-0.01899142972448470,-0.03091806221851014,1.57382877768498752,3.73864699788960486,0.93999999999999995,5.28000000000000025
0.03255358758958585,0.04761225245323523,-0.01861717357986082,-0.04433913201798513,1.55350004214803783,3.74644755364665594,0.93999999999999995,5.28000000000000025
0.03254848267126374,0.04776658342225710,-0.01824214588760349,-0.05775897081606268,1.53310905576813505,3.75407789477585307,0.93999999999999995,5.28000000000000025
0.03254203585982638,0.04791887222640926,-0.01786636368570858,-0.07117687755924959,1.51265693026287651,3.76153769263368387,0.93999999999999995,5.28000000000000025
0.03253424738349198,0.04806911280747527,-0.01748984404443066,-0.08459215216118866,1.49214477998089157,3.76882663069139445,0.93999999999999995,5.28000000000000025
0.03252511754043570,0.04821729921879932,-0.01711260406507118,-0.09800409558250900,1.47157372176327672,3.77594440454028346,0.93999999999999995,5.28000000000000025
0.03251464669868095,0.04836342562552854,-0.01673466087876637,-0.11141200991016305,1.45094487480491985,3.78289072189435460,0.93999999999999995,5.28000000000000025
0.03250283529598287,0.04850748630484149,-0.01635603164527486,-0.12481519843622541,1.43025936051575941,3.78966530259033441,0.93999999999999995,5.28000000000000025
0.03248968383970387,0.04864947564616266,-0.01597673355176563,-0.13821296573612851,1.40951830238202391,3.79626787858506276,0.93999999999999995,5.28000000000000025
0.03247519290668140,0.04878938815136323,-0.01559678381160613,-0.15160461774631123,1.38872282582750040,3.80269819395026776,0.93999999999999995,5.28000000000000025
0.03245936314308801,0.04892721843494783,-0.01521619966315122,-0.16498946184125582,1.36787405807487494,3.80895600486473196,0.93999999999999995,5.28000000000000025
0.03244219526428373,0.04906296122422755,-0.01483499836853297,-0.17836680690989029,1.34697312800719460,3.81504107960386518,0.93999999999999995,5.28000000000000025
0.03242369005466078,0.04919661135947902,-0.01445319721245159,-0.19173596343133228,1.32602116602949271,3.82095319852669579,0.93999999999999995,5.28000000000000025
0.03240384836748086,0.04932816379408974,-0.01407081350096786,-0.20509624354995204,1.30501930393062660,3.82669215406029206,0.93999999999999995,5.28000000000000025
0.03238267112470487,0.04945761359468951,-0.01368786456029718,-0.21844696114973178,1.28396867474536913,3.83225775068163221,0.93999999999999995,5.28000000000000025
0.03236015931681522,0.04958495594126818,-0.01330436773560561,-0.23178743192789952,1.26287041261680266,3.83764980489693608,0.93999999999999995,5.28000000000000025
0.03233631400263094,0.04971018612727961,-0.01292034038980810,-0.24511697346781552,1.24172565265905654,3.84286814521847697,0.93999999999999995,5.28000000000000025
0.03231113630911539,0.04983329955973193,-0.01253579990236911,-0.25843490531109042,1.22053553082043487,3.84791261213889157,0.93999999999999995,5.28000000000000025
0.03228462743117688,0.04995429175926408,-0.01215076366810599,-0.27174054902891409,1.19930118374697625,3.85278305810300603,0.93999999999999995,5.28000000000000025
0.03225678863146218,0.05007315836020886,-0.01176524909599526,-0.28503322829257466,1.17802374864648995,3.85747934747720134,0.93999999999999995,5.28000000000000025
0.03222762124014302,0.05018989511064229,-0.01137927360798209,-0.29831226894314855,1.15670436315311154,3.86200135651633403,0.93999999999999995,5.28000000000000025
0.03219712665469568,0.05030449787241949,-0.01099285463779323,-0.31157699906034120,1.13534416519241987,3.86634897332823790,0.93999999999999995,5.28000000000000025
0.03216530633967367,0.05041696262119712,-0.01060600962975354,-0.32482674903046005,1.11394429284715746,3.87052209783582946,0.93999999999999995,5.28000000000000025
0.03213216182647376,0.05052728544644237,-0.01021875603760651,-0.33806085161350152,1.09250588422359662,3.87452064173684052,0.93999999999999995,5.28000000000000025
0.03209769471309527,0.05063546255142875,-0.00983111132333889,-0.35127864200933318,1.07103007731859079,3.87834452846120037,0.93999999999999995,5.28000000000000025
0.03206190666389281,0.05074149025321842,-0.00944309295600970,-0.36447945792295461,1.04951800988735355,3.88199369312609655,0.93999999999999995,5.28000000000000025
0.03202479940932256,0.05084536498263151,-0.00905471841058380,-0.37766263962881930,1.02797081931200296,3.88546808248874020,0.93999999999999995,5.28000000000000025
0.03198637474568214,0.05094708328420229,-0.00866600516677041,-0.39082753003420123,1.00638964247091334,3.88876765489685994,0.93999999999999995,5.28000000000000025
0.03194663453484418,0.05104664181612223,-0.00827697070786660,-0.40397347474159029,0.98477561560891069,3.89189238023695783,0.93999999999999995,5.28000000000000025
0.03190558070398376,0.05114403735017025,-0.00788763251960607,-0.41709982211010099,0.96312987420835161,3.89484223988035128,0.93999999999999995,5.28000000000000025
0.03186321524529968,0.05123926677163004,-0.00749800808901350,-0.43020592331587942,0.94145355286112253,3.89761722662703347,0.93999999999999995,5.28000000000000025
0.03181954021572980,0.05133232707919465,-0.00710811490326455,-0.44329113241149420,0.91974778514159694,3.90021734464738135,0.93999999999999995,5.28000000000000025
0.03177455773666046,0.05142321538485845,-0.00671797044855181,-0.45635480638429743,0.89801370348058618,3.90264260942174523,0.93999999999999995,5.28000000000000025
0.03172826999363015,0.05151192891379650,-0.00632759220895697,-0.46939630521374232,0.87625243904031980,3.90489304767794687,0.93999999999999995,5.28000000000000025
0.03168067923602743,0.05159846500423146,-0.00593699766532921,-0.48241499192764453,0.85446512159049048,3.90696869732672303,0.93999999999999995,5.28000000000000025
0.03163178777678340,0.05168282110728824,-0.00554620429417028,-0.49541023265737505,0.83265287938539823,3.90886960739514544,0.93999999999999995,5.28000000000000025
0.03158159799205854,0.05176499478683631,-0.00515522956652625,-0.50838139669197302,0.81081683904222612,3.91059583795805255,0.93999999999999995,5.28000000000000025
0.03153011232092436,0.05184498371932000,-0.00476409094688623,-0.52132785653116653,0.78895812542048249,3.91214746006752545,0.93999999999999995,5.28000000000000025
0.03147733326503968,0.05192278569357669,-0.00437280589208830,-0.53424898793729214,0.76707786150263968,3.91352455568044544,0.93999999999999995,5.28000000000000025
0.03142326338832185,0.05199839861064327,-0.00398139185023268,-0.54714416998610127,0.74517716827600233,3.91472721758416631,0.93999999999999995,5.28000000000000025
0.03136790531661289,0.05207182048355069,-0.00358986625960251,-0.56001278511644492,0.72325716461583522,3.91575554932033976,0.93999999999999995,5.28000000000000025
0.03131126173734074,0.05214304943710703,-0.00319824654759228,-0.57285421917882784,0.70131896716978037,3.91660966510692932,0.93999999999999995,5.28000000000000025
0.03125333539917573,0.05221208370766899,-0.00280655012964419,-0.58566786148282268,0.67936369024359322,3.91728968975844927,0.93999999999999995,5.28000000000000025
0.03119412911168238,0.05227892164290200,-0.00241479440819255,-0.59845310484333702,0.65739244568822575,3.91779575860446938,0.93999999999999995,5.28000000000000025
0.03113364574496652,0.05234356170152924,-0.00202299677161641,-0.61120934562572560,0.63540634278828412,3.91812801740641747,0.93999999999999995,5.28000000000000025
0.03107188822931812,0.05240600245306941,-0.00163117459320065,-0.62393598378974024,0.61340648815188825,3.91828662227272639,0.93999999999999995,5.28000000000000025
0.03100885955484965,0.05246624257756367,-0.00123934523010549,-0.63663242293231248,0.59139398560195866,3.91827173957235519,0.93999999999999995,5.28000000000000025
0.03094456277113030,0.05252428086529173,-0.00084752602234496,-0.64929807032916143,0.56936993606895614,3.91808354584673157,0.93999999999999995,5.28000000000000025
0.03087900098681604,0.05258011621647734,-0.00045573429177399,-0.66193233697522313,0.54733543748509872,3.91772222772015022,0.93999999999999995,5.28000000000000025
0.03081217736927578,0.05263374764098316,-0.00006398734108476,-0.67453463762389521,0.52529158468007908,3.91718798180866878,0.93999999999999995,5.28000000000000025
0.03074409514421354,0.05268517425799543,0.00032769754718789,-0.68710439082509400,0.50323946927830576,3.91648101462754061,0.93999999999999995,5.28000000000000025
0.03067475759528701,0.05273439529569836,0.00071930311165171,-0.69964101896211917,0.48118017959769011,3.91560154249722636,0.93999999999999995,5.28000000000000025
0.03060416806372236,0.05278141009093843,0.00111081211303279,-0.71214394828732375,0.45911480054999931,3.91454979144802184,0.93999999999999995,5.28000000000000025
0.03053232994792567,0.05282621808887893,0.00150220733514169,-0.72461260895658575,0.43704441354279688,3.91332599712334694,0.93999999999999995,5.28000000000000025
0.03045924670309082,0.05286881884264464,0.00189347158582993,-0.73704643506258050,0.41497009638298943,3.91193040468173425,0.93999999999999995,5.28000000000000025
0.03038492184080428,0.05290921201295707,0.00228458769793648,-0.74944486466685067,0.39289292318199837,3.91036326869755779,0.93999999999999995,5.28000000000000025
0.03030935892864661,0.05294739736776020,0.00267553853022435,-0.76180733983067439,0.37081396426257490,3.90862485306054497,0.93999999999999995,5.28000000000000025
0.03023256158979101,0.05298337478183701,0.00306630696830709,-0.77413330664472901,0.34873428606727475,3.90671543087411255,0.93999999999999995,5.28000000000000025
0.03015453350259898,0.05301714423641701,0.00345687592556498,-0.78642221525755196,0.32665495106860903,3.90463528435256801,0.93999999999999995,5.28000000000000025
0.03007527840021310,0.05304870581877474,0.00384722834405095,-0.79867351990279800,0.30457701768088663,3.90238470471721710,0.93999999999999995,5.28000000000000025
0.02999480007014725,0.05307805972181969,0.00423734719538604,-0.81088667892529398,0.28250154017376256,3.89996399209142108,0.93999999999999995,5.28000000000000025
0.02991310235387423,0.05310520624367752,0.00462721548164432,-0.82306115480589259,0.26042956858750599,3.89737345539464330,0.93999999999999995,5.28000000000000025
0.02983018914641097,0.05313014578726298,0.00501681623622717,-0.83519641418512636,0.23836214865000099,3.89461341223552759,0.93999999999999995,5.28000000000000025
0.02974606439590141,0.05315287885984461,0.00540613252472679,-0.84729192788566465,0.21630032169549174,3.89168418880405120,0.93999999999999995,5.28000000000000025
0.02966073210319723,0.05317340607260138,0.00579514744577893,-0.85934717093357560,0.19424512458508372,3.88858611976279134,0.93999999999999995,5.28000000000000025
0.02957419632143650,0.05319172814017143,0.00618384413190465,-0.87136162257839667,0.17219758962901144,3.88531954813734792,0.93999999999999995,5.28000000000000025
0.02948646115562034,0.05320784588019325,0.00657220575034115,-0.88333476631201735,0.15015874451068190,3.88188482520596612,0.93999999999999995,5.28000000000000025
0.02939753076218787,0.05322176021283921,0.00696021550386142,-0.89526608988637735,0.12812961221250316,3.87828231038839633,0.93999999999999995,5.28000000000000025
0.02930740934858927,0.05323347216034185,0.00734785663158289,-0.90715508532998512,0.10611121094350569,3.87451237113403435,0.93999999999999995,5.28000000000000025
0.02921610117285744,0.05324298284651301,0.00773511240976468,-0.91900124896326185,0.08410455406876394,3.87057538280938473,0.93999999999999995,5.28000000000000025
0.02912361054317802,0.05325029349625593,0.00812196615259374,-0.93080408141271476,0.06211065004062474,3.86647172858488419,0.93999999999999995,5.28000000000000025
0.02902994181745816,0.05325540543507069,0.00850840121295949,-0.94256308762394736,0.04013050233174800,3.86220179932112906,0.93999999999999995,5.28000000000000025
0.02893509940289398,0.05325832008855291,0.00889440098321719,-0.95427777687351034,0.01816510936996490,3.85776599345454585,0.93999999999999995,5.28000000000000025
0.02883908775553697,0.05325903898188611,0.00927994889593972,-0.96594766277960142,-0.00378453552504234,3.85316471688254492,0.93999999999999995,5.28000000000000025
0.02874191137985930,0.05325756373932780,0.00966502842465796,-0.97757226331161950,-0.02571744420323552,3.84839838284819891,0.93999999999999995,5.28000000000000025
0.02864357482831829,0.05325389608368952,0.01004962308458957,-0.98915110079858082,-0.04763263374388779,3.84346741182448204,0.93999999999999995,5.28000000000000025
0.02854408270092006,0.05324803783581101,0.01043371643335613,-1.00068370193640477,-0.06952912651342105,3.83837223139811545,0.93999999999999995,5.28000000000000025
0.02844343964478255,0.05323999091402864,0.01081729207168878,-1.01216959779407634,-0.09140595022141230,3.83311327615305109,0.93999999999999995,5.28000000000000025
0.02834165035369792,0.05322975733363842,0.01120033364412200,-1.02360832381869415,-0.11326213797476822,3.82769098755363846,0.93999999999999995,5.28000000000000025
0.02823871956769455,0.05321733920635362,0.01158282483967586,-1.03499941983941168,-0.13509672833006822,3.82210581382751036,0.93999999999999995,5.28000000000000025
0.02813465207259867,0.05320273873975725,0.01196474939252649,-1.04634243007028149,-0.15690876534407666,3.81635820984822471,0.93999999999999995,5.28000000000000025
0.02802945269959579,0.05318595823674958,0.01234609108266475,-1.05763690311201031,-0.17869729862242578,3.81044863701770353,0.93999999999999995,5.28000000000000025
0.02792312632479199,0.05316700009499094,0.01272683373654321,-1.06888239195263535,-0.20046138336647146,3.80437756314850395,0.93999999999999995,5.28000000000000025
0.02781567786877518,0.05314586680633985,0.01310696122771132,-1.08007845396713043,-0.22220008041832456,3.79814546234595740,0.93999999999999995,5.28000000000000025
0.02770711229617649,0.05312256095628676,0.01348645747743880,-1.09122465091595333,-0.24391245630406144,3.79175281489021909,0.93999999999999995,5.28000000000000025
0.02759743461523182,0.05309708522338358,0.01386530645532718,-1.10232054894254250,-0.26559758327511751,3.78520010711825572,0.93999999999999995,5.28000000000000025
0.02748664987734373,0.05306944237866917,0.01424349217990964,-1.11336571856977606,-0.28725453934786860,3.77848783130581589,0.93999999999999995,5.28000000000000025
0.02737476317664371,0.05303963528509091,0.01462099871923894,-1.12435973469540107,-0.30888240834140546,3.77161648554941165,0.93999999999999995,5.28000000000000025
0.02726177964955494,0.05300766689692264,0.01499781019146362,-1.13530217658644617,-0.33048027991350731,3.76458657364835059,0.93999999999999995,5.28000000000000025
0.02714770447435573,0.05297354025917905,0.01537391076539237,-1.14619262787262732,-0.35204724959482070,3.75739860498685152,0.93999999999999995,5.28000000000000025
0.02703254287074358,0.05293725850702675,0.01574928466104664,-1.15703067653875968,-0.37358241882125076,3.75005309441627732,0.93999999999999995,5.28000000000000025
0.02691630009940012,0.05289882486519224,0.01612391615020150,-1.16781591491618442,-0.39508489496457283,3.74255056213751969,0.93999999999999995,5.28000000000000025
0.02679898146155688,0.05285824264736683,0.01649778955691464,-1.17854793967322546,-0.41655379136127191,3.73489153358356640,0.93999999999999995,5.28000000000000025
0.02668059229856219,0.05281551525560879,0.01687088925804382,-1.18922635180468572,-0.43798822733961895,3.72707653930228844,0.93999999999999995,5.28000000000000025
0.02656113799144901,0.05277064617974295,0.01724319968375243,-1.19985075662039642,-0.45938732824499340,3.71910611483947440,0.93999999999999995,5.28000000000000025
0.02644062396050410,0.05272363899675774,0.01761470531800347,-1.21042076373283036,-0.48075022546346086,3.71098080062214564,0.93999999999999995,5.28000000000000025
0.02631905566483838,0.05267449737020000,0.01798539069904186,-1.22093598704379369,-0.50207605644361686,3.70270114184218402,0.93999999999999995,5.28000000000000025
0.02619643860195871,0.05262322504956779,0.01835524041986511,-1.23139604473020658,-0.52336396471670688,3.69426768834030073,0.93999999999999995,5.28000000000000025
0.02607277830734114,0.05256982586970111,0.01872423912868244,-1.24180055922898669,-0.54461309991503382,3.68568099449037989,0.93999999999999995,5.28000000000000025
0.02594808035400569,0.05251430375017098,0.01909237152936230,-1.25214915722104925,-0.56582261778866416,3.67694161908422190,0.93999999999999995,5.28000000000000025
0.02582235035209278,0.05245666269466689,0.01945962238186841,-1.26244146961443460,-0.58699168022044557,3.66805012521671792,0.93999999999999995,5.28000000000000025
0.02569559394844140,0.05239690679038284,0.01982597650268441,-1.27267713152657813,-0.60811945523934685,3.65900708017148535,0.93999999999999995,5.28000000000000025
0.02556781682616911,0.05233504020740215,0.02019141876522695,-1.28285578226573538,-0.62920511703213489,3.64981305530698918,0.93999999999999995,5.28000000000000025
0.02543902470425391,0.05227106719808113,0.02055593410024757,-1.29297706531157464,-0.65024784595339979,3.64046862594317844,0.93999999999999995,5.28000000000000025
0.02530922333711808,0.05220499209643188,0.02091950749622315,-1.30304062829495293,-0.67124682853394324,3.63097437124866351,0.93999999999999995,5.28000000000000025
0.02517841851421416,0.05213681931750436,0.02128212399973521,-1.31304612297688550,-0.69220125748754324,3.62133087412846200,0.93999999999999995,5.28000000000000025
0.02504661605961296,0.05206655335676773,0.02164376871583793,-1.32299320522672614,-0.71311033171610938,3.61153872111233731,0.93999999999999995,5.28000000000000025
0.02491382183159390,0.05199419878949143,0.02200442680841508,-1.33288153499956863,-0.73397325631324362,3.60159850224375511,0.93999999999999995,5.28000000000000025
0.02478004172223754,0.05191976027012585,0.02236408350052582,-1.34271077631288493,-0.75478924256622115,3.59151081096948444,0.93999999999999995,5.28000000000000025
0.02464528165702060,0.05184324253168297,0.02272272407473963,-1.35248059722241409,-0.77555750795640654,3.58127624402986244,0.93999999999999995,5.28000000000000025
0.02450954759441335,0.05176465038511693,0.02308033387346014,-1.36219066979731407,-0.79627727615812049,3.57089540134975358,0.93999999999999995,5.28000000000000025
0.02437284552547952,0.05168398871870493,0.02343689829923815,-1.37184067009459176,-0.81694777703597343,3.56036888593021850,0.93999999999999995,5.28000000000000025
0.02423518147347885,0.05160126249742835,0.02379240281507391,-1.38143027813282493,-0.83756824664068141,3.54969730374092007,0.93999999999999995,5.28000000000000025
0.02409656149347225,0.05151647676235442,0.02414683294470862,-1.39095917786518819,-0.85813792720338056,3.53888126361328581,0.93999999999999995,5.28000000000000025
0.02395699167192975,0.05142963663001853,0.02450017427290528,-1.40042705715179983,-0.87865606712845712,3.52792137713444864,0.93999999999999995,5.28000000000000025
0.02381647812634119,0.05134074729180733,0.02485241244571899,-1.40983360773140065,-0.89912192098490917,3.51681825854198715,0.93999999999999995,5.28000000000000025
0.02367502700482980,0.05124981401334273,0.02520353317075679,-1.41917852519238097,-0.91953474949625713,3.50557252461948332,0.93999999999999995,5.28000000000000025
0.02353264448576874,0.05115684213386708,0.02555352221742704,-1.42846150894316692,-0.93989381952902018,3.49418479459291875,0.93999999999999995,5.28000000000000025
0.02338933677740057,0.05106183706562942,0.02590236541717856,-1.43768226218198270,-0.96019840407977619,3.48265569002793018,0.93999999999999995,5.28000000000000025
0.02324511011745982,0.05096480429327323,0.02625004866372943,-1.44684049186600072,-0.98044778226082163,3.47098583472793676,0.93999999999999995,5.28000000000000025
0.02309997077279866,0.05086574937322565,0.02659655791328580,-1.45593590867989442,-1.00064123928445059,3.45917585463316302,0.93999999999999995,5.28000000000000025
0.02295392503901577,0.05076467793308827,0.02694187918475046,-1.46496822700380647,-1.02077806644586877,3.44722637772057272,0.93999999999999995,5.28000000000000025
0.02280697924008837,0.05066159567102978,0.02728599855992163,-1.47393716488074689,-1.04085756110476213,3.43513803390472727,0.93999999999999995,5.28000000000000025
0.02265913972800764,0.05055650835518050,0.02762890218368176,-1.48284244398343490,-1.06087902666553724,3.42291145493958915,0.93999999999999995,5.28000000000000025
0.02251041288241739,0.05044942182302894,0.02797057626417662,-1.49168378958059655,-1.08084177255625113,3.41054727432128502,0.93999999999999995,5.28000000000000025
0.02236080511025618,0.05034034198082057,0.02831100707298466,-1.50046093050273388,-1.10074511420625010,3.39804612719183963,0.93999999999999995,5.28000000000000025
0.02221032284540289,0.05022927480295880,0.02865018094527689,-1.50917359910737692,-1.12058837302253389,3.38540865024390092,0.93999999999999995,5.28000000000000025
0.02205897254832575,0.05011622633140853,0.02898808427996714,-1.51782153124383301,-1.14037087636486567,3.37263548162646654,0.93999999999999995,5.28000000000000025
0.02190676070573495,0.05000120267510209,0.02932470353985311,-1.52640446621744741,-1.16009195751964445,3.35972726085162554,0.93999999999999995,5.28000000000000025
0.02175369383023889,0.04988421000934802,0.02966002525174800,-1.53492214675338534,-1.17975095567255961,3.34668462870232997,0.93999999999999995,5.28000000000000025
0.02159977846000393,0.04976525457524247,0.02999403600660303,-1.54337431895995314,-1.19934721588004511,3.33350822714120598,0.93999999999999995,5.28000000000000025
0.02144502115841804,0.04964434267908367,0.03032672245962093,-1.55176073229146705,-1.21888008903955281,3.32019869922041977,0.93999999999999995,5.28000000000000025
0.02128942851375799,0.04952148069178931,0.03065807133036039,-1.56008113951068594,-1.23834893185866224,3.30675668899260788,0.93999999999999995,5.28000000000000025
0.02113300713886044,0.04939667504831716,0.03098806940283172,-1.56833529665081839,-1.25775310682304675,3.29318284142288142,0.93999999999999995,5.28000000000000025
0.02097576367079682,0.04926993224708891,0.03131670352558375,-1.57652296297711825,-1.27709198216331399,3.27947780230191732,0.93999999999999995,5.28000000000000025
0.02081770477055203,0.04914125884941735,0.03164396061178207,-1.58464390094807994,-1.29636493182073820,3.26564221816014699,0.93999999999999995,5.28000000000000025
0.02065883712270710,0.04901066147893707,0.03196982763927875,-1.59269787617624803,-1.31557133541190452,3.25167673618304631,0.93999999999999995,5.28000000000000025
0.02049916743512574,0.04887814682103876,0.03229429165067371,-1.60068465738865084,-1.33471057819228256,3.23758200412754515,0.93999999999999995,5.28000000000000025
0.02033870243864490,0.04874372162230717,0.03261733975336764,-1.60860401638687200,-1.35378205101874838,3.22335867023955513,0.93999999999999995,5.28000000000000025
0.02017744888676933,0.04860739268996291,0.03293895911960693,-1.61645572800677173,-1.37278515031107284,3.20900738317263157,0.93999999999999995,5.28000000000000025
0.02001541355537015,0.04846916689130808,0.03325913698652034,-1.62423957007786912,-1.39171927801239415,3.19452879190777406,0.93999999999999995,5.28000000000000025
0.01985260324238758,0.04832905115317602,0.03357786065614779,-1.63195532338239735,-1.41058384154869421,3.17992354567437152,0.93999999999999995,5.28000000000000025
0.01968902476753767,0.04818705246138502,0.03389511749546133,-1.63960277161404466,-1.42937825378729499,3.16519229387230006,0.93999999999999995,5.28000000000000025
0.01952468497202328,0.04804317786019636,0.03421089493637830,-1.64718170133639075,-1.44810193299439516,3.15033568599518299,0.93999999999999995,5.28000000000000025
0.01935959071824914,0.04789743445177654,0.03452518047576696,-1.65469190194105154,-1.46675430279166297,3.13535437155481267,0.93999999999999995,5.28000000000000025
0.01919374888954119,0.04774982939566399,0.03483796167544452,-1.66213316560554181,-1.48533479211190400,3.12024900000674421,0.93999999999999995,5.28000000000000025
0.01902716638987008,0.04760036990824015,0.03514922616216791,-1.66950528725086933,-1.50384283515382222,3.10502022067706607,0.93999999999999995,5.28000000000000025
0.01885985014357896,0.04744906326220526,0.03545896162761717,-1.67680806449886810,-1.52227787133589088,3.08966868269035055,0.93999999999999995,5.28000000000000025
0.01869180709511554,0.04729591678605862,0.03576715582837177,-1.68404129762928445,-1.54063934524935076,3.07419503489878965,0.93999999999999995,5.28000000000000025
0.01852304420876848,0.04714093786358381,0.03607379658587986,-1.69120478953662445,-1.55892670661035493,3.05859992581251916,0.93999999999999995,5.28000000000000025
0.01835356846840802,0.04698413393333855,0.03637887178642066,-1.69829834568677418,-1.57713941021127346,3.04288400353113797,0.93999999999999995,5.28000000000000025
0.01818338687723109,0.04682551248814957,0.03668236938106002,-1.70532177407340324,-1.59527691587118015,3.02704791567642095,0.93999999999999995,5.28000000000000025
0.01801250645751068,0.04666508107461246,0.03698427738559928,-1.71227488517416027,-1.61333868838553318,3.01109230932623229,0.93999999999999995,5.28000000000000025
0.01784093425034964,0.04650284729259656,0.03728458388051770,-1.71915749190667189,-1.63132419747507051,2.99501783094964047,0.93999999999999995,5.28000000000000025
0.01766867731543889,0.04633881879475506,0.03758327701090833,-1.72596940958435408,-1.64923291773393399,2.97882512634323726,0.93999999999999995,5.28000000000000025
0.01749574273082011,0.04617300328604020,0.03788034498640765,-1.73271045587204542,-1.66706432857703946,2.96251484056866321,0.93999999999999995,5.28000000000000025
0.01732213759265272,0.04600540852322397,0.03817577608111902,-1.73938045074147318,-1.68481791418670990,2.94608761789134066,0.93999999999999995,5.28000000000000025
0.01714786901498554,0.04583604231442397,0.03846955863352998,-1.74597921642655796,-1.70249316345858559,2.92954410172041424,0.93999999999999995,5.28000000000000025
0.01697294412953272,0.04566491251863486,0.03876168104642375,-1.75250657737857063,-1.72008956994682949,2.91288493454990505,0.93999999999999995,5.28000000000000025
0.01679737008545430,0.04549202704526528,0.03905213178678479,-1.75896236022114705,-1.73760663180864205,2.89611075790107275,0.93999999999999995,5.28000000000000025
0.01662115404914121,0.04531739385368032,0.03934089938569866,-1.76534639370516944,-1.75504385174810107,2.87922221226599140,0.93999999999999995,5.28000000000000025
0.01644430320400484,0.04514102095274968,0.03962797243824639,-1.77165850866352592,-1.77240073695934219,2.86221993705233535,0.93999999999999995,5.28000000000000025
0.01626682475027106,0.04496291640040155,0.03991333960339329,-1.77789853796575281,-1.78967679906909560,2.84510457052937848,0.93999999999999995,5.28000000000000025
0.01608872590477884,0.04478308830318223,0.04019698960387249,-1.78406631647257075,-1.80687155407859223,2.82787674977520442,0.93999999999999995,5.28000000000000025
0.01591001390078343,0.04460154481582160,0.04047891122606319,-1.79016168099032025,-1.82398452230485519,2.81053711062512779,0.93999999999999995,5.28000000000000025
0.01573069598776407,0.04441829414080454,0.04075909331986390,-1.79618447022530803,-1.84101522832139164,2.79308628762132605,0.93999999999999995,5.28000000000000025
0.01555077943123626,0.04423334452794823,0.04103752479856062,-1.80213452473806712,-1.85796320089829692,2.77552491396368195,0.93999999999999995,5.28000000000000025
0.01537027151256867,0.04404670427398555,0.04131419463869024,-1.80801168689754288,-1.87482797294178760,2.75785362146183299,0.93999999999999995,5.28000000000000025
0.01518917952880453,0.04385838172215447,0.04158909187989913,-1.81381580083520921,-1.89160908143317497,2.74007304048842792,0.93999999999999995,5.28000000000000025
0.01500751079248775,0.04366838526179365,0.04186220562479719,-1.81954671239912269,-1.90830606736729358,2.72218379993359072,0.93999999999999995,5.28000000000000025
0.01482527263149350,0.04347672332794416,0.04213352503880733,-1.82520426910792333,-1.92491847569039853,2.70418652716058672,0.93999999999999995,5.28000000000000025
0.01464247238886347,0.04328340440095751,0.04240303935001068,-1.83078832010478632,-1.94144585523754265,2.68608184796269134,0.93999999999999995,5.28000000000000025
0.01445911742264574,0.04308843700610987,0.04267073784898740,-1.83629871611133288,-1.95788775866944942,2.66787038652125874,0.93999999999999995,5.28000000000000025
0.01427521510573922,0.04289182971322271,0.04293660988865353,-1.84173530938150676,-1.97424374240889033,2.64955276536498952,0.93999999999999995,5.28000000000000025
0.01409077282574273,0.04269359113628978,0.04320064488409366,-1.84709795365542151,-1.99051336657658307,2.63112960533039208,0.93999999999999995,5.28000000000000025
0.01390579798480870,0.04249372993311057,0.04346283231238983,-1.85238650411318662,-2.00669619492661866,2.61260152552343783,0.93999999999999995,5.28000000000000025
0.01372029799950148,0.04229225480493018,0.04372316171244661,-1.85760081732871596,-2.02279179478143245,2.59396914328240769,0.93999999999999995,5.28000000000000025
0.01353428030066025,0.04208917449608579,0.04398162268481251,-1.86274075122352678,-2.03879973696632888,2.57523307414192493,0.93999999999999995,5.28000000000000025
0.01334775233326658,0.04188449779365964,0.04423820489149784,-1.86780616502053309,-2.05471959574357221,2.55639393179817365,0.93999999999999995,5.28000000000000025
0.01316072155631663,0.04167823352713866,0.04449289805578923,-1.87279691919783997,-2.07055094874605317,2.53745232807530030,0.93999999999999995,5.28000000000000025
0.01297319544269788,0.04147039056808074,0.04474569196206074,-1.87771287544254384,-2.08629337691054273,2.51840887289299165,0.93999999999999995,5.28000000000000025
0.01278518147907060,0.04126097782978771,0.04499657645558190,-1.88255389660454298,-2.10194646441054545,2.49926417423523173,0.93999999999999995,5.28000000000000025
0.01259668716575385,0.04105000426698499,0.04524554144232256,-1.88731984665036512,-2.11750979858875743,2.48001883812022816,0.93999999999999995,5.28000000000000025
0.01240772001661612,0.04083747887550813,0.04549257688875493,-1.89201059061701460,-2.13298296988914737,2.46067346857151126,0.93999999999999995,5.28000000000000025
0.01221828755897061,0.04062341069199606,0.04573767282165265,-1.89662599456584569,-2.14836557178866139,2.44122866759019752,0.93999999999999995,5.28000000000000025
0.01202839733347508,0.04040780879359120,0.04598081932788725,-1.90116592553646613,-2.16365720072856682,2.42168503512841538,0.93999999999999995,5.28000000000000025
0.01183805689403633,0.04019068229764654,0.04622200655422197,-1.90563025150067356,-2.17885745604544256,2.40204316906389215,0.93999999999999995,5.28000000000000025
0.01164727380771930,0.03997204036143952,0.04646122470710307,-1.91001884131643185,-2.19396593990182609,2.38230366517569614,0.93999999999999995,5.28000000000000025
0.01145605565466075,0.03975189218189291,0.04669846405244881,-1.91433156468188925,-2.20898225721652341,2.36246711712113067,0.93999999999999995,5.28000000000000025
0.01126441002798750,0.03953024699530273,0.04693371491543620,-1.91856829208944291,-2.22390601559459178,2.34253411641377829,0.93999999999999995,5.28000000000000025
0.01107234453373935,0.03930711407707309,0.04716696768028553,-1.92272889477985309,-2.23873682525700435,2.32250525240269035,0.93999999999999995,5.28000000000000025
0.01087986679079652,0.03908250274145816,0.04739821279004294,-1.92681324469641191,-2.25347429897000451,2.30238111225271824,0.93999999999999995,5.28000000000000025
0.01068698443081168,0.03885642234131119,0.04762744074636110,-1.93082121443916854,-2.26811805197415461,2.28216228092598428,0.93999999999999995,5.28000000000000025
0.01049370509814655,0.03862888226784060,0.04785464210927799,-1.93475267721921496,-2.28266770191309032,2.26184934116448710,0.93999999999999995,5.28000000000000025
0.01030003644981309,0.03839989195037329,0.04807980749699411,-1.93860750681303529,-2.29712286876198624,2.24144287347383875,0.93999999999999995,5.28000000000000025
0.01010598615541926,0.03816946085612503,0.04830292758564809,-1.94238557751692209,-2.31148317475573917,2.22094345610813093,0.93999999999999995,5.28000000000000025
0.00991156189711929,0.03793759848997817,0.04852399310909078,-1.94608676410146120,-2.32574824431687688,2.20035166505592761,0.93999999999999995,5.28000000000000025
0.00971677136956852,0.03770431439426637,0.04874299485865807,-1.94971094176608961,-2.33991770398319643,2.17966807402737572,0.93999999999999995,5.28000000000000025
0.00952162227988281,0.03746961814856684,0.04895992368294246,-1.95325798609372780,-2.35399118233514137,2.15889325444243818,0.93999999999999995,5.28000000000000025
0.00932612234760242,0.03723351936949959,0.04917477048756347,-1.95672777300548972,-2.36796830992292273,2.13802777542024103,0.93999999999999995,5.28000000000000025
0.00913027930466050,0.03699602771053422,0.04938752623493711,-1.96012017871547206,-2.38184871919338637,2.11707220376953309,0.93999999999999995,5.28000000000000025
0.00893410089535599,0.03675715286180382,0.04959818194404439,-1.96343507968562547,-2.39563204441663613,2.09602710398025360,0.93999999999999995,5.28000000000000025
0.00873759487633116,0.03651690454992641,0.04980672869019905,-1.96667235258070994,-2.40931792161241676,2.07489303821620874,0.93999999999999995,5.28000000000000025
0.00854076901655350,0.03627529253783362,0.05001315760481464,-1.96983187422333672,-2.42290598847625915,2.05367056630885036,0.93999999999999995,5.28000000000000025
0.00834363109730224,0.03603232662460681,0.05021745987517103,-1.97291352154909716,-2.43639588430539611,2.03236024575215479,0.93999999999999995,5.28000000000000025
0.00814618891215925,0.03578801664532065,0.05041962674418043,-1.97591717156178204,-2.44978724992445018,2.01096263169860245,0.93999999999999995,5.28000000000000025
0.00794845026700449,0.03554237247089406,0.05061964951015312,-1.97884270128869133,-2.46307972761089955,1.98947827695624979,0.93999999999999995,5.28000000000000025
0.00775042298001585,0.03529540400794870,0.05081751952656285,-1.98168998773603788,-2.47627296102032446,1.96790773198689783,0.93999999999999995,5.28000000000000025
0.00755211488167355,0.03504712119867488,0.05101322820181222,-1.98445890784444501,-2.48936659511143832,1.94625154490534946,0.93999999999999995,5.28000000000000025
0.00735353381476883,0.03479753402070501,0.05120676699899798,-1.98714933844453934,-2.50236027607090650,1.92451026147975779,0.93999999999999995,5.28000000000000025
0.00715468763441724,0.03454665248699459,0.05139812743567639,-1.98976115621264094,-2.51525365123795908,1.90268442513305946,0.93999999999999995,5.28000000000000025
0.00695558420807625,0.03429448664571072,0.05158730108362888,-1.99229423762655111,-2.52804636902879309,1.88077457694549532,0.93999999999999995,5.28000000000000025
0.00675623141556732,0.03404104658012817,0.05177427956862789,-1.99474845892143993,-2.54073807886077629,1.85878125565821350,0.93999999999999995,5.28000000000000025
0.00655663714910235,0.03378634240853309,0.05195905457020321,-1.99712369604583273,-2.55332843107644747,1.83670499767795525,0.93999999999999995,5.28000000000000025
0.00635680931331455,0.03353038428413429,0.05214161782140882,-1.99941982461769840,-2.56581707686731919,1.81454633708282143,0.93999999999999995,5.28000000000000025
0.00615675582529370,0.03327318239498217,0.05232196110859039,-2.00163671988063907,-2.57820366819748337,1.79230580562911945,0.93999999999999995,5.28000000000000025
0.00595648461462575,0.03301474696389527,0.05250007627115340,-2.00377425666018105,-2.59048785772702317,1.76998393275928834,0.93999999999999995,5.28000000000000025
0.00575600362343681,0.03275508824839454,0.05267595520133231,-2.00583230932017020,-2.60266929873523090,1.74758124561090278,0.93999999999999995,5.28000000000000025
0.00555532080644152,0.03249421654064523,0.05284958984396047,-2.00781075171927048,-2.61474764504363355,1.72509826902675489,0.93999999999999995,5.28000000000000025
0.00535444413099570,0.03223214216740653,0.05302097219624124,-2.00970945716756599,-2.62672255093882923,1.70253552556601329,0.93999999999999995,5.28000000000000025
0.00515338157715342,0.03196887548998897,0.05319009430752022,-2.01152829838326630,-2.63859367109513165,1.67989353551645970,0.93999999999999995,5.28000000000000025
0.00495214113772831,0.03170442690421947,0.05335694827905879,-2.01326714744951829,-2.65036066049702557,1.65717281690780305,0.93999999999999995,5.28000000000000025
0.00475073081835922,0.03143880684041424,0.05352152626380897,-2.01492587577132198,-2.66202317436143465,1.63437388552607210,0.93999999999999995,5.28000000000000025
0.00454915863758023,0.03117202576335941,0.05368382046618984,-2.01650435403255157,-2.67358086805979944,1.61149725492908669,0.93999999999999995,5.28000000000000025
0.00434743262689485,0.03090409417229951,0.05384382314186554,-2.01800245215308127,-2.68503339703996646,1.58854343646300755,0.93999999999999995,5.28000000000000025
0.00414556083085460,0.03063502260093372,0.05400152659752498,-2.01942003924601687,-2.69638041674788953,1.56551293927996915,0.93999999999999995,5.28000000000000025
0.00394355130714179,0.03036482161741999,0.05415692319066334,-2.02075698357503164,-2.70762158254914098,1.54240627035679245,0.93999999999999995,5.28000000000000025
0.00374141212665663,0.03009350182438700,0.05431000532936557,-2.02201315251180969,-2.71875654965023283,1.51922393451478355,0.93999999999999995,5.28000000000000025
0.00353915137360850,0.02982107385895403,0.05446076547209180,-2.02318841249359238,-2.72978497301974876,1.49596643444061650,0.93999999999999995,5.28000000000000025
0.00333677714561158,0.02954754839275869,0.05460919612746504,-2.02428262898083000,-2.74070650730928156,1.47263427070830599,0.93999999999999995,5.28000000000000025
0.00313429755378457,0.02927293613199257,0.05475528985406101,-2.02529566641494041,-2.75152080677418143,1.44922794180226999,0.93999999999999995,5.28000000000000025
0.00293172072285476,0.02899724781744486,0.05489903926020038,-2.02622738817616987,-2.76222752519410708,1.42574794414148642,0.93999999999999995,5.28000000000000025
0.00272905479126622,0.02872049422455387,0.05504043700374352,-2.02707765654156091,-2.77282631579338190,1.40219477210474608,0.93999999999999995,5.28000000000000025
0.00252630791129222,0.02844268616346660,0.05517947579188776,-2.02784633264302272,-2.78331683116115425,1.37856891805700732,0.93999999999999995,5.28000000000000025
0.00232348824915183,0.02816383447910620,0.05531614838096734,-2.02853327642550596,-2.79369872317135570,1.35487087237685344,0.93999999999999995,5.28000000000000025
0.00212060398513074,0.02788395005124754,0.05545044757625628,-2.02913834660528325,-2.80397164290246037,1.33110112348506004,0.93999999999999995,5.28000000000000025
0.00191766331370614,0.02760304379460076,0.05558236623177397,-2.02966140062833089,-2.81413524055703901,1.30726015787427352,0.93999999999999995,5.28000000000000025
0.00171467444367591,0.02732112665890292,0.05571189725009396,-2.03010229462881497,-2.82418916538110709,1.28334846013980952,0.93999999999999995,5.28000000000000025
0.00151164559829180,0.02703820962901764,0.05583903358215579,-2.03046088338768049,-2.83413306558326417,1.25936651301157276,0.93999999999999995,5.28000000000000025
0.00130858501539686,0.02675430372504296,0.05596376822708008,-2.03073702029134351,-2.84396658825362270,1.23531479738710637,0.93999999999999995,5.28000000000000025
0.00110550094756694,0.02646942000242719,0.05608609423198703,-2.03093055729048411,-2.85368937928252198,1.21119379236577518,0.93999999999999995,5.28000000000000025
0.00090240166225633,0.02618356955209303,0.05620600469181831,-2.03104134485894416,-2.86330108327902355,1.18700397528409107,0.93999999999999995,5.28000000000000025
0.00069929544194746,0.02589676350056969,0.05632349274916262,-2.03106923195272504,-2.87280134348918814,1.16274582175218444,0.93999999999999995,5.28000000000000025
0.00049619058430479,0.02560901301013338,0.05643855159408493,-2.03101406596908651,-2.88218980171412609,1.13841980569143231,0.93999999999999995,5.28000000000000025
0.00029309540233268,0.02532032927895586,0.05655117446395951,-2.03087569270574964,-2.89146609822782263,1.11402639937324754,0.93999999999999995,5.28000000000000025
0.00009001822453738,0.02503072354126126,0.05666135464330692,-2.03065395632019730,-2.90062987169473097,1.08956607345903844,0.93999999999999995,5.28000000000000025
-0.00011303260490690,0.02474020706749120,0.05676908546363509,-2.03034869928907868,-2.90968075908713075,1.06503929704134825,0.93999999999999995,5.28000000000000025
-0.00031604872598788,0.02444879116447814,0.05687436030328453,-2.02995976236771281,-2.91861839560224645,1.04044653768618023,0.93999999999999995,5.28000000000000025
-0.00051902176268107,0.02415648717562702,0.05697717258727780,-2.02948698454969412,-2.92744241457912580,1.01578826147652190,0.93999999999999995,5.28000000000000025
-0.00072194332277155,0.02386330648110526,0.05707751578717348,-2.02893020302659677,-2.93615244741526871,0.99106493305707399,0.93999999999999995,5.28000000000000025
-0.00092480499767181,0.02356926049804110,0.05717538342092463,-2.02828925314778230,-2.94474812348300619,0.96627701568019653,0.93999999999999995,5.28000000000000025
-0.00112759836223548,0.02327436068073027,0.05727076905274187,-2.02756396838030506,-2.95322907004562385,0.94142497125308278,0.93999999999999995,5.28000000000000025
-0.00133031497456713,0.02297861852085117,0.05736366629296129,-2.02675418026892107,-2.96159491217322524,0.91650926038617109,0.93999999999999995,5.28000000000000025
-0.00153294637582800,0.02268204554768834,0.05745406879791728,-2.02585971839619594,-2.96984527265833043,0.89153034244280693,0.93999999999999995,5.28000000000000025
-0.00173548409003785,0.02238465332836446,0.05754197026982030,-2.02488041034271493,-2.97797977193120555,0.86648867559016729,0.93999999999999995,5.28000000000000025
-0.00193791962387271,0.02208645346808088,0.05762736445663988,-2.02381608164739468,-2.98599802797491876,0.84138471685145921,0.93999999999999995,5.28000000000000025
-0.00214024446645880,0.02178745761036650,0.05771024515199293,-2.02266655576789578,-2.99389965624011589,0.81621892215940706,0.93999999999999995,5.28000000000000025
-0.00234245008916238,0.02148767743733537,0.05779060619503735,-2.02143165404113923,-3.00168426955951562,0.79099174641104064,0.93999999999999995,5.28000000000000025
-0.00254452794537573,0.02118712466995274,0.05786844147037132,-2.02011119564392505,-3.00935147806211267,0.76570364352379927,0.93999999999999995,5.28000000000000025
-0.00274646947029917,0.02088581106830971,0.05794374490793815,-2.01870499755365440,-3.01690088908708809,0.74035506649296612,0.93999999999999995,5.28000000000000025
-0.00294826608071915,0.02058374843190657,0.05801651048293702,-2.01721287450915732,-3.02433210709742273,0.71494646745044865,0.93999999999999995,5.28000000000000025
-0.00314990917478245,0.02028094859994472,0.05808673221573965,-2.01563463897162398,-3.03164473359320397,0.68947829772492009,0.93999999999999995,5.28000000000000025
-0.00335139013176647,0.01997742345162733,0.05815440417181300,-2.01397010108564434,-3.03883836702462506,0.66395100790333927,0.93999999999999995,5.28000000000000025
-0.00355270031184560,0.01967318490646869,0.05821952046164827,-2.01221906864035427,-3.04591260270466835,0.63836504789386572,0.93999999999999995,5.28000000000000025
-0.00375383105585378,0.01936824492461228,0.05828207524069618,-2.01038134703069149,-3.05286703272147131,0.61272086699018669,0.93999999999999995,5.28000000000000025
-0.00395477368504311,0.01906261550715769,0.05834206270930888,-2.00845673921876111,-3.05970124585036451,0.58701891393727557,0.93999999999999995,5.28000000000000025
-0.00415551950083865,0.01875630869649628,0.05839947711268833,-2.00644504569531223,-3.06641482746558092,0.56125963699860004,0.93999999999999995,5.28000000000000025
-0.00435605978458938,0.01844933657665574,0.05845431274084165,-2.00434606444133134,-3.07300735945162939,0.53544348402479935,0.93999999999999995,5.28000000000000025
-0.00455638579731527,0.01814171127365351,0.05850656392854329,-2.00215959088974760,-3.07947842011432638,0.50957090252385095,0.93999999999999995,5.28000000000000025
-0.00475648877945063,0.01783344495585909,0.05855622505530432,-1.99988541788725827,-3.08582758409148106,0.48364233973274712,0.93999999999999995,5.28000000000000025
-0.00495635995058350,0.01752454983436534,0.05860329054534904,-1.99752333565627338,-3.09205442226322935,0.45765824269070365,0.93999999999999995,5.28000000000000025
-0.00515599050919139,0.01721503816336874,0.05864775486759887,-1.99507313175698298,-3.09815850166200901,0.43161905831392194,0.93999999999999995,5.28000000000000025
-0.00535537163237313,0.01690492224055867,0.05868961253566388,-1.99253459104954955,-3.10413938538217549,0.40552523347192793,0.93999999999999995,5.28000000000000025
-0.00555449447557700,0.01659421440751577,0.05872885810784201,-1.98990749565642777,-3.10999663248924652,0.37937721506551092,0.93999999999999995,5.28000000000000025
-0.00575335017232508,0.01628292705011935,0.05876548618712612,-1.98719162492481649,-3.11572979792877502,0.35317545010628726,0.93999999999999995,5.28000000000000025
-0.00595192983393384,0.01597107259896399,0.05879949142121918,-1.98438675538924425,-3.12133843243484499,0.32692038579791322,0.93999999999999995,5.28000000000000025
-0.00615022454923102,0.01565866352978524,0.05883086850255756,-1.98149266073429353,-3.12682208243818183,0.30061246961897314,0.93999999999999995,5.28000000000000025
-0.00634822538426876,0.01534571236389462,0.05885961216834276,-1.97850911175746602,-3.13218028997387687,0.27425214940756931,0.93999999999999995,5.28000000000000025
-0.00654592338203308,0.01503223166862376,0.05888571720058165,-1.97543587633219420,-3.13741259258871619,0.24783987344764105,0.93999999999999995,5.28000000000000025
-0.00674330956214958,0.01471823405777790,0.05890917842613545,-1.97227271937100279,-3.14251852324811365,0.22137609055704080,0.93999999999999995,5.28000000000000025
-0.00694037492058554,0.01440373219209871,0.05892999071677760,-1.96901940278882615,-3.14749761024263952,0.19486125017739633,0.93999999999999995,5.28000000000000025
-0.00713711042934836,0.01408873877973646,0.05894814898926069,-1.96567568546648364,-3.15234937709414220,0.16829580246578862,0.93999999999999995,5.28000000000000025
-0.00733350703618026,0.01377326657673158,0.05896364820539270,-1.96224132321432121,-3.15707334246145788,0.14168019838827620,0.93999999999999995,5.28000000000000025
-0.00752955566424949,0.01345732838750574,0.05897648337212261,-1.95871606873602366,-3.16166902004570405,0.11501488981529706,0.93999999999999995,5.28000000000000025
-0.00772524721183782,0.01314093706536231,0.05898664954163575,-1.95509967159260234,-3.16613591849515252,0.08830032961898068,0.93999999999999995,5.28000000000000025
-0.00792057255202451,0.01282410551299649,0.05899414181145882,-1.95139187816656601,-3.17047354130967918,0.06153697177240317,0.93999999999999995,5.28000000000000025
-0.00811552253236664,0.01250684668301489,0.05899895532457512,-1.94759243162628048,-3.17468138674478295,0.03472527145081954,0.93999999999999995,5.28000000000000025
-0.00831008797457595,0.01218917357846479,0.05900108526954987,-1.94370107189052521,-3.17875894771517542,0.00786568513490826,0.93999999999999995,5.28000000000000025
-0.00850425967419212,0.01187109925337311,0.05900052688066601,-1.93971753559325211,-3.18270571169793337,-0.01904132928393619,0.93999999999999995,5.28000000000000025
-0.00869802840025251,0.01155263681329496,0.05899727543807062,-1.93564155604855626,-3.18652116063521351,-0.04599531239622588,0.93999999999999995,5.28000000000000025
-0.00889138489495845,0.01123379941587207,0.05899132626793217,-1.93147286321586553,-3.19020477083652754,-0.07299580316487921,0.93999999999999995,5.28000000000000025
-0.00908431987333803,0.01091460027140094,0.05898267474260889,-1.92721118366535848,-3.19375601288056954,-0.10004233881355920,0.93999999999999995,5.28000000000000025
-0.00927682402290548,0.01059505264341084,0.05897131628082832,-1.92285624054361781,-3.19717435151660068,-0.12713445471281057,0.93999999999999995,5.28000000000000025
-0.00946888800331707,0.01027516984925171,0.05895724634787845,-1.91840775353953186,-3.20045924556538264,-0.15427168426395449,0.93999999999999995,5.28000000000000025
-0.00966050244602367,0.00995496526069199,0.05894046045581049,-1.91386543885045035,-3.20361014781966347,-0.18145355878069960,0.93999999999999995,5.28000000000000025
-0.00985165795391991,0.00963445230452641,0.05892095416365372,-1.90922900914860882,-3.20662650494420864,-0.20867960736842606,0.93999999999999995,5.28000000000000025
-0.01004234510099000,0.00931364446319380,0.05889872307764238,-1.90449817354782835,-3.20950775737538274,-0.23594935680109877,0.93999999999999995,5.28000000000000025
-0.01023255443195023,0.00899255527540498,0.05887376285145512,-1.89967263757050664,-3.21225333922027545,-0.26326233139576477,0.93999999999999995,5.28000000000000025
-0.01042227646188818,0.00867119833678075,0.05884606918646706,-1.89475210311490816,-3.21486267815537419,-0.29061805288458842,0.93999999999999995,5.28000000000000025
-0.01061150167589874,0.00834958730050000,0.05881563783201477,-1.88973626842276921,-3.21733519532478551,-0.31801604028437730,0.93999999999999995,5.28000000000000025
-0.01080022052871677,0.00802773587795812,0.05878246458567442,-1.88462482804722953,-3.21967030523799957,-0.34545580976355050,0.93999999999999995,5.28000000000000025
-0.01098842344434670,0.00770565783943555,0.05874654529355342,-1.87941747282110461,-3.22186741566720736,-0.37293687450649893,0.93999999999999995,5.28000000000000025
-0.01117610081568893,0.00738336701477667,0.05870787585059570,-1.87411388982551275,-3.22392592754416407,-0.40045874457528785,0.93999999999999995,5.28000000000000025
-0.01136324300416309,0.00706087729407901,0.05866645220090093,-1.86871376235887299,-3.22584523485660579,-0.42802092676864900,0.93999999999999995,5.28000000000000025
-0.01154984033932823,0.00673820262839287,0.05862227033805809,-1.86321676990628848,-3.22762472454422200,-0.45562292447820907,0.93999999999999995,5.28000000000000025
-0.01173588311849998,0.00641535703043134,0.05857532630549341,-1.85762258810933245,-3.22926377639418360,-0.48326423754190007,0.93999999999999995,5.28000000000000025
-0.01192136160636472,0.00609235457529078,0.05852561619683327,-1.85193088873625400,-3.23076176293623307,-0.51094436209449623,0.93999999999999995,5.28000000000000025
-0.01210626603459077,0.00576920940118183,0.05847313615628204,-1.84614133965262184,-3.23211804933734204,-0.53866279041521969,0.93999999999999995,5.28000000000000025
-0.01229058660143665,0.00544593571017099,0.05841788237901541,-1.84025360479242384,-3.23333199329593857,-0.56641901077235690,0.93999999999999995,5.28000000000000025
-0.01247431347135652,0.00512254776893275,0.05835985111158939,-1.83426734412964243,-3.23440294493571345,-0.59421250726482633,0.93999999999999995,5.28000000000000025
-0.01265743677460276,0.00479905990951242,0.05829903865236526,-1.82818221365032696,-3.23533024669900726,-0.62204275966063594,0.93999999999999995,5.28000000000000025
-0.01283994660682585,0.00447548653009961,0.05823544135195091,-1.82199786532518382,-3.23611323323979150,-0.64990924323216814,0.93999999999999995,5.28000000000000025
-0.01302183302867142,0.00415184209581241,0.05816905561365877,-1.81571394708270528,-3.23675123131624742,-0.67781142858822852,0.93999999999999995,5.28000000000000025
-0.01320308606537473,0.00382814113949237,0.05809987789398066,-1.80933010278286210,-3.23724355968295319,-0.70574878150279241,0.93999999999999995,5.28000000000000025
-0.01338369570635258,0.00350439826251028,0.05802790470308004,-1.80284597219138210,-3.23758952898268992,-0.73372076274038422,0.93999999999999995,5.28000000000000025
-0.01356365190479254,0.00318062813558277,0.05795313260530176,-1.79626119095464198,-3.23778844163787660,-0.76172682787801893,0.93999999999999995,5.28000000000000025
-0.01374294457723984,0.00285684549959975,0.05787555821969991,-1.78957539057519521,-3.23783959174164471,-0.78976642712363854,0.93999999999999995,5.28000000000000025
-0.01392156360318180,0.00253306516646288,0.05779517822058396,-1.78278819838796698,-3.23774226494857009,-0.81783900513097019,0.93999999999999995,5.28000000000000025
-0.01409949882462986,0.00220930201993481,0.05771198933808352,-1.77589923753714030,-3.23749573836506732,-0.84594400081073517,0.93999999999999995,5.28000000000000025
-0.01427674004569942,0.00188557101649957,0.05762598835873234,-1.76890812695376631,-3.23709928043947137,-0.87408084713813250,0.93999999999999995,5.28000000000000025
-0.01445327703218740,0.00156188718623383,0.05753717212607154,-1.76181448133412655,-3.23655215085181558,-0.90224897095652346,0.93999999999999995,5.28000000000000025
-0.01462909951114777,0.00123826563368929,0.05744553754127286,-1.75461791111888044,-3.23585360040332803,-0.93044779277723766,0.93999999999999995,5.28000000000000025
-0.01480419717046494,0.00091472153878607,0.05735108156378197,-1.74731802247303025,-3.23500287090565930,-0.95867672657542291,0.93999999999999995,5.28000000000000025
-0.01497855965842520,0.00059127015771724,0.05725380121198251,-1.73991441726673801,-3.23399919506986944,-0.98693517958185772,0.93999999999999995,5.28000000000000025
-0.01515217658328639,0.00026792682386442,0.05715369356388107,-1.73240669305702966,-3.23284179639518809,-1.01522255207064394,0.93999999999999995,5.28000000000000025
-0.01532503751284566,-0.00005529305127547,0.05705075575781370,-1.72479444307042429,-3.23152988905757477,-1.04353823714269600,0.93999999999999995,5.28000000000000025
-0.01549713197400557,-0.00037837397715227,0.05694498499317417,-1.71707725618652507,-3.23006267779810319,-1.07188162050494018,0.93999999999999995,5.28000000000000025
-0.01566844945233868,-0.00070130038321354,0.05683637853116462,-1.70925471692261377,-3.22843935781119251,-1.10025208024513832,0.93999999999999995,5.28000000000000025
-0.01583897939165056,-0.00102405661794428,0.05672493369556895,-1.70132640541928937,-3.22665911463271904,-1.12864898660224333,0.93999999999999995,5.28000000000000025
-0.01600871119354142,-0.00134662694789549,0.05661064787354931,-1.69329189742719199,-3.22472112402802935,-1.15707170173220031,0.93999999999999995,5.28000000000000025
-0.01617763421696654,-0.00166899555670151,0.05649351851646636,-1.68515076429486022,-3.22262455187989438,-1.18551957946909603,0.93999999999999995,5.28000000000000025
-0.01634573777779550,-0.00199114654408617,0.05637354314072358,-1.67690257295776535,-3.22036855407643019,-1.21399196508156471,0.93999999999999995,5.28000000000000025
-0.01651301114837035,-0.00231306392485767,0.05625071932863616,-1.66854688592857037,-3.21795227639902404,-1.24248819502435404,0.93999999999999995,5.28000000000000025
-0.01667944355706290,-0.00263473162789239,0.05612504472932507,-1.66008326128866557,-3.21537485441030224,-1.27100759668495167,0.93999999999999995,5.28000000000000025
-0.01684502418783125,-0.00295613349510735,0.05599651705963665,-1.65151125268103094,-3.21263541334217706,-1.29954948812517368,0.93999999999999995,5.28000000000000025
-0.01700974217977562,-0.00327725328042156,0.05586513410508826,-1.64283040930447766,-3.20973306798401348,-1.32811317781761207,0.93999999999999995,5.28000000000000025
-0.01717358662669372,-0.00359807464870619,0.05573089372084069,-1.63404027590932688,-3.20666692257096164,-1.35669796437683843,0.93999999999999995,5.28000000000000025
-0.01733654657663573,-0.00391858117472357,0.05559379383269754,-1.62514039279458111,-3.20343607067249891,-1.38530313628525814,0.93999999999999995,5.28000000000000025
-0.01749861103145914,-0.00423875634205506,0.05545383243813241,-1.61613029580664880,-3.20003959508122815,-1.41392797161350670,0.93999999999999995,5.28000000000000025
-0.01765976894638343,-0.00455858354201781,0.05531100760734430,-1.60700951633968248,-3.19647656770198330,-1.44257173773527958,0.93999999999999995,5.28000000000000025
-0.01782000922954495,-0.00487804607257046,0.05516531748434177,-1.59777758133759673,-3.19274604944130003,-1.47123369103648516,0.93999999999999995,5.28000000000000025
-0.01797932074155211,-0.00519712713720782,0.05501676028805650,-1.58843401329783029,-3.18884709009729939,-1.49991307661860462,0.93999999999999995,5.28000000000000025
-0.01813769229504094,-0.00551580984384448,0.05486533431348686,-1.57897833027692114,-3.18477872825004926,-1.52860912799614823,0.93999999999999995,5.28000000000000025
-0.01829511265423139,-0.00583407720368761,0.05471103793287191,-1.56941004589796651,-3.18053999115246455,-1.55732106678808591,0.93999999999999995,5.28000000000000025
-0.01845157053448444,-0.00615191213009879,0.05455386959689670,-1.55972866936004029,-3.17612989462180639,-1.58604810240313698,0.93999999999999995,5.28000000000000025
-0.01860705460186022,-0.00646929743744505,0.05439382783592928,-1.54993370544964515,-3.17154744293185731,-1.61478943171879652,0.93999999999999995,5.28000000000000025
-0.01876155347267748,-0.00678621583993915,0.05423091126129008,-1.54002465455427751,-3.16679162870583220,-1.64354423875397604,0.93999999999999995,5.28000000000000025
-0.01891505571307437,-0.00710264995046922,0.05406511856655450,-1.53000101267818689,-3.16186143281011178,-1.67231169433513283,0.93999999999999995,5.28000000000000025
-0.01906754983857107,-0.00741858227941778,0.05389644852888905,-1.51986227146041464,-3.15675582424886647,-1.70109095575576297,0.93999999999999995,5.28000000000000025
-0.01921902431363424,-0.00773399523347032,0.05372490001042199,-1.50960791819519891,-3.15147376005966162,-1.72988116642912826,0.93999999999999995,5.28000000000000025
-0.01936946755124368,-0.00804887111441342,0.05355047195964899,-1.49923743585483704,-3.14601418521012244,-1.75868145553408661,0.93999999999999995,5.28000000000000025
-0.01951886791246133,-0.00836319211792270,0.05337316341287457,-1.48875030311509815,-3.14037603249575614,-1.78749093765389455,0.93999999999999995,5.28000000000000025
-0.01966721370600308,-0.00867694033234048,0.05319297349569003,-1.47814599438328309,-3.13455822243901894,-1.81630871240784786,0.93999999999999995,5.28000000000000025
-0.01981449318781339,-0.00899009773744353,0.05300990142448855,-1.46742397982903250,-3.12855966318972989,-1.84513386407562252,0.93999999999999995,5.28000000000000025
-0.01996069456064316,-0.00930264620320088,0.05282394650801828,-1.45658372541798498,-3.12237925042693565,-1.87396546121418073,0.93999999999999995,5.28000000000000025
-0.02010580597363121,-0.00961456748852189,0.05263510814897403,-1.44562469294839424,-3.11601586726233126,-1.90280255626710115,0.93999999999999995,5.28000000000000025
-0.02024981552188944,-0.00992584323999476,0.05244338584562849,-1.43454634009081405,-3.10946838414534987,-1.93164418516619274,0.93999999999999995,5.28000000000000025
-0.02039271124609218,-0.01023645499061563,0.05224877919350365,-1.42334812043096748,-3.10273565877004254,-1.96048936692524922,0.93999999999999995,5.28000000000000025
-0.02053448113207002,-0.01054638415850848,0.05205128788708327,-1.41202948351591706,-3.09581653598386497,-1.98933710322579982,0.93999999999999995,5.28000000000000025
-0.02067511311040835,-0.01085561204563596,0.05185091172156711,-1.40058987490365827,-3.08870984769850621,-2.01818637799470979,0.93999999999999995,5.28000000000000025
-0.02081459505605114,-0.01116411983650149,0.05164765059466790,-1.38902873621626388,-3.08141441280288708,-2.04703615697348562,0.93999999999999995,5.28000000000000025
-0.02095291478791010,-0.01147188859684268,0.05144150450845175,-1.37734550519670806,-3.07392903707847287,-2.07588538727913052,0.93999999999999995,5.28000000000000025
-0.02109006006847980,-0.01177889927231650,0.05123247357122292,-1.36553961576950678,-3.06625251311704217,-2.10473299695640703,0.93999999999999995,5.28000000000000025
-0.02122601860345899,-0.01208513268717627,0.05102055799945376,-1.35361049810531098,-3.05838362024106702,-2.13357789452134972,0.93999999999999995,5.28000000000000025
-0.02136077804137869,-0.01239056954294088,0.05080575811976085,-1.34155757868960035,-3.05032112442686110,-2.16241896849587745,0.93999999999999995,5.28000000000000025
-0.02149432597323717,-0.01269519041705646,0.05058807437092797,-1.32938028039562206,-3.04206377823066099,-2.19125508693335025,0.93999999999999995,5.28000000000000025
-0.02162664993214266,-0.01299897576155079,0.05036750730597715,-1.31707802256173112,-3.03361032071781356,-2.22008509693491662,0.93999999999999995,5.28000000000000025
-0.02175773739296386,-0.01330190590168080,0.05014405759428837,-1.30465022107328843,-3.02495947739524818,-2.24890782415649593,0.93999999999999995,5.28000000000000025
-0.02188757577198893,-0.01360396103457352,0.04991772602376923,-1.29209628844928104,-3.01610996014742083,-2.27772207230623769,0.93999999999999995,5.28000000000000025
-0.02201615242659343,-0.01390512122786079,0.04968851350307517,-1.27941563393383340,-3.00706046717592379,-2.30652662263230113,0.93999999999999995,5.28000000000000025
-0.02214345465491758,-0.01420536641830805,0.04945642106388153,-1.26660766359278210,-2.99780968294296590,-2.33532023340079720,0.93999999999999995,5.28000000000000025
-0.02226946969555348,-0.01450467641043782,0.04922144986320828,-1.25367178041549598,-2.98835627811892923,-2.36410163936373596,0.93999999999999995,5.28000000000000025
-0.02239418472724279,-0.01480303087514804,0.04898360118579843,-1.24060738442212481,-2.97869890953422756,-2.39286955121681766,0.93999999999999995,5.28000000000000025
-0.02251758686858542,-0.01510040934832584,0.04874287644655122,-1.22741387277646874,-2.96883622013569060,-2.42162265504691376,0.93999999999999995,5.28000000000000025
-0.02263966317775976,-0.01539679122945724,0.04849927719301107,-1.21409063990466470,-2.95876683894771064,-2.45035961176907424,0.93999999999999995,5.28000000000000025
-0.02276040065225507,-0.01569215578023313,0.04825280510791331,-1.20063707761989424,-2.94848938103840341,-2.47907905655290861,0.93999999999999995,5.28000000000000025
-0.02287978622861676,-0.01598648212315218,0.04800346201178792,-1.18705257525332053,-2.93800244749103356,-2.50777959823817742,0.93999999999999995,5.28000000000000025
-0.02299780678220490,-0.01627974924012117,0.04775124986562214,-1.17333651979147158,-2.92730462538097669,-2.53645981873944315,0.93999999999999995,5.28000000000000025
-0.02311444912696700,-0.01657193597105327,0.04749617077358324,-1.15948829602029191,-2.91639448775848997,-2.56511827243961976,0.93999999999999995,5.28000000000000025
-0.02322970001522536,-0.01686302101246494,0.04723822698580246,-1.14550728667609136,-2.90527059363758466,-2.59375348557227081,0.93999999999999995,5.28000000000000025
-0.02334354613748002,-0.01715298291607200,0.04697742090122134,-1.13139287260362842,-2.89393148799129518,-2.62236395559250024,0.93999999999999995,5.28000000000000025
-0.02345597412222774,-0.01744180008738558,0.04671375507050146,-1.11714443292157051,-2.88237570175365621,-2.65094815053628530,0.93999999999999995,5.28000000000000025
-0.02356697053579807,-0.01772945078430861,0.04644723219899890,-1.10276134519558089,-2.87060175182871413,-2.67950450836810328,0.93999999999999995,5.28000000000000025
-0.02367652188220693,-0.01801591311573357,0.04617785514980448,-1.08824298561929278,-2.85860814110690109,-2.70803143631670640,0.93999999999999995,5.28000000000000025
-0.02378461460302890,-0.01830116504014228,0.04590562694685107,-1.07358872920343318,-2.84639335848912545,-2.73652731019889828,0.93999999999999995,5.28000000000000025
-0.02389123507728864,-0.01858518436420848,0.04563055077808909,-1.05879794997337151,-2.83395587891893319,-2.76499047373117390,0.93999999999999995,5.28000000000000025
-0.02399636962137266,-0.01886794874140404,0.04535262999873145,-1.04387002117537464,-2.82129416342312034,-2.79341923782908541,0.93999999999999995,5.28000000000000025
-0.02410000448896206,-0.01914943567060971,0.04507186813456924,-1.02880431549185603,-2.80840665916117960,-2.82181187989420135,0.93999999999999995,5.28000000000000025
-0.02420212587098732,-0.01942962249473122,0.04478826888535924,-1.01360020526591810,-2.79529179948398454,-2.85016664308852885,0.93999999999999995,5.28000000000000025
-0.02430271989560596,-0.01970848639932177,0.04450183612828473,-0.99825706273549286,-2.78194800400212960,-2.87848173559627796,0.93999999999999995,5.28000000000000025
-0.02440177262820419,-0.01998600441121182,0.04421257392149069,-0.98277426027739623,-2.76837367866435846,-2.90675532987284679,0.93999999999999995,5.28000000000000025
-0.02449927007142335,-0.02026215339714729,0.04392048650769480,-0.96715117066161849,-2.75456721584652353,-2.93498556188091841,0.93999999999999995,5.28000000000000025
-0.02459519816521248,-0.02053691006243713,0.04362557831787540,-0.95138716731618456,-2.74052699445154957,-2.96317053031356004,0.93999999999999995,5.28000000000000025
-0.02468954278690775,-0.02081025094961157,0.04332785397503786,-0.93548162460292383,-2.72625138002087253,-2.99130829580422875,0.93999999999999995,5.28000000000000025
-0.02478228975134009,-0.02108215243709196,0.04302731829806061,-0.91943391810450104,-2.71173872485785683,-3.01939688012359086,0.93999999999999995,5.28000000000000025
-0.02487342481097217,-0.02135259073787373,0.04272397630562213,-0.90324342492306864,-2.69698736816370621,-3.04743426536307105,0.93999999999999995,5.28000000000000025
-0.02496293365606573,-0.02162154189822343,0.04241783322021020,-0.88690952399090872,-2.68199563618639791,-3.07541839310506138,0.93999999999999995,5.28000000000000025
-0.02505080191488063,-0.02188898179639151,0.04210889447221492,-0.87043159639344503,-2.66676184238319403,-3.10334716357971985,0.93999999999999995,5.28000000000000025
-0.02513701515390689,-0.02215488614134186,0.04179716570410662,-0.85380902570501327,-2.65128428759730284,-3.13121843480831119,0.93999999999999995,5.28000000000000025
-0.02522155887813089,-0.02241923047149994,0.04148265277470014,-0.83704119833778845,-2.63556126024927462,-3.15903002173304159,0.93999999999999995,5.28000000000000025
-0.02530441853133716,-0.02268199015352066,0.04116536176350682,-0.82012750390427891,-2.61959103654374958,-3.18677969533336247,0.93999999999999995,5.28000000000000025
-0.02538557949644711,-0.02294314038107781,0.04084529897517553,-0.80306733559380472,-2.60337188069218151,-3.21446518172871976,0.93999999999999995,5.28000000000000025
-0.02546502709589619,-0.02320265617367657,0.04052247094402407,-0.78586009056339134,-2.58690204515219424,-3.24208416126775045,0.93999999999999995,5.28000000000000025
-0.02554274659205073,-0.02346051237549083,0.04019688443866239,-0.76850517034351651,-2.57017977088424177,-3.26963426760393583,0.93999999999999995,5.28000000000000025
-0.02561872318766630,-0.02371668365422700,0.03986854646670887,-0.75100198125916118,-2.55320328762626891,-3.29711308675773784,0.93999999999999995,5.28000000000000025
-0.02569294202638880,-0.02397114450001634,0.03953746427960108,-0.73334993486662525,-2.53597081418709047,-3.32451815616526325,0.93999999999999995,5.28000000000000025
-0.02576538819330016,-0.02422386922433746,0.03920364537750233,-0.71554844840657772,-2.51848055875922805,-3.35184696371351931,0.93999999999999995,5.28000000000000025
-0.02583604671551006,-0.02447483195897121,0.03886709751430539,-0.69759694527382399,-2.50073071925197343,-3.37909694676234018,0.93999999999999995,5.28000000000000025
-0.02590490256279563,-0.02472400665498986,0.03852782870273464,-0.67949485550428168,-2.48271948364546313,-3.40626549115308874,0.93999999999999995,5.28000000000000025
-0.02597194064829056,-0.02497136708178282,0.03818584721954808,-0.66124161627966738,-2.46444503036658213,-3.43334993020425649,0.93999999999999995,5.28000000000000025
-0.02603714582922574,-0.02521688682612103,0.03784116161084029,-0.64283667245040765,-2.44590552868753131,-3.46034754369410713,0.93999999999999995,5.28000000000000025
-0.02610050290772303,-0.02546053929126241,0.03749378069744794,-0.62427947707729758,-2.42709913914792619,-3.48725555683053967,0.93999999999999995,5.28000000000000025
-0.02616199663164415,-0.02570229769610069,0.03714371358045881,-0.60556949199244048,-2.40802401400131671,-3.51407113920836434,0.93999999999999995,5.28000000000000025
-0.02622161169549673,-0.02594213507436023,0.03679096964682577,-0.58670618838001343,-2.38867829768704265,-3.54079140375421986,0.93999999999999995,5.28000000000000025
-0.02627933274139939,-0.02618002427383924,0.03643555857508686,-0.56768904737741210,-2.36906012732837246,-3.56741340565938492,0.93999999999999995,5.28000000000000025
-0.02633514436010796,-0.02641593795570425,0.03607749034119264,-0.54851756069733981,-2.34916763325789191,-3.59393414130076971,0.93999999999999995,5.28000000000000025
-0.02638903109210506,-0.02664984859383844,0.03571677522444212,-0.52919123127141388,-2.32899893957114701,-3.62035054715040738,0.93999999999999995,5.28000000000000025
-0.02644097742875503,-0.02688172847424686,0.03535342381352820,-0.50970957391587379,-2.30855216470956348,-3.64665949867379569,0.93999999999999995,5.28000000000000025
-0.02649096781352668,-0.02711154969452143,0.03498744701269384,-0.49007211601998296,-2.28782542207370065,-3.67285780921747929,0.93999999999999995,5.28000000000000025
-0.02653898664328593,-0.02733928416336880,0.03461885604800007,-0.47027839825772666,-2.26681682066792245,-3.69894222888629987,0.93999999999999995,5.28000000000000025
-0.02658501826966090,-0.02756490360020433,0.03424766247370666,-0.45032797532341556,-2.24552446577760190,-3.72490944341078256,0.93999999999999995,5.28000000000000025
-0.02662904700048172,-0.02778837953481544,0.03387387817876656,-0.43022041669181399,-2.22394645967999693,-3.75075607300516811,0.93999999999999995,5.28000000000000025
-0.02667105710129763,-0.02800968330709780,0.03349751539343507,-0.40995530740341862,-2.20208090238997256,-3.77647867121664849,0.93999999999999995,5.28000000000000025
-0.02671103279697391,-0.02822878606686787,0.03311858669599434,-0.38953224887552146,-2.17992589244177060,-3.80207372376640551,0.93999999999999995,5.28000000000000025
-0.02674895827337115,-0.02844565877375545,0.03273710501959432,-0.36895085973969660,-2.15747952770805496,-3.82753764738310753,0.93999999999999995,5.28000000000000025
-0.02678481767910976,-0.02866027219718012,0.03235308365921054,-0.34821077670635747,-2.13473990625749765,-3.85286678862956666,0.93999999999999995,5.28000000000000025
-0.02681859512742218,-0.02887259691641535,0.03196653627871968,-0.32731165545703511,-2.11170512725219250,-3.87805742272331511,0.93999999999999995,5.28000000000000025
-0.02685027469809580,-0.02908260332074439,0.03157747691809327,-0.30625317156503407,-2.08837329188621679,-3.90310575235191948,0.93999999999999995,5.28000000000000025
-0.02687984043950939,-0.02929026160971224,0.03118592000071011,-0.28503502144512521,-2.06474250436669005,-3.92800790648390619,0.93999999999999995,5.28000000000000025
-0.02690727637076592,-0.02949554179347774,0.03079188034078779,-0.26365692333293800,-2.04081087293870755,-3.95275993917623980,0.93999999999999995,5.28000000000000025
-0.02693256648392494,-0.02969841369327058,0.03039537315093355,-0.24211861829471620,-2.01657651095555579,-3.97735782837935536,0.93999999999999995,5.28000000000000025
-0.02695569474633738,-0.02989884694195749,0.02999641404981475,-0.22041987126810214,-1.99203753799564542,-4.00179747474082603,0.93999999999999995,5.28000000000000025
-0.02697664510308606,-0.03009681098472266,0.02959501906994902,-0.19856047213461397,-1.96719208102762000,-4.02607470040880333,0.93999999999999995,5.28000000000000025
-0.02699540147953504,-0.03029227507986706,0.02919120466561394,-0.17654023682447842,-1.94203827562513509,-4.05018524783645706,0.93999999999999995,5.28000000000000025
-0.02701194778399112,-0.03048520829973180,0.02878498772087628,-0.15435900845447889,-1.91657426723281943,-4.07412477858871380,0.93999999999999995,5.28000000000000025
-0.02702626791048076,-0.03067557953175072,0.02837638555774029,-0.13201665849947364,-1.89079821248496049,-4.09788887215267561,0.93999999999999995,5.28000000000000025
-0.02703834574164591,-0.03086335747963757,0.02796541594441481,-0.10951308799823287,-1.86470828057847782,-4.12147302475318522,0.93999999999999995,5.28000000000000025
-0.02704816515176217,-0.03104851066471320,0.02755209710369838,-0.08684822879423573,-1.83830265470177334,-4.14487264817509260,0.93999999999999995,5.28000000000000025
-0.02705571000988273,-0.03123100742737857,0.02713644772148185,-0.06402204481205805,-1.81157953352106649,-4.16808306859387745,0.93999999999999995,5.28000000000000025
-0.02706096418311183,-0.03141081592873928,0.02671848695536731,-0.04103453336997029,-1.78453713272584391,-4.19109952541636943,-0.88000000000000000,2.50999999999999979
-0.02706390004755189,-0.03158791534914825,0.02629821263740155,-0.01765588392337374,-1.75739762503654662,-4.21435328952017141,-0.88000000000000000,2.50999999999999979
-0.02706448998677169,-0.03176228469377377,0.02587562308932512,0.00588395820866574,-1.72993531900862019,-4.23740329563218054,-0.88000000000000000,2.50999999999999979
-0.02706271788600614,-0.03193389159374579,0.02545073893809658,0.02958489635479711,-1.70214843776517610,-4.26024450494145857,-0.88000000000000000,2.50999999999999979
-0.02705856764216407,-0.03210270350369289,0.02502358131926153,0.05344679344612648,-1.67403522848102293,-4.28287178432972127,-0.88000000000000000,2.50999999999999979
-0.02705202316794735,-0.03226868770424617,0.02459417188643925,0.07746947042018343,-1.64559396436843142,-4.30527990525953896,-0.88000000000000000,2.50999999999999979
-0.02704306839613190,-0.03243181130474537,0.02416253282091902,0.10165270458282215,-1.61682294673743199,-4.32746354268902689,-0.88000000000000000,2.50999999999999979
-0.02703168728401445,-0.03259204124615478,0.02372868684136369,0.12599622792760701,-1.58772050713246471,-4.34941727401587563,-0.88000000000000000,2.50999999999999979
-0.02701786381802965,-0.03274934430419685,0.02329265721361714,0.15049972541227344,-1.55828500954719540,-4.37113557805370778,-0.88000000000000000,2.50999999999999979
-0.02700158201854160,-0.03290368709271111,0.02285446776061242,0.17516283319189982,-1.52851485271930421,-4.39261283404389946,-0.88000000000000000,2.50999999999999979
-0.02698282594481425,-0.03305503606724676,0.02241414287237679,0.19998513680847585,-1.49840847250703635,-4.41384332070615937,-0.88000000000000000,2.50999999999999979
-0.02696157970016512,-0.03320335752889699,0.02197170751612962,0.22496616933660640,-1.46796434434928669,-4.43482121533130869,-0.88000000000000000,2.50999999999999979
-0.02693782743730654,-0.03334861762838361,0.02152718724646872,0.25010540948514881,-1.43718098581096299,-4.45554059291986615,-0.88000000000000000,2.50999999999999979
-0.02691155336387899,-0.03349078237040053,0.02108060821564041,0.27540227965464537,-1.40605695921534268,-4.47599542537021922,-0.88000000000000000,2.50999999999999979
-0.02688274174818092,-0.03362981761822492,0.02063199718388811,0.30085614395048083,-1.37459087436509919,-4.49617958072030977,-0.88000000000000000,2.50999999999999979
-0.02685137692509944,-0.03376568909860493,0.02018138152987391,0.32646630615177080,-1.34278139135363217,-4.51608682244695903,-0.88000000000000000,2.50999999999999979
-0.02681744330224636,-0.03389836240693319,0.01972878926116719,0.35223200763606527,-1.31062722346827920,-4.53571080882711453,-0.88000000000000000,2.50999999999999979
-0.02678092536630393,-0.03402780301271521,0.01927424902479371,0.37815242526003889,-1.27812714018693296,-4.55504509236549460,-0.88000000000000000,2.50999999999999979
-0.02674180768958470,-0.03415397626534222,0.01881779011783861,0.40422666919643208,-1.24527997026951454,-4.57408311929328004,-0.88000000000000000,2.50999999999999979
-0.02670007493680995,-0.03427684740017799,0.01835944249809564,0.43045378072760493,-1.21208460494568127,-4.59281822914269444,-0.88000000000000000,2.50999999999999979
-0.02665571187211073,-0.03439638154496920,0.01789923679475496,0.45683272999617347,-1.17854000120005842,-4.61124365440250106,-0.88000000000000000,2.50999999999999979
-0.02660870336625616,-0.03451254372658931,0.01743720431912118,0.48336241371330907,-1.14464518515619051,-4.62935252025963440,-0.88000000000000000,2.50999999999999979
-0.02655903440411288,-0.03462529887812584,0.01697337707535267,0.51004165282540304,-1.11039925556030039,-4.64713784443238342,-0.88000000000000000,2.50999999999999979
-0.02650669009233985,-0.03473461184632100,0.01650778777121269,0.53686919013992540,-1.07580138736582720,-4.66459253710072996,-0.88000000000000000,2.50999999999999979
-0.02645165566732268,-0.03484044739937586,0.01604046982882250,0.56384368791144424,-1.04085083541958556,-4.68170940093964472,-0.88000000000000000,2.50999999999999979
-0.02639391650335118,-0.03494277023512827,0.01557145739540567,0.59096372538891229,-1.00554693825024821,-4.69848113126133970,-0.88000000000000000,2.50999999999999979
-0.02633345812104418,-0.03504154498961474,0.01510078535401242,0.61822779632548397,-0.96988912195969845,-4.71490031627267214,-0.88000000000000000,2.50999999999999979
-0.02627026619602506,-0.03513673624602665,0.01462848933421233,0.64563430645228270,-0.93387690421763458,-4.73095943745408754,-0.88000000000000000,2.50999999999999979
-0.02620432656785179,-0.03522830854407107,0.01415460572274264,0.67318157091770969,-0.89750989835962347,-4.74665087006668074,-0.88000000000000000,2.50999999999999979
-0.02613562524920453,-0.03531622638974654,0.01367917167409932,0.70086781169406376,-0.86078781758860778,-4.76196688379415001,-0.88000000000000000,2.50999999999999979
-0.02606414843533425,-0.03540045426554420,0.01320222512105676,0.72869115495342718,-0.82371047927965957,-4.77689964352660379,-0.88000000000000000,2.50999999999999979
-0.02598988251377512,-0.03548095664108452,0.01272380478510181,0.75664962841497274,-0.78627780938754399,-4.79144121029335857,-0.88000000000000000,2.50999999999999979
-0.02591281407432357,-0.03555769798419993,0.01224395018676671,0.78474115866604932,-0.74848984695641674,-4.80558354235205520,-0.88000000000000000,2.50999999999999979
-0.02583292991928640,-0.03563064277247343,0.01176270165584503,0.81296356845962181,-0.71034674873071524,-4.81931849644157406,-0.88000000000000000,2.50999999999999979
-0.02575021707400025,-0.03569975550524336,0.01128010034147378,0.84131457399086529,-0.67184879386602836,-4.83263782920642271,-0.88000000000000000,2.50999999999999979
-0.02566466279762424,-0.03576500071608416,0.01079618822206416,0.86979178215594821,-0.63299638873843067,-4.84553319880038913,-0.88000000000000000,2.50999999999999979
-0.02557625459420762,-0.03582634298577293,0.01031100811506273,0.89839268779628401,-0.59379007185045418,-4.85799616667743539,-0.88000000000000000,2.50999999999999979
-0.02548498022403349,-0.03588374695575128,0.00982460368652373,0.92711467093178501,-0.55423051883153551,-4.87001819957790971,-0.88000000000000000,2.50999999999999979
-0.02539082771523959,-0.03593717734209195,0.00933701946047267,0.95595499398691486,-0.51431854753042316,-4.88159067171830152,-0.88000000000000000,2.50999999999999979
-0.02529378537571669,-0.03598659894997903,0.00884830082804042,0.98491079901361045,-0.47405512319665544,-4.89270486719285369,-0.88000000000000000,2.50999999999999979
-0.02519384180528467,-0.03603197668871074,0.00835849405634627,1.01397910491542453,-0.43344136374782527,-4.90335198259545013,-0.88000000000000000,2.50999999999999979
-0.02509098590814594,-0.03607327558723302,0.00786764629710731,1.04315680467753236,-0.39247854511893410,-4.91352312987025730,-0.88000000000000000,2.50999999999999979
-0.02498520690561533,-0.03611046081021200,0.00737580559495107,1.07244066260754578,-0.35116810668970039,-4.92320933939966388,-0.88000000000000000,2.50999999999999979
-0.02487649434912516,-0.03614349767465292,0.00688302089540706,1.10182731159238334,-0.30951165678523179,-4.93240156333809310,-0.88000000000000000,2.50999999999999979
-0.02476483813350360,-0.03617235166707258,0.00638934205255231,1.13131325037676422,-0.26751097824499209,-4.94109067920026224,-0.88000000000000000,2.50999999999999979
-0.02465022851052385,-0.03619698846123184,0.00589481983628502,1.16089484086921280,-0.22516803405449462,-4.94926749371246189,-0.88000000000000000,2.50999999999999979
-0.02453265610272105,-0.03621737393643423,0.00539950593919956,1.19056830548179216,-0.18248497303363448,-4.95692274693536916,-0.88000000000000000,2.50999999999999979
-0.02441211191747333,-0.03623347419639587,0.00490345298303524,1.22032972451011812,-0.13946413557503012,-4.96404711666684495,-0.88000000000000000,2.50999999999999979
-0.02428858736134248,-0.03624525558869152,0.00440671452467049,1.25017503356054682,-0.09610805942518447,-4.97063122313306049,-0.88000000000000000,2.50999999999999979
-0.02416207425466931,-0.03625268472478050,0.00390934506163316,1.28010002103177101,-0.05241948550069448,-4.97666563397614858,-0.88000000000000000,2.50999999999999979
-0.02403256484641776,-0.03625572850061566,0.00341140003709686,1.31010032565840673,-0.00840136373113784,-4.98214086954640933,-0.88000000000000000,2.50999999999999979
-0.02390005182926129,-0.03625435411783761,0.00291293584433254,1.34017143412450301,0.03594314108035320,-4.98704740850687411,-0.88000000000000000,2.50999999999999979
-0.02376452835490398,-0.03624852910555545,0.00241400983058374,1.37030867875525297,0.08061064338845622,-4.99137569375778334,-0.88000000000000000,2.50999999999999979
-0.02362598804962831,-0.03623822134271442,0.00191468030033300,1.40050723529553567,0.12559753103923971,-4.99511613868822923,-0.88000000000000000,2.50999999999999979
-0.02348442503006025,-0.03622339908104953,0.00141500651792651,1.43076212078426046,0.17089995941690556,-4.99825913376186293,-0.88000000000000000,2.50999999999999979
-0.02333983391914186,-0.03620403096862347,0.00091504870952322,1.46106819153383105,0.21651384561531839,-5.00079505344317177,-0.88000000000000000,2.50999999999999979
-0.02319220986230018,-0.03618008607394556,0.00041486806433401,1.49142014122437838,0.26243486264663918,-5.00271426347038961,-0.88000000000000000,2.50999999999999979
-0.02304154854380061,-0.03615153391066744,-0.00008547326488400,1.52181249912274197,0.30865843370008134,-5.00400712848059026,-0.88000000000000000,2.50999999999999979
-0.02288784620327172,-0.03611834446284985,-0.00058591216211341,1.55223962843649566,0.35517972646451768,-5.00466401999197430,-0.88000000000000000,2.50999999999999979
-0.02273109965238740,-0.03608048821079331,-0.00108638454917886,1.58269572481362175,0.40199364752937822,-5.00467532474772181,-0.88000000000000000,2.50999999999999979
-0.02257130629169144,-0.03603793615742423,-0.00158682538770189,1.61317481499872528,0.44909483687899593,-5.00403145342513067,-0.88000000000000000,2.50999999999999979
-0.02240846412754803,-0.03599065985522616,-0.00208716868194517,1.64367075565695964,0.49647766249627173,-5.00272284971300785,-0.88000000000000000,2.50999999999999979
-0.02224257178920118,-0.03593863143370462,-0.00258734748258294,1.67417723237708671,0.54413621509224053,-5.00073999975948791,-0.88000000000000000,2.50999999999999979
-0.02207362854592421,-0.03588182362737190,-0.00308729389143481,1.70468775886532820,0.59206430297882318,-4.99807344199158354,-0.88000000000000000,2.50999999999999979
-0.02190163432424000,-0.03582020980423670,-0.00358693906720014,1.73519567634187388,0.64025544710274007,-4.99471377730683663,-0.88000000000000000,2.50999999999999979
-0.02172658972519084,-0.03575376399478153,-0.00408621323223017,1.76569415315209288,0.68870287625923865,-4.99065167963644729,-0.88000000000000000,2.50999999999999979
-0.02154849604163592,-0.03568246092140896,-0.00458504568037491,1.79617618460464068,0.73739952250494234,-4.98587790687817822,-0.88000000000000000,2.50999999999999979
-0.02136735527555326,-0.03560627602833582,-0.00508336478594183,1.82663459304877240,0.78633801678976001,-4.98038331219619934,-0.88000000000000000,2.50999999999999979
-0.02118317015532125,-0.03552518551191234,-0.00558109801380256,1.85706202820324973,0.83551068482839663,-4.97415885568382965,-0.88000000000000000,2.50999999999999979
-0.02099594415295439,-0.03543916635134135,-0.00607817193068390,1.88745096774926302,0.88490954323257365,-4.96719561638385088,-0.88000000000000000,2.50999999999999979
-0.02080568150126589,-0.03534819633977030,-0.00657451221767843,1.91779371819978772,0.93452629592559411,-4.95948480465973240,-0.88000000000000000,2.50999999999999979
-0.02061238721092905,-0.03525225411572675,-0.00707004368400945,1.94808241605773502,0.98435233086137075,-4.95101777490968686,-0.88000000000000000,2.50999999999999979
-0.02041606708740788,-0.03515131919486585,-0.00756469028208411,1.97830902927515462,1.03437871707046325,-4.94178603861400045,-0.88000000000000000,2.50999999999999979
-0.02021672774772622,-0.03504537200199589,-0.00805837512386745,2.00846535902558632,1.08459620205604779,-4.93178127770454289,-0.88000000000000000,2.50999999999999979
-0.02001437663704347,-0.03493439390334579,-0.00855102049860897,2.03854304180143986,1.13499520956304645,-4.92099535824376044,-0.88000000000000000,2.50999999999999979
-0.01980902204500385,-0.03481836723903601,-0.00904254789195202,2.06853355184800902,1.18556583774388868,-4.90942034439879560,-0.88000000000000000,2.50999999999999979
-0.01960067312182499,-0.03469727535571215,-0.00953287800645468,2.09842820394537810,1.23629785774453782,-4.89704851269466257,-0.88000000000000000,2.50999999999999979
-0.01938933989409043,-0.03457110263929785,-0.01002193078354912,2.12821815654907587,1.28718071273449630,-4.88387236652866275,-0.88000000000000000,2.50999999999999979
-0.01917503328020971,-0.03443983454782158,-0.01050962542696478,2.15789441529985471,1.33820351740449706,-4.86988465092639622,-0.88000000000000000,2.50999999999999979
-0.01895776510550861,-0.03430345764426924,-0.01099588042763820,2.18744783691242040,1.38935505795548364,-4.85507836751790833,-0.88000000000000000,2.50999999999999979
-0.01873754811691117,-0.03416195962941234,-0.01148061359013062,2.21686913345231451,1.44062379260227558,-4.83944678971062370,-0.88000000000000000,2.50999999999999979
-0.01851439599717429,-0.03401532937455913,-0.01196374206057160,2.24614887700945198,1.49199785261500395,-4.82298347803383987,-0.88000000000000000,2.50999999999999979
-0.01828832337863477,-0.03386355695417374,-0.01244518235614456,2.27527750477603741,1.54346504392097383,-4.80568229562762728,-0.88000000000000000,2.50999999999999979
-0.01805934585642810,-0.03370663367830616,-0.01292485039612726,2.30424532453571995,1.59501284928906362,-4.78753742384708225,-0.88000000000000000,2.50999999999999979
-0.01782748000113749,-0.03354455212477384,-0.01340266153449715,2.33304252056991768,1.64662843111810098,-4.76854337795096406,-0.88000000000000000,2.50999999999999979
-0.01759274337083119,-0.03337730617103326,-0.01387853059410845,2.36165915998620823,1.69829863484984966,-4.74869502284184808,-0.88000000000000000,2.50999999999999979
-0.01735515452244576,-0.03320489102567829,-0.01435237190244441,2.39008519947259224,1.75000999302631244,-4.72798758882305403,-0.88000000000000000,2.50999999999999979
-0.01711473302247244,-0.03302730325949969,-0.01482409932894453,2.41831049248024721,1.80174873000997460,-4.70641668733578200,-0.88000000000000000,2.50999999999999979
-0.01687149945690378,-0.03284454083603884,-0.01529362632390300,2.44632479683612880,1.85350076738440106,-4.68397832663809410,-0.88000000000000000,2.50999999999999979
-0.01662547544039755,-0.03265660314156658,-0.01576086595893036,2.47411778278543748,1.90525173005124038,-4.66066892738565830,-0.88000000000000000,2.50999999999999979
-0.01637668362461489,-0.03246349101441703,-0.01622573096896666,2.50167904146255182,1.95698695303818315,-4.63648533807252594,-0.88000000000000000,2.50999999999999979
-0.01612514770569013,-0.03226520677360446,-0.01668813379582990,2.52899809378754448,2.00869148903077122,-4.61142485028864879,-0.88000000000000000,2.50999999999999979
-0.01587089243078982,-0.03206175424665031,-0.01714798663327918,2.55606439978383282,2.06035011663915490,-4.58548521374938911,-0.88000000000000000,2.50999999999999979
-0.01561394360371916,-0.03185313879654648,-0.01760520147356747,2.58286736831090913,2.11194734940895534,-4.55866465105093965,-0.88000000000000000,2.50999999999999979
-0.01535432808953477,-0.03163936734777990,-0.01805969015545433,2.60939636720439738,2.16346744558329540,-4.53096187210435186,-0.88000000000000000,2.50999999999999979
-0.01509207381812345,-0.03142044841134323,-0.01851136441364380,2.63564073381396868,2.21489441862084391,-4.50237608819983226,-0.88000000000000000,2.50999999999999979
-0.01482720978670773,-0.03119639210865579,-0.01896013592960839,2.66158978592785322,2.26621204847234781,-4.47290702565203535,-0.88000000000000000,2.50999999999999979
-0.01455976606124013,-0.03096721019431892,-0.01940591638375437,2.68723283307087657,2.31740389361564025,-4.44255493897639830,-0.88000000000000000,2.50999999999999979
-0.01428977377664964,-0.03073291607762999,-0.01984861750887929,2.71255918816109887,2.36845330384649166,-4.41132062354598631,-0.88000000000000000,2.50999999999999979
-0.01401726513590520,-0.03049352484277981,-0.02028815114486699,2.73755817950825975,2.41934343381994710,-4.37920542767801901,-0.88000000000000000,2.50999999999999979
-0.01374227340786308,-0.03024905326765860,-0.02072442929456071,2.76221916313535321,2.47005725733394899,-4.34621126409911529,-0.88000000000000000,2.50999999999999979
-0.01346483292386681,-0.02999951984119706,-0.02115736418074945,2.78653153540277065,2.52057758234412654,-4.31234062073840629,-0.88000000000000000,2.50999999999999979
-0.01318497907307041,-0.02974494477916987,-0.02158686830419802,2.81048474591257413,2.57088706669561073,-4.27759657079802214,-0.88000000000000000,2.50999999999999979
-0.01290274829645825,-0.02948535003839095,-0.02201285450264586,2.83406831066860665,2.62096823455465877,-4.24198278205105694,-0.88000000000000000,2.50999999999999979
-0.01261817807953725,-0.02922075932923134,-0.02243523601069501,2.85727182546632319,2.67080349351974000,-4.20550352531796623,-0.88000000000000000,2.50999999999999979
-0.01233130694367959,-0.02895119812639298,-0.02285392652050263,2.88008497948444875,2.72037515238855976,-4.16816368207347665,-0.88000000000000000,2.50999999999999979
-0.01204217443609758,-0.02867669367787412,-0.02326884024318878,2.90249756904884837,2.76966543955430833,-4.12996875113748629,-0.88000000000000000,2.50999999999999979
-0.01175082111843472,-0.02839727501206483,-0.02367989197086567,2.92449951153734089,2.81865652200122474,-4.09092485440508558,-0.88000000000000000,2.50999999999999979
-0.01145728855396060,-0.02811297294291441,-0.02408699713918999,2.94608085939262576,2.86733052486638673,-4.05103874157278909,-0.88000000000000000,2.50999999999999979
-0.01116161929336056,-0.02782382007311572,-0.02449007189033602,2.96723181420901705,2.91566955153149898,-4.01031779382027498,-0.88000000000000000,2.50999999999999979
-0.01086385685911445,-0.02752985079525559,-0.02488903313628305,2.98794274085731582,2.96365570420535862,-3.96877002640943743,-0.88000000000000000,2.50999999999999979
-0.01056404572846253,-0.02723110129088403,-0.02528379862230716,3.00820418161091796,3.01127110495467543,-3.92640409016531944,-0.88000000000000000,2.50999999999999979
-0.01026223131496028,-0.02692760952745998,-0.02567428699056373,3.02800687023513904,3.05849791713800911,-3.88322927180652533,-0.88000000000000000,2.50999999999999979
-0.00995845994862772,-0.02661941525313538,-0.02606041784364425,3.04734174600078589,3.10531836719479593,-3.83925549309601477,-0.88000000000000000,2.50999999999999979
-0.00965277885470284,-0.02630655998934477,-0.02644211180798826,3.06619996758219804,3.15171476673879702,-3.79449330878670299,-0.88000000000000000,2.50999999999999979
-0.00934523613101266,-0.02598908702117243,-0.02681929059702849,3.08457292679934536,3.19766953490280148,-3.74895390334007761,-0.88000000000000000,2.50999999999999979
-0.00903588072397962,-0.02566704138547489,-0.02719187707394589,3.10245226216311654,3.24316522087913217,-3.70264908640002677,-0.88000000000000000,2.50999999999999979
-0.00872476240328493,-0.02534046985674194,-0.02755979531390920,3.11982987218265206,3.28818452659839133,-3.65559128700826586,-0.88000000000000000,2.50999999999999979
-0.00841193173521485,-0.02500942093068534,-0.02792297066567263,3.13669792839350814,3.33271032948702173,-3.60779354655212803,-0.88000000000000000,2.50999999999999979
-0.00809744005471985,-0.02467394480555031,-0.02828132981240488,3.15304888806554828,3.37672570524261673,-3.55926951044001072,-0.88000000000000000,2.50999999999999979
-0.00778133943622059,-0.02433409336115131,-0.02863480083162197,3.16887550654979844,3.42021395056454880,-3.51003341850444928,-0.88000000000000000,2.50999999999999979
-0.00746368266319910,-0.02398992013563954,-0.02898331325409694,3.18417084922402305,3.46315860577638368,-3.46010009413756503,-0.88000000000000000,2.50999999999999979
-0.00714452319661694,-0.02364148030001630,-0.02932679812162011,3.19892830299753550,3.50554347727573656,-3.40948493216850279,-0.88000000000000000,2.50999999999999979
-0.00682391514220669,-0.02328883063041277,-0.02966518804348480,3.21314158733670929,3.54735265974672265,-3.35820388549739812,-0.88000000000000000,2.50999999999999979
-0.00650191321668632,-0.02293202947816303,-0.02999841725157499,3.22680476477381806,3.58857055806995140,-3.30627345050535748,-0.88000000000000000,2.50999999999999979
-0.00617857271295002,-0.02257113673770393,-0.03032642165393385,3.23991225086321322,3.62918190886513914,-3.25371065126488324,-0.88000000000000000,2.50999999999999979
-0.00585394946429254,-0.02220621381234183,-0.03064913888669451,3.25245882355041749,3.66917180160185330,-3.20053302258008321,-0.88000000000000000,2.50999999999999979
-0.00552809980772728,-0.02183732357793243,-0.03096650836425770,3.26443963192148567,3.70852569921468156,-3.14675859189085116,-0.88000000000000000,2.50999999999999979
-0.00520108054646178,-0.02146453034452650,-0.03127847132760470,3.27585020430195106,3.74722945816021502,-3.09240586007993912,-0.88000000000000000,2.50999999999999979
-0.00487294891159696,-0.02108789981604044,-0.03158497089063785,3.28668645567680118,3.78526934785466462,-3.03749378122646752,-0.88000000000000000,2.50999999999999979
-0.00454376252311949,-0.02070749904801639,-0.03188595208444579,3.29694469440525006,3.82263206943267875,-2.98204174135386957,-0.88000000000000000,2.50999999999999979
-0.00421357935025892,-0.02032339640354299,-0.03218136189939529,3.30662162820652972,3.85930477376999681,-2.92606953622452259,-0.88000000000000000,2.50999999999999979
-0.00388245767128352,-0.01993566150741280,-0.03247114932495728,3.31571436939552733,3.89527507871494372,-2.86959734823737245,-0.88000000000000000,2.50999999999999979
-0.00355045603281093,-0.01954436519859842,-0.03275526538718028,3.32422043934983202,3.93053108547643770,-2.81264572248864342,-0.88000000000000000,2.50999999999999979
-0.00321763320871112,-0.01914957948113409,-0.03303366318373062,3.33213777219259910,3.96506139411912573,-2.75523554205924981,-0.88000000000000000,2.50999999999999979
-0.00288404815868088,-0.01875137747349422,-0.03330629791642559,3.33946471767856679,3.99885511811947092,-2.69738800259574685,-0.88000000000000000,2.50999999999999979
-0.00254975998656993,-0.01834983335656520,-0.03357312692119222,3.34620004327358611,4.03190189794007026,-2.63912458625456603,-0.88000000000000000,2.50999999999999979
-0.00221482789853967,-0.01794502232031044,-0.03383410969539165,3.35234293542107942,4.06419191358314613,-2.58046703508183439,-0.88000000000000000,2.50999999999999979
-0.00187931116113611,-0.01753702050923259,-0.03408920792245634,3.35789299999195956,4.09571589608804931,-2.52143732390329056,-0.88000000000000000,2.50999999999999979
-0.00154326905935872,-0.01712590496674015,-0.03433838549379504,3.36285026191765590,4.12646513794163816,-2.46205763280064138,-0.88000000000000000,2.50999999999999979
-0.00120676085480661,-0.01671175357852849,-0.03458160852792779,3.36721516400902532,4.15643150237462411,-2.40235031925215692,-0.88000000000000000,2.50999999999999979
-0.00086984574398339,-0.01629464501508794,-0.03481884538682166,3.37098856496701149,4.18560743152128367,-2.34233789001636339,-0.88000000000000000,2.50999999999999979
-0.00053258281684095,-0.01587465867345349,-0.03505006668940518,3.37417173659398983,4.21398595342436533,-2.28204297283835800,-0.88000000000000000,2.50999999999999979
-0.00019503101564166,-0.01545187461831238,-0.03527524532224795,3.37676636021771914,4.24156068787150797,-2.22148828805853693,-0.88000000000000000,2.50999999999999979
0.00014275090578316,-0.01502637352258679,-0.03549435644739950,3.37877452234275122,4.26832585105401385,-2.16069662020339681,-0.88000000000000000,2.50999999999999979
0.00048070442230193,-0.01459823660760977,-0.03570737750738968,3.38019870954696566,4.29427625904336097,-2.09969078963754630,-0.88000000000000000,2.50999999999999979
0.00081877127720426,-0.01416754558301276,-0.03591428822740057,3.38104180264360688,4.31940733008535993,-2.03849362435515102,-0.88000000000000000,2.50999999999999979
0.00115689352130286,-0.01373438258644248,-0.03611507061462765,3.38130707013178444,4.34371508571632337,-1.97712793198775105,-0.88000000000000000,2.50999999999999979
0.00149501355134594,-0.01329883012322486,-0.03630970895485587,3.38099816096083172,4.36719615071003542,-1.91561647210373076,-0.88000000000000000,2.50999999999999979
0.00183307414767290,-0.01286097100609220,-0.03649818980628312,3.38011909663619736,4.38984775186859455,-1.85398192887272772,-0.88000000000000000,2.50999999999999979
0.00217101851104891,-0.01242088829508832,-0.03668050199063149,3.37867426269665705,4.41166771567436999,-1.79224688416592937,-0.88000000000000000,2.50999999999999979
0.00250879029861709,-0.01197866523776460,-0.03685663658159319,3.37666839959456322,4.43265446482436598,-1.73043379116056073,-0.88000000000000000,2.50999999999999979
0.00284633365891024,-0.01153438520977742,-0.03702658689066481,3.37410659301259797,4.45280701367210607,-1.66856494851394022,-0.88000000000000000,2.50999999999999979
0.00318359326586757,-0.01108813165599490,-0.03719034845043013,3.37099426365204113,4.47212496260583503,-1.60666247516927063,-0.88000000000000000,2.50999999999999979
0.00352051435180531,-0.01063998803221761,-0.03734791899535751,3.36733715652891741,4.49060849139527996,-1.54474828585190305,-0.88000000000000000,2.50999999999999979
0.00385704273929386,-0.01019003774761473,-0.03749929844018378,3.36314132981553104,4.50825835154243570,-1.48284406731114959,-0.88000000000000000,2.50999999999999979
0.00419312487189804,-0.00973836410797340,-0.03764448885596173,3.35841314326583351,4.52507585767481668,-1.42097125535888313,-0.88000000000000000,2.50999999999999979
0.00452870784374061,-0.00928505025985479,-0.03778349444385326,3.35315924626380468,4.54106287802235986,-1.35915101275216266,-0.88000000000000000,2.50999999999999979
0.00486373942785347,-0.00883017913574662,-0.03791632150675484,3.34738656553455316,4.55622182402161258,-1.29740420796299150,-0.88000000000000000,2.50999999999999979
0.00519816810328482,-0.00837383340029693,-0.03804297841884591,3.34110229255816238,4.57055563909304308,-1.23575139487408481,-0.88000000000000000,2.50999999999999979
0.00553194308093443,-0.00791609539770948,-0.03816347559315465,3.33431387072643437,4.58406778663922942,-1.17421279343521689,-0.88000000000000000,2.50999999999999979
0.00586501432809345,-0.00745704710037624,-0.03827782544723867,3.32702898228260802,4.59676223731331124,-1.11280827131036952,-0.88000000000000000,2.50999999999999979
0.00619733259166898,-0.00699677005881742,-0.03838604236708103,3.31925553508387416,4.60864345560844946,-1.05155732654153256,-0.88000000000000000,2.50999999999999979
0.00652884942007772,-0.00653534535299436,-0.03848814266930446,3.31100164922606899,4.61971638582012645,-0.99047907125065104,-0.88000000000000000,2.50999999999999979
0.00685951718379675,-0.00607285354505534,-0.03858414456180827,3.30227564356931191,4.62998643743389504,-0.92959221639688661,-0.88000000000000000,2.50999999999999979
0.00718928909456356,-0.00560937463356910,-0.03867406810293454,3.29308602220259372,4.63945946999174019,-0.86891505760209509,-0.88000000000000000,2.50999999999999979
0.00751811922322098,-0.00514498800929565,-0.03875793515927038,3.28344146088438071,4.64814177749045676,-0.80846546205323877,-0.88000000000000000,2.50999999999999979
0.00784596251620656,-0.00467977241253833,-0.03883576936219470,3.27335079349525548,4.65604007236547357,-0.74826085648636931,-0.88000000000000000,2.50999999999999979
0.00817277481068922,-0.00421380589211605,-0.03890759606327737,3.26282299853740687,4.66316146911330076,-0.68831821625286005,-0.88000000000000000,2.50999999999999979
0.00849851284835955,-0.00374716576598913,-0.03897344228863908,3.25186718571448452,4.66951346760530672,-0.62865405546474906,-0.88000000000000000,2.50999999999999979
0.00882313428788354,-0.00327992858356703,-0.03903333669237941,3.24049258262391593,4.67510393614483633,-0.56928441821239384,-0.88000000000000000,2.50999999999999979
0.00914659771603243,-0.00281217008972110,-0.03908730950917977,3.22870852159227972,4.67994109431877181,-0.51022487084415147,-0.88000000000000000,2.50999999999999979
0.00946886265750441,-0.00234396519052028,-0.03913539250618703,3.21652442668275196,4.68403349569353544,-0.45149049529449242,-0.88000000000000000,2.50999999999999979
0.00978988958345686,-0.00187538792070306,-0.03917761893428154,3.20394980090198622,4.68739001040425318,-0.39309588344384805,-0.88000000000000000,2.50999999999999979
0.01010963991877034,-0.00140651141289377,-0.03921402347883200,3.19099421363208746,4.69001980768434912,-0.33505513249058488,-0.88000000000000000,2.50999999999999979
0.01042807604806799,-0.00093740786856710,-0.03924464221003719,3.17766728831159906,4.69193233838124524,-0.27738184131280386,-0.88000000000000000,2.50999999999999979
0.01074516132051645,-0.00046814853075974,-0.03926951253295236,3.16397869038764146,4.69313731750211716,-0.22008910779518157,-0.88000000000000000,2.50999999999999979
0.01106086005343638,0.00000119634147559,-0.03928867313729544,3.14993811555955050,4.69364470683180190,-0.16318952709380924,-0.88000000000000000,2.50999999999999979
0.01137513753475271,0.00047055749688343,-0.03930216394712540,3.13555527833256287,4.69346469766301855,-0.10669519080994352,-0.88000000000000000,2.50999999999999979
0.01168796002431650,0.00093986671409895,-0.03931002607048217,3.12083990089829566,4.69260769367702224,-0.05061768704176162,-0.88000000000000000,2.50999999999999979
0.01199929475413171,0.00140905682203845,-0.03931230174907430,3.10580170235697572,4.69108429401072158,0.00503189871838886,-0.88000000000000000,2.50999999999999979
0.01230910992752199,0.00187806171860733,-0.03930903430809723,3.09045038829462060,4.68890527654412814,0.06024298187514154,-0.88000000000000000,2.50999999999999979
0.01261737471727329,0.00234681638774918,-0.03930026810626146,3.07479564072662459,4.68608158143981512,0.11500547624473534,-0.88000000000000000,2.50999999999999979
0.01292405926278965,0.00281525691486258,-0.03928604848610676,3.05884710841751106,4.68262429496384502,0.16930979082914965,-0.88000000000000000,2.50999999999999979
0.01322913466630006,0.00328332050061528,-0.03926642172467428,3.04261439758495777,4.67854463361538819,0.22314682588655724,-0.88000000000000000,2.50999999999999979
0.01353257298815522,0.00375094547318778,-0.03924143498460538,3.02610706299459764,4.67385392859003268,0.27650796833547564,-0.88000000000000000,2.50999999999999979
0.01383434724125361,0.00421807129898090,-0.03921113626573172,3.00933459945054604,4.66856361059955205,0.32938508653038800,-0.88000000000000000,2.50999999999999979
0.01413443138463641,0.00468463859182403,-0.03917557435721764,2.99230643368512839,4.66268519506870760,0.38177052444681697,-0.88000000000000000,2.50999999999999979
0.01443280031629158,0.00515058912072267,-0.03913479879031199,2.97503191664985112,4.65623026772750670,0.43365709531388119,-0.88000000000000000,2.50999999999999979
0.01472942986520705,0.00561586581618564,-0.03908885979176275,2.95752031620831124,4.64921047061518777,0.48503807473225380,-0.88000000000000000,2.50999999999999979
0.01502429678271330,0.00608041277517394,-0.03903780823794398,2.93978081023045723,4.64163748851016766,0.53590719331518244,-0.81999999999999995,1.62999999999999989
0.01531739138010842,0.00654420855146579,-0.03898164568586705,2.92207542998570080,4.63418875144518250,0.58725711729384866,-0.81999999999999995,1.62999999999999989
0.01560870487383833,0.00700723286126305,-0.03892037424632658,2.90416020223502613,4.62621009231521185,0.63808410111682257,-0.81999999999999995,1.62999999999999989
0.01589821671699104,0.00746943329245914,-0.03885404645898048,2.88604386596654416,4.61771311253829442,0.68838329963216827,-0.81999999999999995,1.62999999999999989
0.01618590723113861,0.00793075859273714,-0.03878271532783275,2.86773505109133486,4.60870940472600488,0.73815026966547781,-0.81999999999999995,1.62999999999999989
0.01647175759520066,0.00839115866816707,-0.03870643428146103,2.84924227392501805,4.59921054231222382,0.78738096147447278,-0.81999999999999995,1.62999999999999989
0.01675574983387286,0.00885058458078712,-0.03862525713411030,2.83057393300209137,4.58922806960366181,0.83607170997558766,-0.81999999999999995,1.62999999999999989
0.01703786680565308,0.00930898854521111,-0.03853923804767406,2.81173830521651169,4.57877349225317687,0.88421922577028433,-0.81999999999999995,1.62999999999999989
0.01731809219049779,0.00976632392430433,-0.03844843149458193,2.79274354228145016,4.56785826815574758,0.93182058599795725,-0.81999999999999995,1.62999999999999989
0.01759641047713991,0.01022254522397018,-0.03835289222160940,2.77359766750066550,4.55649379876581140,0.97887322504135754,-0.81999999999999995,1.62999999999999989
0.01787280695009913,0.01067760808708938,-0.03825267521462346,2.75430857284350195,4.54469142083365796,1.02537492510949946,-0.81999999999999995,1.62999999999999989
0.01814726767641460,0.01113146928665380,-0.03814783566427502,2.73488401631513911,4.53246239855754141,1.07132380672201544,-0.81999999999999995,1.62999999999999989
0.01841977949212898,0.01158408671813595,-0.03803842893264689,2.71533161961339209,4.51981791614730355,1.11671831911791042,-0.81999999999999995,1.62999999999999989
0.01869032998855212,0.01203541939113532,-0.03792451052086369,2.69565886606307936,4.50676907079441946,1.16155723061063099,-0.81999999999999995,1.62999999999999989
0.01895890749833173,0.01248542742034176,-0.03780613603766817,2.67587309881874535,4.49332686604262133,1.20583961891032065,-0.81999999999999995,1.62999999999999989
0.01922550108135734,0.01293407201585567,-0.03768336116896598,2.65598151932633364,4.47950220555254219,1.24956486143307965,-0.81999999999999995,1.62999999999999989
0.01949010051052288,0.01338131547290407,-0.03755624164833948,2.63599118603426508,4.46530588725317568,1.29273262561599900,-0.81999999999999995,1.62999999999999989
0.01975269625737260,0.01382712116099088,-0.03742483322852899,2.61590901334427173,4.45074859787236488,1.33534285925568486,-0.81999999999999995,1.62999999999999989
0.02001327947765350,0.01427145351251873,-0.03728919165387828,2.59574177079226764,4.43584090783802409,1.37739578088695280,-0.81999999999999995,1.62999999999999989
0.02027184199679704,0.01471427801091922,-0.03714937263373958,2.57549608244951100,4.42059326654132700,1.41889187021733854,-0.81999999999999995,1.62999999999999989
0.02052837629535155,0.01515556117832711,-0.03700543181683167,2.55517842653431293,4.40501599795270504,1.45983185863205600,-0.81999999999999995,1.62999999999999989
0.02078287549438594,0.01559527056283341,-0.03685742476654345,2.53479513522458477,4.38911929658113564,1.50021671978303806,-0.81999999999999995,1.62999999999999989
0.02103533334088425,0.01603337472535113,-0.03670540693717380,2.51435239466157334,4.37291322376692815,1.54004766027471618,-0.81999999999999995,1.62999999999999989
0.02128574419314981,0.01646984322612654,-0.03654943365109761,2.49385624513522819,4.35640770429794522,1.57932611045824056,-0.81999999999999995,1.62999999999999989
0.02153410300623659,0.01690464661092788,-0.03638956007684643,2.47331258144175781,4.33961252333901992,1.61805371534491371,-0.81999999999999995,1.62999999999999989
0.02178040531742453,0.01733775639694215,-0.03622584120809150,2.45272715340405867,4.32253732366416621,1.65623232564870748,-0.81999999999999995,1.62999999999999989
0.02202464723175466,0.01776914505840989,-0.03605833184351555,2.43210556654587018,4.30519160318106575,1.69386398896685941,-0.81999999999999995,1.62999999999999989
0.02226682540763898,0.01819878601202653,-0.03588708656755948,2.41145328291066630,4.28758471273725128,1.73095094110669900,-0.81999999999999995,1.62999999999999989
0.02250693704255905,0.01862665360213804,-0.03571215973202857,2.39077562201649441,4.26972585419736639,1.76749559756604246,-0.81999999999999995,1.62999999999999989
0.02274497985886656,0.01905272308575737,-0.03553360543854281,2.37007776193816744,4.25162407878087389,1.80350054517370917,-0.81999999999999995,1.62999999999999989
0.02298095208969808,0.01947697061742731,-0.03535147752181484,2.34936474050843680,4.23328828564963278,1.83896853389596737,-0.81999999999999995,1.62999999999999989
0.02321485246501560,0.01989937323395411,-0.03516582953373881,2.32864145662999045,4.21472722073480188,1.87390246881399625,-0.81999999999999995,1.62999999999999989
0.02344668019778342,0.02031990883903533,-0.03497671472827272,2.30791267169036285,4.19594947579263433,1.90830540227676781,-0.81999999999999995,1.62999999999999989
0.02367643497029136,0.02073855618780429,-0.03478418604709651,2.28718301107207767,4.17696348767882508,1.94218052623310133,-0.81999999999999995,1.62999999999999989
0.02390411692063350,0.02115529487131247,-0.03458829610602794,2.26645696575059707,4.15777753783120918,1.97553116474602364,-0.81999999999999995,1.62999999999999989
0.02412972662935072,0.02157010530097012,-0.03438909718217773,2.24573889397290172,4.13839975195077248,2.00836076669198338,-0.81999999999999995,1.62999999999999989
0.02435326510624492,0.02198296869296458,-0.03418664120182547,2.22503302300977879,4.11883809987109206,2.04067289864691492,-0.81999999999999995,1.62999999999999989
0.02457473377737179,0.02239386705267446,-0.03398097972899754,2.20434345097515427,4.09910039560652084,2.07247123796061983,-0.81999999999999995,1.62999999999999989
0.02479413447221868,0.02280278315909720,-0.03377216395472813,2.18367414870606558,4.07919429756963847,2.10375956602045378,-0.81999999999999995,1.62999999999999989
0.02501146941107319,0.02320970054930653,-0.03356024468698436,2.16302896169712744,4.05912730894868368,2.13454176170483789,-0.81999999999999995,1.62999999999999989
0.02522674119258770,0.02361460350295517,-0.03334527234123662,2.14241161208360298,4.03890677823593691,2.16482179502668615,-0.81999999999999995,1.62999999999999989
0.02543995278154440,0.02401747702683766,-0.03312729693165500,2.12182570066744569,4.01853989989823734,2.19460372096644196,-0.81999999999999995,1.62999999999999989
0.02565110749682485,0.02441830683952690,-0.03290636806291309,2.10127470898093716,3.99803371518106010,2.22389167349404193,-0.81999999999999995,1.62999999999999989
0.02586020899958758,0.02481707935609752,-0.03268253492257999,2.08076200138278944,3.97739511303784221,2.25268985977878122,-0.81999999999999995,1.62999999999999989
0.02606726128165669,0.02521378167294800,-0.03245584627408220,2.06029082718183565,3.95663083117648240,2.28100255458573287,-0.81999999999999995,1.62999999999999989
0.02627226865412404,0.02560840155273308,-0.03222635045021645,2.03986432278366880,3.93574745721521291,2.30883409485708624,-0.81999999999999995,1.62999999999999989
0.02647523573616703,0.02600092740941684,-0.03199409534719530,2.01948551385582897,3.91475142994028547,2.33618887447649559,-0.81999999999999995,1.62999999999999989
0.02667616744408367,0.02639134829345634,-0.03175912841920725,1.99915731750737691,3.89364904065818607,2.36307133921428436,-0.81999999999999995,1.62999999999999989
0.02687506898054619,0.02677965387712495,-0.03152149667347334,1.97888254447891354,3.87244643463535487,2.38948598185113203,-0.81999999999999995,1.62999999999999989
0.02707194582407395,0.02716583443998372,-0.03128124666578259,1.95866390133932944,3.85114961261863842,2.41543733747766698,-0.81999999999999995,1.62999999999999989
0.02726680371872629,0.02754988085450855,-0.03103842449648883,1.93850399268578544,3.82976443242997711,2.44092997896720521,-0.81999999999999995,1.62999999999999989
0.02745964866401534,0.02793178457188031,-0.03079307580695167,1.91840532334363334,3.80829661062907787,2.46596851261871830,-0.81999999999999995,1.62999999999999989
0.02765048690503874,0.02831153760794434,-0.03054524577640478,1.89837030056319178,3.78675172423808126,2.49055757396696409,-0.81999999999999995,1.62999999999999989
0.02783932492283172,0.02868913252934530,-0.03029497911923501,1.87840123621048383,3.76513521252249062,2.51470182375659679,-0.81999999999999995,1.62999999999999989
0.02802616942493785,0.02906456243984270,-0.03004232008265595,1.85850034894923999,3.74345237882287130,2.53840594407695708,-0.81999999999999995,1.62999999999999989
0.02821102733619747,0.02943782096681190,-0.02978731244476016,1.83866976641164759,3.72170839243208018,2.56167463465415057,-0.81999999999999995,1.62999999999999989
0.02839390578975250,0.02980890224793492,-0.02952999951293448,1.81891152735550676,3.69990829051302494,2.58451260929694504,-0.81999999999999995,1.62999999999999989
0.02857481211826622,0.03017780091808481,-0.02927042412262318,1.79922758380562509,3.67805698005218629,2.60692459249295450,-0.81999999999999995,1.62999999999999989
0.02875375384535631,0.03054451209640704,-0.02900862863642413,1.77961980317744040,3.65615923984436764,2.62891531615152019,-0.81999999999999995,1.62999999999999989
0.02893073867723926,0.03090903137360071,-0.02874465494350353,1.76008997038102422,3.63421972250436554,2.65048951648966069,-0.81999999999999995,1.62999999999999989
0.02910577449458418,0.03127135479940207,-0.02847854445931501,1.74063978990376267,3.61224295650146665,2.67165193105743537,-0.81999999999999995,1.62999999999999989
0.02927886934457373,0.03163147887027250,-0.02821033812560937,1.72127088787015881,3.59023334821289719,2.69240729589904770,-0.81999999999999995,1.62999999999999989
0.02945003143316977,0.03198940051729268,-0.02794007641072163,1.70198481407733437,3.56819518399255386,2.71276034284600032,-0.81999999999999995,1.62999999999999989
0.02961926911758135,0.03234511709426412,-0.02766779931012224,1.68278304400494028,3.54613263225154896,2.73271579693862154,-0.81999999999999995,1.62999999999999989
0.02978659089893240,0.03269862636601937,-0.02739354634721992,1.66366698079831044,3.52404974554729300,2.75227837397228337,-0.81999999999999995,1.62999999999999989
0.02995200541512620,0.03304992649694125,-0.02711735657440382,1.64463795722380990,3.50195046267803312,2.77145277816465319,-0.81999999999999995,1.62999999999999989
0.03011552143390417,0.03339901603969184,-0.02683926857431297,1.62569723759544038,3.47983861077994172,2.79024369994033927,-0.81999999999999995,1.62999999999999989
0.03027714784609565,0.03374589392415111,-0.02655932046132162,1.60684601967187457,3.45771790742402985,2.80865581382932472,-0.81999999999999995,1.62999999999999989
0.03043689365905599,0.03409055944656516,-0.02627754988322920,1.58808543652318845,3.43559196271032441,2.82669377647561060,-0.81999999999999995,1.62999999999999989
0.03059476799028975,0.03443301225890360,-0.02599399402314397,1.56941655836665972,3.41346428135691715,2.84436222475253997,-0.81999999999999995,1.62999999999999989
0.03075078006125589,0.03477325235842553,-0.02570868960155007,1.55084039437108556,3.39133826478164480,2.86166577398130917,-0.81999999999999995,1.62999999999999989
0.03090493919135182,0.03511128007745321,-0.02542167287854758,1.53235789442916293,3.36921721317431233,2.87860901624922905,-0.81999999999999995,1.62999999999999989
0.03105725479207301,0.03544709607335240,-0.02513297965625601,1.51396995089754971,3.34710432755751830,2.89519651882434736,-0.81999999999999995,1.62999999999999989
0.03120773636134513,0.03578070131871815,-0.02484264528137159,1.49567740030430385,3.32500271183427509,2.91143282266310210,-0.81999999999999995,1.62999999999999989
0.03135639347802509,0.03611209709176456,-0.02455070464786927,1.47748102502346579,3.30291537482074959,2.92732244100773142,-0.81999999999999995,1.62999999999999989
0.03150323579656808,0.03644128496691711,-0.02425719219984070,1.45938155491661647,3.28084523226258229,2.94286985807023216,-0.81999999999999995,1.62999999999999989
0.03164827304185695,0.03676826680560569,-0.02396214193445952,1.44137966894130387,3.25879510883335533,2.95807952779971917,-0.81999999999999995,1.62999999999999989
0.03179151500419088,0.03709304474725646,-0.02366558740506596,1.42347599672629133,3.23676774011390345,2.97295587273010264,-0.81999999999999995,1.62999999999999989
0.03193297153442990,0.03741562120048075,-0.02336756172436272,1.40567112011363027,3.21476577455126300,2.98750328290507294,-0.81999999999999995,1.62999999999999989
0.03207265253929190,0.03773599883445875,-0.02306809756771464,1.38796557466761539,3.19279177539616965,3.00172611487744367,-0.81999999999999995,1.62999999999999989
0.03221056797679896,0.03805418057051577,-0.02276722717654481,1.37035985115072134,3.17084822261810428,3.01562869077998075,-0.81999999999999995,1.62999999999999989
0.03234672785186957,0.03837016957388892,-0.02246498236182021,1.35285439696666732,3.14893751479698780,3.02921529746490847,-0.81999999999999995,1.62999999999999989
0.03248114221205356,0.03868396924568177,-0.02216139450761997,1.33544961757079350,3.12706197099071481,3.04249018570936158,-0.81999999999999995,1.62999999999999989
0.03261382114340642,0.03899558321500443,-0.02185649457478000,1.31814587784797022,3.10522383257779788,3.05545756948411684,-0.81999999999999995,1.62999999999999989
0.03274477476649981,0.03930501533129674,-0.02155031310460763,1.30094350345829435,3.08342526507447667,3.06812162528301213,-0.81999999999999995,1.62999999999999989
0.03287401323256504,0.03961226965683177,-0.02124288022266042,1.28384278215086023,3.06166835992572706,3.08048649151053411,-0.81999999999999995,1.62999999999999989
0.03300154671976632,0.03991735045939716,-0.02093422564258336,1.26684396504591601,3.03995513626966618,3.09255626792512128,-0.81999999999999995,1.62999999999999989
0.03312738542960069,0.04022026220515151,-0.02062437866999909,1.24994726788574861,3.01828754267493071,3.10433501513580401,-0.81999999999999995,1.62999999999999989
0.03325153958342151,0.04052100955165320,-0.02031336820644586,1.23315287225465697,2.99666745885065833,3.11582675414987476,-0.81999999999999995,1.62999999999999989
0.03337401941908232,0.04081959734105874,-0.02000122275335832,1.21646092676840056,2.97509669732877180,3.12703546596934290,-0.81999999999999995,1.62999999999999989
0.03349483518769827,0.04111603059348801,-0.01968797041608620,1.19987154823352249,2.95357700511831522,3.13796509123400869,-0.81999999999999995,1.62999999999999989
0.03361399715052188,0.04141031450055357,-0.01937363890794659,1.18338482277697143,2.93211006533164920,3.14861952990905047,-0.81999999999999995,1.62999999999999989
0.03373151557593033,0.04170245441905102,-0.01905825555430522,1.16700080694645281,2.91069749878236061,3.15900264101508821,-0.81999999999999995,1.62999999999999989
0.03384740073652143,0.04199245586480795,-0.01874184729668266,1.15071952878195982,2.88934086555478675,3.16911824239875406,-0.81999999999999995,1.62999999999999989
0.03396166290631512,0.04228032450668821,-0.01842444069688168,1.13454098885894372,2.86804166654510695,3.17897011054186551,-0.81999999999999995,1.62999999999999989
0.03407431235805813,0.04256606616074902,-0.01810606194113164,1.11846516130359142,2.84680134497397974,3.18856198040735794,-0.81999999999999995,1.62999999999999989
0.03418535936062860,0.04284968678454788,-0.01778673684424667,1.10249199478068949,2.82562128787075872,3.19789754532019899,-0.81999999999999995,1.62999999999999989
0.03429481417653822,0.04313119247159638,-0.01746649085379400,1.08662141345455976,2.80450282752934532,3.20698045688156608,-0.81999999999999995,1.62999999999999989
0.03440268705952915,0.04341058944595837,-0.01714534905426933,1.07085331792355554,2.78344724293577128,3.21581432491463026,-0.81999999999999995,1.62999999999999989
0.03450898825226303,0.04368788405698934,-0.01682333617127607,1.05518758612861574,2.76245576116763791,3.22440271744034934,-0.81999999999999995,1.62999999999999989
0.03461372798409966,0.04396308277421435,-0.01650047657570557,1.03962407423637471,2.74152955876556392,3.23274916068172535,-0.81999999999999995,1.62999999999999989
0.03471691646896261,0.04423619218234180,-0.01617679428791561,1.02416261749732929,2.72066976307682218,3.24085713909504625,-0.81999999999999995,1.62999999999999989
0.03481856390328954,0.04450721897641007,-0.01585231298190439,1.00880303107956459,2.69987745357136655,3.24873009542667823,-0.81999999999999995,1.62999999999999989
0.03491868046406465,0.04477616995706450,-0.01552705598947769,0.99354511087854236,2.67915366313047887,3.25637143079403302,-0.81999999999999995,1.62999999999999989
0.03501727630693092,0.04504305202596180,-0.01520104630440679,0.97838863430345502,2.65849937930827673,3.26378450478938653,-0.81999999999999995,1.62999999999999989
0.03511436156437982,0.04530787218129928,-0.01487430658657483,0.96333336104064549,2.63791554556635255,3.27097263560527329,-0.81999999999999995,1.62999999999999989
0.03520994634401629,0.04557063751346623,-0.01454685916610971,0.94837903379459343,2.61740306248181831,3.27793910018023293,-0.81999999999999995,1.62999999999999989
0.03530404072689667,0.04583135520081476,-0.01421872604750138,0.93352537900696475,2.59696278892906074,3.28468713436373250,-0.81999999999999995,1.62999999999999989
0.03539665476593749,0.04609003250554759,-0.01388992891370174,0.91877210755421823,2.57659554323551188,3.29121993309913385,-0.81999999999999995,1.62999999999999989
0.03548779848439294,0.04634667676971997,-0.01356048913020540,0.90411891542425982,2.55630210431176064,3.29754065062362134,-0.81999999999999995,1.62999999999999989
0.03557748187439899,0.04660129541135356,-0.01323042774910962,0.88956548437263017,2.53608321275633930,3.30365240068404731,-0.81999999999999995,1.62999999999999989
0.03566571489558215,0.04685389592065933,-0.01289976551315196,0.87511148255870808,2.51593957193553042,3.30955825676769999,-0.81999999999999995,1.62999999999999989
0.03575250747373083,0.04710448585636735,-0.01256852285972407,0.86075656516240462,2.49587184903854453,3.31526125234703528,-0.81999999999999995,1.62999999999999989
0.03583786949952743,0.04735307284216081,-0.01223671992486040,0.84650037498182029,2.47588067610843110,3.32076438113745231,-0.81999999999999995,1.62999999999999989
0.03592181082733930,0.04759966456321194,-0.01190437654720053,0.83234254301232935,2.45596665104909073,3.32607059736723887,-0.81999999999999995,1.62999999999999989
0.03600434127406660,0.04784426876281750,-0.01157151227192389,0.81828268900755141,2.43613033860875960,3.33118281605884192,-0.81999999999999995,1.62999999999999989
0.03608547061804551,0.04808689323913138,-0.01123814635465583,0.80432042202266196,2.41637227134034394,3.33610391332065914,-0.81999999999999995,1.62999999999999989
0.03616520859800477,0.04832754584199216,-0.01090429776534405,0.79045534094048864,2.39669295053898779,3.34083672664858300,-0.81999999999999995,1.62999999999999989
0.03624356491207410,0.04856623446984329,-0.01056998519210437,0.77668703498083214,2.37709284715725522,3.34538405523655902,-0.81999999999999995,1.62999999999999989
0.03632054921684264,0.04880296706674363,-0.01023522704503507,0.76301508419344422,2.35757240269831758,3.34974866029545515,-0.81999999999999995,1.62999999999999989
0.03639617112646595,0.04903775161946629,-0.00990004145999892,0.74943905993508819,2.33813203008753012,3.35393326537957215,-0.81999999999999995,1.62999999999999989
0.03647044021181990,0.04927059615468356,-0.00956444630237220,0.73595852533109918,2.31877211452278997,3.35794055672014968,-0.81999999999999995,1.62999999999999989
0.03654336599970002,0.04950150873623580,-0.00922845917076013,0.72257303572185494,2.29949301430406461,3.36177318356525978,-0.81999999999999995,1.62999999999999989
0.03661495797206465,0.04973049746248225,-0.00889209740067784,0.70928213909455995,2.28029506164247930,3.36543375852550097,-0.81999999999999995,1.62999999999999989
0.03668522556532065,0.04995757046373177,-0.00855537806819671,0.69608537650073887,2.26117856344935220,3.36892485792493845,-0.81999999999999995,1.62999999999999989
0.03675417816965013,0.05018273589975154,-0.00821831799355524,0.68298228245982595,2.24214380210556730,3.37224902215675737,-0.81999999999999995,1.62999999999999989
0.03682182512837685,0.05040600195735161,-0.00788093374473416,0.66997238534923198,2.22319103621166470,3.37540875604312562,-0.81999999999999995,1.62999999999999989
0.03688817573737097,0.05062737684804360,-0.00754324164099540,0.65705520778125948,2.20432050131903923,3.37840652919878615,-0.81999999999999995,1.62999999999999989
0.03695323924449082,0.05084686880577162,-0.00720525775638454,0.64423026696723318,2.18553241064262460,3.38124477639792076,-0.81999999999999995,1.62999999999999989
0.03701702484906055,0.05106448608471344,-0.00686699792319633,0.63149707506920061,2.16682695575544138,3.38392589794384779,-0.81999999999999995,1.62999999999999989
0.03707954170138225,0.05128023695715030,-0.00652847773540328,0.61885513953955384,2.14820430726538492,3.38645226004114619,-0.81999999999999995,1.62999999999999989
0.03714079890228147,0.05149412971140355,-0.00618971255204677,0.60630396344891380,2.12966461547462682,3.38882619516980776,-0.81999999999999995,1.62999999999999989
0.03720080550268495,0.05170617264983628,-0.00585071750059077,0.59384304580261138,2.11120801102199351,3.39105000246105126,-0.81999999999999995,1.62999999999999989
0.03725957050322949,0.05191637408691844,-0.00551150748023786,0.58147188184609233,2.09283460550869282,3.39312594807443846,-0.81999999999999995,1.62999999999999989
0.03731710285390076,0.05212474234735370,-0.00517209716520747,0.56918996335956495,2.07454449210774294,3.39505626557596374,-0.81999999999999995,1.62999999999999989
0.03737341145370107,0.05233128576426638,-0.00483250100797637,0.55699677894220256,2.05633774615746168,3.39684315631679690,-0.81999999999999995,1.62999999999999989
0.03742850515034506,0.05253601267744709,-0.00449273324248113,0.54489181428620603,2.03821442573936951,3.39848878981238034,-0.81999999999999995,1.62999999999999989
0.03748239273998227,0.05273893143165521,-0.00415280788728277,0.53287455244102266,2.02017457224084973,3.39999530412159601,-0.81999999999999995,1.62999999999999989
0.03753508296694572,0.05294005037497707,-0.00381273874869346,0.52094447406801259,2.00221821090291030,3.40136480622573689,-0.81999999999999995,1.62999999999999989
0.03758658452352542,0.05313937785723804,-0.00347253942386536,0.50910105768584524,1.98434535135338175,3.40259937240702692,-0.81999999999999995,1.62999999999999989
0.03763690604976599,0.05333692222846730,-0.00313222330384158,0.49734377990690209,1.96655598812588717,3.40370104862645251,-0.81999999999999995,1.62999999999999989
0.03768605613328752,0.05353269183741378,-0.00279180357656952,0.48567211566495549,1.94885010116490709,3.40467185090068014,-0.81999999999999995,1.62999999999999989
0.03773404330912869,0.05372669503011194,-0.00245129322987644,0.47408553843438572,1.93122765631726301,3.40551376567784869,-0.81999999999999995,1.62999999999999989
0.03778087605961148,0.05391894014849603,-0.00211070505440762,0.46258352044119200,1.91368860581033706,3.40622875021203875,-0.81999999999999995,1.62999999999999989
0.03782656281422655,0.05410943552906149,-0.00177005164652707,0.45116553286604744,1.89623288871733608,3.40681873293622850,-0.81999999999999995,1.62999999999999989
0.03787111194953852,0.05429818950157228,-0.00142934541118112,0.43983104603964002,1.87886043140990955,3.40728561383356432,-0.81999999999999995,1.62999999999999989
0.03791453178911044,0.05448521038781286,-0.00108859856472482,0.42857952963053692,1.86157114799841894,3.40763126480678125,-0.81999999999999995,1.62999999999999989
0.03795683060344670,0.05467050650038355,-0.00074782313771170,0.41741045282580208,1.84436494076015589,3.40785753004561576,-0.81999999999999995,1.62999999999999989
0.03799801660995353,0.05485408614153812,-0.00040703097764670,0.40632328450459138,1.82724170055579749,3.40796622639207314,-0.81999999999999995,1.62999999999999989
0.03803809797291670,0.05503595760206254,-0.00006623375170283,0.39531749340494382,1.81020130723438388,3.40795914370340869,-0.81999999999999995,1.62999999999999989
0.03807708280349540,0.05521612916019352,0.00027455705059842,0.38439254828398101,1.79324363002709686,3.40783804521270550,-0.81999999999999995,1.62999999999999989
0.03811497915973194,0.05539460908057601,0.00061533011474259,0.37354791807172177,1.77636852793011357,3.40760466788692362,-0.81999999999999995,1.62999999999999989
0.03815179504657644,0.05557140561325837,0.00095607429861344,0.36278307201871285,1.75957585007680328,3.40726072278232195,-0.81999999999999995,1.62999999999999989
0.03818753841592604,0.05574652699272429,0.00129677862991952,0.35209747983767103,1.74286543609953037,3.40680789539714635,-0.81999999999999995,1.62999999999999989
0.03822221716667794,0.05591998143696032,0.00163743230365590,0.34149061183932738,1.72623711648132128,3.40624784602149466,-0.81999999999999995,1.62999999999999989
0.03825583914479576,0.05609177714655815,0.00197802467960071,0.33096193906265814,1.70969071289764796,3.40558221008427431,-0.81999999999999995,1.62999999999999989
0.03828841214338865,0.05626192230385049,0.00231854527984627,0.32051093339968162,1.69322603854857467,3.40481259849717155,-0.81999999999999995,1.62999999999999989
0.03831994390280262,0.05643042507207981,0.00265898378636442,0.31013706771499666,1.67684289848151113,3.40394059799556592,-0.81999999999999995,1.62999999999999989
0.03835044211072356,0.05659729359459875,0.00299933003860579,0.29983981596023174,1.66054108990480831,3.40296777147631824,-0.81999999999999995,1.62999999999999989
0.03837991440229146,0.05676253599410159,0.00333957403113277,0.28961865328356967,1.64432040249242917,3.40189565833237983,-0.81999999999999995,1.62999999999999989
0.03840836836022533,0.05692616037188565,0.00367970591128562,0.27947305613450851,1.62818061867992059,3.40072577478416394,-0.81999999999999995,1.62999999999999989
0.03843581151495840,0.05708817480714190,0.00401971597688174,0.26940250236401420,1.61212151395190983,3.39945961420763565,-0.81999999999999995,1.62999999999999989
0.03846225134478306,0.05724858735627389,0.00435959467394743,0.25940647132021571,1.59614285712134141,3.39809864745907220,-0.81999999999999995,1.62999999999999989
0.03848769527600521,0.05740740605224421,0.00469933259448204,0.24948444393978997,1.58024441060066767,3.39664432319646137,-0.81999999999999995,1.62999999999999989
0.03851215068310750,0.05756463890394769,0.00503892047425407,0.23963590283517891,1.56442593066519975,3.39509806819750048,-0.81999999999999995,1.62999999999999989
0.03853562488892108,0.05772029389561050,0.00537834919062889,0.22986033237777712,1.54868716770882253,3.39346128767416877,-0.81999999999999995,1.62999999999999989
0.03855812516480551,0.05787437898621452,0.00571760976042778,0.22015721877722405,1.53302786649227096,3.39173536558384559,-0.81999999999999995,1.62999999999999989
0.03857965873083639,0.05802690210894611,0.00605669333781784,0.21052605015693165,1.51744776638416323,3.38992166493695768,-0.81999999999999995,1.62999999999999989
0.03860023275600038,0.05817787117066867,0.00639559121223256,0.20096631662597358,1.50194660159497850,3.38802152810113455,-0.81999999999999995,1.62999999999999989
0.03861985435839715,0.05832729405141823,0.00673429480632260,0.19147751034745886,1.48652410140416347,3.38603627710185995,-0.81999999999999995,1.62999999999999989
0.03863853060544815,0.05847517860392140,0.00707279567393645,0.18205912560350909,1.47117999038055136,3.38396721391960842,-0.81999999999999995,1.62999999999999989
0.03865626851411155,0.05862153265313513,0.00741108549813064,0.17271065885695480,1.45591398859626642,3.38181562078346021,-0.81999999999999995,1.62999999999999989
0.03867307505110330,0.05876636399580739,0.00774915608920916,0.16343160880986293,1.44072581183428716,3.37958276046118877,-0.81999999999999995,1.62999999999999989
0.03868895713312382,0.05890968040005841,0.00808699938279165,0.15422147645900416,1.42561517178983754,3.37726987654582178,-0.81999999999999995,1.62999999999999989
0.03870392162709018,0.05905148960498172,0.00842460743791013,0.14507976514836557,1.41058177626576886,3.37487819373867426,-0.81999999999999995,1.62999999999999989
0.03871797535037327,0.05919179932026444,0.00876197243513381,0.13600598061881078,1.39562532936209172,3.37240891812886057,-0.81999999999999995,1.62999999999999989
0.03873112507103987,0.05933061722582623,0.00909908667472175,0.12699963105498674,1.38074553165981695,3.36986323746928740,-0.81999999999999995,1.62999999999999989
0.03874337750809929,0.05946795097147638,0.00943594257480283,0.11806022712957318,1.36594208039925524,3.36724232144913938,-0.81999999999999995,1.62999999999999989
0.03875473933175422,0.05960380817658835,0.00977253266958289,0.10918728204496796,1.35121466965292480,3.36454732196286566,-0.81999999999999995,1.62999999999999989
0.03876521716365577,0.05973819642979152,0.01010884960757856,0.10038031157249849,1.33656299049321392,3.36177937337568089,-0.81999999999999995,1.62999999999999989
0.03877481757716212,0.05987112328867925,0.01044488614987746,0.09163883408924689,1.32198673115493648,3.35893959278559429,-0.81999999999999995,1.62999999999999989
0.03878354709760093,0.06000259627953314,0.01078063516842444,0.08296237061257339,1.30748557719292213,3.35602908028198144,-0.81999999999999995,1.62999999999999989
0.03879141220253495,0.06013262289706262,0.01111608964433351,0.07435044483242052,1.29305921163477255,3.35304891920071935,-0.81999999999999995,1.62999999999999989
0.03879841932203083,0.06026121060415972,0.01145124266622507,0.06580258314147744,1.27870731512891744,3.35000017637589931,-0.81999999999999995,1.62999999999999989
0.03880457483893080,0.06038836683166835,0.01178608742858822,0.05731831466328149,1.26442956608809554,3.34688390238814204,-0.81999999999999995,1.62999999999999989
0.03880988508912708,0.06051409897816772,0.01212061723016767,0.04889717127833200,1.25022564082838827,3.34370113180953465,-0.81999999999999995,1.62999999999999989
0.03881435636183879,0.06063841440976946,0.01245482547237498,0.04053868764828831,1.23609521370392472,3.34045288344521163,-0.81999999999999995,1.62999999999999989
0.03881799489989125,0.06076132045992794,0.01278870565772382,0.03224240123832246,1.22203795723737874,3.33714016057160601,-0.81999999999999995,1.62999999999999989
0.03882080689999730,0.06088282442926353,0.01312225138828888,0.02400785233769418,1.20805354224637185,3.33376395117139301,-0.81999999999999995,1.62999999999999989
0.03882279851304072,0.06100293358539823,0.01345545636418808,0.01583458407861410,1.19414163796589623,3.33032522816515542,-0.81999999999999995,1.62999999999999989
0.03882397584436139,0.06112165516280334,0.01378831438208784,0.00772214245345865,1.18030191216686475,3.32682494963979325,-0.81999999999999995,1.62999999999999989
0.03882434495404208,0.06123899636265888,0.01412081933373098,-0.00032992366960154,1.16653403127089783,3.32326405907370992,-0.81999999999999995,1.62999999999999989
0.03882391185719676,0.06135496435272418,0.01445296520448699,-0.00832206253250022,1.15283766046144942,3.31964348555880084,-0.81999999999999995,1.62999999999999989
0.03882268252426025,0.06146956626721952,0.01478474607192436,-0.01625471947464327,1.13921246379137364,3.31596414401927220,-0.81999999999999995,1.62999999999999989
0.03882066288127901,0.06158280920671828,0.01511615610440460,-0.02412833692168969,1.12565810428703150,3.31222693542732349,-0.81999999999999995,1.62999999999999989
0.03881785881020304,0.06169470023804938,0.01544718955969775,-0.03194335437569179,1.11217424404903298,3.30843274701572021,-0.81999999999999995,1.62999999999999989
0.03881427614917870,0.06180524639420957,0.01577784078361885,-0.03970020840654221,1.09876054434970949,3.30458245248729021,-0.81999999999999995,1.62999999999999989
0.03880992069284225,0.06191445467428536,0.01610810420868537,-0.04739933264467703,1.08541666572740580,3.30067691222137283,-0.81999999999999995,1.62999999999999989
0.03880479819261414,0.06202233204338421,0.01643797435279502,-0.05504115777498606,1.07214226807768309,3.29671697347725523,-0.81999999999999995,1.62999999999999989
0.03879891435699385,0.06212888543257471,0.01676744581792380,-0.06262611153188280,1.05893701074151703,3.29270347059462409,-0.81999999999999995,1.62999999999999989
0.03879227485185506,0.06223412173883534,0.01709651328884395,-0.07015461869548816,1.04580055259057736,3.28863722519106805,-0.81999999999999995,1.62999999999999989
0.03878488530074130,0.06233804782501177,0.01742517153186145,-0.07762710108888368,1.03273255210966908,3.28451904635666248,-0.81999999999999995,1.62999999999999989
0.03877675128516173,0.06244067051978210,0.01775341539357296,-0.08504397757639121,1.01973266747641644,3.28034973084566905,-0.81999999999999995,1.62999999999999989
0.03876787834488701,0.06254199661763007,0.01808123979964161,-0.09240566406283746,1.00680055663826717,3.27613006326538470,-0.81999999999999995,1.62999999999999989
0.03875827197824532,0.06264203287882579,0.01840863975359172,-0.09971257349376350,0.99393587738689293,3.27186081626216874,-0.81999999999999995,1.62999999999999989
0.03874793764241821,0.06274078602941371,0.01873561033562180,-0.10696511585654016,0.98113828743005860,3.26754275070468791,-0.81999999999999995,1.62999999999999989
0.03873688075373630,0.06283826276120781,0.01906214670143591,-0.11416369818235182,0.96840744446103344,3.26317661586440799,-0.81999999999999995,1.62999999999999989
0.03872510668797480,0.06293446973179342,0.01938824408109279,-0.12130872454901244,0.95574300622561359,3.25876314959336444,-0.81999999999999995,1.62999999999999989
0.03871262078064865,0.06302941356453584,0.01971389777787274,-0.12840059608457854,0.94314463058682341,3.25430307849925216,-0.81999999999999995,1.62999999999999989
0.03869942832730732,0.06312310084859510,0.02003910316716179,-0.13543971097172539,0.93061197558736253,3.24979711811785954,-0.81999999999999995,1.62999999999999989
0.03868553458382904,0.06321553813894702,0.02036385569535304,-0.14242646445285342,0.91814469950986222,3.24524597308288554,-0.81999999999999995,1.62999999999999989
0.03867094476671459,0.06330673195641011,0.02068815087876486,-0.14936124883589350,0.90574246093501465,3.24065033729317209,-0.81999999999999995,1.62999999999999989
0.03865566405338040,0.06339668878767819,0.02101198430257560,-0.15624445350077992,0.89340491879763539,3.23601089407738396,-0.81999999999999995,1.62999999999999989
0.03863969758245105,0.06348541508535856,0.02133535161977475,-0.16307646490656225,0.88113173244071863,3.23132831635617102,-0.81999999999999995,1.62999999999999989
0.03862305045405088,0.06357291726801535,0.02165824855013014,-0.16985766659912671,0.86892256166754289,3.22660326680184406,-0.81999999999999995,1.62999999999999989
0.03860572773009501,0.06365920172021819,0.02198067087917095,-0.17658843921950004,0.85677706679188348,3.22183639799559796,-0.81999999999999995,1.62999999999999989
0.03858773443457931,0.06374427479259559,0.02230261445718640,-0.18326916051270889,0.84469490868638630,3.21702835258231623,-0.81999999999999995,1.62999999999999989
0.03856907555386956,0.06382814280189325,0.02262407519823974,-0.18990020533716895,0.83267574882915629,3.21217976342298916,-0.81999999999999995,1.62999999999999989
0.03854975603698961,0.06391081203103681,0.02294504907919739,-0.19648194567457922,0.82071924934861229,3.20729125374477553,-0.81999999999999995,1.62999999999999989
0.03852978079590857,0.06399228872919908,0.02326553213877295,-0.20301475064029706,0.80882507306665818,3.20236343728874351,-0.81999999999999995,1.62999999999999989
0.03850915470582686,0.06407257911187147,0.02358552047658589,-0.20949898649417106,0.79699288354022013,3.19739691845532104,-0.81999999999999995,1.62999999999999989
0.03848788260546123,0.06415168936093951,0.02390501025223470,-0.21593501665180923,0.78522234510119704,3.19239229244748834,-0.81999999999999995,1.62999999999999989
0.03846596929732859,0.06422962562476227,0.02422399768438413,-0.22232320169626082,0.77351312289487062,3.18735014541174477,-0.81999999999999995,1.62999999999999989
0.03844341954802869,0.06430639401825555,0.02454247904986659,-0.22866389939009124,0.76186488291681986,3.18227105457687864,-0.81999999999999995,1.62999999999999989
0.03842023808852552,0.06438200062297875,0.02486045068279714,-0.23495746468782944,0.75027729204838500,3.17715558839057444,-0.81999999999999995,1.62999999999999989
0.03839642961442746,0.06445645148722505,0.02517790897370221,-0.24120424974876878,0.73875001809072205,3.17200430665388744,-0.81999999999999995,1.62999999999999989
0.03837199878626623,0.06452975262611516,0.02549485036866150,-0.24740460395010236,0.72728272979749020,3.16681776065361476,-0.81999999999999995,1.62999999999999989
0.03834695022977434,0.06460191002169406,0.02581127136846312,-0.25355887390037479,0.71587509690621276,3.16159649329259551,-0.81999999999999995,1.62999999999999989
0.03832128853616130,0.06467292962303096,0.02612716852777163,-0.25966740345323303,0.70452679016834996,3.15634103921796916,-0.81999999999999995,1.62999999999999989
0.03829501826238844,0.06474281734632210,0.02644253845430877,-0.26573053372145949,0.69323748137812291,3.15105192494742115,-0.81999999999999995,1.62999999999999989
0.03826814393144226,0.06481157907499645,0.02675737780804677,-0.27174860309127091,0.68200684340012474,3.14572966899344619,-0.81999999999999995,1.62999999999999989
0.03824067003260635,0.06487922065982404,0.02707168330041396,-0.27772194723686772,0.67083455019575577,3.14037478198565934,-0.81999999999999995,1.62999999999999989
0.03821260102173185,0.06494574791902698,0.02738545169351251,-0.28365089913521863,0.65972027684851764,3.13498776679118185,-0.81999999999999995,1.62999999999999989
0.03818394132150648,0.06501116663839279,0.02769867979934810,-0.28953578908106575,0.64866369958820058,3.12956911863313092,-0.81999999999999995,1.62999999999999989
0.03815469532172193,0.06507548257139030,0.02801136447907142,-0.29537694470213671,0.63766449581399676,3.12411932520724367,-0.81999999999999995,1.62999999999999989
0.03812486737953984,0.06513870143928763,0.02832350264223114,-0.30117469097454974,0.62672234411657202,3.11863886679666003,-0.81999999999999995,1.62999999999999989
0.03809446181975618,0.06520082893127244,0.02863509124603833,-0.30692935023839885,0.61583692429912806,3.11312821638489545,-0.81999999999999995,1.62999999999999989
0.03806348293506404,0.06526187070457415,0.02894612729464207,-0.31264124221350709,0.60500791739748483,3.10758783976702846,-0.81999999999999995,1.62999999999999989
0.03803193498631487,0.06532183238458822,0.02925660783841610,-0.31831068401533485,0.59423500569921284,3.10201819565913173,-0.81999999999999995,1.62999999999999989
0.03799982220277816,0.06538071956500220,0.02956652997325630,-0.32393799017103259,0.58351787276184475,3.09641973580597130,-0.81999999999999995,1.62999999999999989
0.03796714878239940,0.06543853780792364,0.02987589083988888,-0.32952347263562604,0.57285620343019394,3.09079290508700355,-0.81999999999999995,1.62999999999999989
0.03793391889205650,0.06549529264400958,0.03018468762318911,-0.33506744080832346,0.56224968385280760,3.08513814162069400,-0.81999999999999995,1.62999999999999989
0.03790013666781458,0.06555098957259781,0.03049291755151032,-0.34057020154893480,0.55169800149757997,3.07945587686718225,-0.81999999999999995,1.62999999999999989
0.03786580621517903,0.06560563406183946,0.03080057789602316,-0.34603205919439217,0.54120084516655320,3.07374653572932299,-0.81999999999999995,1.62999999999999989
0.03783093160934703,0.06565923154883317,0.03110766597006486,-0.35145331557536252,0.53075790500992903,3.06801053665212242,-0.81999999999999995,1.62999999999999989
0.03779551689545729,0.06571178743976057,0.03141417912849832,-0.35683427003294338,0.52036887253931685,3.06224829172060087,-0.81999999999999995,1.62999999999999989
0.03775956608883820,0.06576330711002303,0.03172011476708097,-0.36217521943543207,0.51003344064024170,3.05646020675610108,-0.81999999999999995,1.62999999999999989
0.03772308317525426,0.06581379590437966,0.03202547032184316,-0.36747645819516100,0.49975130358393449,3.05064668141106932,-0.81999999999999995,1.62999999999999989
0.03768607211115082,0.06586325913708646,0.03233024326847593,-0.37273827828538963,0.48952215703842766,3.04480810926233270,-0.81999999999999995,1.62999999999999989
0.03764853682389716,0.06591170209203652,0.03263443112172804,-0.37796096925724615,0.47934569807897770,3.03894487790289425,-0.81999999999999995,1.62999999999999989
0.03761048121202785,0.06595913002290119,0.03293803143481214,-0.38314481825671065,0.46922162519783545,3.03305736903227263,-0.81999999999999995,1.62999999999999989
0.03757190914548241,0.06600554815327231,0.03324104179881985,-0.38829011004163322,0.45914963831338512,3.02714595854540569,-0.81999999999999995,1.62999999999999989
0.03753282446584327,0.06605096167680520,0.03354345984214573,-0.39339712699877927,0.44912943877867173,3.02121101662014313,-0.81999999999999995,1.62999999999999989
0.03749323098657201,0.06609537575736257,0.03384528322991986,-0.39846614916089562,0.43916072938933648,3.01525290780334787,-0.81999999999999995,1.62999999999999989
0.03745313249324395,0.06613879552915913,0.03414650966344897,-0.40349745422379141,0.42924321439097873,3.00927199109563137,-0.81999999999999995,1.62999999999999989
0.03741253274378094,0.06618122609690694,0.03444713687966605,-0.40849131756342677,0.41937659948596334,3.00326862003474293,-0.81999999999999995,1.62999999999999989
0.03737143546868255,0.06622267253596137,0.03474716265058813,-0.41344801225300415,0.40956059183969074,2.99724314277763160,-0.81999999999999995,1.62999999999999989
0.03732984437125542,0.06626313989246774,0.03504658478278226,-0.41836780908005616,0.39979490008634710,2.99119590218120779,-0.81999999999999995,1.62999999999999989
0.03728776312784102,0.06630263318350846,0.03534540111683951,-0.42325097656352456,0.39007923433415181,2.98512723588182016,-0.81999999999999995,1.62999999999999989
0.03724519538804164,0.06634115739725065,0.03564360952685681,-0.42809778097082551,0.38041330617011815,2.97903747637346861,-0.81999999999999995,1.62999999999999989
0.03720214477494472,0.06637871749309425,0.03594120791992658,-0.43290848633489554,0.37079682866434316,2.97292695108477822,-0.81999999999999995,1.62999999999999989
0.03715861488534538,0.06641531840182054,0.03623819423563402,-0.43768335447121398,0.36122951637384232,2.96679598245474718,-0.81999999999999995,1.62999999999999989
0.03711460928996739,0.06645096502574097,0.03653456644556183,-0.44242264499479700,0.35171108534594381,2.96064488800729420,-0.81999999999999995,1.62999999999999989
0.03707013153368232,0.06648566223884637,0.03683032255280244,-0.44712661533715892,0.34224125312125708,2.95447398042461984,-0.81999999999999995,1.62999999999999989
0.03702518513572706,0.06651941488695642,0.03712546059147740,-0.45179552076323670,0.33281973873622983,2.94828356761940524,-0.81999999999999995,1.62999999999999989
0.03697977358991963,0.06655222778786933,0.03741997862626403,-0.45642961438827356,0.32344626272530685,2.94207395280586326,-0.81999999999999995,1.62999999999999989
0.03693390036487331,0.06658410573151169,0.03771387475192905,-0.46102914719465804,0.31412054712270487,2.93584543456966207,-0.81999999999999995,1.62999999999999989
0.03688756890420909,0.06661505348008860,0.03800714709286922,-0.46559436804871451,0.30484231546381541,2.92959830693673950,-0.81999999999999995,1.62999999999999989
0.03684078262676643,0.06664507576823379,0.03829979380265872,-0.47012552371744210,0.29561129278624892,2.92333285944102528,-0.81999999999999995,1.62999999999999989
0.03679354492681236,0.06667417730315990,0.03859181306360329,-0.47462285888519840,0.28642720563053220,2.91704937719108948,-0.81999999999999995,1.62999999999999989
0.03674585917424891,0.06670236276480876,0.03888320308630102,-0.47908661617032516,0.27728978204047106,2.91074814093573320,-0.81999999999999995,1.62999999999999989
0.03669772871481888,0.06672963680600177,0.03917396210920957,-0.48351703614171238,0.26819875156318973,2.90442942712854046,-0.81999999999999995,1.62999999999999989
0.03664915687030998,0.06675600405259020,0.03946408839821985,-0.48791435733529853,0.25915384524885826,2.89809350799140564,-0.81999999999999995,1.62999999999999989
0.03660014693875728,0.06678146910360547,0.03975358024623600,-0.49227881627050385,0.25015479565011878,2.89174065157705629,-0.81999999999999995,1.62999999999999989
0.03655070219464406,0.06680603653140932,0.04004243597276151,-0.49661064746659422,0.24120133682122119,2.88537112183058397,-0.81999999999999995,1.62999999999999989
0.03650082588910099,0.06682971088184397,0.04033065392349156,-0.50091008345897325,0.23229320431687883,2.87898517865000114,-0.81999999999999995,1.62999999999999989
0.03645052125010374,0.06685249667438209,0.04061823246991125,-0.50517735481539994,0.22343013519085353,2.87258307794583967,-0.81999999999999995,1.62999999999999989
0.03639979148266887,0.06687439840227660,0.04090517000889979,-0.50941269015213031,0.21461186799428042,2.86616507169980661,-0.81999999999999995,1.62999999999999989
0.03634863976904827,0.06689542053271032,0.04119146496234055,-0.51361631614998005,0.20583814277374129,2.85973140802251180,-0.81999999999999995,1.62999999999999989
0.03629706926892182,0.06691556750694540,0.04147711577673678,-0.51778845757030700,0.19710870106909620,2.85328233121028241,-0.81999999999999995,1.62999999999999989
0.03624508311958859,0.06693484374047257,0.04176212092283297,-0.52192933727091118,0.18842328591108168,2.84681808180108042,-0.81999999999999995,1.62999999999999989
0.03619268443615638,0.06695325362316003,0.04204647889524179,-0.52603917622185081,0.17978164181868461,2.84033889662953509,-0.81999999999999995,1.62999999999999989
0.03613987631172973,0.06697080151940221,0.04233018821207646,-0.53011819352117240,0.17118351479629992,2.83384500888110846,-0.81999999999999995,1.62999999999999989
0.03608666181759630,0.06698749176826811,0.04261324741458852,-0.53416660641055347,0.16262865233068005,2.82733664814540386,-0.81999999999999995,1.62999999999999989
0.03603304400341176,0.06700332868364939,0.04289565506681086,-0.53818463029085661,0.15411680338768449,2.82081404046863371,-0.81999999999999995,1.62999999999999989
0.03597902589738312,0.06701831655440810,0.04317740975520599,-0.54217247873759311,0.14564771840883672,2.81427740840526086,-0.81999999999999995,1.62999999999999989
0.03592461050645041,0.06703245964452408,0.04345851008831939,-0.54613036351629562,0.13722114930769608,2.80772697106882418,-0.81999999999999995,1.62999999999999989
0.03586980081646702,0.06704576219324197,0.04373895469643793,-0.55005849459779710,0.12883684946605173,2.80116294418196476,-0.81999999999999995,1.62999999999999989
0.03581459979237833,0.06705822841521784,0.04401874223125327,-0.55395708017341716,0.12049457372994593,2.79458554012566340,-0.81999999999999995,1.62999999999999989
0.03575901037839894,0.06706986250066541,0.04429787136553009,-0.55782632667005250,0.11219407840553301,2.78799496798770141,-0.81999999999999995,1.62999999999999989
0.03570303549818837,0.06708066861550181,0.04457634079277920,-0.56166643876517197,0.10393512125478105,2.78139143361036245,-0.81999999999999995,1.62999999999999989
0.03564667805502523,0.06709065090149302,0.04485414922693529,-0.56547761940171481,0.09571746149102239,2.77477513963738120,-0.81999999999999995,1.62999999999999989
0.03558994093197994,0.06709981347639871,0.04513129540203947,-0.56926006980289146,0.08754085977435935,2.76814628556015396,-0.81999999999999995,1.62999999999999989
0.03553282699208598,0.06710816043411667,0.04540777807192622,-0.57301398948688531,0.07940507820693099,2.76150506776322491,-0.81999999999999995,1.62999999999999989
0.03547533907850965,0.06711569584482686,0.04568359600991503,-0.57673957628145645,0.07130988032804701,2.75485167956905697,-0.81999999999999995,1.62999999999999989
0.03541748001471841,0.06712242375513479,0.04595874800850638,-0.58043702633844452,0.06325503110919421,2.74818631128210011,-0.81999999999999995,1.62999999999999989
0.03535925260464770,0.06712834818821452,0.04623323287908209,-0.58410653414817215,0.05524029694892121,2.74150915023216735,-0.81999999999999995,1.62999999999999989
0.03530065963286643,0.06713347314395109,0.04650704945161001,-0.58774829255374750,0.04726544566760661,2.73482038081713297,-0.81999999999999995,1.62999999999999989
0.03524170386474097,0.06713780259908246,0.04678019657435293,-0.59136249276526487,0.03933024650211583,2.72812018454495808,-0.81999999999999995,1.62999999999999989
0.03518238804659771,0.06714134050734089,0.04705267311358168,-0.59494932437390435,0.03143447010035181,2.72140874007506195,-0.81999999999999995,1.62999999999999989
0.03512271490588433,0.06714409079959371,0.04732447795329230,-0.59850897536592895,0.02357788851570404,2.71468622325904141,-0.81999999999999995,1.62999999999999989
0.03506268715132952,0.06714605738398367,0.04759560999492726,-0.60204163213657946,0.01576027520140110,2.70795280718075659,-0.81999999999999995,1.62999999999999989
0.03500230747310144,0.06714724414606857,0.04786606815710070,-0.60554747950386656,0.00798140500477097,2.70120866219578870,-0.81999999999999995,1.62999999999999989
0.03494157854296471,0.06714765494896041,0.04813585137532750,-0.60902670072226051,0.00024105416141371,2.69445395597027870,-0.81999999999999995,1.62999999999999989
0.03488050301443615,0.06714729363346392,0.04840495860175629,-0.61247947749627707,-0.00746099971070927,2.68768885351916387,-0.81999999999999995,1.62999999999999989
0.03481908352293904,0.06714616401821449,0.04867338880490620,-0.61590598999396062,-0.01512497761726514,2.68091351724381255,-0.81999999999999995,1.62999999999999989
0.03475732268595613,0.06714426989981553,0.04894114096940738,-0.61930641686026422,-0.02275109919361466,2.67412810696907499,-0.81999999999999995,1.62999999999999989
0.03469522310318128,0.06714161505297515,0.04920821409574514,-0.62268093523032564,-0.03033958271094856,2.66733277997975504,-0.81999999999999995,1.62999999999999989
0.03463278735666977,0.06713820323064230,0.04947460720000777,-0.62602972074264063,-0.03789064508249121,2.66052769105651343,-0.81999999999999995,1.62999999999999989
0.03457001801098732,0.06713403816414225,0.04974031931363791,-0.62935294755213234,-0.04540450186976813,2.65371299251121062,-0.81999999999999995,1.62999999999999989
0.03450691761335779,0.06712912356331142,0.05000534948318737,-0.63265078834311794,-0.05288136728893364,2.64688883422170207,-0.81999999999999995,1.62999999999999989
0.03444348869380961,0.06712346311663166,0.05026969677007550,-0.63592341434217148,-0.06032145421715521,2.64005536366608906,-0.81999999999999995,1.62999999999999989
0.03437973376532090,0.06711706049136372,0.05053336025035087,-0.63917099533088373,-0.06772497419905125,2.63321272595643840,-0.81999999999999995,1.62999999999999989
0.03431565532396336,0.06710991933368030,0.05079633901445635,-0.64239369965851933,-0.07509213745317890,2.62636106387197721,-0.81999999999999995,1.62999999999999989
0.03425125584904483,0.06710204326879825,0.05105863216699743,-0.64559169425457041,-0.08242315287856887,2.61950051789177341,-0.81999999999999995,1.62999999999999989
0.03418653780325069,0.06709343590111023,0.05132023882651386,-0.64876514464120849,-0.08971822806130424,2.61263122622690647,-0.81999999999999995,1.62999999999999989
0.03412150363278395,0.06708410081431566,0.05158115812525443,-0.65191421494563295,-0.09697756928114014,2.60575332485213984,-0.81999999999999995,1.62999999999999989
0.03405615576750413,0.06707404157155103,0.05184138920895486,-0.65503906791231825,-0.10420138151816161,2.59886694753710357,-0.81999999999999995,1.62999999999999989
0.03399049662106494,0.06706326171551950,0.05210093123661889,-0.65813986491515841,-0.11138986845947678,2.59197222587699105,-0.81999999999999995,1.62999999999999989
0.03392452859105072,0.06705176476861993,0.05235978338030231,-0.66121676596951040,-0.11854323250594280,2.58506928932278157,-0.81999999999999995,1.62999999999999989
0.03385825405911173,0.06703955423307509,0.05261794482490002,-0.66426992974413579,-0.12566167477892173,2.57815826521099378,-0.81999999999999995,1.62999999999999989
0.03379167539109814,0.06702663359105931,0.05287541476793610,-0.66729951357304174,-0.13274539512706410,2.57123927879298009,-0.81999999999999995,1.62999999999999989
0.03372479493719301,0.06701300630482544,0.05313219241935668,-0.67030567346722114,-0.13979459213311760,2.56431245326376667,-0.81999999999999995,1.62999999999999989
0.03365761503204396,0.06699867581683103,0.05338827700132578,-0.67328856412629268,-0.14680946312075849,2.55737790979044810,-0.81999999999999995,1.62999999999999989
0.03359013799489372,0.06698364554986393,0.05364366774802390,-0.67624833895004077,-0.15379020416144371,2.55043576754014190,-0.81999999999999995,1.62999999999999989
0.03352236612970955,0.06696791890716719,0.05389836390544940,-0.67918515004985591,-0.16073701008128105,2.54348614370751314,-0.81999999999999995,1.62999999999999989
0.03345430172531155,0.06695149927256322,0.05415236473122261,-0.68209914826007645,-0.16765007446791577,2.53652915354187281,-0.81999999999999995,1.62999999999999989
0.03338594705549974,0.06693439001057730,0.05440566949439265,-0.68499048314923106,-0.17452958967743123,2.52956491037385822,-0.81999999999999995,1.62999999999999989
0.03331730437918013,0.06691659446656040,0.05465827747524684,-0.68785930303118359,-0.18137574684126173,2.52259352564170269,-0.81999999999999995,1.62999999999999989
0.03324837594048961,0.06689811596681126,0.05491018796512281,-0.69070575497617981,-0.18818873587311549,2.51561510891709839,-0.81999999999999995,1.62999999999999989
0.03317916396891976,0.06687895781869790,0.05516140026622307,-0.69352998482179717,-0.19496874547590617,2.50862976793066261,-0.81999999999999995,1.62999999999999989
0.03310967067943961,0.06685912331077827,0.05541191369143221,-0.69633213718379738,-0.20171596314869075,2.50163760859701023,-0.81999999999999995,1.62999999999999989
0.03303989827261723,0.06683861571292030,0.05566172756413650,-0.69911235546688333,-0.20843057519361244,2.49463873503944189,-0.81999999999999995,1.62999999999999989
0.03296984893474033,0.06681743827642128,0.05591084121804597,-0.70187078187535956,-0.21511276672284674,2.48763324961424992,-0.81999999999999995,1.62999999999999989
0.03289952483793579,0.06679559423412651,0.05615925399701897,-0.70460755742369796,-0.22176272166554892,2.48062125293465296,-0.81999999999999995,1.62999999999999989
0.03282892814028807,0.06677308680054721,0.05640696525488897,-0.70732282194700868,-0.22838062277480162,2.47360284389436025,-0.81999999999999995,1.62999999999999989
0.03275806098595668,0.06674991917197781,0.05665397435529380,-0.71001671411141665,-0.23496665163456087,2.46657811969077523,-0.81999999999999995,1.62999999999999989
0.03268692550529252,0.06672609452661252,0.05690028067150718,-0.71268937142434441,-0.24152098866659921,2.45954717584784266,-0.81999999999999995,1.62999999999999989
0.03261552381495327,0.06670161602466117,0.05714588358627250,-0.71534093024470247,-0.24804381313744425,2.45251010623854349,-0.81999999999999995,1.62999999999999989
0.03254385801801770,0.06667648680846444,0.05739078249163881,-0.71797152579298640,-0.25453530316531175,2.44546700310704690,-0.81999999999999995,1.62999999999999989
0.03247193020409907,0.06665071000260832,0.05763497678879904,-0.72058129216128242,-0.26099563572703144,2.43841795709051912,-0.81999999999999995,1.62999999999999989
0.03239974244945740,0.06662428871403786,0.05787846588793041,-0.72317036232318110,-0.26742498666496461,2.43136305724060131,-0.81999999999999995,1.62999999999999989
0.03232729681711091,0.06659722603217033,0.05812124920803689,-0.72573886814360122,-0.27382353069391230,2.42430239104455492,-0.81999999999999995,1.62999999999999989
0.03225459535694631,0.06656952502900762,0.05836332617679382,-0.72828694038852237,-0.28019144140801261,2.41723604444608542,-0.81999999999999995,1.62999999999999989
0.03218164010582829,0.06654118875924794,0.05860469623039460,-0.73081470873462839,-0.28652889128762621,2.41016410186584507,-0.81999999999999995,1.62999999999999989
0.03210843308770792,0.06651222026039688,0.05884535881339938,-0.73332230177886193,-0.29283605170620913,2.40308664622162294,-0.81999999999999995,1.62999999999999989
0.03203497631373018,0.06648262255287772,0.05908531337858580,-0.73580984704789021,-0.29911309293717148,2.39600375894822459,-0.81999999999999995,1.62999999999999989
0.03196127178234050,0.06645239864014114,0.05932455938680160,-0.73827747100748331,-0.30536018416072108,2.38891552001704977,-0.81999999999999995,1.62999999999999989
0.03188732147939038,0.06642155150877417,0.05956309630681933,-0.74072529907180484,-0.31157749347069147,2.38182200795536625,-0.81999999999999995,1.62999999999999989
0.03181312737824212,0.06639008412860847,0.05980092361519285,-0.74315345561261648,-0.31776518788135277,2.37472329986529340,-0.81999999999999995,1.62999999999999989
0.03173869143987258,0.06635799945282800,0.06003804079611574,-0.74556206396839608,-0.32392343333420492,2.36761947144249207,-0.81999999999999995,1.62999999999999989
0.03166401561297603,0.06632530041807590,0.06027444734128160,-0.74795124645337041,-0.33005239470475234,2.36051059699456989,-0.81999999999999995,1.62999999999999989
0.03158910183406621,0.06629198994456079,0.06051014274974614,-0.75032112436646359,-0.33615223580925901,2.35339674945920585,-0.81999999999999995,1.62999999999999989
0.03151395202757731,0.06625807093616233,0.06074512652779109,-0.75267181800016070,-0.34222311941148348,2.34627800042199608,-0.81999999999999995,1.62999999999999989
0.03143856810596427,0.06622354628053619,0.06097939818878988,-0.75500344664928842,-0.34826520722939258,2.33915442013402863,-0.81999999999999995,1.62999999999999989
0.03136295196980203,0.06618841884921821,0.06121295725307502,-0.75731612861971254,-0.35427865994185392,2.33202607752918745,-0.81999999999999995,1.62999999999999989
0.03128710550788406,0.06615269149772804,0.06144580324780727,-0.75960998123695289,-0.36026363719530535,2.32489304024119514,-0.81999999999999995,1.62999999999999989
0.03121103059731994,0.06611636706567203,0.06167793570684648,-0.76188512085471727,-0.36622029761040176,2.31775537462039205,-0.81999999999999995,1.62999999999999989
0.03113472910363209,0.06607944837684547,0.06190935417062401,-0.76414166286335361,-0.37214879878863777,2.31061314575026167,-0.81999999999999995,1.62999999999999989
0.03105820288085173,0.06604193823933420,0.06214005818601694,-0.76637972169822210,-0.37804929731894638,2.30346641746370073,-0.81999999999999995,1.62999999999999989
0.03098145377161397,0.06600383944561550,0.06237004730622376,-0.76859941084798755,-0.38392194878427249,2.29631525235904466,-0.81999999999999995,1.62999999999999989
0.03090448360725200,0.06596515477265838,0.06259932109064173,-0.77080084286283235,-0.38976690776812084,2.28915971181584466,-0.81999999999999995,1.62999999999999989
0.03082729420789062,0.06592588698202323,0.06282787910474577,-0.77298412936259098,-0.39558432786107789,2.28199985601040511,-0.81999999999999995,1.62999999999999989
0.03074988738253880,0.06588603881996073,0.06305572091996892,-0.77514938104480668,-0.40137436166730728,2.27483574393108423,-0.81999999999999995,1.62999999999999989
0.03067226492918154,0.06584561301751021,0.06328284611358426,-0.77729670769271075,-0.40713716081101797,2.26766743339336063,-0.81999999999999995,1.62999999999999989
0.03059442863487092,0.06580461229059729,0.06350925426858842,-0.77942621818312485,-0.41287287594290506,2.26049498105466951,-0.81999999999999995,1.62999999999999989
0.03051638027581632,0.06576303934013096,0.06373494497358648,-0.78153802049428767,-0.41858165674656234,2.25331844242901225,-0.81999999999999995,1.62999999999999989
0.03043812161747390,0.06572089685209991,0.06395991782267832,-0.78363222171360591,-0.42426365194486670,2.24613787190134317,-0.81999999999999995,1.62999999999999989
0.03035965441463531,0.06567818749766831,0.06418417241534649,-0.78570892804533055,-0.42991900930633353,2.23895332274173553,-0.81999999999999995,1.62999999999999989
0.03028098041151560,0.06563491393327095,0.06440770835634538,-0.78776824481815866,-0.43554787565144287,2.23176484711933210,-0.81999999999999995,1.62999999999999989
0.03020210134184043,0.06559107880070772,0.06463052525559179,-0.78981027649276159,-0.44115039685893620,2.22457249611608221,-0.81999999999999995,1.62999999999999989
0.03012301892893248,0.06554668472723743,0.06485262272805696,-0.79183512666924050,-0.44672671787208307,2.21737631974026872,-0.81999999999999995,1.62999999999999989
0.03004373488579713,0.06550173432567111,0.06507400039365979,-0.79384289809450925,-0.45227698270491762,2.21017636693982666,-0.81999999999999995,1.62999999999999989
0.02996425091520743,0.06545623019446457,0.06529465787716154,-0.79583369266960513,-0.45780133444844434,2.20297268561546167,-0.81999999999999995,1.62999999999999989
0.02988456870978832,0.06541017491781043,0.06551459480806171,-0.79780761145692924,-0.46329991527681325,2.19576532263356405,-0.81999999999999995,1.62999999999999989
0.02980468995210014,0.06536357106572944,0.06573381082049523,-0.79976475468741548,-0.46877286645346367,2.18855432383892667,-0.81999999999999995,1.62999999999999989
0.02972461631472140,0.06531642119416135,0.06595230555313099,-0.80170522176762982,-0.47422032833723676,2.18133973406726867,-0.81999999999999995,1.62999999999999989
0.02964434946033087,0.06526872784505496,0.06617007864907147,-0.80362911128680037,-0.47964244038845644,2.17412159715756648,-0.81999999999999995,1.62999999999999989
0.02956389104178901,0.06522049354645770,0.06638712975575375,-0.80553652102377815,-0.48503934117497810,2.16689995596419616,-0.81999999999999995,1.62999999999999989
0.02948324270221859,0.06517172081260462,0.06660345852485161,-0.80742754795393012,-0.49041116837820586,2.15967485236888868,-0.81999999999999995,1.62999999999999989
0.02940240607508475,0.06512241214400670,0.06681906461217885,-0.80930228825596451,-0.49575805879907675,2.15244632729250407,-0.81999999999999995,1.62999999999999989
0.02932138278427431,0.06507257002753858,0.06703394767759380,-0.81116083731868860,-0.50108014836401304,2.14521442070662260,-0.81999999999999995,1.62999999999999989
0.02924017444417442,0.06502219693652575,0.06724810738490497,-0.81300328974770064,-0.50637757213084178,2.13797917164495876,-0.81999999999999995,1.62999999999999989
0.02915878265975055,0.06497129533083111,0.06746154340177782,-0.81482973937201542,-0.51165046429468108,2.13074061821459981,-0.81999999999999995,1.62999999999999989
0.02907720902662384,0.06491986765694092,0.06767425539964263,-0.81664027925062499,-0.51689895819379428,2.12349879760707205,-0.81999999999999995,1.62999999999999989
0.02899545513114775,0.06486791634805024,0.06788624305360352,-0.81843500167899397,-0.52212318631540999,2.11625374610923522,-0.81999999999999995,1.62999999999999989
0.02891352255048409,0.06481544382414767,0.06809750604234852,-0.82021399819549112,-0.52732328030150977,2.10900549911401169,-0.81999999999999995,1.62999999999999989
0.02883141285267845,0.06476245249209968,0.06830804404806066,-0.82197735958775731,-0.53249937095458222,2.10175409113094691,-0.81999999999999995,1.62999999999999989
0.02874912759673491,0.06470894474573421,0.06851785675633026,-0.82372517589901018,-0.53765158824334336,2.09449955579661085,-0.81999999999999995,1.62999999999999989
0.02866666833269020,0.06465492296592380,0.06872694385606801,-0.82545753643428643,-0.54278006130842360,2.08724192588483559,-0.81999999999999995,1.62999999999999989
0.02858403660168718,0.06460038952066807,0.06893530503941928,-0.82717452976662198,-0.54788491846802145,2.07998123331679663,-0.81999999999999995,1.62999999999999989
0.02850123393604777,0.06454534676517570,0.06914294000167935,-0.82887624374317104,-0.55296628722352303,2.07271750917093645,-0.81999999999999995,1.62999999999999989
0.02841826185934520,0.06448979704194588,0.06934984844120962,-0.83056276549126373,-0.55802429426508826,2.06545078369273671,-0.81999999999999995,1.62999999999999989
0.02833512188647573,0.06443374268084906,0.06955603005935478,-0.83223418142440420,-0.56305906547720286,2.05818108630433816,-0.81999999999999995,1.62999999999999989
0.02825181552372970,0.06437718599920735,0.06976148456036096,-0.83389057724820803,-0.56807072594419694,2.05090844561400987,-0.81999999999999995,1.62999999999999989
0.02816834426886202,0.06432012930187415,0.06996621165129484,-0.83553203796628117,-0.57305939995572930,2.04363288942547339,-0.81999999999999995,1.62999999999999989
0.02808470961116213,0.06426257488131346,0.07017021104196360,-0.83715864788603955,-0.57802521101223792,2.03635444474708027,-0.81999999999999995,1.62999999999999989
0.02800091303152328,0.06420452501767841,0.07037348244483585,-0.83877049062447084,-0.58296828183035698,2.02907313780084797,-0.81999999999999995,1.62999999999999989
0.02791695600251131,0.06414598197888949,0.07057602557496351,-0.84036764911383832,-0.58788873434829925,2.02178899403135315,-0.81999999999999995,1.62999999999999989
0.02783283998843282,0.06408694802071203,0.07077784014990439,-0.84195020560732758,-0.59278668973120496,2.01450203811448914,-0.81999999999999995,1.62999999999999989
0.02774856644540283,0.06402742538683330,0.07097892588964586,-0.84351824168463685,-0.59766226837645664,2.00721229396608170,-0.81999999999999995,1.62999999999999989
0.02766413682141183,0.06396741630893897,0.07117928251652919,-0.84507183825751053,-0.60251558991895993,1.99991978475037535,-0.81999999999999995,1.62999999999999989
0.02757955255639230,0.06390692300678916,0.07137890975517487,-0.84661107557521798,-0.60734677323639086,1.99262453288838204,-0.81999999999999995,1.62999999999999989
0.02749481508228470,0.06384594768829384,0.07157780733240866,-0.84813603322997633,-0.61215593645440869,1.98532656006610098,-0.81999999999999995,1.62999999999999989
0.02740992582310288,0.06378449254958780,0.07177597497718852,-0.84964679016231892,-0.61694319695183530,1.97802588724260842,-0.81999999999999995,1.62999999999999989
0.02732488619499900,0.06372255977510510,0.07197341242053228,-0.85114342466640980,-0.62170867136580066,1.97072253465801972,-0.81999999999999995,1.62999999999999989
0.02723969760632793,0.06366015153765293,0.07217011939544618,-0.85262601439530428,-0.62645247559685435,1.96341652184132665,-0.81999999999999995,1.62999999999999989
0.02715436145771105,0.06359726999848506,0.07236609563685412,-0.85409463636615635,-0.63117472481404369,1.95610786761810895,-0.81999999999999995,1.62999999999999989
0.02706887914209961,0.06353391730737470,0.07256134088152770,-0.85554936696537343,-0.63587553345995773,1.94879659011812501,-0.81999999999999995,1.62999999999999989
0.02698325204483753,0.06347009560268695,0.07275585486801701,-0.85699028195371874,-0.64055501525573821,1.94148270678278134,-0.81999999999999995,1.62999999999999989
0.02689748154372375,0.06340580701145063,0.07294963733658219,-0.85841745647136236,-0.64521328320605653,1.93416623437248325,-0.81999999999999995,1.62999999999999989
0.02681156900907400,0.06334105364942971,0.07314268802912566,-0.85983096504288026,-0.64985044960405713,1.92684718897386809,-0.81999999999999995,1.62999999999999989
0.02672551580378213,0.06327583762119425,0.07333500668912511,-0.86123088158220318,-0.65446662603626793,1.91952558600692269,-0.81999999999999995,1.62999999999999989
0.02663932328338092,0.06321016102019075,0.07352659306156720,-0.86261727939751442,-0.65906192338747704,1.91220144023198713,-0.81999999999999995,1.62999999999999989
0.02655299279610241,0.06314402592881213,0.07371744689288191,-0.86399023119609863,-0.66363645184557640,1.90487476575664516,-0.81999999999999995,1.62999999999999989
0.02646652568293778,0.06307743441846715,0.07390756793087765,-0.86534980908914017,-0.66819032090637198,1.89754557604250440,-0.81999999999999995,1.62999999999999989
0.02637992327769668,0.06301038854964942,0.07409695592467694,-0.86669608459647307,-0.67272363937836133,1.89021388391186651,-0.81999999999999995,1.62999999999999989
0.02629318690706615,0.06294289037200586,0.07428561062465286,-0.86802912865128223,-0.67723651538747776,1.88287970155428930,-0.81999999999999995,1.62999999999999989
0.02620631789066906,0.06287494192440471,0.07447353178236607,-0.86934901160475631,-0.68172905638180170,1.87554304053304244,-0.81999999999999995,1.62999999999999989
0.02611931754112205,0.06280654523500313,0.07466071915050251,-0.87065580323069314,-0.68620136913623953,1.86820391179145795,-0.81999999999999995,1.62999999999999989
0.02603218716409308,0.06273770232131423,0.07484717248281172,-0.87194957273005769,-0.69065355975716924,1.86086232565917631,-0.81999999999999995,1.62999999999999989
0.02594492805835845,0.06266841519027372,0.07503289153404578,-0.87323038873549319,-0.69508573368705384,1.85351829185829131,-0.81999999999999995,1.62999999999999989
0.02585754151585944,0.06259868583830608,0.07521787605989884,-0.87449831931578592,-0.69949799570902227,1.84617181950939280,-0.81999999999999995,1.62999999999999989
0.02577002882175844,0.06252851625139025,0.07540212581694727,-0.87575343198028366,-0.70389044995141770,1.83882291713751012,-0.81999999999999995,1.62999999999999989
0.02568239125449473,0.06245790840512487,0.07558564056259046,-0.87699579368326896,-0.70826319989231379,1.83147159267795723,-0.81999999999999995,1.62999999999999989
0.02559463008583969,0.06238686426479312,0.07576842005499203,-0.87822547082828706,-0.71261634836399901,1.82411785348208055,-0.81999999999999995,1.62999999999999989
0.02550674658095174,0.06231538578542704,0.07595046405302179,-0.87944252927242872,-0.71694999755742839,1.81676170632291112,-0.81999999999999995,1.62999999999999989
0.02541874199843072,0.06224347491187148,0.07613177231619819,-0.88064703433056890,-0.72126424902664354,1.80940315740072166,-0.81999999999999995,1.62999999999999989
0.02533061759037192,0.06217113357884752,0.07631234460463128,-0.88183905077956148,-0.72555920369316151,1.80204221234849071,-0.81999999999999995,1.62999999999999989
0.02524237460241968,0.06209836371101556,0.07649218067896627,-0.88301864286239040,-0.72983496185033092,1.79467887623727473,-0.81999999999999995,1.62999999999999989
0.02515401427382054,0.06202516722303785,0.07667128030032759,-0.88418587429227713,-0.73409162316765775,1.78731315358148857,-0.81999999999999995,1.62999999999999989
0.02506553783747608,0.06195154601964076,0.07684964323026351,-0.88534080825674599,-0.73832928669509845,1.77994504834409639,-0.81999999999999995,1.62999999999999989
0.02497694651999520,0.06187750199567642,0.07702726923069124,-0.88648350742164628,-0.74254805086732323,1.77257456394171431,-0.81999999999999995,1.62999999999999989
0.02488824154174615,0.06180303703618410,0.07720415806384252,-0.88761403393513316,-0.74674801350794673,1.76520170324962433,-0.81999999999999995,1.62999999999999989
0.02479942411690810,0.06172815301645109,0.07738030949220980,-0.88873244943160579,-0.75092927183372904,1.75782646860670311,-0.81999999999999995,1.62999999999999989
0.02471049545352228,0.06165285180207316,0.07755572327849274,-0.88983881503560502,-0.75509192245874490,1.75044886182026427,-0.81999999999999995,1.62999999999999989
0.02462145675354281,0.06157713524901463,0.07773039918554540,-0.89093319136566984,-0.75923606139852273,1.74306888417081707,-0.81999999999999995,1.62999999999999989
0.02453230921288711,0.06150100520366805,0.07790433697632373,-0.89201563853815280,-0.76336178407415267,1.73568653641674131,-0.81999999999999995,1.62999999999999989
0.02444305402148588,0.06142446350291338,0.07807753641383361,-0.89308621617099571,-0.76746918531636454,1.72830181879888012,-0.81999999999999995,1.62999999999999989
0.02435369236333284,0.06134751197417689,0.07824999726107930,-0.89414498338746506,-0.77155835936957540,1.72091473104505144,-0.81999999999999995,1.62999999999999989
0.02426422541653393,0.06127015243548951,0.07842171928101238,-0.89519199881984823,-0.77562939989590685,1.71352527237447938,-0.81999999999999995,1.62999999999999989
0.02417465435335625,0.06119238669554496,0.07859270223648111,-0.89622732061311006,-0.77968239997917232,1.70613344150214608,-0.81999999999999995,1.62999999999999989
0.02408498034027664,0.06111421655375730,0.07876294589018022,-0.89725100642851074,-0.78371745212883459,1.69873923664306492,-0.81999999999999995,1.62999999999999989
0.02399520453802985,0.06103564380031818,0.07893245000460111,-0.89826311344718524,-0.78773464828393369,1.69134265551647744,-0.81999999999999995,1.62999999999999989
0.02390532810165636,0.06095667021625375,0.07910121434198249,-0.89926369837368447,-0.79173407981698463,1.68394369534997224,-0.81999999999999995,1.62999999999999989
0.02381535218054989,0.06087729757348104,0.07926923866426140,-0.90025281743947838,-0.79571583753784680,1.67654235288352904,-0.81999999999999995,1.62999999999999989
0.02372527791850452,0.06079752763486408,0.07943652273302471,-0.90123052640642165,-0.79968001169756275,1.66913862437348870,-0.81999999999999995,1.62999999999999989
0.02363510645376148,0.06071736215426956,0.07960306630946083,-0.90219688057018244,-0.80362669199216907,1.66173250559644803,-0.81999999999999995,1.62999999999999989
0.02354483891905559,0.06063680287662219,0.07976886915431208,-0.90315193476363353,-0.80755596756647741,1.65432399185308232,-0.81999999999999995,1.62999999999999989
0.02345447644166142,0.06055585153795957,0.07993393102782716,-0.90409574336020748,-0.81146792701782700,1.64691307797189657,-0.81999999999999995,1.62999999999999989
0.02336402014343899,0.06047450986548682,0.08009825168971417,-0.90502836027721512,-0.81536265839980848,1.63949975831290340,-0.81999999999999995,1.62999999999999989
0.02327347114087927,0.06039277957763069,0.08026183089909394,-0.90594983897912829,-0.81924024922595928,1.63208402677123265,-0.81999999999999995,1.62999999999999989
0.02318283054514930,0.06031066238409347,0.08042466841445374,-0.90686023248082681,-0.82310078647343021,1.62466587678066943,-0.81999999999999995,1.62999999999999989
0.02309209946213696,0.06022815998590638,0.08058676399360126,-0.90775959335081013,-0.82694435658662446,1.61724530131712463,-0.81999999999999995,1.62999999999999989
0.02300127899249548,0.06014527407548269,0.08074811739361906,-0.90864797371437345,-0.83077104548080771,1.60982229290203649,-0.81999999999999995,1.62999999999999989
0.02291037023168760,0.06006200633667044,0.08090872837081925,-0.90952542525674973,-0.83458093854569104,1.60239684360570500,-0.81999999999999995,1.62999999999999989
0.02281937427002937,0.05997835844480486,0.08106859668069853,-0.91039199922621672,-0.83837412064898564,1.59496894505055975,-0.81999999999999995,1.62999999999999989
0.02272829219273378,0.05989433206676032,0.08122772207789361,-0.91124774643717010,-0.84215067613992978,1.58753858841436157,-0.81999999999999995,1.62999999999999989
0.02263712507995392,0.05980992886100208,0.08138610431613685,-0.91209271727316210,-0.84591068885278864,1.58010576443333917,-0.81999999999999995,1.62999999999999989
0.02254587400682595,0.05972515047763755,0.08154374314821232,-0.91292696168990717,-0.84965424211032659,1.57267046340526084,-0.81999999999999995,1.62999999999999989
0.02245454004351172,0.05963999855846731,0.08170063832591203,-0.91375052921825384,-0.85338141872725226,1.56523267519244325,-0.81999999999999995,1.62999999999999989
0.02236312425524111,0.05955447473703574,0.08185678959999258,-0.91456346896712326,-0.85709230101363665,1.55779238922469587,-0.81999999999999995,1.62999999999999989
0.02227162770235411,0.05946858063868127,0.08201219672013207,-0.91536582962641555,-0.86078697077830424,1.55034959450220344,-0.81999999999999995,1.62999999999999989
0.02218005144034253,0.05938231788058641,0.08216685943488725,-0.91615765946988292,-0.86446550933219757,1.54290427959834675,-0.81999999999999995,1.62999999999999989
0.02208839651989150,0.05929568807182729,0.08232077749165095,-0.91693900635797077,-0.86812799749171476,1.53545643266246179,-0.81999999999999995,1.62999999999999989
0.02199666398692064,0.05920869281342302,0.08247395063660988,-0.91770991774062660,-0.87177451558202113,1.52800604142253849,-0.81999999999999995,1.62999999999999989
0.02190485488262500,0.05912133369838460,0.08262637861470257,-0.91847044066007721,-0.87540514344033415,1.52055309318785969,-0.81999999999999995,1.62999999999999989
0.02181297024351568,0.05903361231176359,0.08277806116957766,-0.91922062175357422,-0.87901996041918240,1.51309757485157959,-0.81999999999999995,1.62999999999999989
0.02172101110146018,0.05894553023070037,0.08292899804355242,-0.91996050725610823,-0.88261904538963842,1.50563947289324473,-0.81999999999999995,1.62999999999999989
0.02162897848372251,0.05885708902447218,0.08307918897757145,-0.92069014300309215,-0.88620247674452568,1.49817877338125616,-0.81999999999999995,1.62999999999999989
0.02153687341300300,0.05876829025454074,0.08322863371116580,-0.92140957443301330,-0.88977033240160008,1.49071546197527316,-0.81999999999999995,1.62999999999999989
0.02144469690747788,0.05867913547459961,0.08337733198241210,-0.92211884659005527,-0.89332268980670548,1.48324952392856102,-0.81999999999999995,1.62999999999999989
0.02135244998083855,0.05858962623062125,0.08352528352789207,-0.92281800412668924,-0.89685962593690416,1.47578094409028138,-0.81999999999999995,1.62999999999999989
0.02126013364233066,0.05849976406090371,0.08367248808265228,-0.92350709130623487,-0.90038121730358167,1.46830970690772689,-0.81999999999999995,1.62999999999999989
0.02116774889679287,0.05840955049611705,0.08381894538016399,-0.92418615200539200,-0.90388753995552684,1.46083579642849970,-0.81999999999999995,1.62999999999999989
0.02107529674469540,0.05831898705934949,0.08396465515228335,-0.92485522971674194,-0.90737866948198664,1.45335919630263533,-0.81999999999999995,1.62999999999999989
0.02098277818217831,0.05822807526615312,0.08410961712921171,-0.92551436755121952,-0.91085468101569600,1.44587988978467186,-0.81999999999999995,1.62999999999999989
0.02089019420108955,0.05813681662458951,0.08425383103945618,-0.92616360824055621,-0.91431564923588349,1.43839785973566481,-0.81999999999999995,1.62999999999999989
0.02079754578902277,0.05804521263527483,0.08439729660979038,-0.92680299413969369,-0.91776164837125163,1.43091308862514910,-0.81999999999999995,1.62999999999999989
0.02070483392935484,0.05795326479142478,0.08454001356521541,-0.92743256722916889,-0.92119275220293340,1.42342555853304620,-0.81999999999999995,1.62999999999999989
0.02061205960128321,0.05786097457889922,0.08468198162892095,-0.92805236911747013,-0.92460903406742412,1.41593525115151997,-0.81999999999999995,1.62999999999999989
0.02051922377986300,0.05776834347624644,0.08482320052224655,-0.92866244104336526,-0.92801056685948924,1.40844214778678034,-0.81999999999999995,1.62999999999999989
0.02042632743604382,0.05767537295474728,0.08496366996464320,-0.92926282387820136,-0.93139742303504836,1.40094622936083346,-0.81999999999999995,1.62999999999999989
0.02033337153670644,0.05758206447845874,0.08510338967363493,-0.92985355812817627,-0.93476967461403482,1.39344747641318190,-0.81999999999999995,1.62999999999999989
0.02024035704469916,0.05748841950425755,0.08524235936478067,-0.93043468393658235,-0.93812739318323191,1.38594586910247375,-0.81999999999999995,1.62999999999999989
0.02014728491887402,0.05739443948188330,0.08538057875163624,-0.93100624108602292,-0.94147064989908547,1.37844138720809983,-0.81999999999999995,1.62999999999999989
0.02005415611412271,0.05730012585398131,0.08551804754571650,-0.93156826900060075,-0.94479951549049279,1.37093401013174221,-0.81999999999999995,1.62999999999999989
0.01996097158141240,0.05720548005614531,0.08565476545645764,-0.93212080674807973,-0.94811406026156853,1.36342371689887121,-0.81999999999999995,1.62999999999999989
0.01986773226782115,0.05711050351695971,0.08579073219117968,-0.93266389304201913,-0.95141435409438679,1.35591048616019427,-0.81999999999999995,1.62999999999999989
0.01977443911657334,0.05701519765804172,0.08592594745504900,-0.93319756624388117,-0.95470046645170070,1.34839429619305506,-0.81999999999999995,1.62999999999999989
0.01968109306707467,0.05691956389408313,0.08606041095104112,-0.93372186436511173,-0.95797246637963862,1.34087512490278371,-0.81999999999999995,1.62999999999999989
0.01958769505494716,0.05682360363289182,0.08619412237990355,-0.93423682506919459,-0.96123042251037794,1.33335294982399843,-0.81999999999999995,1.62999999999999989
0.01949424601206377,0.05672731827543305,0.08632708144011876,-0.93474248567367912,-0.96447440306479570,1.32582774812185966,-0.81999999999999995,1.62999999999999989
0.01940074686658291,0.05663070921587045,0.08645928782786733,-0.93523888315218218,-0.96770447585509667,1.31829949659327528,-0.81999999999999995,1.62999999999999989
0.01930719854298276,0.05653377784160676,0.08659074123699115,-0.93572605413636323,-0.97092070828741939,1.31076817166805948,-0.81999999999999995,1.62999999999999989
0.01921360196209535,0.05643652553332429,0.08672144135895679,-0.93620403491787441,-0.97412316736441951,1.30323374941004388,-0.81999999999999995,1.62999999999999989
0.01911995804114045,0.05633895366502514,0.08685138788281897,-0.93667286145028417,-0.97731191968783082,1.29569620551814157,-0.81999999999999995,1.62999999999999989
0.01902626769375931,0.05624106360407121,0.08698058049518408,-0.93713256935097566,-0.98048703146100458,1.28815551532736450,-0.81999999999999995,1.62999999999999989
0.01893253183004817,0.05614285671122386,0.08710901888017383,-0.93758319390301970,-0.98364856849142657,1.28061165380979491,-0.81999999999999995,1.62999999999999989
0.01883875135659161,0.05604433434068337,0.08723670271938909,-0.93802477005702223,-0.98679659619321225,1.27306459557551088,-0.81999999999999995,1.62999999999999989
0.01874492717649568,0.05594549784012822,0.08736363169187362,-0.93845733243294693,-0.98993117958958021,1.26551431487346466,-0.81999999999999995,1.62999999999999989
0.01865106018942089,0.05584634855075397,0.08748980547407810,-0.93888091532191276,-0.99305238331530443,1.25796078559231739,-0.81999999999999995,1.62999999999999989
0.01855715129161504,0.05574688780731206,0.08761522373982404,-0.93929555268796638,-0.99616027161914422,1.25040398126122709,-0.81999999999999995,1.62999999999999989
0.01846320137594575,0.05564711693814822,0.08773988616026797,-0.93970127816983018,-0.99925490836625341,1.24284387505059168,-0.81999999999999995,1.62999999999999989
0.01836921133193302,0.05554703726524075,0.08786379240386553,-0.94009812508262580,-1.00233635704056812,1.23528043977274771,-0.81999999999999995,1.62999999999999989
0.01827518204578141,0.05544665010423855,0.08798694213633573,-0.94048612641957252,-1.00540468074717304,1.22771364788262427,-0.81999999999999995,1.62999999999999989
0.01818111440041219,0.05534595676449881,0.08810933502062521,-0.94086531485366243,-1.00845994221464696,1.22014347147835212,-0.81999999999999995,1.62999999999999989
0.01808700927549528,0.05524495854912464,0.08823097071687261,-0.94123572273931022,-1.01150220379738709,1.21256988230182872,-0.81999999999999995,1.62999999999999989
0.01799286754748101,0.05514365675500228,0.08835184888237299,-0.94159738211397981,-1.01453152747791342,1.20499285173923920,-0.81999999999999995,1.62999999999999989
0.01789869008963177,0.05504205267283823,0.08847196917154225,-0.94195032469978668,-1.01754797486915027,1.19741235082153352,-0.81999999999999995,1.62999999999999989
0.01780447777205340,0.05494014758719611,0.08859133123588163,-0.94229458190507598,-1.02055160721668980,1.18982835022485989,-0.81999999999999995,1.62999999999999989
0.01771023146172657,0.05483794277653321,0.08870993472394227,-0.94263018482597771,-1.02354248540103310,1.18224082027095467,-0.81999999999999995,1.62999999999999989
0.01761595202253784,0.05473543951323696,0.08882777928128979,-0.94295716424793774,-1.02652066993981150,1.17464973092748903,-0.81999999999999995,1.62999999999999989
0.01752164031531074,0.05463263906366109,0.08894486455046888,-0.94327555064722535,-1.02948622098998754,1.16705505180837199,-0.81999999999999995,1.62999999999999989
0.01742729719783654,0.05452954268816153,0.08906119017096793,-0.94358537419241750,-1.03243919835003539,1.15945675217401067,-0.81999999999999995,1.62999999999999989
0.01733292352490498,0.05442615164113224,0.08917675577918371,-0.94388666474585969,-1.03537966146210181,1.15185480093152792,-0.81999999999999995,1.62999999999999989
0.01723852014833484,0.05432246717104067,0.08929156100838608,-0.94417945186510377,-1.03830766941414621,1.14424916663493637,-0.81999999999999995,1.62999999999999989
0.01714408791700431,0.05421849052046312,0.08940560548868258,-0.94446376480432248,-1.04122328094206162,1.13663981748527032,-0.81999999999999995,1.62999999999999989
0.01704962767688125,0.05411422292611977,0.08951888884698328,-0.94473963251570114,-1.04412655443177482,1.12902672133067483,-0.81999999999999995,1.62999999999999989
0.01695514027105339,0.05400966561890968,0.08963141070696538,-0.94500708365080621,-1.04701754792132773,1.12140984566645252,-0.81999999999999995,1.62999999999999989
0.01686062653975825,0.05390481982394536,0.08974317068903799,-0.94526614656193120,-1.04989631910293801,1.11378915763506781,-0.81999999999999995,1.62999999999999989
0.01676608732041301,0.05379968676058732,0.08985416841030680,-0.94551684930341973,-1.05276292532504145,1.10616462402610916,-0.81999999999999995,1.62999999999999989
0.01667152344764431,0.05369426764247836,0.08996440348453884,-0.94575921963296583,-1.05561742359431321,1.09853621127620826,-0.81999999999999995,1.62999999999999989
0.01657693575331777,0.05358856367757758,0.09007387552212712,-0.94599328501289193,-1.05845987057767132,1.09090388546891814,-0.81999999999999995,1.62999999999999989
0.01648232506656748,0.05348257606819432,0.09018258413005537,-0.94621907261140403,-1.06129032260425915,1.08326761233454882,-0.81999999999999995,1.62999999999999989
0.01638769221382538,0.05337630601102178,0.09029052891186268,-0.94643660930382467,-1.06410883566741021,1.07562735724996039,-0.81999999999999995,1.62999999999999989
0.01629303801885049,0.05326975469717057,0.09039770946760813,-0.94664592167380324,-1.06691546542659266,1.06798308523831498,-0.81999999999999995,1.62999999999999989
0.01619836330275796,0.05316292331220195,0.09050412539383541,-0.94684703601450426,-1.06971026720933504,1.06033476096878609,-0.81999999999999995,1.62999999999999989
0.01610366888404814,0.05305581303616094,0.09060977628353745,-0.94703997832977327,-1.07249329601313348,1.05268234875622646,-0.81999999999999995,1.62999999999999989
0.01600895557863537,0.05294842504360926,0.09071466172612090,-0.94722477433528074,-1.07526460650733902,1.04502581256079385,-0.81999999999999995,1.62999999999999989
0.01591422419987682,0.05284076050365798,0.09081878130737069,-0.94740144945964333,-1.07802425303502658,1.03736511598753478,-0.81999999999999995,1.62999999999999989
0.01581947555860110,0.05273282058000013,0.09092213460941447,-0.94757002884552366,-1.08077228961484550,1.02970022228592728,-0.81999999999999995,1.62999999999999989
0.01572471046313678,0.05262460643094302,0.09102472121068705,-0.94773053735070778,-1.08350876994285072,1.02203109434938022,-0.81999999999999995,1.62999999999999989
0.01562992971934088,0.05251611920944040,0.09112654068589476,-0.94788299954916089,-1.08623374739431533,1.01435769471469284,-0.81999999999999995,1.62999999999999989
0.01553513413062717,0.05240736006312446,0.09122759260597973,-0.94802743973206072,-1.08894727502552469,1.00667998556147054,-0.81999999999999995,1.62999999999999989
0.01544032449799439,0.05229833013433764,0.09132787653808419,-0.94816388190880929,-1.09164940557555257,0.99899792871149973,-0.81999999999999995,1.62999999999999989
0.01534550162005438,0.05218903056016424,0.09142739204551462,-0.94829234980802302,-1.09434019146801753,0.99131148562808069,-0.81999999999999995,1.62999999999999989
0.01525066629306012,0.05207946247246192,0.09152613868770586,-0.94841286687850068,-1.09701968481282219,0.98362061741531837,-0.81999999999999995,1.62999999999999989
0.01515581931093368,0.05196962699789297,0.09162411602018521,-0.94852545629016971,-1.09968793740787363,0.97592528481737106,-0.81999999999999995,1.62999999999999989
0.01506096146529403,0.05185952525795540,0.09172132359453632,-0.94863014093501086,-1.10234500074078490,0.96822544821765733,-0.81999999999999995,1.62999999999999989
0.01496609354548479,0.05174915836901391,0.09181776095836311,-0.94872694342796104,-1.10499092599055926,0.96052106763802059,-0.81999999999999995,1.62999999999999989
0.01487121633860193,0.05163852744233065,0.09191342765525361,-0.94881588610779466,-1.10762576402925594,0.95281210273785155,-0.81999999999999995,1.62999999999999989
0.01477633062952128,0.05152763358409586,0.09200832322474357,-0.94889699103798275,-1.11024956542363751,0.94509851281316870,-0.81999999999999995,1.62999999999999989
0.01468143720092607,0.05141647789545829,0.09210244720228020,-0.94897028000753136,-1.11286238043679941,0.93738025679565584,-0.81999999999999995,1.62999999999999989
0.01458653683333434,0.05130506147255550,0.09219579911918555,-0.94903577453179744,-1.11546425902978119,0.92965729325165780,-0.81999999999999995,1.62999999999999989
0.01449163030512620,0.05119338540654399,0.09228837850262003,-0.94909349585328362,-1.11805525086316004,0.92192958038113315,-0.81999999999999995,1.62999999999999989
0.01439671839257115,0.05108145078362913,0.09238018487554570,-0.94914346494241097,-1.12063540529862649,0.91419707601656486,-0.81999999999999995,1.62999999999999989
0.01430180186985522,0.05096925868509505,0.09247121775668940,-0.94918570249827094,-1.12320477140054176,0.90645973762182763,-0.81999999999999995,1.62999999999999989
0.01420688150910805,0.05085681018733420,0.09256147666050592,-0.94922022894935454,-1.12576339793747748,0.89871752229101243,-0.81999999999999995,1.62999999999999989
0.01411195808042995,0.05074410636187692,0.09265096109714090,-0.94924706445426088,-1.12831133338373779,0.89097038674720852,-0.81999999999999995,1.62999999999999989
0.01401703235191882,0.05063114827542077,0.09273967057239368,-0.94926622890238377,-1.13084862592086344,0.88321828734124175,-0.81999999999999995,1.62999999999999989
0.01392210508969707,0.05051793698985973,0.09282760458768005,-0.94927774191457659,-1.13337532343911818,0.87546118005036988,-0.81999999999999995,1.62999999999999989
0.01382717705793841,0.05040447356231325,0.09291476263999475,-0.94928162284379569,-1.13589147353895759,0.86769902047693426,-0.81999999999999995,1.62999999999999989
0.01373224901889462,0.05029075904515517,0.09300114422187397,-0.94927789077572200,-1.13839712353247990,0.85993176384696812,-0.81999999999999995,1.62999999999999989
0.01363732173292228,0.05017679448604248,0.09308674882135763,-0.94926656452936120,-1.14089232044485933,0.85215936500876088,-0.81999999999999995,1.62999999999999989
0.01354239595850933,0.05006258092794394,0.09317157592195152,-0.94924766265762195,-1.14337711101576178,0.84438177843137840,-0.81999999999999995,1.62999999999999989
0.01344747245230176,0.04994811940916855,0.09325562500258931,-0.94922120344787286,-1.14585154170074333,0.83659895820313956,-0.81999999999999995,1.62999999999999989
0.01335255196913002,0.04983341096339392,0.09333889553759442,-0.94918720492247699,-1.14831565867263063,0.82881085803004773,-0.81999999999999995,1.62999999999999989
0.01325763526203559,0.04971845661969445,0.09342138699664167,-0.94914568483930550,-1.15076950782288345,0.82101743123417847,-0.81999999999999995,1.62999999999999989
0.01316272308229736,0.04960325740256939,0.09350309884471883,-0.94909666069222853,-1.15321313476294085,0.81321863075202172,-0.81999999999999995,1.62999999999999989
0.01306781617945801,0.04948781433197082,0.09358403054208796,-0.94904014971158512,-1.15564658482554861,0.80541440913277929,-0.81999999999999995,1.62999999999999989
0.01297291530135033,0.04937212842333140,0.09366418154424661,-0.94897616886463088,-1.15806990306606994,0.79760471853661752,-0.81999999999999995,1.62999999999999989
0.01287802119412354,0.04925620068759208,0.09374355130188881,-0.94890473485596349,-1.16048313426377803,0.78978951073287340,-0.81999999999999995,1.62999999999999989
0.01278313460226952,0.04914003213122964,0.09382213926086594,-0.94882586412792669,-1.16288632292313188,0.78196873709821624,-0.81999999999999995,1.62999999999999989
0.01268825626864900,0.04902362375628409,0.09389994486214730,-0.94873957286099186,-1.16527951327503398,0.77414234861476217,-0.81999999999999995,1.62999999999999989
0.01259338693451773,0.04890697656038598,0.09397696754178059,-0.94864587697411806,-1.16766274927807090,0.76631029586814314,-0.81999999999999995,1.62999999999999989
0.01249852733955266,0.04879009153678358,0.09405320673085220,-0.94854479212508924,-1.17003607461973602,0.75847252904552909,-0.81999999999999995,1.62999999999999989
0.01240367822187797,0.04867296967436989,0.09412866185544720,-0.94843633371082958,-1.17239953271763531,0.75062899793360305,-0.81999999999999995,1.62999999999999989
0.01230884031809120,0.04855561195770961,0.09420333233660924,-0.94832051686769681,-1.17475316672067542,0.74277965191648987,-0.81999999999999995,1.62999999999999989
0.01221401436328927,0.04843801936706594,0.09427721759030014,-0.94819735647175285,-1.17709701951023371,0.73492443997363632,-0.81999999999999995,1.62999999999999989
0.01211920109109449,0.04832019287842725,0.09435031702735935,-0.94806686713901200,-1.17943113370131170,0.72706331067764451,-0.81999999999999995,1.62999999999999989
0.01202440123368056,0.04820213346353371,0.09442263005346317,-0.94792906322566683,-1.18175555164367063,0.71919621219205665,-0.81999999999999995,1.62999999999999989
0.01192961552179857,0.04808384208990369,0.09449415606908369,-0.94778395882829158,-1.18407031542294883,0.71132309226909152,-0.81999999999999995,1.62999999999999989
0.01183484468480288,0.04796531972086020,0.09456489446944755,-0.94763156778402247,-1.18637546686176321,0.70344389824733211,-0.81999999999999995,1.62999999999999989
0.01174008945067715,0.04784656731555707,0.09463484464449447,-0.94747190367071576,-1.18867104752079089,0.69555857704936430,-0.81999999999999995,1.62999999999999989
0.01164535054606016,0.04772758582900512,0.09470400597883553,-0.94730497980708261,-1.19095709869983568,0.68766707517936565,-0.81999999999999995,1.62999999999999989
0.01155062869627183,0.04760837621209819,0.09477237785171123,-0.94713080925280113,-1.19323366143887521,0.67976933872064482,-0.81999999999999995,1.62999999999999989
0.01145592462533902,0.04748893941163906,0.09483995963694923,-0.94694940480860534,-1.19550077651909081,0.67186531333313038,-0.81999999999999995,1.62999999999999989
0.01136123905602146,0.04736927637036530,0.09490675070292190,-0.94676077901635081,-1.19775848446388067,0.66395494425080881,-0.81999999999999995,1.62999999999999989
0.01126657270983767,0.04724938802697499,0.09497275041250362,-0.94656494415905745,-1.20000682553985372,0.65603817627911210,-0.81999999999999995,1.62999999999999989
0.01117192630709076,0.04712927531615235,0.09503795812302777,-0.94636191226092836,-1.20224583975780708,0.64811495379225303,-0.81999999999999995,1.62999999999999989
0.01107730056689441,0.04700893916859326,0.09510237318624347,-0.94615169508734565,-1.20447556687368573,0.64018522073050910,-0.81999999999999995,1.62999999999999989
0.01098269620719867,0.04688838051103072,0.09516599494827206,-0.94593430414484225,-1.20669604638952288,0.63224892059745375,-0.81999999999999995,1.62999999999999989
0.01088811394481590,0.04676760026626016,0.09522882274956329,-0.94570975068105023,-1.20890731755436454,0.62430599645713492,-0.81999999999999995,1.62999999999999989
0.01079355449544663,0.04664659935316474,0.09529085592485122,-0.94547804568462490,-1.21110941936517458,0.61635639093120043,-0.81999999999999995,1.62999999999999989
0.01069901857370549,0.04652537868674050,0.09535209380310981,-0.94523919988514526,-1.21330239056772271,0.60840004619596921,-0.81999999999999995,1.62999999999999989
0.01060450689314711,0.04640393917812140,0.09541253570750829,-0.94499322375298977,-1.21548626965745421,0.60043690397944893,-0.81999999999999995,1.62999999999999989
0.01051002016629203,0.04628228173460434,0.09547218095536615,-0.94474012749918823,-1.21766109488034191,0.59246690555829795,-0.81999999999999995,1.62999999999999989
0.01041555910465269,0.04616040725967409,0.09553102885810781,-0.94447992107524881,-1.21982690423371887,0.58448999175473315,-0.81999999999999995,1.62999999999999989
0.01032112441875934,0.04603831665302804,0.09558907872121711,-0.94421261417296076,-1.22198373546709482,0.57650610293338078,-0.81999999999999995,1.62999999999999989
0.01022671681818606,0.04591601081060103,0.09564632984419130,-0.94393821622417218,-1.22413162608295223,0.56851517899807191,-0.81999999999999995,1.62999999999999989
0.01013233701157675,0.04579349062458994,0.09570278152049487,-0.94365673640054226,-1.22627061333752607,0.56051715938858071,-0.81999999999999995,1.62999999999999989
0.01003798570667116,0.04567075698347833,0.09575843303751293,-0.94336818361326935,-1.22840073424156349,0.55251198307730487,-0.81999999999999995,1.62999999999999989
0.00994366361033095,0.04554781077206090,0.09581328367650430,-0.94307256651279292,-1.23052202556106627,0.54449958856588887,-0.81999999999999995,1.62999999999999989
0.00984937142856581,0.04542465287146799,0.09586733271255432,-0.94276989348847018,-1.23263452381801364,0.53647991388178795,-0.81999999999999995,1.62999999999999989
0.00975510986655954,0.04530128415918989,0.09592057941452721,-0.94246017266822724,-1.23473826529106745,0.52845289657477312,-0.81999999999999995,1.62999999999999989
0.00966087962869624,0.04517770550910116,0.09597302304501812,-0.94214341191818363,-1.23683328601625830,0.52041847371337635,-0.81999999999999995,1.62999999999999989
0.00956668141858651,0.04505391779148489,0.09602466286030485,-0.94181961884225185,-1.23891962178765214,0.51237658188127533,-0.81999999999999995,1.62999999999999989
0.00947251593909369,0.04492992187305680,0.09607549811029920,-0.94148880078170927,-1.24099730815799880,0.50432715717361720,-0.81999999999999995,1.62999999999999989
0.00937838389236013,0.04480571861698938,0.09612552803849785,-0.94115096481474458,-1.24306638043936180,0.49627013519328039,-0.81999999999999995,1.62999999999999989
0.00928428597983354,0.04468130888293596,0.09617475188193302,-0.94080611775597678,-1.24512687370372777,0.48820545104707436,-0.81999999999999995,1.62999999999999989
0.00919022290229338,0.04455669352705459,0.09622316887112266,-0.94045426615594752,-1.24717882278359760,0.48013303934187579,-0.81999999999999995,1.62999999999999989
0.00909619535987727,0.04443187340203206,0.09627077823002023,-0.94009541630058602,-1.24922226227255817,0.47205283418070138,-0.81999999999999995,1.62999999999999989
0.00900220405210750,0.04430684935710773,0.09631757917596415,-0.93972957421064662,-1.25125722652583438,0.46396476915871598,-0.81999999999999995,1.62999999999999989
0.00890824967791754,0.04418162223809731,0.09636357091962677,-0.93935674564111871,-1.25328374966082134,0.45586877735917553,-0.81999999999999995,1.62999999999999989
0.00881433293567871,0.04405619288741665,0.09640875266496303,-0.93897693608060850,-1.25530186555759804,0.44776479134930386,-0.81999999999999995,1.62999999999999989
0.00872045452322681,0.04393056214410543,0.09645312360915859,-0.93859015075069263,-1.25731160785941953,0.43965274317610303,-0.81999999999999995,1.62999999999999989
0.00862661513788883,0.04380473084385084,0.09649668294257763,-0.93819639460524340,-1.25931300997319062,0.43153256436209592,-0.81999999999999995,1.62999999999999989
0.00853281547650983,0.04367869981901117,0.09653942984871018,-0.93779567232972505,-1.26130610506991836,0.42340418590100054,-0.81999999999999995,1.62999999999999989
0.00843905623547975,0.04355246989863938,0.09658136350411903,-0.93738798834046122,-1.26329092608514482,0.41526753825333546,-0.81999999999999995,1.62999999999999989
0.00834533811076039,0.04342604190850665,0.09662248307838615,-0.93697334678387312,-1.26526750571935964,0.40712255134195480,-0.81999999999999995,1.62999999999999989
0.00825166179791243,0.04329941667112583,0.09666278773405876,-0.93655175153568759,-1.26723587643839175,0.39896915454751286,-0.81999999999999995,1.62999999999999989
0.00815802799212257,0.04317259500577491,0.09670227662659481,-0.93612320620011591,-1.26919607047378014,0.39080727670385695,-0.81999999999999995,1.62999999999999989
0.00806443738823066,0.04304557772852043,0.09674094890430811,-0.93568771410900209,-1.27114811982312448,0.38263684609334764,-0.81999999999999995,1.62999999999999989
0.00797089068075707,0.04291836565224084,0.09677880370831293,-0.93524527832094051,-1.27309205625041377,0.37445779044210559,-0.81999999999999995,1.62999999999999989
0.00787738856392996,0.04279095958664988,0.09681584017246815,-0.93479590162036275,-1.27502791128633497,0.36627003691518406,-0.81999999999999995,1.62999999999999989
0.00778393173171283,0.04266336033831986,0.09685205742332090,-0.93433958651659355,-1.27695571622855875,0.35807351211166605,-0.81999999999999995,1.62999999999999989
0.00769052087783204,0.04253556871070495,0.09688745458004970,-0.93387633524287472,-1.27887550214200529,0.34986814205968536,-0.81999999999999995,1.62999999999999989
0.00759715669580445,0.04240758550416449,0.09692203075440714,-0.93340614975535774,-1.28078729985908701,0.34165385221137018,-0.81999999999999995,1.62999999999999989
0.00750383987896522,0.04227941151598616,0.09695578505066199,-0.93292903173206354,-1.28269113997992967,0.33343056743770871,-0.81999999999999995,1.62999999999999989
0.00741057112049566,0.04215104754040926,0.09698871656554085,-0.93244498257181008,-1.28458705287257202,0.32519821202333549,-0.81999999999999995,1.62999999999999989
0.00731735111345120,0.04202249436864788,0.09702082438816927,-0.93195400339310708,-1.28647506867314232,0.31695670966123729,-0.81999999999999995,1.62999999999999989
0.00722418055078947,0.04189375278891406,0.09705210760001226,-0.93145609503301696,-1.28835521728601243,0.30870598344737804,-0.81999999999999995,1.62999999999999989
0.00713106012539855,0.04176482358644101,0.09708256527481436,-0.93095125804598233,-1.29022752838392929,0.30044595587524098,-0.81999999999999995,1.62999999999999989
0.00703799053012521,0.04163570754350623,0.09711219647853911,-0.93043949270261928,-1.29209203140812301,0.29217654883028754,-0.81999999999999995,1.62999999999999989
0.00694497245780344,0.04150640543945468,0.09714100026930796,-0.92992079898847624,-1.29394875556839239,0.28389768358433159,-0.81999999999999995,1.62999999999999989
0.00685200660128295,0.04137691805072190,0.09716897569733861,-0.92939517660275783,-1.29579772984316643,0.27560928078982794,-0.81999999999999995,1.62999999999999989
0.00675909365345793,0.04124724615085715,0.09719612180488281,-0.92886262495701299,-1.29763898297954161,0.26731126047407383,-0.81999999999999995,1.62999999999999989
0.00666623430729585,0.04111739051054657,0.09722243762616353,-0.92832314317378783,-1.29947254349329677,0.25900354203332243,-0.81999999999999995,1.62999999999999989
0.00657342925586640,0.04098735189763627,0.09724792218731157,-0.92777673008524197,-1.30129843966888159,0.25068604422680690,-0.81999999999999995,1.62999999999999989
0.00648067919237067,0.04085713107715547,0.09727257450630154,-0.92722338423172801,-1.30311669955938259,0.24235868517067394,-0.81999999999999995,1.62999999999999989
0.00638798481017036,0.04072672881133968,0.09729639359288726,-0.92666310386033390,-1.30492735098646295,0.23402138233182559,-0.81999999999999995,1.62999999999999989
0.00629534680281717,0.04059614585965379,0.09731937844853653,-0.92609588692338773,-1.30673042154027819,0.22567405252166778,-0.81999999999999995,1.62999999999999989
0.00620276586408237,0.04046538297881529,0.09734152806636522,-0.92552173107692437,-1.30852593857936550,0.21731661188976453,-0.81999999999999995,1.62999999999999989
0.00611024268798653,0.04033444092281736,0.09736284143107081,-0.92494063367911317,-1.31031392923050793,0.20894897591739639,-0.81999999999999995,1.62999999999999989
0.00601777796882934,0.04020332044295213,0.09738331751886525,-0.92435259178864670,-1.31209442038857338,0.20057105941102177,-0.81999999999999995,1.62999999999999989
0.00592537240121967,0.04007202228783384,0.09740295529740708,-0.92375760216308989,-1.31386743871632605,0.19218277649563961,-0.81999999999999995,1.62999999999999989
0.00583302668010576,0.03994054720342204,0.09742175372573302,-0.92315566125718851,-1.31563301064421156,0.18378404060805228,-0.81999999999999995,1.62999999999999989
0.00574074150080559,0.03980889593304490,0.09743971175418874,-0.92254676522113754,-1.31739116237011600,0.17537476449002698,-0.81999999999999995,1.62999999999999989
0.00564851755903743,0.03967706921742242,0.09745682832435908,-0.92193090989880733,-1.31914191985909679,0.16695486018135425,-0.81999999999999995,1.62999999999999989
0.00555635555095054,0.03954506779468976,0.09747310236899744,-0.92130809082592857,-1.32088530884308608,0.15852423901280213,-0.81999999999999995,1.62999999999999989
0.00546425617315610,0.03941289240042053,0.09748853281195456,-0.92067830322823452,-1.32262135482056675,0.15008281159896444,-0.81999999999999995,1.62999999999999989
0.00537222012275828,0.03928054376765022,0.09750311856810653,-0.92004154201955990,-1.32435008305621982,0.14163048783100143,-0.81999999999999995,1.62999999999999989
0.00528024809738556,0.03914802262689952,0.09751685854328210,-0.91939780179989627,-1.32607151858054229,0.13316717686927146,-0.81999999999999995,1.62999999999999989
0.00518834079522221,0.03901532970619780,0.09752975163418914,-0.91874707685340340,-1.32778568618943749,0.12469278713585187,-0.81999999999999995,1.62999999999999989
0.00509649891503991,0.03888246573110662,0.09754179672834057,-0.91808936114637474,-1.32949261044377431,0.11620722630694748,-0.81999999999999995,1.62999999999999989
0.00500472315622974,0.03874943142474320,0.09755299270397927,-0.91742464832515813,-1.33119231566891782,0.10771040130518500,-0.81999999999999995,1.62999999999999989
0.00491301421883421,0.03861622750780402,0.09756333843000239,-0.91675293171402983,-1.33288482595422919,0.09920221829179161,-0.81999999999999995,1.62999999999999989
0.00482137280357960,0.03848285469858844,0.09757283276588483,-0.91607420431302167,-1.33457016515253413,0.09068258265865591,-0.81999999999999995,1.62999999999999989
0.00472979961190848,0.03834931371302241,0.09758147456160182,-0.91538845879570030,-1.33624835687956156,0.08215139902026942,-0.81999999999999995,1.62999999999999989
0.00463829534601251,0.03821560526468216,0.09758926265755088,-0.91469568750689823,-1.33791942451334922,0.07360857120554704,-0.81999999999999995,1.62999999999999989
0.00454686070886535,0.03808173006481804,0.09759619588447278,-0.91399588246039554,-1.33958339119361836,0.06505400224952405,-0.81999999999999995,1.62999999999999989
0.00445549640425599,0.03794768882237838,0.09760227306337176,-0.91328903533655204,-1.34124027982111560,0.05648759438492845,-0.81999999999999995,1.62999999999999989
0.00436420313682212,0.03781348224403339,0.09760749300543482,-0.91257513747988839,-1.34289011305692085,0.04790924903362594,-0.81999999999999995,1.62999999999999989
0.00427298161208389,0.03767911103419921,0.09761185451195029,-0.91185417989661588,-1.34453291332172298,0.03931886679793622,-0.81999999999999995,1.62999999999999989
0.00418183253647782,0.03754457589506195,0.09761535637422536,-0.91112615325211432,-1.34616870279506107,0.03071634745181804,-0.81999999999999995,1.62999999999999989
0.00409075661739108,0.03740987752660185,0.09761799737350284,-0.91039104786835634,-1.34779750341453064,0.02210158993192127,-0.81999999999999995,1.62999999999999989
0.00399975456319590,0.03727501662661754,0.09761977628087695,-0.90964885372127813,-1.34941933687495519,0.01347449232850374,-0.81999999999999995,1.62999999999999989
0.00390882708328433,0.03713999389075031,0.09762069185720826,-0.90889956043809550,-1.35103422462752198,0.00483495187621068,-0.81999999999999995,1.62999999999999989
0.00381797488810326,0.03700481001250859,0.09762074285303760,-0.90814315729456385,-1.35264218787888213,-0.00381713505528542,-0.81999999999999995,1.62999999999999989
0.00372719868918967,0.03686946568329239,0.09761992800849913,-0.90737963321218229,-1.35424324759021308,-0.01248187297078680,-0.81999999999999995,1.62999999999999989
0.00363649919920626,0.03673396159241791,0.09761824605323241,-0.90660897675533991,-1.35583742447624434,-0.02115936725921646,-0.81999999999999995,1.62999999999999989
0.00354587713197723,0.03659829842714225,0.09761569570629351,-0.90583117612840380,-1.35742473900424510,-0.02984972420341079,-0.81999999999999995,1.62999999999999989
0.00345533320252449,0.03646247687268821,0.09761227567606509,-0.90504621917274775,-1.35900521139297314,-0.03855305099006098,-0.81999999999999995,1.62999999999999989
0.00336486812710407,0.03632649761226918,0.09760798466016551,-0.90425409336372053,-1.36057886161158481,-0.04726945571980569,-0.81999999999999995,1.62999999999999989
0.00327448262324292,0.03619036132711414,0.09760282134535700,-0.90345478580755345,-1.36214570937850499,-0.05599904741747765,-0.81999999999999995,1.62999999999999989
0.00318417740977594,0.03605406869649283,0.09759678440745261,-0.90264828323820456,-1.36370577416025629,-0.06474193604250646,-0.81999999999999995,1.62999999999999989
0.00309395320688337,0.03591762039774099,0.09758987251122228,-0.90183457201414075,-1.36525907517024758,-0.07349823249948034,-0.81999999999999995,1.62999999999999989
0.00300381073612854,0.03578101710628572,0.09758208431029783,-0.90101363811505431,-1.36680563136752031,-0.08226804864886955,-0.81999999999999995,1.62999999999999989
0.00291375072049586,0.03564425949567098,0.09757341844707673,-0.90018546713851488,-1.36834546145545199,-0.09105149731791390,-0.81999999999999995,1.62999999999999989
0.00282377388442927,0.03550734823758325,0.09756387355262498,-0.89935004429655419,-1.36987858388041661,-0.09984869231167748,-0.81999999999999995,1.62999999999999989
0.00273388095387088,0.03537028400187725,0.09755344824657869,-0.89850735441218310,-1.37140501683040084,-0.10865974842427312,-0.81999999999999995,1.62999999999999989
0.00264407265630014,0.03523306745660191,0.09754214113704462,-0.89765738191584010,-1.37292477823357562,-0.11748478145025959,-0.81999999999999995,1.62999999999999989
0.00255434972077321,0.03509569926802638,0.09752995082049960,-0.89680011084176925,-1.37443788575682158,-0.12632390819621450,-0.81999999999999995,1.62999999999999989
0.00246471287796280,0.03495818010066625,0.09751687588168868,-0.89593552482432692,-1.37594435680420801,-0.13517724649248575,-0.81999999999999995,1.62999999999999989
0.00237516286019833,0.03482051061730992,0.09750291489352222,-0.89506360709421595,-1.37744420851542526,-0.14404491520512483,-0.81999999999999995,1.62999999999999989
0.00228570040150649,0.03468269147904509,0.09748806641697168,-0.89418434047464612,-1.37893745776416754,-0.15292703424800483,-0.81999999999999995,1.62999999999999989
0.00219632623765220,0.03454472334528547,0.09747232900096420,-0.89329770737741887,-1.38042412115646851,-0.16182372459512642,-0.81999999999999995,1.62999999999999989
0.00210704110617993,0.03440660687379763,0.09745570118227602,-0.89240368979893636,-1.38190421502898508,-0.17073510829311531,-0.81999999999999995,1.62999999999999989
0.00201784574645543,0.03426834272072799,0.09743818148542456,-0.89150226931613163,-1.38337775544723152,-0.17966130847391409,-0.81999999999999995,1.62999999999999989
0.00192874089970794,0.03412993154063008,0.09741976842255924,-0.89059342708232048,-1.38484475820376107,-0.18860244936767218,-0.81999999999999995,1.62999999999999989
0.00183972730907268,0.03399137398649188,0.09740046049335101,-0.88967714382297181,-1.38630523881629575,-0.19755865631583708,-0.81999999999999995,1.62999999999999989
0.00175080571963394,0.03385267070976343,0.09738025618488054,-0.88875339983139634,-1.38775921252580114,-0.20653005578445088,-0.81999999999999995,1.62999999999999989
0.00166197687846843,0.03371382236038459,0.09735915397152513,-0.88782217496435145,-1.38920669429450694,-0.21551677537765512,-0.81999999999999995,1.62999999999999989
0.00157324153468924,0.03357482958681301,0.09733715231484417,-0.88688344863756052,-1.39064769880387207,-0.22451894385140800,-0.81999999999999995,1.62999999999999989
0.00148460043949008,0.03343569303605234,0.09731424966346332,-0.88593719982114605,-1.39208224045249218,-0.23353669112741779,-0.81999999999999995,1.62999999999999989
0.00139605434619016,0.03329641335368058,0.09729044445295713,-0.88498340703497402,-1.39351033335394936,-0.24257014830729601,-0.81999999999999995,1.62999999999999989
0.00130760401027941,0.03315699118387874,0.09726573510573046,-0.88402204834390818,-1.39493199133460299,-0.25161944768693456,-0.81999999999999995,1.62999999999999989
0.00121925018946419,0.03301742716945961,0.09724012003089821,-0.88305310135297310,-1.39634722793132049,-0.26068472277111066,-0.81999999999999995,1.62999999999999989
0.00113099364371361,0.03287772195189692,0.09721359762416379,-0.88207654320242301,-1.39775605638914535,-0.26976610828832376,-0.81999999999999995,1.62999999999999989
0.00104283513530615,0.03273787617135454,0.09718616626769588,-0.88109235056271618,-1.39915848965890421,-0.27886374020586868,-0.81999999999999995,1.62999999999999989
0.00095477542887698,0.03259789046671609,0.09715782433000393,-0.88010049962939185,-1.40055454039474858,-0.28797775574514933,-0.81999999999999995,1.62999999999999989
0.00086681529146567,0.03245776547561471,0.09712857016581183,-0.87910096611784871,-1.40194422095163262,-0.29710829339723699,-0.81999999999999995,1.62999999999999989
0.00077895549256447,0.03231750183446312,0.09709840211593027,-0.87809372525802210,-1.40332754338272303,-0.30625549293867799,-0.81999999999999995,1.62999999999999989
0.00069119680416715,0.03217710017848389,0.09706731850712730,-0.87707875178895922,-1.40470451943674224,-0.31541949544755554,-0.81999999999999995,1.62999999999999989
0.00060354000081833,0.03203656114174010,0.09703531765199745,-0.87605601995328919,-1.40607516055524173,-0.32460044331980981,-0.81999999999999995,1.62999999999999989
0.00051598585966345,0.03189588535716611,0.09700239784882905,-0.87502550349158659,-1.40743947786980517,-0.33379848028582149,-0.81999999999999995,1.62999999999999989
0.00042853516049921,0.03175507345659878,0.09696855738146998,-0.87398717563662642,-1.40879748219917911,-0.34301375142726359,-0.81999999999999995,1.62999999999999989
0.00034118868582468,0.03161412607080882,0.09693379451919165,-0.87294100910752803,-1.41014918404633005,-0.35224640319422629,-0.81999999999999995,1.62999999999999989
0.00025394722089293,0.03147304382953259,0.09689810751655135,-0.87188697610378618,-1.41149459359542706,-0.36149658342262042,-0.81999999999999995,1.62999999999999989
0.00016681155376334,0.03133182736150407,0.09686149461325273,-0.87082504829918639,-1.41283372070874647,-0.37076444135186420,-0.81999999999999995,1.62999999999999989
0.00007978247535444,0.03119047729448726,0.09682395403400458,-0.86975519683560354,-1.41416657492349995,-0.38005012764285884,-0.81999999999999995,1.62999999999999989
-0.00000713922050256,0.03104899425530882,0.09678548398837777,-0.86867739231667973,-1.41549316544858117,-0.38935379439625861,-0.81999999999999995,1.62999999999999989
-0.00009395273700965,0.03090737886989109,0.09674608267066034,-0.86759160480138064,-1.41681350116123173,-0.39867559517104073,-0.81999999999999995,1.62999999999999989
-0.00018065727434719,0.03076563176328538,0.09670574825971073,-0.86649780379742658,-1.41812759060362370,-0.40801568500338070,-0.81999999999999995,1.62999999999999989
-0.00026725202961849,0.03062375355970571,0.09666447891880911,-0.86539595825459659,-1.41943544197935645,-0.41737422042583927,-0.81999999999999995,1.62999999999999989
-0.00035373619679364,0.03048174488256280,0.09662227279550677,-0.86428603655790293,-1.42073706314986703,-0.42675135948686660,-0.81999999999999995,1.62999999999999989
-0.00044010896665272,0.03033960635449850,0.09657912802147350,-0.86316800652063252,-1.42203246163075225,-0.43614726177062990,-0.81999999999999995,1.62999999999999989
-0.00052636952672824,0.03019733859742055,0.09653504271234310,-0.86204183537725421,-1.42332164458799837,-0.44556208841717071,-0.81999999999999995,1.62999999999999989
-0.00061251706124694,0.03005494223253771,0.09649001496755669,-0.86090748977618692,-1.42460461883411993,-0.45499600214289831,-0.81999999999999995,1.62999999999999989
-0.00069855075107076,0.02991241788039536,0.09644404287020406,-0.85976493577242830,-1.42588139082420251,-0.46444916726142582,-0.81999999999999995,1.62999999999999989
-0.00078446977363718,0.02976976616091139,0.09639712448686290,-0.85861413882003901,-1.42715196665184951,-0.47392174970475526,-0.81999999999999995,1.62999999999999989
-0.00087027330289871,0.02962698769341257,0.09634925786743591,-0.85745506376448055,-1.42841635204502948,-0.48341391704481873,-0.81999999999999995,1.62999999999999989
-0.00095596050926167,0.02948408309667135,0.09630044104498565,-0.85628767483480361,-1.42967455236182217,-0.49292583851538291,-0.81999999999999995,1.62999999999999989
-0.00104153055952410,0.02934105298894304,0.09625067203556732,-0.85511193563568344,-1.43092657258606182,-0.50245768503432342,-0.81999999999999995,1.62999999999999989
-0.00112698261681299,0.02919789798800347,0.09619994883805916,-0.85392780913929933,-1.43217241732287381,-0.51200962922627691,-0.81999999999999995,1.62999999999999989
-0.00121231584052053,0.02905461871118707,0.09614826943399066,-0.85273525767705483,-1.43341209079410414,-0.52158184544567765,-0.81999999999999995,1.62999999999999989
-0.00129752938623972,0.02891121577542545,0.09609563178736841,-0.85153424293113555,-1.43464559683363757,-0.53117450980018743,-0.81999999999999995,1.62999999999999989
-0.00138262240569891,0.02876768979728643,0.09604203384449955,-0.85032472592590058,-1.43587293888260348,-0.54078780017452532,-0.81999999999999995,1.62999999999999989
-0.00146759404669565,0.02862404139301357,0.09598747353381294,-0.84910666701910431,-1.43709411998446512,-0.55042189625470628,-0.81999999999999995,1.62999999999999989
-0.00155244345302956,0.02848027117856615,0.09593194876567770,-0.84788002589294542,-1.43830914277999167,-0.56007697955269597,-0.81999999999999995,1.62999999999999989
-0.00163716976443434,0.02833637976965974,0.09587545743221944,-0.84664476154493851,-1.43951800950210806,-0.56975323343149109,-0.81999999999999995,1.62999999999999989
-0.00172177211650878,0.02819236778180723,0.09581799740713383,-0.84540083227860507,-1.44072072197062262,-0.57945084313063311,-0.81999999999999995,1.62999999999999989
-0.00180624964064697,0.02804823583036040,0.09575956654549771,-0.84414819569397981,-1.44191728158682664,-0.58916999579216434,-0.81999999999999995,1.62999999999999989
-0.00189060146396740,0.02790398453055207,0.09570016268357746,-0.84288680867792842,-1.44310768932796463,-0.59891088048703567,-0.81999999999999995,1.62999999999999989
-0.00197482670924118,0.02775961449753876,0.09563978363863486,-0.84161662739427245,-1.44429194574157282,-0.60867368824197499,-0.81999999999999995,1.62999999999999989
-0.00205892449481925,0.02761512634644396,0.09557842720873001,-0.84033760727371698,-1.44547005093968073,-0.61845861206682551,-0.81999999999999995,1.62999999999999989
-0.00214289393455852,0.02747052069240201,0.09551609117252179,-0.83904970300357717,-1.44664200459287473,-0.62826584698236410,-0.81999999999999995,1.62999999999999989
-0.00222673413774702,0.02732579815060247,0.09545277328906522,-0.83775286851729902,-1.44780780592421876,-0.63809559004860894,-0.81999999999999995,1.62999999999999989
-0.00231044420902801,0.02718095933633526,0.09538847129760619,-0.83644705698376987,-1.44896745370302993,-0.64794804039362786,-0.81999999999999995,1.62999999999999989
-0.00239402324832293,0.02703600486503631,0.09532318291737316,-0.83513222079641347,-1.45012094623850452,-0.65782339924285571,-0.81999999999999995,1.62999999999999989
-0.00247747035075336,0.02689093535233391,0.09525690584736592,-0.83380831156206558,-1.45126828137319164,-0.66772186994893357,-0.81999999999999995,1.62999999999999989
-0.00256078460656173,0.02674575141409571,0.09518963776614138,-0.83247528008962490,-1.45240945647631081,-0.67764365802207949,-0.81999999999999995,1.62999999999999989
-0.00264396510103100,0.02660045366647638,0.09512137633159627,-0.83113307637847378,-1.45354446843690921,-0.68758897116100204,-0.81999999999999995,1.62999999999999989
-0.00272701091440309,0.02645504272596599,0.09505211918074671,-0.82978164960666445,-1.45467331365685437,-0.69755801928436811,-0.81999999999999995,1.62999999999999989
-0.00280992112179617,0.02630951920943908,0.09498186392950463,-0.82842094811886458,-1.45579598804365995,-0.70755101456283753,-0.81999999999999995,1.62999999999999989
-0.00289269479312068,0.02616388373420447,0.09491060817245091,-0.82705091941405717,-1.45691248700313891,-0.71756817145167495,-0.81999999999999995,1.62999999999999989
-0.00297533099299417,0.02601813691805577,0.09483834948260533,-0.82567151013298890,-1.45802280543188023,-0.72760970672395298,-0.81999999999999995,1.62999999999999989
-0.00305782878065482,0.02587227937932274,0.09476508541119306,-0.82428266604536160,-1.45912693770954527,-0.73767583950435789,-0.81999999999999995,1.62999999999999989
-0.00314018720987365,0.02572631173692334,0.09469081348740778,-0.82288433203676037,-1.46022487769097875,-0.74776679130361179,-0.81999999999999995,1.62999999999999989
-0.00322240532886553,0.02558023461041661,0.09461553121817133,-0.82147645209531284,-1.46131661869813056,-0.75788278605352366,-0.81999999999999995,1.62999999999999989
-0.00330448218019867,0.02543404862005641,0.09453923608788983,-0.82005896929807254,-1.46240215351178260,-0.76802405014268393,-0.81999999999999995,1.62999999999999989
-0.00338641680070285,0.02528775438684591,0.09446192555820622,-0.81863182579712079,-1.46348147436307618,-0.77819081245281507,-0.81999999999999995,1.62999999999999989
-0.00346820822137625,0.02514135253259301,0.09438359706774903,-0.81719496280538029,-1.46455457292483571,-0.78838330439579429,-0.81999999999999995,1.62999999999999989
-0.00354985546729075,0.02499484367996663,0.09430424803187756,-0.81574832058213309,-1.46562144030268282,-0.79860175995136140,-0.81999999999999995,1.62999999999999989
-0.00363135755749588,0.02484822845255384,0.09422387584242313,-0.81429183841823682,-1.46668206702593529,-0.80884641570552762,-0.81999999999999995,1.62999999999999989
-0.00371271350492120,0.02470150747491801,0.09414247786742651,-0.81282545462103140,-1.46773644303828599,-0.81911751088970119,-0.81999999999999995,1.62999999999999989
-0.00379392231627720,0.02455468137265778,0.09406005145087142,-0.81134910649892933,-1.46878455768825589,-0.82941528742054449,-0.81999999999999995,1.62999999999999989
-0.00387498299195458,0.02440775077246716,0.09397659391241395,-0.80986273034568157,-1.46982639971941564,-0.83973998994057963,-0.81999999999999995,1.62999999999999989
-0.00395589452592204,0.02426071630219641,0.09389210254710792,-0.80836626142431156,-1.47086195726036939,-0.85009186585955943,-0.81999999999999995,1.62999999999999989
-0.00403665590562237,0.02411357859091413,0.09380657462512608,-0.80685963395070948,-1.47189121781449450,-0.86047116539662005,-0.81999999999999995,1.62999999999999989
-0.00411726611186687,0.02396633826897029,0.09372000739147700,-0.80534278107687829,-1.47291416824943244,-0.87087814162323329,-0.81999999999999995,1.62999999999999989
-0.00419772411872816,0.02381899596806031,0.09363239806571766,-0.80381563487382302,-1.47393079478632116,-0.88131305050697661,-0.81999999999999995,1.62999999999999989
-0.00427802889343116,0.02367155232129030,0.09354374384166163,-0.80227812631407536,-1.47494108298876614,-0.89177615095613905,-0.81999999999999995,1.62999999999999989
-0.00435817939624239,0.02352400796324332,0.09345404188708271,-0.80073018525384365,-1.47594501775153986,-0.90226770486518204,-0.81999999999999995,1.62999999999999989
-0.00443817458035743,0.02337636353004693,0.09336328934341405,-0.79917174041477990,-1.47694258328900507,-0.91278797716107529,-0.81999999999999995,1.62999999999999989
-0.00451801339178649,0.02322861965944171,0.09327148332544248,-0.79760271936535387,-1.47793376312325231,-0.92333723585052585,-0.81999999999999995,1.62999999999999989
-0.00459769476923821,0.02308077699085120,0.09317862092099820,-0.79602304850182504,-1.47891854007194601,-0.93391575206812327,-0.81999999999999995,1.62999999999999989
-0.00467721764400142,0.02293283616545287,0.09308469919063947,-0.79443265302880195,-1.47989689623587051,-0.94452380012541992,-0.81999999999999995,1.62999999999999989
-0.00475658093982499,0.02278479782625051,0.09298971516733252,-0.79283145693937906,-1.48086881298616824,-0.95516165756096905,-0.81999999999999995,1.62999999999999989
-0.00483578357279572,0.02263666261814783,0.09289366585612623,-0.79121938299484040,-1.48183427095126063,-0.96582960519134242,-0.81999999999999995,1.62999999999999989
-0.00491482445121405,0.02248843118802337,0.09279654823382173,-0.78959635270391915,-1.48279325000344597,-0.97652792716315073,-0.81999999999999995,1.62999999999999989
-0.00499370247546778,0.02234010418480682,0.09269835924863684,-0.78796228630160181,-1.48374572924516213,-0.98725691100608948,-0.81999999999999995,1.62999999999999989
-0.00507241653790366,0.02219168225955671,0.09259909581986496,-0.78631710272746580,-1.48469168699490739,-0.99801684768703514,-0.81999999999999995,1.62999999999999989
-0.00515096552269667,0.02204316606553952,0.09249875483752866,-0.78466071960353878,-1.48563110077280958,-1.00880803166521549,-0.81999999999999995,1.62999999999999989
-0.00522934830571719,0.02189455625831025,0.09239733316202764,-0.78299305321166646,-1.48656394728583230,-1.01963076094848071,-0.81999999999999995,1.62999999999999989
-0.00530756375439581,0.02174585349579448,0.09229482762378098,-0.78131401847037774,-1.48749020241261110,-1.03048533715069945,-0.81999999999999995,1.62999999999999989
-0.00538561072758583,0.02159705843837201,0.09219123502286367,-0.77962352891123310,-1.48840984118790698,-1.04137206555030848,-0.81999999999999995,1.62999999999999989
-0.00546348807542333,0.02144817174896201,0.09208655212863710,-0.77792149665464372,-1.48932283778666807,-1.05229125515004229,-0.81999999999999995,1.62999999999999989
-0.00554119463918488,0.02129919409310981,0.09198077567937367,-0.77620783238514712,-1.49022916550768736,-1.06324321873787198,-0.81999999999999995,1.62999999999999989
-0.00561872925114264,0.02115012613907538,0.09187390238187512,-0.77448244532612553,-1.49112879675684584,-1.07422827294918077,-0.81999999999999995,1.62999999999999989
-0.00569609073441697,0.02100096855792347,0.09176592891108466,-0.77274524321395210,-1.49202170302993031,-1.08524673833020868,-0.81999999999999995,1.62999999999999989
-0.00577327790282642,0.02085172202361547,0.09165685190969262,-0.77099613227155039,-1.49290785489501232,-1.09629893940279377,-0.81999999999999995,1.62999999999999989
-0.00585028956073506,0.02070238721310311,0.09154666798773564,-0.76923501718135112,-1.49378722197437641,-1.10738520473044511,-0.81999999999999995,1.62999999999999989
-0.00592712450289699,0.02055296480642395,0.09143537372218910,-0.76746180105763095,-1.49465977292598562,-1.11850586698577725,-0.81999999999999995,1.62999999999999989
-0.00600378151429818,0.02040345548679875,0.09132296565655282,-0.76567638541821625,-1.49552547542447023,-1.12966126301934033,-0.81999999999999995,1.62999999999999989
-0.00608025936999535,0.02025385994073082,0.09120944030042973,-0.76387867015553534,-1.49638429614162605,-1.14085173392988182,-0.81999999999999995,1.62999999999999989
-0.00615655683495196,0.02010417885810720,0.09109479412909749,-0.76206855350700176,-1.49723620072640839,-1.15207762513607248,-0.81999999999999995,1.62999999999999989
-0.00623267266387121,0.01995441293230209,0.09097902358307289,-0.76024593202471014,-1.49808115378440787,-1.16333928644973561,-0.81999999999999995,1.62999999999999989
-0.00630860560102593,0.01980456286028215,0.09086212506766872,-0.75841070054442705,-1.49891911885679208,-1.17463707215061475,-0.81999999999999995,1.62999999999999989
-0.00638435438008542,0.01965462934271403,0.09074409495254326,-0.75656275215385682,-1.49975005839869802,-1.18597134106272040,-0.81999999999999995,1.62999999999999989
-0.00645991772393899,0.01950461308407412,0.09062492957124194,-0.75470197816016282,-1.50057393375705916,-1.19734245663229388,-0.81999999999999995,1.62999999999999989
-0.00653529434451623,0.01935451479276043,0.09050462522073109,-0.75282826805672454,-1.50139070514785056,-1.20875078700742966,-0.81999999999999995,1.62999999999999989
-0.00661048294260401,0.01920433518120694,0.09038317816092382,-0.75094150948910843,-1.50220033163273525,-1.22019670511939848,-0.81999999999999995,1.62999999999999989
-0.00668548220765987,0.01905407496600014,0.09026058461419748,-0.74904158822023181,-1.50300277109509395,-1.23168058876571451,-0.81999999999999995,1.62999999999999989
-0.00676029081762208,0.01890373486799813,0.09013684076490279,-0.74712838809469706,-1.50379798021541933,-1.24320282069499033,-0.81999999999999995,1.62999999999999989
-0.00683490743871589,0.01875331561245215,0.09001194275886451,-0.74520179100227313,-1.50458591444605716,-1.25476378869362581,-0.81999999999999995,1.62999999999999989
-0.00690933072525624,0.01860281792913071,0.08988588670287316,-0.74326167684050026,-1.50536652798527371,-1.26636388567437952,-0.81999999999999995,1.62999999999999989
-0.00698355931944665,0.01845224255244627,0.08975866866416790,-0.74130792347639429,-1.50613977375062946,-1.27800350976686894,-0.81999999999999995,1.62999999999999989
-0.00705759185117415,0.01830159022158474,0.08963028466991024,-0.73934040670722423,-1.50690560335163859,-1.28968306441005165,-0.81999999999999995,1.62999999999999989
-0.00713142693780036,0.01815086168063762,0.08950073070664841,-0.73735900022033740,-1.50766396706169181,-1.30140295844673770,-0.81999999999999995,1.62999999999999989
-0.00720506318394842,0.01800005767873709,0.08937000271977212,-0.73536357555200493,-1.50841481378922193,-1.31316360622018724,-0.81999999999999995,1.62999999999999989
-0.00727849918128580,0.01784917897019397,0.08923809661295767,-0.73335400204526036,-1.50915809104808618,-1.32496542767284797,-0.81999999999999995,1.62999999999999989
-0.00735173350830279,0.01769822631463867,0.08910500824760294,-0.73133014680670105,-1.50989374492714412,-1.33680884844728798,-0.81999999999999995,1.62999999999999989
-0.00742476473008671,0.01754720047716527,0.08897073344225225,-0.72929187466222445,-1.51062172005900508,-1.34869429998938406,-0.81999999999999995,1.62999999999999989
-0.00749759139809154,0.01739610222847875,0.08883526797201077,-0.72723904811166706,-1.51134195958791873,-1.36062221965382402,-0.81999999999999995,1.62999999999999989
-0.00757021204990299,0.01724493234504543,0.08869860756794833,-0.72517152728231504,-1.51205440513678435,-1.37259305081198435,-0.81999999999999995,1.62999999999999989
-0.00764262520899892,0.01709369160924684,0.08856074791649213,-0.72308916988125316,-1.51275899677324932,-1.38460724296225002,-0.81999999999999995,1.62999999999999989
-0.00771482938450483,0.01694238080953694,0.08842168465880854,-0.72099183114651821,-1.51345567297486916,-1.39666525184283752,-0.81999999999999995,1.62999999999999989
-0.00778682307094451,0.01679100074060292,0.08828141339017330,-0.71887936379702266,-1.51414437059329954,-1.40876753954719369,-0.81999999999999995,1.62999999999999989
-0.00785860474798554,0.01663955220352965,0.08813992965933014,-0.71675161798121045,-1.51482502481748971,-1.42091457464203708,-0.81999999999999995,1.62999999999999989
-0.00793017288017965,0.01648803600596780,0.08799722896783743,-0.71460844122440892,-1.51549756913584566,-1.43310683228811553,-0.81999999999999995,1.62999999999999989
-0.00800152591669768,0.01633645296230585,0.08785330676940266,-0.71244967837483764,-1.51616193529733123,-1.44534479436375363,-0.81999999999999995,1.62999999999999989
-0.00807266229105914,0.01618480389384601,0.08770815846920429,-0.71027517154823361,-1.51681805327147035,-1.45762894959126799,-0.81999999999999995,1.62999999999999989
-0.00814358042085615,0.01603308962898421,0.08756177942320104,-0.70808476007105159,-1.51746585120721900,-1.46995979366632845,-0.81999999999999995,1.62999999999999989
-0.00821427870747155,0.01588131100339428,0.08741416493742783,-0.70587828042219680,-1.51810525539066710,-1.48233782939034775,-0.81999999999999995,1.62999999999999989
-0.00828475553579126,0.01572946886021642,0.08726531026727857,-0.70365556617324476,-1.51873619020153483,-1.49476356680598399,-0.81999999999999995,1.62999999999999989
-0.00835500927391040,0.01557756405024998,0.08711521061677505,-0.70141644792710300,-1.51935857806842267,-1.50723752333584393,-0.81999999999999995,1.62999999999999989
-0.00842503827283334,0.01542559743215096,0.08696386113782190,-0.69916075325506655,-1.51997233942277488,-1.51976022392447541,-0.81999999999999995,1.62999999999999989
-0.00849484086616734,0.01527356987263402,0.08681125692944716,-0.69688830663221801,-1.52057739265151448,-1.53233220118374391,-0.81999999999999995,1.62999999999999989
-0.00856441536980956,0.01512148224667941,0.08665739303702813,-0.69459892937112100,-1.52117365404830607,-1.54495399554168777,-0.81999999999999995,1.62999999999999989
-0.00863376008162750,0.01496933543774471,0.08650226445150216,-0.69229243955375430,-1.52176103776340010,-1.55762615539495308,-0.81999999999999995,1.62999999999999989
-0.00870287328113240,0.01481713033798183,0.08634586610856203,-0.68996865196163137,-1.52233945575201224,-1.57034923726490883,-0.81999999999999995,1.62999999999999989
-0.00877175322914567,0.01466486784845911,0.08618819288783547,-0.68762737800404894,-1.52290881772118891,-1.58312380595754987,-0.81999999999999995,1.62999999999999989
-0.00884039816745794,0.01451254887938885,0.08602923961204860,-0.68526842564440560,-1.52346903107510845,-1.59595043472729747,-0.81999999999999995,1.62999999999999989
-0.00890880631848078,0.01436017435036044,0.08586900104617268,-0.68289159932452970,-1.52402000085876321,-1.60882970544480797,-0.81999999999999995,1.62999999999999989
-0.00897697588489061,0.01420774519057912,0.08570747189655396,-0.68049669988695272,-1.52456162969997133,-1.62176220876891053,-0.81999999999999995,1.62999999999999989
-0.00904490504926482,0.01405526233911069,0.08554464681002608,-0.67808352449506315,-1.52509381774965758,-1.63474854432279226,-0.81999999999999995,1.62999999999999989
-0.00911259197370980,0.01390272674513226,0.08538052037300460,-0.67565186655107312,-1.52561646262034678,-1.64778932087455665,-0.81999999999999995,1.62999999999999989
-0.00918003479948057,0.01375013936818925,0.08521508711056339,-0.67320151561172614,-1.52612945932280741,-1.66088515652228530,-0.81999999999999995,1.62999999999999989
-0.00924723164659196,0.01359750117845879,0.08504834148549209,-0.67073225730167463,-1.52663270020078157,-1.67403667888373620,-0.81999999999999995,1.62999999999999989
-0.00931418061342096,0.01344481315701979,0.08488027789733452,-0.66824387322445000,-1.52712607486373497,-1.68724452529081659,-0.81999999999999995,1.62999999999999989
-0.00938087977630007,0.01329207629612978,0.08471089068140729,-0.66573614087094724,-1.52760947011755865,-1.70050934298897594,-0.81999999999999995,1.62999999999999989
-0.00944732718910132,0.01313929159950889,0.08454017410779831,-0.66320883352534232,-1.52808276989314962,-1.71383178934166458,-0.81999999999999995,1.62999999999999989
-0.00951352088281080,0.01298646008263093,0.08436812238034451,-0.66066172016835800,-1.52854585517279773,-1.72721253204001424,-0.81999999999999995,1.62999999999999989
-0.00957945886509339,0.01283358277302208,0.08419472963558841,-0.65809456537778932,-1.52899860391429865,-1.74065224931789686,-0.81999999999999995,1.62999999999999989
-0.00964513911984733,0.01268066071056721,0.08401998994171282,-0.65550712922619825,-1.52944089097271507,-1.75415163017252840,-0.81999999999999995,1.62999999999999989
-0.00971055960674850,0.01252769494782418,0.08384389729745327,-0.65289916717568219,-1.52987258801970016,-1.76771137459078731,-0.81999999999999995,1.62999999999999989
-0.00977571826078394,0.01237468655034631,0.08366644563098746,-0.65027042996961837,-1.53029356346029743,-1.78133219378142393,-0.81999999999999995,1.62999999999999989
-0.00984061299177449,0.01222163659701330,0.08348762879880121,-0.64762066352128134,-1.53070368234712495,-1.79501481041334476,-0.81999999999999995,1.62999999999999989
-0.00990524168388605,0.01206854618037088,0.08330744058453030,-0.64494960879922714,-1.53110280629185058,-1.80875995886015906,-0.81999999999999995,1.62999999999999989
-0.00996960219512923,0.01191541640697949,0.08312587469777745,-0.64225700170933442,-1.53149079337385841,-1.82256838545118649,-0.81999999999999995,1.62999999999999989
-0.01003369235684705,0.01176224839777212,0.08294292477290399,-0.63954257297338690,-1.53186749804600453,-1.83644084872912861,-0.81999999999999995,1.62999999999999989
-0.01009750997319031,0.01160904328842187,0.08275858436779530,-0.63680604800407814,-1.53223277103735600,-1.85037811971461408,-0.81999999999999995,1.62999999999999989
-0.01016105282058029,0.01145580222971927,0.08257284696259953,-0.63404714677631469,-1.53258645925280002,-1.86438098217783743,-0.81999999999999995,1.62999999999999989
-0.01022431864715834,0.01130252638795988,0.08238570595843871,-0.63126558369468777,-1.53292840566940880,-1.87845023291751856,-0.81999999999999995,1.62999999999999989
-0.01028730517222212,0.01114921694534241,0.08219715467609168,-0.62846106745697994,-1.53325844922943855,-1.89258668204741731,-0.81999999999999995,1.62999999999999989
-0.01035001008564785,0.01099587510037764,0.08200718635464792,-0.62563330091356673,-1.53357642472983668,-1.90679115329064786,-0.81999999999999995,1.62999999999999989
-0.01041243104729843,0.01084250206830869,0.08181579415013157,-0.62278198092256754,-1.53388216270812561,-1.92106448428204546,-0.81999999999999995,1.62999999999999989
-0.01047456568641674,0.01068909908154276,0.08162297113409481,-0.61990679820059480,-1.53417548932452652,-1.93540752687884954,-0.81999999999999995,1.62999999999999989
-0.01053641160100386,0.01053566739009499,0.08142871029217966,-0.61700743716894368,-1.53445622624017974,-1.94982114747997493,-0.81999999999999995,1.62999999999999989
-0.01059796635718165,0.01038220826204456,0.08123300452264758,-0.61408357579505801,-1.53472419049131248,-1.96430622735415494,-0.81999999999999995,1.62999999999999989
-0.01065922748853924,0.01022872298400368,0.08103584663487562,-0.61113488542910155,-1.53497919435919883,-1.97886366297724936,-0.81999999999999995,1.62999999999999989
-0.01072019249546290,0.01007521286159976,0.08083722934781849,-0.60816103063545679,-1.53522104523574909,-1.99349436637902477,-0.81999999999999995,1.62999999999999989
-0.01078085884444884,0.00992167921997126,0.08063714528843542,-0.60516166901896562,-1.53544954548455825,-2.00819926549972250,-0.81999999999999995,1.62999999999999989
-0.01084122396739834,0.00976812340427767,0.08043558699008085,-0.60213645104571756,-1.53566449229723756,-2.02297930455674413,-0.81999999999999995,1.62999999999999989
-0.01090128526089465,0.00961454678022407,0.08023254689085794,-0.59908501985818596,-1.53586567754484360,-2.03783544442179787,-0.81999999999999995,1.62999999999999989
-0.01096104008546119,0.00946095073460085,0.08002801733193386,-0.59600701108449949,-1.53605288762421077,-2.05276866300886107,-0.81999999999999995,1.62999999999999989
-0.01102048576480029,0.00930733667583904,0.07982199055581568,-0.59290205264163176,-1.53622590329898667,-2.06777995567332828,-0.81999999999999995,1.62999999999999989
-0.01107961958501198,0.00915370603458177,0.07961445870458581,-0.58976976453227870,-1.53638449953515721,-2.08287033562273161,-0.81999999999999995,1.62999999999999989
-0.01113843879379215,0.00900006026427256,0.07940541381809570,-0.58660975863518638,-1.53652844533084298,-2.09804083433943145,-0.81999999999999995,1.62999999999999989
-0.01119694059960935,0.00884640084176078,0.07919484783211678,-0.58342163848867967,-1.53665750354013375,-2.11329250201569385,-0.81999999999999995,1.62999999999999989
-0.01125512217085969,0.00869272926792521,0.07898275257644716,-0.58020499906713097,-1.53677143069072097,-2.12862640800158909,-0.81999999999999995,1.62999999999999989
-0.01131298063499890,0.00853904706831597,0.07876911977297285,-0.57695942655009913,-1.53686997679507464,-2.14404364126616098,-0.81999999999999995,1.62999999999999989
-0.01137051307765106,0.00838535579381587,0.07855394103368232,-0.57368449808385358,-1.53695288515490147,-2.15954531087233548,-0.81999999999999995,1.62999999999999989
-0.01142771654169295,0.00823165702132145,0.07833720785863273,-0.57037978153498825,-1.53701989215860579,-2.17513254646605914,-0.81999999999999995,1.62999999999999989
-0.01148458802631346,0.00807795235444481,0.07811891163386653,-0.56704483523581573,-1.53707072707146386,-2.19080649878017208,-0.81999999999999995,1.62999999999999989
-0.01154112448604706,0.00792424342423670,0.07789904362927699,-0.56367920772121738,-1.53710511181820952,-2.20656834015354830,-0.81999999999999995,1.62999999999999989
-0.01159732282978057,0.00777053188993177,0.07767759499642100,-0.56028243745661277,-1.53712276075771070,-2.22241926506605392,-0.81999999999999995,1.62999999999999989
-0.01165317991973215,0.00761681943971679,0.07745455676627747,-0.55685405255669329,-1.53712338044940511,-2.23836049068989817,-0.81999999999999995,1.62999999999999989
-0.01170869257040187,0.00746310779152259,0.07722991984694988,-0.55339357049455085,-1.53710666941114638,-2.25439325745797658,-0.81999999999999995,1.62999999999999989
-0.01176385754749250,0.00730939869384074,0.07700367502131104,-0.54990049780081440,-1.53707231786809251,-2.27051882964982976,-0.81999999999999995,1.62999999999999989
-0.01181867156679983,0.00715569392656574,0.07677581294458839,-0.54637432975238931,-1.53702000749225420,-2.28673849599587165,-0.81999999999999995,1.62999999999999989
-0.01187313129307129,0.00700199530186373,0.07654632414188789,-0.54281455005037582,-1.53694941113230010,-2.30305357030056301,-0.81999999999999995,1.62999999999999989
-0.01192723333883178,0.00684830466506883,0.07631519900565464,-0.53922063048672220,-1.53686019253319550,-2.31946539208524349,-0.81999999999999995,1.62999999999999989
-0.01198097426317561,0.00669462389560790,0.07608242779306824,-0.53559203059914839,-1.53675200604523177,-2.33597532725135570,-0.81999999999999995,1.62999999999999989
-0.01203435057052332,0.00654095490795505,0.07584800062337070,-0.53192819731385210,-1.53662449632198062,-2.35258476876483913,-0.81999999999999995,1.62999999999999989
-0.01208735870934212,0.00638729965261689,0.07561190747512488,-0.52822856457548761,-1.53647729800668364,-2.36929513736249442,-0.81999999999999995,1.62999999999999989
-0.01213999507082872,0.00623366011714975,0.07537413818340111,-0.52449255296388186,-1.53631003540656375,-2.38610788228116455,-0.81999999999999995,1.62999999999999989
-0.01219225598755306,0.00608003832721005,0.07513468243688980,-0.52071956929692687,-1.53612232215451927,-2.40302448201060681,-0.81999999999999995,1.62999999999999989
-0.01224413773206170,0.00592643634763926,0.07489352977493741,-0.51690900621905977,-1.53591376085763165,-2.42004644507097710,-0.81999999999999995,1.62999999999999989
-0.01229563651543925,0.00577285628358456,0.07465066958450355,-0.51306024177471321,-1.53568394273189224,-2.43717531081588445,-0.81999999999999995,1.62999999999999989
-0.01234674848582641,0.00561930028165688,0.07440609109703632,-0.50917263896608800,-1.53543244722251937,-2.45441265026201982,-0.81999999999999995,1.62999999999999989
-0.01239746972689297,0.00546577053112752,0.07415978338526341,-0.50524554529456811,-1.53515884160920635,-2.47176006694640682,-0.81999999999999995,1.62999999999999989
-0.01244779625626403,0.00531226926516515,0.07391173535989599,-0.50127829228506326,-1.53486268059560493,-2.48921919781237166,-0.81999999999999995,1.62999999999999989
-0.01249772402389792,0.00515879876211456,0.07366193576624255,-0.49727019499252889,-1.53454350588231381,-2.50679171412538082,-0.81999999999999995,1.62999999999999989
-0.01254724891041367,0.00500536134681911,0.07341037318072960,-0.49322055148987481,-1.53420084572260240,-2.52447932241994488,-0.81999999999999995,1.62999999999999989
-0.01259636672536646,0.00485195939198836,0.07315703600732609,-0.48912864233643449,-1.53383421446005763,-2.54228376547884682,-0.81999999999999995,1.62999999999999989
-0.01264507320546881,0.00469859531961299,0.07290191247386824,-0.48499373002612289,-1.53344311204729955,-2.56020682334601180,-0.81999999999999995,1.62999999999999989
-0.01269336401275558,0.00454527160242875,0.07264499062828125,-0.48081505841436650,-1.53302702354486642,-2.57825031437439334,-0.81999999999999995,1.62999999999999989
-0.01274123473269052,0.00439199076543158,0.07238625833469463,-0.47659185212284166,-1.53258541859931574,-2.59641609631032289,-0.81999999999999995,1.62999999999999989
-0.01278868087221222,0.00423875538744605,0.07212570326944691,-0.47232331592100585,-1.53211775089954338,-2.61470606741583467,-0.81999999999999995,1.62999999999999989
-0.01283569785771691,0.00408556810274922,0.07186331291697644,-0.46800863408335380,-1.53162345761026053,-2.63312216763054963,-0.81999999999999995,1.62999999999999989
-0.01288228103297579,0.00393243160275238,0.07159907456559375,-0.46364696972127306,-1.53110195878151401,-2.65166637977478459,-0.81999999999999995,1.62999999999999989
-0.01292842565698422,0.00377934863774311,0.07133297530313158,-0.45923746408831329,-1.53055265673307073,-2.67034073079562928,-0.81999999999999995,1.62999999999999989
-0.01297412690174003,0.00362632201869014,0.07106500201246801,-0.45477923585762003,-1.52997493541242302,-2.68914729305781908,-0.81999999999999995,1.62999999999999989
-0.01301937984994815,0.00347335461911386,0.07079514136691828,-0.45027138037021541,-1.52936815972509810,-2.70808818568132725,-0.81999999999999995,1.62999999999999989
-0.01306417949264854,0.00332044937702521,0.07052337982549024,-0.44571296885273665,-1.52873167483588168,-2.72716557592769160,-0.81999999999999995,1.62999999999999989
-0.01310852072676431,0.00316760929693592,0.07024970362799891,-0.44110304760316615,-1.52806480543948786,-2.74638168063718835,-0.81999999999999995,1.62999999999999989
-0.01315239835256677,0.00301483745194336,0.06997409879003447,-0.43644063714300663,-1.52736685499911640,-2.76573876771908411,-0.81999999999999995,1.62999999999999989
-0.01319580707105391,0.00286213698589314,0.06969655109777852,-0.43172473133426686,-1.52663710495125593,-2.78523915769729813,-0.81999999999999995,1.62999999999999989
-0.01323874148123876,0.00270951111562300,0.06941704610266300,-0.42695429645953359,-1.52587481387498669,-2.80488522531393158,-0.81999999999999995,1.62999999999999989
-0.01328119607734387,0.00255696313329168,0.06913556911586566,-0.42212827026330552,-1.52507921662394108,-2.82467940119324767,-0.81999999999999995,1.62999999999999989
-0.01332316524589787,0.00240449640879643,0.06885210520263600,-0.41724556095266263,-1.52424952341896502,-2.84462417356881936,-0.81999999999999995,1.62999999999999989
-0.01336464326273001,0.00225211439228344,0.06856663917644530,-0.41230504615523272,-1.52338491889940841,-2.86472209007670342,-0.81999999999999995,1.62999999999999989
-0.01340562428985820,0.00209982061675517,0.06827915559295378,-0.40730557183229893,-1.52248456113084796,-2.88497575961764774,-0.81999999999999995,1.62999999999999989
-0.01344610237226615,0.00194761870077929,0.06798963874378808,-0.40224595114476636,-1.52154758056691053,-2.90538785429150348,-0.81999999999999995,1.62999999999999989
-0.01348607143456452,0.00179551235130376,0.06769807265012148,-0.39712496326957170,-1.52057307896272387,-2.92596111140717507,-0.81999999999999995,1.62999999999999989
-0.01352552527753120,0.00164350536658312,0.06740444105604920,-0.39194135216397702,-1.51956012823736786,-2.94669833557162697,-0.81999999999999995,1.62999999999999989
-0.01356445757452530,0.00149160163922123,0.06710872742175074,-0.38669382527503521,-1.51850776928253661,-2.96760240086165306,-0.81999999999999995,1.62999999999999989
-0.01360286186776917,0.00133980515933589,0.06681091491643068,-0.38138105219135254,-1.51741501071444684,-2.98867625308231499,-0.81999999999999995,1.62999999999999989
-0.01364073156449270,0.00118812001785132,0.06651098641102920,-0.37600166323409900,-1.51628082756584015,-3.00992291211617280,-0.81999999999999995,1.62999999999999989
-0.01367805993293337,0.00103655040992447,0.06620892447069293,-0.37055424798403069,-1.51510415991472702,-3.03134547436765844,-0.81999999999999995,1.62999999999999989
-0.01371484009818587,0.00088510063851188,0.06590471134699635,-0.36503735374108970,-1.51388391144630496,-3.05294711530718121,-0.81999999999999995,1.62999999999999989
-0.01375106503789397,0.00073377511808376,0.06559832896990372,-0.35944948391293358,-1.51261894794425311,-3.07473109211981921,-0.81999999999999995,1.62999999999999989
-0.01378672757777769,0.00058257837849267,0.06528975893946058,-0.35378909632851846,-1.51130809570735680,-3.09670074646371329,-0.81999999999999995,1.62999999999999989
-0.01382182038698774,0.00043151506900449,0.06497898251720377,-0.34805460147261558,-1.50995013988715310,-3.11885950734358364,-0.81999999999999995,1.62999999999999989
-0.01385633597327946,0.00028058996249964,0.06466598061727809,-0.34224436063687852,-1.50854382274199805,-3.14121089410508958,-0.81999999999999995,1.62999999999999989
-0.01389026667799734,0.00012980795985348,0.06435073379724721,-0.33635668398279867,-1.50708784180265454,-3.16375851955608933,-0.81999999999999995,1.62999999999999989
-0.01392360467086136,-0.00002082590549545,0.06403322224858589,-0.33038982851158422,-1.50558084794416813,-3.18650609322120637,-0.81999999999999995,1.62999999999999989
-0.01395634194454531,-0.00017130646277925,0.06371342578683974,-0.32434199593567492,-1.50402144335844201,-3.20945742473648199,-0.81999999999999995,1.62999999999999989
-0.01398847030903723,-0.00032162839892666,0.06339132384143825,-0.31821133044625804,-1.50240817942154092,-3.23261642739130384,-0.81999999999999995,1.62999999999999989
-0.01401998138577109,-0.00047178625337019,0.06306689544514595,-0.31199591637077634,-1.50073955444934559,-3.25598712182521144,-0.81999999999999995,1.62999999999999989
-0.01405086660151848,-0.00062177441262302,0.06274011922313577,-0.30569377571401907,-1.49901401133472789,-3.27957363988765316,-0.81999999999999995,1.62999999999999989
-0.01408111718202825,-0.00077158710461329,0.06241097338166798,-0.29930286557595387,-1.49722993505894819,-3.30338022866924419,-0.81999999999999995,1.62999999999999989
-0.01411072414540155,-0.00092121839276302,0.06207943569635702,-0.29282107543899333,-1.49538565006945046,-3.32741125471360277,-0.81999999999999995,1.62999999999999989
-0.01413967829518872,-0.00107066216979773,0.06174548350000772,-0.28624622431688806,-1.49347941751568003,-3.35167120841939425,-0.81999999999999995,1.62999999999999989
-0.01416797021319374,-0.00121991215127217,0.06140909367000137,-0.27957605775689937,-1.49150943233394173,-3.37616470864281348,-0.81999999999999995,1.62999999999999989
-0.01419559025197129,-0.00136896186879660,0.06107024261521113,-0.27280824468632103,-1.48947382017166619,-3.40089650751137063,-0.81999999999999995,1.62999999999999989
-0.01422252852700020,-0.00151780466294705,0.06072890626242493,-0.26594037409379206,-1.48737063414074622,-3.42587149546052760,-0.81999999999999995,1.62999999999999989
-0.01424877490851642,-0.00166643367584190,0.06038506004225312,-0.25896995153516206,-1.48519785138884197,-3.45109470650546912,-0.81999999999999995,1.62999999999999989
-0.01427431901298731,-0.00181484184336597,0.06003867887449663,-0.25189439545293829,-1.48295336947672407,-3.47657132376107070,-0.81999999999999995,1.62999999999999989
-0.01429915019420802,-0.00196302188702215,0.05968973715295010,-0.24471103329754898,-1.48063500254882774,-3.50230668522397304,-0.81999999999999995,1.62999999999999989
-0.01432325753399969,-0.00211096630538918,0.05933820872961321,-0.23741709743779846,-1.47824047728321939,-3.52830628983157180,-0.81999999999999995,1.62999999999999989
-0.01434662983248748,-0.00225866736516274,0.05898406689828142,-0.23000972084695961,-1.47576742860611243,-3.55457580381370475,-0.81999999999999995,1.62999999999999989
-0.01436925559793545,-0.00240611709175560,0.05862728437748643,-0.22248593254994073,-1.47321339515492999,-3.58112106735385538,-0.81999999999999995,1.62999999999999989
-0.01439112303611349,-0.00255330725943076,0.05826783329275408,-0.21484265281586970,-1.47057581447265107,-3.60794810157781898,-0.81999999999999995,1.62999999999999989
-0.01441222003917023,-0.00270022938093985,0.05790568515814642,-0.20707668807925206,-1.46785201791482667,-3.63506311588897635,-0.81999999999999995,1.62999999999999989
-0.01443253417398356,-0.00284687469663700,0.05754081085705194,-0.19918472557156888,-1.46503922524916330,-3.66247251567061971,-0.81999999999999995,1.62999999999999989
-0.01445205266995916,-0.00299323416303643,0.05717318062218633,-0.19116332764377938,-1.46213453892595879,-3.69018291037717105,-0.81999999999999995,1.62999999999999989
-0.01447076240624491,-0.00313929844077962,0.05680276401476380,-0.18300892575866734,-1.45913493799591309,-3.71820112203763697,-0.81999999999999995,1.62999999999999989
-0.01448864989832706,-0.00328505788197563,0.05642952990279626,-0.17471781413030957,-1.45603727164991326,-3.74653419419626976,-0.81999999999999995,1.62999999999999989
-0.01450570128397173,-0.00343050251687530,0.05605344643847562,-0.16628614298613523,-1.45283825235328568,-3.77518940131714631,-0.81999999999999995,1.62999999999999989
-0.01452190230847265,-0.00357562203983743,0.05567448103459113,-0.15770991142507029,-1.44953444854471214,-3.80417425868127701,-0.81999999999999995,1.62999999999999989
-0.01453723830916329,-0.00372040579454169,0.05529260033993119,-0.14898495984310703,-1.44612227686748862,-3.83349653280688640,-0.81999999999999995,1.62999999999999989
-0.01455169419914869,-0.00386484275839989,0.05490777021361561,-0.14010696189528429,-1.44259799389804200,-3.86316425242571704,-0.81999999999999995,1.62999999999999989
-0.01456525445020889,-0.00400892152611329,0.05451995569830092,-0.13107141596048996,-1.43895768733360097,-3.89318572005059460,-0.81999999999999995,1.62999999999999989
-0.01457790307482244,-0.00415263029232004,0.05412912099219785,-0.12187363607267947,-1.43519726659759206,-3.92356952417206939,-0.81999999999999995,1.62999999999999989
-0.01458962360725486,-0.00429595683327211,0.05373522941983602,-0.11250874227901786,-1.43131245281768282,-3.95432455212474387,-0.81999999999999995,1.62999999999999989
-0.01460039908365228,-0.00443888848747663,0.05333824340150668,-0.10297165038206843,-1.42729876812738277,-3.98546000366693143,-0.81999999999999995,1.62999999999999989
-0.01461021202107677,-0.00458141213523143,0.05293812442130985,-0.09325706101943597,-1.42315152423769198,-4.01698540532056114,-0.19000000000000000,0.38000000000000000
-0.01461890918002090,-0.00472357264806791,0.05253487365186532,-0.08065519352936065,-1.42003531641190994,-4.04809746456934683,-0.19000000000000000,0.38000000000000000
-0.01462633678080623,-0.00486541442733863,0.05212849126008894,-0.06786494624847494,-1.41677596279869955,-4.07961959104734184,-0.19000000000000000,0.38000000000000000
-0.01463247569589705,-0.00500692288713449,0.05171893571117613,-0.05488048667806410,-1.41336799321647577,-4.11156241080300067,-0.19000000000000000,0.38000000000000000
-0.01463730620187148,-0.00514808288119668,0.05130616438808664,-0.04169572728873819,-1.40980566821324449,-4.14393694561584791,-0.19000000000000000,0.38000000000000000
-0.01464080795321151,-0.00528887867517905,0.05089013355101902,-0.02830431122525883,-1.40608296266341304,-4.17675463222891263,-0.19000000000000000,0.38000000000000000
-0.01464295995461513,-0.00542929391721101,0.05047079829490506,-0.01469959703005843,-1.40219354816378772,-4.21002734273265755,-0.19000000000000000,0.38000000000000000
-0.01464374053172835,-0.00556931160663568,0.05004811250480481,-0.00087464230553489,-1.39813077412563369,-4.24376740618214932,-0.19000000000000000,0.38000000000000000
-0.01464312730018689,-0.00570891406078738,0.04962202880907458,0.01317781377234362,-1.39388764744947635,-4.27798763153589956,-0.19000000000000000,0.38000000000000000
-0.01464109713284777,-0.00584808287966064,0.04919249853017101,0.02746536918495010,-1.38945681065798299,-4.31270133201212680,-0.19000000000000000,0.38000000000000000
-0.01463762612508123,-0.00598679890830964,0.04875947163294434,0.04199597915152541,-1.38483051834963478,-4.34792235096615620,-0.19000000000000000,0.38000000000000000
-0.01463268955798244,-0.00612504219680295,0.04832289667026334,0.05677797767471499,-1.38000061182181999,-4.38366508940143440,-0.19000000000000000,0.38000000000000000
-0.01462626185935010,-0.00626279195754200,0.04788272072580221,0.07182010067795615,-1.37495849169625783,-4.41994453523617814,-0.19000000000000000,0.38000000000000000
-0.01461831656226593,-0.00640002651973477,0.04743888935380782,0.08713151087429720,-1.36969508836209353,-4.45677629445816681,-0.19000000000000000,0.38000000000000000
-0.01460882626109447,-0.00653672328079606,0.04699134651565087,0.10272182452043005,-1.36420083003233317,-4.49417662431166320,-0.19000000000000000,0.38000000000000000
-0.01459776256470609,-0.00667285865442491,0.04654003451295042,0.11860114022556606,-1.35846560818723838,-4.53216246867305372,-0.19000000000000000,0.38000000000000000
-0.01458509604670875,-0.00680840801508521,0.04608489391704439,0.13478007000249612,-1.35247874015355207,-4.57075149578562900,-0.19000000000000000,0.38000000000000000
-0.01457079619245392,-0.00694334563858966,0.04562586349456089,0.15126977276799666,-1.34622892854059883,-4.60996213853911829,-0.19000000000000000,0.38000000000000000
-0.01455483134256061,-0.00707764463845728,0.04516288012882601,0.16808199052195674,-1.33970421722298472,-4.64981363749630905,-0.19000000000000000,0.38000000000000000
-0.01453716863267698,-0.00721127689768234,0.04469587873682256,0.18522908745953165,-1.33289194352429274,-4.69032608688745523,-0.19000000000000000,0.38000000000000000
-0.01451777392917256,-0.00734421299551585,0.04422479218139093,0.20272409229865171,-1.32577868621628592,-4.73152048381342105,-0.19000000000000000,0.38000000000000000
-0.01449661176042389,-0.00747642212881990,0.04374955117833837,0.22058074413676049,-1.31835020890300747,-4.77341878092079064,-0.19000000000000000,0.38000000000000000
-0.01447364524332371,-0.00760787202751000,0.04327008419809533,0.23881354218622519,-1.31059139830804194,-4.81604394283676029,-0.19000000000000000,0.38000000000000000
-0.01444883600460662,-0.00773852886354885,0.04278631736152722,0.25743779977803066,-1.30248619692518286,-4.85942000667871454,-0.19000000000000000,0.38000000000000000
-0.01442214409654297,-0.00786835715289860,0.04229817432947732,0.27646970306880608,-1.29401752942678239,-4.90357214698330068,-0.19000000000000000,0.38000000000000000
-0.01439352790650695,-0.00799731964977373,0.04180557618558022,0.29592637493772034,-1.28516722214892920,-4.94852674543282944,-0.19000000000000000,0.38000000000000000
-0.01436294405987292,-0.00812537723246467,0.04130844131184557,0.31582594461822300,-1.27591591488686906,-4.99431146579328722,-0.19000000000000000,0.38000000000000000
-0.01433034731563677,-0.00825248877992103,0.04080668525646879,0.33618762367606320,-1.26624296413607706,-5.04095533451851985,-0.19000000000000000,0.38000000000000000
-0.01429569045409382,-0.00837861103819094,0.04030022059327738,0.35703178902072313,-1.25612633680213381,-5.08848882751966780,-0.19000000000000000,0.38000000000000000
-0.01425892415583205,-0.00850369847570932,0.03978895677216946,0.37838007372381038,-1.24554249327371802,-5.13694396364810579,-0.19000000000000000,0.38000000000000000
-0.01421999687121734,-0.00862770312631015,0.03927279995984344,0.40025546651676325,-1.23446625860485559,-5.18635440549449722,-0.19000000000000000,0.38000000000000000
-0.01417885467945426,-0.00875057441870372,0.03875165287005464,0.42268242095344666,-1.22287068038179725,-5.23675556816662358,-0.19000000000000000,0.38000000000000000
-0.01413544113620168,-0.00887225899100822,0.03822541458256511,0.44568697535321555,-1.21072687165265735,-5.28818473677495415,-0.19000000000000000,0.38000000000000000
-0.01408969710860282,-0.00899270048875131,0.03769398034987643,0.46929688478960330,-1.19800383706962754,-5.34068119342810999,-0.19000000000000000,0.38000000000000000
-0.01404156059645515,-0.00911183934455976,0.03715724139075102,0.49354176656227144,-1.18466828012866388,-5.39428635462106421,-0.19000000000000000,0.38000000000000000
-0.01399096653809167,-0.00922961253752821,0.03661508466943495,0.51845326078918896,-1.17068438908344330,-5.44904391998773008,-0.19000000000000000,0.38000000000000000
-0.01393784659937007,-0.00934595332999891,0.03606739265939308,0.54406520798689717,-1.15601359875117571,-5.50500003348723776,-0.19000000000000000,0.38000000000000000
-0.01388212894396684,-0.00946079097918510,0.03551404309025543,0.57041384577479048,-1.14061432500800009,-5.56220345820018647,-0.19000000000000000,0.38000000000000000
-0.01382373798294407,-0.00957405042072674,0.03495490867655001,0.59753802715135240,-1.12444166827966341,-5.62070576602812810,-0.19000000000000000,0.38000000000000000
-0.01376259410129467,-0.00968565192086976,0.03438985682666196,0.62547946315432978,-1.10744708175502904,-5.68056154371676847,-0.19000000000000000,0.38000000000000000
-0.01369861335886932,-0.00979551069349959,0.03381874933030981,0.65428299314269367,-1.08957799936871114,-5.74182861676107947,-0.19000000000000000,0.38000000000000000
-0.01363170716274084,-0.00990353647772513,0.03324144202266679,0.68399688643772982,-1.07077741779408986,-5.80456829289845633,-0.19000000000000000,0.38000000000000000
-0.01356178190765890,-0.01000963307108742,0.03265778442307637,0.71467317964806742,-1.05098342573382286,-5.86884562705343260,-0.19000000000000000,0.38000000000000000
-0.01348873858078237,-0.01011369781274050,0.03206761934611699,0.74636805469632728,-1.03012867266062047,-5.93472970976273118,-0.19000000000000000,0.38000000000000000
-0.01341247232633432,-0.01021562101010185,0.03147078248255941,0.77914226338463688,-1.00813976780820247,-6.00229398127974445,-0.19000000000000000,0.38000000000000000
-0.01333287196519453,-0.01031528530147132,0.03086710194753149,0.81306160530858529,-0.98493659859359139,-6.07161657372848929,-0.19000000000000000,0.38000000000000000
-0.01324981946370658,-0.01041256494594125,0.03025639779296031,0.84819746708629573,-0.96043155570839234,-6.14278068384171227,-0.19000000000000000,0.38000000000000000
-0.01316318934511322,-0.01050732503053084,0.02963848148109994,0.88462743225067308,-0.93452864977509220,-6.21587497896583763,-0.19000000000000000,0.38000000000000000
-0.01307284803601886,-0.01059942058283055,0.02901315531567928,0.92243597280737277,-0.90712250163286490,-6.29099403913161836,-0.19000000000000000,0.38000000000000000
-0.01297865313908090,-0.01068869557548234,0.02838021182692027,0.96171523544930637,-0.87809718488048061,-6.36823883805166080,-0.19000000000000000,0.38000000000000000
-0.01288045262171711,-0.01077498180648198,0.02773943310639155,1.00256593781612069,-0.84732489511598508,-6.44771726588266070,-0.19000000000000000,0.38000000000000000
-0.01277808390893641,-0.01085809763648615,0.02709059008738474,1.04509839308860419,-0.81466441518907973,-6.52954469643580548,-0.19000000000000000,0.38000000000000000
-0.01267137286640135,-0.01093784656093472,0.02643344176624789,1.08943368473206248,-0.77995933948724228,-6.61384460116860229,-0.19000000000000000,0.38000000000000000
-0.01256013265744131,-0.01101401559072619,0.02576773435990663,1.13570501749889408,-0.74303601250934326,-6.70074921165307025,-0.19000000000000000,0.38000000000000000
-0.01244416245487076,-0.01108637341024576,0.02509320039468216,1.18405927605800643,-0.70370112735340751,-6.79040023115751445,-0.19000000000000000,0.38000000000000000
-0.01232324598501802,-0.01115466827553066,0.02440955772152945,1.23465882907737878,-0.66173891775747973,-6.88294959431479469,-0.19000000000000000,0.38000000000000000
-0.01219714987720345,-0.01121862560800002,0.02371650845303911,1.28768362455175067,-0.61690786233372530,-6.97856027131199497,-0.19000000000000000,0.38000000000000000
-0.01206562178685120,-0.01127794523013369,0.02301373781808106,1.34333363203090062,-0.56893680077638897,-7.07740710924214866,-0.19000000000000000,0.38000000000000000
-0.01192838825426257,-0.01133229817831791,0.02230091293096530,1.40183169966626631,-0.51752033798879160,-7.17967769765869868,-0.19000000000000000,0.38000000000000000
-0.01178515225355031,-0.01138132301421736,0.02157768147367571,1.46342690929890029,-0.46231338179128223,-7.28557323717464023,-0.19000000000000000,0.38000000000000000
-0.01163559037698874,-0.01142462153874452,0.02084367029240838,1.52839853198982945,-0.40292462118801586,-7.39530937800081567,-0.19000000000000000,0.38000000000000000
-0.01147934958863455,-0.01146175379101598,0.02009848391377128,1.59706071051564114,-0.33890870248058713,-7.50911697794454103,-0.19000000000000000,0.38000000000000000
-0.01131604346695829,-0.01149223218734305,0.01934170299223400,1.66976802579960459,-0.26975679632806249,-7.62724270412942129,-0.19000000000000000,0.38000000000000000
-0.01114524783867809,-0.01151551462062818,0.01857288270971403,1.74692214280325953,-0.19488516545934800,-7.74994936591343997,-0.19000000000000000,0.38000000000000000
-0.01096649568408534,-0.01153099629630689,0.01779155116195415,1.82897978035255826,-0.11362123377427701,-7.87751581276234170,-0.19000000000000000,0.38000000000000000
-0.01077927116671678,-0.01153800002421787,0.01699720778665594,1.91646231163154934,-0.02518651436643773,-8.01023615205768991,-0.19000000000000000,0.38000000000000000
-0.01058300260575200,-0.01153576461251945,0.01618932191826475,2.00996738131095753,0.07132443523767405,-8.14841792569531620,-0.19000000000000000,0.38000000000000000
-0.01037705416608370,-0.01152343091463217,0.01536733159845724,2.11018302599164898,0.17697011371286078,-8.29237871209890542,-0.19000000000000000,0.38000000000000000
-0.01016071598621290,-0.01150002495591627,0.01453064283671546,2.21790491213794683,0.29299465104105205,-8.44244036302059797,-0.19000000000000000,0.38000000000000000
-0.00993319239499841,-0.01146443740356219,0.01367862961246516,2.33405746571301798,0.42086872617639148,-8.59891969722493776,-0.19000000000000000,0.38000000000000000
-0.00969358778131312,-0.01141539842767062,0.01281063505538143,2.45971986547344112,0.56234129898271856,-8.76211388510946954,-0.19000000000000000,0.38000000000000000
-0.00944088957191545,-0.01135144671578322,0.01192597445887807,2.59615810932568136,0.71950543886338869,-8.93227785715213329,-0.19000000000000000,0.38000000000000000
-0.00917394763859890,-0.01127089102324599,0.01102394111310541,2.74486463331241648,0.89488261747620412,-9.10958967456336843,-0.19000000000000000,0.38000000000000000
-0.00889144929382567,-0.01117176213644116,0.01010381645072908,2.90760723719986203,1.09153127101409142,-9.29409762079765045,-0.19000000000000000,0.38000000000000000
-0.00859188884741076,-0.01105175245583879,0.00916488678173956,3.08648927281472574,1.31318730524701466,-9.48563933107503487,-0.19000000000000000,0.38000000000000000
-0.00827353050039244,-0.01090813952577921,0.00820647011461918,3.28402300136554093,1.56444654494161672,-9.68371779089113893,-0.19000000000000000,0.38000000000000000
-0.00793436318857583,-0.01073768870608682,0.00722795848392928,3.50321732523539664,1.85100179050638602,-9.88731021497542883,-0.19000000000000000,0.38000000000000000
-0.00757204595994608,-0.01053652878645573,0.00622888425904888,3.74767889046854208,2.17994957221237717,-10.09457155516774307,-0.19000000000000000,0.38000000000000000
-0.00718384280756373,-0.01029999278109437,0.00520902379632813,4.02172002454152366,2.56018221586057493,-10.30237128866413521,-0.19000000000000000,0.38000000000000000
-0.00676654708136422,-0.01002241478200971,0.00416855964381243,4.33045433037571392,3.00287513342558121,-10.50556500827903150,-0.19000000000000000,0.38000000000000000
-0.00631639872364215,-0.00969687366584076,0.00310833506007808,4.67983319697311906,3.52205684382973594,-10.69584407000150605,-0.19000000000000000,0.38000000000000000
-0.00582900480066600,-0.00931487836383026,0.00203025434486780,5.07651834122649070,4.13518573911218734,-10.85992044150925118,-0.19000000000000000,0.38000000000000000
-0.00529928953657932,-0.00886600378550778,0.00093791213674369,5.52736696417354079,4.86349890344687363,-10.97669483947251479,-0.19000000000000000,0.38000000000000000
-0.00472153266212703,-0.00833752581695971,-0.00016242533816140,6.03807727272724382,5.73153270239553603,-11.01298009332378491,-0.19000000000000000,0.38000000000000000
-0.00408961838596828,-0.00771419790017825,-0.00126032624787172,6.61014675544844010,6.76444622758197589,-10.91753110353575451,-0.19000000000000000,0.38000000000000000
-0.00339772780226657,-0.00697851220019266,-0.00233904314943616,7.23478489831159610,7.98040298816931593,-10.61423368097400477,-0.19000000000000000,0.38000000000000000
-0.00264185468710733,-0.00611214743807545,-0.00337279632927059,7.88239488413431655,9.37366761974971574,-9.99882663875693645,-0.19000000000000000,0.38000000000000000
-0.00182256974382677,-0.00509973006804987,-0.00432436523859391,8.48885709919882459,10.88528072643458700,-8.95116224848050202,-0.19000000000000000,0.38000000000000000
-0.00094894469456005,-0.00393586193553959,-0.00514550320040270,8.94893615950932642,12.37072670766981908,-7.38251008343402582,-0.19000000000000000,0.38000000000000000
-0.00004183916357215,-0.00263404113960956,-0.00578417532398184,9.13974983674909147,13.60326396727157316,-5.32096220227805539,-0.19000000000000000,0.38000000000000000
0.00086731707879880,-0.00123131189634284,-0.00619994275102301,8.98520902782589381,14.35966335252880732,-2.97202103698180720,-0.19000000000000000,0.38000000000000000
0.00174449185430221,0.00021871655315729,-0.00637967708102133,8.51380229667583066,14.54961225759652876,-0.65369124523221078,-0.19000000000000000,0.38000000000000000
0.00256333039735556,0.00166236134864061,-0.00634084114122877,7.84093235829004076,14.25667160839179104,1.36647570823119091,-0.19000000000000000,0.38000000000000000
0.00331031424291797,0.00305975570130645,-0.00612039110620601,7.09575304763802173,13.65477482417911581,2.97162915935463356,-0.19000000000000000,0.38000000000000000
0.00398315542622823,0.00438853523206693,-0.00576004565684199,6.36914869310498322,12.90751208293682062,4.17304782051640188,-0.19000000000000000,0.38000000000000000
0.00458631801146762,0.00564015775223114,-0.00529689840326108,5.70669155219076618,12.12543943522615209,5.04113007996881102,-0.19000000000000000,0.38000000000000000
0.00512713585475165,0.00681452211288735,-0.00476025298883911,5.12298937184419501,11.36918655659711774,5.65561651453853464,-0.19000000000000000,0.38000000000000000
0.00561349966390951,0.00791579291329416,-0.00417193724907983,4.61663000727665729,10.66625851162716465,6.08452857336386632,-0.19000000000000000,0.38000000000000000
0.00605277508395766,0.00894985982893457,-0.00354778350882213,4.17965820492367612,10.02563092660996169,6.37975555774749115,-0.19000000000000000,0.38000000000000000
0.00645142004507125,0.00992299016052631,-0.00289917064604610,3.80240245047472225,9.44703183830383075,6.57899998310584877,-0.19000000000000000,0.38000000000000000
0.00681493431388755,0.01084118879773856,-0.00223427662697112,3.47557949619217332,8.92609347901583483,6.70913247819418324,-0.19000000000000000,0.38000000000000000
0.00714794328426772,0.01170993620312889,-0.00155900494770173,3.19104486380137775,8.45699624996916555,6.78921862133586096,-0.19000000000000000,0.38000000000000000
0.00745432225386804,0.01253411495346378,-0.00087764358827325,2.94193830007334212,8.03374099518977403,6.83282956384334739,-0.19000000000000000,0.38000000000000000
0.00773732122097433,0.01331802400460106,-0.00019332699141355,2.72258884072901175,7.65071138306859755,6.84969399122424871,-0.19000000000000000,0.38000000000000000
0.00799967553655326,0.01406542942342599,0.00049164071728036,2.52834425634597615,7.30288297016973686,6.84684793644757317,-0.19000000000000000,0.38000000000000000
0.00824369882912017,0.01477962652410031,0.00117555859302510,2.35539393845671841,6.98586371412489093,6.82942817335050023,-0.19000000000000000,0.38000000000000000
0.00847135905647251,0.01546350176329609,0.00185716801730702,2.20061076957994706,6.69585937204105086,6.80122001915499474,-0.19000000000000000,0.38000000000000000
0.00868434001602390,0.01611958946777000,0.00253553771408070,2.06141870404173533,6.42960996762917159,6.76503768201879474,-0.19000000000000000,0.38000000000000000
0.00888409088015301,0.01675012174545844,0.00320998073253981,1.93568524335789016,6.18431942245874833,6.72299051158349759,-0.19000000000000000,0.38000000000000000
0.00907186608678631,0.01735707146435926,0.00387999390554615,1.82163542259363931,5.95758831430407554,6.67667115296343727,-0.19000000000000000,0.38000000000000000
0.00924875754274620,0.01794218884346802,0.00454521326587752,1.71778344832479979,5.74735371210031420,6.62728984683139455,-0.19000000000000000,0.38000000000000000
0.00941572072403650,0.01850703243200942,0.00520538090719407,1.62287845317864865,5.55183713883300456,6.57577125931117301,-0.19000000000000000,0.38000000000000000
0.00957359593123089,0.01905299528309847,0.00586032013543934,1.53586139648242792,5.36950039043600658,6.52282498813692335,-0.19000000000000000,0.38000000000000000
0.00972312569026480,0.01958132706942692,0.00650991668437458,1.45583071641341033,5.19900840129661468,6.46899739198223500,-0.19000000000000000,0.38000000000000000
0.00986496907545349,0.02009315279773607,0.00715410440830349,1.38201484404718067,5.03919819154502235,6.41471003756443015,-0.19000000000000000,0.38000000000000000
0.00999971356408061,0.02058948868247812,0.00779285430971757,1.31375010420640947,4.88905295245456806,6.36028846570371353,-0.19000000000000000,0.38000000000000000
0.01012788490150886,0.02107125564907674,0.00842616607185488,1.25046285704313043,4.74768042067006846,6.30598388868437976,-0.19000000000000000,0.38000000000000000
0.01024995535453338,0.02153929085805629,0.00905406148755825,1.19165499089358162,4.61429480891843369,6.25198968035671765,-0.19000000000000000,0.38000000000000000
0.01036635065209945,0.02199435757392956,0.00967657933426908,1.13689207526622904,4.48820167664005343,6.19845399768774641,-0.19000000000000000,0.38000000000000000
0.01047745585136071,0.02243715364642318,0.01029377135943277,1.08579363549536301,4.36878522859792007,6.14548950517511905,-0.19000000000000000,0.38000000000000000
0.01058362031933572,0.02286831882505983,0.01090569912397488,1.03802512802998015,4.25549761973428353,6.09318091309178378,-0.19000000000000000,0.38000000000000000
0.01068516198303655,0.02328844108984822,0.01151243151277406,0.99329128577377934,4.14784992031186572,6.04159085419830166,-0.19000000000000000,0.38000000000000000
0.01078237097152602,0.02369806214947073,0.01211404276643780,0.95133057272839427,4.04540445803281656,5.99076448910387782,-0.19000000000000000,0.38000000000000000
0.01087551275010534,0.02409768223268195,0.01271061092255788,0.91191054129888527,3.94776830517161326,5.94073313262908886,-0.19000000000000000,0.38000000000000000
0.01096483082836136,0.02448776427759947,0.01330221658008739,0.87482392770727091,3.85458772061474741,5.89151712177877407,-0.19000000000000000,0.38000000000000000
0.01105054910905844,0.02486873760631878,0.01388894191975918,0.83988535383829466,3.76554339073640820,5.84312809291736723,-0.19000000000000000,0.38000000000000000
0.01113287393303398,0.02524100115810735,0.01447086992815586,0.80692852964272244,3.68034634069485111,5.79557079627732552,-0.19000000000000000,0.38000000000000000
0.01121199586572618,0.02560492634275446,0.01504808378430545,0.77580387056451194,3.59873441021444807,5.74884454635481745,-0.19000000000000000,0.38000000000000000
0.01128809126324590,0.02596085956600600,0.01562066637636480,0.74637646056952445,3.52046920621516657,5.70294438443248719,-0.19000000000000000,0.38000000000000000
0.01136132364962726,0.02630912447102058,0.01618869992269112,0.71852430417396662,3.44533345957069992,5.65786201252756449,-0.19000000000000000,0.38000000000000000
0.01143184493176312,0.02665002393314195,0.01675226567685637,0.69213682111958852,3.37312872546974907,5.61358654512378319,-0.19000000000000000,0.38000000000000000
0.01149979647432234,0.02698384183974578,0.01731144370027613,0.66711354557276581,3.30367337684580065,5.57010511510570971,-0.19000000000000000,0.38000000000000000
0.01156531005347744,0.02731084468228939,0.01786631268936670,0.64336299836291078,3.23680084854960048,5.52740336263692456,-0.19000000000000000,0.38000000000000000
0.01162850870540085,0.02763128298380953,0.01841694984670728,0.62080170615324448,3.17235809670274049,5.48546582976321329,-0.19000000000000000,0.38000000000000000
0.01168950748310348,0.02794539258184530,0.01896343078772069,0.59935334581163913,3.11020424326118450,5.44427627887158838,-0.19000000000000000,0.38000000000000000
0.01174841413320076,0.02825339578400526,0.01950582947600928,0.57894799582264744,3.05020938045175427,5.40381794949065775,-0.19000000000000000,0.38000000000000000
0.01180532970252683,0.02855550241106251,0.02004421818178212,0.55952147951237996,2.99225351359777703,5.36407376504747369,-0.19000000000000000,0.38000000000000000
0.01186034908311899,0.02885191074047876,0.02057866745885311,0.54101478727051133,2.93622562406355492,5.32502649892621260,-0.19000000000000000,0.38000000000000000
0.01191356150291599,0.02914280836156957,0.02110924613653095,0.52337356694738679,2.88202283673527404,5.28665890737185507,-0.19000000000000000,0.38000000000000000
0.01196505096851674,0.02942837295208086,0.02163602132340118,0.50654767325768857,2.82954967871103014,5.24895383534561422,-0.19000000000000000,0.38000000000000000
0.01201489666549992,0.02970877298471165,0.02215905842055212,0.49049076839829148,2.77871741777002601,5.21189430028973533,-0.19000000000000000,0.38000000000000000
0.01206317332108512,0.02998416837105718,0.02267842114224424,0.47515996723721199,2.72944347079198169,5.17546355783682710,-0.19000000000000000,0.38000000000000000
0.01210995153330109,0.03025471104953333,0.02319417154238749,0.46051552139351015,2.68165087365250754,5.13964515275588063,-0.19000000000000000,0.38000000000000000
0.01215529807030069,0.03052054552305490,0.02370637004548944,0.44652053733743596,2.63526780526962190,5.10442295782682098,-0.19000000000000000,0.38000000000000000
0.01219927614300973,0.03078180935155806,0.02421507548098094,0.43314072432260053,2.59022715945449677,5.06978120284896594,-0.19000000000000000,0.38000000000000000
0.01224194565390815,0.03103863360386516,0.02472034512002618,0.42034416853913970,2.54646615905364504,5.03570449559342048,-0.19000000000000000,0.38000000000000000
0.01228336342440550,0.03129114327287577,0.02522223471408837,0.40810113036639001,2.50392600758309980,5.00217783618732437,-0.19000000000000000,0.38000000000000000
0.01232358340298258,0.03153945765761890,0.02572079853465742,0.39638386201999076,2.46255157416666970,4.96918662615472506,-0.19000000000000000,0.38000000000000000
0.01236265685601812,0.03178369071530972,0.02621608941365737,0.38516644324346400,2.42229110811591886,4.93671667312341622,-0.19000000000000000,0.38000000000000000
0.01240063254300056,0.03202395138621085,0.02670815878414316,0.37442463299801976,2.38309597994223665,4.90475419203028551,-0.19000000000000000,0.38000000000000000
0.01243755687763324,0.03226034389379763,0.02719705672097199,0.36413573536470684,2.34492044598226990,4.87328580351235185,-0.19000000000000000,0.38000000000000000
0.01247347407617453,0.03249296802246193,0.02768283198119724,0.35427847809681612,2.30772143415624731,4.84229853005091648,-0.19000000000000000,0.38000000000000000
0.01250842629420796,0.03272191937475615,0.02816553204398419,0.34483290245325116,2.27145834867210095,4.81177979033740932,-0.19000000000000000,0.38000000000000000
0.01254245375290897,0.03294728960997358,0.02864520314989001,0.33578026311008663,2.23609289174325276,4.78171739224782488,-0.19000000000000000,0.38000000000000000
0.01257559485576203,0.03316916666567896,0.02912189033938507,0.32710293709165711,2.20158890061000356,4.75209952474500597,-0.19000000000000000,0.38000000000000000
0.01260788629658254,0.03338763496364261,0.02959563749052201,0.31878434078754014,2.16791219834824256,4.72291474897197983,-0.19000000000000000,0.38000000000000000
0.01263936315960989,0.03360277560148790,0.03006648735568302,0.31080885423048504,2.13503045711866113,4.69415198875304185,-0.19000000000000000,0.38000000000000000
0.01267005901236059,0.03381466653123523,0.03053448159735508,0.30316175190502204,2.10291307265810046,4.66580052068062923,-0.19000000000000000,0.38000000000000000
0.01270000599186151,0.03402338272581230,0.03099966082289941,0.29582913943913980,2.07153104894498785,4.63784996393392035,-0.19000000000000000,0.38000000000000000
0.01272923488482214,0.03422899633449934,0.03146206461829442,0.28879789560371188,2.04085689208538712,4.61029026994838187,-0.19000000000000000,0.38000000000000000
0.01275777520225069,0.03443157682818821,0.03192173158084229,0.28205561910770527,2.01086451256714671,4.58311171203324630,-0.19000000000000000,0.38000000000000000
0.01278565524897020,0.03463119113525304,0.03237869935083804,0.27559057973282708,1.98152913511869477,4.55630487501540227,-0.19000000000000000,0.38000000000000000
0.01281290218844798,0.03482790376875822,0.03283300464220700,0.26939167340018988,1.95282721548777571,4.52986064497279450,-0.19000000000000000,0.38000000000000000
0.01283954210331292,0.03502177694566439,0.03328468327212224,0.26344838080468458,1.92473636352513489,4.50377019910760001,-0.19000000000000000,0.38000000000000000
0.01286560005190091,0.03521287069863470,0.03373377018961792,0.25775072929080040,1.89723527201998676,4.47802499579881008,-0.19000000000000000,0.38000000000000000
0.01289110012113761,0.03540124298099125,0.03418029950321835,0.25228925767727350,1.87030365078901828,4.45261676486498992,-0.19000000000000000,0.38000000000000000
0.01291606547604003,0.03558694976532426,0.03462430450760463,0.24705498376773860,1.84392216556952926,4.42753749806064789,-0.19000000000000000,0.38000000000000000
0.01294051840609355,0.03577004513621353,0.03506581770934356,0.24203937431098371,1.81807238131084037,4.40277943982355957,-0.19000000000000000,0.38000000000000000
0.01296448036873845,0.03595058137748372,0.03550487085170419,0.23723431719788593,1.79273670949692887,4.37833507828537805,-0.19000000000000000,0.38000000000000000
0.01298797203017990,0.03612860905437929,0.03594149493858904,0.23263209570299326,1.76789835916795157,4.35419713655369112,-0.19000000000000000,0.38000000000000000
0.01301101330371709,0.03630417709101396,0.03637572025760734,0.22822536459733012,1.74354129133936242,4.33035856427031884,-0.19000000000000000,0.38000000000000000
0.01303362338577052,0.03647733284342042,0.03680757640231788,0.22400712797561265,1.71965017654514529,4.30681252944782322,-0.19000000000000000,0.38000000000000000
0.01305582078977183,0.03664812216850016,0.03723709229366954,0.21997071865590090,1.69621035525663988,4.28355241058396174,-0.19000000000000000,0.38000000000000000
0.01307762337806674,0.03681658948914939,0.03766429620066707,0.21610977902299561,1.67320780095085664,4.26057178905198164,-0.19000000000000000,0.38000000000000000
0.01309904839196967,0.03698277785581567,0.03808921576028944,0.21241824319878644,1.65062908562234156,4.23786444176317012,-0.19000000000000000,0.38000000000000000
0.01312011248009726,0.03714672900471996,0.03851187799668800,0.20889032043343531,1.62846134755081007,4.21542433409693196,-0.19000000000000000,0.38000000000000000
0.01314083172509792,0.03730848341296108,0.03893230933969069,0.20552047962086917,1.60669226115314778,4.19324561309274202,-0.19000000000000000,0.38000000000000000
0.01316122166888560,0.03746808035070289,0.03935053564263837,0.20230343485068414,1.58531000876315198,4.17132260089763029,-0.19000000000000000,0.38000000000000000
0.01318129733647701,0.03762555793062997,0.03976658219957828,0.19923413191633185,1.56430325419575444,4.14964978846232846,-0.19000000000000000,0.38000000000000000
0.01320107325852458,0.03778095315484328,0.04018047376183936,0.19630773570646479,1.54366111796455074,4.12822182947884109,-0.19000000000000000,0.38000000000000000
0.01322056349262978,0.03793430195935529,0.04059223455401301,0.19351961841264087,1.52337315403241269,4.10703353455194264,-0.19000000000000000,0.38000000000000000
0.01323978164351553,0.03808563925633214,0.04100188828936239,0.19086534849230316,1.50342932798489204,4.08607986559694325,-0.19000000000000000,0.38000000000000000
0.01325874088213028,0.03823499897422004,0.04140945818468252,0.18834068033112156,1.48381999652513752,4.06535593045600852,-0.19000000000000000,0.38000000000000000
0.01327745396375115,0.03838241409588332,0.04181496697463258,0.18594154455346673,1.46453588819723790,4.04485697772530006,-0.19000000000000000,0.38000000000000000
0.01329593324514859,0.03852791669487268,0.04221843692556119,0.18366403893403402,1.44556808525235914,4.02457839178525756,-0.19000000000000000,0.38000000000000000
0.01331419070087038,0.03867153796993379,0.04261988984884451,0.18150441986748919,1.42690800657882599,4.00451568802643543,-0.19000000000000000,0.38000000000000000
0.01333223793869888,0.03881330827785916,0.04301934711375641,0.17945909435651100,1.40854739162348563,3.98466450826343577,-0.19000000000000000,0.38000000000000000
0.01335008621433146,0.03895325716477879,0.04341682965988913,0.17752461248179130,1.39047828523733363,3.96502061632963754,-0.19000000000000000,0.38000000000000000
0.01336774644533062,0.03909141339597906,0.04381235800914220,0.17569766032045320,1.37269302338353527,3.94557989384559393,-0.19000000000000000,0.38000000000000000
0.01338522922438704,0.03922780498433312,0.04420595227729649,0.17397505328199192,1.35518421965068603,3.92633833615416306,-0.19000000000000000,0.38000000000000000
0.01340254483193599,0.03936245921742066,0.04459763218518993,0.17235372983325314,1.33794475251846534,3.90729204841564570,-0.19000000000000000,0.38000000000000000
0.01341970324816450,0.03949540268340981,0.04498741706951043,0.17083074558616579,1.32096775332678340,3.88843724185641593,-0.19000000000000000,0.38000000000000000
0.01343671416444445,0.03962666129576923,0.04537532589322108,0.16940326772395728,1.30424659490313632,3.86977023016474009,-0.19000000000000000,0.38000000000000000
0.01345358699422429,0.03975626031687405,0.04576137725563201,0.16806856974341985,1.28777488080620572,3.85128742602771190,-0.19000000000000000,0.38000000000000000
0.01347033088340988,0.03988422438056541,0.04614558940213280,0.16682402649248107,1.27154643514678156,3.83298533780344242,-0.19000000000000000,0.38000000000000000
0.01348695472026307,0.04001057751371939,0.04652798023359862,0.16566710948387470,1.25555529294988766,3.81486056632286807,-0.19000000000000000,0.38000000000000000
0.01350346714484468,0.04013534315687785,0.04690856731548280,0.16459538246712427,1.23979569102456089,3.79690980181575410,-0.19000000000000000,0.38000000000000000
0.01351987655802694,0.04025854418399025,0.04728736788660794,0.16360649724235019,1.22426205931010590,3.77912982095568850,-0.19000000000000000,0.38000000000000000
0.01353619113009875,0.04038020292131280,0.04766439886766741,0.16269818970060490,1.20894901266982457,3.76151748401906572,-0.19000000000000000,0.38000000000000000
0.01355241880898565,0.04050034116550816,0.04803967686944804,0.16186827607653728,1.19385134310523533,3.74406973215326744,-0.19000000000000000,0.38000000000000000
0.01356856732810520,0.04061898020098653,0.04841321820078511,0.16111464940019682,1.17896401236564508,3.72678358474944371,-0.19000000000000000,0.38000000000000000
0.01358464421387693,0.04073614081652648,0.04878503887625946,0.16043527613571715,1.16428214492965387,3.70965613691549434,-0.19000000000000000,0.38000000000000000
0.01360065679290506,0.04085184332121170,0.04915515462364691,0.15982819299547482,1.14980102133675177,3.69268455704503085,-0.19000000000000000,0.38000000000000000
0.01361661219885090,0.04096610755971741,0.04952358089112907,0.15929150391910826,1.13551607184862768,3.67586608447828667,-0.19000000000000000,0.38000000000000000
0.01363251737901108,0.04107895292697871,0.04989033285427477,0.15882337720751064,1.12142287042116440,3.65919802725111154,-0.19000000000000000,0.38000000000000000
0.01364837910061643,0.04119039838227086,0.05025542542280059,0.15842204280258274,1.10751712896934373,3.64267775992835707,-0.19000000000000000,0.38000000000000000
0.01366420395686585,0.04130046246273001,0.05061887324711879,0.15808578970415355,1.09379469190844714,3.62630272151811983,-0.19000000000000000,0.38000000000000000
0.01367999837270836,0.04140916329634124,0.05098069072468065,0.15781296351605115,1.08025153095600923,3.61007041346346291,-0.19000000000000000,0.38000000000000000
0.01369576861038590,0.04151651861441918,0.05134089200612259,0.15760196411383789,1.06688374017998200,3.59397839770838745,-0.19000000000000000,0.38000000000000000
0.01371152077474870,0.04162254576360518,0.05169949100122258,0.15745124342721684,1.05368753127948955,3.57802429483496454,-0.19000000000000000,0.38000000000000000
0.01372726081835432,0.04172726171740375,0.05205650138467365,0.15735930333057224,1.04065922908541264,3.56220578226867834,-0.19000000000000000,0.38000000000000000
0.01374299454636096,0.04183068308727939,0.05241193660168122,0.15732469363553001,1.02779526726884485,3.54652059254915830,-0.19000000000000000,0.38000000000000000
0.01375872762122481,0.04193282613333432,0.05276580987339071,0.15734601017981650,1.01509218424619796,3.53096651166360420,-0.19000000000000000,0.38000000000000000
0.01377446556721095,0.04203370677458605,0.05311813420215143,0.15742189300705842,1.00254661927043154,3.51554137744033168,-0.19000000000000000,0.38000000000000000
0.01379021377472650,0.04213334059886301,0.05346892237662283,0.15755102463250481,0.99015530869852031,3.50024307799997025,-0.19000000000000000,0.38000000000000000
0.01380597750448449,0.04223174287233527,0.05381818697672858,0.15773212838996672,0.97791508242587410,3.48506955026196596,-0.19000000000000000,0.38000000000000000
0.01382176189150625,0.04232892854869675,0.05416594037846401,0.15796396685556258,0.96582286047898314,3.47001877850413765,-0.19000000000000000,0.38000000000000000
0.01383757194896994,0.04242491227801426,0.05451219475856203,0.15824534034412957,0.95387564975808192,3.45508879297313731,-0.19000000000000000,0.38000000000000000
0.01385341257191204,0.04251970841525795,0.05485696209902262,0.15857508547441471,0.94207054092211062,3.44027766854376305,-0.19000000000000000,0.38000000000000000
0.01386928854078879,0.04261333102852708,0.05520025419151053,0.15895207379939516,0.93040470540870790,3.42558352342515793,-0.19000000000000000,0.38000000000000000
0.01388520452490368,0.04270579390698429,0.05554208264162593,0.15937521049829781,0.91887539258239059,3.41100451791201875,-0.19000000000000000,0.38000000000000000
0.01390116508570714,0.04279711056851075,0.05588245887305233,0.15984343312709290,0.90747992700447377,3.39653885317902215,-0.19000000000000000,0.38000000000000000
0.01391717467997408,0.04288729426709421,0.05622139413158606,0.16035571042442837,0.89621570581865340,3.38218477011674956,-0.19000000000000000,0.38000000000000000
0.01393323766286459,0.04297635799996112,0.05655889948905127,0.16091104117015001,0.88508019624652157,3.36794054820747268,-0.19000000000000000,0.38000000000000000
0.01394935829087317,0.04306431451446355,0.05689498584710451,0.16150845309372006,0.87407093318760731,3.35380450443922884,-0.19000000000000000,0.38000000000000000
0.01396554072467102,0.04315117631473118,0.05722966394093260,0.16214700183000227,0.86318551691884138,3.33977499225668639,-0.19000000000000000,0.38000000000000000
0.01398178903184629,0.04323695566809795,0.05756294434284725,0.16282576992002806,0.85242161088862545,3.32585040054736636,-0.19000000000000000,0.38000000000000000
0.01399810718954650,0.04332166461131268,0.05789483746578009,0.16354386585449435,0.84177693960095579,3.31202915266184350,-0.19000000000000000,0.38000000000000000
0.01401449908702742,0.04340531495654246,0.05822535356668140,0.16430042315787213,0.83124928658529895,3.29830970546661506,-0.19000000000000000,0.38000000000000000
0.01403096852811223,0.04348791829717705,0.05855450274982558,0.16509459951112393,0.82083649244815393,3.28469054842838171,-0.19000000000000000,0.38000000000000000
0.01404751923356487,0.04356948601344249,0.05888229497002673,0.16592557591114060,0.81053645300245403,3.27117020272853143,-0.19000000000000000,0.38000000000000000
0.01406415484338105,0.04365002927783126,0.05920874003576700,0.16679255586511330,0.80034711747116949,3.25774722040668108,-0.19000000000000000,0.38000000000000000
0.01408087891900040,0.04372955906035648,0.05953384761224078,0.16769476461815458,0.79026648676166655,3.24442018353216799,-0.19000000000000000,0.38000000000000000
0.01409769494544296,0.04380808613363685,0.05985762722431737,0.16863144841257552,0.78029261180756015,3.23118770340243655,-0.19000000000000000,0.38000000000000000
0.01411460633337316,0.04388562107781906,0.06018008825942479,0.16960187377731209,0.77042359197497035,3.21804841976730982,-0.19000000000000000,0.38000000000000000
0.01413161642109408,0.04396217428534396,0.06050123997035728,0.17060532684607593,0.76065757353025520,3.20500100007817590,-0.19000000000000000,0.38000000000000000
0.01414872847647508,0.04403775596556243,0.06082109147800892,0.17164111270288102,0.75099274816644213,3.19204413876115911,-0.19000000000000000,0.38000000000000000
0.01416594569881511,0.04411237614920668,0.06113965177403573,0.17270855475366978,0.74142735158572681,3.17917655651339270,-0.19000000000000000,0.38000000000000000
0.01418327122064459,0.04418604469272253,0.06145692972344849,0.17380699412282991,0.73195966213553998,3.16639699962153198,-0.19000000000000000,0.38000000000000000
0.01420070810946803,0.04425877128246795,0.06177293406713853,0.17493578907345658,0.72258799949581309,3.15370423930169963,-0.19000000000000000,0.38000000000000000
0.01421825936944991,0.04433056543878262,0.06208767342433857,0.17609431445027515,0.71331072341519186,3.14109707106007274,-0.19000000000000000,0.38000000000000000
0.01423592794304583,0.04440143651993366,0.06240115629502052,0.17728196114419523,0.70412623249405903,3.12857431407336595,-0.19000000000000000,0.38000000000000000
0.01425371671258129,0.04447139372594178,0.06271339106223242,0.17849813557752062,0.69503296301233752,3.11613481058848762,-0.19000000000000000,0.38000000000000000
0.01427162850177986,0.04454044610229244,0.06302438599437618,0.17974225920888945,0.68602938780014266,3.10377742534067824,-0.19000000000000000,0.38000000000000000
0.01428966607724289,0.04460860254353607,0.06333414924742808,0.18101376805706604,0.67711401514944880,3.09150104498947087,-0.19000000000000000,0.38000000000000000
0.01430783214988243,0.04467587179678158,0.06364268886710372,0.18231211224275054,0.66828538776502633,3.07930457757183396,-0.19000000000000000,0.38000000000000000
0.01432612937630927,0.04474226246508665,0.06395001279096910,0.18363675554761430,0.65954208175298790,3.06718695197188929,-0.19000000000000000,0.38000000000000000
0.01434456036017765,0.04480778301074887,0.06425612885049949,0.18498717498980866,0.65088270564536432,3.05514711740661893,-0.19000000000000000,0.38000000000000000
0.01436312765348836,0.04487244175850100,0.06456104477308765,0.18636286041523203,0.64230589945920735,3.04318404292699674,-0.19000000000000000,0.38000000000000000
0.01438183375785172,0.04493624689861377,0.06486476818400293,0.18776331410387576,0.63381033378878582,3.03129671693400704,-0.19000000000000000,0.38000000000000000
0.01440068112571185,0.04499920648990958,0.06516730660830264,0.18918805039060210,0.62539470892951199,3.01948414670903009,-0.19000000000000000,0.38000000000000000
0.01441967216153388,0.04506132846269007,0.06546866747269720,0.19063659529973997,0.61705775403229846,3.00774535795809861,-0.19000000000000000,0.38000000000000000
0.01443880922295506,0.04512262062158061,0.06576885810737038,0.19210848619291279,0.60879822628710623,2.99607939436954318,-0.19000000000000000,0.38000000000000000
0.01445809462190151,0.04518309064829455,0.06606788574775596,0.19360327142954228,0.60061491013450352,2.98448531718456955,-0.19000000000000000,0.38000000000000000
0.01447753062567148,0.04524274610431998,0.06636575753627207,0.19512051003949754,0.59250661650410819,2.97296220478032591,-0.19000000000000000,0.38000000000000000
0.01449711945798652,0.04530159443353166,0.06666248052401440,0.19665977140738453,0.58447218207884011,2.96150915226503475,-0.19000000000000000,0.38000000000000000
0.01451686330001165,0.04535964296473056,0.06695806167240961,0.19822063496799525,0.57651046858395727,2.95012527108477896,-0.19000000000000000,0.38000000000000000
0.01453676429134560,0.04541689891411359,0.06725250785482992,0.19980268991245775,0.56862036209989730,2.93880968864155445,-0.19000000000000000,0.38000000000000000
0.01455682453098215,0.04547336938767568,0.06754582585817000,0.20140553490465019,0.56080077239799009,2.92756154792220569,-0.19000000000000000,0.38000000000000000
0.01457704607824368,0.04552906138354659,0.06783802238438738,0.20302877780746223,0.55305063229814821,2.91638000713788692,-0.19000000000000000,0.38000000000000000
0.01459743095368776,0.04558398179426451,0.06812910405200732,0.20467203541850637,0.54536889704768343,2.90526423937369360,-0.19000000000000000,0.38000000000000000
0.01461798113998777,0.04563813740898864,0.06841907739759305,0.20633493321489998,0.53775454372043408,2.89421343224813388,-0.19000000000000000,0.38000000000000000
0.01463869858278848,0.04569153491565259,0.06870794887718246,0.20801710510675619,0.53020657063542420,2.88322678758211071,-0.19000000000000000,0.38000000000000000
0.01465958519153736,0.04574418090306059,0.06899572486769220,0.20971819319903820,0.52272399679431092,2.87230352107710907,-0.19000000000000000,0.38000000000000000
0.01468064284029250,0.04579608186292842,0.06928241166829008,0.21143784756144718,0.51530586133690626,2.86144286200228226,-0.19000000000000000,0.38000000000000000
0.01470187336850791,0.04584724419187072,0.06956801550173644,0.21317572600602883,0.50795122301409434,2.85064405289015310,-0.19000000000000000,0.38000000000000000
0.01472327858179693,0.04589767419333644,0.06985254251569571,0.21493149387219743,0.50065915967749008,2.83990634924065111,-0.19000000000000000,0.38000000000000000
0.01474486025267450,0.04594737807949408,0.07013599878401862,0.21670482381889003,0.49342876778521705,2.82922901923321568,-0.19000000000000000,0.38000000000000000
0.01476662012127905,0.04599636197306823,0.07041839030799615,0.21849539562357562,0.48625916192320684,2.81861134344670949,-0.19000000000000000,0.38000000000000000
0.01478855989607455,0.04604463190912913,0.07069972301758573,0.22030289598785668,0.47914947434144772,2.80805261458689381,-0.19000000000000000,0.38000000000000000
0.01481068125453349,0.04609219383683640,0.07098000277261064,0.22212701834941154,0.47209885450463551,2.79755213722122376,-0.19000000000000000,0.38000000000000000
0.01483298584380128,0.04613905362113870,0.07125923536393321,0.22396746270003717,0.46510646865670130,2.78710922752073387,-0.19000000000000000,0.38000000000000000
0.01485547528134292,0.04618521704443036,0.07153742651460254,0.22582393540956247,0.45817149939871388,2.77672321300879243,-0.19000000000000000,0.38000000000000000
0.01487815115557211,0.04623068980816661,0.07181458188097749,0.22769614905541158,0.45129314527967418,2.76639343231651003,-0.19000000000000000,0.38000000000000000
0.01490101502646381,0.04627547753443837,0.07209070705382543,0.22958382225760665,0.44447062039974022,2.75611923494459043,-0.19000000000000000,0.38000000000000000
0.01492406842615043,0.04631958576750807,0.07236580755939764,0.23148667951900817,0.43770315402543936,2.74589998103143396,-0.19000000000000000,0.38000000000000000
0.01494731285950234,0.04636301997530751,0.07263988886048167,0.23340445107059957,0.43098999021644246,2.73573504112728871,-0.19000000000000000,0.38000000000000000
0.01497074980469313,0.04640578555089896,0.07291295635743149,0.23533687272163081,0.42433038746349311,2.72562379597427595,-0.19000000000000000,0.38000000000000000
0.01499438071375019,0.04644788781390066,0.07318501538917592,0.23728368571444372,0.41772361833709937,2.71556563629210057,-0.19000000000000000,0.38000000000000000
0.01501820701309091,0.04648933201187763,0.07345607123420592,0.23924463658380873,0.41116896914661394,2.70555996256927855,-0.19000000000000000,0.38000000000000000
0.01504223010404506,0.04653012332169894,0.07372612911154124,0.24121947702061033,0.40466573960934116,2.69560618485971526,-0.19000000000000000,0.38000000000000000
0.01506645136336382,0.04657026685086239,0.07399519418167702,0.24320796373972467,0.39821324252932505,2.68570372258447065,-0.19000000000000000,0.38000000000000000
0.01509087214371568,0.04660976763878746,0.07426327154751078,0.24520985835193945,0.39181080348548619,2.67585200433855563,-0.19000000000000000,0.38000000000000000
0.01511549377416981,0.04664863065807761,0.07453036625525036,0.24722492723977235,0.38545776052878750,2.66605046770261245,-0.19000000000000000,0.38000000000000000
0.01514031756066719,0.04668686081575273,0.07479648329530332,0.24925294143704993,0.37915346388812227,2.65629855905933088,-0.19000000000000000,0.38000000000000000
0.01516534478647989,0.04672446295445253,0.07506162760314807,0.25129367651211471,0.37289727568462994,2.64659573341446164,-0.19000000000000000,0.38000000000000000
0.01519057671265877,0.04676144185361187,0.07532580406018748,0.25334691245453306,0.36668856965415525,2.63694145422229109,-0.19000000000000000,0.38000000000000000
0.01521601457847013,0.04679780223060866,0.07558901749458516,0.25541243356518228,0.36052673087757914,2.62733519321544540,-0.19000000000000000,0.38000000000000000
0.01524165960182148,0.04683354874188520,0.07585127268208497,0.25749002834959922,0.35441115551875846,2.61777643023889928,-0.19000000000000000,0.38000000000000000
0.01526751297967676,0.04686868598404367,0.07611257434681411,0.25957948941447817,0.34834125056982290,2.60826465308806688,-0.19000000000000000,0.38000000000000000
0.01529357588846147,0.04690321849491653,0.07637292716207027,0.26168061336720982,0.34231643360358666,2.59879935735085521,-0.19000000000000000,0.38000000000000000
0.01531984948445780,0.04693715075461253,0.07663233575109310,0.26379320071835743,0.33633613253284100,2.58938004625356610,-0.19000000000000000,0.38000000000000000
0.01534633490419017,0.04697048718653887,0.07689080468782053,0.26591705578697011,0.33039978537630360,2.58000623051053957,-0.19000000000000000,0.38000000000000000
0.01537303326480153,0.04700323215840046,0.07714833849763018,0.26805198660863744,0.32450684003100821,2.57067742817742539,-0.19000000000000000,0.38000000000000000
0.01539994566442047,0.04703538998317653,0.07740494165806634,0.27019780484619332,0.31865675405092680,2.56139316450798615,-0.19000000000000000,0.38000000000000000
0.01542707318251958,0.04706696492007559,0.07766061859955274,0.27235432570297968,0.31284899443162328,2.55215297181432721,-0.19000000000000000,0.38000000000000000
0.01545441688026531,0.04709796117546903,0.07791537370609153,0.27452136783858533,0.30708303740074644,2.54295638933045876,-0.19000000000000000,0.38000000000000000
0.01548197780085945,0.04712838290380408,0.07816921131594878,0.27669875328697752,0.30135836821417533,2.53380296307909614,-0.19000000000000000,0.38000000000000000
0.01550975696987260,0.04715823420849668,0.07842213572232688,0.27888630737694708,0.29567448095763882,2.52469224574160833,-0.19000000000000000,0.38000000000000000
0.01553775539556972,0.04718751914280478,0.07867415117402395,0.28108385865479146,0.29003087835363595,2.51562379653102530,-0.19000000000000000,0.38000000000000000
0.01556597406922817,0.04721624171068256,0.07892526187608082,0.28329123880916207,0.28442707157349101,2.50659718106802032,-0.19000000000000000,0.38000000000000000
0.01559441396544821,0.04724440586761613,0.07917547199041572,0.28550828259800576,0.27886258005438319,2.49761197125978684,-0.19000000000000000,0.38000000000000000
0.01562307604245640,0.04727201552144118,0.07942478563644699,0.28773482777753234,0.27333693132119546,2.48866774518172651,-0.19000000000000000,0.38000000000000000
0.01565196124240196,0.04729907453314301,0.07967320689170407,0.28997071503314309,0.26784966081303424,2.47976408696187489,-0.19000000000000000,0.38000000000000000
0.01568107049164628,0.04732558671763948,0.07992073979242714,0.29221578791225700,0.26240031171427541,2.47090058666798917,-0.19000000000000000,0.38000000000000000
0.01571040470104589,0.04735155584454730,0.08016738833415553,0.29446989275897406,0.25698843478999844,2.46207684019722306,-0.19000000000000000,0.38000000000000000
0.01573996476622888,0.04737698563893199,0.08041315647230525,0.29673287865051778,0.25161358822567448,2.45329244916832279,-0.19000000000000000,0.38000000000000000
0.01576975156786517,0.04740187978204216,0.08065804812273586,0.29900459733539969,0.24627533747097888,2.44454702081627495,-0.19000000000000000,0.38000000000000000
0.01579976597193055,0.04742624191202820,0.08090206716230694,0.30128490317325235,0.24097325508760420,2.43584016788933777,-0.19000000000000000,0.38000000000000000
0.01583000882996490,0.04745007562464609,0.08114521742942436,0.30357365307627793,0.23570692060095264,2.42717150854839714,-0.19000000000000000,0.38000000000000000
0.01586048097932456,0.04747338447394649,0.08138750272457659,0.30587070645226239,0.23047592035559200,2.41854066626857955,-0.19000000000000000,0.38000000000000000
0.01589118324342912,0.04749617197294960,0.08162892681086131,0.30817592514910619,0.22527984737436288,2.40994726974306861,-0.19000000000000000,0.38000000000000000
0.01592211643200269,0.04751844159430608,0.08186949341450250,0.31048917340082482,0.22011830122102871,2.40139095278906201,-0.19000000000000000,0.38000000000000000
0.01595328134130992,0.04754019677094441,0.08210920622535821,0.31281031777497387,0.21499088786636397,2.39287135425581354,-0.19000000000000000,0.38000000000000000
0.01598467875438673,0.04756144089670505,0.08234806889741927,0.31513922712145453,0.20989721955757940,2.38438811793470817,-0.19000000000000000,0.38000000000000000
0.01601630944126607,0.04758217732696169,0.08258608504929908,0.31747577252265818,0.20483691469098642,2.37594089247131501,-0.19000000000000000,0.38000000000000000
0.01604817415919873,0.04760240937922990,0.08282325826471473,0.31981982724490848,0.19980959768780643,2.36752933127936593,-0.19000000000000000,0.38000000000000000
0.01608027365286935,0.04762214033376358,0.08305959209295956,0.32217126669116219,0.19481489887303374,2.35915309245661309,-0.19000000000000000,0.38000000000000000
0.01611260865460779,0.04764137343413936,0.08329509004936743,0.32452996835493064,0.18985245435726356,2.35081183870251431,-0.19000000000000000,0.38000000000000000
0.01614517988459587,0.04766011188782942,0.08352975561576892,0.32689581177538524,0.18492190592140018,2.34250523723769932,-0.19000000000000000,0.38000000000000000
0.01617798805106982,0.04767835886676282,0.08376359224093939,0.32926867849361163,0.18002290090416248,2.33423295972517453,-0.19000000000000000,0.38000000000000000
0.01621103385051829,0.04769611750787581,0.08399660334103944,0.33164845200997828,0.17515509209230723,2.32599468219321803,-0.19000000000000000,0.38000000000000000
0.01624431796787618,0.04771339091365125,0.08422879230004758,0.33403501774258654,0.17031813761349276,2.31779008495992445,-0.19000000000000000,0.38000000000000000
0.01627784107671440,0.04773018215264743,0.08446016247018556,0.33642826298677025,0.16551170083170852,2.30961885255935728,-0.19000000000000000,0.38000000000000000
0.01631160383942562,0.04774649426001659,0.08469071717233630,0.33882807687561411,0.16073545024519825,2.30148067366926767,-0.19000000000000000,0.38000000000000000
0.01634560690740608,0.04776233023801338,0.08492045969645473,0.34123435034146088,0.15598905938680685,2.29337524104034252,-0.19000000000000000,0.38000000000000000
0.01637985092123366,0.04777769305649335,0.08514939330197160,0.34364697607837891,0.15127220672668321,2.28530225142694032,-0.19000000000000000,0.38000000000000000
0.01641433651084219,0.04779258565340199,0.08537752121819048,0.34606584850556166,0.14658457557727361,2.27726140551928102,-0.19000000000000000,0.38000000000000000
0.01644906429569221,0.04780701093525428,0.08560484664467792,0.34849086373163274,0.14192585400054228,2.26925240787705240,-0.19000000000000000,0.38000000000000000
0.01648403488493812,0.04782097177760507,0.08583137275164726,0.35092191951983043,0.13729573471735768,2.26127496686439677,-0.19000000000000000,0.38000000000000000
0.01651924887759196,0.04783447102551056,0.08605710268033578,0.35335891525404584,0.13269391501898511,2.25332879458624769,-0.19000000000000000,0.38000000000000000
0.01655470686268381,0.04784751149398098,0.08628203954337570,0.35580175190569141,0.12812009668062810,2.24541360682597801,-0.19000000000000000,0.38000000000000000
0.01659040941941891,0.04786009596842474,0.08650618642515895,0.35825033200137524,0.12357398587696268,2.23752912298433504,-0.19000000000000000,0.38000000000000000
0.01662635711733161,0.04787222720508427,0.08672954638219592,0.36070455959135883,0.11905529309961069,2.22967506601962207,-0.19000000000000000,0.38000000000000000
0.01666255051643619,0.04788390793146360,0.08695212244346823,0.36316434021877636,0.11456373307649964,2.22185116238910618,-0.19000000000000000,0.38000000000000000
0.01669899016737462,0.04789514084674813,0.08717391761077581,0.36562958088959358,0.11009902469305852,2.21405714199161308,-0.19000000000000000,0.38000000000000000
0.01673567661156139,0.04790592862221643,0.08739493485907819,0.36810019004328631,0.10566089091520030,2.20629273811128801,-0.19000000000000000,0.38000000000000000
0.01677261038132542,0.04791627390164454,0.08761517713683027,0.37057607752421801,0.10124905871404358,2.19855768736249058,-0.19000000000000000,0.38000000000000000
0.01680979200004912,0.04792617930170280,0.08783464736631266,0.37305715455369726,0.09686325899232712,2.19085172963579922,-0.19000000000000000,0.38000000000000000
0.01684722198230478,0.04793564741234542,0.08805334844395662,0.37554333370269638,0.09250322651247250,2.18317460804509489,-0.19000000000000000,0.38000000000000000
0.01688490083398812,0.04794468079719287,0.08827128324066380,0.37803452886521283,0.08816869982625158,2.17552606887570255,-0.19000000000000000,0.38000000000000000
0.01692282905244935,0.04795328199390742,0.08848845460212083,0.38053065523225604,0.08385942120601644,2.16790586153356424,-0.19000000000000000,0.38000000000000000
0.01696100712662156,0.04796145351456178,0.08870486534910889,0.38303162926644257,0.07957513657745123,2.16031373849541897,-0.19000000000000000,0.38000000000000000
0.01699943553714665,0.04796919784600116,0.08892051827780832,0.38553736867718263,0.07531559545380617,2.15274945525996442,-0.19000000000000000,0.38000000000000000
0.01703811475649878,0.04797651745019876,0.08913541616009846,0.38804779239644271,0.07108055087157525,2.14521277029998192,-0.19000000000000000,0.38000000000000000
0.01707704524910544,0.04798341476460501,0.08934956174385264,0.39056282055506825,0.06686975932758045,2.13770344501539755,-0.19000000000000000,0.38000000000000000
0.01711622747146621,0.04798989220249043,0.08956295775322864,0.39308237445965122,0.06268298071742624,2.13022124368725940,-0.19000000000000000,0.38000000000000000
0.01715566187226916,0.04799595215328254,0.08977560688895452,0.39560637656992853,0.05851997827528929,2.12276593343261322,-0.19000000000000000,0.38000000000000000
0.01719534889250504,0.04800159698289674,0.08998751182860995,0.39813475047669677,0.05438051851500923,2.11533728416024847,-0.19000000000000000,0.38000000000000000
0.01723528896557937,0.04800682903406141,0.09019867522690332,0.40066742088022955,0.05026437117244748,2.10793506852730195,-0.19000000000000000,0.38000000000000000
0.01727548251742228,0.04801165062663723,0.09040909971594434,0.40320431356918429,0.04617130914908205,2.10055906189669628,-0.19000000000000000,0.38000000000000000
0.01731592996659632,0.04801606405793103,0.09061878790551255,0.40574535539998552,0.04210110845680703,2.09320904229539373,-0.19000000000000000,0.38000000000000000
0.01735663172440222,0.04802007160300409,0.09082774238332170,0.40829047427667226,0.03805354816390658,2.08588479037344765,-0.19000000000000000,0.38000000000000000
0.01739758819498269,0.04802367551497511,0.09103596571528003,0.41083959913119705,0.03402841034217394,2.07858608936383504,-0.19000000000000000,0.38000000000000000
0.01743879977542421,0.04802687802531802,0.09124346044574654,0.41339265990416540,0.03002548001514713,2.07131272504304853,-0.19000000000000000,0.38000000000000000
0.01748026685585698,0.04802968134415454,0.09145022909778347,0.41594958752600353,0.02604454510743321,2.06406448569243661,-0.19000000000000000,0.38000000000000000
0.01752198981955296,0.04803208766054184,0.09165627417340487,0.41851031389854410,0.02208539639509456,2.05684116206027001,-0.19000000000000000,0.38000000000000000
0.01756396904302210,0.04803409914275526,0.09186159815382137,0.42107477187701842,0.01814782745707071,2.04964254732452034,-0.19000000000000000,0.38000000000000000
0.01760620489610683,0.04803571793856617,0.09206620349968139,0.42364289525244531,0.01423163462761047,2.04246843705633596,-0.19000000000000000,0.38000000000000000
0.01764869774207474,0.04803694617551520,0.09227009265130860,0.42621461873440619,0.01033661694968955,2.03531862918419870,-0.19000000000000000,0.38000000000000000
0.01769144793770960,0.04803778596118079,0.09247326802893593,0.42878987793419648,0.00646257612938957,2.02819292395874529,-0.19000000000000000,0.38000000000000000
0.01773445583340070,0.04803823938344331,0.09267573203293605,0.43136860934834392,0.00260931649121535,2.02109112391824253,-0.19000000000000000,0.38000000000000000
0.01777772177323060,0.04803830851074464,0.09287748704404840,0.43395075034248459,-0.00122335506567253,2.01401303385469577,-0.19000000000000000,0.38000000000000000
0.01782124609506119,0.04803799539234353,0.09307853542360293,0.43653623913558742,-0.00503562911033167,2.00695846078058526,-0.19000000000000000,0.38000000000000000
0.01786502913061829,0.04803730205856668,0.09327887951374053,0.43912501478451854,-0.00882769372204003,1.99992721389620742,-0.19000000000000000,0.38000000000000000
0.01790907120557468,0.04803623052105561,0.09347852163763012,0.44171701716893708,-0.01259973453144697,1.99291910455761623,-0.19000000000000000,0.38000000000000000
0.01795337263963162,0.04803478277300952,0.09367746409968272,0.44431218697651392,-0.01635193476089365,1.98593394624514574,-0.19000000000000000,0.38000000000000000
0.01799793374659892,0.04803296078942416,0.09387570918576232,0.44691046568846554,-0.02008447526392230,1.97897155453250484,-0.19000000000000000,0.38000000000000000
0.01804275483447361,0.04803076652732675,0.09407325916339368,0.44951179556539533,-0.02379753456399385,1.97203174705643058,-0.19000000000000000,0.38000000000000000
0.01808783620551719,0.04802820192600706,0.09427011628196712,0.45211611963343429,-0.02749128889243230,1.96511434348688785,-0.19000000000000000,0.38000000000000000
0.01813317815633145,0.04802526890724480,0.09446628277294040,0.45472338167067422,-0.03116591222561421,1.95821916549780428,-0.19000000000000000,0.38000000000000000
0.01817878097793305,0.04802196937553325,0.09466176085003770,0.45733352619388623,-0.03482157632142088,1.95134603673832929,-0.19000000000000000,0.38000000000000000
0.01822464495582672,0.04801830521829938,0.09485655270944568,0.45994649844551722,-0.03845845075497049,1.94449478280460597,-0.19000000000000000,0.38000000000000000
0.01827077037007718,0.04801427830612028,0.09505066053000680,0.46256224438095794,-0.04207670295364686,1.93766523121204415,-0.19000000000000000,0.38000000000000000
0.01831715749537981,0.04800989049293625,0.09524408647340989,0.46518071065607614,-0.04567649823144122,1.93085721136808552,-0.19000000000000000,0.38000000000000000
0.01836380660113012,0.04800514361626049,0.09543683268437801,0.46780184461500773,-0.04925799982262281,1.92407055454544951,-0.19000000000000000,0.38000000000000000
0.01841071795149191,0.04800003949738536,0.09562890129085368,0.47042559427820091,-0.05282136891475368,1.91730509385585002,-0.19000000000000000,0.38000000000000000
0.01845789180546438,0.04799457994158544,0.09582029440418142,0.47305190833070582,-0.05636676468106293,1.91056066422417414,-0.19000000000000000,0.38000000000000000
0.01850532841694796,0.04798876673831741,0.09601101411928788,0.47568073611070510,-0.05989434431219473,1.90383710236311132,-0.19000000000000000,0.38000000000000000
0.01855302803480911,0.04798260166141667,0.09620106251485930,0.47831202759827884,-0.06340426304734462,1.89713424674822573,-0.19000000000000000,0.38000000000000000
0.01860099090294392,0.04797608646929104,0.09639044165351662,0.48094573340439872,-0.06689667420479786,1.89045193759346208,-0.19000000000000000,0.38000000000000000
0.01864921726034067,0.04796922290511128,0.09657915358198807,0.48358180476014567,-0.07037172921188341,1.88379001682707470,-0.19000000000000000,0.38000000000000000
0.01869770734114133,0.04796201269699875,0.09676720033127945,0.48622019350614604,-0.07382957763435656,1.87714832806797305,-0.19000000000000000,0.38000000000000000
0.01874646137470197,0.04795445755821010,0.09695458391684199,0.48886085208222102,-0.07727036720522326,1.87052671660247460,-0.19000000000000000,0.38000000000000000
0.01879547958565216,0.04794655918731915,0.09714130633873801,0.49150373351724441,-0.08069424385301843,1.86392502936145554,-0.19000000000000000,0.38000000000000000
0.01884476219395341,0.04793831926839593,0.09732736958180416,0.49414879141920370,-0.08410135172955059,1.85734311489789317,-0.19000000000000000,0.38000000000000000
0.01889430941495659,0.04792973947118297,0.09751277561581259,0.49679597996545993,-0.08749183323712456,1.85078082336479133,-0.19000000000000000,0.38000000000000000
0.01894412145945834,0.04792082145126896,0.09769752639562987,0.49944525389320155,-0.09086582905525384,1.84423800649347958,-0.19000000000000000,0.38000000000000000
0.01899419853375667,0.04791156685025964,0.09788162386137370,0.50209656849008810,-0.09422347816687393,1.83771451757228221,-0.19000000000000000,0.38000000000000000
0.01904454083970545,0.04790197729594627,0.09806506993856758,0.50474987958507889,-0.09756491788406756,1.83121021142554530,-0.19000000000000000,0.38000000000000000
0.01909514857476816,0.04789205440247134,0.09824786653829341,0.50740514353944310,-0.10089028387331250,1.82472494439301891,1.26000000000000001,3.77000000000000002
0.01914582464549103,0.04788179651654016,0.09842999469858968,0.50611658552886885,-0.10426465849863571,1.81784139777828524,1.26000000000000001,3.77000000000000002
0.01919637195449775,0.04787120202366042,0.09861143544246234,0.50482990624240753,-0.10762244638345769,1.81097658964298014,1.26000000000000001,3.77000000000000002
0.01924679068877107,0.04786027257547297,0.09879219063590296,0.50354508791228325,-0.11096378790787717,1.80413036312824726,1.26000000000000001,3.77000000000000002
0.01929708103352458,0.04784900980966551,0.09897226212929748,0.50226211292284473,-0.11428882175854374,1.79730256297736823,1.26000000000000001,3.77000000000000002
0.01934724317221784,0.04783741535014065,0.09915165175758538,0.50098096380861823,-0.11759768495482613,1.79049303551302397,1.26000000000000001,3.77000000000000002
0.01939727728657127,0.04782549080718138,0.09933036134041640,0.49970162325238909,-0.12089051287448668,1.78370162861494741,1.26000000000000001,3.77000000000000002
0.01944718355658092,0.04781323777761391,0.09950839268230520,0.49842407408331085,-0.12416743927887317,1.77692819169795846,1.26000000000000001,3.77000000000000002
0.01949696216053299,0.04780065784496814,0.09968574757278380,0.49714829927504173,-0.12742859633763845,1.77017257569037234,1.26000000000000001,3.77000000000000002
0.01954661327501820,0.04778775257963555,0.09986242778655181,0.49587428194390792,-0.13067411465299850,1.76343463301277636,1.26000000000000001,3.77000000000000002
0.01959613707494596,0.04777452353902479,0.10003843508362466,0.49460200534709359,-0.13390412328353893,1.75671421755716506,1.26000000000000001,3.77000000000000002
0.01964553373355835,0.04776097226771485,0.10021377120947968,0.49333145288085667,-0.13711874976757985,1.75001118466642791,1.26000000000000001,3.77000000000000002
0.01969480342244399,0.04774710029760595,0.10038843789520020,0.49206260807877006,-0.14031812014610878,1.74332539111418194,1.26000000000000001,3.77000000000000002
0.01974394631155161,0.04773290914806813,0.10056243685761762,0.49079545460998814,-0.14350235898529096,1.73665669508494225,1.26000000000000001,3.77000000000000002
0.01979296256920358,0.04771840032608764,0.10073576979945152,0.48952997627753803,-0.14667158939856623,1.73000495615462424,1.26000000000000001,3.77000000000000002
0.01984185236210922,0.04770357532641112,0.10090843840944784,0.48826615701663473,-0.14982593306834141,1.72337003527137012,1.26000000000000001,3.77000000000000002
0.01989061585537789,0.04768843563168762,0.10108044436251518,0.48700398089302049,-0.15296551026728697,1.71675179473669393,1.26000000000000001,3.77000000000000002
0.01993925321253196,0.04767298271260854,0.10125178931985913,0.48574343210132753,-0.15609043987924640,1.71015009818693775,1.26000000000000001,3.77000000000000002
0.01998776459551968,0.04765721802804550,0.10142247492911498,0.48448449496346369,-0.15920083941976651,1.70356481057503450,1.26000000000000001,3.77000000000000002
0.02003615016472778,0.04764114302518610,0.10159250282447831,0.48322715392702087,-0.16229682505625703,1.69699579815257007,1.26000000000000001,3.77000000000000002
0.02008441007899394,0.04762475913966781,0.10176187462683410,0.48197139356370577,-0.16537851162778694,1.69044292845213873,1.26000000000000001,3.77000000000000002
0.02013254449561918,0.04760806779570980,0.10193059194388392,0.48071719856779238,-0.16844601266452572,1.68390607026998684,1.26000000000000001,3.77000000000000002
0.02018055357038000,0.04759107040624285,0.10209865637027141,0.47946455375459629,-0.17149944040683657,1.67738509364893917,1.26000000000000001,3.77000000000000002
0.02022843745754043,0.04757376837303742,0.10226606948770613,0.47821344405896993,-0.17453890582402928,1.67087986986160186,1.26000000000000001,3.77000000000000002
0.02027619630986390,0.04755616308682984,0.10243283286508570,0.47696385453381879,-0.17756451863277978,1.66439027139383655,1.26000000000000001,3.77000000000000002
0.02032383027862496,0.04753825592744662,0.10259894805861632,0.47571577034863816,-0.18057638731522313,1.65791617192850094,1.26000000000000001,3.77000000000000002
0.02037133951362088,0.04752004826392706,0.10276441661193164,0.47446917678806982,-0.18357461913672715,1.65145744632945002,1.26000000000000001,3.77000000000000002
0.02041872416318310,0.04750154145464403,0.10292924005621011,0.47322405925047883,-0.18655932016335297,1.64501397062579424,1.26000000000000001,3.77000000000000002
0.02046598437418853,0.04748273684742304,0.10309341991029070,0.47198040324654961,-0.18953059527900923,1.63858562199640789,1.26000000000000001,3.77000000000000002
0.02051312029207069,0.04746363577965961,0.10325695768078709,0.47073819439790127,-0.19248854820230613,1.63217227875468329,1.26000000000000001,3.77000000000000002
0.02056013206083077,0.04744423957843499,0.10341985486220046,0.46949741843572168,-0.19543328150311554,1.62577382033352791,1.26000000000000001,3.77000000000000002
0.02060701982304847,0.04742454956063018,0.10358211293703057,0.46825806119942026,-0.19836489661884324,1.61939012727059772,1.26000000000000001,3.77000000000000002
0.02065378371989283,0.04740456703303840,0.10374373337588563,0.46702010863529886,-0.20128349387041911,1.61302108119376242,1.26000000000000001,3.77000000000000002
0.02070042389113278,0.04738429329247596,0.10390471763759053,0.46578354679524075,-0.20418917247801105,1.60666656480679992,1.26000000000000001,3.77000000000000002
0.02074694047514767,0.04736372962589153,0.10406506716929374,0.46454836183541692,-0.20708203057646829,1.60032646187531369,1.26000000000000001,3.77000000000000002
0.02079333360893763,0.04734287731047392,0.10422478340657282,0.46331454001501016,-0.20996216523049954,1.59400065721286932,1.26000000000000001,3.77000000000000002
0.02083960342813381,0.04732173761375839,0.10438386777353849,0.46208206769495591,-0.21282967244959125,1.58768903666734795,1.26000000000000001,3.77000000000000002
0.02088575006700847,0.04730031179373136,0.10454232168293744,0.46085093133670008,-0.21568464720267147,1.58139148710750943,1.26000000000000001,3.77000000000000002
0.02093177365848502,0.04727860109893380,0.10470014653625372,0.45962111750097318,-0.21852718343252406,1.57510789640976379,1.26000000000000001,3.77000000000000002
0.02097767433414784,0.04725660676856313,0.10485734372380884,0.45839261284658089,-0.22135737406995851,1.56883815344514632,1.26000000000000001,3.77000000000000002
0.02102345222425204,0.04723433003257368,0.10501391462486064,0.45716540412921070,-0.22417531104774024,1.56258214806649187,1.26000000000000001,3.77000000000000002
0.02106910745773310,0.04721177211177587,0.10516986060770078,0.45593947820025393,-0.22698108531428601,1.55633977109580579,1.26000000000000001,3.77000000000000002
0.02111464016221637,0.04718893421793388,0.10532518302975109,0.45471482200564362,-0.22977478684712907,1.55011091431182679,1.26000000000000001,3.77000000000000002
0.02116005046402649,0.04716581755386218,0.10547988323765857,0.45349142258470737,-0.23255650466615885,1.54389547043777919,1.26000000000000001,3.77000000000000002
0.02120533848819663,0.04714242331352056,0.10563396256738927,0.45226926706903536,-0.23532632684663946,1.53769333312931056,1.26000000000000001,3.77000000000000002
0.02125050435847771,0.04711875268210800,0.10578742234432095,0.45104834268136296,-0.23808434053201125,1.53150439696261143,1.26000000000000001,3.77000000000000002
0.02129554819734741,0.04709480683615519,0.10594026388333451,0.44982863673446782,-0.24083063194647988,1.52532855742271289,1.26000000000000001,3.77000000000000002
0.02134047012601917,0.04707058694361584,0.10609248848890430,0.44861013663008154,-0.24356528640739705,1.51916571089196140,1.26000000000000001,3.77000000000000002
0.02138527026445098,0.04704609416395678,0.10624409745518734,0.44739282985781487,-0.24628838833743660,1.51301575463866400,1.26000000000000001,3.77000000000000002
0.02142994873135417,0.04702132964824677,0.10639509206611127,0.44617670399409731,-0.24900002127657050,1.50687858680590425,1.26000000000000001,3.77000000000000002
0.02147450564420198,0.04699629453924425,0.10654547359546132,0.44496174670112981,-0.25170026789384820,1.50075410640052320,1.26000000000000001,3.77000000000000002
0.02151894111923814,0.04697098997148382,0.10669524330696618,0.44374794572585113,-0.25438920999898323,1.49464221328226410,1.26000000000000001,3.77000000000000002
0.02156325527148525,0.04694541707136157,0.10684440245438268,0.44253528889891730,-0.25706692855375085,1.48854280815307716,1.26000000000000001,3.77000000000000002
0.02160744821475314,0.04691957695721937,0.10699295228157950,0.44132376413369412,-0.25973350368320014,1.48245579254658133,1.26000000000000001,3.77000000000000002
0.02165152006164705,0.04689347073942794,0.10714089402261986,0.44011335942526214,-0.26238901468668452,1.47638106881768127,1.26000000000000001,3.77000000000000002
0.02169547092357578,0.04686709952046890,0.10728822890184313,0.43890406284943467,-0.26503354004871371,1.47031854013233532,1.26000000000000001,3.77000000000000002
0.02173930091075971,0.04684046439501573,0.10743495813394534,0.43769586256178761,-0.26766715744963071,1.46426811045747329,1.26000000000000001,3.77000000000000002
0.02178301013223872,0.04681356645001364,0.10758108292405891,0.43648874679670180,-0.27028994377611709,1.45822968455106006,1.26000000000000001,3.77000000000000002
0.02182659869588004,0.04678640676475841,0.10772660446783117,0.43528270386641732,-0.27290197513153008,1.45220316795230331,1.26000000000000001,3.77000000000000002
0.02187006670838598,0.04675898641097424,0.10787152395150203,0.43407772216009938,-0.27550332684607409,1.44618846697200243,1.26000000000000001,3.77000000000000002
0.02191341427530154,0.04673130645289055,0.10801584255198067,0.43287379014291594,-0.27809407348681026,1.44018548868303675,1.26000000000000001,3.77000000000000002
0.02195664150102205,0.04670336794731779,0.10815956143692126,0.43167089635512673,-0.28067428886750689,1.43419414091098951,1.26000000000000001,3.77000000000000002
0.02199974848880054,0.04667517194372230,0.10830268176479781,0.43046902941118348,-0.28324404605833381,1.42821433222490590,1.26000000000000001,3.77000000000000002
0.02204273534075518,0.04664671948430019,0.10844520468497798,0.42926817799884126,-0.28580341739540327,1.42224597192818303,1.26000000000000001,3.77000000000000002
0.02208560215787655,0.04661801160405025,0.10858713133779616,0.42806833087828061,-0.28835247449016072,1.41628897004958976,1.26000000000000001,3.77000000000000002
0.02212834904003481,0.04658904933084600,0.10872846285462548,0.42686947688124055,-0.29089128823862798,1.41034323733441225,1.26000000000000001,3.77000000000000002
0.02217097608598685,0.04655983368550672,0.10886920035794907,0.42567160491016187,-0.29341992883050133,1.40440868523572626,1.26000000000000001,3.77000000000000002
0.02221348339338330,0.04653036568186770,0.10900934496143042,0.42447470393734110,-0.29593846575810767,1.39848522590579005,1.26000000000000001,3.77000000000000002
0.02225587105877549,0.04650064632684946,0.10914889776998279,0.42327876300409456,-0.29844696782522079,1.39257277218756048,1.26000000000000001,3.77000000000000002
0.02229813917762228,0.04647067662052622,0.10928785987983801,0.42208377121993246,-0.30094550315574098,1.38667123760632549,1.26000000000000001,3.77000000000000002
0.02234028784429686,0.04644045755619347,0.10942623237861414,0.42088971776174300,-0.30343413920223972,1.38078053636145448,1.26000000000000001,3.77000000000000002
0.02238231715209347,0.04640999012043463,0.10956401634538257,0.41969659187298614,-0.30591294275437264,1.37490058331826237,1.26000000000000001,3.77000000000000002
0.02242422719323394,0.04637927529318696,0.10970121285073418,0.41850438286289693,-0.30838197994716249,1.36903129399998713,1.26000000000000001,3.77000000000000002
0.02246601805887434,0.04634831404780662,0.10983782295684474,0.41731308010569851,-0.31084131626915507,1.36317258457987744,1.26000000000000001,3.77000000000000002
0.02250768983911132,0.04631710735113290,0.10997384771753953,0.41612267303982420,-0.31329101657044989,1.35732437187338917,1.26000000000000001,3.77000000000000002
0.02254924262298861,0.04628565616355166,0.11010928817835713,0.41493315116714885,-0.31573114507060807,1.35148657333048927,1.26000000000000001,3.77000000000000002
0.02259067649850321,0.04625396143905802,0.11024414537661258,0.41374450405222929,-0.31816176536643992,1.34565910702806413,1.26000000000000001,3.77000000000000002
0.02263199155261173,0.04622202412531824,0.11037842034145959,0.41255672132155347,-0.32058294043967367,1.33984189166243173,1.26000000000000001,3.77000000000000002
0.02267318787123646,0.04618984516373082,0.11051211409395220,0.41136979266279861,-0.32299473266450823,1.33403484654195603,1.26000000000000001,3.77000000000000002
0.02271426553927149,0.04615742548948694,0.11064522764710558,0.41018370782409769,-0.32539720381505166,1.32823789157976013,1.26000000000000001,3.77000000000000002
0.02275522464058874,0.04612476603163005,0.11077776200595611,0.40899845661331474,-0.32779041507264733,1.32245094728653867,1.26000000000000001,3.77000000000000002
0.02279606525804385,0.04609186771311480,0.11090971816762089,0.40781402889732821,-0.33017442703308986,1.31667393476346617,1.26000000000000001,3.77000000000000002
0.02283678747348208,0.04605873145086526,0.11104109712135632,0.40663041460132271,-0.33254929971373282,1.31090677569520109,1.26000000000000001,3.77000000000000002
0.02287739136774409,0.04602535815583236,0.11117189984861615,0.40544760370808874,-0.33491509256049012,1.30514939234298266,1.26000000000000001,3.77000000000000002
0.02291787702067166,0.04599174873305076,0.11130212732310885,0.40426558625733067,-0.33727186445473289,1.29940170753782036,1.26000000000000001,3.77000000000000002
0.02295824451111338,0.04595790408169491,0.11143178051085413,0.40308435234498219,-0.33961967372008350,1.29366364467377304,1.26000000000000001,3.77000000000000002
0.02299849391693020,0.04592382509513450,0.11156086037023905,0.40190389212252986,-0.34195857812910896,1.28793512770131735,1.26000000000000001,3.77000000000000002
0.02303862531500098,0.04588951266098924,0.11168936785207320,0.40072419579634405,-0.34428863490991490,1.28221608112080343,1.26000000000000001,3.77000000000000002
0.02307863878122791,0.04585496766118301,0.11181730389964348,0.39954525362701748,-0.34660990075264259,1.27650642997599717,1.26000000000000001,3.77000000000000002
0.02311853439054197,0.04582019097199726,0.11194466944876805,0.39836705592871119,-0.34892243181586974,1.27080609984770576,1.26000000000000001,3.77000000000000002
0.02315831221690815,0.04578518346412395,0.11207146542784972,0.39718959306850760,-0.35122628373291764,1.26511501684748806,1.26000000000000001,3.77000000000000002
0.02319797233333080,0.04574994600271766,0.11219769275792879,0.39601285546577097,-0.35352151161806550,1.25943310761144533,1.26000000000000001,3.77000000000000002
0.02323751481185881,0.04571447944744728,0.11232335235273509,0.39483683359151489,-0.35580817007267423,1.25376029929409372,1.26000000000000001,3.77000000000000002
0.02327693972359068,0.04567878465254693,0.11244844511873960,0.39366151796777649,-0.35808631319122086,1.24809651956231482,1.26000000000000001,3.77000000000000002
0.02331624713867968,0.04564286246686639,0.11257297195520533,0.39248689916699786,-0.36035599456724510,1.24244169658938497,1.26000000000000001,3.77000000000000002
0.02335543712633881,0.04560671373392090,0.11269693375423771,0.39131296781141395,-0.36261726729920962,1.23679575904908101,1.26000000000000001,3.77000000000000002
0.02339450975484575,0.04557033929194034,0.11282033140083433,0.39013971457244717,-0.36487018399627563,1.23115863610986120,1.26000000000000001,3.77000000000000002
0.02343346509154775,0.04553373997391792,0.11294316577293413,0.38896713017010859,-0.36711479678399495,1.22553025742912092,1.26000000000000001,3.77000000000000002
0.02347230320286648,0.04549691660765824,0.11306543774146598,0.38779520537240558,-0.36935115730992024,1.21991055314752050,1.26000000000000001,3.77000000000000002
0.02351102415430279,0.04545987001582481,0.11318714817039674,0.38662393099475573,-0.37157931674913458,1.21429945388338556,1.26000000000000001,3.77000000000000002
0.02354962801044141,0.04542260101598703,0.11330829791677878,0.38545329789940708,-0.37379932580970182,1.20869689072717801,1.26000000000000001,3.77000000000000002
0.02358811483495560,0.04538511042066662,0.11342888783079688,0.38428329699486458,-0.37601123473803899,1.20310279523603625,1.26000000000000001,3.77000000000000002
0.02362648469061179,0.04534739903738351,0.11354891875581465,0.38311391923532245,-0.37821509332421227,1.19751709942838414,1.26000000000000001,3.77000000000000002
0.02366473763927405,0.04530946766870124,0.11366839152842037,0.38194515562010262,-0.38041095090715749,1.19193973577860746,1.26000000000000001,3.77000000000000002
0.02370287374190865,0.04527131711227178,0.11378730697847236,0.38077699719309904,-0.38259885637982649,1.18637063721179570,1.26000000000000001,3.77000000000000002
0.02374089305858844,0.04523294816087992,0.11390566592914375,0.37960943504222788,-0.38477885819426094,1.18080973709855064,1.26000000000000001,3.77000000000000002
0.02377879564849725,0.04519436160248704,0.11402346919696681,0.37844246029888318,-0.38695100436659424,1.17525696924985779,1.26000000000000001,3.77000000000000002
0.02381658156993419,0.04515555822027454,0.11414071759187668,0.37727606413739845,-0.38911534248198304,1.16971226791202176,1.26000000000000001,3.77000000000000002
0.02385425088031792,0.04511653879268663,0.11425741191725472,0.37611023777451358,-0.39127191969946962,1.16417556776166364,1.26000000000000001,3.77000000000000002
0.02389180363619091,0.04507730409347271,0.11437355296997126,0.37494497246884734,-0.39342078275677589,1.15864680390077912,1.26000000000000001,3.77000000000000002
0.02392923989322351,0.04503785489172931,0.11448914154042789,0.37378025952037508,-0.39556197797503045,1.15312591185185820,1.26000000000000001,3.77000000000000002
0.02396655970621816,0.04499819195194145,0.11460417841259926,0.37261609026991205,-0.39769555126342976,1.14761282755306215,1.26000000000000001,3.77000000000000002
0.02400376312911338,0.04495831603402364,0.11471866436407444,0.37145245609860150,-0.39982154812383436,1.14210748735346135,1.26000000000000001,3.77000000000000002
0.02404085021498780,0.04491822789336040,0.11483260016609774,0.37028934842740835,-0.40194001365530135,1.13660982800832788,1.26000000000000001,3.77000000000000002
0.02407782101606412,0.04487792828084629,0.11494598658360913,0.36912675871661754,-0.40405099255855392,1.13111978667448732,1.26000000000000001,3.77000000000000002
0.02411467558371302,0.04483741794292551,0.11505882437528414,0.36796467846533776,-0.40615452914038941,1.12563730090572411,1.26000000000000001,3.77000000000000002
0.02415141396845700,0.04479669762163112,0.11517111429357332,0.36680309921100968,-0.40825066731802628,1.12016230864824307,1.26000000000000001,3.77000000000000002
0.02418803621997421,0.04475576805462377,0.11528285708474131,0.36564201252891931,-0.41033945062339144,1.11469474823618420,1.26000000000000001,3.77000000000000002
0.02422454238710220,0.04471462997522995,0.11539405348890534,0.36448141003171602,-0.41242092220734872,1.10923455838719121,1.26000000000000001,3.77000000000000002
0.02426093251784162,0.04467328411248001,0.11550470424007343,0.36332128336893527,-0.41449512484386947,1.10378167819803186,1.26000000000000001,3.77000000000000002
0.02429720665935992,0.04463173119114552,0.11561481006618203,0.36216162422652587,-0.41656210093414625,1.09833604714026967,1.26000000000000001,3.77000000000000002
0.02433336485799492,0.04458997193177644,0.11572437168913331,0.36100242432638197,-0.41862189251065018,1.09289760505598710,1.26000000000000001,3.77000000000000002
0.02436940715925844,0.04454800705073773,0.11583338982483200,0.35984367542587942,-0.42067454124113340,1.08746629215355806,1.26000000000000001,3.77000000000000002
0.02440533360783975,0.04450583726024566,0.11594186518322182,0.35868536931741651,-0.42272008843257719,1.08204204900346967,1.26000000000000001,3.77000000000000002
0.02444114424760914,0.04446346326840368,0.11604979846832145,0.35752749782795923,-0.42475857503508646,1.07662481653419251,1.26000000000000001,3.77000000000000002
0.02447683912162127,0.04442088577923788,0.11615719037826015,0.35637005281859052,-0.42679004164573175,1.07121453602809868,1.26000000000000001,3.77000000000000002
0.02451241827211861,0.04437810549273217,0.11626404160531298,0.35521302618406414,-0.42881452851233959,1.06581114911742669,1.26000000000000001,3.77000000000000002
0.02454788174053477,0.04433512310486298,0.11637035283593550,0.35405640985236231,-0.43083207553723152,1.06041459778029190,1.26000000000000001,3.77000000000000002
0.02458322956749780,0.04429193930763361,0.11647612475079823,0.35290019578425774,-0.43284272228091347,1.05502482433674416,1.26000000000000001,3.77000000000000002
0.02461846179283344,0.04424855478910827,0.11658135802482066,0.35174437597287939,-0.43484650796571517,1.04964177144486848,1.26000000000000001,3.77000000000000002
0.02465357845556836,0.04420497023344570,0.11668605332720476,0.35058894244328259,-0.43684347147938141,1.04426538209693076,1.26000000000000001,3.77000000000000002
0.02468857959393330,0.04416118632093241,0.11679021132146836,0.34943388725202273,-0.43883365137861513,1.03889559961556688,1.26000000000000001,3.77000000000000002
0.02472346524536623,0.04411720372801568,0.11689383266547784,0.34827920248673289,-0.44081708589257346,1.03353236765001455,1.26000000000000001,3.77000000000000002
0.02475823544651539,0.04407302312733611,0.11699691801148074,0.34712488026570548,-0.44279381292631753,1.02817563017238744,1.26000000000000001,3.77000000000000002
0.02479289023324240,0.04402864518775983,0.11709946800613776,0.34597091273747727,-0.44476387006421630,1.02282533147399035,1.26000000000000001,3.77000000000000002
0.02482742964062519,0.04398407057441044,0.11720148329055453,0.34481729208041828,-0.44672729457330562,1.01748141616167587,1.26000000000000001,3.77000000000000002
0.02486185370296105,0.04393929994870058,0.11730296450031305,0.34366401050232442,-0.44868412340660291,1.01214382915424106,1.26000000000000001,3.77000000000000002
0.02489616245376945,0.04389433396836313,0.11740391226550259,0.34251106024001349,-0.45063439320637821,1.00681251567886410,1.26000000000000001,3.77000000000000002
0.02493035592579503,0.04384917328748215,0.11750432721075044,0.34135843355892465,-0.45257814030738230,1.00148742126757884,1.26000000000000001,3.77000000000000002
0.02496443415101034,0.04380381855652350,0.11760420995525217,0.34020612275272166,-0.45451540074003249,0.99616849175378996,1.26000000000000001,3.77000000000000002
0.02499839716061872,0.04375827042236503,0.11770356111280164,0.33905412014289921,-0.45644621023355675,0.99085567326882373,1.26000000000000001,3.77000000000000002
0.02503224498505703,0.04371252952832663,0.11780238129182058,0.33790241807839266,-0.45837060421909681,0.98554891223851782,1.26000000000000001,3.77000000000000002
0.02506597765399838,0.04366659651419985,0.11790067109538789,0.33675100893519139,-0.46028861783277092,0.98024815537984678,1.26000000000000001,3.77000000000000002
0.02509959519635481,0.04362047201627725,0.11799843112126859,0.33559988511595490,-0.46220028591869655,0.97495334969758451,1.26000000000000001,3.77000000000000002
0.02513309764027994,0.04357415666738146,0.11809566196194243,0.33444903904963258,-0.46410564303197416,0.96966444248100214,1.26000000000000001,3.77000000000000002
0.02516648501317160,0.04352765109689391,0.11819236420463218,0.33329846319108625,-0.46600472344163224,0.96438138130060058,1.26000000000000001,3.77000000000000002
0.02519975734167437,0.04348095593078333,0.11828853843133157,0.33214815002071607,-0.46789756113353420,0.95910411400487861,1.26000000000000001,3.77000000000000002
0.02523291465168214,0.04343407179163388,0.11838418521883295,0.33099809204408942,-0.46978418981324799,0.95383258871713417,1.26000000000000001,3.77000000000000002
0.02526595696834060,0.04338699929867309,0.11847930513875463,0.32984828179157272,-0.47166464290887855,0.94856675383229994,1.26000000000000001,3.77000000000000002
0.02529888431604970,0.04333973906779941,0.11857389875756782,0.32869871181796639,-0.47353895357386400,0.94330655801381158,1.26000000000000001,3.77000000000000002
0.02533169671846607,0.04329229171160957,0.11866796663662343,0.32754937470214246,-0.47540715468973610,0.93805195019050858,1.26000000000000001,3.77000000000000002
0.02536439419850542,0.04324465783942563,0.11876150933217836,0.32640026304668529,-0.47726927886884507,0.93280287955356755,1.26000000000000001,3.77000000000000002
0.02539697677834489,0.04319683805732178,0.11885452739542160,0.32525136947753497,-0.47912535845704995,0.92755929555346672,1.26000000000000001,3.77000000000000002
0.02542944447942538,0.04314883296815081,0.11894702137250006,0.32410268664363356,-0.48097542553637446,0.92232114789698194,1.26000000000000001,3.77000000000000002
0.02546179732245379,0.04310064317157041,0.11903899180454401,0.32295420721657403,-0.48281951192762923,0.91708838654421332,1.26000000000000001,3.77000000000000002
0.02549403532740533,0.04305226926406912,0.11913043922769227,0.32180592389025198,-0.48465764919300053,0.91186096170564168,1.26000000000000001,3.77000000000000002
0.02552615851352568,0.04300371183899211,0.11922136417311711,0.32065782938051990,-0.48648986863860644,0.90663882383921546,1.26000000000000001,3.77000000000000002
0.02555816689933318,0.04295497148656662,0.11931176716704885,0.31950991642484394,-0.48831620131702030,0.90142192364746654,1.26000000000000001,3.77000000000000002
0.02559006050262102,0.04290604879392721,0.11940164873080016,0.31836217778196363,-0.49013667802976291,0.89621021207465490,1.26000000000000001,3.77000000000000002
0.02562183934045928,0.04285694434514074,0.11949100938079010,0.31721460623155368,-0.49195132932976254,0.89100364030394219,1.26000000000000001,3.77000000000000002
0.02565350342919704,0.04280765872123111,0.11957984962856791,0.31606719457388849,-0.49376018552378476,0.88580215975459298,1.26000000000000001,3.77000000000000002
0.02568505278446445,0.04275819250020375,0.11966816998083642,0.31491993562950904,-0.49556327667483113,0.88060572207920373,1.26000000000000001,3.77000000000000002
0.02571648742117469,0.04270854625706986,0.11975597093947526,0.31377282223889230,-0.49736063260450819,0.87541427916095893,1.26000000000000001,3.77000000000000002
0.02574780735352598,0.04265872056387048,0.11984325300156383,0.31262584726212278,-0.49915228289536662,0.87022778311091431,1.26000000000000001,3.77000000000000002
0.02577901259500351,0.04260871598970022,0.11993001665940388,0.31147900357856662,-0.50093825689321125,0.86504618626530627,1.26000000000000001,3.77000000000000002
0.02581010315838136,0.04255853310073089,0.12001626240054195,0.31033228408654778,-0.50271858370938249,0.85986944118288722,1.26000000000000001,3.77000000000000002
0.02584107905572439,0.04250817246023477,0.12010199070779147,0.30918568170302663,-0.50449329222300854,0.85469750064228689,1.26000000000000001,3.77000000000000002
0.02587194029839005,0.04245763462860775,0.12018720205925462,0.30803918936328067,-0.50626241108323089,0.84953031763939857,1.26000000000000001,3.77000000000000002
0.02590268689703024,0.04240692016339221,0.12027189692834392,0.30689280002058744,-0.50802596871140093,0.84436784538479048,1.26000000000000001,3.77000000000000002
0.02593331886159306,0.04235602961929970,0.12035607578380357,0.30574650664590952,-0.50978399330325008,0.83921003730114163,1.26000000000000001,3.77000000000000002
0.02596383620132459,0.04230496354823338,0.12043973908973055,0.30460030222758167,-0.51153651283103307,0.83405684702070160,1.26000000000000001,3.77000000000000002
0.02599423892477059,0.04225372249931029,0.12052288730559543,0.30345417977100009,-0.51328355504564449,0.82890822838277423,1.26000000000000001,3.77000000000000002
0.02602452703977821,0.04220230701888333,0.12060552088626296,0.30230813229831355,-0.51502514747870931,0.82376413543122495,1.26000000000000001,3.77000000000000002
0.02605470055349763,0.04215071765056315,0.12068764028201240,0.30116215284811670,-0.51676131744464771,0.81862452241201100,1.26000000000000001,3.77000000000000002
0.02608475947238370,0.04209895493523970,0.12076924593855760,0.30001623447514519,-0.51849209204271451,0.81348934377073423,1.26000000000000001,3.77000000000000002
0.02611470380219754,0.04204701941110370,0.12085033829706689,0.29887037024997271,-0.52021749815901375,0.80835855415021673,1.26000000000000001,3.77000000000000002
0.02614453354800812,0.04199491161366783,0.12093091779418258,0.29772455325871017,-0.52193756246848833,0.80323210838809800,1.26000000000000001,3.77000000000000002
0.02617424871419375,0.04194263207578774,0.12101098486204044,0.29657877660270626,-0.52365231143688540,0.79810996151445435,1.26000000000000001,3.77000000000000002
0.02620384930444367,0.04189018132768291,0.12109053992828875,0.29543303339825039,-0.52536177132269790,0.79299206874943939,1.26000000000000001,3.77000000000000002
0.02623333532175945,0.04183755989695723,0.12116958341610722,0.29428731677627695,-0.52706596817908224,0.78787838550094569,1.26000000000000001,3.77000000000000002
0.02626270676845648,0.04178476830861947,0.12124811574422562,0.29314161988207160,-0.52876492785575246,0.78276886736228712,1.26000000000000001,3.77000000000000002
0.02629196364616540,0.04173180708510352,0.12132613732694224,0.29199593587497913,-0.53045867600085184,0.77766347010990200,1.26000000000000001,3.77000000000000002
0.02632110595583345,0.04167867674628846,0.12140364857414207,0.29085025792811314,-0.53214723806280140,0.77256214970107595,1.26000000000000001,3.77000000000000002
0.02635013369772588,0.04162537780951844,0.12148064989131478,0.28970457922806736,-0.53383063929212615,0.76746486227168476,1.26000000000000001,3.77000000000000002
0.02637904687142725,0.04157191078962236,0.12155714167957248,0.28855889297462850,-0.53550890474325918,0.76237156413395701,1.26000000000000001,3.77000000000000002
0.02640784547584275,0.04151827619893345,0.12163312433566720,0.28741319238049073,-0.53718205927632379,0.75728221177425559,1.26000000000000001,3.77000000000000002
0.02643652950919947,0.04146447454730851,0.12170859825200823,0.28626747067097191,-0.53885012755889439,0.75219676185087825,1.26000000000000001,3.77000000000000002
0.02646509896904765,0.04141050634214719,0.12178356381667922,0.28512172108373102,-0.54051313406773582,0.74711517119187731,1.26000000000000001,3.77000000000000002
0.02649355385226192,0.04135637208841091,0.12185802141345499,0.28397593686848738,-0.54217110309052208,0.74203739679289693,1.26000000000000001,3.77000000000000002
0.02652189415504243,0.04130207228864169,0.12193197142181822,0.28283011128674135,-0.54382405872753414,0.73696339581502912,1.26000000000000001,3.77000000000000002
0.02655011987291611,0.04124760744298085,0.12200541421697589,0.28168423761149614,-0.54547202489333735,0.73189312558268738,1.26000000000000001,3.77000000000000002
0.02657823100073773,0.04119297804918746,0.12207835016987550,0.28053830912698158,-0.54711502531843881,0.72682654358149790,1.26000000000000001,3.77000000000000002
0.02660622753269101,0.04113818460265666,0.12215077964722110,0.27939231912837870,-0.54875308355092489,0.72176360745620782,1.26000000000000001,3.77000000000000002
0.02663410946228977,0.04108322759643786,0.12222270301148905,0.27824626092154620,-0.55038622295807904,0.71670427500861111,1.26000000000000001,3.77000000000000002
0.02666187678237889,0.04102810752125271,0.12229412062094369,0.27710012782274784,-0.55201446672798038,0.71164850419549064,1.26000000000000001,3.77000000000000002
0.02668952948513543,0.04097282486551292,0.12236503282965269,0.27595391315838141,-0.55363783787108289,0.70659625312657670,1.26000000000000001,3.77000000000000002
0.02671706756206956,0.04091738011533799,0.12243543998750224,0.27480761026470885,-0.55525635922177641,0.70154748006252243,1.26000000000000001,3.77000000000000002
0.02674449100402556,0.04086177375457273,0.12250534244021208,0.27366121248758757,-0.55687005343992824,0.69650214341289463,1.26000000000000001,3.77000000000000002
0.02677179980118278,0.04080600626480462,0.12257474052935026,0.27251471318220322,-0.55847894301240697,0.69146020173418032,1.26000000000000001,3.77000000000000002
0.02679899394305651,0.04075007812538103,0.12264363459234774,0.27136810571280334,-0.56008305025458782,0.68642161372780941,1.26000000000000001,3.77000000000000002
0.02682607341849894,0.04069398981342630,0.12271202496251279,0.27022138345243252,-0.56168239731184033,0.68138633823819184,1.26000000000000001,3.77000000000000002
0.02685303821569999,0.04063774180385869,0.12277991196904520,0.26907453978266832,-0.56327700616099829,0.67635433425077018,1.26000000000000001,3.77000000000000002
0.02687988832218813,0.04058133456940714,0.12284729593705025,0.26792756809335877,-0.56486689861181216,0.67132556089008699,1.26000000000000001,3.77000000000000002
0.02690662372483124,0.04052476858062791,0.12291417718755258,0.26678046178236048,-0.56645209630838467,0.66629997741786651,1.26000000000000001,3.77000000000000002
0.02693324440983738,0.04046804430592105,0.12298055603750976,0.26563321425527819,-0.56803262073058869,0.66127754323111076,1.26000000000000001,3.77000000000000002
0.02695975036275551,0.04041116221154682,0.12304643279982576,0.26448581892520506,-0.56960849319546902,0.65625821786021021,1.26000000000000001,3.77000000000000002
0.02698614156847631,0.04035412276164180,0.12311180778336417,0.26333826921246434,-0.57117973485862739,0.65124196096706721,1.26000000000000001,3.77000000000000002
0.02701241801123280,0.04029692641823508,0.12317668129296126,0.26219055854435153,-0.57274636671559087,0.64622873234323419,1.26000000000000001,3.77000000000000002
0.02703857967460111,0.04023957364126411,0.12324105362943888,0.26104268035487804,-0.57430840960316432,0.64121849190806446,1.26000000000000001,3.77000000000000002
0.02706462654150106,0.04018206488859057,0.12330492508961712,0.25989462808451541,-0.57586588420076712,0.63621119970687690,1.26000000000000001,3.77000000000000002
0.02709055859419685,0.04012440061601597,0.12336829596632681,0.25874639517994047,-0.57741881103175374,0.63120681590913286,1.26000000000000001,3.77000000000000002
0.02711637581429764,0.04006658127729727,0.12343116654842190,0.25759797509378174,-0.57896721046471900,0.62620530080662662,1.26000000000000001,3.77000000000000002
0.02714207818275815,0.04000860732416225,0.12349353712079152,0.25644936128436613,-0.58051110271478790,0.62120661481168771,1.26000000000000001,3.77000000000000002
0.02716766567987918,0.03995047920632477,0.12355540796437199,0.25530054721546702,-0.58205050784489010,0.61621071845539599,1.26000000000000001,3.77000000000000002
0.02719313828530821,0.03989219737149999,0.12361677935615861,0.25415152635605276,-0.58358544576701987,0.61121757238580887,1.26000000000000001,3.77000000000000002
0.02721849597803982,0.03983376226541935,0.12367765156921727,0.25300229218003617,-0.58511593624348091,0.60622713736620037,1.26000000000000001,3.77000000000000002
0.02724373873641626,0.03977517433184549,0.12373802487269586,0.25185283816602488,-0.58664199888811641,0.60123937427331164,1.26000000000000001,3.77000000000000002
0.02726886653812784,0.03971643401258704,0.12379789953183556,0.25070315779707203,-0.58816365316752506,0.59625424409561378,1.26000000000000001,3.77000000000000002
0.02729387936021340,0.03965754174751328,0.12385727580798191,0.24955324456042816,-0.58968091840226244,0.59127170793158113,1.26000000000000001,3.77000000000000002
0.02731877717906070,0.03959849797456869,0.12391615395859570,0.24840309194729349,-0.59119381376802860,0.58629172698797627,1.26000000000000001,3.77000000000000002
0.02734355997040679,0.03953930312978737,0.12397453423726378,0.24725269345257103,-0.59270235829684159,0.58131426257814589,1.26000000000000001,3.77000000000000002
0.02736822770933842,0.03947995764730738,0.12403241689370954,0.24610204257462021,-0.59420657087819717,0.57633927612032732,1.26000000000000001,3.77000000000000002
0.02739278037029231,0.03942046195938486,0.12408980217380343,0.24495113281501127,-0.59570647026021484,0.57136672913596553,1.26000000000000001,3.77000000000000002
0.02741721792705551,0.03936081649640820,0.12414669031957309,0.24379995767828011,-0.59720207505077094,0.56639658324804099,1.26000000000000001,3.77000000000000002
0.02744154035276563,0.03930102168691194,0.12420308156921350,0.24264851067168391,-0.59869340371861768,0.56142880017940699,1.26000000000000001,3.77000000000000002
0.02746574761991116,0.03924107795759069,0.12425897615709681,0.24149678530495711,-0.60018047459448998,0.55646334175113799,1.26000000000000001,3.77000000000000002
0.02748983970033166,0.03918098573331280,0.12431437431378216,0.24034477509006802,-0.60166330587219841,0.55150016988088668,1.26000000000000001,3.77000000000000002
0.02751381656521801,0.03912074543713407,0.12436927626602517,0.23919247354097603,-0.60314191560971009,0.54653924658125164,1.26000000000000001,3.77000000000000002
0.02753767818511256,0.03906035749031124,0.12442368223678746,0.23803987417338915,-0.60461632173021662,0.54158053395815398,1.26000000000000001,3.77000000000000002
0.02756142452990930,0.03899982231231543,0.12447759244524578,0.23688697050452209,-0.60608654202318935,0.53662399420922346,1.26000000000000001,3.77000000000000002
0.02758505556885403,0.03893914032084544,0.12453100710680121,0.23573375605285485,-0.60755259414542240,0.53166958962219379,1.26000000000000001,3.77000000000000002
0.02760857127054442,0.03887831193184102,0.12458392643308799,0.23458022433789161,-0.60901449562206378,0.52671728257330674,1.26000000000000001,3.77000000000000002
0.02763197160293016,0.03881733755949589,0.12463635063198242,0.23342636887992013,-0.61047226384763387,0.52176703552572534,1.26000000000000001,3.77000000000000002
0.02765525653331299,0.03875621761627086,0.12468827990761132,0.23227218319977147,-0.61192591608703251,0.51681881102795535,1.26000000000000001,3.77000000000000002
0.02767842602834674,0.03869495251290665,0.12473971446036060,0.23111766081858012,-0.61337546947653376,0.51187257171227540,1.26000000000000001,3.77000000000000002
0.02770148005403737,0.03863354265843676,0.12479065448688351,0.22996279525754446,-0.61482094102476936,0.50692828029317560,1.26000000000000001,3.77000000000000002
0.02772441857574294,0.03857198846020016,0.12484110018010880,0.22880758003768742,-0.61626234761370047,0.50198589956580386,1.26000000000000001,3.77000000000000002
0.02774724155817362,0.03851029032385395,0.12489105172924872,0.22765200867961766,-0.61769970599957813,0.49704539240442042,1.26000000000000001,3.77000000000000002
0.02776994896539158,0.03844844865338580,0.12494050931980681,0.22649607470329083,-0.61913303281389243,0.49210672176086029,1.26000000000000001,3.77000000000000002
0.02779254076081096,0.03838646385112647,0.12498947313358562,0.22533977162777119,-0.62056234456431025,0.48716985066300328,1.26000000000000001,3.77000000000000002
0.02781501690719775,0.03832433631776208,0.12503794334869422,0.22418309297099340,-0.62198765763560249,0.48223474221325136,1.26000000000000001,3.77000000000000002
0.02783737736666966,0.03826206645234640,0.12508592013955561,0.22302603224952450,-0.62340898829055991,0.47730135958701353,1.26000000000000001,3.77000000000000002
0.02785962210069599,0.03819965465231297,0.12513340367691386,0.22186858297832621,-0.62482635267089826,0.47236966603119790,1.26000000000000001,3.77000000000000002
0.02788175107009743,0.03813710131348717,0.12518039412784129,0.22071073867051730,-0.62623976679815296,0.46743962486271062,1.26000000000000001,3.77000000000000002
0.02790376423504590,0.03807440683009821,0.12522689165574535,0.21955249283713604,-0.62764924657456334,0.46251119946696179,1.26000000000000001,3.77000000000000002
0.02792566155506430,0.03801157159479100,0.12527289642037540,0.21839383898690296,-0.62905480778394562,0.45758435329637820,1.26000000000000001,3.77000000000000002
0.02794744298902626,0.03794859599863796,0.12531840857782928,0.21723477062598354,-0.63045646609255690,0.45265904986892247,1.26000000000000001,3.77000000000000002
0.02796910849515592,0.03788548043115071,0.12536342828055991,0.21607528125775108,-0.63185423704994748,0.44773525276661869,1.26000000000000001,3.77000000000000002
0.02799065803102757,0.03782222528029174,0.12540795567738150,0.21491536438254960,-0.63324813608980435,0.44281292563408436,1.26000000000000001,3.77000000000000002
0.02801209155356543,0.03775883093248589,0.12545199091347581,0.21375501349745685,-0.63463817853078364,0.43789203217706835,1.26000000000000001,3.77000000000000002
0.02803340901904319,0.03769529777263191,0.12549553413039816,0.21259422209604717,-0.63602437957733404,0.43297253616099496,1.26000000000000001,3.77000000000000002
0.02805461038308375,0.03763162618411373,0.12553858546608337,0.21143298366815458,-0.63740675432050986,0.42805440140951390,1.26000000000000001,3.77000000000000002
0.02807569560065879,0.03756781654881183,0.12558114505485146,0.21027129169963568,-0.63878531773877467,0.42313759180305571,1.26000000000000001,3.77000000000000002
0.02809666462608838,0.03750386924711444,0.12562321302741325,0.20910913967213254,-0.64016008469879515,0.41822207127739286,1.26000000000000001,3.77000000000000002
0.02811751741304049,0.03743978465792867,0.12566478951087587,0.20794652106283562,-0.64153106995622577,0.41330780382220639,1.26000000000000001,3.77000000000000002
0.02813825391453063,0.03737556315869162,0.12570587462874802,0.20678342934424646,-0.64289828815648375,0.40839475347965765,1.26000000000000001,3.77000000000000002
0.02815887408292128,0.03731120512538127,0.12574646850094523,0.20561985798394045,-0.64426175383551487,0.40348288434296514,1.26000000000000001,3.77000000000000002
0.02817937786992144,0.03724671093252751,0.12578657124379480,0.20445580044432929,-0.64562148142055020,0.39857216055498651,1.26000000000000001,3.77000000000000002
0.02819976522658607,0.03718208095322285,0.12582618297004078,0.20329125018242344,-0.64697748523085363,0.39366254630680531,1.26000000000000001,3.77000000000000002
0.02822003610331556,0.03711731555913329,0.12586530378884866,0.20212620064959433,-0.64832977947846027,0.38875400583632252,1.26000000000000001,3.77000000000000002
0.02824019044985514,0.03705241512050893,0.12590393380581000,0.20096064529133639,-0.64967837826890606,0.38384650342685245,1.26000000000000001,3.77000000000000002
0.02826022821529430,0.03698738000619462,0.12594207312294689,0.19979457754702898,-0.65102329560194860,0.37894000340572342,1.26000000000000001,3.77000000000000002
0.02828014934806612,0.03692221058364049,0.12597972183871634,0.19862799084969793,-0.65236454537227917,0.37403447014288255,1.26000000000000001,3.77000000000000002
0.02829995379594669,0.03685690721891244,0.12601688004801437,0.19746087862577694,-0.65370214137022609,0.36912986804950459,1.26000000000000001,3.77000000000000002
0.02831964150605438,0.03679147027670251,0.12605354784218017,0.19629323429486867,-0.65503609728244927,0.36422616157660515,1.26000000000000001,3.77000000000000002
0.02833921242484919,0.03672590012033922,0.12608972530899995,0.19512505126950555,-0.65636642669262679,0.35932331521365746,1.26000000000000001,3.77000000000000002
0.02835866649813198,0.03666019711179788,0.12612541253271073,0.19395632295491033,-0.65769314308213267,0.35442129348721330,1.26000000000000001,3.77000000000000002
0.02837800367104379,0.03659436161171070,0.12616060959400396,0.19278704274875622,-0.65901625983070655,0.34952006095952715,1.26000000000000001,3.77000000000000002
0.02839722388806502,0.03652839397937702,0.12619531657002908,0.19161720404092666,-0.66033579021711464,0.34461958222718420,1.26000000000000001,3.77000000000000002
0.02841632709301465,0.03646229457277328,0.12622953353439684,0.19044680021327487,-0.66165174741980337,0.33971982191973149,1.26000000000000001,3.77000000000000002
0.02843531322904947,0.03639606374856309,0.12626326055718251,0.18927582463938283,-0.66296414451754393,0.33482074469831263,1.26000000000000001,3.77000000000000002
0.02845418223866316,0.03632970186210715,0.12629649770492901,0.18810427068431998,-0.66427299449006971,0.32992231525430527,1.26000000000000001,3.77000000000000002
0.02847293406368551,0.03626320926747308,0.12632924504064988,0.18693213170440132,-0.66557831021870506,0.32502449830796182,1.26000000000000001,3.77000000000000002
0.02849156864528147,0.03619658631744530,0.12636150262383206,0.18575940104694530,-0.66688010448698665,0.32012725860705293,1.26000000000000001,3.77000000000000002
0.02851008592395026,0.03612983336353470,0.12639327051043855,0.18458607205003100,-0.66817838998127677,0.31523056092551377,1.26000000000000001,3.77000000000000002
0.02852848583952445,0.03606295075598839,0.12642454875291104,0.18341213804225490,-0.66947317929136907,0.31033437006209297,1.26000000000000001,3.77000000000000002
0.02854676833116898,0.03599593884379931,0.12645533740017226,0.18223759234248721,-0.67076448491108653,0.30543865083900390,1.26000000000000001,3.77000000000000002
0.02856493333738018,0.03592879797471579,0.12648563649762828,0.18106242825962751,-0.67205231923887210,0.30054336810057841,1.26000000000000001,3.77000000000000002
0.02858298079598477,0.03586152849525103,0.12651544608717066,0.17988663909235994,-0.67333669457837109,0.29564848671192295,1.26000000000000001,3.77000000000000002
0.02860091064413879,0.03579413075069263,0.12654476620717844,0.17871021812890769,-0.67461762313900697,0.29075397155757643,1.26000000000000001,3.77000000000000002
0.02861872281832661,0.03572660508511188,0.12657359689252004,0.17753315864678712,-0.67589511703654936,0.28585978754017055,1.26000000000000001,3.77000000000000002
0.02863641725435976,0.03565895184137322,0.12660193817455498,0.17635545391256091,-0.67716918829367456,0.28096589957909152,1.26000000000000001,3.77000000000000002
0.02865399388737590,0.03559117136114338,0.12662979008113553,0.17517709718159089,-0.67843984884051911,0.27607227260914396,1.26000000000000001,3.77000000000000002
0.02867145265183766,0.03552326398490073,0.12665715263660812,0.17399808169778996,-0.67970711051522581,0.27117887157921605,1.26000000000000001,3.77000000000000002
0.02868879348153145,0.03545523005194440,0.12668402586181474,0.17281840069337351,-0.68097098506448317,0.26628566145094651,1.26000000000000001,3.77000000000000002
0.02870601630956634,0.03538706990040338,0.12671040977409412,0.17163804738860991,-0.68223148414405677,0.26139260719739255,1.26000000000000001,3.77000000000000002
0.02872312106837278,0.03531878386724562,0.12673630438728278,0.17045701499157051,-0.68348861931931482,0.25649967380169947,1.26000000000000001,3.77000000000000002
0.02874010768970144,0.03525037228828703,0.12676170971171608,0.16927529669787866,-0.68474240206574555,0.25160682625577124,1.26000000000000001,3.77000000000000002
0.02875697610462191,0.03518183549820045,0.12678662575422889,0.16809288569045808,-0.68599284376946845,0.24671402955894198,1.26000000000000001,3.77000000000000002
0.02877372624352142,0.03511317383052454,0.12681105251815633,0.16690977513928043,-0.68723995572773866,0.24182124871664840,1.26000000000000001,3.77000000000000002
0.02879035803610355,0.03504438761767268,0.12683499000333434,0.16572595820111199,-0.68848374914944399,0.23692844873910310,1.26000000000000001,3.77000000000000002
0.02880687141138687,0.03497547719094173,0.12685843820610007,0.16454142801925953,-0.68972423515559567,0.23203559463996831,1.26000000000000001,3.77000000000000002
0.02882326629770362,0.03490644288052085,0.12688139711929214,0.16335617772331529,-0.69096142477981193,0.22714265143503035,1.26000000000000001,3.77000000000000002
0.02883954262269827,0.03483728501550017,0.12690386673225076,0.16217020042890110,-0.69219532896879565,0.22224958414087431,1.26000000000000001,3.77000000000000002
0.02885570031332618,0.03476800392387949,0.12692584703081786,0.16098348923741154,-0.69342595858280454,0.21735635777355919,1.26000000000000001,3.77000000000000002
0.02887173929585210,0.03469859993257686,0.12694733799733685,0.15979603723575628,-0.69465332439611560,0.21246293734729299,1.26000000000000001,3.77000000000000002
0.02888765949584875,0.03462907336743722,0.12696833961065240,0.15860783749610124,-0.69587743709748218,0.20756928787310802,1.26000000000000001,3.77000000000000002
0.02890346083819531,0.03455942455324087,0.12698885184611008,0.15741888307560903,-0.69709830729058531,0.20267537435753594,1.26000000000000001,3.77000000000000002
0.02891914324707592,0.03448965381371197,0.12700887467555588,0.15622916701617812,-0.69831594549447817,0.19778116180128277,1.26000000000000001,3.77000000000000002
0.02893470664597815,0.03441976147152702,0.12702840806733545,0.15503868234418117,-0.69953036214402475,0.19288661519790345,1.26000000000000001,3.77000000000000002
0.02895015095769138,0.03434974784832318,0.12704745198629341,0.15384742207020227,-0.70074156759033113,0.18799169953247599,1.26000000000000001,3.77000000000000002
0.02896547610430529,0.03427961326470670,0.12706600639377241,0.15265537918877306,-0.70194957210117148,0.18309637978027496,1.26000000000000001,3.77000000000000002
0.02898068200720818,0.03420935804026120,0.12708407124761206,0.15146254667810768,-0.70315438586140755,0.17820062090544447,1.26000000000000001,3.77000000000000002
0.02899576858708535,0.03413898249355593,0.12710164650214781,0.15026891749983681,-0.70435601897340161,0.17330438785967020,1.26000000000000001,3.77000000000000002
0.02901073576391741,0.03406848694215402,0.12711873210820956,0.14907448459874034,-0.70555448145742350,0.16840764558085042,1.26000000000000001,3.77000000000000002
0.02902558345697861,0.03399787170262066,0.12713532801312030,0.14787924090247895,-0.70674978325205140,0.16351035899176611,1.26000000000000001,3.77000000000000002
0.02904031158483510,0.03392713709053125,0.12715143416069447,0.14668317932132455,-0.70794193421456697,0.15861249299874983,1.26000000000000001,3.77000000000000002
0.02905492006534316,0.03385628342047951,0.12716705049123622,0.14548629274788941,-0.70913094412134370,0.15371401249035327,1.26000000000000001,3.77000000000000002
0.02906940881564745,0.03378531100608555,0.12718217694153769,0.14428857405685405,-0.71031682266822993,0.14881488233601339,1.26000000000000001,3.77000000000000002
0.02908377775217918,0.03371422016000392,0.12719681344487688,0.14309001610469393,-0.71149957947092524,0.14391506738471696,1.26000000000000001,3.77000000000000002
0.02909802679065430,0.03364301119393155,0.12721095993101567,0.14189061172940470,-0.71267922406535156,0.13901453246366352,1.26000000000000001,3.77000000000000002
0.02911215584607162,0.03357168441861581,0.12722461632619747,0.14069035375022629,-0.71385576590801780,0.13411324237692648,1.26000000000000001,3.77000000000000002
0.02912616483271092,0.03350024014386233,0.12723778255314488,0.13948923496736557,-0.71502921437637912,0.12921116190411230,1.26000000000000001,3.77000000000000002
0.02914005366413103,0.03342867867854295,0.12725045853105724,0.13828724816171759,-0.71619957876918994,0.12430825579901764,1.26000000000000001,3.77000000000000002
0.02915382225316790,0.03335700033060357,0.12726264417560787,0.13708438609458551,-0.71736686830685115,0.11940448878828432,1.26000000000000001,3.77000000000000002
0.02916747051193264,0.03328520540707192,0.12727433939894137,0.13588064150739906,-0.71853109213175181,0.11449982557005209,1.26000000000000001,3.77000000000000002
0.02918099835180945,0.03321329421406539,0.12728554410967063,0.13467600712143152,-0.71969225930860503,0.10959423081260880,1.26000000000000001,3.77000000000000002
0.02919440568345369,0.03314126705679880,0.12729625821287388,0.13347047563751521,-0.72085037882477787,0.10468766915303822,1.26000000000000001,3.77000000000000002
0.02920769241678972,0.03306912423959203,0.12730648161009139,0.13226403973575560,-0.72200545959061591,0.09978010519586504,1.26000000000000001,3.77000000000000002
0.02922085846100891,0.03299686606587781,0.12731621419932221,0.13105669207524370,-0.72315751043976162,0.09487150351169717,1.26000000000000001,3.77000000000000002
0.02923390372456744,0.03292449283820931,0.12732545587502073,0.12984842529376706,-0.72430654012946782,0.08996182863586508,1.26000000000000001,3.77000000000000002
0.02924682811518420,0.03285200485826777,0.12733420652809302,0.12863923200751901,-0.72545255734090486,0.08505104506705813,1.26000000000000001,3.77000000000000002
0.02925963153983862,0.03277940242687014,0.12734246604589314,0.12742910481080644,-0.72659557067946268,0.08013911726595768,1.26000000000000001,3.77000000000000002
0.02927231390476845,0.03270668584397656,0.12735023431221926,0.12621803627575584,-0.72773558867504684,0.07522600965386692,1.26000000000000001,3.77000000000000002
0.02928487511546751,0.03263385540869798,0.12735751120730965,0.12500601895201766,-0.72887261978236950,0.07031168661133727,1.26000000000000001,3.77000000000000002
0.02929731507668349,0.03256091141930362,0.12736429660783855,0.12379304536646908,-0.73000667238123451,0.06539611247679124,1.26000000000000001,3.77000000000000002
0.02930963369241557,0.03248785417322843,0.12737059038691184,0.12257910802291491,-0.73113775477681708,0.06047925154514155,1.26000000000000001,3.77000000000000002
0.02932183086591218,0.03241468396708058,0.12737639241406273,0.12136419940178679,-0.73226587519993813,0.05556106806640651,1.26000000000000001,3.77000000000000002
0.02933390649966860,0.03234140109664888,0.12738170255524708,0.12014831195984060,-0.73339104180733306,0.05064152624432135,1.26000000000000001,3.77000000000000002
0.02934586049542458,0.03226800585691012,0.12738652067283876,0.11893143812985210,-0.73451326268191486,0.04572059023494558,1.26000000000000001,3.77000000000000002
0.02935769275416196,0.03219449854203652,0.12739084662562480,0.11771357032031060,-0.73563254583303239,0.04079822414526601,1.26000000000000001,3.77000000000000002
0.02936940317610216,0.03212087944540301,0.12739468026880044,0.11649470091511088,-0.73674889919672248,0.03587439203179559,1.26000000000000001,3.77000000000000002
0.02938099166070379,0.03204714885959457,0.12739802145396395,0.11527482227324312,-0.73786233063595730,0.03094905789916759,1.26000000000000001,3.77000000000000002
0.02939245810666008,0.03197330707641355,0.12740087002911143,0.11405392672848091,-0.73897284794088602,0.02602218569872530,1.26000000000000001,3.77000000000000002
0.02940380241189637,0.03189935438688687,0.12740322583863140,0.11283200658906731,-0.74008045882907125,0.02109373932710693,1.26000000000000001,3.77000000000000002
0.02941502447356752,0.03182529108127337,0.12740508872329925,0.11160905413739887,-0.74118517094571990,0.01616368262482559,1.26000000000000001,3.77000000000000002
0.02942612418805535,0.03175111744907093,0.12740645852027155,0.11038506162970768,-0.74228699186390923,0.01123197937484437,1.26000000000000001,3.77000000000000002
0.02943710145096596,0.03167683377902375,0.12740733506308019,0.10916002129574129,-0.74338592908480672,0.00629859330114609,1.26000000000000001,3.77000000000000002
0.02944795615712709,0.03160244035912949,0.12740771818162652,0.10793392533844051,-0.74448199003788573,0.00136348806729790,1.26000000000000001,3.77000000000000002
0.02945868820058544,0.03152793747664642,0.12740760770217513,0.10670676593361521,-0.74557518208113494,-0.00357337272498962,1.26000000000000001,3.77000000000000002
0.02946929747460389,0.03145332541810061,0.12740700344734762,0.10547853522961780,-0.74666551250126301,-0.00851202553730894,1.26000000000000001,3.77000000000000002
0.02947978387165878,0.03137860446929300,0.12740590523611622,0.10424922534701463,-0.74775298851389771,-0.01345250689600777,1.26000000000000001,3.77000000000000002
0.02949014728343713,0.03130377491530651,0.12740431288379722,0.10301882837825507,-0.74883761726377984,-0.01839485339364708,1.26000000000000001,3.77000000000000002
0.02950038760083374,0.03122883704051312,0.12740222620204428,0.10178733638733845,-0.74991940582495231,-0.02333910169046516,1.26000000000000001,3.77000000000000002
0.02951050471394840,0.03115379112858095,0.12739964499884160,0.10055474140947850,-0.75099836120094332,-0.02828528851584782,1.26000000000000001,3.77000000000000002
0.02952049851208298,0.03107863746248126,0.12739656907849692,0.09932103545076569,-0.75207449032494467,-0.03323345066980488,1.26000000000000001,3.77000000000000002
0.02953036888373846,0.03100337632449551,0.12739299824163439,0.09808621048782706,-0.75314780005998472,-0.03818362502445304,1.26000000000000001,3.77000000000000002
0.02954011571661201,0.03092800799622238,0.12738893228518727,0.09685025846748364,-0.75421829719909617,-0.04313584852550545,1.26000000000000001,3.77000000000000002
0.02954973889759397,0.03085253275858471,0.12738437100239050,0.09561317130640551,-0.75528598846547867,-0.04809015819376793,1.26000000000000001,3.77000000000000002
0.02955923831276485,0.03077695089183652,0.12737931418277315,0.09437494089076430,-0.75635088051265631,-0.05304659112664207,1.26000000000000001,3.77000000000000002
0.02956861384739220,0.03070126267556994,0.12737376161215064,0.09313555907588328,-0.75741297992462941,-0.05800518449963541,1.26000000000000001,3.77000000000000002
0.02957786538592757,0.03062546838872220,0.12736771307261685,0.09189501768588479,-0.75847229321602150,-0.06296597556787877,1.26000000000000001,3.77000000000000002
0.02958699281200334,0.03054956830958250,0.12736116834253614,0.09065330851333514,-0.75952882683222123,-0.06792900166765091,1.26000000000000001,3.77000000000000002
0.02959599600842956,0.03047356271579897,0.12735412719653511,0.08941042331888692,-0.76058258714951865,-0.07289430021791075,1.26000000000000001,3.77000000000000002
0.02960487485719071,0.03039745188438557,0.12734658940549423,0.08816635383091855,-0.76163358047523633,-0.07786190872183715,1.26000000000000001,3.77000000000000002
0.02961362923944253,0.03032123609172896,0.12733855473653943,0.08692109174517121,-0.76268181304785587,-0.08283186476837652,1.26000000000000001,3.77000000000000002
0.02962225903550863,0.03024491561359537,0.12733002295303339,0.08567462872438304,-0.76372729103713810,-0.08780420603379846,1.26000000000000001,3.77000000000000002
0.02963076412487727,0.03016849072513753,0.12732099381456669,0.08442695639792047,-0.76477002054423926,-0.09277897028325942,1.26000000000000001,3.77000000000000002
0.02963914438619793,0.03009196170090144,0.12731146707694890,0.08317806636140680,-0.76581000760182105,-0.09775619537237475,1.26000000000000001,3.77000000000000002
0.02964739969727798,0.03001532881483327,0.12730144249219946,0.08192795017634791,-0.76684725817415578,-0.10273591924879909,1.26000000000000001,3.77000000000000002
0.02965552993507920,0.02993859234028617,0.12729091980853835,0.08067659936975508,-0.76788177815722647,-0.10771817995381545,1.26000000000000001,3.77000000000000002
0.02966353497571434,0.02986175255002713,0.12727989877037668,0.07942400543376479,-0.76891357337882127,-0.11270301562393308,1.26000000000000001,3.77000000000000002
0.02967141469444359,0.02978480971624373,0.12726837911830710,0.07817015982525567,-0.76994264959862324,-0.11769046449249415,1.26000000000000001,3.77000000000000002
0.02967916896567107,0.02970776411055100,0.12725636058909401,0.07691505396546229,-0.77096901250829430,-0.12268056489128976,1.26000000000000001,3.77000000000000002
0.02968679766294120,0.02963061600399821,0.12724384291566362,0.07565867923958593,-0.77199266773155428,-0.12767335525218501,1.26000000000000001,3.77000000000000002
0.02969430065893513,0.02955336566707564,0.12723082582709389,0.07440102699640228,-0.77301362082425429,-0.13266887410875366,1.26000000000000001,3.77000000000000002
0.02970167782546703,0.02947601336972137,0.12721730904860429,0.07314208854786590,-0.77403187727444533,-0.13766716009792243,1.26000000000000001,3.77000000000000002
0.02970892903348041,0.02939855938132808,0.12720329230154534,0.07188185516871155,-0.77504744250244151,-0.14266825196162500,1.26000000000000001,3.77000000000000002
0.02971605415304438,0.02932100397074980,0.12718877530338804,0.07062031809605221,-0.77606032186087748,-0.14767218854846606,1.26000000000000001,3.77000000000000002
0.02972305305334986,0.02924334740630866,0.12717375776771314,0.06935746852897384,-0.77707052063476112,-0.15267900881539559,1.26000000000000001,3.77000000000000002
0.02972992560270577,0.02916558995580168,0.12715823940420024,0.06809329762812683,-0.77807804404152059,-0.15768875182939324,1.26000000000000001,3.77000000000000002
0.02973667166853515,0.02908773188650752,0.12714221991861660,0.06682779651531395,-0.77908289723104618,-0.16270145676916359,1.26000000000000001,3.77000000000000002
0.02974329111737125,0.02900977346519323,0.12712569901280599,0.06556095627307504,-0.78008508528572662,-0.16771716292684175,1.26000000000000001,3.77000000000000002
0.02974978381485360,0.02893171495812097,0.12710867638467724,0.06429276794426804,-0.78108461322048028,-0.17273590970971012,1.26000000000000001,3.77000000000000002
0.02975614962572403,0.02885355663105481,0.12709115172819260,0.06302322253164662,-0.78208148598278060,-0.17775773664192612,1.26000000000000001,3.77000000000000002
0.02976238841382261,0.02877529874926742,0.12707312473335600,0.06175231099743414,-0.78307570845267660,-0.18278268336626124,1.26000000000000001,3.77000000000000002
0.02976850004208357,0.02869694157754686,0.12705459508620104,0.06048002426289405,-0.78406728544280757,-0.18781078964585146,1.26000000000000001,3.77000000000000002
0.02977448437253124,0.02861848538020327,0.12703556246877901,0.05920635320789654,-0.78505622169841249,-0.19284209536595945,1.26000000000000001,3.77000000000000002
0.02978034126627580,0.02853993042107566,0.12701602655914640,0.05793128867048154,-0.78604252189733392,-0.19787664053574849,1.26000000000000001,3.77000000000000002
0.02978607058350918,0.02846127696353861,0.12699598703135256,0.05665482144641785,-0.78702619065001633,-0.20291446529006868,1.26000000000000001,3.77000000000000002
0.02979167218350070,0.02838252527050903,0.12697544355542703,0.05537694228875849,-0.78800723249949911,-0.20795560989125508,1.26000000000000001,3.77000000000000002
0.02979714592459287,0.02830367560445289,0.12695439579736659,0.05409764190739215,-0.78898565192140380,-0.21300011473093861,1.26000000000000001,3.77000000000000002
0.02980249166419700,0.02822472822739199,0.12693284341912237,0.05281691096859067,-0.78996145332391621,-0.21804802033186937,1.26000000000000001,3.77000000000000002
0.02980770925878882,0.02814568340091066,0.12691078607858655,0.05153474009455259,-0.79093464104776212,-0.22309936734975305,1.26000000000000001,3.77000000000000002
0.02981279856390406,0.02806654138616255,0.12688822342957906,0.05025111986294253,-0.79190521936617841,-0.22815419657510025,1.26000000000000001,3.77000000000000002
0.02981775943413398,0.02798730244387734,0.12686515512183394,0.04896604080642657,-0.79287319248487764,-0.23321254893508919,1.26000000000000001,3.77000000000000002
0.02982259172312083,0.02790796683436755,0.12684158080098559,0.04767949341220342,-0.79383856454200752,-0.23827446549544190,1.26000000000000001,3.77000000000000002
0.02982729528355328,0.02782853481753524,0.12681750010855486,0.04639146812153137,-0.79480133960810440,-0.24333998746231414,1.26000000000000001,3.77000000000000002
0.02983186996716182,0.02774900665287880,0.12679291268193485,0.04510195532925094,-0.79576152168604131,-0.24840915618419923,1.26000000000000001,3.77000000000000002
0.02983631562471408,0.02766938259949973,0.12676781815437665,0.04381094538330322,-0.79671911471097001,-0.25348201315384616,1.26000000000000001,3.77000000000000002
0.02984063210601012,0.02758966291610939,0.12674221615497477,0.04251842858424379,-0.79767412255025716,-0.25855860001019199,1.26000000000000001,3.77000000000000002
0.02984481925987766,0.02750984786103581,0.12671610630865240,0.04122439518475218,-0.79862654900341501,-0.26363895854030883,1.26000000000000001,3.77000000000000002
0.02984887693416728,0.02742993769223046,0.12668948823614659,0.03992883538913679,-0.79957639780202583,-0.26872313068136594,1.26000000000000001,3.77000000000000002
0.02985280497574754,0.02734993266727504,0.12666236155399305,0.03863173935283527,-0.80052367260966073,-0.27381115852260651,1.26000000000000001,3.77000000000000002
0.02985660323050010,0.02726983304338831,0.12663472587451088,0.03733309718191023,-0.80146837702179274,-0.27890308430734018,1.26000000000000001,3.77000000000000002
0.02986027154331472,0.02718963907743288,0.12660658080578707,0.03603289893254016,-0.80241051456570311,-0.28399895043495077,1.26000000000000001,3.77000000000000002
0.02986380975808427,0.02710935102592207,0.12657792595166081,0.03473113461050572,-0.80335008870038260,-0.28909879946292005,1.26000000000000001,3.77000000000000002
0.02986721771769964,0.02702896914502670,0.12654876091170750,0.03342779417067107,-0.80428710281642601,-0.29420267410886763,1.26000000000000001,3.77000000000000002
0.02987049526404467,0.02694849369058194,0.12651908528122272,0.03212286751646033,-0.80522156023592106,-0.29931061725260677,1.26000000000000001,3.77000000000000002
0.02987364223799092,0.02686792491809421,0.12648889865120586,0.03081634449932903,-0.80615346421233069,-0.30442267193821709,1.26000000000000001,3.77000000000000002
0.02987665847939249,0.02678726308274802,0.12645820060834359,0.02950821491823058,-0.80708281793036962,-0.30953888137613406,1.26000000000000001,3.77000000000000002
0.02987954382708071,0.02670650843941282,0.12642699073499319,0.02819846851907756,-0.80800962450587466,-0.31465928894525541,1.26000000000000001,3.77000000000000002
0.02988229811885886,0.02662566124264996,0.12639526860916547,0.02688709499419784,-0.80893388698566815,-0.31978393819506495,1.26000000000000001,3.77000000000000002
0.02988492119149672,0.02654472174671955,0.12636303380450770,0.02557408398178541,-0.80985560834741588,-0.32491287284777398,1.26000000000000001,3.77000000000000002
0.02988741288072517,0.02646369020558740,0.12633028589028619,0.02425942506534600,-0.81077479149947840,-0.33004613680048051,1.26000000000000001,3.77000000000000002
0.02988977302123068,0.02638256687293195,0.12629702443136875,0.02294310777313710,-0.81169143928075560,-0.33518377412734679,1.26000000000000001,3.77000000000000002
0.02989200144664977,0.02630135200215123,0.12626324898820676,0.02162512157760267,-0.81260555446052518,-0.34032582908179504,1.26000000000000001,3.77000000000000002
0.02989409798956338,0.02622004584636984,0.12622895911681725,0.02030545589480220,-0.81351713973827444,-0.34547234609872191,1.26000000000000001,3.77000000000000002
0.02989606248149122,0.02613864865844592,0.12619415436876461,0.01898410008383416,-0.81442619774352554,-0.35062336979673192,1.26000000000000001,3.77000000000000002
0.02989789475288602,0.02605716069097816,0.12615883429114202,0.01766104344625375,-0.81533273103565418,-0.35577894498039042,1.26000000000000001,3.77000000000000002
0.02989959463312779,0.02597558219631285,0.12612299842655289,0.01633627522548486,-0.81623674210370145,-0.36093911664249562,1.26000000000000001,3.77000000000000002
0.02990116195051793,0.02589391342655087,0.12608664631309177,0.01500978460622612,-0.81713823336617941,-0.36610392996637081,1.26000000000000001,3.77000000000000002
0.02990259653227336,0.02581215463355480,0.12604977748432533,0.01368156071385103,-0.81803720717086914,-0.37127343032817661,1.26000000000000001,3.77000000000000002
0.02990389820452054,0.02573030606895599,0.12601239146927282,0.01235159261380208,-0.81893366579461258,-0.37644766329924367,1.26000000000000001,3.77000000000000002
0.02990506679228945,0.02564836798416165,0.12597448779238654,0.01101986931097868,-0.81982761144309702,-0.38162667464842615,1.26000000000000001,3.77000000000000002
0.02990610211950753,0.02556634063036200,0.12593606597353191,0.00968637974911896,-0.82071904625063286,-0.38681051034447622,1.26000000000000001,3.77000000000000002
0.02990700400899347,0.02548422425853740,0.12589712552796739,0.00835111281017522,-0.82160797227992433,-0.39199921655843994,1.26000000000000001,3.77000000000000002
0.02990777228245108,0.02540201911946553,0.12585766596632411,0.00701405731368304,-0.82249439152183290,-0.39719283966607488,1.26000000000000001,3.77000000000000002
0.02990840676046294,0.02531972546372858,0.12581768679458530,0.00567520201612391,-0.82337830589513394,-0.40239142625028973,1.26000000000000001,3.77000000000000002
0.02990890726248413,0.02523734354172050,0.12577718751406544,0.00433453561028130,-0.82425971724626534,-0.40759502310360618,1.26000000000000001,3.77000000000000002
0.02990927360683577,0.02515487360365420,0.12573616762138914,0.00299204672459006,-0.82513862734906962,-0.41280367723064371,1.26000000000000001,3.77000000000000002
0.02990950561069860,0.02507231589956886,0.12569462660846989,0.00164772392247915,-0.82601503790452846,-0.41801743585062712,1.26000000000000001,3.77000000000000002
0.02990960309010641,0.02498967067933721,0.12565256396248839,0.00030155570170741,-0.82688895054048928,-0.42323634639991764,1.26000000000000001,3.77000000000000002
0.02990956585993947,0.02490693819267286,0.12560997916587074,-0.00104646950630745,-0.82776036681138498,-0.42846045653456755,1.26000000000000001,3.77000000000000002
0.02990939373391783,0.02482411868913767,0.12556687169626637,-0.00239636333716704,-0.82862928819794557,-0.43368981413289903,1.26000000000000001,3.77000000000000002
0.02990908652459461,0.02474121241814911,0.12552324102652562,-0.00374813749417747,-0.82949571610690220,-0.43892446729810741,1.26000000000000001,3.77000000000000002
0.02990864404334917,0.02465821962898772,0.12547908662467719,-0.00510180374904190,-0.83035965187068361,-0.44416446436088919,1.26000000000000001,3.77000000000000002
0.02990806610038028,0.02457514057080448,0.12543440795390520,-0.00645737394256030,-0.83122109674710454,-0.44940985388209498,1.26000000000000001,3.77000000000000002
0.02990735250469913,0.02449197549262837,0.12538920447252608,-0.00781485998533671,-0.83208005191904633,-0.45466068465540843,1.26000000000000001,3.77000000000000002
0.02990650306412232,0.02440872464337383,0.12534347563396514,-0.00917427385849400,-0.83293651849412920,-0.45991700571005062,1.26000000000000001,3.77000000000000002
0.02990551758526479,0.02432538827184830,0.12529722088673284,-0.01053562761439634,-0.83379049750437684,-0.46517886631351091,1.26000000000000001,3.77000000000000002
0.02990439587353265,0.02424196662675983,0.12525043967440092,-0.01189893337737933,-0.83464198990587257,-0.47044631597430464,1.26000000000000001,3.77000000000000002
0.02990313773311596,0.02415845995672468,0.12520313143557807,-0.01326420334448808,-0.83549099657840697,-0.47571940444475752,1.26000000000000001,3.77000000000000002
0.02990174296698139,0.02407486851027494,0.12515529560388544,-0.01463144978622320,-0.83633751832511771,-0.48099818172381775,1.26000000000000001,3.77000000000000002
0.02990021137686485,0.02399119253586623,0.12510693160793182,-0.01600068504729496,-0.83718155587212040,-0.48628269805989610,1.26000000000000001,3.77000000000000002
0.02989854276326408,0.02390743228188547,0.12505803887128861,-0.01737192154738551,-0.83802310986813067,-0.49157300395373399,1.26000000000000001,3.77000000000000002
0.02989673692543102,0.02382358799665853,0.12500861681246436,-0.01874517178191961,-0.83886218088407860,-0.49686915016130057,1.26000000000000001,3.77000000000000002
0.02989479366136427,0.02373965992845815,0.12495866484487918,-0.02012044832284362,-0.83969876941271304,-0.50217118769671865,1.26000000000000001,3.77000000000000002
0.02989271276780139,0.02365564832551168,0.12490818237683868,-0.02149776381941317,-0.84053287586819792,-0.50747916783522062,1.26000000000000001,3.77000000000000002
0.02989049404021108,0.02357155343600903,0.12485716881150781,-0.02287713099898946,-0.84136450058569934,-0.51279314211613380,1.26000000000000001,3.77000000000000002
0.02988813727278540,0.02348737550811054,0.12480562354688425,-0.02425856266784438,-0.84219364382096351,-0.51811316234589699,1.26000000000000001,3.77000000000000002
0.02988564225843180,0.02340311478995497,0.12475354597577155,-0.02564207171197455,-0.84302030574988540,-0.52343928060110700,1.26000000000000001,3.77000000000000002
0.02988300878876508,0.02331877152966751,0.12470093548575197,-0.02702767109792442,-0.84384448646806831,-0.52877154923159753,1.26000000000000001,3.77000000000000002
0.02988023665409935,0.02323434597536781,0.12464779145915897,-0.02841537387361860,-0.84466618599037380,-0.53411002086354908,1.26000000000000001,3.77000000000000002
0.02987732564343982,0.02314983837517809,0.12459411327304948,-0.02980519316920346,-0.84548540425046192,-0.53945474840263163,1.26000000000000001,3.77000000000000002
0.02987427554447454,0.02306524897723131,0.12453990029917573,-0.03119714219789820,-0.84630214110032242,-0.54480578503717991,1.26000000000000001,3.77000000000000002
0.02987108614356604,0.02298057802967929,0.12448515190395687,-0.03259123425685557,-0.84711639630979518,-0.55016318424140220,1.26000000000000001,3.77000000000000002
0.02986775722574290,0.02289582578070104,0.12442986744845017,-0.03398748272803222,-0.84792816956608164,-0.55552699977862252,1.26000000000000001,3.77000000000000002
0.02986428857469124,0.02281099247851096,0.12437404628832199,-0.03538590107906905,-0.84873746047324550,-0.56089728570455732,1.26000000000000001,3.77000000000000002
0.02986067997274609,0.02272607837136726,0.12431768777381839,-0.03678650286418144,-0.84954426855170362,-0.56627409637062698,1.26000000000000001,3.77000000000000002
0.02985693120088268,0.02264108370758029,0.12426079124973534,-0.03818930172505979,-0.85034859323770662,-0.57165748642730241,1.26000000000000001,3.77000000000000002
0.02985304203870769,0.02255600873552100,0.12420335605538865,-0.03959431139178025,-0.85115043388280875,-0.57704751082748784,1.26000000000000001,3.77000000000000002
0.02984901226445029,0.02247085370362946,0.12414538152458361,-0.04100154568372597,-0.85194978975332747,-0.58244422482993963,1.26000000000000001,3.77000000000000002
0.02984484165495326,0.02238561886042338,0.12408686698558417,-0.04241101851051896,-0.85274666002979205,-0.58784768400272225,1.26000000000000001,3.77000000000000002
0.02984052998566381,0.02230030445450674,0.12402781176108188,-0.04382274387296273,-0.85354104380638141,-0.59325794422670153,1.26000000000000001,3.77000000000000002
0.02983607703062452,0.02221491073457844,0.12396821516816441,-0.04523673586399585,-0.85433294009035121,-0.59867506169907603,1.26000000000000001,3.77000000000000002
0.02983148256246401,0.02212943794944101,0.12390807651828374,-0.04665300866965656,-0.85512234780144925,-0.60409909293694708,1.26000000000000001,3.77000000000000002
0.02982674635238759,0.02204388634800944,0.12384739511722401,-0.04807157657005872,-0.85590926577131998,-0.60953009478092779,1.26000000000000001,3.77000000000000002
0.02982186817016782,0.02195825617931994,0.12378617026506895,-0.04949245394037910,-0.85669369274289731,-0.61496812439879200,1.26000000000000001,3.77000000000000002
0.02981684778413496,0.02187254769253892,0.12372440125616904,-0.05091565525185630,-0.85747562736978600,-0.62041323928916381,1.26000000000000001,3.77000000000000002
0.02981168496116729,0.02178676113697193,0.12366208737910815,-0.05234119507280140,-0.85825506821563091,-0.62586549728524754,1.26000000000000001,3.77000000000000002
0.02980637946668136,0.02170089676207264,0.12359922791666997,-0.05376908806962062,-0.85903201375347471,-0.63132495655859966,1.26000000000000001,3.77000000000000002
0.02980093106462214,0.02161495481745201,0.12353582214580396,-0.05519934900784995,-0.85980646236510316,-0.63679167562294292,1.26000000000000001,3.77000000000000002
0.02979533951745305,0.02152893555288741,0.12347186933759093,-0.05663199275320222,-0.86057841234037824,-0.64226571333802329,1.26000000000000001,3.77000000000000002
0.02978960458614587,0.02144283921833182,0.12340736875720824,-0.05806703427262657,-0.86134786187655876,-0.64774712891351049,1.26000000000000001,3.77000000000000002
0.02978372603017058,0.02135666606392317,0.12334231966389467,-0.05950448863538057,-0.86211480907760840,-0.65323598191294252,1.26000000000000001,3.77000000000000002
0.02977770360748509,0.02127041633999370,0.12327672131091473,-0.06094437101411524,-0.86287925195349058,-0.65873233225771510,1.26000000000000001,3.77000000000000002
0.02977153707452482,0.02118409029707937,0.12321057294552276,-0.06238669668597309,-0.86364118841945103,-0.66423624023111694,1.26000000000000001,3.77000000000000002
0.02976522618619220,0.02109768818592939,0.12314387380892651,-0.06383148103369939,-0.86440061629528619,-0.66974776648241052,1.26000000000000001,3.77000000000000002
0.02975877069584607,0.02101121025751577,0.12307662313625031,-0.06527873954676687,-0.86515753330459921,-0.67526697203096075,1.26000000000000001,3.77000000000000002
0.02975217035529093,0.02092465676304303,0.12300882015649790,-0.06672848782251416,-0.86591193707404157,-0.68079391827041036,1.26000000000000001,3.77000000000000002
0.02974542491476611,0.02083802795395789,0.12294046409251476,-0.06818074156729789,-0.86666382513254114,-0.68632866697290418,1.26000000000000001,3.77000000000000002
0.02973853412293480,0.02075132408195911,0.12287155416095003,-0.06963551659765907,-0.86741319491051649,-0.69187128029336253,1.26000000000000001,3.77000000000000002
0.02973149772687297,0.02066454539900734,0.12280208957221805,-0.07109282884150357,-0.86816004373907685,-0.69742182077380444,1.26000000000000001,3.77000000000000002
0.02972431547205821,0.02057769215733514,0.12273206953045945,-0.07255269433929719,-0.86890436884920730,-0.70298035134772097,1.26000000000000001,3.77000000000000002
0.02971698710235836,0.02049076460945701,0.12266149323350173,-0.07401512924527537,-0.86964616737093969,-0.70854693534450075,1.26000000000000001,3.77000000000000002
0.02970951236002009,0.02040376300817952,0.12259035987281945,-0.07548014982866789,-0.87038543633250887,-0.71412163649390747,1.26000000000000001,3.77000000000000002
0.02970189098565738,0.02031668760661156,0.12251866863349403,-0.07694777247493874,-0.87112217265949321,-0.71970451893060994,1.26000000000000001,3.77000000000000002
0.02969412271823977,0.02022953865817460,0.12244641869417296,-0.07841801368704134,-0.87185637317394038,-0.72529564719876649,1.26000000000000001,3.77000000000000002
0.02968620729508058,0.02014231641661316,0.12237360922702864,-0.07989089008668940,-0.87258803459347711,-0.73089508625666377,1.26000000000000001,3.77000000000000002
0.02967814445182498,0.02005502113600522,0.12230023939771675,-0.08136641841564371,-0.87331715353040373,-0.73650290148141140,1.26000000000000001,3.77000000000000002
0.02966993392243790,0.01996765307077286,0.12222630836533413,-0.08284461553701500,-0.87404372649077189,-0.74211915867369227,1.26000000000000001,3.77000000000000002
0.02966157543919183,0.01988021247569288,0.12215181528237616,-0.08432549843658316,-0.87476774987344685,-0.74774392406257095,1.26000000000000001,3.77000000000000002
0.02965306873265451,0.01979269960590762,0.12207675929469369,-0.08580908422413315,-0.87548921996915230,-0.75337726431035978,1.26000000000000001,3.77000000000000002
0.02964441353167644,0.01970511471693578,0.12200113954144949,-0.08729539013480771,-0.87620813295949918,-0.75901924651754393,1.26000000000000001,3.77000000000000002
0.02963560956337826,0.01961745806468341,0.12192495515507415,-0.08878443353047724,-0.87692448491599695,-0.76466993822776652,1.26000000000000001,3.77000000000000002
0.02962665655313805,0.01952972990545492,0.12184820526122152,-0.09027623190112717,-0.87763827179904774,-0.77032940743287515,1.26000000000000001,3.77000000000000002
0.02961755422457843,0.01944193049596432,0.12177088897872365,-0.09177080286626289,-0.87834948945692248,-0.77599772257802935,1.26000000000000001,3.77000000000000002
0.02960830229955351,0.01935406009334642,0.12169300541954521,-0.09326816417633273,-0.87905813362471985,-0.78167495256687169,1.26000000000000001,3.77000000000000002
0.02959890049813578,0.01926611895516823,0.12161455368873735,-0.09476833371416912,-0.87976419992330612,-0.78736116676676238,1.26000000000000001,3.77000000000000002
0.02958934853860274,0.01917810733944043,0.12153553288439105,-0.09627132949644840,-0.88046768385823726,-0.79305643501407874,1.26000000000000001,3.77000000000000002
0.02957964613742349,0.01909002550462895,0.12145594209759003,-0.09777716967516926,-0.88116858081866201,-0.79876082761958056,1.26000000000000001,3.77000000000000002
0.02956979300924509,0.01900187370966668,0.12137578041236297,-0.09928587253915054,-0.88186688607620545,-0.80447441537384257,1.26000000000000001,3.77000000000000002
0.02955978886687880,0.01891365221396525,0.12129504690563524,-0.10079745651554821,-0.88256259478383392,-0.81019726955275428,1.26000000000000001,3.77000000000000002
0.02954963342128622,0.01882536127742701,0.12121374064718017,-0.10231194017139228,-0.88325570197469949,-0.81592946192308979,1.26000000000000001,3.77000000000000002
0.02953932638156516,0.01873700116045700,0.12113186069956962,-0.10382934221514369,-0.88394620256096490,-0.82167106474814688,1.26000000000000001,3.77000000000000002
0.02952886745493545,0.01864857212397518,0.12104940611812404,-0.10534968149827152,-0.88463409133260762,-0.82742215079345804,1.26000000000000001,3.77000000000000002
0.02951825634672456,0.01856007442942862,0.12096637595086197,-0.10687297701685097,-0.88531936295620361,-0.83318279333257350,1.26000000000000001,3.77000000000000002
0.02950749276035305,0.01847150833880401,0.12088276923844900,-0.10839924791318233,-0.88600201197368988,-0.83895306615291820,1.26000000000000001,3.77000000000000002
0.02949657639731990,0.01838287411464009,0.12079858501414596,-0.10992851347743128,-0.88668203280110547,-0.84473304356172307,1.26000000000000001,3.77000000000000002
0.02948550695718756,0.01829417202004036,0.12071382230375680,-0.11146079314929103,-0.88735941972731058,-0.85052280039203276,1.26000000000000001,3.77000000000000002
0.02947428413756700,0.01820540231868585,0.12062848012557555,-0.11299610651966632,-0.88803416691268400,-0.85632241200879022,1.26000000000000001,3.77000000000000002
0.02946290763410246,0.01811656527484803,0.12054255749033294,-0.11453447333238007,-0.88870626838779765,-0.86213195431500012,1.26000000000000001,3.77000000000000002
0.02945137714045608,0.01802766115340185,0.12045605340114221,-0.11607591348590256,-0.88937571805206794,-0.86795150375797148,1.26000000000000001,3.77000000000000002
0.02943969234829235,0.01793869021983894,0.12036896685344442,-0.11762044703510398,-0.89004250967238441,-0.87378113733564167,1.26000000000000001,3.77000000000000002
0.02942785294726236,0.01784965274028093,0.12028129683495301,-0.11916809419303041,-0.89070663688171436,-0.87962093260298269,1.26000000000000001,3.77000000000000002
0.02941585862498794,0.01776054898149290,0.12019304232559781,-0.12071887533270370,-0.89136809317768328,-0.88547096767849098,1.26000000000000001,3.77000000000000002
0.02940370906704553,0.01767137921089700,0.12010420229746836,-0.12227281098894568,-0.89202687192113084,-0.89133132125076264,1.26000000000000001,3.77000000000000002
0.02939140395694991,0.01758214369658620,0.12001477571475654,-0.12382992186022712,-0.89268296633464173,-0.89720207258515461,1.26000000000000001,3.77000000000000002
0.02937894297613778,0.01749284270733817,0.11992476153369859,-0.12539022881054171,-0.89333636950105144,-0.90308330153053407,1.26000000000000001,3.77000000000000002
0.02936632580395106,0.01740347651262936,0.11983415870251640,-0.12695375287130567,-0.89398707436192615,-0.90897508852611708,1.26000000000000001,3.77000000000000002
0.02935355211762008,0.01731404538264919,0.11974296616135813,-0.12852051524328320,-0.89463507371601592,-0.91487751460839772,1.26000000000000001,3.77000000000000002
0.02934062159224657,0.01722454958831442,0.11965118284223814,-0.13009053729853842,-0.89528036021768154,-0.92079066141816990,1.26000000000000001,3.77000000000000002
0.02932753390078637,0.01713498940128363,0.11955880766897618,-0.13166384058241407,-0.89592292637529392,-0.92671461120764298,1.26000000000000001,3.77000000000000002
0.02931428871403206,0.01704536509397198,0.11946583955713594,-0.13324044681553743,-0.89656276454960571,-0.93264944684765239,1.26000000000000001,3.77000000000000002
0.02930088570059530,0.01695567693956595,0.11937227741396277,-0.13482037789585413,-0.89719986695209508,-0.93859525183496750,1.26000000000000001,3.77000000000000002
0.02928732452688902,0.01686592521203844,0.11927812013832073,-0.13640365590068995,-0.89783422564328030,-0.94455211029969799,1.26000000000000001,3.77000000000000002
0.02927360485710935,0.01677611018616391,0.11918336662062892,-0.13799030308884136,-0.89846583253100543,-0.95052010701280054,1.26000000000000001,3.77000000000000002
0.02925972635321736,0.01668623213753374,0.11908801574279697,-0.13958034190269525,-0.89909467936869603,-0.95649932739368715,1.26000000000000001,3.77000000000000002
0.02924568867492065,0.01659629134257176,0.11899206637815982,-0.14117379497037827,-0.89972075775358484,-0.96248985751793747,1.26000000000000001,3.77000000000000002
0.02923149147965459,0.01650628807854997,0.11889551739141171,-0.14277068510793628,-0.90034405912490634,-0.96849178412511627,1.26000000000000001,3.77000000000000002
0.02921713442256350,0.01641622262360441,0.11879836763853942,-0.14437103532154441,-0.90096457476205993,-0.97450519462669793,1.26000000000000001,3.77000000000000002
0.02920261715648144,0.01632609525675126,0.11870061596675463,-0.14597486880974841,-0.90158229578274129,-0.98053017711410029,1.26000000000000001,3.77000000000000002
0.02918793933191293,0.01623590625790310,0.11860226121442555,-0.14758220896573762,-0.90219721314104107,-0.98656682036682897,1.26000000000000001,3.77000000000000002
0.02917310059701335,0.01614565590788533,0.11850330221100770,-0.14919307937965023,-0.90280931762551042,-0.99261521386073426,1.26000000000000001,3.77000000000000002
0.02915810059756908,0.01605534448845291,0.11840373777697384,-0.15080750384091127,-0.90341859985719286,-0.99867544777638328,1.26000000000000001,3.77000000000000002
0.02914293897697754,0.01596497228230709,0.11830356672374308,-0.15242550634060398,-0.90402505028762159,-1.00474761300754789,1.26000000000000001,3.77000000000000002
0.02912761537622684,0.01587453957311257,0.11820278785360915,-0.15404711107387523,-0.90462865919678170,-1.01083180116981164,1.26000000000000001,3.77000000000000002
0.02911212943387526,0.01578404664551471,0.11810139995966774,-0.15567234244237529,-0.90522941669103707,-1.01692810460929772,1.26000000000000001,3.77000000000000002
0.02909648078603051,0.01569349378515698,0.11799940182574307,-0.15730122505673291,-0.90582731270102046,-1.02303661641151811,1.26000000000000001,3.77000000000000002
0.02908066906632865,0.01560288127869869,0.11789679222631344,-0.15893378373906594,-0.90642233697948682,-1.02915743041034990,1.26000000000000001,3.77000000000000002
0.02906469390591290,0.01551220941383285,0.11779356992643597,-0.16057004352552839,-0.90701447909912880,-1.03529064119713610,1.26000000000000001,3.77000000000000002
0.02904855493341200,0.01542147847930428,0.11768973368167041,-0.16221002966889461,-0.90760372845035364,-1.04143634412991704,1.26000000000000001,3.77000000000000002
0.02903225177491851,0.01533068876492799,0.11758528223800192,-0.16385376764118087,-0.90819007423902143,-1.04759463534279340,1.26000000000000001,3.77000000000000002
0.02901578405396670,0.01523984056160772,0.11748021433176313,-0.16550128313630541,-0.90877350548414271,-1.05376561175542194,1.26000000000000001,3.77000000000000002
0.02899915139151023,0.01514893416135474,0.11737452868955499,-0.16715260207278743,-0.90935401101553592,-1.05994937108264797,1.26000000000000001,3.77000000000000002
0.02898235340589960,0.01505796985730691,0.11726822402816678,-0.16880775059648567,-0.90993157947144332,-1.06614601184427582,1.26000000000000001,3.77000000000000002
0.02896538971285920,0.01496694794374795,0.11716129905449517,-0.17046675508337752,-0.91050619929610421,-1.07235563337498085,1.26000000000000001,3.77000000000000002
0.02894825992546423,0.01487586871612692,0.11705375246546218,-0.17212964214237902,-0.91107785873728575,-1.07857833583436391,1.26000000000000001,3.77000000000000002
0.02893096365411721,0.01478473247107809,0.11694558294793221,-0.17379643861820682,-0.91164654584376958,-1.08481422021715268,1.26000000000000001,3.77000000000000002
0.02891350050652429,0.01469353950644086,0.11683678917862801,-0.17546717159428254,-0.91221224846279347,-1.09106338836355055,1.26000000000000001,3.77000000000000002
0.02889587008767123,0.01460229012128011,0.11672736982404558,-0.17714186839568077,-0.91277495423744759,-1.09732594296973685,1.26000000000000001,3.77000000000000002
0.02887807199979905,0.01451098461590674,0.11661732354036806,-0.17882055659212073,-0.91333465060402430,-1.10360198759852168,1.26000000000000001,3.77000000000000002
0.02886010584237945,0.01441962329189845,0.11650664897337855,-0.18050326400100322,-0.91389132478932056,-1.10989162669015573,1.26000000000000001,3.77000000000000002
0.02884197121208990,0.01432820645212086,0.11639534475837177,-0.18219001869049306,-0.91444496380789164,-1.11619496557330145,1.26000000000000001,3.77000000000000002
0.02882366770278834,0.01423673440074887,0.11628340952006470,-0.18388084898264809,-0.91499555445925607,-1.12251211047616395,1.26000000000000001,3.77000000000000002
0.02880519490548772,0.01414520744328828,0.11617084187250606,-0.18557578345659562,-0.91554308332504974,-1.12884316853778977,1.26000000000000001,3.77000000000000002
0.02878655240833007,0.01405362588659777,0.11605764041898464,-0.18727485095175708,-0.91608753676612920,-1.13518824781953120,1.26000000000000001,3.77000000000000002
0.02876773979656032,0.01396199003891106,0.11594380375193650,-0.18897808057112178,-0.91662890091962235,-1.14154745731668394,1.26000000000000001,3.77000000000000002
0.02874875665249980,0.01387030020985949,0.11582933045285097,-0.19068550168457069,-0.91716716169592616,-1.14792090697029692,1.26000000000000001,3.77000000000000002
0.02872960255551937,0.01377855671049483,0.11571421909217550,-0.19239714393225116,-0.91770230477564940,-1.15430870767916183,1.26000000000000001,3.77000000000000002
0.02871027708201219,0.01368675985331239,0.11559846822921925,-0.19411303722800366,-0.91823431560650071,-1.16071097131198098,1.26000000000000001,3.77000000000000002
0.02869077980536624,0.01359490995227450,0.11548207641205553,-0.19583321176284105,-0.91876317940011920,-1.16712781071972116,1.26000000000000001,3.77000000000000002
0.02867111029593638,0.01350300732283426,0.11536504217742291,-0.19755769800848200,-0.91928888112884788,-1.17355933974815319,1.26000000000000001,3.77000000000000002
0.02865126812101611,0.01341105228195963,0.11524736405062509,-0.19928652672093902,-0.91981140552244800,-1.18000567325058392,1.26000000000000001,3.77000000000000002
0.02863125284480896,0.01331904514815786,0.11512904054542954,-0.20101972894416234,-0.92033073706475321,-1.18646692710078061,1.26000000000000001,3.77000000000000002
0.02861106402839953,0.01322698624150028,0.11501007016396478,-0.20275733601374080,-0.92084685999026228,-1.19294321820609506,1.26000000000000001,3.77000000000000002
0.02859070122972411,0.01313487588364736,0.11489045139661638,-0.20449937956066055,-0.92135975828066963,-1.19943466452078851,1.26000000000000001,3.77000000000000002
0.02857016400354096,0.01304271439787418,0.11477018272192156,-0.20624589151512288,-0.92186941566133163,-1.20594138505956128,1.26000000000000001,3.77000000000000002
0.02854945190140021,0.01295050210909627,0.11464926260646247,-0.20799690411042207,-0.92237581559766768,-1.21246349991129310,1.26000000000000001,3.77000000000000002
0.02852856447161334,0.01285823934389575,0.11452768950475808,-0.20975244988688471,-0.92287894129149495,-1.21900113025299506,1.26000000000000001,3.77000000000000002
0.02850750125922226,0.01276592643054792,0.11440546185915469,-0.21151256169587138,-0.92337877567729498,-1.22555439836397939,1.26000000000000001,3.77000000000000002
0.02848626180596804,0.01267356369904814,0.11428257809971493,-0.21327727270384181,-0.92387530141841123,-1.23212342764025018,1.26000000000000001,3.77000000000000002
0.02846484565025918,0.01258115148113913,0.11415903664410540,-0.21504661639648526,-0.92436850090317535,-1.23870834260911988,1.26000000000000001,3.77000000000000002
0.02844325232713947,0.01248869011033874,0.11403483589748277,-0.21682062658291656,-0.92485835624096191,-1.24530926894405503,1.26000000000000001,3.77000000000000002
0.02842148136825544,0.01239617992196796,0.11390997425237845,-0.21859933739993986,-0.92534484925816873,-1.25192633347975568,1.26000000000000001,3.77000000000000002
0.02839953230182337,0.01230362125317948,0.11378445008858167,-0.22038278331638086,-0.92582796149412205,-1.25855966422747390,1.26000000000000001,3.77000000000000002
0.02837740465259588,0.01221101444298657,0.11365826177302105,-0.22217099913748900,-0.92630767419690485,-1.26520939039057523,1.26000000000000001,3.77000000000000002
0.02835509794182806,0.01211835983229244,0.11353140765964463,-0.22396402000941110,-0.92678396831910681,-1.27187564238034723,1.26000000000000001,3.77000000000000002
0.02833261168724314,0.01202565776391999,0.11340388608929824,-0.22576188142373765,-0.92725682451349334,-1.27855855183206102,1.26000000000000001,3.77000000000000002
0.02830994540299774,0.01193290858264203,0.11327569538960232,-0.22756461922212326,-0.92772622312859376,-1.28525825162128959,1.26000000000000001,3.77000000000000002
0.02828709859964660,0.01184011263521189,0.11314683387482703,-0.22937226960098264,-0.92819214420420471,-1.29197487588048898,1.26000000000000001,3.77000000000000002
0.02826407078410690,0.01174727027039458,0.11301729984576576,-0.23118486911626379,-0.92865456746680863,-1.29870856001584656,1.26000000000000001,3.77000000000000002
0.02824086145962204,0.01165438183899831,0.11288709158960687,-0.23300245468829958,-0.92911347232490515,-1.30545944072440157,1.26000000000000001,3.77000000000000002
0.02821747012572496,0.01156144769390651,0.11275620737980374,-0.23482506360673960,-0.92956883786425248,-1.31222765601144342,1.26000000000000001,3.77000000000000002
0.02819389627820095,0.01146846819011042,0.11262464547594309,-0.23665273353556379,-0.93002064284301855,-1.31901334520819447,1.26000000000000001,3.77000000000000002
0.02817013940904999,0.01137544368474201,0.11249240412361146,-0.23848550251817915,-0.93046886568683829,-1.32581664898978024,1.26000000000000001,3.77000000000000002
0.02814619900644854,0.01128237453710755,0.11235948155425994,-0.24032340898260179,-0.93091348448377620,-1.33263770939349468,1.26000000000000001,3.77000000000000002
0.02812207455471077,0.01118926110872157,0.11222587598506700,-0.24216649174672539,-0.93135447697919160,-1.33947666983736613,1.26000000000000001,3.77000000000000002
0.02809776553424940,0.01109610376334143,0.11209158561879949,-0.24401479002367821,-0.93179182057050425,-1.34633367513902935,1.26000000000000001,3.77000000000000002
0.02807327142153580,0.01100290286700238,0.11195660864367170,-0.24586834342727046,-0.93222549230185880,-1.35320887153491021,1.26000000000000001,3.77000000000000002
0.02804859168905971,0.01090965878805311,0.11182094323320255,-0.24772719197753337,-0.93265546885868511,-1.36010240669972804,1.26000000000000001,3.77000000000000002
0.02802372580528833,0.01081637189719198,0.11168458754607073,-0.24959137610635246,-0.93308172656215271,-1.36701442976632426,1.26000000000000001,3.77000000000000002
0.02799867323462484,0.01072304256750365,0.11154753972596793,-0.25146093666319647,-0.93350424136351629,-1.37394509134582243,1.26000000000000001,3.77000000000000002
0.02797343343736634,0.01062967117449638,0.11140979790144992,-0.25333591492094404,-0.93392298883835101,-1.38089454354812502,1.26000000000000001,3.77000000000000002
0.02794800586966124,0.01053625809613993,0.11127136018578571,-0.25521635258181014,-0.93433794418067406,-1.38786294000275734,1.26000000000000001,3.77000000000000002
0.02792238998346599,0.01044280371290398,0.11113222467680446,-0.25710229178337429,-0.93474908219695008,-1.39485043588006175,1.26000000000000001,3.77000000000000002
0.02789658522650128,0.01034930840779718,0.11099238945674039,-0.25899377510471278,-0.93515637729997847,-1.40185718791275216,1.26000000000000001,3.77000000000000002
0.02787059104220755,0.01025577256640684,0.11085185259207540,-0.26089084557263659,-0.93555980350265922,-1.40888335441783430,1.26000000000000001,3.77000000000000002
0.02784440686969990,0.01016219657693928,0.11071061213337957,-0.26279354666803795,-0.93595933441163481,-1.41592909531890032,1.26000000000000001,3.77000000000000002
0.02781803214372238,0.01006858083026068,0.11056866611514932,-0.26470192233234691,-0.93635494322080559,-1.42299457216880487,1.26000000000000001,3.77000000000000002
0.02779146629460160,0.00997492571993878,0.11042601255564337,-0.26661601697410114,-0.93674660270471477,-1.43007994817273132,1.26000000000000001,3.77000000000000002
0.02776470874819966,0.00988123164228511,0.11028264945671633,-0.26853587547563040,-0.93713428521180153,-1.43718538821165454,1.26000000000000001,3.77000000000000002
0.02773775892586649,0.00978749899639794,0.11013857480364994,-0.27046154319985893,-0.93751796265751819,-1.44431105886621003,1.26000000000000001,3.77000000000000002
0.02771061624439137,0.00969372818420594,0.10999378656498188,-0.27239306599722740,-0.93789760651730814,-1.45145712844097741,1.26000000000000001,3.77000000000000002
0.02768328011595390,0.00959991961051252,0.10984828269233214,-0.27433049021273792,-0.93827318781944236,-1.45862376698918617,1.26000000000000001,3.77000000000000002
0.02765574994807413,0.00950607368304095,0.10970206112022692,-0.27627386269312371,-0.93864467713771005,-1.46581114633785403,1.26000000000000001,3.77000000000000002
0.02762802514356207,0.00941219081248015,0.10955511976591993,-0.27822323079414674,-0.93901204458396081,-1.47301944011336494,1.26000000000000001,3.77000000000000002
0.02760010510046636,0.00931827141253124,0.10940745652921124,-0.28017864238802603,-0.93937525980049452,-1.48024882376749845,1.26000000000000001,3.77000000000000002
0.02757198921202233,0.00922431589995495,0.10925906929226335,-0.28214014587099884,-0.93973429195229530,-1.48749947460391696,1.26000000000000001,3.77000000000000002
0.02754367686659911,0.00913032469461969,0.10910995591941468,-0.28410779017101850,-0.94008910971910631,-1.49477157180512421,1.26000000000000001,3.77000000000000002
0.02751516744764617,0.00903629821955048,0.10896011425699030,-0.28608162475559090,-0.94043968128734112,-1.50206529645990128,1.26000000000000001,3.77000000000000002
0.02748646033363889,0.00894223690097873,0.10880954213310995,-0.28806169963975342,-0.94078597434182798,-1.50938083159123315,1.26000000000000001,3.77000000000000002
0.02745755489802344,0.00884814116839278,0.10865823735749316,-0.29004806539419864,-0.94112795605738320,-1.51671836218473488,1.26000000000000001,3.77000000000000002
0.02742845050916079,0.00875401145458937,0.10850619772126159,-0.29204077315354687,-0.94146559309020894,-1.52407807521758865,1.26000000000000001,3.77000000000000002
0.02739914653026991,0.00865984819572588,0.10835342099673834,-0.29403987462476977,-0.94179885156911225,-1.53146015968800242,1.26000000000000001,3.77000000000000002
0.02736964231937011,0.00856565183137360,0.10819990493724442,-0.29604542209576917,-0.94212769708654009,-1.53886480664520109,1.26000000000000001,3.77000000000000002
0.02733993722922246,0.00847142280457172,0.10804564727689209,-0.29805746844411396,-0.94245209468942637,-1.54629220921996402,1.26000000000000001,3.77000000000000002
0.02731003060727046,0.00837716156188244,0.10789064573037516,-0.30007606714593899,-0.94277200886984613,-1.55374256265571642,1.26000000000000001,3.77000000000000002
0.02727992179557967,0.00828286855344687,0.10773489799275614,-0.30210127228500910,-0.94308740355547283,-1.56121606434019133,1.26000000000000001,3.77000000000000002
0.02724961013077652,0.00818854423304200,0.10757840173925022,-0.30413313856195234,-0.94339824209983314,-1.56871291383767231,1.26000000000000001,3.77000000000000002
0.02721909494398612,0.00809418905813857,0.10742115462500597,-0.30617172130366588,-0.94370448727235479,-1.57623331292182911,1.26000000000000001,3.77000000000000002
0.02718837556076921,0.00799980348996001,0.10726315428488271,-0.30821707647289853,-0.94400610124820261,-1.58377746560916122,1.26000000000000001,3.77000000000000002
0.02715745130105804,0.00790538799354238,0.10710439833322460,-0.31026926067801414,-0.94430304559789646,-1.59134557819306166,1.26000000000000001,3.77000000000000002
0.02712632147909133,0.00781094303779536,0.10694488436363113,-0.31232833118293946,-0.94459528127670700,-1.59893785927851484,1.26000000000000001,3.77000000000000002
0.02709498540334820,0.00771646909556431,0.10678460994872425,-0.31439434591730081,-0.94488276861382303,-1.60655451981744246,1.26000000000000001,3.77000000000000002
0.02706344237648111,0.00762196664369345,0.10662357263991189,-0.31646736348675419,-0.94516546730128503,-1.61419577314471341,1.26000000000000001,3.77000000000000002
0.02703169169524771,0.00752743616309011,0.10646176996714779,-0.31854744318351269,-0.94544333638267863,-1.62186183501482994,1.26000000000000001,3.77000000000000002
0.02699973265044163,0.00743287813879016,0.10629919943868775,-0.32063464499707589,-0.94571633424158230,-1.62955292363930848,1.26000000000000001,3.77000000000000002
0.02696756452682227,0.00733829306002463,0.10613585854084194,-0.32272902962516631,-0.94598441858976323,-1.63726925972476822,1.26000000000000001,3.77000000000000002
0.02693518660304336,0.00724368142028744,0.10597174473772351,-0.32483065848487697,-0.94624754645511500,-1.64501106651174478,1.26000000000000001,3.77000000000000002
0.02690259815158048,0.00714904371740444,0.10580685547099324,-0.32693959372403536,-0.94650567416932985,-1.65277856981424520,1.26000000000000001,3.77000000000000002
0.02686979843865742,0.00705438045360362,0.10564118815960011,-0.32905589823278891,-0.94675875735529980,-1.66057199806006195,1.26000000000000001,3.77000000000000002
0.02683678672417134,0.00695969213558670,0.10547474019951798,-0.33117963565541664,-0.94700675091423880,-1.66839158233186202,1.26000000000000001,3.77000000000000002
0.02680356226161676,0.00686497927460186,0.10530750896347792,-0.33331087040237301,-0.94724960901251976,-1.67623755640906968,1.26000000000000001,3.77000000000000002
0.02677012429800833,0.00677024238651799,0.10513949180069646,-0.33544966766256856,-0.94748728506821767,-1.68411015681056164,1.26000000000000001,3.77000000000000002
0.02673647207380240,0.00667548199190014,0.10497068603659944,-0.33759609341589375,-0.94771973173735302,-1.69200962283819312,1.26000000000000001,3.77000000000000002
0.02670260482281721,0.00658069861608642,0.10480108897254155,-0.33975021444599091,-0.94794690089982625,-1.69993619662117412,1.26000000000000001,3.77000000000000002
0.02666852177215193,0.00648589278926641,0.10463069788552128,-0.34191209835328096,-0.94816874364503589,-1.70789012316131505,1.26000000000000001,3.77000000000000002
0.02663422214210429,0.00639106504656083,0.10445951002789140,-0.34408181356825046,-0.94838521025717204,-1.71587165037916445,1.26000000000000001,3.77000000000000002
0.02659970514608690,0.00629621592810289,0.10428752262706475,-0.34625942936500531,-0.94859625020017679,-1.72388102916105690,1.26000000000000001,3.77000000000000002
0.02656496999054222,0.00620134597912108,0.10411473288521525,-0.34844501587509757,-0.94880181210236270,-1.73191851340709446,1.26000000000000001,3.77000000000000002
0.02653001587485606,0.00610645575002346,0.10394113797897406,-0.35063864410163204,-0.94900184374068008,-1.73998436008008417,1.26000000000000001,3.77000000000000002
0.02649484199126979,0.00601154579648365,0.10376673505912085,-0.35284038593365891,-0.94919629202462430,-1.74807882925545233,1.26000000000000001,3.77000000000000002
0.02645944752479093,0.00591661667952836,0.10359152125027002,-0.35505031416086025,-0.94938510297977308,-1.75620218417216090,1.26000000000000001,3.77000000000000002
0.02642383165310239,0.00582166896562667,0.10341549365055173,-0.35726850248853664,-0.94956822173094413,-1.76435469128464972,1.26000000000000001,3.77000000000000002
0.02638799354647015,0.00572670322678089,0.10323864933128774,-0.35949502555290175,-0.94974559248496304,-1.77253662031582793,1.26000000000000001,3.77000000000000002
0.02635193236764934,0.00563172004061933,0.10306098533666179,-0.36172995893669213,-0.94991715851303060,-1.78074824431114198,1.26000000000000001,3.77000000000000002
0.02631564727178886,0.00553671999049067,0.10288249868338471,-0.36397337918510048,-0.95008286213267923,-1.78898983969374514,1.26000000000000001,3.77000000000000002
0.02627913740633427,0.00544170366556031,0.10270318636035376,-0.36622536382203980,-0.95024264468930675,-1.79726168632079530,1.26000000000000001,3.77000000000000002
0.02624240191092911,0.00534667166090849,0.10252304532830642,-0.36848599136674687,-0.95039644653727651,-1.80556406754090948,1.26000000000000001,3.77000000000000002
0.02620543991731455,0.00525162457763037,0.10234207251946825,-0.37075534135073374,-0.95054420702057218,-1.81389727025280267,1.26000000000000001,3.77000000000000002
0.02616825054922726,0.00515656302293807,0.10216026483719499,-0.37303349433509553,-0.95068586445299408,-1.82226158496514068,1.26000000000000001,3.77000000000000002
0.02613083292229558,0.00506148761026466,0.10197761915560846,-0.37532053192818376,-0.95082135609788554,-1.83065730585763742,1.26000000000000001,3.77000000000000002
0.02609318614393391,0.00496639895937028,0.10179413231922636,-0.37761653680365426,-0.95095061814737569,-1.83908473084342594,1.26000000000000001,3.77000000000000002
0.02605530931323525,0.00487129769645029,0.10160980114258578,-0.37992159271889941,-0.95107358570112521,-1.84754416163273749,1.26000000000000001,3.77000000000000002
0.02601720152086190,0.00477618445424561,0.10142462240986018,-0.38223578453387413,-0.95119019274456140,-1.85603590379791950,1.26000000000000001,3.77000000000000002
0.02597886184893422,0.00468105987215528,0.10123859287446997,-0.38455919823032580,-0.95130037212658836,-1.86456026683982667,1.26000000000000001,3.77000000000000002
0.02594028937091750,0.00458592459635118,0.10105170925868620,-0.38689192093143865,-0.95140405553675766,-1.87311756425561993,1.26000000000000001,3.77000000000000002
0.02590148315150680,0.00449077927989521,0.10086396825322752,-0.38923404092190300,-0.95150117348188346,-1.88170811360800916,1.26000000000000001,3.77000000000000002
0.02586244224650979,0.00439562458285872,0.10067536651685008,-0.39158564766842047,-0.95159165526208767,-1.89033223659597693,1.26000000000000001,3.77000000000000002
0.02582316570272751,0.00430046117244439,0.10048590067593033,-0.39394683184065632,-0.95167542894625767,-1.89899025912701891,1.26000000000000001,3.77000000000000002
0.02578365255783295,0.00420528972311061,0.10029556732404048,-0.39631768533265083,-0.95175242134690086,-1.90768251139094325,1.26000000000000001,3.77000000000000002
0.02574390184024762,0.00411011091669843,0.10010436302151648,-0.39869830128470157,-0.95182255799437798,-1.91640932793526608,1.26000000000000001,3.77000000000000002
0.02570391256901573,0.00401492544256106,0.09991228429501847,-0.40108877410572874,-0.95188576311049833,-1.92517104774224634,1.26000000000000001,3.77000000000000002
0.02566368375367622,0.00391973399769608,0.09971932763708334,-0.40348919949613660,-0.95194195958145666,-1.93396801430760190,1.26000000000000001,3.77000000000000002
0.02562321439413244,0.00382453728688039,0.09952548950566940,-0.40589967447118408,-0.95199106893009522,-1.94280057572095100,1.26000000000000001,3.77000000000000002
0.02558250348051950,0.00372933602280794,0.09933076632369288,-0.40832029738487791,-0.95203301128746853,-1.95166908474802359,1.26000000000000001,3.77000000000000002
0.02554154999306911,0.00363413092623039,0.09913515447855613,-0.41075116795440247,-0.95206770536369312,-1.96057389891469058,1.26000000000000001,3.77000000000000002
0.02550035290197212,0.00353892272610068,0.09893865032166735,-0.41319238728510049,-0.95209506841805869,-1.96951538059285780,1.26000000000000001,3.77000000000000002
0.02545891116723834,0.00344371215971963,0.09874125016795159,-0.41564405789601960,-0.95211501622838168,-1.97849389708827417,1.26000000000000001,3.77000000000000002
0.02541722373855390,0.00334849997288564,0.09854295029535289,-0.41810628374604020,-0.95212746305957574,-1.98750982073030569,1.26000000000000001,3.77000000000000002
0.02537528955513597,0.00325328692004765,0.09834374694432736,-0.42057917026059982,-0.95213232163141892,-1.99656352896372846,1.26000000000000001,3.77000000000000002
0.02533310754558470,0.00315807376446120,0.09814363631732699,-0.42306282435903109,-0.95212950308549116,-2.00565540444259360,1.26000000000000001,3.77000000000000002
0.02529067662773242,0.00306286127834802,0.09794261457827387,-0.42555735448252940,-0.95211891695125839,-2.01478583512621956,1.26000000000000001,3.77000000000000002
0.02524799570849010,0.00296765024305895,0.09774067785202484,-0.42806287062276782,-0.95210047111127738,-2.02395521437737358,1.26000000000000001,3.77000000000000002
0.02520506368369077,0.00287244144924039,0.09753782222382609,-0.43057948435117743,-0.95207407176549474,-2.03316394106269538,1.26000000000000001,3.77000000000000002
0.02516187943793011,0.00277723569700440,0.09733404373875772,-0.43310730884891108,-0.95203962339461234,-2.04241241965543008,1.26000000000000001,3.77000000000000002
0.02511844184440391,0.00268203379610250,0.09712933840116776,-0.43564645893750986,-0.95199702872249103,-2.05170106034053257,1.26000000000000001,3.77000000000000002
0.02507474976474246,0.00258683656610327,0.09692370217409574,-0.43819705111029200,-0.95194618867756253,-2.06103027912220416,1.26000000000000001,3.77000000000000002
0.02503080204884184,0.00249164483657386,0.09671713097868517,-0.44075920356448439,-0.95188700235322032,-2.07040049793393655,1.26000000000000001,3.77000000000000002
0.02498659753469181,0.00239645944726551,0.09650962069358514,-0.44333303623411768,-0.95181936696715608,-2.07981214475112752,1.26000000000000001,3.77000000000000002
0.02494213504820050,0.00230128124830325,0.09630116715434024,-0.44591867082370668,-0.95174317781961060,-2.08926565370634121,1.26000000000000001,3.77000000000000002
0.02489741340301562,0.00220611110037969,0.09609176615276908,-0.44851623084273862,-0.95165832825050489,-2.09876146520728746,1.26000000000000001,3.77000000000000002
0.02485243140034224,0.00211094987495333,0.09588141343633073,-0.45112584164099179,-0.95156470959541539,-2.10830002605759859,1.26000000000000001,3.77000000000000002
0.02480718782875689,0.00201579845445119,0.09567010470747894,-0.45374763044470945,-0.95146221114035878,-2.11788178958048112,1.26000000000000001,3.77000000000000002
0.02476168146401816,0.00192065773247611,0.09545783562300390,-0.45638172639365243,-0.95135072007534671,-2.12750721574532342,1.26000000000000001,3.77000000000000002
0.02471591106887338,0.00182552861401870,0.09524460179336118,-0.45902826057905721,-0.95123012144667340,-2.13717677129734662,1.26000000000000001,3.77000000000000002
0.02466987539286157,0.00173041201567417,0.09503039878198749,-0.46168736608252481,-0.95110029810789420,-2.14689092989038377,1.26000000000000001,3.77000000000000002
0.02462357317211243,0.00163530886586409,0.09481522210460309,-0.46435917801586857,-0.95096113066945387,-2.15665017222287814,1.26000000000000001,3.77000000000000002
0.02457700312914126,0.00154022010506332,0.09459906722850038,-0.46704383356194823,-0.95081249744692120,-2.16645498617719445,1.26000000000000001,3.77000000000000002
0.02453016397263978,0.00144514668603210,0.09438192957181837,-0.46974147201652039,-0.95065427440778461,-2.17630586696234074,1.26000000000000001,3.77000000000000002
0.02448305439726271,0.00135008957405359,0.09416380450280280,-0.47245223483113463,-0.95048633511676184,-2.18620331726019579,1.26000000000000001,3.77000000000000002
0.02443567308341000,0.00125504974717696,0.09394468733905131,-0.47517626565710719,-0.95030855067957631,-2.19614784737535196,1.26000000000000001,3.77000000000000002
0.02438801869700460,0.00116002819646618,0.09372457334674360,-0.47791371039060387,-0.95012078968514846,-2.20613997538867457,1.26000000000000001,3.77000000000000002
0.02434008988926569,0.00106502592625460,0.09350345773985588,-0.48066471721886633,-0.94992291814615071,-2.21618022731469155,1.26000000000000001,3.77000000000000002
0.02429188529647719,0.00097004395440569,0.09328133567935956,-0.48342943666761556,-0.94971479943787218,-2.22626913726292619,1.26000000000000001,3.77000000000000002
0.02424340353975151,0.00087508331257985,0.09305820227240347,-0.48620802164966892,-0.94949629423533621,-2.23640724760328968,1.26000000000000001,3.77000000000000002
0.02419464322478835,0.00078014504650768,0.09283405257147935,-0.48900062751480772,-0.94926726044861265,-2.24659510913565974,1.26000000000000001,3.77000000000000002
0.02414560294162846,0.00068523021626980,0.09260888157357026,-0.49180741210093337,-0.94902755315626453,-2.25683328126376681,1.26000000000000001,3.77000000000000002
0.02409628126440222,0.00059033989658339,0.09238268421928128,-0.49462853578655230,-0.94877702453686641,-2.26712233217352299,1.26000000000000001,3.77000000000000002
0.02404667675107286,0.00049547517709569,0.09215545539195216,-0.49746416154463063,-0.94851552379852822,-2.27746283901592683,1.26000000000000001,3.77000000000000002
0.02399678794317432,0.00040063716268467,0.09192718991675154,-0.50031445499786120,-0.94824289710635756,-2.28785538809468525,1.26000000000000001,3.77000000000000002
0.02394661336554343,0.00030582697376705,0.09169788255975202,-0.50317958447538758,-0.94795898750778962,-2.29830057505869823,1.26000000000000001,3.77000000000000002
0.02389615152604636,0.00021104574661388,0.09146752802698585,-0.50605972107102992,-0.94766363485571137,-2.30879900509955638,1.26000000000000001,3.77000000000000002
0.02384540091529916,0.00011629463367392,0.09123612096348058,-0.50895503870306180,-0.94735667572930382,-2.31935129315420774,1.26000000000000001,3.77000000000000002
0.02379436000638231,0.00002157480390512,0.09100365595227414,-0.51186571417558535,-0.94703794335252334,-2.32995806411295536,1.26000000000000001,3.77000000000000002
0.02374302725454894,-0.00007311255688576,0.09077012751340889,-0.51479192724155709,-0.94670726751013956,-2.34061995303295456,1.26000000000000001,3.77000000000000002
0.02369140109692678,-0.00016776624569485,0.09053553010290402,-0.51773386066751748,-0.94636447446124405,-2.35133760535738068,1.26000000000000001,3.77000000000000002
0.02363947995221343,-0.00026238504196422,0.09029985811170577,-0.52069170030007805,-0.94600938685014102,-2.36211167714045223,1.26000000000000001,3.77000000000000002
0.02358726222036503,-0.00035696770721580,0.09006310586461477,-0.52366563513422426,-0.94564182361452664,-2.37294283527849048,1.26000000000000001,3.77000000000000002
0.02353474628227785,-0.00045151298467606,0.08982526761919010,-0.52665585738349241,-0.94526159989086156,-2.38383175774721368,1.26000000000000001,3.77000000000000002
0.02348193049946290,-0.00054601959889098,0.08958633756462912,-0.52966256255208288,-0.94486852691683543,-2.39477913384546737,1.26000000000000001,3.77000000000000002
0.02342881321371316,-0.00064048625533119,0.08934630982062279,-0.53268594950897263,-0.94446241193081848,-2.40578566444559350,1.26000000000000001,3.77000000000000002
0.02337539274676329,-0.00073491163998690,0.08910517843618543,-0.53572622056409325,-0.94404305806819266,-2.41685206225066240,1.26000000000000001,3.77000000000000002
0.02332166739994167,-0.00082929441895225,0.08886293738845856,-0.53878358154664396,-0.94361026425444772,-2.42797905205878806,1.26000000000000001,3.77000000000000002
0.02326763545381445,-0.00092363323799887,0.08861958058148785,-0.54185824188561060,-0.94316382509492458,-2.43916737103475878,1.26000000000000001,3.77000000000000002
0.02321329516782145,-0.00101792672213820,0.08837510184497255,-0.54495041469256400,-0.94270353076108293,-2.45041776898923036,1.26000000000000001,3.77000000000000002
0.02315864477990366,-0.00111217347517223,0.08812949493298662,-0.54806031684681600,-0.94222916687316494,-2.46173100866572758,1.26000000000000001,3.77000000000000002
0.02310368250612212,-0.00120637207923240,0.08788275352267078,-0.55118816908301316,-0.94174051437912076,-2.47310786603571886,1.26000000000000001,3.77000000000000002
0.02304840654026790,-0.00130052109430616,0.08763487121289457,-0.55433419608124990,-0.94123734942965720,-2.48454913060203531,1.26000000000000001,3.77000000000000002
0.02299281505346292,-0.00139461905775078,0.08738584152288774,-0.55749862655978988,-0.94071944324926415,-2.49605560571091489,1.26000000000000001,3.77000000000000002
0.02293690619375142,-0.00148866448379415,0.08713565789083991,-0.56068169337048401,-0.94018656200306616,-2.50762810887296617,1.26000000000000001,3.77000000000000002
0.02288067808568167,-0.00158265586302200,0.08688431367246770,-0.56388363359697946,-0.93963846665934248,-2.51926747209335522,1.26000000000000001,3.77000000000000002
0.02282412882987780,-0.00167659166185115,0.08663180213954835,-0.56710468865581676,-0.93907491284754929,-2.53097454221153306,1.26000000000000001,3.77000000000000002
0.02276725650260134,-0.00177047032198831,0.08637811647841895,-0.57034510440051722,-0.93849565071167262,-2.54275018125083507,1.26000000000000001,3.77000000000000002
0.02271005915530211,-0.00186429025987406,0.08612324978844008,-0.57360513122876500,-0.93790042475873125,-2.55459526677829230,1.26000000000000001,3.77000000000000002
0.02265253481415843,-0.00195804986611132,0.08586719508042306,-0.57688502419279475,-0.93728897370224262,-2.56651069227501161,1.26000000000000001,3.77000000000000002
0.02259468147960589,-0.00205174750487794,0.08560994527501958,-0.58018504311309882,-0.93666103030045555,-2.57849736751750136,1.26000000000000001,3.77000000000000002
0.02253649712585480,-0.00214538151332294,0.08535149320107255,-0.58350545269557308,-0.93601632118914346,-2.59055621897032040,1.26000000000000001,3.77000000000000002
0.02247797970039556,-0.00223895020094556,0.08509183159392725,-0.58684652265222614,-0.93535456670874584,-2.60268819019045905,1.26000000000000001,3.77000000000000002
0.02241912712349192,-0.00233245184895695,0.08483095309370131,-0.59020852782558053,-0.93467548072563278,-2.61489424224387035,1.26000000000000001,3.77000000000000002
0.02235993728766150,-0.00242588470962346,0.08456885024351254,-0.59359174831690165,-0.93397877044725863,-2.62717535413458503,1.26000000000000001,3.77000000000000002
0.02230040805714339,-0.00251924700559135,0.08430551548766303,-0.59699646961839392,-0.93326413623096083,-2.63953252324686849,1.26000000000000001,3.77000000000000002
0.02224053726735225,-0.00261253692919187,0.08404094116977852,-0.60042298274951189,-0.93253127138614644,-2.65196676580089097,1.26000000000000001,3.77000000000000002
0.02218032272431856,-0.00270575264172632,0.08377511953090143,-0.60387158439753863,-0.93177986196959972,-2.66447911732240650,1.26000000000000001,3.77000000000000002
0.02211976220411470,-0.00279889227273025,0.08350804270753620,-0.60734257706259065,-0.93100958657363009,-2.67707063312695537,1.26000000000000001,3.77000000000000002
0.02205885345226616,-0.00289195391921610,0.08323970272964551,-0.61083626920721679,-0.93022011610676625,-2.68974238881912564,1.26000000000000001,3.77000000000000002
0.02199759418314764,-0.00298493564489357,0.08297009151859572,-0.61435297541076350,-0.92941111356668993,-2.70249548080743773,1.26000000000000001,3.77000000000000002
0.02193598207936346,-0.00307783547936680,0.08269920088505009,-0.61789301652868944,-0.92858223380508687,-2.71533102683542982,1.26000000000000001,3.77000000000000002
0.02187401479111174,-0.00317065141730770,0.08242702252680803,-0.62145671985701711,-0.92773312328407809,-2.72825016652956265,1.26000000000000001,3.77000000000000002
0.02181168993553195,-0.00326338141760444,0.08215354802658865,-0.62504441930212096,-0.92686341982387743,-2.74125406196457133,1.26000000000000001,3.77000000000000002
0.02174900509603509,-0.00335602340248423,0.08187876884975696,-0.62865645555605798,-0.92597275234130583,-2.75434389824693815,1.26000000000000001,3.77000000000000002
0.02168595782161617,-0.00344857525660959,0.08160267634199073,-0.63229317627765680,-0.92506074057877230,-2.76752088411717123,1.26000000000000001,3.77000000000000002
0.02162254562614820,-0.00354103482614685,0.08132526172688610,-0.63595493627959110,-0.92412699482331584,-2.78078625257162271,1.26000000000000001,3.77000000000000002
0.02155876598765720,-0.00363339991780622,0.08104651610350018,-0.63964209772167424,-0.92317111561527954,-2.79414126150459907,1.26000000000000001,3.77000000000000002
0.02149461634757757,-0.00372566829785202,0.08076643044382817,-0.64335503031062147,-0.92219269344616872,-2.80758719437155690,1.26000000000000001,3.77000000000000002
0.02143009410998711,-0.00381783769108233,0.08048499559021323,-0.64709411150653817,-0.92119130844522179,-2.82112536087421439,1.26000000000000001,3.77000000000000002
0.02136519664082107,-0.00390990577977647,0.08020220225268662,-0.65085972673640524,-0.92016653005419968,-2.83475709766844153,1.26000000000000001,3.77000000000000002
0.02129992126706449,-0.00400187020260961,0.07991804100623595,-0.65465226961484391,-0.91911791668987408,-2.84848376909583667,1.26000000000000001,3.77000000000000002
0.02123426527592211,-0.00409372855353278,0.07963250228799895,-0.65847214217245764,-0.91804501539366878,-2.86230676793993810,1.26000000000000001,3.77000000000000002
0.02116822591396495,-0.00418547838061729,0.07934557639438046,-0.66231975509206020,-0.91694736146787981,-2.87622751620806083,1.26000000000000001,3.77000000000000002
0.02110180038625305,-0.00427711718486202,0.07905725347808981,-0.66619552795311721,-0.91582447809787215,-2.89024746593979964,1.26000000000000001,3.77000000000000002
0.02103498585543312,-0.00436864241896229,0.07876752354509603,-0.67009988948473975,-0.91467587595961797,-2.90436810004328416,1.26000000000000001,3.77000000000000002
0.02096777944081061,-0.00446005148603860,0.07847637645149799,-0.67403327782759048,-0.91350105281190908,-2.91859093316032681,1.26000000000000001,3.77000000000000002
0.02090017821739509,-0.00455134173832386,0.07818380190030655,-0.67799614080507409,-0.91229949307254166,-2.93291751256165778,1.26000000000000001,3.77000000000000002
0.02083217921491796,-0.00464251047580747,0.07788978943813551,-0.68198893620420808,-0.91107066737773312,-2.94734941907349857,1.26000000000000001,3.77000000000000002
0.02076377941682169,-0.00473355494483432,0.07759432845179853,-0.68601213206658496,-0.90981403212399370,-2.96188826803678484,1.26000000000000001,3.77000000000000002
0.02069497575921931,-0.00482447233665722,0.07729740816480814,-0.69006620698985910,-0.90852902899163068,-2.97653571030041819,1.26000000000000001,3.77000000000000002
0.02062576512982334,-0.00491525978594060,0.07699901763377388,-0.69415165044021410,-0.90721508444902321,-2.99129343324998942,1.26000000000000001,3.77000000000000002
0.02055614436684278,-0.00500591436921374,0.07669914574469568,-0.69826896307628761,-0.90587160923675436,-3.00616316187348742,1.26000000000000001,3.77000000000000002
0.02048611025784722,-0.00509643310327131,0.07639778120914865,-0.70241865708505524,-0.90449799783064133,-3.02114665986558562,1.26000000000000001,3.77000000000000002
0.02041565953859667,-0.00518681294351911,0.07609491256035565,-0.70660125653020200,-0.90309362788264891,-3.03624573077217885,1.26000000000000001,3.77000000000000002
0.02034478889183593,-0.00527705078226278,0.07579052814914308,-0.71081729771353563,-0.90165785963861722,-3.05146221917692406,1.26000000000000001,3.77000000000000002
0.02027349494605214,-0.00536714344693709,0.07548461613977604,-0.71506732955002450,-0.90019003533167430,-3.06679801193162804,1.26000000000000001,3.77000000000000002
0.02020177427419414,-0.00545708769827325,0.07517716450566804,-0.71935191395707487,-0.89868947855014114,-3.08225503943242263,1.26000000000000001,3.77000000000000002
0.02012962339235211,-0.00554688022840170,0.07486816102496080,-0.72367162625869264,-0.89715549357866931,-3.09783527694376781,1.26000000000000001,3.77000000000000002
0.02005703875839611,-0.00563651765888770,0.07455759327596916,-0.72802705560521042,-0.89558736471127942,-3.11354074597242381,1.26000000000000001,3.77000000000000002
0.01998401677057171,-0.00572599653869661,0.07424544863248596,-0.73241880540929527,-0.89398435553489319,-3.12937351569365196,1.26000000000000001,3.77000000000000002
0.01991055376605134,-0.00581531334208617,0.07393171425894163,-0.73684749379899317,-0.89234570818186953,-3.14533570443201960,1.26000000000000001,3.77000000000000002
0.01983664601943927,-0.00590446446642221,0.07361637710541281,-0.74131375408860400,-0.89067064254996986,-3.16142948119930889,1.26000000000000001,3.77000000000000002
0.01976228974122875,-0.00599344622991487,0.07329942390247435,-0.74581823526822733,-0.88895835548808388,-3.17765706729216779,1.26000000000000001,3.77000000000000002
0.01968748107620907,-0.00608225486927144,0.07298084115588824,-0.75036160251286288,-0.88720801994595122,-3.19402073795227803,1.26000000000000001,3.77000000000000002
0.01961221610182080,-0.00617088653726239,0.07266061514112343,-0.75494453771199910,-0.88541878408600649,-3.21052282409197076,1.26000000000000001,3.77000000000000002
0.01953649082645700,-0.00625933730019657,0.07233873189769967,-0.75956774002067629,-0.88358977035536590,-3.22716571408837449,1.26000000000000001,3.77000000000000002
0.01946030118770811,-0.00634760313530154,0.07201517722334831,-0.76423192643306381,-0.88172007451585210,-3.24395185564935584,1.26000000000000001,3.77000000000000002
0.01938364305054842,-0.00643567992800471,0.07168993666798280,-0.76893783237965163,-0.87980876462982738,-3.26088375775468986,1.26000000000000001,3.77000000000000002
0.01930651220546157,-0.00652356346911077,0.07136299552747122,-0.77368621234921819,-0.87785487999946765,-3.27796399267609173,1.26000000000000001,3.77000000000000002
0.01922890436650250,-0.00661124945187057,0.07103433883720259,-0.77847784053680336,-0.87585743005696537,-3.29519519807994365,1.26000000000000001,3.77000000000000002
0.01915081516929332,-0.00669873346893652,0.07070395136543872,-0.78331351151898576,-0.87381539320299062,-3.31258007921676922,1.26000000000000001,3.77000000000000002
0.01907224016895019,-0.00678601100919908,0.07037181760644254,-0.78819404095784085,-0.87172771559057516,-3.33012141120174121,1.26000000000000001,3.77000000000000002
0.01899317483793835,-0.00687307745449882,0.07003792177337362,-0.79312026633503518,-0.86959330985140215,-3.34782204139075246,1.26000000000000001,3.77000000000000002
0.01891361456385210,-0.00695992807620804,0.06970224779094115,-0.79809304771759981,-0.86741105376129479,-3.36568489185684383,1.26000000000000001,3.77000000000000002
0.01883355464711663,-0.00704655803167585,0.06936477928780407,-0.80311326855701659,-0.86517978884148961,-3.38371296197206295,1.26000000000000001,3.77000000000000002
0.01875299029860815,-0.00713296236052993,0.06902549958870743,-0.80818183652335152,-0.86289831889205881,-3.40190933110013249,1.26000000000000001,3.77000000000000002
0.01867191663718881,-0.00721913598082815,0.06868439170634376,-0.81329968437627131,-0.86056540845361107,-3.42027716140561600,1.26000000000000001,3.77000000000000002
0.01859032868715256,-0.00730507368505249,0.06834143833292748,-0.81846777087489475,-0.85817978119314242,-3.43881970078561894,1.26000000000000001,3.77000000000000002
0.01850822137557802,-0.00739077013593775,0.06799662183146971,-0.82368708172854832,-0.85574011820963758,-3.45754028593042761,1.26000000000000001,3.77000000000000002
0.01842558952958417,-0.00747621986212641,0.06764992422674027,-0.82895863059062613,-0.85324505625472657,-3.47644234551987052,1.26000000000000001,3.77000000000000002
0.01834242787348431,-0.00756141725364127,0.06730132719590301,-0.83428346009789045,-0.85069318586338460,-3.49552940356261610,1.26000000000000001,3.77000000000000002
0.01825873102583383,-0.00764635655716636,0.06695081205880971,-0.83966264295769777,-0.84808304938932211,-3.51480508288605487,1.26000000000000001,3.77000000000000002
0.01817449349636663,-0.00773103187112636,0.06659835976793713,-0.84509728308579413,-0.84541313893934578,-3.53427310878490397,1.26000000000000001,3.77000000000000002
0.01808970968281524,-0.00781543714055425,0.06624395089795092,-0.85058851679749203,-0.84268189420057293,-3.55393731283717562,1.26000000000000001,3.77000000000000002
0.01800437386760894,-0.00789956615173592,0.06588756563487917,-0.85613751405522576,-0.83988770015395731,-3.57380163689670782,1.26000000000000001,3.77000000000000002
0.01791848021444420,-0.00798341252662030,0.06552918376487749,-0.86174547977567584,-0.83702888466712022,-3.59387013727203763,1.26000000000000001,3.77000000000000002
0.01783202276472129,-0.00806696971698233,0.06516878466256641,-0.86741365519986657,-0.83410371595898680,-3.61414698910203969,1.26000000000000001,3.77000000000000002
0.01774499543384060,-0.00815023099832567,0.06480634727892100,-0.87314331932986478,-0.83111039992818470,-3.63463649093942376,1.26000000000000001,3.77000000000000002
0.01765739200735175,-0.00823318946351112,0.06444185012869118,-0.87893579043595382,-0.82804707733658434,-3.65534306955392330,1.26000000000000001,3.77000000000000002
0.01756920613694835,-0.00831583801609572,0.06407527127733023,-0.88479242763841892,-0.82491182083872783,-3.67627128496778521,1.26000000000000001,3.77000000000000002
0.01748043133630062,-0.00839816936336668,0.06370658832740761,-0.89071463256836303,-0.82170263184721226,-3.69742583573702399,1.26000000000000001,3.77000000000000002
0.01739106097671780,-0.00848017600905327,0.06333577840448069,-0.89670385111227857,-0.81841743722335347,-3.71881156449281036,1.26000000000000001,3.77000000000000002
0.01730108828263171,-0.00856185024569849,0.06296281814239885,-0.90276157524542877,-0.81505408578165572,-3.74043346375834673,1.26000000000000001,3.77000000000000002
0.01721050632689228,-0.00864318414667138,0.06258768366801121,-0.90888934495944940,-0.81161034459574011,-3.76229668205763845,1.26000000000000001,3.77000000000000002
0.01711930802586543,-0.00872416955779948,0.06221035058524841,-0.91508875028996572,-0.80808389509244294,-3.78440653033371222,1.26000000000000001,3.77000000000000002
0.01702748613432286,-0.00880479808859948,0.06183079395854615,-0.92136143345043597,-0.80447232891976350,-3.80676848869506967,1.26000000000000001,3.77000000000000002
0.01693503324011290,-0.00888506110308276,0.06144898829557690,-0.92770909107888178,-0.80077314357322693,-3.82938821351048642,1.26000000000000001,3.77000000000000002
0.01684194175860079,-0.00896494971011076,0.06106490752925382,-0.93413347660465518,-0.79698373776400810,-3.85227154487371859,1.26000000000000001,3.77000000000000002
0.01674820392686583,-0.00904445475327350,0.06067852499896872,-0.94063640274291827,-0.79310140651083738,-3.87542451446122804,1.26000000000000001,3.77000000000000002
0.01665381179764255,-0.00912356680026275,0.06028981343102368,-0.94721974412508725,-0.78912333593626338,-3.89885335380772791,1.26000000000000001,3.77000000000000002
0.01655875723299151,-0.00920227613170906,0.05989874491821295,-0.95388544007411158,-0.78504659774626773,-3.92256450302618065,1.26000000000000001,3.77000000000000002
0.01646303189768498,-0.00928057272945009,0.05950529089850961,-0.96063549753413868,-0.78086814337050459,-3.94656462000085950,1.26000000000000001,3.77000000000000002
0.01636662725229157,-0.00935844626419492,0.05910942213280788,-0.96747199416484664,-0.77658479773855082,-3.97086059008424286,1.26000000000000001,3.77000000000000002
0.01626953454594263,-0.00943588608254667,0.05871110868166928,-0.97439708161152849,-0.77219325266548922,-3.99545953633084006,1.26000000000000001,3.77000000000000002
0.01617174480876248,-0.00951288119334303,0.05831031988101697,-0.98141298896288365,-0.76769005981788807,-4.02036883030359693,1.26000000000000001,3.77000000000000002
0.01607324884394279,-0.00958942025327097,0.05790702431671936,-0.98852202640942022,-0.76307162322876143,-4.04559610349129262,1.26000000000000001,3.77000000000000002
0.01597403721944070,-0.00966549155170916,0.05750118979799961,-0.99572658911640910,-0.75833419132737467,-4.07114925937834826,1.26000000000000001,3.77000000000000002
0.01587410025927812,-0.00974108299474741,0.05709278332960373,-1.00302916132646214,-0.75347384844677301,-4.09703648621175276,1.26000000000000001,3.77000000000000002
0.01577342803441872,-0.00981618208832921,0.05668177108265517,-1.01043232070804434,-0.74848650576862519,-4.12326627051338690,1.26000000000000001,3.77000000000000002
0.01567201035319703,-0.00989077592045872,0.05626811836411865,-1.01793874296758102,-0.74336789166135742,-4.14984741138994817,1.26000000000000001,3.77000000000000002
0.01556983675127230,-0.00996485114240929,0.05585178958479090,-1.02555120674430755,-0.73811354136356910,-4.17678903569693372,1.26000000000000001,3.77000000000000002
0.01546689648107795,-0.01003839394886545,0.05543274822572969,-1.03327259880862865,-0.73271878596032547,-4.20410061411782898,1.26000000000000001,3.77000000000000002
0.01536317850073506,-0.01011139005692470,0.05501095680302646,-1.04110591958654153,-0.72717874059506860,-4.23179197822475750,1.26000000000000001,3.77000000000000002
0.01525867146239605,-0.01018382468387983,0.05458637683082087,-1.04905428903463349,-0.72148829185452268,-4.25987333859245521,1.26000000000000001,3.77000000000000002
0.01515336369998231,-0.01025568252369548,0.05415896878244804,-1.05712095289232022,-0.71564208425802900,-4.28835530404359311,1.26000000000000001,3.77000000000000002
0.01504724321627649,-0.01032694772208569,0.05372869204960119,-1.06530928934035840,-0.70963450577616793,-4.31724890211022938,1.26000000000000001,3.77000000000000002
0.01494029766932732,-0.01039760385009152,0.05329550489938353,-1.07362281609728472,-0.70345967229622164,-4.34656560080358911,1.26000000000000001,3.77000000000000002
0.01483251435812151,-0.01046763387604869,0.05285936442911357,-1.08206519798831025,-0.69711141094392570,-4.37631733179256699,1.26000000000000001,3.77000000000000002
0.01472388020747351,-0.01053702013582616,0.05242022651873771,-1.09064025502438633,-0.69058324216193623,-4.40651651510034448,1.26000000000000001,3.77000000000000002
0.01461438175208022,-0.01060574430120588,0.05197804578069222,-1.09935197103267956,-0.68386836043540089,-4.43717608543844744,1.26000000000000001,3.77000000000000002
0.01450400511968316,-0.01067378734626242,0.05153277550704469,-1.10820450288359029,-0.67695961354382173,-4.46830952030856121,1.26000000000000001,3.77000000000000002
0.01439273601327615,-0.01074112951158867,0.05108436761373090,-1.11720219036377078,-0.66984948020590018,-4.49993087001452619,1.26000000000000001,3.77000000000000002
0.01428055969229101,-0.01080775026619953,0.05063277258168866,-1.12634956674939768,-0.66253004597007537,-4.53205478974039355,1.26000000000000001,3.77000000000000002
0.01416746095268865,-0.01087362826693026,0.05017793939467339,-1.13565137013928275,-0.65499297718781890,-4.56469657386527761,1.26000000000000001,3.77000000000000002
0.01405342410587597,-0.01093874131512888,0.04971981547352276,-1.14511255561333880,-0.64722949288920562,-4.59787219270227521,1.26000000000000001,3.77000000000000002
0.01393843295636281,-0.01100306631042291,0.04925834660661767,-1.15473830828853119,-0.63923033436057530,-4.63159833186705061,1.26000000000000001,3.77000000000000002
0.01382247077806505,-0.01106657920131989,0.04879347687626553,-1.16453405735181947,-0.63098573220194643,-4.66589243450211733,1.26000000000000001,3.77000000000000002
0.01370552028915203,-0.01112925493237739,0.04832514858070819,-1.17450549115784297,-0.62248537061688525,-4.70077274660556643,1.26000000000000001,3.77000000000000002
0.01358756362532687,-0.01119106738765233,0.04785330215143035,-1.18465857348832815,-0.61371834865937858,-4.73625836573836967,1.26000000000000001,3.77000000000000002
0.01346858231141848,-0.01125198933011015,0.04737787606541592,-1.19499956108054128,-0.60467313813044332,-4.77236929341272198,1.26000000000000001,3.77000000000000002
0.01334855723115218,-0.01131199233664195,0.04689880675196759,-1.20553502254371914,-0.59533753778119225,-4.80912649149557758,1.26000000000000001,3.77000000000000002
0.01322746859495402,-0.01137104672830149,0.04641602849367021,-1.21627185879546684,-0.58569862343823642,-4.84655194299707404,1.26000000000000001,3.77000000000000002
0.01310529590562929,-0.01142912149533314,0.04592947332103910,-1.22721732516481419,-0.57574269362091890,-4.88466871765336563,1.26000000000000001,3.77000000000000002
0.01298201792174075,-0.01148618421651619,0.04543907090035157,-1.23837905532520942,-0.56545521016708000,-4.92350104275820843,1.26000000000000001,3.77000000000000002
0.01285761261849448,-0.01154220097229978,0.04494474841411221,-1.24976508723947255,-0.55482073332386073,-4.96307437974803989,1.26000000000000001,3.77000000000000002
0.01273205714592234,-0.01159713625114507,0.04444643043354870,-1.26138389131994999,-0.54382285069128378,-5.00341550710214999,1.26000000000000001,3.77000000000000002
0.01260532778412823,-0.01165095284842586,0.04394403878247613,-1.27324440103117875,-0.53244409932762971,-5.04455261018375811,1.26000000000000001,3.77000000000000002
0.01247739989534154,-0.01170361175716573,0.04343749239180140,-1.28535604618971022,-0.52066588023532601,-5.08651537872043580,1.26000000000000001,3.77000000000000002
0.01234824787249394,-0.01175507204980646,0.04292670714386542,-1.29772878924688007,-0.50846836434226006,-5.12933511270466624,1.26000000000000001,3.77000000000000002
0.01221784508400553,-0.01180529075010791,0.04241159570573828,-1.31037316487581612,-0.49583038897383169,-5.17304483758880718,1.26000000000000001,3.77000000000000002
0.01208616381443219,-0.01185422269417279,0.04189206735048977,-1.32330032322457525,-0.48272934367296311,-5.21767942975507548,1.26000000000000001,3.77000000000000002
0.01195317520058753,-0.01190182037946721,0.04136802776535392,-1.33652207724379468,-0.46914104406544344,-5.26327575336239306,1.26000000000000001,3.77000000000000002
0.01181884916270930,-0.01194803380056887,0.04083937884558878,-1.35005095455062762,-0.45503959228253266,-5.30987280981038090,1.26000000000000001,3.77000000000000002
0.01168315433019112,-0.01199281027021547,0.04030601847270153,-1.36390025435214812,-0.44039722223703776,-5.35751190121920118,1.26000000000000001,3.77000000000000002
0.01154605796134447,-0.01203609422404297,0.03976784027555980,-1.37808411002224562,-0.42518412779751719,-5.40623680950565610,1.26000000000000001,3.77000000000000002
0.01140752585659248,-0.01207782700719390,0.03922473337274184,-1.39261755800790965,-0.40936827161112138,-5.45609399284475938,1.26000000000000001,3.77000000000000002
0.01126752226442502,-0.01211794664073388,0.03867658209428796,-1.40751661383570381,-0.39291517198067100,-5.50713280154650420,1.26000000000000001,3.77000000000000002
0.01112600977936186,-0.01215638756553534,0.03812326568079853,-1.42279835609947725,-0.37578766479598602,-5.55940571565524344,1.26000000000000001,3.77000000000000002
0.01098294923107656,-0.01219308036096455,0.03756465795757796,-1.43848101943880935,-0.35794563704110788,-5.61296860690039701,1.26000000000000001,3.77000000000000002
0.01083829956372540,-0.01222795143533215,0.03700062698124265,-1.45458409766771579,-0.33934572783309297,-5.66788102799993521,1.26000000000000001,3.77000000000000002
0.01069201770440100,-0.01226092268463084,0.03643103465588986,-1.47112845838891282,-0.31994099227631045,-5.72420653275150926,1.26000000000000001,3.77000000000000002
0.01054405841948708,-0.01229191111557319,0.03585573631555623,-1.48813647063544074,-0.29968052261621403,-5.78201303085142637,1.26000000000000001,3.77000000000000002
0.01039437415752435,-0.01232082842834463,0.03527458026927200,-1.50563214732481709,-0.27850902022059487,-5.84137318197231803,1.26000000000000001,3.77000000000000002
0.01024291487700538,-0.01234758055378385,0.03468740730453010,-1.52364130459860103,-0.25636631076981958,-5.90236483432267622,1.26000000000000001,3.77000000000000002
0.01008962785729222,-0.01237206713887430,0.03409405014442742,-1.54219174046150242,-0.23318679365736061,-5.96507151372511579,1.26000000000000001,3.77000000000000002
0.00993445749058958,-0.01239418097344969,0.03349433285308537,-1.56131343554030710,-0.20889881493389803,-6.02958297020934175,1.26000000000000001,3.77000000000000002
0.00977734505260061,-0.01241380734985188,0.03288807018320188,-1.58103877926794345,-0.18342395110415610,-6.09599579024956206,1.26000000000000001,3.77000000000000002
0.00961822844913389,-0.01243082334589130,0.03227506685870910,-1.60140282537946188,-0.15667618861894606,-6.16441408412043845,1.26000000000000001,3.77000000000000002
0.00945704193550739,-0.01244509701979838,0.03165511678448562,-1.62244358130634003,-0.12856098088547327,-6.23495025944447967,1.26000000000000001,3.77000000000000002
0.00929371580509578,-0.01245648650385755,0.03102800217387258,-1.64420233690072948,-0.09897416090577585,-6.30772589391130278,1.26000000000000001,3.77000000000000002
0.00912817604277468,-0.01246483898100536,0.03039349258333403,-1.66672403894652188,-0.06780068306454580,-6.38287272243218418,1.26000000000000001,3.77000000000000002
0.00896034393830933,-0.01246998952575148,0.02975134384194292,-1.69005771916313452,-0.03491316188821732,-6.46053375673464014,1.26000000000000001,3.77000000000000002
0.00879013565389078,-0.01247175978722144,0.02910129686141342,-1.71425698493631629,-0.00017016848033828,-6.54086455870414341,1.26000000000000001,3.77000000000000002
0.00861746173900870,-0.01246995648776030,0.02844307631007662,-1.73938058388927530,0.03658576359860379,-6.62403469277143486,1.26000000000000001,3.77000000000000002
0.00844222658462636,-0.01246436970517175,0.02777638913143264,-1.76549305572861570,0.07553048252722715,-6.71022938748382192,1.26000000000000001,3.77000000000000002
0.00826432780714146,-0.01245477090002610,0.02710092288461336,-1.79266548768151379,0.11686098636306422,-6.79965144228668184,1.26000000000000001,3.77000000000000002
0.00808365555081138,-0.01244091064120486,0.02641634388014051,-1.82097639343750117,0.16079870734902035,-6.89252342272651131,1.26000000000000001,3.77000000000000002
0.00790009169511323,-0.01242251597249535,0.02572229507961775,-1.85051274002216193,0.20759342825330993,-6.98909019608117887,1.26000000000000001,3.77000000000000002
0.00771350895079263,-0.01239928734999597,0.02501839372227375,-1.88137115272699185,0.25752797728883714,-7.08962187021605317,1.26000000000000001,3.77000000000000002
0.00752376982499571,-0.01237089506352321,0.02430422863435269,-1.91365933545224287,0.31092388827298900,-7.19441721174148441,1.26000000000000001,3.77000000000000002
0.00733072543170032,-0.01233697503402523,0.02357935716895147,-1.94749775305813855,0.36814826557094854,-7.30380763590752835,1.26000000000000001,3.77000000000000002
0.00713421411843426,-0.01229712385170608,0.02284330171368622,-1.98302163419583199,0.42962216368350886,-7.41816188084965944,1.26000000000000001,3.77000000000000002
0.00693405987368645,-0.01225089288409558,0.02209554569110838,-2.02038336845608235,0.49583088570569261,-7.53789150367535754,1.26000000000000001,3.77000000000000002
0.00673007047107692,-0.01219778123681275,0.02133552896156465,-2.05975539169086819,0.56733673276363350,-7.66345736647898956,1.26000000000000001,3.77000000000000002
0.00652203529571356,-0.01213722728827086,0.02056264251957633,-2.10133367961779882,0.64479491165485614,-7.79537731781073173,1.26000000000000001,3.77000000000000002
0.00630972278450041,-0.01206859843739543,0.01977622235206334,-2.14534200449151768,0.72897355040615452,-7.93423532048327207,1.26000000000000001,3.77000000000000002
0.00609287739448933,-0.01199117859243827,0.01897554229902396,-2.19203715573531754,0.82077911127093239,-8.08069233059266878,1.26000000000000001,3.77000000000000002
0.00587121599034385,-0.01190415277733884,0.01815980572374272,-2.24171538714748442,0.92128897299933432,-8.23549929490418187,1.26000000000000001,3.77000000000000002
0.00564442351177478,-0.01180658802234717,0.01732813575952371,-2.29472043642094903,1.03179364826083408,-8.39951270141759032,1.26000000000000001,3.77000000000000002
0.00541214774189479,-0.01169740941162197,0.01647956385315071,-2.35145357523477827,1.15385211571082369,-8.57371318252175207,1.26000000000000001,3.77000000000000002
0.00517399294436462,-0.01157536974242089,0.01561301627294193,-2.41238630099515117,1.28936525030574489,-8.75922771145750900,1.26000000000000001,3.77000000000000002
0.00492951206624727,-0.01143901064657852,0.01472729819567150,-2.47807648890430121,1.44067460622248289,-8.95735590610973631,1.26000000000000001,3.77000000000000002
0.00467819710828854,-0.01128661213773796,0.01382107494276423,-2.54918910357479822,1.61069729933540251,-9.16960076369573862,1.26000000000000001,3.77000000000000002
0.00441946713661570,-0.01111612622015058,0.01289284992729108,-2.62652294266451936,1.80311321749563658,-9.39770359279729917,1.26000000000000001,3.77000000000000002
0.00415265323954917,-0.01092508816796566,0.01194093895492240,-2.71104536386983064,2.02262957889357420,-9.64368155387099613,1.26000000000000001,3.77000000000000002
0.00387697951034845,-0.01071049592130107,0.01096344081445494,-2.80393751032271776,2.27536229729274453,-9.90986313589092482,1.26000000000000001,3.77000000000000002
0.00359153885784970,-0.01046864299223090,0.00995820485835286,-2.90665306650414124,2.56939793140552197,-10.19891003818340813,1.26000000000000001,3.77000000000000002
0.00329526213534487,-0.01019488199020077,0.00892279808806855,-3.02099358803225337,2.91564206920984592,-10.51379865907490796,1.26000000000000001,3.77000000000000002
0.00298687884176065,-0.00988328191872960,0.00785447842800657,-3.14920155284233205,3.32913484359058565,-10.85769985735261756,1.26000000000000001,3.77000000000000002
0.00266486784849157,-0.00952611819085706,0.00675019044684456,-3.29406435181605506,3.83115111213190618,-11.23361533131999579,1.26000000000000001,3.77000000000000002
0.00232739834378376,-0.00911309112139919,0.00560662219375909,-3.45899624693174657,4.45265891368107170,-11.64343495797713501,1.26000000000000001,3.77000000000000002
0.00197226780544638,-0.00863008967253488,0.00442041603570559,-3.64798354933331481,5.24019404049000848,-12.08558847388073687,1.26000000000000001,3.77000000000000002
0.00159686565666169,-0.00805717126752578,0.00318876357133797,-3.86502175664917269,6.26609816418631649,-12.54915396320050291,1.26000000000000001,3.77000000000000002
0.00119826170542562,-0.00736516783678640,0.00191098065091265,-4.11184204124180841,7.64644141429980539,-12.99858682014661149,1.26000000000000001,3.77000000000000002
0.00077375014175754,-0.00650995227605404,0.00059268679343426,-4.37992554281468749,9.57018259070223642,-13.33238001693667130,1.26000000000000001,3.77000000000000002
0.00032295762719738,-0.00542350828319689,-0.00074283419158945,-4.62342570540956999,12.32785921922978112,-13.26844872412002907,1.26000000000000001,3.77000000000000002
-0.00014493633183526,-0.00400628369267396,-0.00202407521578769,-4.67519504158928090,16.20975489682220427,-12.05821169022652306,1.26000000000000001,3.77000000000000002
