3.14159,0,0,0
3.14159,0.00312269,9.99959e-07,0.000199992
-3.14153,0.00680558,3.99983e-06,0.000399983
-3.14147,0.00372325,8.99963e-06,0.000599975
-3.14144,0.0019623,1.59993e-05,0.000799967
-3.14144,0.00119826,2.4999e-05,0.000999959
-3.1415,-0.00992265,3.59985e-05,0.00119995
3.14158,-0.00904371,4.8998e-05,0.00139994
3.14148,-0.011214,6.39974e-05,0.00159993
3.14139,-0.00557928,8.09967e-05,0.00179993
3.14137,0.00271208,9.99959e-05,0.00199992
3.14142,0.00490887,0.00012099,0.00219891
3.14146,0.00199598,0.000143974,0.0023979
3.14151,0.00713361,0.000168948,0.00259689
-3.14158,0.0090531,0.000195912,0.00279588
-3.14153,0.000227001,0.000224866,0.00299487
-3.14155,-0.00283369,0.000255809,0.00319386
3.14159,-0.00404693,0.000288743,0.00339285
3.14156,0.00205465,0.000323666,0.00359185
3.14156,-0.0010376,0.00036058,0.00379084
3.14152,-0.00900197,0.000399483,0.00398983
3.1414,-0.0179912,0.000440573,0.00422808
3.14118,-0.0221586,0.000484045,0.00446632
3.14095,-0.0283813,0.000529899,0.00470457
3.14067,-0.0232994,0.000578136,0.00494282
3.14045,-0.0189604,0.000628756,0.00518107
3.14023,-0.024753,0.000681757,0.00541932
3.13992,-0.0359566,0.000737142,0.00565756
3.13958,-0.0339604,0.000794909,0.00589581
3.13925,-0.0315619,0.000855058,0.00613406
3.13894,-0.0306586,0.00091759,0.00637231
3.13868,-0.0218579,0.000982867,0.0066831
3.13847,-0.0198469,0.00105125,0.0069939
3.13827,-0.0150789,0.00112274,0.00730469
3.13809,-0.0202639,0.00119735,0.00761548
3.1379,-0.0193463,0.00127505,0.00792627
3.13769,-0.0187475,0.00135587,0.00823707
3.13754,-0.0107855,0.0014398,0.00854786
3.13747,0.000152627,0.00152683,0.00885865
3.13751,0.00744286,0.00161697,0.00916945
3.13757,0.00386607,0.00171022,0.00948024
3.13763,0.0127693,0.00180609,0.00969437
3.1378,0.0232764,0.0019041,0.00990849
3.13801,0.018561,0.00200426,0.0101226
3.13823,0.027945,0.00210656,0.0103368
3.13851,0.0314954,0.002211,0.0105509
3.13884,0.0335442,0.00231757,0.010765
3.13917,0.0303053,0.0024263,0.0109791
3.13948,0.037102,0.00253716,0.0111933
3.13986,0.040832,0.00265016,0.0114074
3.14022,0.0356532,0.00276531,0.0116215
3.14057,0.0318792,0.00288213,0.0117435
3.14085,0.021377,0.00300018,0.0118655
3.14111,0.0283129,0.00311944,0.0119875
3.1414,0.0322744,0.00323993,0.0121095
-3.14144,0.037887,0.00336163,0.0122316
-3.14104,0.0423912,0.00348456,0.0123536
-3.14061,0.0443707,0.0036087,0.0124756
-3.14013,0.0475078,0.00373407,0.0125976
-3.13961,0.0542367,0.00386065,0.0127196
-3.13908,0.0528958,0.00398846,0.0128416
-3.13855,0.0568493,0.00414626,0.0187178
-3.138,0.0536167,0.00436282,0.0245941
-3.13746,0.0596714,0.00463814,0.0304703
-3.13678,0.0695693,0.00497222,0.0363465
-3.13609,0.0682875,0.00536507,0.0422228
-3.13541,0.072281,0.00581668,0.048099
-3.13471,0.0706826,0.00632705,0.0539753
-3.13398,0.0767795,0.00689618,0.0598515
-3.13316,0.0845016,0.00752408,0.0657277
-3.13232,0.0828132,0.00821074,0.071604
-3.13145,0.0912039,0.00895659,0.0775673
-3.13054,0.0922696,0.00976208,0.0835306
-3.12961,0.0951925,0.0106272,0.0894939
-3.12861,0.102435,0.011552,0.0954573
-3.12753,0.116735,0.0125364,0.101421
-3.1263,0.128489,0.0135804,0.107384
-3.12499,0.131676,0.014684,0.113347
-3.12358,0.150783,0.0158473,0.119311
-3.12205,0.154171,0.0170702,0.125274
-3.12051,0.153324,0.0183528,0.131237
-3.11896,0.159583,0.0196948,0.137165
-3.11731,0.165298,0.0210961,0.143093
-3.11563,0.170809,0.0225567,0.149022
-3.11391,0.170473,0.0240765,0.15495
-3.11219,0.174768,0.0256557,0.160878
-3.11037,0.1915,0.0272941,0.166806
-3.10847,0.187944,0.0289918,0.172734
-3.10658,0.191111,0.0307488,0.178662
-3.10462,0.204903,0.032565,0.18459
-3.10254,0.213808,0.0344406,0.190518
-3.10039,0.217794,0.0363754,0.196438
-3.09823,0.218411,0.0383693,0.202358
-3.09602,0.224473,0.0404225,0.208278
-3.09378,0.224019,0.0425349,0.214198
-3.09151,0.229161,0.0447065,0.220118
-3.08922,0.228376,0.0469373,0.226038
-3.08689,0.237408,0.0492272,0.231958
-3.08448,0.245526,0.0515764,0.237878
-3.08202,0.247976,0.0539848,0.243798
-3.07953,0.247727,0.0564524,0.249718
-3.07705,0.246972,0.0589795,0.255703
-3.07452,0.25771,0.0615664,0.261688
-3.07189,0.263668,0.0642132,0.267673
-3.06923,0.265124,0.0669199,0.273658
-3.06658,0.26973,0.0696864,0.279643
-3.06383,0.276493,0.0725127,0.285628
-3.06105,0.280407,0.0753989,0.291613
-3.05827,0.281816,0.078345,0.297598
-3.05544,0.281053,0.0813509,0.303582
-3.05263,0.280615,0.0844166,0.309567
-3.0498,0.28565,0.0875425,0.315612
-3.0469,0.292012,0.0907289,0.321657
-3.04398,0.293042,0.0939757,0.327702
-3.04101,0.29639,0.0972829,0.333747
-3.03803,0.298738,0.100651,0.339792
-3.03508,0.295663,0.104079,0.345837
-3.03212,0.29239,0.107567,0.351882
-3.02918,0.300223,0.111116,0.357927
-3.0262,0.298224,0.114726,0.363972
-3.0232,0.303718,0.118396,0.370017
-3.0201,0.308555,0.122127,0.376145
-3.017,0.313655,0.125919,0.382272
-3.01382,0.320117,0.129772,0.388399
-3.01057,0.326865,0.133687,0.394526
-3.00728,0.332676,0.137663,0.400653
-3.00392,0.339304,0.1417,0.40678
-3.00047,0.34665,0.145798,0.412907
-2.99694,0.357148,0.149958,0.419034
-2.99329,0.368212,0.154179,0.425162
-2.98956,0.374795,0.158461,0.431289
-2.98581,0.376896,0.162804,0.437343
-2.98204,0.373276,0.167208,0.443398
-2.9783,0.371199,0.171672,0.449452
-2.97458,0.377392,0.176197,0.455507
-2.97076,0.382402,0.180782,0.461561
-2.96692,0.382519,0.185428,0.467616
-2.96307,0.383977,0.190135,0.47367
-2.95923,0.38723,0.194902,0.479725
-2.9554,0.377426,0.199729,0.485779
-2.95159,0.385048,0.204617,0.491834
-2.94769,0.397133,0.209566,0.497986
-2.94374,0.396415,0.214577,0.504139
-2.93971,0.409301,0.219649,0.510291
-2.93561,0.4151,0.224783,0.516444
-2.93142,0.426417,0.229978,0.522596
-2.9271,0.437762,0.235235,0.528749
-2.92276,0.433249,0.240553,0.534901
-2.91838,0.443908,0.245933,0.541054
-2.91388,0.455044,0.251374,0.547206
-2.90933,0.454658,0.256877,0.553359
-2.90482,0.447376,0.262393,0.549809
-2.90032,0.450377,0.267873,0.54626
-2.89584,0.446163,0.273318,0.542711
-2.89138,0.442731,0.278727,0.539162
-2.88696,0.440794,0.284101,0.535612
-2.88255,0.442564,0.28944,0.532063
-2.87817,0.434013,0.294742,0.528514
-2.87387,0.426492,0.30001,0.524964
-2.86962,0.42485,0.305242,0.521415
-2.86542,0.412153,0.310438,0.517866
-2.8613,0.408994,0.315599,0.514263
-2.8572,0.41304,0.320723,0.51066
-2.85311,0.404575,0.325812,0.507058
-2.84909,0.397185,0.330865,0.503455
-2.84521,0.381204,0.335881,0.499852
-2.84144,0.369305,0.340862,0.49625
-2.8378,0.361798,0.345806,0.492647
-2.83425,0.348379,0.350715,0.489044
-2.83084,0.336387,0.355587,0.485442
-2.82748,0.333592,0.360423,0.481839
-2.8242,0.324884,0.365224,0.478275
-2.82102,0.313586,0.369989,0.47471
-2.81789,0.312803,0.374718,0.471146
-2.81481,0.307633,0.379412,0.467581
-2.81177,0.297468,0.38407,0.464017
-2.80886,0.288426,0.388692,0.460452
-2.80603,0.278751,0.393279,0.456888
-2.80332,0.269539,0.39783,0.453323
-2.80063,0.26757,0.402345,0.449759
-2.79797,0.263989,0.406825,0.446194
-2.79535,0.256013,0.411269,0.442638
-2.79279,0.253118,0.415678,0.439082
-2.79027,0.249645,0.420051,0.435526
-2.78779,0.246614,0.424388,0.43197
-2.78529,0.254165,0.42869,0.428414
-2.78275,0.251919,0.432957,0.424859
-2.78026,0.245549,0.437187,0.421303
-2.77783,0.238233,0.441383,0.417747
-2.77551,0.227511,0.445542,0.414191
-2.7733,0.21671,0.449667,0.410635
-2.77112,0.216834,0.453755,0.407016
-2.76898,0.210852,0.457807,0.403397
-2.76689,0.209027,0.461823,0.399779
-2.7648,0.208445,0.465802,0.39616
-2.76273,0.203078,0.469746,0.392541
-2.76075,0.19633,0.473653,0.388922
-2.75883,0.187713,0.477524,0.385304
-2.75697,0.185087,0.481359,0.381685
-2.75514,0.17785,0.485158,0.378066
-2.7534,0.172175,0.488921,0.374447
-2.75169,0.168549,0.492647,0.370754
-2.75004,0.159478,0.496336,0.367061
-2.74856,0.136173,0.499988,0.363367
-2.74722,0.134446,0.503603,0.359674
-2.74586,0.133598,0.507181,0.355981
-2.74456,0.127783,0.510723,0.352288
-2.74333,0.117268,0.514227,0.348594
-2.74216,0.113908,0.517695,0.344901
-2.74102,0.112654,0.521125,0.341208
-2.73993,0.104438,0.524519,0.337514
-2.7389,0.101376,0.527875,0.333809
-2.73789,0.0994351,0.531195,0.330104
-2.737,0.080786,0.534477,0.326398
-2.73625,0.0680541,0.537723,0.322693
-2.73563,0.0569561,0.540931,0.318987
-2.73511,0.0483718,0.544103,0.315282
-2.73468,0.0360457,0.547237,0.311577
-2.73436,0.0268086,0.550334,0.307871
-2.73412,0.017989,0.553394,0.304166
-2.73403,0.000105875,0.556417,0.30046
-2.73405,-0.00443652,0.559404,0.296838
-2.73411,-0.0120391,0.562354,0.293215
-2.73425,-0.0169529,0.565268,0.289592
-2.73447,-0.0249304,0.568146,0.285969
-2.73476,-0.0339802,0.570988,0.282347
-2.73507,-0.0288581,0.573793,0.278724
-2.73536,-0.0326127,0.576562,0.275101
-2.73575,-0.0436976,0.579295,0.271478
-2.73624,-0.0529484,0.581992,0.267856
-2.73686,-0.066143,0.584652,0.264233
-2.73757,-0.0745992,0.587276,0.260592
-2.73836,-0.0865399,0.589864,0.256951
-2.73931,-0.104097,0.592415,0.25331
-2.7404,-0.112874,0.59493,0.249669
-2.74154,-0.118414,0.597409,0.246028
-2.74271,-0.117202,0.599851,0.242387
-2.74396,-0.131569,0.602256,0.238746
-2.74528,-0.133825,0.604626,0.235106
-2.74669,-0.14848,0.606958,0.231465
-2.74824,-0.160837,0.609255,0.227824
-2.74985,-0.16483,0.611515,0.224246
-2.75151,-0.163945,0.61374,0.220668
-2.75318,-0.168602,0.615929,0.21709
-2.75495,-0.18428,0.618082,0.213512
-2.75686,-0.199916,0.620199,0.209934
-2.75892,-0.212194,0.62228,0.206356
-2.76114,-0.227874,0.624326,0.202778
-2.76343,-0.234108,0.626336,0.1992
-2.76577,-0.23836,0.62831,0.195622
-2.7682,-0.24268,0.630248,0.192044
-2.77066,-0.249344,0.632151,0.188497
-2.77313,-0.249479,0.634018,0.184951
-2.77564,-0.25197,0.63585,0.181405
-2.77817,-0.255012,0.637646,0.177859
-2.78076,-0.260702,0.639407,0.174313
-2.78339,-0.264916,0.641133,0.170767
-2.7861,-0.276775,0.642823,0.16722
-2.78893,-0.286707,0.644477,0.163674
-2.79183,-0.293835,0.646096,0.160128
-2.79478,-0.297402,0.64768,0.156582
-2.79777,-0.300277,0.649227,0.152997
-2.80082,-0.305216,0.65074,0.149413
-2.8039,-0.312099,0.652216,0.145828
-2.80711,-0.3279,0.653656,0.142243
-2.81047,-0.340561,0.655061,0.138659
-2.8139,-0.349846,0.656429,0.135074
-2.8174,-0.351664,0.657762,0.13149
-2.82097,-0.362677,0.659059,0.127905
-2.82462,-0.368114,0.66032,0.12432
-2.82835,-0.383291,0.661545,0.120736
-2.83224,-0.392636,0.662735,0.117205
-2.83621,-0.40186,0.66389,0.113675
-2.84031,-0.417615,0.665009,0.110144
-2.84453,-0.427316,0.666092,0.106613
-2.84883,-0.428073,0.667141,0.103083
-2.85317,-0.438842,0.668154,0.0995523
-2.85758,-0.445473,0.669132,0.0960217
-2.86207,-0.452095,0.670075,0.0924911
-2.86662,-0.459848,0.670982,0.0889606
-2.87123,-0.465431,0.671854,0.08543
-2.87594,-0.475571,0.672691,0.0819563
-2.88072,-0.481595,0.673493,0.0784825
-2.88554,-0.482857,0.67426,0.0750088
-2.89038,-0.487513,0.674993,0.071535
-2.89532,-0.502762,0.675691,0.0680613
-2.90039,-0.50844,0.676354,0.0645875
-2.90547,-0.509413,0.676983,0.0611138
-2.9106,-0.509607,0.677577,0.05764
-2.91569,-0.508931,0.678136,0.0541663
-2.9208,-0.516385,0.67866,0.0506925
-2.92596,-0.512732,0.679149,0.0471976
-2.93112,-0.520323,0.679604,0.0437026
-2.93629,-0.518808,0.680023,0.0402077
-2.94148,-0.522913,0.680408,0.0367127
-2.94673,-0.527657,0.680758,0.0332178
-2.95206,-0.537978,0.681072,0.0297228
-2.95752,-0.549819,0.681352,0.0262279
-2.96303,-0.554935,0.681597,0.0227329
-2.96861,-0.557222,0.681807,0.019238
-2.97417,-0.557599,0.681982,0.015743
-2.97973,-0.555033,0.682121,0.0122066
-2.98526,-0.551794,0.682226,0.00867009
-2.99084,-0.564161,0.682295,0.00513361
-2.99656,-0.581671,0.682328,0.00159713
-3.00245,-0.593465,0.682327,-0.00193935
-3.00841,-0.602199,0.68229,-0.00547582
-3.01443,-0.603647,0.682217,-0.0090123
-3.02046,-0.605748,0.682109,-0.0125488
-3.02652,-0.605221,0.681966,-0.0160853
-3.03257,-0.604348,0.681788,-0.0196217
-3.03866,-0.613922,0.681574,-0.0231689
-3.04479,-0.612762,0.681324,-0.026716
-3.05097,-0.61841,0.681039,-0.0302632
-3.05717,-0.62377,0.680719,-0.0338103
-3.06346,-0.629695,0.680363,-0.0373575
-3.06978,-0.637413,0.679972,-0.0409047
-3.07613,-0.636873,0.679545,-0.0444518
-3.08252,-0.643165,0.679083,-0.047999
-3.08898,-0.646662,0.678585,-0.0515461
-3.09542,-0.642597,0.678052,-0.0550933
-3.10185,-0.642562,0.677483,-0.05866
-3.10823,-0.637678,0.676879,-0.0622267
-3.11464,-0.643959,0.676239,-0.0657935
-3.12112,-0.655115,0.675563,-0.0693602
-3.12769,-0.662675,0.674851,-0.0729269
-3.13436,-0.667,0.674104,-0.0764936
-3.14109,-0.677987,0.673322,-0.0800604
3.13529,-0.684633,0.672503,-0.0836271
3.12838,-0.693147,0.671649,-0.0871938
3.1214,-0.698606,0.670759,-0.0907606
3.11435,-0.710437,0.669834,-0.0942801
3.10724,-0.712029,0.668874,-0.0977997
3.1001,-0.713759,0.667878,-0.101319
3.09295,-0.719304,0.666847,-0.104839
3.08576,-0.71741,0.665781,-0.108358
3.0786,-0.716587,0.66468,-0.111878
3.07141,-0.721874,0.663544,-0.115398
3.06421,-0.719328,0.662372,-0.118917
3.05699,-0.724525,0.661165,-0.122437
3.04971,-0.731448,0.659923,-0.125956
3.04237,-0.739402,0.658646,-0.129474
3.03498,-0.735316,0.657334,-0.132992
3.02761,-0.736689,0.655986,-0.13651
3.02022,-0.739628,0.654604,-0.140028
3.0128,-0.743876,0.653186,-0.143546
3.00532,-0.750263,0.651733,-0.147064
2.99781,-0.752771,0.650245,-0.150581
2.99021,-0.766101,0.648721,-0.154099
2.98253,-0.77207,0.647163,-0.157617
2.97476,-0.780727,0.645569,-0.161135
2.96696,-0.777024,0.64394,-0.164583
2.95918,-0.779592,0.642277,-0.168031
2.95138,-0.778978,0.64058,-0.171479
2.94356,-0.789231,0.638848,-0.174927
2.93568,-0.787581,0.637081,-0.178375
2.92779,-0.789495,0.63528,-0.181823
2.91992,-0.785729,0.633445,-0.185271
2.91203,-0.791413,0.631575,-0.188719
2.9041,-0.794768,0.62967,-0.192167
2.89612,-0.797658,0.627731,-0.195615
2.88813,-0.795595,0.625758,-0.199066
2.88017,-0.801107,0.62375,-0.202517
2.87217,-0.795037,0.621708,-0.205968
2.86426,-0.790024,0.619631,-0.209419
2.85639,-0.784642,0.617519,-0.21287
2.84852,-0.790137,0.615373,-0.216321
2.8406,-0.791747,0.613193,-0.219771
2.83274,-0.784135,0.610978,-0.223222
2.82484,-0.788743,0.608728,-0.226673
2.817,-0.781248,0.606444,-0.230124
2.80918,-0.782679,0.604126,-0.233655
2.80133,-0.785508,0.601771,-0.237185
2.79346,-0.790196,0.599382,-0.240716
2.78558,-0.785283,0.596957,-0.244246
2.7777,-0.786754,0.594497,-0.247777
2.76985,-0.785463,0.592001,-0.251307
2.762,-0.785318,0.589471,-0.254838
2.75415,-0.782904,0.586905,-0.258368
2.74636,-0.776617,0.584303,-0.261899
2.7386,-0.776872,0.581667,-0.265429
2.73082,-0.775993,0.578995,-0.268979
2.72304,-0.779531,0.576287,-0.272528
2.7153,-0.773452,0.573544,-0.276077
2.70758,-0.769311,0.570766,-0.279627
2.69989,-0.767711,0.567952,-0.283176
2.69223,-0.764871,0.565102,-0.286725
2.68457,-0.764197,0.562217,-0.290275
2.6769,-0.769748,0.559297,-0.293824
2.66921,-0.770072,0.556341,-0.297373
2.6615,-0.772286,0.553349,-0.300923
2.65375,-0.773855,0.550322,-0.30447
2.64605,-0.769138,0.54726,-0.308017
2.6383,-0.780192,0.544162,-0.311564
2.63045,-0.787803,0.541028,-0.315112
2.6226,-0.786146,0.53786,-0.318659
2.61476,-0.781688,0.534655,-0.322206
2.60688,-0.793764,0.531415,-0.325753
2.59897,-0.789463,0.52814,-0.3293
2.59104,-0.797534,0.524829,-0.332848
2.58309,-0.788972,0.521483,-0.336395
2.57518,-0.791453,0.518096,-0.341048
2.56731,-0.778342,0.514662,-0.345701
2.5595,-0.783429,0.511182,-0.350353
2.55168,-0.778093,0.507655,-0.355006
2.54393,-0.773875,0.504082,-0.359659
2.53618,-0.774148,0.500462,-0.364312
2.52842,-0.777599,0.496796,-0.368965
2.52065,-0.776569,0.493083,-0.373618
2.51291,-0.772179,0.489323,-0.37827
2.50515,-0.778626,0.485517,-0.382923
2.49735,-0.781412,0.481665,-0.387574
2.48959,-0.774813,0.477766,-0.392226
2.48181,-0.78152,0.47382,-0.396877
2.474,-0.779145,0.469828,-0.401528
2.46619,-0.77796,0.46579,-0.40618
2.4584,-0.781507,0.461705,-0.410831
2.45064,-0.772096,0.457573,-0.415482
2.44292,-0.766492,0.453395,-0.420134
2.43528,-0.761454,0.44917,-0.424785
2.4277,-0.755932,0.444899,-0.429436
2.42017,-0.752477,0.440582,-0.434096
2.41271,-0.741941,0.436217,-0.438756
2.40526,-0.745721,0.431807,-0.443416
2.39782,-0.741126,0.427349,-0.448076
2.39041,-0.739191,0.422845,-0.452736
2.38301,-0.738783,0.418294,-0.457395
2.37566,-0.732972,0.413697,-0.462055
2.3683,-0.73533,0.409053,-0.466715
2.36092,-0.740462,0.404363,-0.471375
2.3535,-0.744659,0.399626,-0.476035
2.34603,-0.746203,0.394842,-0.48065
2.33859,-0.742162,0.390013,-0.485265
2.33116,-0.738201,0.385137,-0.48988
2.32383,-0.729181,0.380215,-0.494495
2.31655,-0.727318,0.375247,-0.49911
2.30933,-0.717255,0.370233,-0.503725
2.30216,-0.717307,0.365173,-0.50834
2.29505,-0.707011,0.360066,-0.512955
2.288,-0.703337,0.354914,-0.51757
2.28096,-0.703101,0.349715,-0.522185
2.27396,-0.697508,0.34447,-0.526822
2.26702,-0.687409,0.339178,-0.53146
2.26013,-0.689614,0.333841,-0.536098
2.25326,-0.683616,0.328456,-0.540735
2.24649,-0.672028,0.323026,-0.545373
2.23973,-0.674618,0.317549,-0.55001
2.23302,-0.668027,0.312026,-0.554648
2.22637,-0.66173,0.306456,-0.559286
2.21978,-0.658815,0.30084,-0.563923
2.21323,-0.654513,0.295178,-0.568561
2.20671,-0.650377,0.289469,-0.573223
2.20023,-0.645545,0.283713,-0.577886
2.19376,-0.645191,0.277911,-0.582548
2.1874,-0.630402,0.272062,-0.58721
2.18112,-0.624913,0.266167,-0.591873
2.17491,-0.619256,0.260225,-0.596535
2.16873,-0.614808,0.254236,-0.601198
2.16257,-0.615629,0.248201,-0.60586
2.15645,-0.606447,0.242119,-0.610522
2.15043,-0.599576,0.23599,-0.615185
2.14449,-0.588265,0.229815,-0.619872
2.13867,-0.577141,0.223593,-0.624559
2.13294,-0.570579,0.217324,-0.629246
2.12725,-0.566905,0.211008,-0.633933
2.12161,-0.564563,0.204645,-0.63862
2.116,-0.559429,0.198236,-0.643307
2.11039,-0.559863,0.191779,-0.647994
2.10487,-0.545839,0.185276,-0.652681
2.09945,-0.538541,0.178725,-0.657368
2.09406,-0.536815,0.172128,-0.662056
2.08868,-0.536455,0.165484,-0.666776
2.0833,-0.536753,0.158793,-0.671497
2.07796,-0.533737,0.152054,-0.676217
2.07267,-0.521159,0.145268,-0.680938
2.06747,-0.519727,0.138435,-0.685659
2.06234,-0.503866,0.131555,-0.690379
2.05732,-0.502248,0.124628,-0.6951
2.05234,-0.495795,0.117653,-0.699821
2.04737,-0.495749,0.110631,-0.704541
2.04246,-0.48532,0.103562,-0.709262
2.03764,-0.479483,0.0964463,-0.713965
2.0329,-0.472828,0.0892831,-0.718668
2.02818,-0.471583,0.0820729,-0.723371
2.02348,-0.467182,0.0748157,-0.728073
2.01886,-0.457766,0.0675114,-0.732776
2.0143,-0.454067,0.0601602,-0.737479
2.00982,-0.440308,0.0527619,-0.742182
2.00541,-0.438982,0.0453165,-0.746885
2.00106,-0.430041,0.0378242,-0.751588
1.99676,-0.426849,0.0302848,-0.756291
1.99256,-0.414294,0.0226984,-0.760986
1.98845,-0.404537,0.015065,-0.765681
1.98441,-0.399356,0.00738476,-0.770376
1.98045,-0.390665,-0.000342475,-0.775071
1.97657,-0.390085,-0.00811666,-0.779766
1.97271,-0.381989,-0.0159378,-0.784461
1.96897,-0.369358,-0.0238059,-0.789156
1.96532,-0.363226,-0.0317209,-0.793851
1.96175,-0.352419,-0.0396829,-0.798545
1.95826,-0.347637,-0.0476918,-0.80324
1.95479,-0.346887,-0.0557479,-0.807979
1.95132,-0.350622,-0.0638514,-0.812718
1.94791,-0.330814,-0.0720023,-0.817457
1.94463,-0.324978,-0.0802005,-0.822196
1.94141,-0.315123,-0.0884462,-0.826935
1.93827,-0.310948,-0.0967393,-0.831674
1.9352,-0.305068,-0.10508,-0.836413
1.93216,-0.3023,-0.113468,-0.841152
1.92918,-0.291598,-0.121903,-0.845891
1.92631,-0.281948,-0.130385,-0.85063
1.9235,-0.281112,-0.138915,-0.855363
1.92072,-0.275241,-0.147493,-0.860097
1.91804,-0.265,-0.156117,-0.86483
1.91548,-0.250505,-0.164789,-0.869563
1.91307,-0.233809,-0.173509,-0.874296
1.91076,-0.226569,-0.182275,-0.879029
1.90853,-0.222133,-0.191089,-0.883763
1.90635,-0.212011,-0.19995,-0.888496
1.90425,-0.205928,-0.208859,-0.893229
1.90227,-0.196623,-0.217815,-0.897962
1.90041,-0.180174,-0.226818,-0.902742
1.89859,-0.183169,-0.23587,-0.907521
1.89673,-0.181942,-0.244969,-0.912301
1.89497,-0.172889,-0.254116,-0.91708
1.89328,-0.167192,-0.263311,-0.92186
1.89161,-0.163832,-0.272553,-0.926639
1.88998,-0.158831,-0.281843,-0.931419
1.88842,-0.149516,-0.291181,-0.936198
1.88696,-0.140155,-0.300567,-0.940978
1.88561,-0.133783,-0.310001,-0.945757
1.88429,-0.131809,-0.319482,-0.950514
1.88299,-0.127863,-0.329011,-0.955271
1.88177,-0.116069,-0.338588,-0.960028
1.88065,-0.107821,-0.348212,-0.964785
1.87959,-0.102415,-0.357883,-0.969541
1.87862,-0.0963943,-0.367603,-0.974298
1.8777,-0.089133,-0.377369,-0.979055
1.87684,-0.0824699,-0.387184,-0.983812
1.87606,-0.0782835,-0.397046,-0.988568
1.87534,-0.0644804,-0.406955,-0.993325
1.87469,-0.0675458,-0.416912,-0.998074
1.87402,-0.0649952,-0.426917,-1.00282
1.87342,-0.0529855,-0.436969,-1.00757
1.87292,-0.0423692,-0.447068,-1.01232
1.87252,-0.0380928,-0.457215,-1.01707
1.87216,-0.0344124,-0.467409,-1.02182
1.87181,-0.0384623,-0.477651,-1.02657
1.87141,-0.0414664,-0.487941,-1.03132
1.87101,-0.0369179,-0.498278,-1.03607
1.87068,-0.0311918,-0.508662,-1.04082
1.87045,-0.0183516,-0.51902,-1.03082
1.87029,-0.0134302,-0.529278,-1.02082
1.87021,-0.00532745,-0.539437,-1.01082
1.87023,0.00866742,-0.549495,-1.00082
1.87037,0.0164909,-0.559453,-0.990816
1.8706,0.0313741,-0.569311,-0.980816
1.87092,0.0352002,-0.579069,-0.970816
1.87135,0.0479407,-0.588727,-0.960816
1.87192,0.0578986,-0.598286,-0.950816
1.87255,0.0696988,-0.607744,-0.940816
1.8733,0.0792448,-0.617102,-0.930816
1.87417,0.0940488,-0.62636,-0.920816
1.87517,0.108858,-0.635518,-0.910816
1.87629,0.113967,-0.644576,-0.900816
1.87746,0.123793,-0.653535,-0.890816
1.87881,0.140504,-0.662393,-0.880816
1.88029,0.155253,-0.671151,-0.870816
1.88195,0.175082,-0.679809,-0.860816
1.88373,0.180395,-0.688367,-0.850816
1.8856,0.19408,-0.696825,-0.840816
1.88763,0.210638,-0.705183,-0.830816
1.88976,0.218475,-0.713442,-0.820816
1.892,0.236857,-0.7216,-0.810816
1.89439,0.24168,-0.729658,-0.800816
1.89684,0.247207,-0.737616,-0.790816
1.89936,0.257969,-0.745474,-0.780816
1.90201,0.271645,-0.753232,-0.770816
1.90483,0.2933,-0.760891,-0.760816
1.90783,0.301532,-0.768449,-0.750816
1.91088,0.309769,-0.775907,-0.740816
1.91401,0.315483,-0.783265,-0.730816
1.91726,0.331098,-0.790523,-0.720816
1.92063,0.339375,-0.797681,-0.710816
1.92413,0.355911,-0.80474,-0.700816
1.92772,0.363947,-0.811698,-0.690816
1.93145,0.382116,-0.818556,-0.680816
1.93534,0.397598,-0.825314,-0.670816
1.9394,0.409006,-0.831972,-0.660816
1.94356,0.424712,-0.83853,-0.650816
1.94787,0.435791,-0.844989,-0.640816
1.95225,0.439461,-0.851347,-0.630816
1.9567,0.449148,-0.857605,-0.620816
1.96125,0.461706,-0.863763,-0.610816
1.96593,0.476875,-0.869821,-0.600816
1.97081,0.499454,-0.875779,-0.590816
1.97589,0.517209,-0.881637,-0.580816
1.98113,0.528151,-0.887396,-0.570816
1.98644,0.537475,-0.893054,-0.560816
1.99185,0.548155,-0.898612,-0.550816
1.9974,0.562447,-0.90407,-0.540816
2.00309,0.577819,-0.909428,-0.530816
2.00897,0.594159,-0.914686,-0.520816
2.01495,0.601697,-0.919845,-0.510816
2.021,0.613172,-0.924903,-0.500816
2.02715,0.619607,-0.929861,-0.490816
2.03344,0.632752,-0.934719,-0.480816
2.03985,0.6507,-0.939477,-0.470816
2.04639,0.659013,-0.944135,-0.460816
2.05306,0.675524,-0.948694,-0.450816
2.05989,0.687084,-0.953152,-0.440816
2.0668,0.692476,-0.957547,-0.438274
2.07379,0.709809,-0.961917,-0.435733
2.08094,0.719344,-0.966262,-0.433191
2.08817,0.726126,-0.970581,-0.43065
2.09548,0.734842,-0.974875,-0.428108
2.10288,0.745102,-0.979143,-0.425567
2.11041,0.760565,-0.983386,-0.423025
2.11808,0.772275,-0.987604,-0.420484
2.12583,0.771943,-0.991796,-0.417942
2.1336,0.781723,-0.995963,-0.4154
2.14149,0.796683,-1.00009,-0.410298
2.14949,0.79935,-1.00417,-0.405195
2.1575,0.803,-1.00819,-0.400092
2.16561,0.818868,-1.01217,-0.394989
2.17386,0.826569,-1.01609,-0.389886
2.1822,0.841777,-1.01997,-0.384783
2.19067,0.853253,-1.02379,-0.37968
2.19923,0.858259,-1.02756,-0.374577
2.20787,0.872128,-1.03128,-0.369474
2.21667,0.883748,-1.03495,-0.364371
2.22558,0.898912,-1.03857,-0.358473
2.23462,0.908648,-1.04212,-0.352575
2.24381,0.930553,-1.04562,-0.346677
2.25317,0.943221,-1.04905,-0.340779
2.26266,0.957252,-1.05243,-0.334881
2.27229,0.967089,-1.05575,-0.328983
2.282,0.975406,-1.05901,-0.323085
2.29177,0.978281,-1.06221,-0.317187
2.30164,0.995721,-1.06536,-0.311289
2.31166,1.00439,-1.06844,-0.30539
2.32178,1.0149,-1.07146,-0.299069
2.33201,1.03309,-1.07442,-0.292748
2.34238,1.0397,-1.07732,-0.286427
2.35285,1.04967,-1.08015,-0.280106
2.3634,1.05954,-1.08292,-0.273785
2.37408,1.07696,-1.08562,-0.267464
2.38499,1.10296,-1.08827,-0.261143
2.3961,1.11888,-1.09085,-0.254822
2.40736,1.12767,-1.09336,-0.248501
2.41871,1.14113,-1.09582,-0.24218
2.43022,1.16278,-1.09821,-0.235659
2.44187,1.16868,-1.10053,-0.229139
2.4536,1.18062,-1.10279,-0.222618
2.46545,1.19282,-1.10498,-0.216098
2.47747,1.21135,-1.10711,-0.209577
2.48966,1.22439,-1.10917,-0.203056
2.50198,1.24051,-1.11117,-0.196536
2.51447,1.25399,-1.11311,-0.190015
2.52705,1.26284,-1.11497,-0.183494
2.53974,1.27623,-1.11678,-0.176974
2.55254,1.28045,-1.11851,-0.170381
2.56541,1.295,-1.12018,-0.163788
2.57842,1.30464,-1.12179,-0.157196
2.59151,1.31376,-1.12333,-0.150603
2.60474,1.33392,-1.1248,-0.14401
2.61809,1.33959,-1.12621,-0.137417
2.63155,1.35182,-1.12755,-0.130825
2.64516,1.36824,-1.12882,-0.124232
2.65894,1.38506,-1.13003,-0.117639
2.67281,1.39073,-1.13118,-0.111046
2.68677,1.39985,-1.13225,-0.10441
2.70079,1.40775,-1.13326,-0.0977747
2.71488,1.40951,-1.13421,-0.0911389
2.72906,1.42687,-1.13509,-0.084503
2.74334,1.42904,-1.1359,-0.0778672
2.75769,1.43973,-1.13664,-0.0712314
2.77217,1.45569,-1.13732,-0.0645956
2.78675,1.45872,-1.13794,-0.0579598
2.80143,1.47712,-1.13848,-0.051324
2.81624,1.48495,-1.13896,-0.0446882
2.83112,1.48913,-1.13938,-0.0380125
2.84605,1.49553,-1.13972,-0.0313368
2.86106,1.50513,-1.14,-0.0246611
2.87616,1.51552,-1.14022,-0.0179854
2.89133,1.52212,-1.14036,-0.0113097
2.90657,1.53032,-1.14044,-0.00463402
2.9219,1.53537,-1.14046,0.00204168
2.93729,1.54189,-1.1404,0.00871739
2.95275,1.54959,-1.14028,0.0153931
2.96831,1.55938,-1.14009,0.0220688
2.98396,1.56714,-1.13984,0.028787
2.99967,1.57509,-1.13952,0.0355052
3.01549,1.59217,-1.13913,0.0422234
3.03143,1.59973,-1.13867,0.0489416
3.04747,1.60921,-1.13815,0.0556598
3.06364,1.62414,-1.13756,0.0623779
3.07995,1.63594,-1.1369,0.0690961
3.09634,1.64165,-1.13618,0.0758143
3.11282,1.65098,-1.13539,0.0825325
3.12937,1.66261,-1.13453,0.0892507
-3.13716,1.66953,-1.1336,0.0958644
-3.1204,1.67805,-1.13261,0.102478
-3.10361,1.67985,-1.13155,0.109092
-3.08679,1.68602,-1.13043,0.115705
-3.06984,1.70145,-1.12924,0.122319
-3.05278,1.71066,-1.12798,0.128933
-3.03568,1.71421,-1.12666,0.135546
-3.01849,1.71873,-1.12527,0.14216
-3.00132,1.71514,-1.12382,0.148774
-2.98417,1.7158,-1.1223,0.155387
-2.96697,1.71929,-1.12071,0.161984
-2.94976,1.72063,-1.11906,0.168582
-2.93255,1.72006,-1.11734,0.175179
-2.91534,1.7194,-1.11555,0.181776
-2.89817,1.71686,-1.1137,0.188374
-2.88099,1.71659,-1.11179,0.194971
-2.86383,1.71564,-1.1098,0.201568
-2.84665,1.71902,-1.10775,0.208165
-2.82951,1.71048,-1.10564,0.214763
-2.81237,1.716,-1.10346,0.22136
-2.79518,1.72165,-1.10121,0.228045
-2.77796,1.72471,-1.0989,0.234731
-2.7607,1.7273,-1.09652,0.241416
-2.74346,1.7233,-1.09407,0.248101
-2.7262,1.73311,-1.09156,0.254787
-2.70886,1.73299,-1.08897,0.261472
-2.69155,1.7293,-1.08633,0.268158
-2.67428,1.72645,-1.08361,0.274843
-2.65699,1.73051,-1.08083,0.281528
-2.63968,1.72956,-1.07798,0.288214
-2.62234,1.73511,-1.07506,0.29488
-2.60494,1.74528,-1.07208,0.301546
-2.58746,1.75013,-1.06903,0.308212
-2.56996,1.75406,-1.06592,0.314879
-2.55238,1.7561,-1.06274,0.321545
-2.53483,1.75475,-1.05949,0.328211
-2.51728,1.7539,-1.05617,0.334877
-2.49976,1.75329,-1.05279,0.341544
-2.48221,1.75553,-1.04934,0.34821
-2.46465,1.75941,-1.04583,0.354876
-2.44695,1.77352,-1.04224,0.361407
-2.4292,1.77151,-1.0386,0.367938
-2.41148,1.77507,-1.03489,0.374469
-2.39376,1.76864,-1.03111,0.381
-2.37608,1.76918,-1.02727,0.387531
-2.35839,1.76693,-1.02336,0.394062
-2.34073,1.76074,-1.01938,0.400593
-2.32313,1.75895,-1.01535,0.407124
-2.30555,1.75555,-1.01124,0.413655
-2.28804,1.7476,-1.00707,0.420185
-2.2706,1.74278,-1.00287,0.420789
-2.25325,1.72937,-0.998657,0.421393
-2.23601,1.71809,-0.99444,0.421997
-2.21887,1.71019,-0.990217,0.422601
-2.20182,1.69882,-0.985988,0.423205
-2.18486,1.69361,-0.981753,0.423809
-2.16795,1.68552,-0.977512,0.424413
-2.15118,1.66914,-0.973265,0.425017
-2.13455,1.65966,-0.969011,0.425621
-2.11804,1.64264,-0.964752,0.426225
-2.10167,1.63464,-0.960486,0.426943
-2.08533,1.6274,-0.956213,0.427661
-2.06914,1.61412,-0.951933,0.428379
-2.053,1.61016,-0.947646,0.429096
-2.03694,1.60149,-0.943351,0.429814
-2.02099,1.58913,-0.939049,0.430532
-2.00513,1.5816,-0.934741,0.43125
-1.98931,1.58066,-0.930424,0.431968
-1.97359,1.57091,-0.926101,0.432686
-1.95794,1.55986,-0.921771,0.433404
-1.94235,1.55543,-0.917433,0.434221
-1.92681,1.55346,-0.913086,0.435037
-1.91134,1.54299,-0.908732,0.435854
-1.89595,1.53502,-0.904369,0.436671
-1.88059,1.53646,-0.899998,0.437488
-1.86526,1.52633,-0.895619,0.438304
-1.85005,1.51415,-0.891232,0.439121
-1.83492,1.51137,-0.886837,0.439938
-1.81985,1.5023,-0.882434,0.440755
-1.80488,1.49187,-0.878022,0.441571
-1.79004,1.48135,-0.873601,0.442681
-1.77525,1.47812,-0.869168,0.44379
-1.76053,1.46627,-0.864725,0.444899
-1.74591,1.45931,-0.86027,0.446008
-1.73137,1.44968,-0.855805,0.447118
-1.71695,1.43508,-0.851328,0.448227
-1.70262,1.4324,-0.84684,0.449336
-1.68841,1.41288,-0.842341,0.450445
-1.67427,1.41019,-0.837831,0.451555
-1.66025,1.39398,-0.83331,0.452664
-1.64636,1.38699,-0.828795,0.450326
-1.63256,1.37661,-0.824304,0.447987
-1.61885,1.36589,-0.819836,0.445649
-1.60523,1.35374,-0.815391,0.443311
-1.59173,1.34417,-0.810969,0.440972
-1.57833,1.33455,-0.806571,0.438634
-1.5651,1.31449,-0.802197,0.436296
-1.55201,1.30327,-0.797845,0.433957
-1.53904,1.28998,-0.793517,0.431619
-1.52621,1.27677,-0.789213,0.429281
-1.51356,1.25528,-0.784871,0.439167
-1.5011,1.23771,-0.78043,0.449054
-1.48878,1.22384,-0.77589,0.45894
-1.47659,1.21068,-0.771251,0.468827
-1.46451,1.2026,-0.766513,0.478714
-1.45253,1.19114,-0.761677,0.4886
-1.44065,1.18608,-0.756741,0.498487
-1.42884,1.17535,-0.751707,0.508373
-1.41714,1.16613,-0.746574,0.51826
-1.40551,1.15951,-0.741342,0.528147
-1.39394,1.15362,-0.73604,0.532156
-1.38249,1.13692,-0.730699,0.536165
-1.37118,1.12551,-0.725317,0.540173
-1.35998,1.11479,-0.719895,0.544182
-1.34887,1.10633,-0.714433,0.548191
-1.33786,1.09398,-0.708931,0.5522
-1.32696,1.08964,-0.703389,0.556209
-1.31622,1.06378,-0.697807,0.560218
-1.3056,1.06128,-0.692185,0.564227
-1.29505,1.04759,-0.686523,0.568236
-1.28463,1.0399,-0.680831,0.570064
-1.27426,1.03497,-0.675121,0.571893
-1.26396,1.02113,-0.669393,0.573721
-1.25379,1.01176,-0.663647,0.57555
-1.24374,0.997997,-0.657882,0.577378
-1.23381,0.988615,-0.652099,0.579207
-1.22397,0.981018,-0.646298,0.581035
-1.21424,0.965273,-0.640479,0.582864
-1.20462,0.958792,-0.634641,0.584692
-1.1951,0.947341,-0.628785,0.586521
-1.18565,0.939707,-0.622914,0.587632
-1.1763,0.929763,-0.617032,0.588744
-1.16704,0.920772,-0.611139,0.589855
-1.15793,0.903624,-0.605235,0.590967
-1.14897,0.889611,-0.59932,0.592078
-1.14016,0.871627,-0.593393,0.59319
-1.1315,0.859672,-0.587456,0.594301
-1.12291,0.856633,-0.581507,0.595413
-1.11441,0.842162,-0.575548,0.596524
-1.10597,0.842062,-0.569577,0.597635
-1.09765,0.822787,-0.5636,0.597638
-1.08948,0.811341,-0.557624,0.597641
-1.08139,0.805368,-0.551648,0.597643
-1.07339,0.792593,-0.545671,0.597646
-1.06549,0.784709,-0.539695,0.597649
-1.05771,0.769854,-0.533718,0.597651
-1.05011,0.750526,-0.527742,0.597654
-1.04264,0.744871,-0.521765,0.597657
-1.03527,0.731217,-0.515789,0.597659
-1.02803,0.713778,-0.509812,0.597662
-1.02091,0.709657,-0.503871,0.590508
-1.0138,0.706905,-0.498002,0.583355
-1.00677,0.699669,-0.492204,0.576202
-0.99977,0.700273,-0.486478,0.569048
-0.992787,0.697411,-0.480823,0.561895
-0.985851,0.689302,-0.47524,0.554741
-0.978974,0.685027,-0.469728,0.547588
-0.972172,0.676031,-0.464288,0.540434
-0.965381,0.67715,-0.45892,0.533281
-0.958647,0.668031,-0.453623,0.526127
-0.951985,0.660702,-0.448393,0.519689
-0.945391,0.661928,-0.443229,0.513251
-0.938792,0.656264,-0.438128,0.506812
-0.932291,0.643638,-0.433092,0.500374
-0.925835,0.649845,-0.428121,0.493936
-0.919352,0.644308,-0.423214,0.487497
-0.912975,0.634897,-0.418371,0.481059
-0.90663,0.630921,-0.413593,0.474621
-0.900371,0.624025,-0.408879,0.468183
-0.894126,0.623511,-0.404229,0.461744
-0.887892,0.622623,-0.399641,0.455778
-0.881678,0.618982,-0.395113,0.449811
-0.875528,0.610766,-0.390645,0.443845
-0.869437,0.607876,-0.386236,0.437879
-0.863367,0.607842,-0.381888,0.431912
-0.857294,0.606555,-0.377598,0.425946
-0.851282,0.60012,-0.373369,0.41998
-0.845312,0.594275,-0.369199,0.414013
-0.839349,0.59932,-0.365088,0.408047
-0.833418,0.590303,-0.361038,0.402081
-0.827548,0.5854,-0.357042,0.396971
-0.82178,0.570813,-0.353098,0.391861
-0.816074,0.569362,-0.349205,0.386751
-0.810444,0.556777,-0.345363,0.381641
-0.804873,0.557207,-0.341572,0.376531
-0.799344,0.551331,-0.337833,0.371421
-0.793876,0.541825,-0.334144,0.366311
-0.788471,0.537843,-0.330506,0.361201
-0.78312,0.533317,-0.32692,0.356091
-0.777753,0.539088,-0.323385,0.350981
-0.772383,0.536732,-0.319902,0.345572
-0.767048,0.532428,-0.316473,0.340163
-0.761788,0.522485,-0.313099,0.334754
-0.756595,0.517075,-0.309778,0.329345
-0.751454,0.510235,-0.306512,0.323936
-0.746345,0.506452,-0.303299,0.318527
-0.741312,0.502327,-0.300141,0.313118
-0.736247,0.508567,-0.297037,0.307709
-0.731166,0.501032,-0.293987,0.3023
-0.726209,0.492472,-0.290991,0.296891
-0.721286,0.492246,-0.288051,0.291171
-0.716395,0.484147,-0.285168,0.285452
-0.711463,0.501679,-0.282342,0.279733
-0.706496,0.495863,-0.279573,0.274014
-0.701533,0.49632,-0.276861,0.268295
-0.69654,0.499657,-0.274207,0.262575
-0.691566,0.501055,-0.27161,0.256856
-0.68653,0.505211,-0.26907,0.251137
-0.681497,0.501603,-0.266587,0.245418
-0.676485,0.50373,-0.264162,0.239699
-0.671421,0.503843,-0.261781,0.236365
-0.666448,0.49054,-0.259434,0.233031
-0.661536,0.492694,-0.257121,0.229697
-0.656597,0.496413,-0.25484,0.226364
-0.651695,0.483851,-0.252593,0.22303
-0.646836,0.485921,-0.25038,0.219696
-0.641941,0.488863,-0.248199,0.216363
-0.637074,0.483298,-0.246052,0.213029
-0.632226,0.486138,-0.243939,0.209695
-0.627381,0.484205,-0.241859,0.206361
-0.6225,0.487338,-0.239806,0.204114
-0.617697,0.47424,-0.237776,0.201867
-0.612968,0.470324,-0.235769,0.19962
-0.608275,0.46801,-0.233784,0.197373
-0.603565,0.47423,-0.231821,0.195126
-0.598818,0.476403,-0.229881,0.192879
-0.59407,0.474291,-0.227964,0.190632
-0.589397,0.460722,-0.226069,0.188385
-0.584812,0.454256,-0.224196,0.186138
-0.58026,0.456591,-0.222346,0.183891
-0.575702,0.452493,-0.220515,0.182372
-0.571203,0.450259,-0.218698,0.180853
-0.56673,0.443812,-0.216898,0.179334
-0.562283,0.445368,-0.215112,0.177815
-0.557853,0.437972,-0.213341,0.176296
-0.553514,0.431554,-0.211586,0.174778
-0.549248,0.422323,-0.209846,0.173259
-0.545076,0.414492,-0.208121,0.17174
-0.54096,0.409723,-0.206411,0.170221
-0.536904,0.403008,-0.204716,0.168702
-0.532925,0.395431,-0.20304,0.16662
-0.52897,0.39741,-0.201384,0.164538
-0.525045,0.385679,-0.199749,0.162456
-0.52128,0.369647,-0.198135,0.160375
-0.517617,0.366562,-0.196541,0.158293
-0.51399,0.357934,-0.194969,0.156211
-0.510443,0.352554,-0.193417,0.154129
-0.506905,0.35231,-0.191886,0.152047
-0.503401,0.347698,-0.190376,0.149966
-0.499954,0.340551,-0.188887,0.147884
-0.496581,0.33458,-0.187425,0.144492
-0.493222,0.332579,-0.185997,0.1411
-0.48988,0.332889,-0.184603,0.137708
-0.486591,0.324207,-0.183243,0.134316
-0.483387,0.322244,-0.181917,0.130924
-0.480198,0.312653,-0.180625,0.127532
-0.477035,0.316232,-0.179366,0.12414
-0.47391,0.308781,-0.178142,0.120747
-0.470818,0.313751,-0.176951,0.117355
-0.467716,0.307522,-0.175795,0.113963
-0.464635,0.30642,-0.174674,0.110243
-0.461563,0.306596,-0.17359,0.106523
-0.458471,0.313569,-0.172543,0.102803
-0.455322,0.314611,-0.171534,0.0990828
-0.452196,0.310928,-0.170561,0.0953627
-0.449082,0.31366,-0.169626,0.0916426
-0.445977,0.309129,-0.168729,0.0879224
-0.442898,0.306242,-0.167868,0.0842023
-0.439877,0.300698,-0.167045,0.0804821
-0.436853,0.305852,-0.166258,0.076762
-0.433833,0.302032,-0.165504,0.0740246
-0.430851,0.299595,-0.164778,0.0712872
-0.427923,0.288187,-0.164079,0.0685499
-0.425038,0.287687,-0.163407,0.0658125
-0.422156,0.291461,-0.162762,0.0630751
-0.419218,0.29199,-0.162145,0.0603377
-0.416281,0.298759,-0.161556,0.0576003
-0.413306,0.2933,-0.160993,0.0548629
-0.410429,0.282987,-0.160458,0.0521255
-0.40759,0.282679,-0.159951,0.0493881
-0.404775,0.282999,-0.15947,0.046711
-0.401963,0.28239,-0.159017,0.044034
-0.399176,0.277227,-0.15859,0.0413569
-0.39638,0.27742,-0.15819,0.0386798
-0.393544,0.289854,-0.157816,0.0360027
-0.390667,0.28809,-0.157469,0.0333256
-0.387798,0.281943,-0.15715,0.0306485
-0.38496,0.283153,-0.156856,0.0279714
-0.382141,0.281125,-0.15659,0.0252943
-0.379316,0.281458,-0.156351,0.0226172
-0.376545,0.274665,-0.156133,0.0209407
-0.373812,0.267702,-0.155932,0.0192643
-0.371123,0.265595,-0.155748,0.0175878
-0.368461,0.263816,-0.15558,0.0159113
-0.36581,0.269587,-0.155429,0.0142348
-0.36314,0.266122,-0.155295,0.0125584
-0.360494,0.259006,-0.155178,0.0108819
-0.357898,0.263861,-0.155078,0.00920545
-0.355251,0.266074,-0.154994,0.00752898
-0.352608,0.261993,-0.154927,0.00585251
-0.350026,0.256904,-0.154876,0.0044229
-0.347501,0.246839,-0.154839,0.00299328
-0.345051,0.242811,-0.154816,0.00156367
-0.342637,0.237632,-0.154807,0.000134051
-0.340277,0.233304,-0.154813,-0.00129556
-0.337966,0.228145,-0.154833,-0.00272518
-0.335684,0.228735,-0.154868,-0.0041548
-0.333349,0.234404,-0.154916,-0.00558441
-0.331017,0.232624,-0.154979,-0.00701403
-0.328671,0.233956,-0.155057,-0.00844364
-0.326349,0.228808,-0.155149,-0.0100914
-0.3241,0.219406,-0.155258,-0.0117391
-0.321887,0.226055,-0.155384,-0.0133869
-0.319611,0.229857,-0.155526,-0.0150346
-0.317349,0.2276,-0.155685,-0.0166824
-0.315092,0.225771,-0.15586,-0.0183301
-0.312842,0.224758,-0.156051,-0.0199779
-0.310623,0.21642,-0.156259,-0.0216256
-0.308487,0.211099,-0.156484,-0.0232734
-0.306401,0.209001,-0.156725,-0.0249211
-0.304342,0.204599,-0.156983,-0.0267476
-0.302329,0.199817,-0.15726,-0.028574
-0.300323,0.201192,-0.157555,-0.0304004
-0.298358,0.197677,-0.157868,-0.0322269
-0.296425,0.188455,-0.158199,-0.0340533
-0.294593,0.18003,-0.158549,-0.0358797
-0.292811,0.171229,-0.158917,-0.0377062
-0.291088,0.172002,-0.159303,-0.0395326
-0.289338,0.175393,-0.159708,-0.041359
-0.287627,0.166727,-0.16013,-0.0431855
-0.285948,0.171093,-0.160577,-0.0461207
-0.284243,0.169357,-0.161053,-0.049056
-0.282586,0.164289,-0.161558,-0.0519913
-0.280949,0.163877,-0.162092,-0.0549265
-0.279303,0.166373,-0.162656,-0.0578618
-0.277609,0.171585,-0.16325,-0.0607971
-0.275801,0.187773,-0.163872,-0.0637323
-0.273953,0.182743,-0.164524,-0.0666676
-0.272178,0.177294,-0.165206,-0.0696029
-0.270382,0.182216,-0.165916,-0.0725381
-0.268553,0.187403,-0.16665,-0.0742675
-0.266606,0.195447,-0.167402,-0.0759969
-0.264676,0.191213,-0.16817,-0.0777262
-0.262723,0.199041,-0.168956,-0.0794556
-0.260721,0.199826,-0.169759,-0.0811849
-0.258715,0.20357,-0.17058,-0.0829143
-0.256676,0.207131,-0.171418,-0.0846437
-0.254597,0.203921,-0.172273,-0.086373
-0.252567,0.199453,-0.173145,-0.0881024
-0.250588,0.198353,-0.174035,-0.0898317
-0.24861,0.197587,-0.174934,-0.0900619
-0.246632,0.200903,-0.175836,-0.0902921
-0.244595,0.202078,-0.17674,-0.0905222
-0.242607,0.190915,-0.177647,-0.0907524
-0.24072,0.183474,-0.178555,-0.0909826
-0.238885,0.183184,-0.179466,-0.0912128
-0.237055,0.182777,-0.18038,-0.0914429
-0.235229,0.184681,-0.181295,-0.0916731
-0.23334,0.192473,-0.182213,-0.0919033
-0.231386,0.199496,-0.183133,-0.0921334
-0.229437,0.193724,-0.184051,-0.0913445
-0.22751,0.190992,-0.18496,-0.0905555
-0.225591,0.196812,-0.185862,-0.0897666
-0.22366,0.192496,-0.186755,-0.0889776
-0.221736,0.192916,-0.187641,-0.0881887
-0.219759,0.200375,-0.188519,-0.0873997
-0.217838,0.181739,-0.189389,-0.0866108
-0.216005,0.186072,-0.190251,-0.0858218
-0.214173,0.176485,-0.191106,-0.0850329
-0.212431,0.173101,-0.191952,-0.0842439
-0.210751,0.162205,-0.192791,-0.0834994
-0.209136,0.162174,-0.193622,-0.0827548
-0.20754,0.156627,-0.194446,-0.0820102
-0.205972,0.149959,-0.195262,-0.0812656
-0.204495,0.14216,-0.196071,-0.0805211
-0.203097,0.138852,-0.196873,-0.0797765
-0.201783,0.127557,-0.197667,-0.0790319
-0.20054,0.12056,-0.198453,-0.0782873
-0.199335,0.121958,-0.199232,-0.0775428
-0.198126,0.120118,-0.200004,-0.0767982
-0.196927,0.118325,-0.200775,-0.0774443
-0.195718,0.122256,-0.201553,-0.0780904
-0.194448,0.12838,-0.202337,-0.0787366
-0.193159,0.13068,-0.203128,-0.0793827
-0.191881,0.125481,-0.203925,-0.0800288
-0.190628,0.127087,-0.204728,-0.0806749
-0.189388,0.119762,-0.205538,-0.0813211
-0.188146,0.127824,-0.206355,-0.0819672
-0.18684,0.131651,-0.207178,-0.0826133
-0.185556,0.122856,-0.208007,-0.0832594
-0.1843,0.126206,-0.208839,-0.0831328
-0.183069,0.121691,-0.20967,-0.0830062
-0.18183,0.122739,-0.210499,-0.0828796
-0.180602,0.122719,-0.211327,-0.082753
-0.179403,0.12052,-0.212154,-0.0826264
-0.178232,0.114221,-0.21298,-0.0824998
-0.177084,0.115655,-0.213804,-0.0823732
-0.175984,0.106856,-0.214627,-0.0822466
-0.174905,0.109138,-0.215449,-0.0821199
-0.173841,0.104751,-0.21627,-0.0819933
-0.172779,0.108977,-0.217113,-0.0865752
-0.171706,0.103651,-0.218001,-0.0911572
-0.170678,0.105499,-0.218936,-0.0957391
-0.16961,0.105095,-0.219916,-0.100321
-0.168505,0.109911,-0.220942,-0.104903
-0.167375,0.116007,-0.222014,-0.109485
-0.166227,0.117035,-0.223132,-0.114067
-0.165055,0.117663,-0.224295,-0.118649
-0.163878,0.115107,-0.225505,-0.123231
-0.162741,0.112621,-0.22676,-0.127812
-0.161645,0.10586,-0.22806,-0.132232
-0.160564,0.114945,-0.229405,-0.136652
-0.159407,0.119825,-0.230793,-0.141071
-0.158212,0.116125,-0.232226,-0.145491
-0.157049,0.115038,-0.233703,-0.14991
-0.155905,0.113159,-0.235224,-0.15433
-0.154797,0.108138,-0.23679,-0.15875
-0.153725,0.105366,-0.238399,-0.163169
-0.152644,0.108884,-0.240053,-0.167589
-0.151541,0.11512,-0.241751,-0.172008
-0.150373,0.115712,-0.243493,-0.176478
-0.149205,0.121763,-0.245281,-0.180948
-0.147978,0.123901,-0.247112,-0.185418
-0.146704,0.130753,-0.248989,-0.189887
-0.145415,0.126329,-0.25091,-0.194357
-0.144125,0.130578,-0.252876,-0.198827
-0.14276,0.13877,-0.254887,-0.203296
-0.141361,0.139377,-0.256942,-0.207766
-0.13998,0.13717,-0.259042,-0.212236
-0.138605,0.140523,-0.261187,-0.216705
-0.137235,0.134896,-0.263371,-0.220208
-0.135844,0.144395,-0.265591,-0.223711
-0.134378,0.150091,-0.267845,-0.227214
-0.132881,0.151328,-0.270135,-0.230716
-0.131373,0.147278,-0.27246,-0.234219
-0.129908,0.143119,-0.27482,-0.237722
-0.128455,0.148032,-0.277214,-0.241224
-0.126961,0.146549,-0.279644,-0.244727
-0.125429,0.158165,-0.282109,-0.24823
-0.123836,0.161665,-0.284609,-0.251732
-0.122249,0.155924,-0.287139,-0.254253
-0.120698,0.157587,-0.289694,-0.256774
-0.119101,0.157228,-0.292274,-0.259295
-0.117516,0.158024,-0.29488,-0.261815
-0.115895,0.167718,-0.29751,-0.264336
-0.114224,0.169971,-0.300166,-0.266857
-0.112547,0.166984,-0.302847,-0.269377
-0.110861,0.168512,-0.305554,-0.271898
-0.109164,0.170204,-0.308285,-0.274419
-0.107454,0.167537,-0.311042,-0.27694
-0.105759,0.17179,-0.313822,-0.278931
-0.104039,0.171918,-0.316621,-0.280922
-0.102355,0.167103,-0.31944,-0.282913
-0.100717,0.1618,-0.322279,-0.284904
-0.0990819,0.166458,-0.325138,-0.286895
-0.0974047,0.166511,-0.328017,-0.288886
-0.0957444,0.164212,-0.330916,-0.290878
-0.0941376,0.160921,-0.333835,-0.292869
-0.0925136,0.164051,-0.336773,-0.29486
-0.0908852,0.159307,-0.339732,-0.296851
-0.0892971,0.162003,-0.34271,-0.298834
-0.0876611,0.17043,-0.345708,-0.300816
-0.0859413,0.174648,-0.348726,-0.302799
-0.0841993,0.176781,-0.351764,-0.304782
-0.0824554,0.172227,-0.354822,-0.306764
-0.0807335,0.170468,-0.3579,-0.308747
-0.0790247,0.170645,-0.360997,-0.31073
-0.0772946,0.169824,-0.364114,-0.312712
-0.0755799,0.174319,-0.367251,-0.314695
-0.0738749,0.171288,-0.370408,-0.316678
-0.072157,0.169334,-0.37358,-0.317788
-0.0704096,0.175376,-0.376764,-0.318898
-0.0686628,0.174657,-0.379958,-0.320008
-0.0669379,0.169172,-0.383164,-0.321119
-0.0652711,0.161318,-0.386381,-0.322229
-0.0636727,0.157585,-0.389609,-0.323339
-0.0621119,0.154859,-0.392848,-0.324449
-0.0605594,0.155886,-0.396098,-0.32556
-0.0589775,0.162562,-0.399359,-0.32667
-0.057351,0.165459,-0.402631,-0.32778
-0.0556803,0.169177,-0.405913,-0.328676
-0.0539984,0.167137,-0.409205,-0.329572
-0.0522715,0.175708,-0.412505,-0.330467
-0.0504708,0.185989,-0.415814,-0.331363
-0.0486105,0.182094,-0.419132,-0.332259
-0.0467858,0.178002,-0.422459,-0.333155
-0.0450194,0.175509,-0.425795,-0.33405
-0.0432917,0.171271,-0.42914,-0.334946
-0.0415456,0.176822,-0.432494,-0.335842
-0.0397268,0.187164,-0.435857,-0.336738
-0.0378462,0.188547,-0.439222,-0.336189
-0.0359878,0.187733,-0.442581,-0.335641
-0.0341626,0.182888,-0.445934,-0.335093
-0.0323256,0.182421,-0.449283,-0.334545
-0.0305099,0.185071,-0.452625,-0.333997
-0.028661,0.187023,-0.455963,-0.333449
-0.02679,0.185784,-0.459294,-0.3329
-0.0249587,0.185299,-0.462621,-0.332352
-0.0230902,0.186883,-0.465941,-0.331804
-0.0211909,0.190924,-0.469257,-0.331256
-0.0193203,0.181982,-0.472562,-0.329789
-0.0174795,0.184072,-0.475852,-0.328323
-0.0156635,0.18309,-0.479128,-0.326856
-0.0138499,0.178181,-0.48239,-0.325389
-0.0120627,0.179267,-0.485636,-0.323923
-0.0102621,0.178977,-0.488868,-0.322456
-0.00849012,0.180232,-0.492085,-0.320989
-0.00678217,0.164508,-0.495288,-0.319522
-0.00512853,0.165956,-0.498476,-0.318056
-0.00346374,0.163819,-0.501649,-0.316589
-0.00184345,0.162881,-0.504809,-0.315411
-0.00022745,0.162172,-0.507957,-0.314233
0.00135939,0.158184,-0.511094,-0.313055
0.00297461,0.165871,-0.514218,-0.311878
0.00461948,0.162779,-0.517331,-0.3107
0.00624679,0.163215,-0.520432,-0.309522
0.00786042,0.159039,-0.523522,-0.308344
0.00940949,0.153494,-0.526599,-0.307166
0.0109685,0.156864,-0.529665,-0.305988
0.0124921,0.151182,-0.532719,-0.30481
0.0139684,0.14463,-0.53576,-0.303422
0.0154179,0.144394,-0.538787,-0.302034
0.0168473,0.143555,-0.541801,-0.300645
0.0182758,0.145766,-0.5448,-0.299257
0.0197255,0.14548,-0.547786,-0.297869
0.0212036,0.150997,-0.550758,-0.296481
0.0227144,0.15296,-0.553715,-0.295092
0.0242517,0.152229,-0.556659,-0.293704
0.0257254,0.146224,-0.55959,-0.292316
0.027196,0.146785,-0.562506,-0.290928
0.0286436,0.142876,-0.565405,-0.289004
0.0300756,0.143399,-0.568286,-0.28708
0.0315211,0.143866,-0.571147,-0.285156
0.0329305,0.13697,-0.573989,-0.283232
0.0342692,0.131767,-0.576812,-0.281308
0.0356133,0.139444,-0.579615,-0.279384
0.0369881,0.132928,-0.582399,-0.277461
0.0383048,0.131539,-0.585164,-0.275537
0.0396027,0.128416,-0.58791,-0.273613
0.0408657,0.123772,-0.590637,-0.271689
0.0421088,0.128463,-0.593345,-0.26998
0.0433997,0.126151,-0.596036,-0.268272
0.0446628,0.124189,-0.59871,-0.266563
0.0459344,0.128744,-0.601367,-0.264854
0.0471708,0.118621,-0.604007,-0.263146
0.0483653,0.118696,-0.60663,-0.261437
0.0495595,0.116487,-0.609236,-0.259728
0.0506817,0.107389,-0.611825,-0.25802
0.0517308,0.103422,-0.614397,-0.256311
0.0527768,0.102834,-0.616951,-0.254602
0.0538422,0.109374,-0.61949,-0.253119
0.0549762,0.111985,-0.622013,-0.251636
0.0560958,0.109795,-0.624522,-0.250152
0.0571752,0.106797,-0.627017,-0.248669
0.0582491,0.10909,-0.629496,-0.247186
0.059422,0.121594,-0.63196,-0.245702
0.0606794,0.126934,-0.63441,-0.244219
0.061921,0.11939,-0.636845,-0.242736
0.0631411,0.125171,-0.639265,-0.241252
0.0643436,0.116875,-0.64167,-0.239769
0.0654884,0.109468,-0.644054,-0.23708
0.0665842,0.113949,-0.646411,-0.234392
0.0677394,0.113759,-0.648742,-0.231703
0.0688103,0.103808,-0.651045,-0.229015
0.0698857,0.107898,-0.653322,-0.226326
0.070989,0.109071,-0.655572,-0.223638
0.0720459,0.108019,-0.657795,-0.220949
0.0730628,0.0992745,-0.659991,-0.21826
0.0740451,0.0936295,-0.66216,-0.215572
0.0749408,0.0863968,-0.664302,-0.212883
0.0758037,0.0900114,-0.66642,-0.210737
0.0767068,0.0878656,-0.668517,-0.20859
0.077584,0.0835982,-0.670592,-0.206443
0.0783912,0.0762262,-0.672646,-0.204297
0.0791848,0.0830927,-0.674678,-0.20215
0.0799647,0.0748558,-0.676689,-0.200003
0.0806706,0.0672901,-0.678678,-0.197856
0.0813119,0.0644189,-0.680646,-0.19571
0.0819065,0.0594147,-0.682592,-0.193563
0.0825451,0.0647804,-0.684517,-0.191416
0.0832021,0.0623641,-0.686423,-0.18963
0.0838548,0.0699812,-0.68831,-0.187844
0.0845693,0.0718937,-0.690179,-0.186057
0.0852559,0.0695265,-0.692031,-0.184271
0.0859361,0.0631873,-0.693865,-0.182484
0.0865431,0.0594397,-0.695681,-0.180698
0.0871871,0.0677159,-0.697479,-0.178912
0.0878501,0.0630494,-0.699259,-0.177125
0.0885152,0.0691744,-0.701021,-0.175339
0.0891707,0.0670145,-0.702766,-0.173552
0.0897934,0.060175,-0.70449,-0.171207
0.0903526,0.0579476,-0.70619,-0.168862
0.0909024,0.0534631,-0.707867,-0.166516
0.0914308,0.052425,-0.70952,-0.164171
0.0919306,0.0481287,-0.71115,-0.161825
0.092417,0.0480954,-0.712757,-0.15948
0.0928989,0.0485027,-0.71434,-0.157135
0.0933647,0.0440082,-0.715899,-0.154789
0.0938152,0.0460042,-0.717436,-0.152444
0.0942416,0.0420044,-0.718948,-0.150098
0.0946269,0.0363572,-0.72044,-0.148325
0.0949875,0.0344763,-0.721915,-0.146552
0.0953136,0.0310109,-0.723371,-0.144779
0.0955976,0.0258378,-0.72481,-0.143005
0.0958572,0.0322689,-0.726232,-0.141232
0.0961633,0.0333756,-0.727635,-0.139459
0.0965243,0.0366769,-0.729021,-0.137686
0.0968638,0.0327313,-0.730389,-0.135912
0.0971985,0.0321129,-0.731739,-0.134139
0.0974785,0.0258371,-0.733071,-0.132366
0.0977379,0.0294459,-0.734388,-0.13094
0.0980113,0.0258843,-0.73569,-0.129514
0.0983011,0.0299867,-0.736978,-0.128089
0.0986048,0.0313201,-0.738252,-0.126663
0.0989171,0.0309793,-0.739512,-0.125237
0.0991895,0.0223311,-0.740757,-0.123811
0.0994255,0.0237057,-0.741988,-0.122386
0.0996591,0.0214975,-0.743205,-0.12096
0.099892,0.0244898,-0.744407,-0.119534
0.100126,0.0240901,-0.745595,-0.118109
0.100379,0.0253533,-0.746768,-0.116491
0.100599,0.0177825,-0.747925,-0.114873
0.100767,0.0163069,-0.749066,-0.113254
0.100933,0.0164544,-0.75019,-0.111636
0.101045,0.00966005,-0.751298,-0.110018
0.101122,0.00670961,-0.75239,-0.1084
0.101194,0.00648804,-0.753466,-0.106782
0.101294,0.0111544,-0.754526,-0.105164
0.101437,0.0195925,-0.75557,-0.103546
0.101634,0.0193221,-0.756597,-0.101928
0.101834,0.0193368,-0.757608,-0.100263
0.102047,0.0214575,-0.758602,-0.0985984
0.10223,0.0189813,-0.75958,-0.0969334
0.102433,0.0219365,-0.760541,-0.0952683
0.102641,0.0168954,-0.761485,-0.0936033
0.102824,0.0212565,-0.762413,-0.0919383
0.103009,0.0181358,-0.763324,-0.0902733
0.103179,0.0158418,-0.764219,-0.0886083
0.103354,0.0200636,-0.765096,-0.0869432
0.103592,0.0285342,-0.765957,-0.0852782
0.103878,0.0294105,-0.766799,-0.0829489
0.104171,0.0268429,-0.767616,-0.0806195
0.104424,0.0258341,-0.768411,-0.0782901
0.104718,0.0307176,-0.769182,-0.0759607
0.105044,0.0329333,-0.76993,-0.0736314
0.105433,0.0425585,-0.770655,-0.071302
0.105837,0.0398519,-0.771356,-0.0689726
0.106223,0.0400018,-0.772034,-0.0666432
0.106611,0.0384841,-0.772689,-0.0643139
0.10698,0.0352594,-0.773321,-0.0619845
0.10732,0.0338806,-0.773925,-0.0589418
0.107684,0.040478,-0.774499,-0.055899
0.108068,0.0350887,-0.775043,-0.0528563
0.108391,0.0279776,-0.775556,-0.0498136
0.108716,0.0343528,-0.776039,-0.0467709
0.109064,0.0375212,-0.776492,-0.0437281
0.109469,0.0423162,-0.776914,-0.0406854
0.109867,0.0373619,-0.777306,-0.0376427
0.110233,0.0361018,-0.777667,-0.0346
0.11059,0.0340022,-0.777998,-0.0315572
0.110904,0.0283087,-0.778296,-0.0280256
0.111162,0.0283978,-0.778558,-0.0244941
0.111481,0.0280493,-0.778785,-0.0209625
0.111725,0.0220654,-0.778977,-0.0174309
0.111881,0.0129886,-0.779134,-0.0138993
0.112032,0.0157804,-0.779255,-0.0103677
0.112178,0.013235,-0.779341,-0.00683613
0.112332,0.0158169,-0.779392,-0.00330454
0.112436,0.00481091,-0.779407,0.000227048
0.112476,0.00433817,-0.779388,0.00375863
0.11254,0.00663221,-0.779336,0.00658608
0.112558,-0.00687712,-0.779256,0.00941352
0.112492,-0.00752647,-0.779148,0.012241
0.112382,-0.0114239,-0.779011,0.0150684
0.11226,-0.00751878,-0.778846,0.0178958
0.112203,-0.00122229,-0.778653,0.0207233
0.112173,-0.0036347,-0.778432,0.0235507
0.11215,-0.000733157,-0.778182,0.0263782
0.112118,-0.000630722,-0.777904,0.0292056
0.112125,0.00199713,-0.777598,0.0320331
0.112098,-0.0082356,-0.777262,0.0351264
0.112019,-0.0083245,-0.776895,0.0382198
0.111918,-0.00961891,-0.776498,0.0413132
0.111868,-0.0041518,-0.776069,0.0444066
0.111784,-0.0123034,-0.77561,0.0475
0.111638,-0.0171089,-0.775119,0.0505934
0.1115,-0.0132034,-0.774598,0.0536868
0.111368,-0.0145155,-0.774045,0.0567802
0.111242,-0.0148411,-0.773462,0.0598736
0.111054,-0.0149513,-0.772848,0.062967
0.110904,-0.0137781,-0.772204,0.0657254
0.110714,-0.0204075,-0.771533,0.0684837
0.110508,-0.0188708,-0.770835,0.071242
0.110361,-0.0116178,-0.770109,0.0740003
0.110268,-0.00852219,-0.769355,0.0767587
0.110163,-0.0141312,-0.768573,0.079517
0.109987,-0.0190399,-0.767764,0.0822753
0.109811,-0.0166831,-0.766928,0.0850336
0.109671,-0.0111554,-0.766064,0.0877919
0.10956,-0.0127364,-0.765172,0.0905503
0.109404,-0.0159106,-0.764251,0.093725
0.109237,-0.0173308,-0.763298,0.0968998
0.109034,-0.021575,-0.762313,0.100075
0.108779,-0.0306099,-0.761296,0.103249
0.108424,-0.0370959,-0.760248,0.106424
0.107995,-0.0477615,-0.759168,0.109599
0.107581,-0.0367369,-0.758056,0.112774
0.107248,-0.03102,-0.756912,0.115948
0.106906,-0.0384249,-0.755737,0.119123
0.106515,-0.0369662,-0.75453,0.122298
0.10616,-0.0355153,-0.753294,0.124775
0.105771,-0.0387264,-0.752034,0.127253
0.105451,-0.0277656,-0.750749,0.12973
0.105186,-0.0293178,-0.74944,0.132207
0.104883,-0.0276942,-0.748105,0.134685
0.104608,-0.0282302,-0.746746,0.137162
0.104317,-0.0321437,-0.745362,0.13964
0.104022,-0.0272943,-0.743953,0.142117
0.1037,-0.0353917,-0.74252,0.144595
0.103356,-0.0333034,-0.741061,0.147072
0.103058,-0.0267723,-0.739576,0.149935
0.102784,-0.0273722,-0.738062,0.152799
0.102484,-0.030983,-0.73652,0.155662
0.102176,-0.0321371,-0.734949,0.158526
0.101816,-0.0399528,-0.73335,0.161389
0.101355,-0.0538532,-0.731721,0.164252
0.100803,-0.0589656,-0.730065,0.167116
0.1002,-0.0636154,-0.728379,0.169979
0.0995072,-0.0733992,-0.726665,0.172843
0.0987434,-0.0797923,-0.724922,0.175706
0.0979476,-0.0778401,-0.72316,0.176844
0.0971083,-0.0942604,-0.721385,0.177983
0.0961503,-0.0954159,-0.7196,0.179121
0.095176,-0.0992575,-0.717803,0.180259
0.0941821,-0.100803,-0.715995,0.181397
0.0931439,-0.103233,-0.714175,0.182535
0.0921025,-0.103046,-0.712344,0.183674
0.0910963,-0.0996815,-0.710502,0.184812
0.0900972,-0.100342,-0.708648,0.18595
0.089064,-0.105761,-0.706783,0.187088
0.0880077,-0.109067,-0.704912,0.186928
0.0869168,-0.108114,-0.703044,0.186768
0.085855,-0.104224,-0.701177,0.186608
0.0848843,-0.0938386,-0.699312,0.186448
0.0838968,-0.106001,-0.697448,0.186287
0.0827682,-0.118862,-0.695586,0.186127
0.0815155,-0.12492,-0.693726,0.185967
0.0802391,-0.1289,-0.691867,0.185807
0.078986,-0.124554,-0.690009,0.185647
0.0777288,-0.128321,-0.688154,0.185487
0.0764715,-0.12454,-0.686307,0.183931
0.075239,-0.11912,-0.684475,0.182376
0.0740115,-0.125328,-0.682659,0.180821
0.0727755,-0.124786,-0.680859,0.179265
0.0715434,-0.12126,-0.679074,0.17771
0.0703156,-0.122755,-0.677305,0.176154
0.0691213,-0.113367,-0.675551,0.174599
0.0680194,-0.105311,-0.673813,0.173044
0.0669796,-0.107027,-0.67209,0.171488
0.0659743,-0.0937697,-0.670383,0.169933
0.0649755,-0.10659,-0.668687,0.169179
0.0639543,-0.0959912,-0.666999,0.168425
0.0629814,-0.0956759,-0.665319,0.16767
0.0620728,-0.0891514,-0.663646,0.166916
0.0612521,-0.0759968,-0.66198,0.166162
0.0605547,-0.0675841,-0.660323,0.165408
0.0599191,-0.060678,-0.658672,0.164654
0.059321,-0.0586573,-0.65703,0.163899
0.0587661,-0.0541991,-0.655394,0.163145
0.0582471,-0.0510108,-0.653767,0.162391
0.0577645,-0.0484216,-0.652139,0.163055
0.0572798,-0.0471446,-0.650506,0.163719
0.0568139,-0.0452483,-0.648865,0.164384
0.0563922,-0.0374202,-0.647218,0.165048
0.055992,-0.0369796,-0.645564,0.165712
0.0556424,-0.0304971,-0.643904,0.166376
0.0553914,-0.0208464,-0.642237,0.167041
0.0551819,-0.0196718,-0.640563,0.167705
0.0549877,-0.0209108,-0.638882,0.168369
0.0547687,-0.0203505,-0.637195,0.169033
0.054595,-0.0164911,-0.635495,0.170974
0.0544055,-0.0208483,-0.633776,0.172914
0.054218,-0.0166013,-0.632037,0.174854
0.0540997,-0.013061,-0.630279,0.176794
0.0539411,-0.0175784,-0.628501,0.178735
0.0537609,-0.019507,-0.626704,0.180675
0.0535403,-0.0210437,-0.624888,0.182615
0.0532984,-0.0236013,-0.623052,0.184556
0.0530517,-0.0287388,-0.621197,0.186496
0.0527555,-0.0317195,-0.619322,0.188436
0.0524329,-0.0298073,-0.617429,0.19012
0.0521194,-0.0372534,-0.61552,0.191803
0.0516832,-0.0481542,-0.613593,0.193486
0.0512406,-0.0408904,-0.61165,0.19517
0.0508293,-0.0405407,-0.60969,0.196853
0.0504308,-0.0389822,-0.607713,0.198537
0.0500633,-0.0389063,-0.605719,0.20022
0.0496662,-0.0435865,-0.603708,0.201903
0.04922,-0.0445567,-0.601681,0.203587
0.048767,-0.0457433,-0.599637,0.20527
0.0483039,-0.0446346,-0.597578,0.206473
0.0478711,-0.0418138,-0.595507,0.207676
0.0474466,-0.0416091,-0.593424,0.208879
0.0470639,-0.0372276,-0.59133,0.210082
0.0466861,-0.0381235,-0.589223,0.211285
0.0463015,-0.0407993,-0.587104,0.212488
0.0458772,-0.0411614,-0.584973,0.21369
0.0454073,-0.05148,-0.58283,0.214893
0.0449174,-0.0461703,-0.580675,0.216096
0.0444415,-0.0483905,-0.578508,0.217299
0.0439363,-0.047151,-0.57633,0.218426
0.0434519,-0.0501198,-0.57414,0.219553
0.0429474,-0.0493928,-0.571938,0.220679
0.0424923,-0.0444336,-0.569726,0.221806
0.0420288,-0.051477,-0.567502,0.222933
0.0415413,-0.0440916,-0.565267,0.22406
0.041047,-0.0514595,-0.563021,0.225186
0.0405488,-0.0512515,-0.560764,0.226313
0.0400397,-0.0521571,-0.558495,0.22744
0.0395329,-0.0512979,-0.556215,0.228567
0.0390448,-0.0460796,-0.553924,0.229575
0.0385676,-0.0483714,-0.551623,0.230583
0.0380643,-0.0512146,-0.549312,0.231592
0.0375572,-0.0477314,-0.546992,0.2326
0.0370607,-0.0558729,-0.54466,0.233609
0.0364652,-0.0639661,-0.542319,0.234617
0.0358158,-0.064215,-0.539968,0.235625
0.0351751,-0.0673167,-0.537607,0.236634
0.0345528,-0.0601658,-0.535235,0.237642
0.033872,-0.0721711,-0.532854,0.23865
0.0331413,-0.076334,-0.530467,0.238741
0.0323897,-0.0735815,-0.528079,0.238831
0.0316368,-0.0754455,-0.52569,0.238921
0.03093,-0.0695356,-0.523301,0.239011
0.0302162,-0.0696022,-0.52091,0.239101
0.0295621,-0.0645736,-0.518519,0.239192
0.0289047,-0.069889,-0.516126,0.239282
0.0281912,-0.0713206,-0.513733,0.239372
0.0275233,-0.0598849,-0.511339,0.239462
0.0269164,-0.0656478,-0.508944,0.239553
0.0262527,-0.0655956,-0.506548,0.239702
0.0255876,-0.0687405,-0.50415,0.239852
0.0249118,-0.0601123,-0.501751,0.240001
0.0243357,-0.055744,-0.49935,0.24015
0.0237989,-0.0506204,-0.496948,0.2403
0.0232551,-0.0611877,-0.494544,0.240449
0.0226174,-0.0695813,-0.492139,0.240599
0.0219194,-0.0661226,-0.489732,0.240748
0.0212216,-0.0692901,-0.487324,0.240898
0.0205348,-0.0684977,-0.484914,0.241047
0.0198251,-0.0718275,-0.482504,0.240894
0.019129,-0.0704962,-0.480096,0.240741
0.0183813,-0.0798535,-0.477689,0.240588
0.017607,-0.0730991,-0.475284,0.240435
0.0168781,-0.0729672,-0.472881,0.240282
0.0161769,-0.0672732,-0.470479,0.240129
0.015506,-0.0634911,-0.468078,0.239976
0.0149115,-0.0577062,-0.465679,0.239822
0.0143152,-0.0626821,-0.463282,0.239669
0.0136533,-0.0735892,-0.460886,0.239516
0.0129292,-0.0675727,-0.458494,0.238905
0.0123099,-0.0586248,-0.456108,0.238294
0.0117194,-0.0609703,-0.453728,0.237683
0.0111216,-0.0598468,-0.451354,0.237072
0.0105469,-0.0570977,-0.448986,0.236461
0.00997681,-0.0557986,-0.446625,0.235851
0.00947847,-0.0478508,-0.444269,0.23524
0.00900135,-0.0472073,-0.44192,0.234629
0.00852509,-0.0471961,-0.439577,0.234018
0.00806206,-0.0462617,-0.43724,0.233407
0.00758849,-0.0484822,-0.434904,0.233693
0.00714699,-0.0398247,-0.432566,0.23398
0.00675245,-0.038575,-0.430224,0.234267
0.00640045,-0.0327175,-0.42788,0.234554
0.00608985,-0.034893,-0.425533,0.23484
0.00570504,-0.0407963,-0.423184,0.235127
0.00533701,-0.0349522,-0.420831,0.235414
0.00495777,-0.0412841,-0.418475,0.235701
0.00450905,-0.0479963,-0.416117,0.235987
0.0039671,-0.0550274,-0.413755,0.236274
0.00336148,-0.0643285,-0.411394,0.236122
0.00270919,-0.0629154,-0.409033,0.235971
0.00213517,-0.0559143,-0.406674,0.235819
0.00152275,-0.064807,-0.404317,0.235667
0.000904795,-0.0556658,-0.401961,0.235515
0.000335457,-0.0583705,-0.399606,0.235364
-0.000243802,-0.0599751,-0.397253,0.235212
-0.000850764,-0.0585825,-0.394902,0.23506
-0.00146241,-0.0628004,-0.392552,0.234909
-0.00209674,-0.0649649,-0.390204,0.234757
-0.00276743,-0.0655379,-0.38786,0.233977
-0.00339901,-0.061225,-0.385524,0.233197
-0.00400078,-0.056596,-0.383196,0.232417
-0.00457444,-0.0600023,-0.380876,0.231637
-0.0051684,-0.0612322,-0.378564,0.230857
-0.00580684,-0.0648946,-0.376259,0.230076
-0.00641961,-0.0570675,-0.373962,0.229296
-0.00701042,-0.0640048,-0.371673,0.228516
-0.00763185,-0.0597222,-0.369392,0.227736
-0.00825941,-0.0664951,-0.367118,0.226956
-0.00890333,-0.0610154,-0.364854,0.225813
-0.0095231,-0.0588578,-0.362602,0.224669
-0.0101457,-0.0653435,-0.360361,0.223526
-0.010797,-0.0627292,-0.358132,0.222382
-0.0113675,-0.0513167,-0.355913,0.221239
-0.0119063,-0.0565429,-0.353707,0.220095
-0.0124907,-0.0610298,-0.351512,0.218951
-0.01315,-0.0710709,-0.349328,0.217808
-0.0138463,-0.0709307,-0.347155,0.216664
-0.014579,-0.0759338,-0.344994,0.215521
-0.0153352,-0.0740156,-0.342849,0.213624
-0.0160409,-0.0712567,-0.340722,0.211727
-0.0167881,-0.076522,-0.338614,0.20983
-0.0175214,-0.071776,-0.336525,0.207934
-0.0182169,-0.071054,-0.334456,0.206037
-0.018935,-0.0719045,-0.332405,0.20414
-0.0196537,-0.0727902,-0.330373,0.202243
-0.0203658,-0.0666883,-0.32836,0.200346
-0.0210177,-0.0699362,-0.326366,0.198449
-0.021724,-0.0703674,-0.324391,0.196552
-0.0224293,-0.0717161,-0.322436,0.194395
-0.0230734,-0.0588511,-0.320503,0.192237
-0.0236608,-0.0581453,-0.318591,0.190079
-0.024262,-0.0600728,-0.316701,0.187921
-0.024843,-0.0589543,-0.314833,0.185763
-0.0254517,-0.0639302,-0.312986,0.183605
-0.0260454,-0.056218,-0.311161,0.181447
-0.0265491,-0.0453183,-0.309357,0.179289
-0.0269836,-0.0384054,-0.307575,0.177132
-0.0273716,-0.0353681,-0.305814,0.174974
-0.0277012,-0.0342534,-0.304071,0.173815
-0.0280861,-0.0385971,-0.302338,0.172656
-0.0284495,-0.0372289,-0.300617,0.171498
-0.0288121,-0.031765,-0.298908,0.170339
-0.0291253,-0.0333588,-0.297211,0.16918
-0.029462,-0.0354658,-0.295525,0.168021
-0.0298305,-0.0359301,-0.29385,0.166863
-0.0301793,-0.034198,-0.292187,0.165704
-0.0305597,-0.0425384,-0.290536,0.164545
-0.0309909,-0.0436507,-0.288896,0.163387
-0.0314269,-0.0444506,-0.287271,0.161621
-0.0318799,-0.0463652,-0.285664,0.159855
-0.0323374,-0.0454626,-0.284074,0.158088
-0.0327683,-0.0421848,-0.282502,0.156322
-0.0331854,-0.0425247,-0.280948,0.154556
-0.0336512,-0.0480742,-0.279411,0.15279
-0.0341353,-0.047795,-0.277892,0.151024
-0.0346111,-0.0475809,-0.276391,0.149258
-0.0350916,-0.0505563,-0.274907,0.147492
-0.035588,-0.0523444,-0.273441,0.145726
-0.0361351,-0.060355,-0.271996,0.143209
-0.0366738,-0.047717,-0.270577,0.140693
-0.0371163,-0.0400339,-0.269182,0.138177
-0.0374621,-0.0290427,-0.267813,0.13566
-0.0377098,-0.0226051,-0.266469,0.133144
-0.0379121,-0.0161622,-0.26515,0.130627
-0.038064,-0.0119662,-0.263857,0.128111
-0.0381782,-0.0122109,-0.262588,0.125595
-0.0382497,-0.00103476,-0.261345,0.123078
-0.0382588,0.0033362,-0.260126,0.120562
-0.0382872,-0.0058552,-0.258924,0.119978
-0.0383352,-0.00461857,-0.257727,0.119393
-0.0383795,-0.0010275,-0.256536,0.118809
-0.038307,0.0128096,-0.255351,0.118225
-0.0381413,0.0201928,-0.254171,0.11764
-0.0378911,0.0268113,-0.252998,0.117056
-0.0375993,0.031279,-0.25183,0.116471
-0.0372966,0.0281818,-0.250668,0.115887
-0.0369889,0.0304524,-0.249513,0.115303
-0.0366564,0.0335506,-0.248362,0.114718
-0.0363259,0.0286888,-0.247212,0.115426
-0.0360482,0.0287078,-0.246054,0.116134
-0.035779,0.0257042,-0.244889,0.116843
-0.0354839,0.0298453,-0.243717,0.117551
-0.0352052,0.0274503,-0.242538,0.118259
-0.0348994,0.0329288,-0.241352,0.118967
-0.0345694,0.0332506,-0.240159,0.119675
-0.0342642,0.0289263,-0.238958,0.120383
-0.0339881,0.0269837,-0.237751,0.121091
-0.0337012,0.0312001,-0.236537,0.121799
-0.0333845,0.0295003,-0.235314,0.122659
-0.0330981,0.0287529,-0.234083,0.123518
-0.0328308,0.0243042,-0.232844,0.124378
-0.0325401,0.0306269,-0.231596,0.125237
-0.0322297,0.0285838,-0.230339,0.126097
-0.0319572,0.0281184,-0.229074,0.126957
-0.0316803,0.0278272,-0.2278,0.127816
-0.0314458,0.0184393,-0.226518,0.128676
-0.0312407,0.0239931,-0.225227,0.129535
-0.0310174,0.0234991,-0.223927,0.130395
-0.0307964,0.0196327,-0.222619,0.131192
-0.0306249,0.0165478,-0.221303,0.131989
-0.030455,0.0166247,-0.219979,0.132786
-0.0302841,0.0149994,-0.218647,0.133583
-0.0301771,0.0079178,-0.217307,0.13438
-0.0301465,-0.00165501,-0.21596,0.135177
-0.0301964,-0.00375921,-0.214604,0.135974
-0.030254,-0.00709154,-0.21324,0.136771
-0.0303061,-0.00915105,-0.211869,0.137568
-0.0304006,-0.0110246,-0.210489,0.138365
-0.0304822,-0.000892069,-0.209108,0.137879
-0.0305012,0.0033484,-0.207731,0.137392
-0.0304388,0.0085543,-0.20636,0.136906
-0.0303583,0.00546872,-0.204993,0.13642
-0.0302951,0.00602687,-0.203631,0.135934
-0.0302089,0.00819401,-0.202275,0.135447
-0.0301187,0.0105851,-0.200922,0.134961
-0.030039,0.00802136,-0.199575,0.134475
-0.0299884,0.00500315,-0.198233,0.133989
-0.0299449,0.00617182,-0.196896,0.133502
-0.0298817,0.00677023,-0.195559,0.133731
-0.0298632,-0.00574157,-0.194221,0.13396
-0.0299019,-0.00344786,-0.19288,0.134188
-0.0299398,-0.00612038,-0.191537,0.134417
-0.0300457,-0.0113583,-0.190192,0.134646
-0.030181,-0.0122819,-0.188844,0.134875
-0.0303388,-0.016139,-0.187494,0.135103
-0.0304238,-0.00311203,-0.186142,0.135332
-0.0304395,0.000932069,-0.184788,0.135561
-0.0304021,0.00266609,-0.183431,0.135789
-0.0303425,0.00894625,-0.182072,0.135919
-0.0302786,0.007382,-0.180713,0.136048
-0.0301716,0.00918827,-0.179351,0.136177
-0.0300977,0.0105181,-0.177989,0.136306
-0.0299807,0.0111538,-0.176625,0.136436
-0.0298667,0.00923025,-0.17526,0.136565
-0.0297728,0.00688643,-0.173894,0.136694
-0.0296973,0.00744005,-0.172526,0.136823
-0.029645,0.00354205,-0.171158,0.136953
-0.0296556,-0.00359175,-0.169787,0.137082
-0.0296932,-0.0068369,-0.168417,0.137034
-0.0297695,-0.00735504,-0.167047,0.136986
-0.0298029,0.00357085,-0.165677,0.136938
-0.0297606,0.00282791,-0.164308,0.13689
-0.0296911,0.00658606,-0.162939,0.136842
-0.0296261,0.00931154,-0.161571,0.136794
-0.0295123,0.0138578,-0.160203,0.136746
-0.0293503,0.0122761,-0.158836,0.136698
-0.0292526,0.00556054,-0.157469,0.13665
-0.0291832,0.00610688,-0.156103,0.136602
-0.0291479,0.00323259,-0.154735,0.137012
-0.0291227,0.00238353,-0.153363,0.137423
-0.0291388,-0.00474583,-0.151987,0.137834
-0.0291899,-0.00856016,-0.150606,0.138244
-0.0292654,-0.00787723,-0.149222,0.138655
-0.0293935,-0.0159298,-0.147833,0.139066
-0.0295528,-0.0229065,-0.14644,0.139477
-0.0297788,-0.025114,-0.145044,0.139887
-0.0300413,-0.0257246,-0.143643,0.140298
-0.0302943,-0.0261313,-0.142238,0.140709
-0.0305702,-0.0309968,-0.140835,0.13981
-0.0309269,-0.0359919,-0.139442,0.13891
-0.0312537,-0.0353454,-0.138057,0.138011
-0.031628,-0.0357704,-0.136681,0.137112
-0.0319905,-0.0366512,-0.135315,0.136213
-0.03237,-0.0410416,-0.133957,0.135314
-0.0327971,-0.0403158,-0.132608,0.134415
-0.0331624,-0.0362331,-0.131269,0.133516
-0.0335297,-0.0372128,-0.129938,0.132617
-0.0339227,-0.041602,-0.128616,0.131718
-0.0343385,-0.0411394,-0.127308,0.129934
-0.0347746,-0.0428777,-0.126018,0.128151
-0.0352627,-0.0535286,-0.124745,0.126367
-0.0357846,-0.0538787,-0.12349,0.124583
-0.0362558,-0.0453065,-0.122253,0.1228
-0.0367218,-0.049378,-0.121034,0.121016
-0.0371998,-0.0478985,-0.119833,0.119232
-0.037626,-0.0386646,-0.11865,0.117448
-0.0379783,-0.0355396,-0.117484,0.115665
-0.0383577,-0.0420571,-0.116336,0.113881
-0.0387796,-0.0441669,-0.115209,0.111689
-0.0392126,-0.0444716,-0.114103,0.109497
-0.0396524,-0.043211,-0.113019,0.107306
-0.0400572,-0.0393037,-0.111957,0.105114
-0.0404442,-0.0407892,-0.110916,0.102922
-0.0408212,-0.0330692,-0.109898,0.10073
-0.0411684,-0.0382698,-0.108902,0.0985385
-0.0415604,-0.0381158,-0.107927,0.0963467
-0.0419448,-0.0391902,-0.106975,0.094155
-0.0423557,-0.0420777,-0.106044,0.0919632
-0.0427472,-0.0370768,-0.105138,0.0893405
-0.0431168,-0.0345368,-0.104257,0.0867178
-0.0434472,-0.0318361,-0.103403,0.0840951
-0.0437824,-0.0380261,-0.102575,0.0814724
-0.0441203,-0.0336276,-0.101774,0.0788498
-0.0443902,-0.0224483,-0.100998,0.0762271
-0.0445953,-0.0210216,-0.100249,0.0736044
-0.0447811,-0.017918,-0.0995264,0.0709817
-0.0449449,-0.0163785,-0.0988297,0.068359
-0.0451029,-0.0145892,-0.0981592,0.0657364
-0.0452283,-0.0118531,-0.0975114,0.0638283
-0.0453653,-0.0141591,-0.0968826,0.0619202
-0.0454706,-0.0100224,-0.096273,0.0600121
-0.0455988,-0.0128655,-0.0956824,0.058104
-0.0457423,-0.0194613,-0.0951109,0.0561959
-0.0459237,-0.0144842,-0.0945585,0.0542878
-0.0460228,-0.00690733,-0.0940251,0.0523797
-0.0460784,-0.00456275,-0.0935109,0.0504716
-0.0461553,-0.00824654,-0.0930157,0.0485635
-0.0462248,-0.00573669,-0.0925396,0.0466555
-0.0462715,-0.00431245,-0.0920822,0.0448352
-0.0463132,-0.0076896,-0.0916429,0.0430149
-0.0463527,-0.00227434,-0.0912219,0.0411946
-0.046296,0.0114187,-0.090819,0.0393744
-0.0461808,0.0140925,-0.0904344,0.0375541
-0.0460275,0.0178965,-0.0900679,0.0357338
-0.0457574,0.0375296,-0.0897197,0.0339136
-0.0453567,0.043738,-0.0893897,0.0320933
-0.04492,0.0423488,-0.0890778,0.030273
-0.0445053,0.0380231,-0.0887842,0.0284528
-0.0441511,0.0301562,-0.0885004,0.0283138
-0.0438707,0.0267011,-0.0882179,0.0281749
-0.0436224,0.0196366,-0.0879369,0.028036
-0.0434711,0.00744664,-0.0876572,0.0278971
-0.0434164,0.00584948,-0.0873789,0.0277581
-0.0433793,0.000182484,-0.0871021,0.0276192
-0.043405,-0.00475491,-0.0868266,0.0274803
-0.0434983,-0.0087322,-0.0865524,0.0273414
-0.0435704,-0.00551524,-0.0862797,0.0272025
-0.0435954,-0.00341072,-0.0860084,0.0270635
-0.0436395,-0.00533206,-0.085747,0.0252101
-0.0436603,-0.00100334,-0.0855042,0.0233567
-0.0436715,-0.000767402,-0.0852799,0.0215034
-0.0436441,0.00103543,-0.0850741,0.01965
-0.043584,0.00841326,-0.0848869,0.0177966
-0.0435055,0.00738552,-0.0847182,0.0159432
-0.043464,-0.000256895,-0.084568,0.0140898
-0.0434559,0.00268472,-0.0844364,0.0122364
-0.0434296,-0.00133949,-0.0843233,0.010383
-0.0434386,0.000253166,-0.0842287,0.00852961
-0.0434084,0.00699892,-0.0841531,0.00659639
-0.0433264,0.0057988,-0.0840968,0.00466316
-0.0432499,0.0081113,-0.0840598,0.00272994
-0.0431885,0.00112617,-0.0840422,0.000796722
-0.043093,0.0173312,-0.0840439,-0.0011365
-0.0429201,0.0205234,-0.0840649,-0.00306972
-0.0427318,0.0131001,-0.0841053,-0.00500294
-0.0425971,0.0206527,-0.084165,-0.00693616
-0.0424233,0.0175699,-0.084244,-0.00886938
-0.0422374,0.0225872,-0.0843424,-0.0108026
-0.0419698,0.0262569,-0.0844564,-0.0120026
-0.0417107,0.0260798,-0.0845824,-0.0132025
-0.0414998,0.0169202,-0.0847205,-0.0144025
-0.0413481,0.0113951,-0.0848705,-0.0156025
-0.04126,0.00842205,-0.0850325,-0.0168025
-0.0411399,0.017071,-0.0852065,-0.0180024
-0.0409577,0.0154442,-0.0853926,-0.0192024
-0.0408062,0.0171858,-0.0855906,-0.0204024
-0.0406199,0.0192905,-0.0858006,-0.0216023
-0.0404409,0.0159136,-0.0860226,-0.0228023
-0.0402509,0.0256858,-0.0862585,-0.0243707
-0.0400336,0.0171629,-0.08651,-0.0259392
-0.0398365,0.0227727,-0.0867773,-0.0275076
-0.0395894,0.0237721,-0.0870602,-0.0290761
-0.0393794,0.0223846,-0.0873588,-0.0306445
-0.0391305,0.0266552,-0.0876731,-0.032213
-0.0388739,0.0268488,-0.0880031,-0.0337814
-0.0386233,0.0234594,-0.0883487,-0.0353498
-0.0383347,0.032929,-0.0887101,-0.0369183
-0.0379943,0.0361426,-0.0890871,-0.0384867
-0.0375902,0.0383913,-0.0894761,-0.0393178
-0.0371675,0.0452374,-0.0898734,-0.040149
-0.0367682,0.0326485,-0.0902791,-0.0409801
-0.0364832,0.0225116,-0.090693,-0.0418112
-0.0362467,0.0225954,-0.0911153,-0.0426424
-0.035999,0.0304208,-0.0915459,-0.0434735
-0.0356582,0.038237,-0.0919848,-0.0443046
-0.0352513,0.0403542,-0.092432,-0.0451357
-0.0348641,0.0395927,-0.0928875,-0.0459669
-0.0344821,0.0393479,-0.0933513,-0.046798
-0.0340604,0.043855,-0.0938227,-0.0474684
-0.0336717,0.0332195,-0.0943007,-0.0481388
-0.033339,0.032117,-0.0947854,-0.0488092
-0.0330001,0.0357611,-0.0952769,-0.0494796
-0.0326113,0.0378539,-0.095775,-0.05015
-0.0322234,0.0366434,-0.0962799,-0.0508204
-0.0318434,0.0392359,-0.0967914,-0.0514908
-0.0314212,0.0420062,-0.0973097,-0.0521612
-0.0310659,0.0337044,-0.0978347,-0.0528316
-0.0307637,0.027196,-0.0983663,-0.053502
-0.0305015,0.024178,-0.098907,-0.0546294
-0.0302308,0.0274516,-0.0994589,-0.0557568
-0.0299603,0.0260448,-0.100022,-0.0568842
-0.0297411,0.0189468,-0.100597,-0.0580117
-0.0295132,0.0278141,-0.101182,-0.0591391
-0.0292105,0.0313651,-0.101779,-0.0602665
-0.0288686,0.039701,-0.102388,-0.0613939
-0.0284836,0.0389636,-0.103007,-0.0625213
-0.0280894,0.0408653,-0.103638,-0.0636488
-0.0277093,0.0348687,-0.10428,-0.0647762
-0.0273453,0.0372919,-0.104932,-0.065618
-0.026982,0.0377579,-0.105593,-0.0664599
-0.026555,0.0455341,-0.106261,-0.0673018
-0.02611,0.0428789,-0.106939,-0.0681436
-0.0256347,0.0482979,-0.107624,-0.0689855
-0.0251815,0.0421802,-0.108318,-0.0698273
-0.0247458,0.0443302,-0.109021,-0.0706692
-0.0242904,0.0486364,-0.109732,-0.071511
-0.0238025,0.0479685,-0.110451,-0.0723529
-0.0233403,0.0416931,-0.111179,-0.0731947
-0.0229677,0.0344183,-0.111913,-0.0736963
-0.0225697,0.0449701,-0.112653,-0.0741979
-0.0220552,0.0543491,-0.113397,-0.0746995
-0.0215083,0.0554939,-0.114147,-0.0752011
-0.0209616,0.0535171,-0.114901,-0.0757027
-0.0204676,0.046471,-0.115661,-0.0762043
-0.0200394,0.0396119,-0.116425,-0.0767058
-0.0196486,0.0365659,-0.117195,-0.0772074
-0.0193049,0.0324484,-0.117969,-0.077709
-0.0189773,0.0294936,-0.118749,-0.0782106
-0.0186594,0.0327495,-0.119536,-0.0791288
-0.0183178,0.0341024,-0.120332,-0.0800469
-0.0179898,0.0364618,-0.121137,-0.0809651
-0.0176446,0.0318813,-0.121951,-0.0818832
-0.0172752,0.0422111,-0.122774,-0.0828014
-0.0168323,0.0468927,-0.123607,-0.0837195
-0.0163709,0.0438849,-0.124449,-0.0846377
-0.0159297,0.0377526,-0.1253,-0.0855558
-0.0155563,0.0388325,-0.12616,-0.086474
-0.015145,0.0396135,-0.127029,-0.0873922
-0.0147504,0.0383661,-0.127905,-0.0878679
-0.014386,0.0337684,-0.128787,-0.0883437
-0.0140328,0.0377222,-0.129672,-0.0888195
-0.0135989,0.0465346,-0.130563,-0.0892953
-0.0131244,0.0501962,-0.131458,-0.0897711
-0.0125799,0.0569836,-0.132358,-0.0902469
-0.0119939,0.0578437,-0.133263,-0.0907227
-0.0114397,0.0559915,-0.134173,-0.0911984
-0.0109133,0.054061,-0.135087,-0.0916742
-0.0103204,0.060655,-0.136006,-0.09215
-0.00969729,0.0628066,-0.136925,-0.0916259
-0.00908878,0.0604843,-0.137839,-0.0911018
-0.00848471,0.0632477,-0.138747,-0.0905777
-0.00785633,0.0627602,-0.13965,-0.0900536
-0.00717385,0.0746448,-0.140548,-0.0895295
-0.00648343,0.0647017,-0.141441,-0.0890054
-0.00582875,0.0657435,-0.142328,-0.0884812
-0.00518046,0.0624622,-0.143211,-0.0879571
-0.00456619,0.0586878,-0.144088,-0.087433
-0.00401162,0.0573367,-0.144959,-0.0869089
-0.00340154,0.06078,-0.145825,-0.0862142
-0.00286765,0.0467292,-0.146684,-0.0855195
-0.00244952,0.0396409,-0.147535,-0.0848248
-0.0020026,0.0468234,-0.14838,-0.0841301
-0.00156548,0.0425272,-0.149218,-0.0834354
-0.00111805,0.0493973,-0.150049,-0.0827407
-0.000620957,0.0485062,-0.150873,-0.082046
-0.000188675,0.0408002,-0.15169,-0.0813513
0.000210153,0.0426712,-0.1525,-0.0806566
0.000649266,0.0415373,-0.153303,-0.0799619
0.00104891,0.0380667,-0.154101,-0.0796664
0.00144377,0.0380817,-0.154896,-0.0793708
0.00182692,0.0365669,-0.155688,-0.0790753
0.00221083,0.0393142,-0.156478,-0.0787798
0.00261811,0.0411336,-0.157264,-0.0784842
0.00306593,0.0470656,-0.158047,-0.0781887
0.00353012,0.0461135,-0.158828,-0.0778931
0.00396529,0.0380311,-0.159605,-0.0775976
0.00433711,0.0366685,-0.16038,-0.0773021
0.00467991,0.028871,-0.161151,-0.0770065
0.0049985,0.0326131,-0.161922,-0.0770564
0.00533675,0.0364731,-0.162692,-0.0771063
0.00574922,0.0423115,-0.163464,-0.0771561
0.00612914,0.0330917,-0.164235,-0.077206
0.00647667,0.0351361,-0.165008,-0.0772559
0.00686424,0.0400354,-0.165781,-0.0773058
0.00733235,0.0480206,-0.166554,-0.0773557
0.00784637,0.0526901,-0.167328,-0.0774055
0.00839086,0.0544034,-0.168102,-0.0774554
0.00886587,0.0401307,-0.168877,-0.0775053
0.00925176,0.0366169,-0.169649,-0.0769336
0.00963611,0.0404719,-0.170415,-0.0763618
0.0100658,0.0466221,-0.171176,-0.0757901
0.0105487,0.0473244,-0.171931,-0.0752184
0.0110283,0.0482733,-0.172681,-0.0746467
0.0115124,0.051111,-0.173424,-0.0740749
0.0120253,0.0499911,-0.174162,-0.0735032
0.0125336,0.055258,-0.174894,-0.0729315
0.01306,0.0523762,-0.175621,-0.0723597
0.0135211,0.041328,-0.176341,-0.071788
0.0139593,0.0451275,-0.177055,-0.070915
0.0143808,0.0446384,-0.17776,-0.070042
0.0148082,0.0416148,-0.178456,-0.0691689
0.0152138,0.0388354,-0.179143,-0.0682959
0.0156153,0.0424054,-0.179822,-0.0674229
0.0160571,0.0483293,-0.180492,-0.0665499
0.0165436,0.0480625,-0.181153,-0.0656768
0.01705,0.0497857,-0.181805,-0.0648038
0.0175345,0.0486162,-0.182449,-0.0639308
0.017981,0.0448514,-0.183084,-0.0630578
0.0184066,0.03891,-0.183708,-0.061752
0.0188125,0.0436384,-0.184319,-0.0604463
0.019233,0.0371549,-0.184917,-0.0591405
0.0196177,0.0399868,-0.185502,-0.0578348
0.019979,0.0334974,-0.186073,-0.056529
0.0203136,0.0336049,-0.186632,-0.0552233
0.0206059,0.0304901,-0.187178,-0.0539175
0.0209189,0.0310158,-0.187711,-0.0526118
0.021253,0.0356085,-0.18823,-0.051306
0.0216044,0.0340562,-0.188737,-0.0500003
0.0219733,0.035254,-0.189231,-0.0488386
0.0223346,0.0381329,-0.189713,-0.047677
0.0227236,0.0409713,-0.190184,-0.0465154
0.0230988,0.036827,-0.190644,-0.0453538
0.0234847,0.0400182,-0.191091,-0.0441922
0.0238852,0.0359733,-0.191528,-0.0430306
0.0241965,0.0284291,-0.191952,-0.041869
0.0244914,0.029298,-0.192365,-0.0407074
0.024813,0.0332388,-0.192766,-0.0395458
0.0251406,0.0332278,-0.193156,-0.0383842
0.0255018,0.0370032,-0.193533,-0.0369671
0.0258599,0.0306978,-0.193895,-0.03555
0.0261593,0.0299847,-0.194244,-0.0341329
0.0264448,0.0280538,-0.194578,-0.0327158
0.0266823,0.0215761,-0.194898,-0.0312987
0.0268894,0.0218279,-0.195204,-0.0298815
0.0271355,0.0270901,-0.195496,-0.0284644
0.0273901,0.0207824,-0.195773,-0.0270473
0.0275763,0.0221671,-0.196037,-0.0256302
0.0278424,0.0314952,-0.196286,-0.0242131
0.0280823,0.0175705,-0.19652,-0.0225763
0.0282564,0.014841,-0.196737,-0.0209394
0.0283926,0.0104508,-0.196938,-0.0193025
0.0284927,0.0119222,-0.197123,-0.0176657
0.0286064,0.00813745,-0.197292,-0.0160288
0.0286944,0.0115324,-0.197444,-0.014392
0.0288443,0.0142767,-0.19758,-0.0127551
0.0289837,0.00870763,-0.197699,-0.0111183
0.0290681,0.0087376,-0.197802,-0.00948141
0.0291551,0.00898431,-0.197889,-0.00784455
0.0292178,0.000621578,-0.197962,-0.00688661
0.0292312,0.000618392,-0.198026,-0.00592868
0.0292179,-0.00258913,-0.198081,-0.00497074
0.0291658,-0.0067116,-0.198126,-0.00401281
0.0290688,-0.0111511,-0.198161,-0.00305487
0.0289469,-0.0111558,-0.198187,-0.00209693
0.0288023,-0.0171855,-0.198203,-0.001139
0.0286108,-0.0185449,-0.19821,-0.000181062
0.0284028,-0.0239264,-0.198207,0.000776874
0.0281368,-0.0292759,-0.198194,0.00173481
0.0278051,-0.0351917,-0.19818,0.00116739
0.0274712,-0.0308121,-0.198171,0.000599966
0.0271784,-0.0310787,-0.198168,3.25435e-05
0.0268814,-0.0304878,-0.19817,-0.000534878
0.0266051,-0.0248212,-0.198178,-0.0011023
0.0263447,-0.0248143,-0.198192,-0.00166972
0.0261133,-0.0202662,-0.198212,-0.00223714
0.0259068,-0.0201189,-0.198237,-0.00280457
0.0257548,-0.0143453,-0.198268,-0.00337199
0.0255883,-0.01496,-0.198304,-0.00393941
0.0254707,-0.0107147,-0.198344,-0.00408752
0.0253657,-0.00881609,-0.198386,-0.00423563
0.0252643,-0.0117415,-0.198429,-0.00438374
0.0251459,-0.00919151,-0.198474,-0.00453186
0.025043,-0.012129,-0.19852,-0.00467997
0.0248797,-0.0165684,-0.198567,-0.00482808
0.0247389,-0.0132765,-0.198616,-0.00497619
0.0246081,-0.0137231,-0.198667,-0.0051243
0.0244604,-0.0158347,-0.198719,-0.00527241
0.0242825,-0.0230015,-0.198772,-0.00542052
0.0240175,-0.0310584,-0.198829,-0.00598249
0.023716,-0.0301858,-0.198892,-0.00654446
0.0234386,-0.0283001,-0.19896,-0.00710644
0.023183,-0.02538,-0.199034,-0.00766841
0.0229465,-0.0205677,-0.199114,-0.00823038
0.0227414,-0.0191764,-0.199199,-0.00879235
0.0225355,-0.0219516,-0.199289,-0.00935432
0.0223281,-0.0162274,-0.199386,-0.00991629
0.0221814,-0.0133413,-0.199488,-0.0104783
0.0220532,-0.0087606,-0.199595,-0.0110402
0.0219618,-0.00869652,-0.199706,-0.0111739
0.0218957,-0.0086474,-0.199819,-0.0113075
0.0217957,-0.0127719,-0.199933,-0.0114411
0.0216709,-0.013466,-0.200048,-0.0115747
0.0214921,-0.0209754,-0.200164,-0.0117084
0.0212202,-0.0312873,-0.200282,-0.011842
0.0209522,-0.0242938,-0.200401,-0.0119756
0.020682,-0.0296758,-0.200521,-0.0121093
0.0204339,-0.0224874,-0.200643,-0.0122429
0.0201961,-0.0268788,-0.200766,-0.0123765
0.0199164,-0.0282519,-0.200895,-0.0133708
0.0196584,-0.021505,-0.201034,-0.0143651
0.0194988,-0.0142291,-0.201182,-0.0153594
0.0193584,-0.0169265,-0.201341,-0.0163537
0.0191849,-0.0174709,-0.201509,-0.017348
0.0190038,-0.0171425,-0.201688,-0.0183423
0.0188711,-0.0124627,-0.201876,-0.0193366
0.0187661,-0.0110566,-0.202075,-0.0203309
0.0186686,-0.00611204,-0.202283,-0.0213253
0.0186173,-0.00172403,-0.202501,-0.0223196
0.0185565,-0.01222,-0.202725,-0.0224591
0.0184051,-0.0155769,-0.20295,-0.0225986
0.018289,-0.0146739,-0.203177,-0.0227381
0.0181456,-0.0156726,-0.203405,-0.0228776
0.0179911,-0.0133017,-0.203634,-0.0230171
0.0178107,-0.0236815,-0.203865,-0.0231566
0.0175383,-0.0306212,-0.204098,-0.0232961
0.0172401,-0.0302675,-0.204331,-0.0234356
0.0169271,-0.0339764,-0.204566,-0.0235751
0.0165564,-0.0365645,-0.204803,-0.0237146
0.0162184,-0.0301839,-0.205048,-0.0254303
0.0159613,-0.0192605,-0.205311,-0.0271459
0.015776,-0.0166321,-0.205591,-0.0288616
0.0155951,-0.0207403,-0.205889,-0.0305772
0.0154019,-0.0180476,-0.206203,-0.0322928
0.0152796,-0.00794058,-0.206534,-0.0340085
0.0152322,0.000790869,-0.206883,-0.0357241
0.0152694,0.00895176,-0.207249,-0.0374398
0.015343,0.00715211,-0.207632,-0.0391554
0.0153837,0.00454154,-0.208032,-0.0408711
0.0154273,0.00405286,-0.208442,-0.0411438
0.0154712,0.00541291,-0.208855,-0.0414166
0.015511,0.0015916,-0.20927,-0.0416893
0.0155282,0.0029001,-0.209689,-0.041962
0.0155306,-0.0054547,-0.21011,-0.0422347
0.015493,-0.00158748,-0.210533,-0.0425075
0.0155112,0.00170211,-0.21096,-0.0427802
0.0155751,0.0140361,-0.211389,-0.0430529
0.0156877,0.0122498,-0.211821,-0.0433257
0.0158501,0.0166007,-0.212255,-0.0435984
0.0160378,0.0224288,-0.21269,-0.0433922
0.0162669,0.0247545,-0.213123,-0.043186
0.016507,0.0262088,-0.213554,-0.0429798
0.0167243,0.0190686,-0.213983,-0.0427736
0.0168864,0.0158115,-0.21441,-0.0425674
0.0170771,0.0191602,-0.214834,-0.0423612
0.017232,0.0149851,-0.215257,-0.042155
0.0173912,0.0166104,-0.215677,-0.0419488
0.0175295,0.0102253,-0.216096,-0.0417426
0.0176426,0.0135123,-0.216512,-0.0415364
0.0177495,0.00740154,-0.216927,-0.0413691
0.0178337,0.00441876,-0.21734,-0.0412017
0.0178532,-0.00167848,-0.217751,-0.0410344
0.0178231,-0.00517803,-0.21816,-0.040867
0.0178228,0.00566856,-0.218568,-0.0406996
0.017857,0.000255156,-0.218974,-0.0405323
0.0178526,0.00261977,-0.219379,-0.0403649
0.0178929,0.00593242,-0.219782,-0.0401976
0.0179445,0.00479958,-0.220183,-0.0400302
0.0179903,0.00583323,-0.220582,-0.0398629
0.0180843,0.0123732,-0.220981,-0.0399927
0.0181775,0.00761741,-0.221382,-0.0401226
0.0182911,0.0128339,-0.221784,-0.0402524
0.0184452,0.015846,-0.222187,-0.0403823
0.0186174,0.0190497,-0.222592,-0.0405121
0.0188025,0.0197033,-0.222997,-0.0406419
0.0190022,0.0210645,-0.223404,-0.0407718
0.0192366,0.0271259,-0.223813,-0.0409016
0.0195418,0.0319758,-0.224222,-0.0410315
0.0198802,0.0335216,-0.224633,-0.0411613
0.0202599,0.0408407,-0.22504,-0.040076
0.0206343,0.0347841,-0.225435,-0.0389906
0.0209909,0.0347622,-0.225819,-0.0379052
0.0213467,0.0313458,-0.226193,-0.0368198
0.0216268,0.0241278,-0.226556,-0.0357344
0.0218491,0.0208986,-0.226908,-0.034649
0.0220259,0.0190234,-0.227249,-0.0335637
0.0221727,0.00916713,-0.227579,-0.0324783
0.0222958,0.014679,-0.227898,-0.0313929
0.022451,0.0148212,-0.228207,-0.0303075
0.0226277,0.021804,-0.228507,-0.0297664
0.0228015,0.0151917,-0.228802,-0.0292252
0.0230067,0.0244016,-0.229092,-0.028684
0.0232245,0.0178212,-0.229376,-0.0281429
0.0234107,0.0158706,-0.229655,-0.0276017
0.0235885,0.0207216,-0.229928,-0.0270606
0.0238143,0.0247886,-0.230196,-0.0265194
0.0240677,0.0272966,-0.230458,-0.0259783
0.0243458,0.0280766,-0.230715,-0.0254371
0.0246435,0.0328871,-0.230967,-0.0248959
0.0249878,0.0314091,-0.231209,-0.023439
0.0252984,0.0304301,-0.231436,-0.0219821
0.0255852,0.0302281,-0.231648,-0.0205252
0.0258902,0.0304927,-0.231846,-0.0190682
0.02617,0.0263885,-0.23203,-0.0176113
0.0264589,0.0313037,-0.232199,-0.0161544
0.0267662,0.0301685,-0.232353,-0.0146975
0.027045,0.0256148,-0.232492,-0.0132406
0.0272857,0.0228227,-0.232618,-0.0117836
0.0275214,0.0189636,-0.232728,-0.0103267
0.0276956,0.0162518,-0.232826,-0.00914613
0.0278795,0.0187375,-0.232911,-0.00796555
0.0280294,0.00797492,-0.232985,-0.00678497
0.0281183,0.0110875,-0.233047,-0.00560439
0.0281774,0.00212623,-0.233097,-0.00442381
0.0281551,-0.00518578,-0.233135,-0.00324323
0.0281151,-0.00226301,-0.233162,-0.00206265
0.0280838,-0.00440259,-0.233176,-0.000882075
0.0280729,0.0002259,-0.233179,0.000298505
0.0280614,-0.00524181,-0.233171,0.00147908
0.028055,-0.000570295,-0.233154,0.00181979
0.0280102,-0.0115955,-0.233134,0.0021605
0.0278734,-0.0147055,-0.233111,0.00250121
0.0277418,-0.00940981,-0.233084,0.00284192
0.0277071,-0.000397785,-0.233054,0.00318263
0.0277052,0.00162098,-0.23302,0.00352334
0.0277714,0.0111788,-0.232984,0.00386405
0.027907,0.0149337,-0.232943,0.00420476
0.0280851,0.0239426,-0.232899,0.00454547
0.0283389,0.0267284,-0.232852,0.00488618
0.0286143,0.0296323,-0.232795,0.00662859
0.0288836,0.023573,-0.23272,0.00837101
0.0290786,0.0198428,-0.232627,0.0101134
0.0292734,0.0187008,-0.232517,0.0118558
0.0294703,0.0185473,-0.23239,0.0135983
0.0296847,0.021757,-0.232245,0.0153407
0.0298807,0.0227136,-0.232083,0.0170831
0.0300775,0.0187845,-0.231904,0.0188255
0.0302605,0.0158888,-0.231707,0.0205679
0.0304418,0.0201534,-0.231492,0.0223103
0.0306194,0.0175719,-0.23126,0.0240991
0.0307739,0.0114001,-0.23101,0.0258878
0.0308719,0.00949609,-0.230743,0.0276766
0.030985,0.0122881,-0.230457,0.0294654
0.0311389,0.0167216,-0.230153,0.0312541
0.0312537,0.00637279,-0.229832,0.0330429
0.0313236,0.00178839,-0.229492,0.0348316
0.0313336,0.00284118,-0.229135,0.0366204
0.0313381,-0.00241121,-0.22876,0.0384091
0.0313236,0.00341498,-0.228367,0.0401979
0.0313908,0.0101167,-0.227958,0.0415653
0.0315037,0.00810069,-0.227536,0.0429328
0.0316104,0.00879829,-0.2271,0.0443003
0.0316597,0.0026132,-0.22665,0.0456677
0.0316664,0.00309255,-0.226186,0.0470352
0.0316798,0.00121633,-0.225709,0.0484026
0.0316898,-0.000434957,-0.225218,0.0497701
0.0316837,-0.0029563,-0.224714,0.0511375
0.0316136,-0.00934023,-0.224195,0.052505
0.031537,-0.00452141,-0.223664,0.0538724
0.0314667,-0.00723605,-0.223119,0.0551091
0.0313594,-0.0145216,-0.222561,0.0563457
0.0312365,-0.0101939,-0.221992,0.0575824
0.0311196,-0.0127203,-0.22141,0.058819
0.0309797,-0.0149322,-0.220815,0.0600556
0.0308644,-0.00728887,-0.220209,0.0612923
0.0307847,-0.0101047,-0.219589,0.0625289
0.0307053,-0.0085536,-0.218958,0.0637656
0.0305895,-0.0118608,-0.218314,0.0650022
0.0304632,-0.0114235,-0.217658,0.0662389
0.0303513,-0.00846761,-0.21699,0.0673203
0.03032,0.00206853,-0.216312,0.0684018
0.0303511,0.00446531,-0.215622,0.0694832
0.0303612,-0.00100474,-0.214922,0.0705647
0.0303723,0.000182812,-0.214211,0.0716462
0.0303626,0.00367296,-0.213489,0.0727276
0.0303574,-0.00256384,-0.212756,0.0738091
0.0303885,0.00593237,-0.212013,0.0748905
0.0304818,0.0113993,-0.211258,0.075972
0.0305428,-1.85295e-05,-0.210493,0.0770534
0.0305397,0.00179805,-0.209714,0.0787805
0.030543,0.00116484,-0.208918,0.0805075
0.0305773,0.00681313,-0.208104,0.0822346
0.0306581,0.0102825,-0.207273,0.0839616
0.0308181,0.0185874,-0.206425,0.0856886
0.0309758,0.0114924,-0.205559,0.0874157
0.0310742,0.00546753,-0.204676,0.0891427
0.0310974,-0.00214262,-0.203776,0.0908697
0.0310262,-0.00801983,-0.202859,0.0925968
0.0309371,-0.00816662,-0.201924,0.0943238
0.0308633,-0.00296042,-0.200973,0.0959769
0.0308414,-0.00377845,-0.200005,0.0976301
0.0308173,-0.000917875,-0.19902,0.0992832
0.0308467,0.00585738,-0.198019,0.100936
0.0309473,0.0138263,-0.197002,0.102589
0.0310885,0.0118647,-0.195967,0.104243
0.0312615,0.0192813,-0.194917,0.105896
0.0314052,0.010681,-0.19385,0.107549
0.0315147,0.0118347,-0.192766,0.109202
0.0316708,0.0207932,-0.191666,0.110855
0.0318695,0.0158163,-0.190541,0.114003
0.0320223,0.0128787,-0.189385,0.117152
0.0321373,0.00833868,-0.188198,0.1203
0.0322134,0.0088234,-0.186979,0.123448
0.0323486,0.0169862,-0.185729,0.126597
0.0325073,0.0149494,-0.184448,0.129745
0.032629,0.00721643,-0.183134,0.132894
0.0326634,0.000220207,-0.18179,0.136042
0.0326315,-0.00151066,-0.180413,0.13919
0.032605,-0.0035808,-0.179006,0.142339
0.0325983,0.00225182,-0.177569,0.144953
0.0326097,0.00137231,-0.176107,0.147567
0.0325733,-0.0114289,-0.174618,0.150182
0.0324362,-0.0177001,-0.173103,0.152796
0.032258,-0.0174102,-0.171562,0.15541
0.0320487,-0.0279979,-0.169995,0.158025
0.0317612,-0.027484,-0.168402,0.160639
0.0314736,-0.0325901,-0.166782,0.163253
0.0311765,-0.0270894,-0.165137,0.165867
0.0309331,-0.0216701,-0.163465,0.168482
0.0306884,-0.0232437,-0.161769,0.170654
0.0304809,-0.0236423,-0.160052,0.172826
0.0302519,-0.0250594,-0.158313,0.174998
0.0300312,-0.0192039,-0.156552,0.17717
0.0298432,-0.0177466,-0.154769,0.179342
0.029727,-0.00631818,-0.152965,0.181514
0.0296852,-0.0047497,-0.151139,0.183687
0.0296062,-0.00930248,-0.149291,0.185859
0.0295182,-0.00873968,-0.147422,0.188031
0.0293843,-0.0195501,-0.145531,0.190203
0.029155,-0.0251937,-0.143616,0.192736
0.0289425,-0.0203429,-0.141676,0.195268
0.028694,-0.0296091,-0.139711,0.197801
0.0283991,-0.0301063,-0.13772,0.200334
0.0280975,-0.0300976,-0.135704,0.202866
0.0278006,-0.0278994,-0.133663,0.205399
0.027568,-0.0186941,-0.131596,0.207932
0.0273959,-0.0113724,-0.129504,0.210465
0.0272159,-0.0227538,-0.127387,0.212997
0.0269894,-0.0214948,-0.125244,0.21553
0.0267532,-0.0221947,-0.123075,0.218271
0.0264714,-0.0345224,-0.120879,0.221012
0.026074,-0.0397731,-0.118655,0.223753
0.0257069,-0.0339211,-0.116403,0.226494
0.0253584,-0.0322205,-0.114125,0.229235
0.0250359,-0.0341879,-0.111819,0.231976
0.0246449,-0.0436176,-0.109485,0.234717
0.024237,-0.0372601,-0.107124,0.237459
0.0238806,-0.0385411,-0.104736,0.2402
0.0234397,-0.0498558,-0.10232,0.242941
0.0229262,-0.0530815,-0.0998819,0.244766
0.0223875,-0.0552429,-0.0974251,0.246591
0.0218561,-0.0525213,-0.0949501,0.248416
0.0213255,-0.0543887,-0.0924568,0.250241
0.0207736,-0.0555146,-0.0899452,0.252066
0.0202323,-0.0486634,-0.0874155,0.253891
0.0197343,-0.0540896,-0.0848674,0.255716
0.0192197,-0.0517246,-0.0823011,0.257541
0.0187053,-0.0563665,-0.0797166,0.259366
0.0181227,-0.0596324,-0.0771138,0.261191
0.0175199,-0.0603622,-0.0744944,0.262692
0.016978,-0.0503606,-0.07186,0.264193
0.0164643,-0.0508179,-0.0692105,0.265694
0.0159615,-0.0520472,-0.0665461,0.267196
0.0154096,-0.0579063,-0.0638666,0.268697
0.014829,-0.0553613,-0.0611721,0.270198
0.0142094,-0.0663978,-0.0584627,0.271699
0.013501,-0.0735292,-0.0557382,0.2732
0.0127252,-0.0801837,-0.0529987,0.274701
0.0118846,-0.0873474,-0.0502442,0.276202
0.0109799,-0.0948032,-0.0474804,0.276548
0.0100531,-0.0902511,-0.0447132,0.276894
0.00915279,-0.0889552,-0.0419425,0.27724
0.008195,-0.102639,-0.0391684,0.277585
0.0071923,-0.100084,-0.0363908,0.277931
0.0061874,-0.101678,-0.0336098,0.278277
0.00518915,-0.0987887,-0.0308253,0.278623
0.00421531,-0.0914136,-0.0280373,0.278969
0.00329749,-0.0947732,-0.0252459,0.279315
0.00237303,-0.0888065,-0.022451,0.279661
0.00147028,-0.0917486,-0.0196544,0.279667
0.00052274,-0.0963202,-0.0168577,0.279674
-0.000477422,-0.103774,-0.0140609,0.27968
-0.0015258,-0.107034,-0.0112641,0.279687
-0.00257597,-0.101818,-0.00846718,0.279693
-0.00360681,-0.104682,-0.00567022,0.2797
-0.00466485,-0.107941,-0.00287319,0.279706
-0.00580591,-0.118083,-7.60908e-05,0.279713
-0.00698004,-0.119381,0.00272107,0.279719
-0.00814335,-0.11067,0.00551829,0.279726
-0.00916806,-0.0985086,0.00830917,0.278448
-0.0101239,-0.0968488,0.0110873,0.277171
-0.0110332,-0.0847093,0.0138526,0.275894
-0.0118321,-0.0743207,0.0166051,0.274616
-0.0125698,-0.0730558,0.0193449,0.273339
-0.013305,-0.0704249,0.0220719,0.272062
-0.0139433,-0.0621958,0.0247861,0.270784
-0.0145586,-0.062245,0.0274876,0.269507
-0.0151595,-0.0590225,0.0301763,0.26823
-0.0157333,-0.0571544,0.0328522,0.266952
-0.0162902,-0.0564311,0.0355245,0.267511
-0.0168303,-0.0513985,0.0382024,0.268071
-0.0173646,-0.0521711,0.0408859,0.26863
-0.0179122,-0.0544885,0.043575,0.269189
-0.0184484,-0.0513369,0.0462697,0.269748
-0.0190099,-0.0513877,0.04897,0.270307
-0.0195193,-0.0557797,0.0516758,0.270866
-0.0200527,-0.0525473,0.0543873,0.271425
-0.0206006,-0.0562282,0.0571044,0.271985
-0.0211629,-0.0541181,0.059827,0.272544
-0.021691,-0.0508562,0.0625555,0.27315
-0.022186,-0.0462197,0.06529,0.273757
-0.0226737,-0.0503242,0.0680306,0.274363
-0.0231317,-0.0432663,0.0707773,0.274969
-0.0235925,-0.0518772,0.07353,0.275576
-0.0241105,-0.0532037,0.0762888,0.276182
-0.024681,-0.0584905,0.0790536,0.276788
-0.0252632,-0.0591037,0.0818245,0.277395
-0.0258469,-0.0583094,0.0846015,0.278001
-0.0263786,-0.0534303,0.0873846,0.278608
-0.0269181,-0.0581604,0.0901735,0.279179
-0.0275418,-0.0649985,0.0929681,0.279751
-0.0282091,-0.0670613,0.0957685,0.280323
-0.0289312,-0.0752618,0.0985746,0.280894
-0.0296459,-0.071398,0.101386,0.281466
-0.0303659,-0.0721881,0.104204,0.282038
-0.0310713,-0.0659033,0.107027,0.28261
-0.0317474,-0.0694192,0.109856,0.283181
-0.0324217,-0.0669007,0.112691,0.283753
-0.0331151,-0.0722845,0.115531,0.284325
-0.0337921,-0.0651867,0.118373,0.283973
-0.0344677,-0.0698726,0.121211,0.283622
-0.0351351,-0.0678091,0.124045,0.283271
-0.0357729,-0.0619401,0.126876,0.282919
-0.0363845,-0.0613098,0.129703,0.282568
-0.0369926,-0.0623864,0.132527,0.282216
-0.037633,-0.0646459,0.135348,0.281865
-0.0382586,-0.0596034,0.138165,0.281513
-0.0388562,-0.0588689,0.140978,0.281162
-0.0394019,-0.049105,0.143788,0.28081
-0.0398751,-0.0458758,0.146598,0.2812
-0.0403222,-0.0437143,0.149412,0.28159
-0.0407349,-0.0402704,0.15223,0.281979
-0.0410628,-0.0268898,0.155052,0.282369
-0.0413646,-0.0331755,0.157877,0.282758
-0.0417233,-0.0397166,0.160707,0.283148
-0.0421041,-0.0341457,0.16354,0.283538
-0.0424509,-0.0331196,0.166377,0.283927
-0.0427745,-0.0327154,0.169219,0.284317
-0.043083,-0.0306095,0.172064,0.284706
-0.0433894,-0.03428,0.174917,0.285848
-0.0437109,-0.0293594,0.177781,0.286989
-0.0440385,-0.0328913,0.180656,0.288131
-0.0443903,-0.0384396,0.183543,0.289272
-0.044793,-0.0431037,0.186442,0.290413
-0.045276,-0.049486,0.189352,0.291555
-0.0457745,-0.0481913,0.192273,0.292696
-0.0462979,-0.0543864,0.195206,0.293837
-0.0468277,-0.0499728,0.19815,0.294979
-0.047367,-0.0589183,0.201105,0.29612
-0.0479728,-0.0605787,0.204066,0.296122
-0.0485891,-0.0659059,0.207028,0.296124
-0.0492709,-0.0684031,0.209989,0.296125
-0.0499589,-0.0733812,0.21295,0.296127
-0.0507205,-0.0782432,0.215911,0.296129
-0.0514943,-0.074227,0.218873,0.29613
-0.0522411,-0.0732523,0.221834,0.296132
-0.0529808,-0.0773526,0.224795,0.296134
-0.0537879,-0.0804781,0.227757,0.296135
-0.0546222,-0.085489,0.230718,0.296137
-0.0555146,-0.0917799,0.233673,0.294798
-0.0563992,-0.0862825,0.236614,0.293459
-0.0572668,-0.0902177,0.239542,0.29212
-0.0581291,-0.0842991,0.242456,0.290781
-0.058973,-0.0863277,0.245357,0.289442
-0.0598297,-0.0856713,0.248245,0.288102
-0.0606584,-0.0800435,0.251119,0.286763
-0.061453,-0.0784477,0.25398,0.285424
-0.0622581,-0.0830927,0.256828,0.284085
-0.0631218,-0.0871953,0.259662,0.282746
-0.0639418,-0.0777381,0.26248,0.28088
-0.0647123,-0.0737758,0.26528,0.279014
-0.0654427,-0.071054,0.268061,0.277147
-0.0661017,-0.0649207,0.270823,0.275281
-0.0667868,-0.069045,0.273566,0.273415
-0.0674865,-0.0699382,0.276291,0.271549
-0.0682404,-0.0746431,0.278997,0.269683
-0.0690009,-0.0770604,0.281685,0.267816
-0.0697535,-0.0746838,0.284353,0.26595
-0.070474,-0.0667301,0.287004,0.264084
-0.0711154,-0.0611724,0.289637,0.262597
-0.0717192,-0.0602601,0.292256,0.26111
-0.0723188,-0.0574443,0.294859,0.259623
-0.0729147,-0.0608913,0.297448,0.258136
-0.0735302,-0.0595029,0.300022,0.256649
-0.0741194,-0.0593159,0.302581,0.255161
-0.0746769,-0.0558887,0.305125,0.253674
-0.0752393,-0.0553639,0.307654,0.252187
-0.0758346,-0.0641948,0.310169,0.2507
-0.0764551,-0.0607855,0.312668,0.249213
-0.0770766,-0.0624763,0.315153,0.247598
-0.0777129,-0.062699,0.31762,0.245983
-0.0783592,-0.0657086,0.320072,0.244367
-0.0790358,-0.072413,0.322508,0.242752
-0.0798047,-0.084539,0.324927,0.241137
-0.080626,-0.0814438,0.327331,0.239522
-0.0814669,-0.0856566,0.329718,0.237907
-0.0823521,-0.0899875,0.332089,0.236291
-0.0833089,-0.0932487,0.334443,0.234676
-0.0841942,-0.0848452,0.336782,0.233061
-0.0850326,-0.084222,0.339097,0.229961
-0.0858938,-0.0847335,0.341381,0.226861
-0.0867393,-0.0820406,0.343635,0.223761
-0.0875511,-0.0822397,0.345857,0.220661
-0.0883861,-0.0831175,0.348048,0.217561
-0.0892446,-0.0854294,0.350208,0.214462
-0.0900805,-0.0818138,0.352337,0.211362
-0.0908954,-0.079468,0.354435,0.208262
-0.0916765,-0.0744272,0.356502,0.205162
-0.0923864,-0.0692011,0.358538,0.202062
-0.0930992,-0.075404,0.360543,0.198925
-0.0938729,-0.0759069,0.362517,0.195787
-0.0946368,-0.0768047,0.364459,0.19265
-0.0954235,-0.0798983,0.36637,0.189513
-0.0961769,-0.0734403,0.368249,0.186375
-0.0968838,-0.067202,0.370097,0.183238
-0.0975377,-0.0613297,0.371914,0.180101
-0.0981107,-0.0493846,0.373699,0.176963
-0.0985954,-0.0470896,0.375453,0.173826
-0.0990939,-0.0547993,0.377176,0.170689
-0.0996238,-0.052991,0.378867,0.16751
-0.100137,-0.0493379,0.380526,0.164332
-0.100579,-0.0423242,0.382153,0.161154
-0.101016,-0.048412,0.383749,0.157976
-0.101552,-0.0556672,0.385313,0.154798
-0.102116,-0.055675,0.386845,0.15162
-0.102679,-0.0540778,0.388345,0.148442
-0.1032,-0.0473183,0.389814,0.145263
-0.103681,-0.047536,0.391251,0.142085
-0.104106,-0.0413282,0.392656,0.138907
-0.104486,-0.0320798,0.394029,0.135706
-0.104799,-0.0267432,0.39537,0.132505
-0.105093,-0.0350717,0.396679,0.129305
-0.105369,-0.0216001,0.397956,0.126104
-0.10554,-0.0111441,0.399201,0.122903
-0.105587,-0.000249798,0.400414,0.119702
-0.105541,0.00457626,0.401595,0.116501
-0.10544,0.0127145,0.402744,0.113301
-0.105348,0.00423993,0.403861,0.1101
-0.105263,0.00912652,0.404946,0.106899
-0.105147,0.0145731,0.406007,0.105381
-0.104989,0.0201945,0.407054,0.103862
-0.104743,0.0272072,0.408085,0.102344
-0.10446,0.0305349,0.4091,0.100826
-0.104138,0.0339803,0.410101,0.0993074
-0.103813,0.0332721,0.411087,0.0977891
-0.103451,0.0364908,0.412057,0.0962707
-0.103116,0.0305521,0.413012,0.0947524
-0.102855,0.0246264,0.413952,0.0932341
-0.102614,0.0229603,0.414877,0.0917158
-0.102375,0.0233652,0.415789,0.0907166
-0.102089,0.0308916,0.416691,0.0897175
-0.101813,0.0259032,0.417583,0.0887183
-0.101533,0.0302076,0.418465,0.0877192
-0.101232,0.029626,0.419338,0.0867201
-0.10096,0.0244476,0.4202,0.0857209
-0.100713,0.0263165,0.421052,0.0847218
-0.100435,0.0303033,0.421894,0.0837226
-0.10013,0.0323287,0.422726,0.0827235
-0.0997969,0.0332214,0.423549,0.0817243
-0.0994586,0.0331656,0.424363,0.0811665
-0.0991761,0.0223986,0.425172,0.0806087
-0.0989307,0.0251685,0.425975,0.0800508
-0.0986558,0.0259546,0.426773,0.079493
-0.0983946,0.0275931,0.427565,0.0789351
-0.0981194,0.0276776,0.428352,0.0783773
-0.0978789,0.0235162,0.429133,0.0778195
-0.0976481,0.0243129,0.429908,0.0772616
-0.0974337,0.0202639,0.430678,0.0767038
-0.097242,0.0204817,0.431442,0.0761459
-0.0971168,0.0110022,0.432198,0.0751077
-0.0970032,0.0115902,0.432944,0.0740694
-0.0968986,0.00607377,0.43368,0.0730312
-0.0968475,0.00188979,0.434405,0.0719929
-0.0967766,0.0152569,0.43512,0.0709547
-0.0966576,0.00912277,0.435824,0.0699164
-0.096601,0.00649396,0.436518,0.0688782
-0.0965395,0.00539491,0.437202,0.0678399
-0.0965344,-0.00341922,0.437875,0.0668017
-0.0966165,-0.00811975,0.438538,0.0657634
-0.0967331,-0.013312,0.439184,0.063431
-0.096871,-0.0148212,0.439806,0.0610986
-0.0969863,-0.011074,0.440406,0.0587662
-0.0970262,0.00227686,0.440982,0.0564338
-0.0970439,-0.00313426,0.441534,0.0541014
-0.0971192,-0.00812992,0.442064,0.051769
-0.0971568,-0.0011741,0.44257,0.0494366
-0.097157,0.00330533,0.443052,0.0471042
-0.097126,0.00123242,0.443512,0.0447718
-0.0971158,0.00162819,0.443948,0.0424394
-0.0970799,0.00357833,0.444361,0.0402019
-0.0969719,0.015839,0.444752,0.0379644
-0.0967708,0.0192185,0.44512,0.0357269
-0.0965701,0.021692,0.445466,0.0334894
-0.0964023,0.0151152,0.44579,0.0312519
-0.0962594,0.0126641,0.446091,0.0290144
-0.0961746,0.00204164,0.44637,0.0267769
-0.0961302,0.00661631,0.446627,0.0245394
-0.0960383,0.0105736,0.446861,0.0223019
-0.0959046,0.0182603,0.447073,0.0200644
-0.0957614,0.011632,0.447265,0.0182894
-0.0956546,0.00987728,0.447439,0.0165145
-0.0955674,0.00791012,0.447595,0.0147395
-0.0955105,0.0037947,0.447734,0.0129645
-0.0954775,0.00453115,0.447854,0.0111896
-0.0954123,0.00628288,0.447957,0.00941461
-0.0953576,0.00656075,0.448043,0.00763965
-0.0953132,0.00602704,0.44811,0.00586469
-0.0952702,0.00276983,0.44816,0.00408973
-0.0952483,0.00618764,0.448192,0.00231477
-0.095227,-0.00113904,0.448203,-0.000172032
-0.095189,0.00471992,0.448189,-0.00265883
-0.0951035,0.0144594,0.448149,-0.00514563
-0.0949159,0.0214717,0.448086,-0.00763243
-0.0947216,0.0175021,0.447997,-0.0101192
-0.0945679,0.0124037,0.447883,-0.012606
-0.0944434,0.0119981,0.447745,-0.0150928
-0.0943159,0.0124868,0.447581,-0.0175796
-0.094192,0.0150628,0.447393,-0.0200664
-0.0940401,0.013842,0.44718,-0.0225532
-0.0938971,0.0130852,0.446942,-0.0249994
-0.0937264,0.0217494,0.44668,-0.0274455
-0.0934945,0.0271375,0.446393,-0.0298916
-0.0932011,0.0310483,0.446082,-0.0323378
-0.0929349,0.0275571,0.445747,-0.0347839
-0.0926462,0.030031,0.445387,-0.0372301
-0.0923245,0.0361974,0.445002,-0.0396762
-0.0919122,0.0496271,0.444593,-0.0421223
-0.0914276,0.05186,0.44416,-0.0445685
-0.0909262,0.0503616,0.443702,-0.0470146
-0.0904211,0.0524312,0.443226,-0.0481278
-0.0899266,0.0480498,0.442739,-0.049241
-0.0894666,0.0415209,0.442241,-0.0503542
-0.0890113,0.0453428,0.441732,-0.0514674
-0.088558,0.0406874,0.441212,-0.0525806
-0.088189,0.032363,0.44068,-0.0536938
-0.0878541,0.0324665,0.440138,-0.054807
-0.0875523,0.0242748,0.439584,-0.0559202
-0.0872768,0.0292457,0.439019,-0.0570334
-0.0870234,0.0200979,0.438444,-0.0581466
-0.0867711,0.029147,0.43785,-0.0605298
-0.0865024,0.0306348,0.437233,-0.062913
-0.0861884,0.0314939,0.436592,-0.0652962
-0.085882,0.0345771,0.435927,-0.0676794
-0.0855059,0.0386332,0.435238,-0.0700626
-0.0850737,0.0476321,0.434526,-0.0724458
-0.0846091,0.048493,0.433789,-0.074829
-0.0841162,0.0520998,0.433029,-0.0772122
-0.0835666,0.054862,0.432245,-0.0795954
-0.0829767,0.0618849,0.431437,-0.0819786
-0.0823741,0.0599286,0.430614,-0.0827695
-0.0818178,0.0537428,0.429782,-0.0835604
-0.0812563,0.0569942,0.428942,-0.0843513
-0.0806757,0.0612279,0.428095,-0.0851422
-0.0800115,0.0691747,0.42724,-0.0859331
-0.0793711,0.0601388,0.426376,-0.086724
-0.0787202,0.0722576,0.425505,-0.0875149
-0.0780048,0.074041,0.424626,-0.0883058
-0.0772647,0.0740688,0.423739,-0.0890968
-0.0765281,0.0766523,0.422844,-0.0898877
-0.0757499,0.0768425,0.421945,-0.0899148
-0.0749825,0.0788688,0.421046,-0.089942
-0.0741827,0.0817792,0.420146,-0.0899692
-0.0733461,0.0836707,0.419246,-0.0899964
-0.0724866,0.0869838,0.418346,-0.0900235
-0.0716366,0.0836138,0.417446,-0.0900507
-0.0708607,0.0723002,0.416545,-0.0900779
-0.070161,0.0714998,0.415644,-0.0901051
-0.0694244,0.0768861,0.414743,-0.0901322
-0.0686312,0.0830463,0.413842,-0.0901594
-0.0678313,0.0798685,0.412943,-0.089614
-0.0670282,0.0798411,0.412049,-0.0890686
-0.0662227,0.0794191,0.411161,-0.0885232
-0.0654614,0.0745733,0.410279,-0.0879778
-0.0647196,0.0746419,0.409402,-0.0874324
-0.0640101,0.0652172,0.40853,-0.086887
-0.0633566,0.0671551,0.407664,-0.0863416
-0.0626751,0.0725427,0.406803,-0.0857962
-0.0619599,0.0679027,0.405948,-0.0852508
-0.0612617,0.0732235,0.405098,-0.0847054
-0.0605213,0.0777696,0.404254,-0.0842149
-0.0597442,0.0731707,0.403414,-0.0837244
-0.0589885,0.0804321,0.402579,-0.0832339
-0.0581713,0.0822863,0.401749,-0.0827434
-0.057385,0.0763424,0.400924,-0.0822529
-0.0566762,0.0672945,0.400104,-0.0817624
-0.0559466,0.0728196,0.399289,-0.0812718
-0.0552402,0.0719921,0.398479,-0.0807813
-0.0545498,0.0659988,0.397674,-0.0802908
-0.0538868,0.0670814,0.396873,-0.0798003
-0.0532619,0.059095,0.396078,-0.0792155
-0.0527147,0.0547322,0.395289,-0.0786308
-0.052174,0.0543631,0.394505,-0.078046
-0.0516647,0.046987,0.393728,-0.0774613
-0.051252,0.0366153,0.392956,-0.0768765
-0.0509143,0.0325147,0.39219,-0.0762917
-0.0505402,0.0405963,0.39143,-0.075707
-0.0501586,0.0356534,0.390676,-0.0751222
-0.0497995,0.0395013,0.389928,-0.0745375
-0.0493746,0.0435133,0.389185,-0.0739527
-0.0490109,0.0298051,0.388445,-0.0741127
-0.0487232,0.0264521,0.387703,-0.0742727
-0.0484698,0.027382,0.38696,-0.0744328
-0.0482286,0.0237432,0.386215,-0.0745928
-0.0479684,0.0273586,0.385468,-0.0747528
-0.0477341,0.020415,0.384719,-0.0749128
-0.0475175,0.0216276,0.38397,-0.0750728
-0.0473004,0.01674,0.383218,-0.0752329
-0.0471522,0.0145129,0.382465,-0.0753929
-0.0469887,0.0177362,0.38171,-0.0755529
-0.046851,0.0135977,0.380949,-0.076738
-0.0467154,0.0133261,0.380175,-0.077923
-0.0465728,0.0148288,0.37939,-0.0791081
-0.0463922,0.021729,0.378593,-0.0802931
-0.0461972,0.0135581,0.377784,-0.0814782
-0.0460663,0.0110062,0.376964,-0.0826632
-0.0459674,0.0114063,0.376131,-0.0838483
-0.0458494,0.0117319,0.375287,-0.0850333
-0.0457165,0.0129442,0.37443,-0.0862184
-0.045612,0.00655266,0.373562,-0.0874035
-0.0455464,0.00859494,0.372679,-0.08918
-0.0454425,0.0129777,0.371779,-0.0909565
-0.0452959,0.0188265,0.37086,-0.092733
-0.0451291,0.0140299,0.369924,-0.0945095
-0.0449876,0.0155573,0.36897,-0.096286
-0.0448159,0.0144785,0.367998,-0.0980625
-0.0446725,0.0186319,0.367009,-0.099839
-0.0445484,0.00931187,0.366002,-0.101616
-0.044449,0.010659,0.364977,-0.103392
-0.0443815,0.00312482,0.363934,-0.105169
-0.0443706,0.00257025,0.362871,-0.107299
-0.0443596,-0.00107014,0.361788,-0.109429
-0.0443496,-0.00311988,0.360683,-0.11156
-0.0443594,0.00109606,0.359557,-0.11369
-0.044324,0.00722927,0.358409,-0.115821
-0.0442344,0.0124695,0.35724,-0.117951
-0.044118,0.00649689,0.35605,-0.120081
-0.0440415,0.00507026,0.354839,-0.122212
-0.0439999,0.00558598,0.353606,-0.124342
-0.0439854,-0.00373418,0.352352,-0.126473
-0.0440414,-0.00459184,0.351073,-0.129188
-0.044048,0.000228591,0.349768,-0.131904
-0.0440275,0.0047243,0.348435,-0.13462
-0.0439524,0.00814781,0.347076,-0.137336
-0.0438659,0.00838915,0.345689,-0.140052
-0.0438037,0.00557422,0.344275,-0.142767
-0.0437449,0.00629802,0.342833,-0.145483
-0.0436455,0.0150083,0.341365,-0.148199
-0.0434952,0.0143212,0.339869,-0.150915
-0.0433146,0.0208325,0.338347,-0.15363
-0.0430956,0.0224601,0.3368,-0.155683
-0.0428928,0.0188874,0.335233,-0.157736
-0.0426643,0.026992,0.333645,-0.159788
-0.0423267,0.0378998,0.332037,-0.161841
-0.041903,0.0426405,0.330408,-0.163893
-0.0414639,0.0463677,0.328759,-0.165946
-0.0410082,0.0406313,0.32709,-0.167999
-0.0405857,0.0437599,0.325399,-0.170051
-0.0401634,0.0394042,0.323689,-0.172104
-0.0397558,0.0423188,0.321957,-0.174156
-0.0392688,0.0536412,0.320209,-0.175473
-0.0387323,0.049613,0.318448,-0.176789
-0.0381997,0.0577588,0.316673,-0.178105
-0.0376299,0.0576984,0.314886,-0.179421
-0.0370726,0.0505323,0.313085,-0.180738
-0.0365863,0.0483606,0.311271,-0.182054
-0.0361121,0.0512519,0.309444,-0.18337
-0.0355512,0.0581921,0.307604,-0.184686
-0.0349238,0.0652846,0.30575,-0.186002
-0.0342849,0.0670975,0.303883,-0.187319
-0.0336097,0.0680242,0.302009,-0.187587
-0.0329412,0.0692847,0.300132,-0.187855
-0.0322265,0.0715019,0.298252,-0.188123
-0.0314938,0.0752473,0.296369,-0.188391
-0.0307645,0.0717426,0.294484,-0.188659
-0.0299762,0.0821005,0.292596,-0.188928
-0.0291561,0.078942,0.290705,-0.189196
-0.0283548,0.0801274,0.288812,-0.189464
-0.0275528,0.0837996,0.286916,-0.189732
-0.026736,0.0799099,0.285018,-0.19
-0.0259378,0.077969,0.28312,-0.1895
-0.0251483,0.0826088,0.281228,-0.188999
-0.024331,0.0811496,0.27934,-0.188498
-0.0235029,0.0850455,0.277458,-0.187998
-0.0226738,0.0800688,0.27558,-0.187497
-0.0219262,0.0684482,0.273708,-0.186996
-0.0212455,0.0703355,0.27184,-0.186495
-0.0205144,0.0741382,0.269978,-0.185995
-0.0197879,0.0720529,0.26812,-0.185494
-0.0191138,0.0632568,0.266268,-0.184993
-0.0184562,0.0694564,0.264419,-0.184857
-0.0177992,0.063239,0.262571,-0.184721
-0.0171812,0.0628299,0.260724,-0.184585
-0.016532,0.0611608,0.258879,-0.184449
-0.0159521,0.0582183,0.257035,-0.184313
-0.0153958,0.0574467,0.255193,-0.184177
-0.0148269,0.0582068,0.253352,-0.184041
-0.0142392,0.0599604,0.251512,-0.183906
-0.0136082,0.0643033,0.249674,-0.18377
-0.0129633,0.0640187,0.247836,-0.183634
-0.0123491,0.0568274,0.246002,-0.183239
-0.0118032,0.0524913,0.244172,-0.182845
-0.0112305,0.063449,0.242345,-0.182451
-0.0106831,0.0521386,0.240523,-0.182057
-0.0101279,0.0578409,0.238704,-0.181663
-0.00954282,0.0580279,0.236889,-0.181269
-0.00898706,0.0558444,0.235079,-0.180875
-0.0084422,0.0543662,0.233272,-0.18048
-0.0079427,0.044829,0.231469,-0.180086
-0.00750409,0.0448146,0.22967,-0.179692
-0.00705103,0.0456289,0.227872,-0.179873
-0.0066243,0.0353043,0.226073,-0.180055
-0.00624582,0.0375891,0.224271,-0.180236
-0.00590821,0.0305159,0.222468,-0.180417
-0.00562341,0.0225887,0.220663,-0.180598
-0.00541508,0.0201006,0.218856,-0.18078
-0.00521488,0.0230646,0.217047,-0.180961
-0.00500094,0.0252384,0.215237,-0.181142
-0.00481332,0.0113536,0.213424,-0.181324
-0.0047209,0.00810369,0.21161,-0.181505
-0.00465224,0.00869964,0.209787,-0.183186
-0.00456886,0.0127206,0.207947,-0.184867
-0.00445045,0.0100277,0.20609,-0.186548
-0.00439575,0.00599078,0.204216,-0.188229
-0.00436038,0.0040292,0.202325,-0.18991
-0.00434931,-0.00154464,0.200417,-0.191591
-0.00438167,-0.00809093,0.198493,-0.193272
-0.0044697,-0.00908479,0.196552,-0.194953
-0.00453273,-0.00353543,0.194594,-0.196634
-0.00458324,-0.00339979,0.192619,-0.198315
-0.00465658,-0.00687211,0.190624,-0.200749
-0.00468164,0.00610262,0.188604,-0.203182
-0.00461155,0.0130347,0.18656,-0.205616
-0.00448612,0.0126349,0.184492,-0.208049
-0.00435244,0.0131067,0.182399,-0.210482
-0.00419365,0.0176933,0.180282,-0.212916
-0.00405405,0.00976312,0.178141,-0.215349
-0.00387633,0.0251383,0.175975,-0.217783
-0.00367458,0.0189626,0.173785,-0.220216
-0.00345752,0.0239264,0.171571,-0.222649
-0.00321578,0.0241578,0.169337,-0.224266
-0.00293965,0.0293711,0.167086,-0.225883
-0.00264746,0.0305948,0.164819,-0.2275
-0.00234315,0.0315387,0.162536,-0.229117
-0.0020315,0.0295451,0.160237,-0.230734
-0.00171051,0.035672,0.157921,-0.232351
-0.00139848,0.0258621,0.155589,-0.233968
-0.00111286,0.0281801,0.153242,-0.235585
-0.000805168,0.0339428,0.150878,-0.237202
-0.000474635,0.0314237,0.148498,-0.238819
-0.000170084,0.0288603,0.146102,-0.240272
0.000136238,0.0328751,0.143692,-0.241726
0.000467445,0.0339831,0.141268,-0.243179
0.000874448,0.0448069,0.138829,-0.244633
0.00135374,0.0479076,0.136375,-0.246086
0.00182734,0.0509983,0.133907,-0.24754
0.00235556,0.0537905,0.131424,-0.248993
0.00295044,0.0618195,0.128927,-0.250447
0.00357439,0.0589803,0.126415,-0.251901
0.00415669,0.0582636,0.123889,-0.253354
0.00475784,0.0612769,0.121354,-0.253744
0.0054199,0.0700201,0.118814,-0.254134
0.00610571,0.0702273,0.116271,-0.254525
0.00680713,0.0687463,0.113724,-0.254915
0.00750508,0.0718402,0.111173,-0.255305
0.00823486,0.0732988,0.108618,-0.255695
0.00895494,0.0714375,0.106059,-0.256085
0.00963253,0.060549,0.103496,-0.256476
0.0102415,0.0622187,0.100929,-0.256866
0.0108709,0.0630527,0.0983585,-0.257256
0.0115023,0.0639663,0.0957858,-0.257284
0.0121263,0.0597538,0.0932129,-0.257312
0.0127018,0.0530942,0.0906396,-0.25734
0.0132173,0.0534621,0.0880661,-0.257368
0.0137528,0.0514133,0.0854922,-0.257397
0.0142291,0.046597,0.0829181,-0.257425
0.0147015,0.049947,0.0803437,-0.257453
0.0152191,0.0508724,0.0777691,-0.257481
0.0157175,0.0500201,0.0751941,-0.257509
0.0162526,0.0525493,0.0726189,-0.257537
0.0167907,0.0565273,0.0700419,-0.257855
0.0174011,0.0670757,0.0674618,-0.258172
0.018032,0.0599466,0.0648785,-0.25849
0.0186382,0.060614,0.062292,-0.258808
0.0193016,0.070146,0.0597023,-0.259125
0.0200089,0.0728396,0.0571095,-0.259443
0.0207586,0.0747534,0.0545135,-0.25976
0.0215123,0.0768168,0.0519143,-0.260078
0.022279,0.0756475,0.0493119,-0.260396
0.023062,0.0838183,0.0467064,-0.260713
0.0238896,0.0838996,0.0441051,-0.259543
0.0246878,0.0728229,0.0415155,-0.258373
0.0254789,0.0804937,0.0389376,-0.257202
0.0262685,0.079947,0.0363715,-0.256032
0.027083,0.083517,0.033817,-0.254862
0.027913,0.0803012,0.0312742,-0.253691
0.0287324,0.0868112,0.0287432,-0.252521
0.0295995,0.0876885,0.0262238,-0.251351
0.0305294,0.0966226,0.0237162,-0.250181
0.0314891,0.09415,0.0212202,-0.24901
0.0324183,0.0896911,0.0187403,-0.246966
0.0332614,0.0814191,0.0162809,-0.244922
0.034064,0.0805251,0.0138419,-0.242878
0.0348246,0.0739635,0.0114233,-0.240834
0.0355789,0.0778195,0.00902519,-0.23879
0.0363354,0.0748706,0.00664751,-0.236746
0.0370893,0.0734858,0.00429028,-0.234702
0.0378309,0.0744243,0.00195348,-0.232658
0.038531,0.0699501,-0.000362878,-0.230614
0.0392096,0.0652681,-0.00265879,-0.22857
0.0399218,0.077337,-0.00493769,-0.22721
0.0406786,0.0748457,-0.00720299,-0.22585
0.0414321,0.0774462,-0.0094547,-0.224491
0.042211,0.0748638,-0.0116928,-0.223131
0.0429639,0.0747489,-0.0139173,-0.221771
0.0436222,0.0618833,-0.0161282,-0.220412
0.0442295,0.0656123,-0.0183256,-0.219052
0.0448658,0.0610419,-0.0205093,-0.217692
0.045517,0.0639383,-0.0226794,-0.216333
0.046142,0.0626507,-0.0248359,-0.214973
0.0467411,0.0590335,-0.0269774,-0.213313
0.0473386,0.0599685,-0.0291022,-0.211653
0.0479113,0.0553708,-0.0312104,-0.209992
0.0484602,0.0551296,-0.033302,-0.208332
0.0489895,0.0505422,-0.0353771,-0.206672
0.0494807,0.0491856,-0.0374355,-0.205011
0.0499736,0.0479188,-0.0394773,-0.203351
0.0504292,0.044933,-0.0415025,-0.201691
0.0508725,0.0422029,-0.0435111,-0.20003
0.0512708,0.0383641,-0.0455031,-0.19837
0.0516591,0.0364468,-0.0474817,-0.197352
0.0520416,0.038371,-0.0494501,-0.196334
0.0523838,0.0311126,-0.0514084,-0.195316
0.0526703,0.024175,-0.0533565,-0.194298
0.0529415,0.0317632,-0.0552944,-0.19328
0.0532189,0.0249773,-0.0572221,-0.192262
0.0535102,0.0333461,-0.0591396,-0.191244
0.0538921,0.0436986,-0.0610469,-0.190226
0.054285,0.0370324,-0.0629441,-0.189207
0.0546437,0.0363587,-0.0648311,-0.188189
0.0550225,0.0394112,-0.0667072,-0.187032
0.0553794,0.0334553,-0.0685717,-0.185875
0.0557327,0.0337064,-0.0704247,-0.184717
0.0560072,0.0243489,-0.0722661,-0.18356
0.0562983,0.0307174,-0.0740959,-0.182402
0.0566114,0.0310326,-0.0759141,-0.181245
0.0569744,0.0389162,-0.0777208,-0.180087
0.0573082,0.0316422,-0.0795159,-0.17893
0.0576424,0.0321051,-0.0812994,-0.177773
0.0579719,0.0361482,-0.0830713,-0.176615
0.0583278,0.0372968,-0.0848305,-0.175223
0.0587043,0.0376145,-0.0865758,-0.173832
0.0590441,0.0300634,-0.0883071,-0.17244
0.059315,0.0261276,-0.0900246,-0.171048
0.0595568,0.0237185,-0.0917281,-0.169656
0.0597729,0.0177214,-0.0934177,-0.168264
0.059935,0.0148609,-0.0950934,-0.166873
0.0600618,0.0142406,-0.0967551,-0.165481
0.060225,0.0188766,-0.098403,-0.164089
0.0604132,0.0167349,-0.100037,-0.162697
0.0606088,0.0192956,-0.10166,-0.161881
0.0608167,0.0197774,-0.103275,-0.161065
0.0609611,0.0116132,-0.104881,-0.160249
0.0610951,0.0183454,-0.10648,-0.159433
0.0612749,0.0169653,-0.10807,-0.158617
0.0615127,0.0323898,-0.109652,-0.157801
0.0618373,0.035498,-0.111226,-0.156985
0.0621958,0.0366582,-0.112792,-0.156169
0.0625923,0.0406404,-0.114349,-0.155353
0.0629624,0.0351453,-0.115899,-0.154537
0.0632309,0.0199665,-0.117435,-0.152775
0.0634812,0.0286511,-0.118954,-0.151013
0.0638215,0.0357806,-0.120455,-0.149252
0.0641781,0.0367646,-0.121939,-0.14749
0.0645045,0.0298886,-0.123405,-0.145728
0.0647796,0.0244697,-0.124854,-0.143966
0.0649902,0.016429,-0.126285,-0.142204
0.0651247,0.00959953,-0.127698,-0.140442
0.0651907,0.00666338,-0.129093,-0.138681
0.0652099,-0.00184556,-0.130471,-0.136919
0.0651589,-0.00759924,-0.131838,-0.136424
0.0650755,-0.00741895,-0.1332,-0.13593
0.0649683,-0.0145837,-0.134557,-0.135436
0.0647973,-0.0165784,-0.135909,-0.134941
0.0646578,-0.0134265,-0.137256,-0.134447
0.0645111,-0.0187246,-0.138598,-0.133952
0.0643616,-0.0136429,-0.139935,-0.133458
0.0642403,-0.00644107,-0.141267,-0.132963
0.0641556,-0.00979489,-0.142594,-0.132469
0.0640322,-0.0132826,-0.143916,-0.131974
0.0639607,-0.00428534,-0.145236,-0.131981
0.0640036,0.0105432,-0.146556,-0.131989
0.0641378,0.0160037,-0.147876,-0.131996
0.0643191,0.0223109,-0.149196,-0.132003
0.0645961,0.0362425,-0.150516,-0.13201
0.0650006,0.0426799,-0.151836,-0.132018
0.0653635,0.0297592,-0.153156,-0.132025
0.0656524,0.0288255,-0.154476,-0.132032
0.0659183,0.0287381,-0.155797,-0.132039
0.0662261,0.0328749,-0.157117,-0.132047
0.0665883,0.0391174,-0.158428,-0.130058
0.0669521,0.0314353,-0.159718,-0.12807
0.0672364,0.0244027,-0.160989,-0.126081
0.0674854,0.024741,-0.16224,-0.124093
0.0677874,0.0322465,-0.163471,-0.122104
0.0680881,0.027896,-0.164682,-0.120116
0.0683087,0.0152278,-0.165873,-0.118128
0.068415,0.00500748,-0.167045,-0.116139
0.068457,0.00541888,-0.168196,-0.114151
0.0685445,0.013653,-0.169328,-0.112162
0.0686466,0.0056104,-0.170442,-0.110655
0.0687375,0.0119345,-0.171541,-0.109147
0.0688381,0.00692832,-0.172625,-0.10764
0.0688957,0.00684769,-0.173693,-0.106132
0.0689616,0.00472116,-0.174747,-0.104624
0.0689985,0.000855956,-0.175786,-0.103117
0.0690849,0.0137606,-0.17681,-0.101609
0.0691536,0.00365085,-0.177818,-0.100102
0.0691698,0.000962255,-0.178812,-0.0985941
0.0691102,-0.013985,-0.17979,-0.0970866
0.0689634,-0.0143605,-0.180758,-0.0965463
0.0687931,-0.0209642,-0.181721,-0.0960059
0.0686117,-0.0142229,-0.182678,-0.0954656
0.0684923,-0.010442,-0.18363,-0.0949253
0.0683357,-0.0149505,-0.184577,-0.094385
0.0681563,-0.0192748,-0.185518,-0.0938446
0.067944,-0.0249042,-0.186454,-0.0933043
0.0677342,-0.0205043,-0.187384,-0.092764
0.067569,-0.0161022,-0.188309,-0.0922237
0.0673687,-0.0259065,-0.189229,-0.0916833
0.0671376,-0.0197295,-0.190145,-0.0916717
0.0669586,-0.0176677,-0.191062,-0.0916601
0.0667544,-0.0222181,-0.191978,-0.0916485
0.0665306,-0.0222413,-0.192895,-0.0916369
0.066314,-0.0200805,-0.193811,-0.0916253
0.0661302,-0.015389,-0.194727,-0.0916137
0.0659991,-0.0113427,-0.195643,-0.0916021
0.0659175,-0.00505176,-0.196559,-0.0915905
0.0658449,-0.00348707,-0.197475,-0.0915789
0.065828,-0.00416128,-0.198391,-0.0915673
0.0657751,-0.00688421,-0.199303,-0.0907299
0.0657343,-0.00132806,-0.200206,-0.0898924
0.0656914,-0.00807281,-0.2011,-0.0890549
0.0656105,-0.00919809,-0.201987,-0.0882174
0.065532,-0.00697508,-0.202865,-0.0873799
0.0654157,-0.0135564,-0.203734,-0.0865425
0.0652272,-0.019433,-0.204596,-0.085705
0.0650218,-0.0223376,-0.205448,-0.0848675
0.0647797,-0.0267756,-0.206293,-0.08403
0.0645443,-0.0198951,-0.207129,-0.0831925
0.0643789,-0.0138628,-0.20796,-0.0829836
0.0642817,-0.00902037,-0.208789,-0.0827746
0.0642128,-0.0109718,-0.209615,-0.0825656
0.0641193,-0.00805737,-0.21044,-0.0823566
0.0640096,-0.00927557,-0.211263,-0.0821476
0.0638879,-0.0104873,-0.212083,-0.0819387
0.0637716,-0.0130897,-0.212901,-0.0817297
0.0636092,-0.024425,-0.213718,-0.0815207
0.063347,-0.0303458,-0.214532,-0.0813117
0.0630239,-0.0326484,-0.215344,-0.0811028
0.0626774,-0.0353824,-0.216157,-0.0814887
0.0623119,-0.0350357,-0.216974,-0.0818746
0.061992,-0.0305976,-0.217794,-0.0822606
0.0616754,-0.0308003,-0.218619,-0.0826465
0.0613525,-0.031851,-0.219447,-0.0830324
0.0610981,-0.0206814,-0.220279,-0.0834184
0.0609183,-0.0118632,-0.221116,-0.0838043
0.0607947,-0.0121627,-0.221956,-0.0841902
0.0606546,-0.0164257,-0.222799,-0.0845761
0.0604684,-0.0194228,-0.223647,-0.0849621
0.0602686,-0.019785,-0.224497,-0.0849732
0.0600511,-0.0242278,-0.225347,-0.0849844
0.0597964,-0.0280807,-0.226196,-0.0849956
0.0594863,-0.0331254,-0.227046,-0.0850067
0.0591058,-0.0386562,-0.227897,-0.0850179
0.0587422,-0.0320596,-0.228747,-0.085029
0.0583921,-0.0396268,-0.229597,-0.0850402
0.0580271,-0.0320464,-0.230448,-0.0850513
0.0576873,-0.0338221,-0.231298,-0.0850625
0.0573297,-0.0396111,-0.232149,-0.0850737
0.0569057,-0.0421961,-0.233005,-0.0860903
0.0565255,-0.0322619,-0.233871,-0.0871069
0.0562319,-0.0285806,-0.234747,-0.0881235
0.0559009,-0.0361524,-0.235633,-0.0891401
0.0555252,-0.0432348,-0.23653,-0.0901567
0.0551531,-0.0356437,-0.237436,-0.0911733
0.0547868,-0.0356528,-0.238353,-0.0921899
0.0544503,-0.0340806,-0.23928,-0.0932065
0.0541517,-0.0273303,-0.240217,-0.0942231
0.0539169,-0.0208093,-0.241164,-0.0952397
0.0537203,-0.013635,-0.24212,-0.0957686
0.0536013,-0.00961382,-0.24308,-0.0962974
0.0534657,-0.0123449,-0.244045,-0.0968263
0.0533131,-0.0164284,-0.245016,-0.0973552
0.0531635,-0.0188824,-0.245993,-0.0978841
0.0529478,-0.0255227,-0.246974,-0.0984129
0.0526905,-0.0242517,-0.247961,-0.0989418
0.0524738,-0.0202376,-0.248953,-0.0994707
0.0523061,-0.0153015,-0.24995,-0.0999995
0.0521104,-0.021322,-0.250953,-0.100528
0.051856,-0.0302257,-0.251962,-0.101252
0.0515346,-0.0310836,-0.252978,-0.101975
0.0511834,-0.0407497,-0.254001,-0.102698
0.0508127,-0.0302472,-0.255032,-0.103421
0.0505341,-0.0240546,-0.25607,-0.104144
0.050246,-0.0280858,-0.257115,-0.104867
0.0499175,-0.0344155,-0.258167,-0.105591
0.0495871,-0.0319182,-0.259227,-0.106314
0.0492707,-0.0304734,-0.260293,-0.107037
0.0489156,-0.0345293,-0.261367,-0.10776
0.0485432,-0.0398379,-0.262453,-0.109297
0.0481865,-0.0320633,-0.263553,-0.110834
0.0479015,-0.0247925,-0.264669,-0.112371
0.0476602,-0.0225235,-0.265801,-0.113908
0.0474215,-0.0268277,-0.266947,-0.115445
0.0471711,-0.0262488,-0.26811,-0.116982
0.0468955,-0.0282422,-0.269287,-0.118519
0.0466622,-0.0170803,-0.27048,-0.120056
0.0464904,-0.0181144,-0.271688,-0.121593
0.046323,-0.0146536,-0.272912,-0.12313
0.0461741,-0.0118369,-0.274148,-0.124175
0.0460277,-0.0146608,-0.275395,-0.125221
0.0458742,-0.0158369,-0.276653,-0.126266
0.0457215,-0.0146543,-0.277921,-0.127311
0.0455636,-0.0147049,-0.279199,-0.128357
0.0454218,-0.0128093,-0.280488,-0.129402
0.0453072,-0.00906914,-0.281787,-0.130448
0.0452638,0.00182705,-0.283097,-0.131493
0.0453475,0.0130053,-0.284417,-0.132538
0.0454511,0.00659678,-0.285747,-0.133584
0.0455432,0.00870929,-0.287085,-0.133946
0.0456349,0.00750604,-0.288426,-0.134308
0.0457366,0.0129227,-0.289771,-0.13467
0.0458819,0.0169103,-0.29112,-0.135032
0.0460623,0.0202492,-0.292472,-0.135395
0.0462757,0.0217463,-0.293828,-0.135757
0.0465004,0.0218491,-0.295187,-0.136119
0.0467409,0.031653,-0.29655,-0.136481
0.0470632,0.0372853,-0.297917,-0.136843
0.0474493,0.0381223,-0.299287,-0.137206
0.0478127,0.0327274,-0.300654,-0.136243
0.048145,0.0347918,-0.302012,-0.135281
0.0484947,0.0350379,-0.30336,-0.134319
0.0488198,0.0306446,-0.304698,-0.133357
0.0491056,0.0290021,-0.306027,-0.132394
0.0493731,0.0201498,-0.307346,-0.131432
0.049661,0.0347895,-0.308656,-0.13047
0.0499664,0.0228835,-0.309955,-0.129508
0.0501624,0.0157478,-0.311246,-0.128546
0.0503542,0.0215905,-0.312526,-0.127583
0.0505889,0.0221418,-0.3138,-0.127103
0.050772,0.017339,-0.315068,-0.126623
0.0509456,0.0143125,-0.316332,-0.126142
0.0510864,0.0145769,-0.317591,-0.125662
0.0512319,0.0159679,-0.318846,-0.125181
0.0514144,0.0181578,-0.320095,-0.124701
0.0515841,0.0158344,-0.32134,-0.12422
0.0517093,0.00994749,-0.322579,-0.12374
0.0517508,-0.00109978,-0.323814,-0.123259
0.0516992,-0.00355854,-0.325045,-0.122779
0.051657,-0.00850667,-0.326275,-0.12327
0.0516059,0.000737217,-0.32751,-0.123761
0.0516759,0.0109282,-0.32875,-0.124252
0.0517922,0.0119756,-0.329995,-0.124743
0.0519211,0.0166211,-0.331245,-0.125234
0.0520829,0.015013,-0.3325,-0.125725
0.0522369,0.0145117,-0.333759,-0.126216
0.0524316,0.0221549,-0.335024,-0.126707
0.0526401,0.024175,-0.336293,-0.127198
0.0529147,0.0281232,-0.337568,-0.127689
0.0532253,0.029085,-0.338841,-0.126896
0.0535231,0.0322026,-0.340106,-0.126103
0.0538795,0.0385395,-0.341363,-0.12531
0.0543129,0.0437046,-0.342612,-0.124518
0.0547757,0.0450884,-0.343853,-0.123725
0.0552035,0.0412093,-0.345087,-0.122932
0.0556538,0.0477076,-0.346312,-0.122139
0.0561199,0.0468169,-0.347529,-0.121346
0.0565875,0.0451055,-0.348739,-0.120554
0.0570684,0.0482652,-0.34994,-0.119761
0.057518,0.0430937,-0.351129,-0.117876
0.0579345,0.0393156,-0.352298,-0.11599
0.0583723,0.0476363,-0.353448,-0.114105
0.0588596,0.0486098,-0.35458,-0.11222
0.0593208,0.0451706,-0.355693,-0.110334
0.0598316,0.0547861,-0.356787,-0.108449
0.0604094,0.061103,-0.357862,-0.106564
0.0610354,0.0654215,-0.358918,-0.104679
0.0616285,0.0590407,-0.359955,-0.102793
0.0622206,0.0579229,-0.360974,-0.100908
0.0627828,0.0555669,-0.361969,-0.0981808
0.0633366,0.0564054,-0.362937,-0.0954535
0.0639418,0.0624756,-0.363878,-0.0927263
0.0645573,0.0634119,-0.364792,-0.089999
0.0651448,0.0519944,-0.365678,-0.0872718
0.0656463,0.0490866,-0.366537,-0.0845445
0.0661156,0.0451451,-0.367369,-0.0818172
0.0665224,0.0342783,-0.368174,-0.07909
0.0668281,0.0257487,-0.368951,-0.0763627
0.0670543,0.0183213,-0.369701,-0.0736355
0.0672318,0.0211686,-0.370429,-0.0720328
0.0674208,0.0162352,-0.371142,-0.0704301
0.067553,0.0117497,-0.371838,-0.0688274
0.0676884,0.0136632,-0.372518,-0.0672248
0.0677554,0.00452193,-0.373182,-0.0656221
0.0678164,0.00768978,-0.373831,-0.0640194
0.067909,0.00574189,-0.374463,-0.0624167
0.0679935,0.0092012,-0.375079,-0.0608141
0.0680691,0.00380599,-0.375679,-0.0592114
0.0681131,0.00566799,-0.376263,-0.0576087
0.0681763,0.00922924,-0.376833,-0.0562993
0.0682791,0.010843,-0.377389,-0.0549899
0.0684059,0.013836,-0.377933,-0.0536805
0.0685371,0.0128974,-0.378463,-0.0523711
0.0686789,0.0176297,-0.37898,-0.0510617
0.06889,0.0212537,-0.379484,-0.0497523
0.0690474,0.0116593,-0.379975,-0.0484428
0.0691552,0.0089598,-0.380453,-0.0471334
0.0692297,0.00770074,-0.380918,-0.045824
0.0693121,0.00750837,-0.381369,-0.0445146
0.0694294,0.0152385,-0.381807,-0.0429181
0.069608,0.0224294,-0.382228,-0.0413216
0.0698331,0.0263796,-0.382633,-0.039725
0.0701051,0.0262965,-0.383022,-0.0381285
0.0703799,0.0244967,-0.383396,-0.036532
0.0706023,0.0233959,-0.383753,-0.0349354
0.0708245,0.0167528,-0.384094,-0.0333389
0.0709685,0.0132251,-0.38442,-0.0317424
0.0710702,0.00812909,-0.384729,-0.0301458
0.0711323,0.00707596,-0.385023,-0.0285493
0.0712328,0.00965674,-0.385299,-0.0266931
0.0713371,0.0106764,-0.385556,-0.0248369
0.0714792,0.0144672,-0.385796,-0.0229807
0.0716354,0.0152397,-0.386016,-0.0211245
0.0718208,0.0234198,-0.386218,-0.0192683
0.0720601,0.02129,-0.386401,-0.0174121
0.0722508,0.0141998,-0.386566,-0.0155559
0.0723446,0.00457485,-0.386713,-0.0136997
0.0723506,-0.00366535,-0.38684,-0.0118435
0.0723059,-0.00443384,-0.386949,-0.00998731
0.0722107,-0.0150002,-0.387041,-0.00832523
0.0720147,-0.0247135,-0.387116,-0.00666316
0.0717472,-0.0324021,-0.387174,-0.00500108
0.0713985,-0.0370843,-0.387216,-0.00333901
0.0710041,-0.0422651,-0.387241,-0.00167693
0.0705316,-0.0526192,-0.387249,-1.48566e-05
0.0700103,-0.050731,-0.387241,0.00164722
0.0695174,-0.0501763,-0.387217,0.00330929
0.0689985,-0.0519053,-0.387175,0.00497137
0.068472,-0.0557431,-0.387117,0.00663344
0.0679524,-0.0492484,-0.387053,0.00619677
0.067453,-0.0505468,-0.386993,0.0057601
0.0669482,-0.0502762,-0.386938,0.00532343
0.0664832,-0.0446335,-0.386887,0.00488676
0.0660554,-0.0412559,-0.38684,0.00445009
0.0656165,-0.0443155,-0.386798,0.00401342
0.0651527,-0.050307,-0.38676,0.00357675
0.0646246,-0.0563194,-0.386726,0.00314008
0.0641286,-0.0419371,-0.386697,0.00270341
0.063728,-0.037673,-0.386672,0.00226674
0.0634017,-0.0277706,-0.386649,0.00233373
0.0631124,-0.0298715,-0.386625,0.00240073
0.0628055,-0.0358316,-0.386601,0.00246772
0.0624769,-0.0280123,-0.386576,0.00253472
0.0622148,-0.0254619,-0.38655,0.00260172
0.0619436,-0.0260602,-0.386524,0.00266871
0.0616997,-0.0226821,-0.386497,0.00273571
0.0614802,-0.0271988,-0.386469,0.00280271
0.0612202,-0.0227156,-0.386441,0.0028697
0.0609965,-0.0243013,-0.386412,0.0029367
0.0607749,-0.0265916,-0.38638,0.0034606
0.0605264,-0.023687,-0.386343,0.0039845
0.0603293,-0.0183987,-0.3863,0.0045084
0.0601585,-0.016987,-0.386253,0.0050323
0.0599743,-0.0190628,-0.3862,0.0055562
0.0597881,-0.017769,-0.386141,0.0060801
0.0596492,-0.0103203,-0.386078,0.006604
0.0595855,-0.00444138,-0.386009,0.0071279
0.0595414,-0.00563159,-0.385935,0.00765179
0.0595044,-0.000807503,-0.385856,0.00817569
0.0595203,-0.000625757,-0.385767,0.00969544
0.0594896,-0.00411995,-0.385662,0.0112152
0.0594786,0.00123597,-0.385543,0.0127349
0.0595088,-9.10995e-05,-0.385408,0.0142547
0.059506,0.00281426,-0.385258,0.0157744
0.0595372,0.00172577,-0.385092,0.0172942
0.0595294,-0.00374971,-0.384912,0.0188139
0.0594842,-0.00582417,-0.384716,0.0203337
0.0593693,-0.0139019,-0.384505,0.0218534
0.0592353,-0.01096,-0.384279,0.0233732
0.0591424,-0.00887683,-0.384039,0.0246603
0.0590389,-0.0155464,-0.383786,0.0259474
0.05885,-0.0180623,-0.38352,0.0272344
0.0587099,-0.0101907,-0.383241,0.0285215
0.0586006,-0.00859337,-0.382949,0.0298086
0.0585239,-0.00599319,-0.382645,0.0310957
0.0584091,-0.0117013,-0.382327,0.0323828
0.058271,-0.0203684,-0.381997,0.0336699
0.0579967,-0.0312442,-0.381654,0.034957
0.0576681,-0.0341735,-0.381298,0.0362441
0.057297,-0.0403484,-0.380933,0.0366679
0.0568819,-0.0426747,-0.380565,0.0370917
0.0563896,-0.0541815,-0.380192,0.0375155
0.0558073,-0.0628637,-0.379814,0.0379393
0.0551933,-0.0597289,-0.379433,0.0383631
0.0545646,-0.0641328,-0.379047,0.0387869
0.0539374,-0.0639964,-0.378657,0.0392107
0.0532894,-0.0624643,-0.378263,0.0396345
0.0526643,-0.0647031,-0.377864,0.0400583
0.0519728,-0.0720312,-0.377462,0.0404821
0.051273,-0.0713473,-0.377064,0.0391415
0.0505034,-0.0807806,-0.376679,0.0378008
0.0497193,-0.0759889,-0.376308,0.0364602
0.0489844,-0.0750249,-0.37595,0.0351196
0.0482251,-0.0739319,-0.375605,0.033779
0.0475333,-0.0676915,-0.375274,0.0324383
0.0468935,-0.0624698,-0.374956,0.0310977
0.0462816,-0.0596375,-0.374652,0.0297571
0.0457148,-0.056923,-0.374361,0.0284165
0.0451396,-0.0581737,-0.374084,0.0270759
0.0445575,-0.0607024,-0.373819,0.0258623
0.0439698,-0.056191,-0.373567,0.0246488
0.043397,-0.0573682,-0.373326,0.0234353
0.0428269,-0.056176,-0.373098,0.0222218
0.0422625,-0.0562611,-0.372882,0.0210083
0.0417137,-0.0516751,-0.372678,0.0197947
0.0412016,-0.05189,-0.372486,0.0185812
0.0406309,-0.0604531,-0.372306,0.0173677
0.0400689,-0.0516906,-0.372138,0.0161542
0.0395516,-0.0536927,-0.371983,0.0149406
0.0390303,-0.0500091,-0.371841,0.0135257
0.0385518,-0.0479633,-0.371712,0.0121108
0.0381088,-0.0378097,-0.371598,0.0106958
0.0377495,-0.0320937,-0.371499,0.0092809
0.0374041,-0.0362857,-0.371413,0.00786596
0.0370485,-0.0372976,-0.371341,0.00645103
0.036698,-0.0312553,-0.371284,0.00503609
0.0363883,-0.0271783,-0.371241,0.00362115
0.0361342,-0.0226589,-0.371211,0.00220622
0.0359142,-0.0192826,-0.371196,0.000791281
0.0357439,-0.012841,-0.37119,0.000484933
0.0356155,-0.015036,-0.371187,0.000178585
0.0354511,-0.0193463,-0.371186,-0.000127762
0.0352745,-0.0181061,-0.371189,-0.00043411
0.0351107,-0.0146269,-0.371195,-0.000740457
0.0350008,-0.00624512,-0.371204,-0.0010468
0.0348969,-0.00840765,-0.371216,-0.00135315
0.0347912,-0.00923042,-0.371231,-0.0016595
0.034678,-0.0167609,-0.371249,-0.00196585
0.0345248,-0.0148845,-0.37127,-0.0022722
0.0343694,-0.0137864,-0.371294,-0.00249281
0.0342524,-0.0090552,-0.37132,-0.00271342
0.0341785,-0.00715315,-0.371349,-0.00293404
0.0340976,-0.00688077,-0.371379,-0.00315465
0.0340014,-0.0107471,-0.371412,-0.00337526
0.0338607,-0.0157278,-0.371446,-0.00359588
0.0337193,-0.0153201,-0.371484,-0.00381649
0.033509,-0.0233375,-0.371523,-0.0040371
0.033259,-0.0287104,-0.371564,-0.00425772
0.0330004,-0.0281284,-0.371608,-0.00447833
0.032661,-0.0392668,-0.371657,-0.00534995
0.0322949,-0.0352333,-0.371715,-0.00622157
0.0319611,-0.029566,-0.371782,-0.00709319
0.0316764,-0.0256699,-0.371857,-0.0079648
0.0314235,-0.0243086,-0.371941,-0.00883642
0.0311902,-0.018219,-0.372034,-0.00970804
0.0310152,-0.0177012,-0.372135,-0.0105797
0.0309029,-0.00734318,-0.372245,-0.0114513
0.0308594,-0.00233977,-0.372364,-0.0123229
0.0308065,-0.0122649,-0.372492,-0.0131945
0.0307181,-0.00688997,-0.372626,-0.0136092
0.0306701,-0.000450321,-0.372764,-0.0140239
0.0306711,0.00268576,-0.372906,-0.0144387
0.0306565,-0.00934868,-0.373053,-0.0148534
0.0305443,-0.0146677,-0.373203,-0.0152681
0.0303784,-0.0189792,-0.373358,-0.0156828
0.0301504,-0.0241645,-0.373517,-0.0160975
0.0299772,-0.0120527,-0.37368,-0.0165122
0.0298435,-0.0169428,-0.373847,-0.0169269
0.0296967,-0.0137723,-0.374018,-0.0173417
0.0295835,-0.0114452,-0.374195,-0.0179255
0.0295008,-0.00392124,-0.374377,-0.0185093
0.0295235,0.00910626,-0.374565,-0.0190931
0.0296061,0.00706991,-0.374759,-0.019677
0.029673,0.00817423,-0.374958,-0.0202608
0.0297406,0.000854165,-0.375164,-0.0208446
0.0297997,0.0099716,-0.375375,-0.0214284
0.029896,0.00538609,-0.375593,-0.0220122
0.0299241,0.00230966,-0.375816,-0.0225961
0.0299797,0.00753551,-0.376044,-0.0231799
0.0300419,0.00421751,-0.376275,-0.0229388
0.0301126,0.00673173,-0.376503,-0.0226978
0.0301695,0.00461843,-0.376729,-0.0224567
0.0302129,0.00402634,-0.376952,-0.0222157
0.0302715,0.00388067,-0.377173,-0.0219746
0.0303129,0.000491285,-0.377392,-0.0217335
0.0302964,-0.00313315,-0.377608,-0.0214925
0.0302917,0.00535215,-0.377822,-0.0212514
0.0303428,0.00548793,-0.378033,-0.0210104
0.0303934,0.00295233,-0.378242,-0.0207693
0.0303752,-0.00684106,-0.378449,-0.0206776
0.0303164,-0.00420736,-0.378656,-0.020586
0.030292,0.000970091,-0.378861,-0.0204943
0.0302968,0.00144677,-0.379065,-0.0204027
0.0302796,-0.00579989,-0.379269,-0.020311
0.0302444,0.00190101,-0.379472,-0.0202193
0.0302774,0.00893761,-0.379673,-0.0201277
0.0303873,0.0124264,-0.379874,-0.020036
0.0304587,0.00072008,-0.380074,-0.0199443
0.0305122,0.00673956,-0.380273,-0.0198527
0.0305683,0.00216357,-0.38047,-0.0195902
0.0306034,0.00549367,-0.380665,-0.0193278
0.030659,0.00680747,-0.380857,-0.0190653
0.0307135,0.00439388,-0.381046,-0.0188029
0.0307452,0.00180232,-0.381233,-0.0185404
0.030764,0.00149619,-0.381417,-0.018278
0.0307174,-0.00539152,-0.381598,-0.0180155
0.0306708,-0.00362405,-0.381777,-0.0177531
0.0306465,0.000892906,-0.381953,-0.0174906
0.0306487,0.000139353,-0.382127,-0.0172282
0.0306492,-0.000829802,-0.382299,-0.0172078
0.0306626,0.0047404,-0.382471,-0.0171874
0.0306954,0.00242684,-0.382643,-0.0171671
0.0307227,0.00337141,-0.382815,-0.0171467
0.0307619,0.00637899,-0.382986,-0.0171263
0.0308043,0.00344506,-0.383157,-0.0171059
0.0308669,0.00818602,-0.383328,-0.0170856
0.0309758,0.0096619,-0.383499,-0.0170652
0.0310585,0.00769536,-0.383669,-0.0170448
0.0311204,0.00263519,-0.38384,-0.0170244
0.0311498,0.00227931,-0.384009,-0.0168813
0.0311609,0.00141456,-0.384177,-0.0167382
0.0311763,0.00311026,-0.384344,-0.016595
0.0311876,-0.00166962,-0.384509,-0.0164519
0.0311624,-0.00526228,-0.384673,-0.0163087
0.031133,0.000264857,-0.384835,-0.0161656
0.0311848,0.00639988,-0.384996,-0.0160224
0.0312067,-0.00190436,-0.385156,-0.0158793
0.0311705,-0.00342071,-0.385314,-0.0157362
0.031105,-0.00396722,-0.385471,-0.015593
0.0310882,-0.00183437,-0.385627,-0.0157136
0.0311202,0.00894003,-0.385785,-0.0158342
0.0311852,0.00629804,-0.385944,-0.0159548
0.0312505,0.00458594,-0.386104,-0.0160754
0.0312851,0.00277824,-0.386265,-0.016196
0.0313104,0.002677,-0.386428,-0.0163166
0.031348,0.010737,-0.386592,-0.0164372
0.0314587,0.0154588,-0.386757,-0.0165578
0.0316239,0.0165197,-0.386923,-0.0166784
0.031775,0.0143578,-0.38709,-0.016799
0.0318753,0.00705629,-0.387255,-0.0161414
0.0319466,0.0083353,-0.387413,-0.0154838
0.0320448,0.00909458,-0.387565,-0.0148262
0.0321224,0.00619548,-0.38771,-0.0141687
0.0321533,-0.00265947,-0.387848,-0.0135111
0.0321608,0.00590368,-0.38798,-0.0128535
0.032201,0.00192935,-0.388105,-0.0121959
0.032228,0.00380633,-0.388224,-0.0115383
0.0322585,0.00249532,-0.388336,-0.0108808
0.0322764,-0.00156784,-0.388441,-0.0102232
0.0322974,0.00366474,-0.388543,-0.0101307
0.0323208,-0.00157012,-0.388644,-0.0100382
0.0323077,0.00573213,-0.388744,-0.00994576
0.0323308,0.00277057,-0.388843,-0.00985329
0.0323149,-0.00374748,-0.388941,-0.00976082
0.0322356,-0.00856106,-0.389038,-0.00966836
0.0321479,-0.0100637,-0.389134,-0.00957589
0.032065,-0.010945,-0.38923,-0.00948342
0.0319018,-0.0165518,-0.389324,-0.00939095
0.0317342,-0.015512,-0.389417,-0.00929848
0.0315502,-0.0193434,-0.389513,-0.00980547
0.0313183,-0.0265791,-0.389613,-0.0103125
0.0310384,-0.0300002,-0.389719,-0.0108194
0.0308194,-0.0150458,-0.38983,-0.0113264
0.0306785,-0.012775,-0.389946,-0.0118334
0.0305336,-0.0193823,-0.390067,-0.0123404
0.030303,-0.0244762,-0.390192,-0.0128474
0.0300164,-0.0270904,-0.390324,-0.0133544
0.0298077,-0.016243,-0.39046,-0.0138614
0.0296455,-0.0136633,-0.390601,-0.0143684
0.0294971,-0.0161772,-0.390747,-0.0149558
0.0293237,-0.01728,-0.3909,-0.0155432
0.0291779,-0.0135208,-0.391058,-0.0161307
0.0290221,-0.0181945,-0.391222,-0.0167181
0.0288087,-0.0242608,-0.391393,-0.0173055
0.0286118,-0.0164396,-0.391569,-0.0178929
0.0284431,-0.0169543,-0.39175,-0.0184804
0.0282931,-0.0114601,-0.391938,-0.0190678
0.0281043,-0.0301591,-0.392132,-0.0196552
0.0277864,-0.0356212,-0.392331,-0.0202427
0.0274142,-0.034645,-0.392542,-0.0219139
0.0270256,-0.0410906,-0.39277,-0.0235851
0.0265961,-0.04248,-0.393014,-0.0252563
0.0260981,-0.0549178,-0.393275,-0.0269275
0.0255903,-0.0495187,-0.393552,-0.0285987
0.0251259,-0.0433128,-0.393847,-0.0302699
0.0247228,-0.0375202,-0.394158,-0.0319411
0.0243791,-0.0307777,-0.394485,-0.0336124
0.0241272,-0.0220907,-0.39483,-0.0352836
0.0239578,-0.0163924,-0.395191,-0.0369548
0.0238296,-0.00939132,-0.395567,-0.0382076
0.0237423,-0.00783903,-0.395955,-0.0394604
0.0236894,-0.00670159,-0.396356,-0.0407132
0.0236192,-0.0119369,-0.39677,-0.041966
0.0234792,-0.0148896,-0.397195,-0.0432188
0.0233507,-0.0149647,-0.397634,-0.0444716
0.0231872,-0.0151972,-0.398085,-0.0457244
0.0230607,-0.0112655,-0.398548,-0.0469773
0.0229715,-0.00742843,-0.399024,-0.0482301
0.0228861,-0.00971619,-0.399513,-0.0494829
0.0228062,-0.00670535,-0.400014,-0.0506777
0.0227831,0.00152568,-0.400527,-0.0518726
0.0227855,0.000301234,-0.401051,-0.0530674
0.022782,-0.00299041,-0.401588,-0.0542623
0.0227616,0.00209038,-0.402137,-0.0554571
0.0227924,0.00565204,-0.402697,-0.056652
0.0228738,0.007955,-0.40327,-0.0578468
0.022964,0.00434292,-0.403854,-0.0590416
0.022994,0.000540079,-0.40445,-0.0602365
0.0229741,-0.00426259,-0.405059,-0.0614313
0.0229427,-0.00371675,-0.405679,-0.0625666
0.0228713,-0.0103698,-0.40631,-0.0637018
0.0227831,-0.00654797,-0.406953,-0.064837
0.0227687,-0.000929184,-0.407607,-0.0659722
0.0227679,-0.000278243,-0.408272,-0.0671074
0.0227666,-0.000667565,-0.408949,-0.0682426
0.022802,0.00813643,-0.409637,-0.0693778
0.0228901,0.0104598,-0.410337,-0.070513
0.022972,0.00544295,-0.411047,-0.0716482
0.0230071,0.00347194,-0.411769,-0.0727834
0.0230059,0.000790207,-0.412502,-0.0737607
0.0230305,0.00485026,-0.413245,-0.074738
0.0230626,0.00588587,-0.413997,-0.0757153
0.0231385,0.0101292,-0.414759,-0.0766925
0.0232239,0.000781655,-0.415531,-0.0776698
0.0231832,-0.00724287,-0.416312,-0.0786471
0.0231275,-0.00678651,-0.417104,-0.0796244
0.0230754,-0.0025119,-0.417905,-0.0806016
0.0230524,-0.00604541,-0.418716,-0.0815789
0.0229638,-0.00831009,-0.419536,-0.0825562
0.0228727,-0.00742621,-0.42037,-0.0841813
0.0228256,-0.00235742,-0.42122,-0.0858063
0.022824,0.00450911,-0.422086,-0.0874313
0.0229437,0.0196117,-0.422969,-0.0890564
0.0231335,0.020311,-0.423867,-0.0906814
0.0233679,0.0240999,-0.424782,-0.0923065
0.023622,0.0272704,-0.425714,-0.0939315
0.0239408,0.0352974,-0.426661,-0.0955566
0.0242945,0.0360068,-0.427625,-0.0971816
0.0246935,0.043108,-0.428605,-0.0988067
0.025098,0.0421268,-0.429591,-0.0984373
0.0255532,0.0499281,-0.430573,-0.0980678
0.0260508,0.050731,-0.431552,-0.0976984
0.0265667,0.054069,-0.432527,-0.097329
0.0271236,0.0552228,-0.433499,-0.0969595
0.0276787,0.0582416,-0.434467,-0.0965901
0.0282079,0.0512807,-0.435431,-0.0962207
0.0286816,0.0451895,-0.436391,-0.0958513
0.0291207,0.0405709,-0.437348,-0.0954818
0.0295488,0.0389902,-0.438301,-0.0951124
0.0299228,0.0345135,-0.43925,-0.0946896
0.0302627,0.0335258,-0.440194,-0.0942668
0.0305671,0.0277129,-0.441135,-0.093844
0.0308556,0.0307453,-0.442071,-0.0934212
0.0311753,0.0308755,-0.443003,-0.0929984
0.0314492,0.0210529,-0.443931,-0.0925756
0.0316684,0.0211442,-0.444855,-0.0921528
0.031828,0.0123944,-0.445774,-0.09173
0.0319473,0.0115939,-0.446689,-0.0913073
0.0320726,0.0138766,-0.4476,-0.0908845
0.0321515,0.0023275,-0.448512,-0.0913809
0.0322242,0.0083169,-0.449428,-0.0918773
0.0323199,0.0119379,-0.450349,-0.0923737
0.0324078,0.00873378,-0.451275,-0.0928701
0.0324432,-0.000573868,-0.452207,-0.0933665
0.0324765,0.00642524,-0.453143,-0.0938629
0.0325831,0.0127154,-0.454084,-0.0943593
0.0327018,0.0169621,-0.45503,-0.0948557
0.0328939,0.0227368,-0.455981,-0.0953521
0.0331127,0.0243608,-0.456937,-0.0958485
0.0333448,0.0210277,-0.457896,-0.0959516
0.0335171,0.0155181,-0.458856,-0.0960548
0.0336653,0.0124819,-0.459817,-0.096158
0.033787,0.014206,-0.460779,-0.0962612
0.0339642,0.0232244,-0.461742,-0.0963643
0.0342255,0.0267066,-0.462707,-0.0964675
0.0344941,0.0316552,-0.463672,-0.0965707
0.0348103,0.0280095,-0.464638,-0.0966738
0.0350817,0.0270046,-0.465605,-0.096777
0.0353349,0.0198998,-0.466573,-0.0968802
0.0354954,0.0140939,-0.467543,-0.0971175
0.0356251,0.0116083,-0.468516,-0.0973548
0.0357402,0.00967717,-0.469491,-0.0975921
0.0357953,0.0020001,-0.470468,-0.0978294
0.0358563,0.00910147,-0.471447,-0.0980668
0.0359767,0.0170161,-0.472429,-0.0983041
0.0361669,0.020767,-0.473413,-0.0985414
0.0363486,0.0174672,-0.4744,-0.0987787
0.0365376,0.0181767,-0.475389,-0.0990161
0.0367451,0.0242773,-0.47638,-0.0992534
0.0369785,0.0247947,-0.477373,-0.0993056
0.0371887,0.0234796,-0.478366,-0.0993579
0.0374066,0.0187048,-0.47936,-0.0994101
0.0375294,0.0060082,-0.480354,-0.0994624
0.0375992,0.0073203,-0.481349,-0.0995146
0.0376647,0.00445529,-0.482345,-0.0995669
0.0377042,0.00485843,-0.483341,-0.0996192
0.0377792,0.00761083,-0.484337,-0.0996714
0.0379165,0.0150109,-0.485334,-0.0997237
0.0380976,0.0200843,-0.486332,-0.0997759
0.0382862,0.0171817,-0.48733,-0.0999818
0.0384032,0.00554881,-0.488331,-0.100188
0.0384224,0.00124297,-0.489334,-0.100393
0.0383604,-0.0102139,-0.490339,-0.100599
0.0382114,-0.0170781,-0.491346,-0.100805
0.0380469,-0.0175666,-0.492355,-0.101011
0.0378995,-0.0117369,-0.493366,-0.101217
0.0378071,-0.00935077,-0.49438,-0.101423
0.0377187,-0.0108683,-0.495395,-0.101628
0.0376477,-0.00468017,-0.496412,-0.101834
0.037595,-0.0062441,-0.497437,-0.103155
0.0375682,0.00267092,-0.498475,-0.104476
0.0375828,-0.000804238,-0.499527,-0.105796
0.0375473,-0.00880501,-0.500591,-0.107117
0.0374985,-0.001834,-0.501669,-0.108438
0.0374978,0.000641683,-0.50276,-0.109758
0.0375055,-0.00135295,-0.503864,-0.111079
0.0375225,0.00299944,-0.504981,-0.1124
0.0375539,0.00860704,-0.506112,-0.113721
0.0376538,0.00967755,-0.507256,-0.115041
0.0377276,-0.00138416,-0.508411,-0.115963
0.0377637,0.00563449,-0.509575,-0.116884
0.0378158,0.00431365,-0.510749,-0.117805
0.037905,0.0126969,-0.511931,-0.118727
0.0380229,0.015438,-0.513123,-0.119648
0.0381704,0.0157854,-0.514324,-0.120569
0.0383257,0.0189736,-0.515535,-0.121491
0.0385216,0.0209481,-0.516754,-0.122412
0.038718,0.0207481,-0.517983,-0.123333
0.0389187,0.0179537,-0.519221,-0.124255
0.0391129,0.0203523,-0.520467,-0.12493
0.0393683,0.0277559,-0.521719,-0.125604
0.039697,0.0362846,-0.522979,-0.126279
0.0400434,0.0353436,-0.524245,-0.126954
0.0404137,0.0356161,-0.525518,-0.127629
0.0407909,0.0367534,-0.526797,-0.128304
0.0411561,0.0345999,-0.528084,-0.128979
0.0414779,0.0345816,-0.529377,-0.129654
0.0418239,0.035093,-0.530677,-0.130329
0.0421714,0.0344238,-0.531984,-0.131004
0.0425018,0.0343372,-0.533294,-0.130974
0.0428055,0.0239345,-0.534603,-0.130944
0.0430776,0.0272792,-0.535912,-0.130914
0.0433388,0.0240829,-0.537221,-0.130884
0.0435358,0.016455,-0.53853,-0.130854
0.0436597,0.00956013,-0.539838,-0.130824
0.0437344,0.00526234,-0.541147,-0.130794
0.0437867,0.00421023,-0.542454,-0.130764
0.043812,-0.000179574,-0.543762,-0.130734
0.0437934,0.000195909,-0.545069,-0.130704
0.0438488,0.0101375,-0.546383,-0.132077
0.0439454,0.0119878,-0.547711,-0.133449
0.044031,0.00178193,-0.549052,-0.134822
0.0440553,-0.0015209,-0.550407,-0.136195
0.0441041,0.006569,-0.551776,-0.137567
0.0441542,0.00664198,-0.553158,-0.13894
0.0442176,0.00752798,-0.554555,-0.140313
0.0442979,0.0100411,-0.555965,-0.141685
0.0444465,0.0213931,-0.557388,-0.143058
0.0446151,0.0118052,-0.558826,-0.144431
0.0447473,0.0134008,-0.560275,-0.1455
0.0449046,0.0195774,-0.561736,-0.146569
0.0450888,0.0179722,-0.563207,-0.147639
0.0452591,0.0213974,-0.564689,-0.148708
0.0454977,0.0229357,-0.566181,-0.149778
0.0457344,0.0247993,-0.567684,-0.150847
0.0460216,0.0321279,-0.569198,-0.151916
0.046363,0.0348159,-0.570722,-0.152986
0.0467867,0.0438643,-0.572258,-0.154055
0.0471963,0.0393283,-0.573804,-0.155125
0.0475812,0.0401837,-0.575355,-0.155111
0.0479911,0.0419659,-0.576906,-0.155097
0.0484502,0.0546993,-0.578457,-0.155083
0.0490187,0.0585106,-0.580007,-0.15507
0.0495752,0.0552573,-0.581558,-0.155056
0.0501076,0.0527423,-0.583109,-0.155042
0.0506327,0.0525444,-0.584659,-0.155029
0.0511422,0.0484007,-0.586209,-0.155015
0.0516383,0.0478916,-0.587759,-0.155001
0.0520891,0.0461234,-0.589309,-0.154988
0.0525785,0.0503101,-0.590857,-0.154523
0.0530834,0.0446265,-0.5924,-0.154059
0.0535513,0.0442573,-0.593938,-0.153594
0.0540106,0.0496896,-0.595471,-0.15313
0.0545084,0.0520339,-0.597,-0.152666
0.0550424,0.0533081,-0.598525,-0.152201
0.055609,0.0553489,-0.600044,-0.151737
0.056204,0.0605675,-0.60156,-0.151272
0.0568037,0.0614915,-0.60307,-0.150808
0.0574045,0.0590082,-0.604576,-0.150343
0.0579771,0.05745,-0.606073,-0.149094
0.0585841,0.0612856,-0.607558,-0.147845
0.0591764,0.0575404,-0.60903,-0.146596
0.0597524,0.0597177,-0.610489,-0.145346
0.0603919,0.0680535,-0.611937,-0.144097
0.061132,0.0752388,-0.613371,-0.142848
0.0618594,0.0721532,-0.614794,-0.141599
0.0626178,0.0819885,-0.616203,-0.140349
0.0634298,0.0825095,-0.617601,-0.1391
0.0642724,0.086872,-0.618985,-0.137851
0.0651433,0.0857982,-0.62035,-0.135015
0.0659499,0.0759093,-0.621686,-0.13218
0.0666634,0.0665948,-0.622993,-0.129345
0.0673092,0.0637044,-0.624273,-0.126509
0.0679255,0.0627435,-0.625524,-0.123674
0.0685275,0.0576704,-0.626746,-0.120839
0.0691256,0.0618741,-0.62794,-0.118003
0.069795,0.0658622,-0.629106,-0.115168
0.0704491,0.0653285,-0.630244,-0.112333
0.0710449,0.0547634,-0.631353,-0.109497
0.0715532,0.0483086,-0.632437,-0.107386
0.0720363,0.0492806,-0.6335,-0.105274
0.0725205,0.0523506,-0.634543,-0.103162
0.0730473,0.0554432,-0.635564,-0.101051
0.07362,0.0607547,-0.636564,-0.0989389
0.0742343,0.063788,-0.637543,-0.0968273
0.0749076,0.0690662,-0.6385,-0.0947156
0.0756271,0.0724499,-0.639437,-0.092604
0.0763466,0.0693454,-0.640352,-0.0904923
0.0770569,0.0721767,-0.641247,-0.0883807
0.0777825,0.074581,-0.642114,-0.0850318
0.0784643,0.06201,-0.642947,-0.0816829
0.0791242,0.0704292,-0.643747,-0.078334
0.0797892,0.062826,-0.644514,-0.0749851
0.0803594,0.0533118,-0.645247,-0.0716362
0.0808658,0.0439919,-0.645947,-0.0682873
0.0812663,0.0375929,-0.646613,-0.0649384
0.0816941,0.0494664,-0.647245,-0.0615895
0.0822106,0.0501531,-0.647845,-0.0582406
0.0827087,0.0507023,-0.64841,-0.0548917
0.0831994,0.0463857,-0.648944,-0.0517843
0.083645,0.0394627,-0.649446,-0.0486769
0.0839718,0.0297656,-0.649917,-0.0455695
0.084282,0.0314757,-0.650357,-0.0424622
0.084535,0.0209154,-0.650766,-0.0393548
0.0847263,0.0153382,-0.651144,-0.0362474
0.0849447,0.0258098,-0.651491,-0.0331401
0.0852416,0.0354941,-0.651807,-0.0300327
0.0855816,0.0327832,-0.652092,-0.0269253
0.0858222,0.0150725,-0.652346,-0.023818
0.0859607,0.0124082,-0.652573,-0.0216771
0.0860375,0.00366584,-0.652779,-0.0195362
0.0860448,-0.00300712,-0.652964,-0.0173953
0.0860256,0.00173124,-0.653127,-0.0152544
0.0860401,0.00138948,-0.653269,-0.0131135
0.0860038,-0.0082632,-0.653389,-0.0109727
0.0859283,-0.00663978,-0.653489,-0.00883178
0.0858369,-0.0128696,-0.653566,-0.0066909
0.085677,-0.0173219,-0.653622,-0.00455002
0.0854493,-0.0220729,-0.653657,-0.00240913
0.0852138,-0.0226231,-0.653677,-0.00156578
0.0849896,-0.0225981,-0.653688,-0.000722432
0.084821,-0.0124428,-0.653691,0.000120919
0.084721,-0.00977161,-0.653686,0.00096427
0.0845997,-0.0147545,-0.653672,0.00180762
0.084441,-0.0149929,-0.65365,0.00265097
0.0842777,-0.0182442,-0.653619,0.00349432
0.0840674,-0.0211039,-0.65358,0.00433767
0.0838525,-0.0231527,-0.653532,0.00518102
0.0836144,-0.0212835,-0.653476,0.00602438
0.0833568,-0.0257832,-0.653412,0.0069359
0.0830932,-0.0300912,-0.653338,0.00784742
0.0828153,-0.0258663,-0.653255,0.00875894
0.0825279,-0.0310772,-0.653162,0.00967047
0.0822227,-0.0334596,-0.653061,0.010582
0.081889,-0.0316836,-0.652951,0.0114935
0.0815789,-0.0318278,-0.652831,0.012405
0.0812357,-0.0383276,-0.652703,0.0133166
0.0808187,-0.0477854,-0.652565,0.0142281
0.0803821,-0.0402367,-0.652418,0.0151396
0.0800149,-0.0373955,-0.652266,0.015242
0.07971,-0.0223716,-0.652113,0.0153443
0.079431,-0.0353383,-0.651959,0.0154467
0.0790684,-0.038857,-0.651804,0.0155491
0.0787484,-0.0264827,-0.651648,0.0156514
0.0784428,-0.0326044,-0.651491,0.0157538
0.0781174,-0.0344774,-0.651333,0.0158562
0.0777625,-0.0393836,-0.651174,0.0159585
0.0773681,-0.0372862,-0.651014,0.0160609
0.0769687,-0.0428754,-0.650853,0.0161633
0.0765429,-0.0429942,-0.650692,0.016029
0.0760972,-0.0459698,-0.650532,0.0158948
0.0756262,-0.0496929,-0.650374,0.0157606
0.0751769,-0.044575,-0.650217,0.0156263
0.0747552,-0.0407703,-0.650062,0.0154921
0.0743374,-0.0403352,-0.649907,0.0153578
0.073947,-0.0389529,-0.649754,0.0152236
0.0735767,-0.0341834,-0.649603,0.0150894
0.0731917,-0.0441194,-0.649453,0.0149551
0.0727726,-0.0397184,-0.649304,0.0148209
0.0723942,-0.0365273,-0.649157,0.0146294
0.0720414,-0.0303813,-0.649011,0.014438
0.0716852,-0.0372712,-0.648868,0.0142465
0.0713387,-0.0374521,-0.648726,0.0140551
0.0709926,-0.0301134,-0.648587,0.0138636
0.0707585,-0.0174187,-0.648449,0.0136722
0.0706077,-0.0140082,-0.648313,0.0134807
0.0704775,-0.015243,-0.648179,0.0132892
0.0703022,-0.0221981,-0.648047,0.0130978
0.0701054,-0.0204819,-0.647917,0.0129063
0.0698977,-0.0173358,-0.647786,0.0133899
0.0697554,-0.015124,-0.64765,0.0138735
0.0696243,-0.0128432,-0.647509,0.0143571
0.0694726,-0.0125965,-0.647363,0.0148407
0.069356,-0.0125517,-0.647212,0.0153243
0.0692177,-0.0175068,-0.647056,0.0158079
0.0690203,-0.0218744,-0.646896,0.0162915
0.0687965,-0.0214322,-0.64673,0.0167751
0.0685523,-0.0207311,-0.64656,0.0172587
0.0683397,-0.0192094,-0.646385,0.0177423
0.0681432,-0.0175642,-0.646205,0.0182734
0.0679401,-0.0261972,-0.64602,0.0188044
0.0676649,-0.0275833,-0.645829,0.0193355
0.0673977,-0.0265705,-0.645633,0.0198666
0.0671517,-0.023696,-0.645432,0.0203976
0.0669438,-0.0177371,-0.645225,0.0209287
0.0667952,-0.0120753,-0.645013,0.0214598
0.0667079,-0.00753002,-0.644796,0.0219908
0.0665943,-0.0166521,-0.644573,0.0225219
0.066407,-0.0206386,-0.644345,0.023053
0.0661995,-0.0193663,-0.644112,0.0235186
0.0660332,-0.0149914,-0.643875,0.0239842
0.0659177,-0.00970801,-0.643633,0.0244498
0.0658145,-0.0142729,-0.643386,0.0249154
0.0657024,-0.00797383,-0.643134,0.025381
0.065566,-0.0150108,-0.642878,0.0258466
0.0654023,-0.0179239,-0.642617,0.0263122
0.0652191,-0.0180391,-0.642352,0.0267778
0.0650211,-0.0220562,-0.642082,0.0272434
0.0647703,-0.0255277,-0.641807,0.027709
0.0645339,-0.0226008,-0.641529,0.0279689
0.0642855,-0.0284192,-0.641248,0.0282287
0.0639826,-0.0281675,-0.640964,0.0284885
0.063684,-0.029524,-0.640678,0.0287484
0.063422,-0.0255355,-0.640389,0.0290082
0.0631796,-0.0233905,-0.640098,0.029268
0.0629861,-0.0157113,-0.639804,0.0295279
0.0628203,-0.0147665,-0.639507,0.0297877
0.0626322,-0.0181513,-0.639208,0.0300475
0.0624423,-0.0236399,-0.638906,0.0303074
0.062219,-0.0196544,-0.638602,0.030591
0.0620611,-0.0127897,-0.638295,0.0308747
0.0619369,-0.0146898,-0.637984,0.0311583
0.0617423,-0.0183005,-0.637671,0.031442
0.0615693,-0.0176489,-0.637356,0.0317256
0.0613833,-0.0189293,-0.637037,0.0320093
0.0612083,-0.0158642,-0.636715,0.032293
0.0610239,-0.0207682,-0.636391,0.0325766
0.0608303,-0.0165273,-0.636064,0.0328603
0.0606716,-0.0149328,-0.635734,0.0331439
0.0605337,-0.0130991,-0.635399,0.0337654
0.0604037,-0.0138197,-0.635058,0.0343869
0.060307,-0.00871783,-0.634711,0.0350085
0.0601959,-0.0163235,-0.634358,0.03563
0.0599897,-0.0242659,-0.633999,0.0362515
0.0597016,-0.0306728,-0.633633,0.036873
0.059374,-0.0338552,-0.633261,0.0374945
0.0590191,-0.0382021,-0.632883,0.038116
0.0586087,-0.0432125,-0.632499,0.0387375
0.0582073,-0.0389053,-0.632109,0.039359
0.0578177,-0.0406964,-0.631717,0.0389613
0.0573829,-0.0411439,-0.631329,0.0385635
0.0569865,-0.0374018,-0.630946,0.0381658
0.0566012,-0.038547,-0.630566,0.037768
0.0561725,-0.0424669,-0.63019,0.0373703
0.0557564,-0.0427181,-0.629819,0.0369725
0.0553509,-0.0399634,-0.629451,0.0365748
0.0549672,-0.0365017,-0.629087,0.036177
0.0546521,-0.0290479,-0.628727,0.0357793
0.0543629,-0.0294646,-0.628372,0.0353815
0.0540681,-0.0322387,-0.628019,0.0351767
0.0537595,-0.0307266,-0.627668,0.0349718
0.0534997,-0.0244596,-0.627319,0.0347669
0.0532515,-0.022583,-0.626973,0.034562
0.0530342,-0.0229359,-0.626628,0.0343571
0.0527792,-0.0306737,-0.626286,0.0341522
0.0524698,-0.0326553,-0.625945,0.0339473
0.0521413,-0.0305722,-0.625607,0.0337424
0.0518552,-0.0263016,-0.62527,0.0335375
0.0516246,-0.0184944,-0.624936,0.0333326
0.0515079,-0.00890876,-0.624602,0.0334561
0.0514659,0.00133007,-0.624267,0.0335796
0.0514528,-0.00410237,-0.62393,0.0337031
0.0514153,-0.00114835,-0.623593,0.0338266
0.0513568,-0.0064736,-0.623254,0.03395
0.0512761,-0.00854993,-0.622914,0.0340735
0.0512228,-0.0043719,-0.622572,0.034197
0.0511346,-0.0108046,-0.62223,0.0343205
0.0510791,-0.00195696,-0.621886,0.034444
0.0510101,-0.0119187,-0.621541,0.0345674
0.0508881,-0.0103841,-0.621193,0.0349672
0.0507987,-0.00548558,-0.620842,0.0353669
0.0507436,-0.00560171,-0.620486,0.0357666
0.0506922,-0.00855262,-0.620126,0.0361664
0.050572,-0.0149611,-0.619763,0.0365661
0.0504168,-0.013414,-0.619395,0.0369658
0.0502849,-0.0154341,-0.619023,0.0373656
0.050109,-0.0203181,-0.618648,0.0377653
0.049942,-0.014412,-0.618268,0.038165
0.0497867,-0.0188869,-0.617884,0.0385648
0.0496086,-0.0186038,-0.617498,0.038683
0.0494471,-0.00996121,-0.617111,0.0388013
0.0493485,-0.0105508,-0.616722,0.0389195
0.0492105,-0.0155872,-0.616332,0.0390378
0.0490593,-0.0133598,-0.615941,0.0391561
0.0488766,-0.0222373,-0.615549,0.0392743
0.048628,-0.0244199,-0.615156,0.0393926
0.0483887,-0.023614,-0.614761,0.0395108
0.0481262,-0.031745,-0.614366,0.0396291
0.0478165,-0.0298714,-0.613969,0.0397474
0.0475533,-0.0281185,-0.613573,0.0393474
0.0473137,-0.0212428,-0.613182,0.0389474
0.0471144,-0.0151891,-0.612794,0.0385474
0.0469672,-0.0194056,-0.612411,0.0381474
0.046783,-0.0182967,-0.612031,0.0377474
0.0465719,-0.017641,-0.611656,0.0373474
0.0464086,-0.0163443,-0.611284,0.0369474
0.0462827,-0.0100907,-0.610917,0.0365474
0.0461829,-0.00736676,-0.610553,0.0361474
0.0460735,-0.00959391,-0.610194,0.0357474
0.0459916,-0.00594771,-0.609835,0.036084
0.0459439,-0.00568967,-0.609472,0.0364206
0.0459179,-0.00215472,-0.609106,0.0367572
0.0458886,-0.00370514,-0.608737,0.0370938
0.045858,-0.00291625,-0.608364,0.0374304
0.0458394,-0.000165723,-0.607988,0.037767
0.0458146,-0.00306124,-0.607609,0.0381036
0.0458166,-0.000222292,-0.607226,0.0384402
0.0458179,-0.00154975,-0.60684,0.0387768
0.0457858,-0.00164417,-0.606451,0.0391134
0.045714,-0.0139106,-0.606056,0.039827
0.0456409,-0.0039193,-0.605654,0.0405405
0.0456565,0.00443934,-0.605245,0.041254
0.0457142,0.00890136,-0.604829,0.0419675
0.0458317,0.0173553,-0.604406,0.0426811
0.046014,0.0171209,-0.603976,0.0433946
0.0462132,0.0249957,-0.603538,0.0441081
0.0465232,0.0346519,-0.603093,0.0448216
0.0468539,0.0330607,-0.602642,0.0455352
0.0471818,0.0313908,-0.602183,0.0462487
0.0475336,0.0349258,-0.601709,0.0485159
0.0478836,0.0353468,-0.601212,0.0507831
0.0482262,0.0344549,-0.600693,0.0530502
0.0485028,0.0222008,-0.600151,0.0553174
0.0487318,0.0230098,-0.599587,0.0575846
0.0489177,0.0147671,-0.599,0.0598518
0.0490694,0.0124258,-0.59839,0.0621189
0.0491936,0.00816885,-0.597757,0.0643861
0.0492319,-0.00120163,-0.597102,0.0666533
0.0492031,-0.00826855,-0.596424,0.0689205
0.0491253,-0.00572951,-0.59573,0.0699212
0.0491118,0.000356861,-0.595026,0.0709218
0.0490902,-0.0080126,-0.594312,0.0719225
0.0489774,-0.013316,-0.593587,0.0729232
0.0488125,-0.0188188,-0.592853,0.0739239
0.0486169,-0.0207422,-0.592109,0.0749246
0.0484421,-0.0169216,-0.591355,0.0759252
0.048238,-0.0256801,-0.59059,0.0769259
0.0479722,-0.025815,-0.589816,0.0779266
0.0477589,-0.0208798,-0.589032,0.0789273
0.0475695,-0.0153486,-0.58824,0.0794897
0.0474102,-0.0173544,-0.587442,0.0800522
0.0472479,-0.0113364,-0.586639,0.0806147
0.0471762,-0.00821869,-0.58583,0.0811771
0.0471131,-0.00679353,-0.585015,0.0817396
0.0470432,-0.00829782,-0.584195,0.0823021
0.0470408,0.0089882,-0.583369,0.0828645
0.0471447,0.00966246,-0.582538,0.083427
0.0472616,0.0145868,-0.581701,0.0839895
0.0474302,0.0200902,-0.580858,0.0845519
0.047585,0.0140418,-0.580001,0.0869198
0.0477395,0.0212161,-0.57912,0.0892877
0.0479517,0.0213334,-0.578215,0.0916556
0.0481063,0.0121941,-0.577286,0.0940235
0.0481957,0.011462,-0.576334,0.0963914
0.0483139,0.0134684,-0.575359,0.0987593
0.0484026,0.0106592,-0.574359,0.101127
0.0484973,0.00520574,-0.573336,0.103495
0.048534,0.00206918,-0.572289,0.105863
0.0485666,0.00445266,-0.571219,0.108231
0.0486123,0.00734023,-0.570126,0.110329
0.0486813,0.00420027,-0.569012,0.112427
0.0486881,-0.0050075,-0.567877,0.114525
0.0486278,-0.0101956,-0.566722,0.116623
0.04853,-0.0118866,-0.565545,0.118721
0.0484208,-0.00886452,-0.564347,0.120819
0.0483204,-0.0115953,-0.563129,0.122917
0.0482019,-0.0142616,-0.561889,0.125015
0.048079,-0.0121148,-0.560628,0.127114
0.0479618,-0.0108981,-0.559347,0.129212
0.0478861,-0.0053604,-0.558046,0.130949
0.04786,0.00119621,-0.556728,0.132687
0.0478667,0.000888381,-0.555392,0.134424
0.0478828,0.000180131,-0.554039,0.136162
0.0479114,0.00689735,-0.552669,0.137899
0.047929,-0.0030131,-0.551281,0.139637
0.0478922,-0.00349081,-0.549876,0.141374
0.0477746,-0.0167848,-0.548454,0.143111
0.0476315,-0.0111901,-0.547014,0.144849
0.0475136,-0.0133916,-0.545557,0.146586
0.0473506,-0.016862,-0.544082,0.148468
0.0471718,-0.0144381,-0.542587,0.15035
0.0469965,-0.0192539,-0.541075,0.152231
0.0467877,-0.02328,-0.539543,0.154113
0.046585,-0.01971,-0.537992,0.155994
0.0464129,-0.018438,-0.536423,0.157876
0.0462328,-0.0146347,-0.534835,0.159757
0.0461167,-0.0102557,-0.533228,0.161639
0.0460172,-0.0109604,-0.531602,0.16352
0.0459035,-0.0108739,-0.529957,0.165402
0.0458348,-0.0050424,-0.528292,0.167613
0.0457922,-0.00697463,-0.526605,0.169825
0.0457192,-0.011124,-0.524896,0.172036
0.0455931,-0.0160773,-0.523164,0.174248
0.0454491,-0.0114899,-0.521411,0.176459
0.0453029,-0.0187132,-0.519635,0.17867
0.045104,-0.0222032,-0.517837,0.180882
0.0448524,-0.0264234,-0.516018,0.183093
0.0446039,-0.0179373,-0.514176,0.185305
0.0443843,-0.0237191,-0.512311,0.187516
0.0441352,-0.0273939,-0.510427,0.189465
0.0439031,-0.0203019,-0.508522,0.191413
0.0436989,-0.0253839,-0.506598,0.193362
0.0434731,-0.0231448,-0.504655,0.19531
0.0432021,-0.0317833,-0.502692,0.197259
0.0428364,-0.0417657,-0.50071,0.199208
0.0423922,-0.0491381,-0.498708,0.201156
0.0418709,-0.0532313,-0.496687,0.203105
0.0413683,-0.0487622,-0.494646,0.205053
0.040858,-0.0541774,-0.492586,0.207002
0.0403345,-0.0517461,-0.490511,0.207834
0.0398013,-0.0573918,-0.488429,0.208665
0.0392418,-0.0584846,-0.486338,0.209497
0.0386974,-0.051896,-0.484239,0.210329
0.0381345,-0.0564994,-0.482132,0.21116
0.0375578,-0.0598782,-0.480016,0.211992
0.036937,-0.0597818,-0.477892,0.212824
0.0363339,-0.0607213,-0.475759,0.213656
0.0356988,-0.0659178,-0.473619,0.214487
0.0350224,-0.0666501,-0.47147,0.215319
0.0343612,-0.0686415,-0.469315,0.215549
0.0336595,-0.0710489,-0.467159,0.215779
0.0329297,-0.0765867,-0.465,0.216009
0.0321397,-0.0809669,-0.462838,0.216239
0.031344,-0.0778536,-0.460675,0.216469
0.0305882,-0.073646,-0.458509,0.216698
0.0298356,-0.0751051,-0.456341,0.216928
0.029119,-0.0695669,-0.45417,0.217158
0.0284473,-0.0687731,-0.451998,0.217388
0.0277457,-0.0734144,-0.449823,0.217618
0.0270236,-0.0703686,-0.447648,0.217347
0.0263248,-0.0700278,-0.445476,0.217077
0.0256087,-0.0739439,-0.443306,0.216806
0.0248888,-0.0716704,-0.44114,0.216535
0.0241759,-0.0703407,-0.438976,0.216264
0.0234771,-0.0657703,-0.436814,0.215994
0.0227973,-0.0728425,-0.434656,0.215723
0.0220925,-0.0662126,-0.4325,0.215452
0.0214258,-0.064586,-0.430347,0.215182
0.0207966,-0.0618622,-0.428196,0.214911
0.0201531,-0.0656531,-0.426047,0.214857
0.0195391,-0.0592248,-0.423899,0.214803
0.0189423,-0.0597885,-0.421751,0.214749
0.018311,-0.0633061,-0.419604,0.214696
0.0177087,-0.0596318,-0.417457,0.214642
0.0171424,-0.0556369,-0.415311,0.214588
0.0166101,-0.0538111,-0.413166,0.214534
0.0160268,-0.0623556,-0.411021,0.21448
0.0153562,-0.070513,-0.408876,0.214426
0.0146102,-0.0781296,-0.406732,0.214373
0.0138385,-0.0767865,-0.404593,0.213426
0.0130535,-0.0754145,-0.402464,0.21248
0.012251,-0.0847106,-0.400343,0.211534
0.0114006,-0.0855212,-0.398233,0.210588
0.0105316,-0.0862681,-0.396132,0.209642
0.0096753,-0.0857789,-0.39404,0.208695
0.00880521,-0.0859705,-0.391958,0.207749
0.00798543,-0.0761808,-0.389885,0.206803
0.00720223,-0.0783079,-0.387822,0.205857
0.00648608,-0.0681539,-0.385768,0.204911
0.0057562,-0.0750397,-0.383723,0.203974
0.0050231,-0.0700007,-0.381688,0.203038
0.0042983,-0.0730341,-0.379663,0.202102
0.00359509,-0.0667419,-0.377646,0.201166
0.00293206,-0.0607405,-0.375639,0.20023
0.00234017,-0.0609355,-0.373642,0.199293
0.0017064,-0.0632476,-0.371654,0.198357
0.00111879,-0.0530145,-0.369675,0.197421
0.000618439,-0.0464123,-0.367705,0.196485
0.000201077,-0.0384689,-0.365745,0.195549
-0.000169893,-0.0396327,-0.36379,0.195527
-0.000618896,-0.0510469,-0.361834,0.195505
-0.00111444,-0.0475971,-0.359879,0.195484
-0.00163059,-0.0490346,-0.357925,0.195462
-0.00208587,-0.0426513,-0.35597,0.195441
-0.00252006,-0.0412261,-0.354016,0.195419
-0.00294235,-0.0476193,-0.352062,0.195398
-0.00342435,-0.045915,-0.350108,0.195376
-0.0038978,-0.0488114,-0.348154,0.195355
-0.00438076,-0.0495605,-0.346201,0.195333
-0.00493987,-0.0603276,-0.344251,0.194703
-0.00552255,-0.0547621,-0.342307,0.194073
-0.00605021,-0.050998,-0.340369,0.193443
-0.00658641,-0.0546355,-0.338438,0.192814
-0.00713605,-0.0574538,-0.336513,0.192184
-0.00772,-0.0587006,-0.334594,0.191554
-0.00828967,-0.054568,-0.332682,0.190924
-0.00878908,-0.0473212,-0.330776,0.190294
-0.00924404,-0.0449887,-0.328876,0.189664
-0.00968599,-0.0376988,-0.326982,0.189035
