3.14159265358979312,0.00000000000000000,0.00000000000000000,0.00000000000000000,0.28000000000000003
-3.14157865370646050,0.00279995333326473,0.00001400000000000,0.00280000000000000,0.28000000000000003
-3.14153665545644678,0.00559962667188322,0.00005600000000000,0.00560000000000000,0.28000000000000003
-3.14146666303959199,0.00839874004262512,0.00012600000000000,0.00840000000000000,0.28000000000000003
-3.14136868345527187,0.01119701351509630,0.00022400000000000,0.01120000000000000,0.28000000000000003
-3.14124272650186187,0.01399416722316805,0.00035000000000000,0.01400000000000000,0.28000000000000003
-3.14108880477598840,0.01678992138641955,0.00050400000000000,0.01680000000000000,0.28000000000000003
-3.14090693367156426,0.01958399633159807,0.00068600000000000,0.01960000000000000,0.28000000000000003
-3.14069713137860962,0.02237611251410132,0.00089600000000000,0.02240000000000000,0.28000000000000003
-3.14045941888185709,0.02516599053948611,0.00113400000000000,0.02520000000000000,0.28000000000000003
-3.14019381995914415,0.02795335118500786,0.00140000000000000,0.02800000000000000,0.28000000000000003
-3.13990036117958660,0.03073791542119511,0.00169400000000000,0.03080000000000000,0.28000000000000003
-3.13957907190153840,0.03351940443346323,0.00201600000000000,0.03360000000000000,0.28000000000000003
-3.13922998427033573,0.03629753964377160,0.00236600000000000,0.03640000000000000,0.28000000000000003
-3.13885313321582116,0.03907204273232825,0.00274400000000000,0.03920000000000000,0.28000000000000003
-3.13844855644965337,0.04184263565934616,0.00315000000000000,0.04200000000000000,0.28000000000000003
-3.13801629446239838,0.04460904068685494,0.00358400000000000,0.04479999999999999,0.28000000000000003
-3.13755639052040181,0.04737098040057207,0.00404600000000000,0.04759999999999999,0.28000000000000003
-3.13706889066244177,0.05012817773183732,0.00453600000000000,0.05039999999999999,0.28000000000000003
-3.13655384369616330,0.05288035597961411,0.00505400000000000,0.05319999999999998,0.28000000000000003
-3.13601130119429250,0.05562723883256143,0.00560000000000000,0.05599999999999998,0.28000000000000003
-3.13544131749062727,0.05836855039117994,0.00617400000000000,0.05879999999999998,0.28000000000000003
-3.13484394967580915,0.06110401519003549,0.00677600000000000,0.06159999999999997,0.28000000000000003
-3.13421925759287046,0.06383335822006353,0.00740600000000000,0.06439999999999997,0.28000000000000003
-3.13356730383255977,0.06655630495095750,0.00806400000000000,0.06719999999999997,0.28000000000000003
-3.13288815372844054,0.06927258135364439,0.00875000000000000,0.06999999999999997,0.28000000000000003
-3.13218187535176718,0.07198191392285022,0.00946400000000000,0.07279999999999996,0.28000000000000003
-3.13144853950613333,0.07468402969975843,0.01020600000000000,0.07559999999999996,0.28000000000000003
-3.13068821972189415,0.07737865629476384,0.01097600000000000,0.07839999999999996,0.28000000000000003
-3.12990099225035934,0.08006552191032461,0.01177400000000000,0.08119999999999995,0.28000000000000003
-3.12908693605775801,0.08274435536391461,0.01260000000000000,0.08399999999999995,0.28000000000000003
-3.12824613281897301,0.08541488611107866,0.01345400000000000,0.08679999999999995,0.28000000000000003
-3.12737866691104616,0.08807684426859230,0.01433599999999999,0.08959999999999994,0.28000000000000003
-3.12648462540644712,0.09072996063772856,0.01524599999999999,0.09239999999999994,0.28000000000000003
-3.12556409806611368,0.09337396672763291,0.01618399999999999,0.09519999999999994,0.28000000000000003
-3.12461717733225530,0.09600859477880851,0.01714999999999999,0.09799999999999993,0.28000000000000003
-3.12364395832092079,0.09863357778671285,0.01814399999999999,0.10079999999999993,0.28000000000000003
-3.12264453881433113,0.10124864952546717,0.01916599999999999,0.10359999999999993,0.28000000000000003
-3.12161901925297336,0.10385354457167971,0.02021599999999999,0.10639999999999993,0.28000000000000003
-3.12056750272745642,0.10644799832838371,0.02129399999999999,0.10919999999999992,0.28000000000000003
-3.11949009497012630,0.10903174704909076,0.02239999999999999,0.11199999999999992,0.28000000000000003
-3.11838690434644183,0.11160452786196021,0.02353399999999999,0.11479999999999992,0.28000000000000003
-3.11725804184610444,0.11416607879408477,0.02469599999999999,0.11759999999999991,0.28000000000000003
-3.11610362107394989,0.11671613879589264,0.02588599999999999,0.12039999999999991,0.28000000000000003
-3.11492375824058954,0.11925444776566585,0.02710399999999999,0.12319999999999991,0.28000000000000003
-3.11371857215281045,0.12178074657417486,0.02834999999999999,0.12599999999999992,0.28000000000000003
-3.11248818420372686,0.12429477708942870,0.02962399999999999,0.12879999999999991,0.28000000000000003
-3.11123271836268289,0.12679628220154010,0.03092599999999999,0.13159999999999991,0.28000000000000003
-3.10995230116490706,0.12928500584770483,0.03225599999999999,0.13439999999999991,0.28000000000000003
-3.10864706170091587,0.13176069303729390,0.03361399999999998,0.13719999999999991,0.28000000000000003
-3.10731713160566603,0.13422308987705769,0.03499999999999998,0.13999999999999990,0.83999999999999997
-3.10593466216861058,0.14226842718321048,0.03644199999999998,0.14839999999999989,0.83999999999999997
-3.10447181187517307,0.15029912054639749,0.03796799999999998,0.15679999999999988,0.83999999999999997
-3.10292873138508796,0.15831432569800399,0.03957799999999998,0.16519999999999987,0.83999999999999997
-3.10130557980708899,0.16631319709852399,0.04127199999999998,0.17359999999999987,0.83999999999999997
-3.09960252471185971,0.17429488789001968,0.04304999999999998,0.18199999999999986,0.83999999999999997
-3.09781974214544009,0.18225854985185413,0.04491199999999998,0.19039999999999985,0.83999999999999997
-3.09595741664306212,0.19020333335984979,0.04685799999999998,0.19879999999999984,0.83999999999999997
-3.09401574124337353,0.19812838734902313,0.04888799999999997,0.20719999999999983,0.83999999999999997
-3.09199491750301814,0.20603285928004389,0.05100199999999997,0.21559999999999982,0.83999999999999997
-3.08989515551152971,0.21391589510956402,0.05319999999999997,0.22399999999999981,0.83999999999999997
-3.08771667390650384,0.22177663926455915,0.05548199999999997,0.23239999999999980,0.83999999999999997
-3.08545969988900692,0.22961423462082253,0.05784799999999997,0.24079999999999979,0.83999999999999997
-3.08312446923917571,0.23742782248574826,0.06029799999999997,0.24919999999999978,0.83999999999999997
-3.08071122633197136,0.24521654258553749,0.06283199999999997,0.25759999999999977,0.83999999999999997
-3.07822022415303476,0.25297953305695836,0.06544999999999997,0.26599999999999979,0.83999999999999997
-3.07565172431460310,0.26071593044378638,0.06815199999999996,0.27439999999999981,0.83999999999999997
-3.07300599707143718,0.26842486969804880,0.07093799999999996,0.28279999999999983,0.83999999999999997
-3.07028332133671356,0.27610548418619296,0.07380799999999996,0.29119999999999985,0.83999999999999997
-3.06748398469782702,0.28375690570029438,0.07676199999999996,0.29959999999999987,0.83999999999999997
-3.06460828343205804,0.29137826447441623,0.07979999999999995,0.30799999999999988,0.83999999999999997
-3.06165652252204801,0.29896868920622827,0.08292199999999995,0.31639999999999990,0.83999999999999997
-3.05862901567103362,0.30652730708398840,0.08612799999999995,0.32479999999999992,0.83999999999999997
-3.05552608531778302,0.31405324381898581,0.08941799999999996,0.33319999999999994,0.83999999999999997
-3.05234806265118097,0.32154562368353989,0.09279199999999996,0.34159999999999996,0.83999999999999997
-3.04909528762440374,0.32900356955464433,0.09624999999999996,0.34999999999999998,0.83999999999999997
-3.04576810896863126,0.33642620296334114,0.09979199999999996,0.35840000000000000,0.83999999999999997
-3.04236688420623569,0.34381264414990376,0.10341799999999997,0.36680000000000001,0.83999999999999997
-3.03889197966338731,0.35116201212490344,0.10712799999999997,0.37520000000000003,0.83999999999999997
-3.03534377048202320,0.35847342473622779,0.11092199999999998,0.38360000000000005,0.83999999999999997
-3.03172264063111330,0.36574599874211428,0.11479999999999999,0.39200000000000007,0.83999999999999997
-3.02802898291716582,0.37297884989025665,0.11876199999999998,0.40040000000000009,-0.32000000000000001
-3.02432081665350161,0.36864849148932460,0.12274999999999998,0.39720000000000011,-0.32000000000000001
-3.02065613052556303,0.36428290184837436,0.12670599999999999,0.39400000000000013,-0.32000000000000001
-3.01703527446973929,0.35988255645562167,0.13063000000000000,0.39080000000000015,-0.32000000000000001
-3.01345859365908408,0.35544793247730067,0.13452200000000000,0.38760000000000017,-0.32000000000000001
-3.00992642848691405,0.35097950868198829,0.13838200000000001,0.38440000000000019,-0.32000000000000001
-3.00643911455115864,0.34647776536649033,0.14221000000000000,0.38120000000000021,-0.32000000000000001
-3.00299698263944004,0.34194318428331316,0.14600600000000000,0.37800000000000022,-0.32000000000000001
-2.99960035871487385,0.33737624856974358,0.14976999999999999,0.37480000000000024,-0.32000000000000001
-2.99624956390256747,0.33277744267855697,0.15350200000000000,0.37160000000000026,-0.32000000000000001
-2.99294491447680677,0.32814725231037256,0.15720200000000001,0.36840000000000028,-0.32000000000000001
-2.98968672184890671,0.32348616434767291,0.16087000000000001,0.36520000000000030,-0.32000000000000001
-2.98647529255571742,0.31879466679050233,0.16450600000000001,0.36200000000000032,-0.32000000000000001
-2.98331092824876176,0.31407324869385794,0.16811000000000001,0.35880000000000034,-0.32000000000000001
-2.98019392568399333,0.30932240010678458,0.17168200000000000,0.35560000000000036,-0.32000000000000001
-2.97712457671215125,0.30454261201318372,0.17522200000000002,0.35240000000000038,-0.32000000000000001
-2.97410316826970256,0.29973437627434413,0.17873000000000003,0.34920000000000040,-0.32000000000000001
-2.97112998237034676,0.29489818557320069,0.18220600000000003,0.34600000000000042,-0.32000000000000001
-2.96820529609707151,0.29003453336032614,0.18565000000000004,0.34280000000000044,-0.32000000000000001
-2.96532938159473947,0.28514391380165838,0.18906200000000004,0.33960000000000046,-0.32000000000000001
-2.96250250606318799,0.28022682172796481,0.19244200000000003,0.33640000000000048,-0.32000000000000001
-2.95972493175082674,0.27528375258604298,0.19579000000000005,0.33320000000000050,-0.32000000000000001
-2.95699691594871439,0.27031520239165580,0.19910600000000006,0.33000000000000052,-0.32000000000000001
-2.95431871098509680,0.26532166768419713,0.20239000000000007,0.32680000000000053,-0.32000000000000001
-2.95169056422038967,0.26030364548308299,0.20564200000000007,0.32360000000000055,-0.32000000000000001
-2.94911271804259023,0.25526163324586104,0.20886200000000008,0.32040000000000057,-0.32000000000000001
-2.94658540986309703,0.25019612882803011,0.21205000000000007,0.31720000000000059,-0.32000000000000001
-2.94410887211292582,0.24510763044455958,0.21520600000000006,0.31400000000000061,-0.32000000000000001
-2.94168333223929857,0.23999663663309739,0.21833000000000008,0.31080000000000063,-0.32000000000000001
-2.93930901270259426,0.23486364621885350,0.22142200000000009,0.30760000000000065,-0.32000000000000001
-2.93698613097364269,0.22970915828114444,0.22448200000000010,0.30440000000000067,-0.32000000000000001
-2.93471489953134324,0.22453367212158309,0.22751000000000010,0.30120000000000069,-0.32000000000000001
-2.93249552586059359,0.21933768723389643,0.23050600000000010,0.29800000000000071,-0.32000000000000001
-2.93032821245051300,0.21412170327535254,0.23347000000000009,0.29480000000000073,-0.32000000000000001
-2.92821315679294436,0.20888622003977711,0.23640200000000011,0.29160000000000075,-0.32000000000000001
-2.92615055138121560,0.20363173743213786,0.23930200000000013,0.28840000000000077,-0.32000000000000001
-2.92414058370914942,0.19835875544467460,0.24217000000000014,0.28520000000000079,-0.32000000000000001
-2.92218343627030341,0.19306777413455090,0.24500600000000014,0.28200000000000081,-0.32000000000000001
-2.92027928655742608,0.18775929360300245,0.24781000000000014,0.27880000000000082,-0.32000000000000001
-2.91842830706211531,0.18243381397595573,0.25058200000000014,0.27560000000000084,-0.32000000000000001
-2.91663066527466119,0.17709183538608989,0.25332200000000016,0.27240000000000086,-0.32000000000000001
-2.91488652368406287,0.17173385795631291,0.25603000000000015,0.26920000000000088,-0.32000000000000001
-2.91319603977820263,0.16636038178462270,0.25870600000000016,0.26600000000000090,-0.32000000000000001
-2.91155936604416565,0.16097190693032251,0.26135000000000019,0.26280000000000092,-0.32000000000000001
-2.90997664996868988,0.15556893340155858,0.26396200000000020,0.25960000000000094,-0.32000000000000001
-2.90844803403873442,0.15015196114414772,0.26654200000000022,0.25640000000000096,-0.32000000000000001
-2.90697365574215372,0.14472149003166085,0.26909000000000022,0.25320000000000098,-0.32000000000000001
-2.90555364756846490,0.13927801985672797,0.27160600000000024,0.25000000000000100,-0.32000000000000001
-2.90418813700969514,0.13382205032352909,0.27409000000000022,0.24680000000000099,-0.32000000000000001
-2.90287724656129864,0.12835408104143461,0.27654200000000023,0.24360000000000098,-0.32000000000000001
-2.90162109372313282,0.12287461151975794,0.27896200000000027,0.24040000000000097,-0.32000000000000001
-2.90041979100047964,0.11738414116358238,0.28135000000000027,0.23720000000000097,-0.32000000000000001
-2.89927344590510527,0.11188316927062340,0.28370600000000029,0.23400000000000096,-0.32000000000000001
-2.89818216095634407,0.10637219502908669,0.28603000000000028,0.23080000000000095,-0.32000000000000001
-2.89714603368220214,0.10085171751648182,0.28832200000000030,0.22760000000000094,-0.32000000000000001
-2.89616515662046536,0.09532223569935051,0.29058200000000028,0.22440000000000093,-0.32000000000000001
-2.89523961731980606,0.08978424843386798,0.29281000000000029,0.22120000000000092,-0.32000000000000001
-2.89436949834088209,0.08423825446727504,0.29500600000000032,0.21800000000000092,-0.32000000000000001
-2.89355487725741378,0.07868475244009832,0.29717000000000032,0.21480000000000091,-0.32000000000000001
-2.89279582665723822,0.07312424088911521,0.29930200000000035,0.21160000000000090,-0.32000000000000001
-2.89209241414332840,0.06755721825101972,0.30140200000000034,0.20840000000000089,-0.32000000000000001
-2.89144470233477291,0.06198418286674494,0.30347000000000035,0.20520000000000088,-0.32000000000000001
-2.89085274886770938,0.05640563298639723,0.30550600000000033,0.20200000000000087,-0.32000000000000001
-2.89031660639620602,0.05082206677475719,0.30751000000000034,0.19880000000000086,-0.32000000000000001
-2.88983632259308543,0.04523398231730164,0.30948200000000037,0.19560000000000086,-0.32000000000000001
-2.88941194015068392,0.03964187762670073,0.31142200000000037,0.19240000000000085,-0.32000000000000001
-2.88904349678154748,0.03404625064974406,0.31333000000000039,0.18920000000000084,-0.32000000000000001
-2.88873102521905256,0.02844759927464911,0.31520600000000037,0.18600000000000083,-0.32000000000000001
-2.88847455321795543,0.02284642133870532,0.31705000000000039,0.18280000000000082,-0.32000000000000001
-2.88827410355486025,0.01724321463620678,0.31886200000000042,0.17960000000000081,-0.32000000000000001
-2.88812969402860986,0.01163847692662637,0.32064200000000043,0.17640000000000081,-0.32000000000000001
-2.88804133746059133,0.00603270594298381,0.32239000000000045,0.17320000000000080,-0.32000000000000001
-2.88800904169495842,0.00042639940036045,0.32410600000000045,0.17000000000000079,-0.32000000000000001
-2.88803280959876796,-0.00517994499548714,0.32579000000000047,0.16680000000000078,-0.32000000000000001
-2.88811263906202997,-0.01078582953946216,0.32744200000000045,0.16360000000000077,-0.32000000000000001
-2.88824852299767043,-0.01639075651845895,0.32906200000000047,0.16040000000000076,-0.32000000000000001
-2.88844044934140820,-0.02199422820273849,0.33065000000000050,0.15720000000000076,-0.32000000000000001
-2.88868840105154634,-0.02759574683739556,0.33220600000000050,0.15400000000000075,-0.32000000000000001
-2.88899235610867766,-0.03319481463396522,0.33373000000000053,0.15080000000000074,-0.32000000000000001
-2.88935228751530815,-0.03879093376221619,0.33522200000000052,0.14760000000000073,-0.32000000000000001
-2.88976816329539954,-0.04438360634217835,0.33668200000000054,0.14440000000000072,-0.32000000000000001
-2.89023994649383287,-0.04997233443645176,0.33811000000000052,0.14120000000000071,-0.32000000000000001
-2.89076759517579696,-0.05555662004284406,0.33950600000000053,0.13800000000000071,-0.32000000000000001
-2.89135106242610629,-0.06113596508738332,0.34087000000000056,0.13480000000000070,-0.32000000000000001
-2.89199029634844829,-0.06670987141775256,0.34220200000000056,0.13160000000000069,-0.32000000000000001
-2.89268524006457017,-0.07227784079719260,0.34350200000000058,0.12840000000000068,-0.32000000000000001
-2.89343583171340590,-0.07783937489891890,0.34477000000000058,0.12520000000000067,-0.32000000000000001
-2.89424200445015067,-0.08339397530109820,0.34600600000000059,0.12200000000000068,-0.32000000000000001
-2.89510368644528704,-0.08894114348243007,0.34721000000000057,0.11880000000000068,-0.32000000000000001
-2.89602080088357106,-0.09448038081837840,0.34838200000000058,0.11560000000000069,-0.32000000000000001
-2.89699326596298423,-0.10001118857809690,0.34952200000000061,0.11240000000000069,-0.32000000000000001
-2.89802099489365794,-0.10553306792209294,0.35063000000000061,0.10920000000000070,-0.32000000000000001
-2.89910389589677919,-0.11104551990067260,0.35170600000000063,0.10600000000000070,-0.32000000000000001
-2.90024187220348306,-0.11654804545321037,0.35275000000000062,0.10280000000000071,-0.32000000000000001
-2.90143482205374381,-0.12204014540828534,0.35376200000000063,0.09960000000000072,-0.32000000000000001
-2.90268263869527177,-0.12752132048472573,0.35474200000000061,0.09640000000000072,-0.32000000000000001
-2.90398521038242485,-0.13299107129360285,0.35569000000000062,0.09320000000000073,-0.32000000000000001
-2.90534242037514456,-0.13844889834121490,0.35660600000000064,0.09000000000000073,-0.32000000000000001
-2.90675414693792789,-0.14389430203309991,0.35749000000000064,0.08680000000000074,-0.32000000000000001
-2.90822026333884409,-0.14932678267911739,0.35834200000000066,0.08360000000000074,-0.32000000000000001
-2.90974063784860837,-0.15474584049963622,0.35916200000000065,0.08040000000000075,-0.32000000000000001
-2.91131513373972162,-0.16015097563286659,0.35995000000000066,0.07720000000000075,-0.32000000000000001
-2.91294360928569107,-0.16554168814337231,0.36070600000000069,0.07400000000000076,-0.32000000000000001
-2.91462591776034197,-0.17091747803179913,0.36143000000000070,0.07080000000000077,-0.32000000000000001
-2.91636190743723089,-0.17627784524585408,0.36212200000000072,0.06760000000000077,-0.32000000000000001
-2.91815142158917773,-0.18162228969256930,0.36278200000000072,0.06440000000000078,-0.32000000000000001
-2.91999429848792547,-0.18695031125188358,0.36341000000000073,0.06120000000000077,-0.32000000000000001
-2.92189037140394259,-0.19226140979157316,0.36400600000000072,0.05800000000000077,-0.32000000000000001
-2.92383946860638178,-0.19755508518356296,0.36457000000000073,0.05480000000000077,-0.32000000000000001
-2.92584141336320869,-0.20283083732164778,0.36510200000000076,0.05160000000000077,-0.32000000000000001
-2.92789602394151594,-0.20808816614065223,0.36560200000000076,0.04840000000000077,-0.32000000000000001
-2.93000311360803511,-0.21332657163705704,0.36607000000000078,0.04520000000000077,-0.32000000000000001
-2.93216249062986156,-0.21854555389111807,0.36650600000000078,0.04200000000000077,-0.32000000000000001
-2.93437395827541048,-0.22374461309050328,0.36691000000000079,0.03880000000000076,-0.32000000000000001
-2.93663731481561507,-0.22892324955547158,0.36728200000000077,0.03560000000000076,-0.32000000000000001
-2.93895235352538498,-0.23408096376561655,0.36762200000000078,0.03240000000000076,-0.32000000000000001
-2.94131886268533904,-0.23921725638819630,0.36793000000000081,0.02920000000000076,-0.32000000000000001
-2.94373662558383220,-0.24433162830806965,0.36820600000000081,0.02600000000000076,-0.32000000000000001
-2.94620542051928602,-0.24942358065925763,0.36845000000000083,0.02280000000000076,-0.32000000000000001
-2.94872502080284571,-0.25449261485814761,0.36866200000000082,0.01960000000000076,-0.32000000000000001
-2.95129519476137725,-0.25953823263835618,0.36884200000000084,0.01640000000000075,-0.32000000000000001
-2.95391570574082030,-0.26455993608726541,0.36899000000000082,0.01320000000000075,-0.32000000000000001
-2.95658631210991585,-0.26955722768424584,0.36910600000000082,0.01000000000000075,-0.32000000000000001
-2.95930676726432340,-0.27452961034057771,0.36919000000000085,0.00680000000000076,-0.32000000000000001
-2.96207681963114844,-0.27947658744108073,0.36924200000000085,0.00360000000000075,-0.32000000000000001
-2.96489621267389225,-0.28439766288746110,0.36926200000000087,0.00040000000000075,-0.32000000000000001
-2.96776468489784406,-0.28929234114338304,0.36925000000000086,-0.00279999999999925,-0.32000000000000001
-2.97068196985593413,-0.29416012728127000,0.36920600000000087,-0.00599999999999925,-0.32000000000000001
-2.97364779615506203,-0.29900052703084001,0.36913000000000090,-0.00919999999999925,-0.32000000000000001
-2.97666188746292004,-0.30381304682937732,0.36902200000000090,-0.01239999999999924,-0.32000000000000001
-2.97972396251532690,-0.30859719387374068,0.36888200000000093,-0.01559999999999924,-0.32000000000000001
-2.98283373512409122,-0.31335247617410789,0.36871000000000093,-0.01879999999999924,-0.32000000000000001
-2.98599091418542040,-0.31807840260945358,0.36850600000000094,-0.02199999999999925,-0.32000000000000001
-2.98919520368889335,-0.32277448298475608,0.36827000000000093,-0.02519999999999925,-0.32000000000000001
-2.99244630272701295,-0.32744022808992707,0.36800200000000094,-0.02839999999999925,-0.32000000000000001
-2.99574390550535830,-0.33207514976045643,0.36770200000000097,-0.03159999999999925,-0.32000000000000001
-2.99908770135335079,-0.33667876093976301,0.36737000000000097,-0.03479999999999925,-0.32000000000000001
-3.00247737473565079,-0.34125057574323914,0.36700600000000100,-0.03799999999999925,-0.32000000000000001
-3.00591260526420667,-0.34579010952397704,0.36661000000000099,-0.04119999999999925,-0.32000000000000001
-3.00939306771096549,-0.35029687894016132,0.36618200000000101,-0.04439999999999925,-0.32000000000000001
-3.01291843202126897,-0.35477040202411131,0.36572200000000099,-0.04759999999999925,-0.32000000000000001
-3.01648836332794668,-0.35921019825295508,0.36523000000000100,-0.05079999999999926,-0.32000000000000001
-3.02010252196612372,-0.36361578862091426,0.36470600000000103,-0.05399999999999926,-0.32000000000000001
-3.02376056348876032,-0.36798669571317849,0.36415000000000103,-0.05719999999999926,-0.32000000000000001
-3.02746213868293701,-0.37232244378134488,0.36356200000000105,-0.06039999999999926,-0.32000000000000001
-3.03120689358690232,-0.37662255882039741,0.36294200000000104,-0.06359999999999925,-0.32000000000000001
-3.03499446950789808,-0.38088656864719878,0.36229000000000106,-0.06679999999999925,-0.32000000000000001
-3.03882450304077656,-0.38511400298046511,0.36160600000000104,-0.06999999999999924,-0.32000000000000001
-3.04269662608742575,-0.38930439352219309,0.36089000000000104,-0.07319999999999924,-0.32000000000000001
-3.04661046587701367,-0.39345727404050618,0.36014200000000107,-0.07639999999999923,-0.32000000000000001
-3.05056564498707150,-0.39757218045388576,0.35936200000000107,-0.07959999999999923,-0.32000000000000001
-3.05456178136542267,-0.40164865091675062,0.35855000000000109,-0.08279999999999922,-0.32000000000000001
-3.05859848835297621,-0.40568622590634695,0.35770600000000108,-0.08599999999999922,-0.32000000000000001
-3.06267537470739404,-0.40968444831090856,0.35683000000000109,-0.08919999999999921,-0.32000000000000001
-3.06679204462764776,-0.41364286351904650,0.35592200000000107,-0.09239999999999920,-0.32000000000000001
-3.07094809777947386,-0.41756101951032409,0.35498200000000107,-0.09559999999999920,-0.32000000000000001
-3.07514312932174061,-0.42143846694697307,0.35401000000000110,-0.09879999999999919,-0.32000000000000001
-3.07937672993373868,-0.42527475926670383,0.35300600000000110,-0.10199999999999919,-0.32000000000000001
-3.08364848584340345,-0.42906945277656211,0.35197000000000112,-0.10519999999999918,-0.32000000000000001
-3.08795797885648238,-0.43282210674778149,0.35090200000000110,-0.10839999999999918,-0.32000000000000001
-3.09230478638665529,-0.43653228351158135,0.34980200000000111,-0.11159999999999917,-0.32000000000000001
-3.09668848148661624,-0.44019954855585669,0.34867000000000115,-0.11479999999999917,-0.32000000000000001
-3.10110863288012739,-0.44382347062270572,0.34750600000000115,-0.11799999999999916,-0.32000000000000001
-3.10556480499505305,-0.44740362180673920,0.34631000000000117,-0.12119999999999916,-0.32000000000000001
-3.11005655799737823,-0.45093957765411452,0.34508200000000117,-0.12439999999999915,-0.32000000000000001
-3.11458344782622198,-0.45443091726223561,0.34382200000000118,-0.12759999999999916,-0.32000000000000001
-3.11914502622985212,-0.45787722338005882,0.34253000000000117,-0.13079999999999917,-0.32000000000000001
-3.12374084080270276,-0.46127808250894342,0.34120600000000118,-0.13399999999999918,-0.32000000000000001
-3.12837043502340650,-0.46463308500398431,0.33985000000000121,-0.13719999999999918,-0.32000000000000001
-3.13303334829383928,-0.46794182517576305,0.33846200000000121,-0.14039999999999919,-0.32000000000000001
-3.13772911597918513,-0.47120390139245250,0.33704200000000123,-0.14359999999999920,-0.32000000000000001
3.14072803773056108,-0.47441891618220894,0.33559000000000122,-0.14679999999999921,-0.32000000000000001
3.13596797106013803,-0.47758647633578494,0.33410600000000124,-0.14999999999999922,-0.32000000000000001
3.13117646768339419,-0.48070619300929490,0.33259000000000122,-0.15319999999999923,-0.32000000000000001
3.12635400796077434,-0.48377768182706415,0.33104200000000122,-0.15639999999999923,-0.32000000000000001
3.12150107607371119,-0.48680056298449237,0.32946200000000125,-0.15959999999999924,-0.32000000000000001
3.11661815997839931,-0.48977446135086045,0.32785000000000125,-0.16279999999999925,-0.32000000000000001
3.11170575135854222,-0.49269900657200971,0.32620600000000127,-0.16599999999999926,-0.32000000000000001
3.10676434557707815,-0.49557383317282167,0.32453000000000126,-0.16919999999999927,-0.32000000000000001
3.10179444162687190,-0.49839858065942561,0.32282200000000127,-0.17239999999999928,-0.32000000000000001
3.09679654208039778,-0.50117289362106143,0.32108200000000126,-0.17559999999999928,-0.32000000000000001
3.09177115303839933,-0.50389642183152383,0.31931000000000126,-0.17879999999999929,-0.32000000000000001
3.08671878407753830,-0.50656882035011463,0.31750600000000129,-0.18199999999999930,-0.32000000000000001
3.08163994819703735,-0.50918974962202834,0.31567000000000128,-0.18519999999999931,-0.32000000000000001
3.07653516176432085,-0.51175887557809774,0.31380200000000130,-0.18839999999999932,-0.32000000000000001
3.07140494445966539,-0.51427586973382400,0.31190200000000129,-0.19159999999999933,-0.32000000000000001
3.06624981921985906,-0.51674040928761766,0.30997000000000130,-0.19479999999999933,-0.32000000000000001
3.06107031218088466,-0.51915217721817508,0.30800600000000133,-0.19799999999999934,-0.32000000000000001
3.05586695261963470,-0.52151086238091715,0.30601000000000134,-0.20119999999999935,-0.32000000000000001
3.05064027289466555,-0.52381615960341499,0.30398200000000136,-0.20439999999999936,-0.32000000000000001
3.04539080838600373,-0.52606776977972913,0.30192200000000136,-0.20759999999999937,-0.32000000000000001
3.04011909743401354,-0.52826539996358868,0.29983000000000137,-0.21079999999999938,-0.32000000000000001
3.03482568127734087,-0.53040876346033694,0.29770600000000136,-0.21399999999999939,-0.32000000000000001
3.02951110398994139,-0.53249757991757118,0.29555000000000137,-0.21719999999999939,-0.32000000000000001
3.02417591241721073,-0.53453157541440377,0.29336200000000140,-0.22039999999999940,-0.32000000000000001
3.01882065611122918,-0.53651048254927458,0.29114200000000140,-0.22359999999999941,-0.32000000000000001
3.01344588726513685,-0.53843404052624222,0.28889000000000142,-0.22679999999999942,-0.32000000000000001
3.00805216064665082,-0.54030199523968547,0.28660600000000142,-0.22999999999999943,-0.32000000000000001
3.00264003353074660,-0.54211409935734600,0.28429000000000143,-0.23319999999999944,-0.32000000000000001
2.99721006563151526,-0.54387011240164329,0.28194200000000141,-0.23639999999999944,-0.32000000000000001
2.99176281903321772,-0.54556980082919648,0.27956200000000142,-0.23959999999999945,-0.32000000000000001
2.98629885812055473,-0.54721293810848604,0.27715000000000145,-0.24279999999999946,-0.32000000000000001
2.98081874950816506,-0.54879930479559169,0.27470600000000145,-0.24599999999999947,-0.32000000000000001
2.97532306196938201,-0.55032868860794293,0.27223000000000147,-0.24919999999999948,-0.32000000000000001
2.96981236636425727,-0.55180088449602083,0.26972200000000146,-0.25239999999999946,-0.32000000000000001
2.96428723556688212,-0.55321569471295018,0.26718200000000147,-0.25559999999999944,-0.32000000000000001
2.95874824439202122,-0.55457292888192367,0.26461000000000146,-0.25879999999999942,-0.32000000000000001
2.95319596952108387,-0.55587240406140104,0.26200600000000146,-0.26199999999999940,-0.32000000000000001
2.94763098942745572,-0.55711394480802745,0.25937000000000149,-0.26519999999999938,-0.32000000000000001
2.94205388430121229,-0.55829738323721734,0.25670200000000148,-0.26839999999999936,-0.32000000000000001
2.93646523597323661,-0.55942255908135208,0.25400200000000150,-0.27159999999999934,-0.32000000000000001
2.93086562783877014,-0.56048931974554117,0.25127000000000149,-0.27479999999999932,-0.32000000000000001
2.92525564478041744,-0.56149752036089950,0.24850600000000150,-0.27799999999999930,-0.32000000000000001
2.91963587309062689,-0.56244702383529366,0.24571000000000151,-0.28119999999999928,-0.32000000000000001
2.91400690039368548,-0.56333770090151392,0.24288200000000151,-0.28439999999999926,-0.32000000000000001
2.90836931556723499,-0.56416943016283039,0.24002200000000151,-0.28759999999999925,-0.32000000000000001
2.90272370866335194,-0.56494209813589269,0.23713000000000151,-0.29079999999999923,-0.32000000000000001
2.89707067082921288,-0.56565559929093645,0.23420600000000152,-0.29399999999999921,-0.32000000000000001
2.89141079422736524,-0.56630983608926111,0.23125000000000154,-0.29719999999999919,-0.32000000000000001
2.88574467195564210,-0.56690471901794670,0.22826200000000155,-0.30039999999999917,-0.32000000000000001
2.88007289796674293,-0.56744016662177788,0.22524200000000155,-0.30359999999999915,-0.32000000000000001
2.87439606698750971,-0.56791610553234884,0.22219000000000155,-0.30679999999999913,-0.32000000000000001
2.86871477443792244,-0.56833247049432201,0.21910600000000155,-0.30999999999999911,-0.32000000000000001
2.86302961634985031,-0.56868920438881809,0.21599000000000157,-0.31319999999999909,-0.32000000000000001
2.85734118928558267,-0.56898625825391669,0.21284200000000159,-0.31639999999999907,-0.32000000000000001
2.85165009025616900,-0.56922359130224920,0.20966200000000160,-0.31959999999999905,-0.32000000000000001
2.84595691663959727,-0.56940117093566878,0.20645000000000160,-0.32279999999999903,-0.32000000000000001
2.84026226609884080,-0.56951897275698382,0.20320600000000161,-0.32599999999999901,-0.32000000000000001
2.83456673649980218,-0.56957698057874506,0.19993000000000161,-0.32919999999999899,-0.32000000000000001
2.82887092582918420,-0.56957518642907845,0.19662200000000163,-0.33239999999999897,-0.32000000000000001
2.82317543211231659,-0.56951359055455830,0.19328200000000165,-0.33559999999999895,-0.32000000000000001
2.81748085333097187,-0.56939220142011826,0.18991000000000166,-0.33879999999999894,-0.32000000000000001
2.81178778734119206,-0.56921103570600062,0.18650600000000167,-0.34199999999999892,-0.32000000000000001
2.80609683179116320,-0.56897011830174604,0.18307000000000168,-0.34519999999999890,-0.32000000000000001
2.80040858403916637,-0.56866948229722936,0.17960200000000168,-0.34839999999999888,-0.32000000000000001
2.79472364107163074,-0.56830916897074979,0.17610200000000170,-0.35159999999999886,-0.32000000000000001
2.78904259942132082,-0.56788922777418482,0.17257000000000172,-0.35479999999999884,-0.32000000000000001
2.78336605508568713,-0.56740971631522286,0.16900600000000174,-0.35799999999999882,-0.32000000000000001
2.77769460344540953,-0.56687070033668818,0.16541000000000175,-0.36119999999999880,-0.32000000000000001
2.77202883918316001,-0.56627225369297851,0.16178200000000176,-0.36439999999999878,-0.32000000000000001
2.76636935620261859,-0.56561445832363477,0.15812200000000176,-0.36759999999999876,-0.32000000000000001
2.76071674754776542,-0.56489740422406631,0.15443000000000176,-0.37079999999999874,-0.32000000000000001
2.75507160532247841,-0.56412118941345835,0.15070600000000178,-0.37399999999999872,-0.32000000000000001
2.74943452061047022,-0.56328591989988874,0.14695000000000180,-0.37719999999999870,-0.32000000000000001
2.74380608339558307,-0.56239170964268559,0.14316200000000182,-0.38039999999999868,-0.32000000000000001
2.73818688248247710,-0.56143868051205803,0.13934200000000183,-0.38359999999999866,-0.32000000000000001
2.73257750541773348,-0.56042696224603605,0.13549000000000183,-0.38679999999999864,-0.32000000000000001
2.72697853841140514,-0.55935669240475627,0.13160600000000183,-0.38999999999999863,-0.32000000000000001
2.72139056625903120,-0.55822801632213448,0.12769000000000186,-0.39319999999999861,-0.32000000000000001
2.71581417226415489,-0.55704108705496580,0.12374200000000188,-0.39639999999999859,-0.32000000000000001
2.71024993816135940,-0.55579606532949744,0.11976200000000189,-0.39959999999999857,-0.32000000000000001
2.70469844403984894,-0.55449311948551971,0.11575000000000191,-0.40279999999999855,-0.32000000000000001
2.69916026826760458,-0.55313242541802410,0.11170600000000193,-0.40599999999999853,-0.32000000000000001
2.69363598741613419,-0.55171416651647720,0.10763000000000195,-0.40919999999999851,-0.32000000000000001
2.68812617618583971,-0.55023853360176467,0.10352200000000196,-0.41239999999999849,-0.32000000000000001
2.68263140733202743,-0.54870572486085667,0.09938200000000197,-0.41559999999999847,-0.32000000000000001
2.67715225159158621,-0.54711594577925193,0.09521000000000199,-0.41879999999999845,-0.32000000000000001
2.67168927761034425,-0.54546940907125729,0.09100600000000200,-0.42199999999999843,-0.32000000000000001
2.66624305187114352,-0.54376633460816148,0.08677000000000201,-0.42519999999999841,-0.32000000000000001
2.66081413862263538,-0.54200694934436355,0.08250200000000203,-0.42839999999999839,-0.32000000000000001
2.65540309980882405,-0.54019148724151766,0.07820200000000205,-0.43159999999999837,-0.32000000000000001
2.65001049499938723,-0.53832018919075786,0.07387000000000206,-0.43479999999999835,-0.32000000000000001
2.64463688132077301,-0.53639330293306697,0.06950600000000208,-0.43799999999999834,-0.32000000000000001
2.63928281338810855,-0.53441108297785600,0.06511000000000210,-0.44119999999999832,-0.32000000000000001
2.63394884323793299,-0.53237379051982003,0.06068200000000212,-0.44439999999999830,-0.32000000000000001
2.62863552026176173,-0.53028169335413944,0.05622200000000213,-0.44759999999999828,-0.32000000000000001
2.62334339114051840,-0.52813506579009528,0.05173000000000215,-0.45079999999999826,-0.32000000000000001
2.61807299977982666,-0.52593418856316809,0.04720600000000216,-0.45399999999999824,-0.32000000000000001
2.61282488724619633,-0.52367934874569200,0.04265000000000218,-0.45719999999999822,-0.32000000000000001
2.60759959170410838,-0.52137083965613451,0.03806200000000220,-0.46039999999999820,-0.32000000000000001
2.60239764835400944,-0.51900896076707481,0.03344200000000222,-0.46359999999999818,-0.32000000000000001
2.59721958937123887,-0.51659401761195312,0.02879000000000224,-0.46679999999999816,-0.32000000000000001
2.59206594384589017,-0.51412632169066397,0.02410600000000226,-0.46999999999999814,-0.32000000000000001
2.58693723772362461,-0.51160619037406763,0.01939000000000228,-0.47319999999999812,-0.32000000000000001
2.58183399374743860,-0.50903394680749348,0.01464200000000230,-0.47639999999999810,-0.32000000000000001
2.57675673140041006,-0.50640991981330896,0.00986200000000231,-0.47959999999999808,-0.32000000000000001
2.57170596684941799,-0.50373444379262955,0.00505000000000233,-0.48279999999999806,-0.32000000000000001
2.56668221288984810,-0.50100785862624331,0.00020600000000235,-0.48599999999999804,-0.32000000000000001
2.56168597889129490,-0.49823050957482540,-0.00466999999999763,-0.48919999999999803,-0.32000000000000001
2.55671777074426565,-0.49540274717851573,-0.00957799999999761,-0.49239999999999801,-0.32000000000000001
2.55177809080788975,-0.49252492715593543,-0.01451799999999759,-0.49559999999999799,-0.32000000000000001
2.54686743785864067,-0.48959741030271531,-0.01948999999999757,-0.49879999999999797,-0.32000000000000001
2.54198630704007300,-0.48662056238961032,-0.02449399999999755,-0.50199999999999800,-0.32000000000000001
2.53713518981358632,-0.48359475406027352,-0.02952999999999753,-0.50519999999999798,-0.32000000000000001
2.53231457391020509,-0.48052036072876253,-0.03459799999999751,-0.50839999999999796,-0.32000000000000001
2.52752494328338884,-0.47739776247685028,-0.03969799999999749,-0.51159999999999795,-0.32000000000000001
2.52276677806286997,-0.47422734395121313,-0.04482999999999747,-0.51479999999999793,-0.32000000000000001
2.51804055450951658,-0.47100949426056604,-0.04999399999999745,-0.51799999999999791,-0.32000000000000001
2.51334674497122990,-0.46774460687281672,-0.05518999999999743,-0.52119999999999789,-0.32000000000000001
2.50868581783986322,-0.46443307951230706,-0.06041799999999740,-0.52439999999999787,-0.32000000000000001
2.50405823750917200,-0.46107531405721192,-0.06567799999999738,-0.52759999999999785,-0.32000000000000001
2.49946446433378711,-0.45767171643716215,-0.07096999999999735,-0.53079999999999783,-0.32000000000000001
2.49490495458921302,-0.45422269653115949,-0.07629399999999734,-0.53399999999999781,-0.32000000000000001
2.49038016043283861,-0.45072866806584860,-0.08164999999999731,-0.53719999999999779,-0.32000000000000001
2.48589052986597281,-0.44719004851421174,-0.08703799999999728,-0.54039999999999777,-0.32000000000000001
2.48143650669688220,-0.44360725899474901,-0.09245799999999726,-0.54359999999999775,-0.32000000000000001
2.47701853050483933,-0.43998072417120726,-0.09790999999999724,-0.54679999999999773,-0.32000000000000001
2.47263703660516843,-0.43631087215291825,-0.10339399999999721,-0.54999999999999771,-0.32000000000000001
2.46829245601528502,-0.43259813439580669,-0.10890999999999719,-0.55319999999999769,-0.32000000000000001
2.46398521542172233,-0.42884294560412595,-0.11445799999999717,-0.55639999999999767,-0.32000000000000001
2.45971573714813552,-0.42504574363297937,-0.12003799999999715,-0.55959999999999765,-0.32000000000000001
2.45548443912427761,-0.42120696939168223,-0.12564999999999713,-0.56279999999999764,-0.32000000000000001
2.45129173485593732,-0.41732706674801934,-0.13129399999999711,-0.56599999999999762,-0.32000000000000001
2.44713803339582725,-0.41340648243345052,-0.13696999999999709,-0.56919999999999760,-0.32000000000000001
2.44302373931541972,-0.40944566594931558,-0.14267799999999706,-0.57239999999999758,-0.32000000000000001
2.43894925267771168,-0.40544506947408826,-0.14841799999999702,-0.57559999999999756,-0.32000000000000001
2.43491496901090976,-0.40140514777172726,-0.15418999999999700,-0.57879999999999754,-0.32000000000000001
2.43092127928303281,-0.39732635810117106,-0.15999399999999697,-0.58199999999999752,-0.32000000000000001
2.42696856987740794,-0.39320916012702106,-0.16582999999999695,-0.58519999999999750,-0.32000000000000001
2.42305722256905476,-0.38905401583145616,-0.17169799999999694,-0.58839999999999748,-0.32000000000000001
2.41918761450194530,-0.38486138942742038,-0.17759799999999692,-0.59159999999999746,-0.32000000000000001
2.41536011816712648,-0.38063174727312327,-0.18352999999999689,-0.59479999999999744,-0.32000000000000001
2.41157510138168618,-0.37636555778789094,-0.18949399999999686,-0.59799999999999742,-0.32000000000000001
2.40783292726856146,-0.37206329136940375,-0.19548999999999683,-0.60119999999999740,-0.32000000000000001
2.40413395423715759,-0.36772542031235572,-0.20151799999999681,-0.60439999999999738,-0.32000000000000001
2.40047853596478333,-0.36335241872856772,-0.20757799999999679,-0.60759999999999736,-0.32000000000000001
2.39686702137886876,-0.35894476246858575,-0.21366999999999678,-0.61079999999999735,-0.32000000000000001
2.39329975463996814,-0.35450292904479308,-0.21979399999999674,-0.61399999999999733,-0.32000000000000001
2.38977707512551607,-0.35002739755606394,-0.22594999999999671,-0.61719999999999731,-0.32000000000000001
2.38629931741433410,-0.34551864861398390,-0.23213799999999668,-0.62039999999999729,-0.32000000000000001
2.38286681127186650,-0.34097716427066105,-0.23835799999999666,-0.62359999999999727,0.35999999999999999
2.37950452926561873,-0.33147656712803447,-0.24457599999999663,-0.61999999999999722,0.35999999999999999
2.37623733239662460,-0.32196022948547826,-0.25075799999999659,-0.61639999999999717,0.35999999999999999
2.37306537530327688,-0.31242870333453976,-0.25690399999999658,-0.61279999999999712,0.35999999999999999
2.36998880714364013,-0.30288253278025684,-0.26301399999999653,-0.60919999999999708,0.35999999999999999
2.36700777167337861,-0.29332225422926328,-0.26908799999999650,-0.60559999999999703,0.35999999999999999
2.36412240732178169,-0.28374839658260104,-0.27512599999999648,-0.60199999999999698,0.35999999999999999
2.36133284726583526,-0.27416148143306401,-0.28112799999999644,-0.59839999999999693,0.35999999999999999
2.35863921950229916,-0.26456202326690070,-0.28709399999999641,-0.59479999999999689,0.35999999999999999
2.35604164691774898,-0.25495052966970499,-0.29302399999999640,-0.59119999999999684,0.35999999999999999
2.35354024735653411,-0.24532750153632688,-0.29891799999999635,-0.58759999999999679,0.35999999999999999
2.35113513368661842,-0.23569343328463654,-0.30477599999999633,-0.58399999999999674,0.35999999999999999
2.34882641386326974,-0.22604881307297822,-0.31059799999999632,-0.58039999999999670,0.35999999999999999
2.34661419099055024,-0.21639412302115163,-0.31638399999999628,-0.57679999999999665,0.35999999999999999
2.34449856338058105,-0.20672983943476161,-0.32213399999999626,-0.57319999999999660,0.35999999999999999
2.34247962461055437,-0.19705643303277831,-0.32784799999999620,-0.56959999999999655,0.35999999999999999
2.34055746357744532,-0.18737436917815256,-0.33352599999999616,-0.56599999999999651,0.35999999999999999
2.33873216455040556,-0.17768410811133320,-0.33916799999999614,-0.56239999999999646,0.35999999999999999
2.33700380722081569,-0.16798610518653498,-0.34477399999999608,-0.55879999999999641,0.35999999999999999
2.33537246674994670,-0.15828081111060777,-0.35034399999999605,-0.55519999999999636,0.35999999999999999
2.33383821381423662,-0.14856867218435957,-0.35587799999999603,-0.55159999999999632,0.35999999999999999
2.33240111464813005,-0.13885013054618806,-0.36137599999999598,-0.54799999999999627,0.35999999999999999
2.33106123108447605,-0.12912562441787648,-0.36683799999999595,-0.54439999999999622,0.35999999999999999
2.32981862059245692,-0.11939558835241205,-0.37226399999999593,-0.54079999999999617,0.35999999999999999
2.32867333631303097,-0.10966045348368642,-0.37765399999999588,-0.53719999999999613,0.35999999999999999
2.32762542709186526,-0.09992064777793906,-0.38300799999999585,-0.53359999999999608,0.35999999999999999
2.32667493750974863,-0.09017659628680641,-0.38832599999999579,-0.52999999999999603,0.35999999999999999
2.32582190791046628,-0.08042872140184018,-0.39360799999999574,-0.52639999999999598,0.35999999999999999
2.32506637442612352,-0.07067744311036037,-0.39885399999999571,-0.52279999999999593,0.35999999999999999
2.32440836899990444,-0.06092317925250897,-0.40406399999999565,-0.51919999999999589,0.35999999999999999
2.32384791940624957,-0.05116634577937174,-0.40923799999999561,-0.51559999999999584,0.35999999999999999
2.32338504926845602,-0.04140735701203634,-0.41437599999999558,-0.51199999999999579,0.35999999999999999
2.32301977807367788,-0.03164662590145574,-0.41947799999999552,-0.50839999999999574,0.35999999999999999
2.32275212118532526,-0.02188456428898698,-0.42454399999999548,-0.50479999999999570,0.35999999999999999
2.32258208985285464,-0.01212158316747537,-0.42957399999999546,-0.50119999999999565,0.35999999999999999
2.32250969121894713,-0.00235809294275520,-0.43456799999999540,-0.49759999999999566,0.35999999999999999
2.32253492832406927,0.00740549630456172,-0.43952599999999536,-0.49399999999999566,0.35999999999999999
2.32265780010841727,0.01716877455713830,-0.44444799999999535,-0.49039999999999567,0.35999999999999999
2.32287830141123841,0.02693133159893341,-0.44933399999999529,-0.48679999999999568,0.35999999999999999
2.32319642296753415,0.03669275675332040,-0.45418399999999526,-0.48319999999999569,0.35999999999999999
2.32361215140214661,0.04645263862143133,-0.45899799999999524,-0.47959999999999570,0.35999999999999999
2.32412546922123031,0.05621056482085544,-0.46377599999999519,-0.47599999999999570,0.35999999999999999
2.32473635480110907,0.06596612172482080,-0.46851799999999516,-0.47239999999999571,0.35999999999999999
2.32544478237453411,0.07571889420198852,-0.47322399999999509,-0.46879999999999572,0.35999999999999999
2.32625072201433891,0.08546846535698921,-0.47789399999999504,-0.46519999999999573,0.35999999999999999
2.32715413961450501,0.09521441627183262,-0.48252799999999502,-0.46159999999999574,0.35999999999999999
2.32815499686864591,0.10495632574832149,-0.48712599999999495,-0.45799999999999574,0.35999999999999999
2.32925325124592497,0.11469377005160190,-0.49168799999999491,-0.45439999999999575,0.35999999999999999
2.33044885596440832,0.12442632265498350,-0.49621399999999488,-0.45079999999999576,0.35999999999999999
2.33174175996187927,0.13415355398616377,-0.50070399999999482,-0.44719999999999577,0.35999999999999999
2.33313190786411795,0.14387503117499192,-0.50515799999999478,-0.44359999999999578,0.35999999999999999
2.33461923995066911,0.15359031780290933,-0.50957599999999470,-0.43999999999999578,0.35999999999999999
2.33620369211811152,0.16329897365420448,-0.51395799999999470,-0.43639999999999579,0.35999999999999999
2.33788519584085464,0.17300055446922258,-0.51830399999999466,-0.43279999999999580,0.35999999999999999
2.33966367812946796,0.18269461169967066,-0.52261399999999458,-0.42919999999999581,0.35999999999999999
2.34153906148658564,0.19238069226616142,-0.52688799999999458,-0.42559999999999581,0.35999999999999999
2.34351126386038988,0.20205833831814043,-0.53112599999999455,-0.42199999999999582,0.35999999999999999
2.34558019859571232,0.21172708699634321,-0.53532799999999447,-0.41839999999999583,0.35999999999999999
2.34774577438276744,0.22138647019793051,-0.53949399999999448,-0.41479999999999584,0.35999999999999999
2.35000789520355546,0.23103601434445209,-0.54362399999999444,-0.41119999999999585,0.35999999999999999
2.35236646027595864,0.24067524015279160,-0.54771799999999438,-0.40759999999999585,0.35999999999999999
2.35482136399556197,0.25030366240924651,-0.55177599999999438,-0.40399999999999586,0.35999999999999999
2.35737249587523134,0.25992078974690003,-0.55579799999999435,-0.40039999999999587,0.35999999999999999
2.36001974048248364,0.26952612442644308,-0.55978399999999429,-0.39679999999999588,0.35999999999999999
2.36276297737467900,0.27911916212060767,-0.56373399999999430,-0.39319999999999589,0.35999999999999999
2.36560208103208236,0.28869939170237419,-0.56764799999999427,-0.38959999999999589,0.35999999999999999
2.36853692078882183,0.29826629503711799,-0.57152599999999421,-0.38599999999999590,0.35999999999999999
2.37156736076179087,0.30781934677886258,-0.57536799999999422,-0.38239999999999591,0.35999999999999999
2.37469325977753254,0.31735801417080872,-0.57917399999999419,-0.37879999999999592,0.35999999999999999
2.37791447129715383,0.32688175685031184,-0.58294399999999413,-0.37519999999999593,0.35999999999999999
2.38123084333931079,0.33639002665848095,-0.58667799999999404,-0.37159999999999593,0.35999999999999999
2.38464221840131430,0.34588226745457545,-0.59037599999999402,-0.36799999999999594,0.35999999999999999
2.38814843337840266,0.35535791493537838,-0.59403799999999396,-0.36439999999999595,0.35999999999999999
2.39174931948123692,0.36481639645972558,-0.59766399999999387,-0.36079999999999596,0.35999999999999999
2.39544470215166605,0.37425713087837359,-0.60125399999999385,-0.35719999999999597,0.35999999999999999
2.39923440097681784,0.38367952836939040,-0.60480799999999380,-0.35359999999999597,0.35999999999999999
2.40311822960157162,0.39308299027925486,-0.60832599999999371,-0.34999999999999598,0.35999999999999999
2.40709599563947485,0.40246690896985265,-0.61180799999999369,-0.34639999999999599,0.35999999999999999
2.41116750058215601,0.41183066767155840,-0.61525399999999364,-0.34279999999999600,0.35999999999999999
2.41533253970730044,0.42117364034259464,-0.61866399999999355,-0.33919999999999600,0.35999999999999999
2.41959090198525395,0.43049519153486038,-0.62203799999999354,-0.33559999999999601,0.35999999999999999
2.42394236998431545,0.43979467626642277,-0.62537599999999349,-0.33199999999999602,0.35999999999999999
2.42838671977478882,0.44907143990086662,-0.62867799999999341,-0.32839999999999603,0.35999999999999999
2.43292372083186592,0.45832481803369801,-0.63194399999999340,-0.32479999999999604,0.35999999999999999
2.43755313593740652,0.46755413638599819,-0.63517399999999336,-0.32119999999999604,0.35999999999999999
2.44227472108069499,0.47675871070552500,-0.63836799999999327,-0.31759999999999605,0.35999999999999999
2.44708822535824222,0.48593784667546003,-0.64152599999999327,-0.31399999999999606,0.35999999999999999
2.45199339087271717,0.49509083983099855,-0.64464799999999323,-0.31039999999999607,0.35999999999999999
2.45698995263108344,0.50421697548398092,-0.64773399999999315,-0.30679999999999608,0.35999999999999999
2.46207763844202354,0.51331552865576247,-0.65078399999999315,-0.30319999999999608,0.35999999999999999
2.46725616881273258,0.52238576401851888,-0.65379799999999311,-0.29959999999999609,0.35999999999999999
2.47252525684516922,0.53142693584518419,-0.65677599999999303,-0.29599999999999610,0.35999999999999999
2.47788460813185019,0.54043828796821580,-0.65971799999999303,-0.29239999999999611,0.35999999999999999
2.48333392065127523,0.54941905374738087,-0.66262399999999300,-0.28879999999999612,0.35999999999999999
2.48887288466307943,0.55836845604675645,-0.66549399999999292,-0.28519999999999612,0.35999999999999999
2.49450118260299991,0.56728570722113369,-0.66832799999999293,-0.28159999999999613,0.35999999999999999
2.50021848897775456,0.57617000911201433,-0.67112599999999289,-0.27799999999999614,0.35999999999999999
2.50602447025992880,0.58502055305338441,-0.67388799999999283,-0.27439999999999615,0.35999999999999999
2.51191878478297248,0.59383651988744879,-0.67661399999999283,-0.27079999999999615,0.35999999999999999
2.51790108263640100,0.60261707999050484,-0.67930399999999280,-0.26719999999999616,0.35999999999999999
2.52397100556131093,0.61136139330913131,-0.68195799999999274,-0.26359999999999617,0.35999999999999999
2.53012818684630592,0.62006860940686370,-0.68457599999999275,-0.25999999999999618,0.35999999999999999
2.53637225122394394,0.62873786752152305,-0.68715799999999272,-0.25639999999999619,0.35999999999999999
2.54270281476781168,0.63736829663336059,-0.68970399999999266,-0.25279999999999619,0.35999999999999999
2.54911948479033601,0.64595901554417501,-0.69221399999999267,-0.24919999999999620,0.35999999999999999
2.55562185974144107,0.65450913296755331,-0.69468799999999264,-0.24559999999999621,0.35999999999999999
2.56220952910816280,0.66301774763038057,-0.69712599999999258,-0.24199999999999622,0.35999999999999999
2.56888207331533902,0.67148394838575687,-0.69952799999999260,-0.23839999999999623,0.35999999999999999
2.57563906362748352,0.67990681433745315,-0.70189399999999258,-0.23479999999999623,0.35999999999999999
2.58248006205196301,0.68828541497602957,-0.70422399999999252,-0.23119999999999624,0.35999999999999999
2.58940462124359527,0.69661881032673301,-0.70651799999999243,-0.22759999999999625,0.35999999999999999
2.59641228441078553,0.70490605110928084,-0.70877599999999241,-0.22399999999999626,0.35999999999999999
2.60350258522331757,0.71314617890963039,-0.71099799999999236,-0.22039999999999627,0.35999999999999999
2.61067504772192827,0.72133822636382305,-0.71318399999999227,-0.21679999999999627,0.35999999999999999
2.61792918622977577,0.72948121735398397,-0.71533399999999225,-0.21319999999999628,0.35999999999999999
2.62526450526593358,0.73757416721654534,-0.71744799999999220,-0.20959999999999629,0.35999999999999999
2.63268049946102423,0.74561608296275361,-0.71952599999999212,-0.20599999999999630,0.35999999999999999
2.64017665347512143,0.75360596351150766,-0.72156799999999210,-0.20239999999999631,0.35999999999999999
2.64775244191804227,0.76154279993456375,-0.72357399999999206,-0.19879999999999631,0.35999999999999999
2.65540732927215561,0.76942557571413206,-0.72554399999999197,-0.19519999999999632,0.35999999999999999
2.66314076981782311,0.77725326701287600,-0.72747799999999196,-0.19159999999999633,0.35999999999999999
2.67095220756160678,0.78502484295631214,-0.72937599999999192,-0.18799999999999634,0.35999999999999999
2.67884107616736244,0.79273926592759725,-0.73123799999999184,-0.18439999999999634,0.35999999999999999
2.68680679889033946,0.80039549187467218,-0.73306399999999183,-0.18079999999999635,0.35999999999999999
2.69484878851441501,0.80799247062972102,-0.73485399999999179,-0.17719999999999636,0.35999999999999999
2.70296644729258873,0.81552914624088679,-0.73660799999999171,-0.17359999999999637,0.35999999999999999
2.71115916689084901,0.82300445731617222,-0.73832599999999171,-0.16999999999999638,0.35999999999999999
2.71942632833554043,0.83041733737943613,-0.74000799999999167,-0.16639999999999638,0.35999999999999999
2.72776730196435580,0.83776671523838275,-0.74165399999999160,-0.16279999999999639,0.35999999999999999
2.73618144738106039,0.84505151536442402,-0.74326399999999160,-0.15919999999999640,0.35999999999999999
2.74466811341407890,0.85227065828427784,-0.74483799999999156,-0.15559999999999641,0.35999999999999999
2.75322663807905599,0.85942306098314991,-0.74637599999999149,-0.15199999999999642,0.35999999999999999
2.76185634854550344,0.86650763731932923,-0.74787799999999149,-0.14839999999999642,0.35999999999999999
2.77055656110765014,0.87352329845000953,-0.74934399999999146,-0.14479999999999643,0.35999999999999999
2.77932658115960685,0.88046895326813279,-0.75077399999999139,-0.14119999999999644,0.35999999999999999
2.78816570317495493,0.88734350885003210,-0.75216799999999140,-0.13759999999999645,0.35999999999999999
2.79707321069085957,0.89414587091363384,-0.75352599999999137,-0.13399999999999646,0.35999999999999999
2.80604837629682180,0.90087494428696224,-0.75484799999999130,-0.13039999999999646,0.35999999999999999
2.81509046162816201,0.90752963338666870,-0.75613399999999131,-0.12679999999999647,0.35999999999999999
2.82419871736434125,0.91410884270629378,-0.75738399999999129,-0.12319999999999647,0.35999999999999999
2.83337238323221108,0.92061147731394843,-0.75859799999999122,-0.11959999999999646,0.35999999999999999
2.84261068801428429,0.92703644335908519,-0.75977599999999124,-0.11599999999999645,0.35999999999999999
2.85191284956211888,0.93338264858801057,-0.76091799999999121,-0.11239999999999645,0.35999999999999999
2.86127807481490137,0.93964900286777309,-0.76202399999999115,-0.10879999999999644,0.35999999999999999
2.87070555982330333,0.94583441871804264,-0.76309399999999117,-0.10519999999999644,0.35999999999999999
2.88019448977870063,0.95193781185057946,-0.76412799999999115,-0.10159999999999643,0.35999999999999999
2.88974403904782484,0.95795810171587437,-0.76512599999999109,-0.09799999999999642,0.35999999999999999
2.89935337121290626,0.96389421205652259,-0.76608799999999111,-0.09439999999999642,0.35999999999999999
2.90902163911739287,0.96974507146687972,-0.76701399999999109,-0.09079999999999641,0.35999999999999999
2.91874798491728704,0.97550961395852864,-0.76790399999999104,-0.08719999999999641,0.35999999999999999
2.92853154013817196,0.98118677953107214,-0.76875799999999095,-0.08359999999999640,0.35999999999999999
2.93837142573796140,0.98677551474774894,-0.76957599999999093,-0.07999999999999639,0.35999999999999999
2.94826675217543510,0.99227477331535652,-0.77035799999999088,-0.07639999999999639,0.35999999999999999
2.95821661948458825,0.99768351666794841,-0.77110399999999080,-0.07279999999999638,0.35999999999999999
2.96822011735483926,1.00300071455376005,-0.77181399999999079,-0.06919999999999638,0.35999999999999999
2.97827632521711383,1.00822534562480315,-0.77248799999999074,-0.06559999999999637,0.35999999999999999
2.98838431233584156,1.01335639802855604,-0.77312599999999065,-0.06199999999999637,0.35999999999999999
2.99854313790687588,1.01839287000116396,-0.77372799999999065,-0.05839999999999637,0.35999999999999999
3.00875185116134958,1.02333377046155372,-0.77429399999999060,-0.05479999999999637,0.35999999999999999
3.01900949147547681,1.02817811960585415,-0.77482399999999052,-0.05119999999999637,0.35999999999999999
3.02931508848629338,1.03292494950150493,-0.77531799999999051,-0.04759999999999637,0.35999999999999999
3.03966766221333806,1.03757330468042652,-0.77577599999999047,-0.04399999999999638,0.35999999999999999
3.05006622318625809,1.04212224273061760,-0.77619799999999040,-0.04039999999999638,0.35999999999999999
3.06050977257831747,1.04657083488553493,-0.77658399999999039,-0.03679999999999638,0.35999999999999999
3.07099730234578772,1.05091816661060911,-0.77693399999999035,-0.03319999999999638,0.35999999999999999
3.08152779537318455,1.05516333818623997,-0.77724799999999028,-0.02959999999999638,0.35999999999999999
3.09210022562431686,1.05930546528661407,-0.77752599999999028,-0.02599999999999638,0.35999999999999999
3.10271355829909723,1.06334367955368214,-0.77776799999999024,-0.02239999999999638,0.35999999999999999
3.11336674999606888,1.06727712916563022,-0.77797399999999017,-0.01879999999999638,0.35999999999999999
3.12405874888058221,1.07110497939918203,-0.77814399999999018,-0.01519999999999638,0.35999999999999999
3.13478849485856692,1.07482641318506400,-0.77827799999999014,-0.01159999999999638,0.35999999999999999
-3.13763038742377098,1.07844063165596959,-0.77837599999999008,-0.00799999999999638,0.35999999999999999
-3.12682835967687689,1.08194685468636154,-0.77843799999999008,-0.00439999999999638,0.35999999999999999
-3.11599181285528548,1.08534432142345172,-0.77846399999999005,-0.00079999999999638,0.35999999999999999
-3.10512183824393206,1.08863229080870516,-0.77845399999998999,0.00280000000000362,0.35999999999999999
-3.09421953443723030,1.09181004208921961,-0.77840799999999000,0.00640000000000362,0.35999999999999999
-3.08328600713350509,1.09487687531833999,-0.77832599999998997,0.01000000000000362,0.35999999999999999
-3.07232236892447297,1.09783211184487284,-0.77820799999998991,0.01360000000000362,0.35999999999999999
-3.06132973907989125,1.10067509479028036,-0.77805399999998992,0.01720000000000362,0.35999999999999999
-3.05030924332749853,1.10340518951323685,-0.77786399999998990,0.02080000000000362,0.35999999999999999
-3.03926201362837478,1.10602178406095053,-0.77763799999998984,0.02440000000000362,0.35999999999999999
-3.02818918794785574,1.10852428960665961,-0.77737599999998985,0.02800000000000362,0.35999999999999999
-3.01709191002214583,1.11091214087272938,-0.77707799999998983,0.03160000000000362,0.35999999999999999
-3.00597132912077303,1.11318479653879354,-0.77674399999998978,0.03520000000000362,0.35999999999999999
-2.99482859980504079,1.11534173963439431,-0.77637399999998979,0.03880000000000362,0.35999999999999999
-2.98366488168263055,1.11738247791559986,-0.77596799999998978,0.04240000000000362,0.35999999999999999
-2.97248133915852319,1.11930654422509135,-0.77552599999998972,0.04600000000000361,0.35999999999999999
-2.96127914118240376,1.12111349683523409,-0.77504799999998963,0.04960000000000361,0.35999999999999999
-2.95005946099272043,1.12280291977366686,-0.77453399999998962,0.05320000000000361,0.35999999999999999
-2.93882347585757930,1.12437442313096558,-0.77398399999998957,0.05680000000000361,0.35999999999999999
-2.92757236681265320,1.12582764334996144,-0.77339799999998948,0.06040000000000361,0.35999999999999999
-2.91630731839628954,1.12716224349631333,-0.77277599999998947,0.06400000000000361,0.35999999999999999
-2.90502951838200918,1.12837791350996430,-0.77211799999998942,0.06760000000000362,0.35999999999999999
-2.89374015750858771,1.12947437043713172,-0.77142399999998934,0.07120000000000362,0.35999999999999999
-2.88244042920791443,1.13045135864250978,-0.77069399999998933,0.07480000000000363,0.35999999999999999
-2.87113152933083038,1.13130865000138847,-0.76992799999998929,0.07840000000000363,0.35999999999999999
-2.85981465587114636,1.13204604407142240,-0.76912599999998921,0.08200000000000364,0.35999999999999999
-2.84849100868804639,1.13266336824380565,-0.76828799999998920,0.08560000000000365,0.35999999999999999
-2.83716178922708284,1.13316047787364527,-0.76741399999998916,0.08920000000000365,0.35999999999999999
-2.82582820023997305,1.13353725638934555,-0.76650399999998908,0.09280000000000366,0.35999999999999999
-2.81449144550340735,1.13379361538085277,-0.76555799999998908,0.09640000000000366,0.35999999999999999
-2.80315272953708039,1.13392949466663406,-0.76457599999998904,0.10000000000000367,0.35999999999999999
-2.79181325732116115,1.13394486233929692,-0.76355799999998897,0.10360000000000368,0.35999999999999999
-2.78047423401341165,1.13383971478978429,-0.76250399999998897,0.10720000000000368,0.35999999999999999
-2.76913686466617293,1.13361407671011216,-0.76141399999998893,0.11080000000000369,0.35999999999999999
-2.75780235394342910,1.13326800107464432,-0.76028799999998886,0.11440000000000369,0.35999999999999999
-2.74647190583816769,1.13280156909993135,-0.75912599999998887,0.11800000000000370,0.35999999999999999
-2.73514672339024667,1.13221489018317190,-0.75792799999998883,0.12160000000000371,0.35999999999999999
-2.72382800840498618,1.13150810181938044,-0.75669399999998876,0.12520000000000370,0.35999999999999999
-2.71251696117269070,1.13068136949737985,-0.75542399999998877,0.12880000000000369,0.35999999999999999
-2.70121478018932049,1.12973488657476606,-0.75411799999998874,0.13240000000000368,0.35999999999999999
-2.68992266187851436,1.12866887413201744,-0.75277599999998868,0.13600000000000367,0.35999999999999999
-2.67864180031517796,1.12748358080595779,-0.75139799999998869,0.13960000000000367,0.35999999999999999
-2.66737338695083759,1.12617928260280142,-0.74998399999998866,0.14320000000000366,0.35999999999999999
-2.65611861034096464,1.12475628269104666,-0.74853399999998860,0.14680000000000365,0.35999999999999999
-2.64487865587447146,1.12321491117450156,-0.74704799999998861,0.15040000000000364,0.35999999999999999
-2.63365470550557568,1.12155552484576027,-0.74552599999998859,0.15400000000000363,0.35999999999999999
-2.62244793748822413,1.11977850692047132,-0.74396799999998853,0.15760000000000363,0.35999999999999999
-2.61125952611326939,1.11788426675276331,-0.74237399999998854,0.16120000000000362,0.35999999999999999
-2.60009064144858559,1.11587323953222040,-0.74074399999998852,0.16480000000000361,0.35999999999999999
-2.58894244908230453,1.11374588596282331,-0.73907799999998847,0.16840000000000360,0.35999999999999999
-2.57781610986934950,1.11150269192429363,-0.73737599999998849,0.17200000000000359,0.35999999999999999
-2.56671277968144373,1.10914416811630012,-0.73563799999998847,0.17560000000000359,0.35999999999999999
-2.55563360916075899,1.10667084968601026,-0.73386399999998841,0.17920000000000358,0.35999999999999999
-2.54457974347737048,1.10408329583948683,-0.73205399999998833,0.18280000000000357,0.35999999999999999
-2.53355232209067616,1.10138208943744975,-0.73020799999998831,0.18640000000000356,0.35999999999999999
-2.52255247851493447,1.09856783657593948,-0.72832599999998826,0.19000000000000355,0.35999999999999999
-2.51158134008906941,1.09564116615244012,-0.72640799999998817,0.19360000000000355,0.35999999999999999
-2.50064002775088268,1.09260272941802783,-0.72445399999998816,0.19720000000000354,0.35999999999999999
-2.48972965581581374,1.08945319951613273,-0.72246399999998812,0.20080000000000353,0.35999999999999999
-2.47885133176037664,1.08619327100851071,-0.72043799999998803,0.20440000000000352,0.35999999999999999
-2.46800615601039608,1.08282365938903480,-0.71837599999998802,0.20800000000000352,0.35999999999999999
-2.45719522173416793,1.07934510058592870,-0.71627799999998798,0.21160000000000351,0.35999999999999999
-2.44641961464064872,1.07575835045307211,-0.71414399999998790,0.21520000000000350,0.35999999999999999
-2.43568041278278580,1.07206418425101702,-0.71197399999998789,0.21880000000000349,0.35999999999999999
-2.42497868636608738,1.06826339611836274,-0.70976799999998785,0.22240000000000348,0.35999999999999999
-2.41431549756252117,1.06435679853414089,-0.70752599999998778,0.22600000000000348,0.35999999999999999
-2.40369190032983449,1.06034522177187052,-0.70524799999998777,0.22960000000000347,0.35999999999999999
-2.39310894023637033,1.05622951334594206,-0.70293399999998774,0.23320000000000346,0.35999999999999999
-2.38256765429145645,1.05201053745099626,-0.70058399999998766,0.23680000000000345,0.35999999999999999
-2.37206907078143381,1.04768917439496190,-0.69819799999998766,0.24040000000000344,0.35999999999999999
-2.36161420911138009,1.04326632002642050,-0.69577599999998763,0.24400000000000344,0.35999999999999999
-2.35120407965258993,1.03874288515695978,-0.69331799999998756,0.24760000000000343,0.35999999999999999
-2.34083968359585004,1.03411979497918072,-0.69082399999998756,0.25120000000000342,0.35999999999999999
-2.33052201281055504,1.02939798848101760,-0.68829399999998753,0.25480000000000341,0.35999999999999999
-2.32025204970969501,1.02457841785702652,-0.68572799999998746,0.25840000000000340,0.35999999999999999
-2.31003076712074451,1.01966204791729242,-0.68312599999998747,0.26200000000000340,0.35999999999999999
-2.29985912816246829,1.01464985549459907,-0.68048799999998744,0.26560000000000339,0.35999999999999999
-2.28973808612766438,1.00954282885050040,-0.67781399999998737,0.26920000000000338,0.35999999999999999
-2.27966858437184783,1.00434196708091972,-0.67510399999998738,0.27280000000000337,0.35999999999999999
-2.26965155620787984,0.99904827952189956,-0.67235799999998735,0.27640000000000337,0.35999999999999999
-2.25968792480653313,0.99366278515611073,-0.66957599999998729,0.28000000000000336,0.35999999999999999
-2.24977860310298849,0.98818651202072105,-0.66675799999998731,0.28360000000000335,0.35999999999999999
-2.23992449370924307,0.98262049661721140,-0.66390399999998728,0.28720000000000334,0.35999999999999999
-2.23012648883240683,0.97696578332371553,-0.66101399999998722,0.29080000000000333,0.35999999999999999
-2.22038547019886323,0.97122342381044713,-0.65808799999998724,0.29440000000000333,0.35999999999999999
-2.21070230898425457,0.96539447645876331,-0.65512599999998722,0.29800000000000332,0.35999999999999999
-2.20107786574925957,0.95948000578440040,-0.65212799999998716,0.30160000000000331,0.35999999999999999
-2.19151299038111302,0.95348108186540304,-0.64909399999998718,0.30520000000000330,0.35999999999999999
-2.18200852204082185,0.94739877977525200,-0.64602399999998716,0.30880000000000329,0.35999999999999999
-2.17256528911602231,0.94123417902168138,-0.64291799999998711,0.31240000000000329,0.35999999999999999
-2.16318410917941684,0.93498836299165877,-0.63977599999998713,0.31600000000000328,0.35999999999999999
-2.15386578895273040,0.92866241840298569,-0.63659799999998712,0.31960000000000327,0.35999999999999999
-2.14461112427611411,0.92225743476295918,-0.63338399999998707,0.32320000000000326,0.35999999999999999
-2.13542090008292584,0.91577450383451797,-0.63013399999998698,0.32680000000000325,0.35999999999999999
-2.12629589037981148,0.90921471911027962,-0.62684799999998697,0.33040000000000325,0.35999999999999999
-2.11723685823200292,0.90257917529485632,-0.62352599999998692,0.33400000000000324,0.35999999999999999
-2.10824455575375014,0.89586896779582059,-0.62016799999998684,0.33760000000000323,0.35999999999999999
-2.09931972410380041,0.88908519222367410,-0.61677399999998683,0.34120000000000322,0.35999999999999999
-2.09046309348582948,0.88222894390115314,-0.61334399999998679,0.34480000000000322,0.35999999999999999
-2.08167538315373335,0.87530131738218808,-0.60987799999998671,0.34840000000000321,0.35999999999999999
-2.07295730142167933,0.86830340598081590,-0.60637599999998670,0.35200000000000320,0.35999999999999999
-2.06430954567881875,0.86123630131032525,-0.60283799999998666,0.35560000000000319,0.35999999999999999
-2.05573280240855505,0.85410109283289692,-0.59926399999998659,0.35920000000000318,0.35999999999999999
-2.04722774721226131,0.84689886741998477,-0.59565399999998658,0.36280000000000318,0.35999999999999999
-2.03879504483734042,0.83963070892366298,-0.59200799999998654,0.36640000000000317,0.35999999999999999
-2.03043534920951529,0.83229769775914919,-0.58832599999998647,0.37000000000000316,0.35999999999999999
-2.02214930346923838,0.82490091049869529,-0.58460799999998647,0.37360000000000315,0.35999999999999999
-2.01393754001210334,0.81744141947701943,-0.58085399999998644,0.37720000000000314,0.35999999999999999
-2.00580068053314431,0.80992029240843755,-0.57706399999998637,0.38080000000000314,0.35999999999999999
-1.99773933607490517,0.80233859201583402,-0.57323799999998637,0.38440000000000313,0.35999999999999999
-1.98975410707915934,0.79469737567159593,-0.56937599999998634,0.38800000000000312,0.35999999999999999
-1.98184558344215955,0.78699769505061901,-0.56547799999998627,0.39160000000000311,0.35999999999999999
-1.97401434457329761,0.77924059579547655,-0.56154399999998628,0.39520000000000310,0.35999999999999999
-1.96626095945705015,0.77142711719382906,-0.55757399999998625,0.39880000000000310,0.35999999999999999
-1.95858598671808992,0.76355829186813418,-0.55356799999998618,0.40240000000000309,0.35999999999999999
-1.95098997468943747,0.75563514547770583,-0.54952599999998619,0.40600000000000308,0.35999999999999999
-1.94347346148353117,0.74765869643315264,-0.54544799999998617,0.40960000000000307,0.35999999999999999
-1.93603697506609018,0.73962995562321576,-0.54133399999998610,0.41320000000000306,0.35999999999999999
-1.92868103333264718,0.73154992615401015,-0.53718399999998612,0.41680000000000306,0.35999999999999999
-1.92140614418762667,0.72341960310066078,-0.53299799999998609,0.42040000000000305,0.35999999999999999
-1.91421280562584561,0.71523997327131361,-0.52877599999998603,0.42400000000000304,0.35999999999999999
-1.90710150581631099,0.70701201498348809,-0.52451799999998605,0.42760000000000303,0.35999999999999999
-1.90007272318819398,0.69873669785272596,-0.52022399999998603,0.43120000000000303,0.35999999999999999
-1.89312692651885439,0.69041498259348066,-0.51589399999998597,0.43480000000000302,0.35999999999999999
-1.88626457502379741,0.68204782083218007,-0.51152799999998599,0.43840000000000301,0.35999999999999999
-1.87948611844843727,0.67363615493238638,-0.50712599999998598,0.44200000000000300,0.35999999999999999
-1.87279199716155031,0.66518091783196398,-0.50268799999998592,0.44560000000000299,0.35999999999999999
-1.86618264225029673,0.65668303289216112,-0.49821399999998589,0.44920000000000299,0.35999999999999999
-1.85965847561669162,0.64814341375849782,-0.49370399999998588,0.45280000000000298,0.35999999999999999
-1.85321991007540943,0.63956296423334780,-0.48915799999998583,0.45640000000000297,0.35999999999999999
-1.84686734945280406,0.63094257816009036,-0.48457599999998580,0.46000000000000296,0.35999999999999999
-1.84060118868703015,0.62228313931870494,-0.47995799999998578,0.46360000000000295,0.35999999999999999
-1.83442181392915238,0.61358552133266953,-0.47530399999998574,0.46720000000000295,0.35999999999999999
-1.82832960264512900,0.60485058758702082,-0.47061399999998571,0.47080000000000294,0.35999999999999999
-1.82232492371856036,0.59607919115742614,-0.46588799999998570,0.47440000000000293,0.35999999999999999
-1.81640813755409170,0.58727217475011129,-0.46112599999998566,0.47800000000000292,0.35999999999999999
-1.81057959618136310,0.57843037065248393,-0.45632799999998563,0.48160000000000291,0.35999999999999999
-1.80483964335940117,0.56955460069428676,-0.45149399999998563,0.48520000000000291,0.35999999999999999
-1.79918861468134650,0.56064567621910932,-0.44662399999998559,0.48880000000000290,0.35999999999999999
-1.79362683767941444,0.55170439806608518,-0.44171799999998557,0.49240000000000289,0.35999999999999999
-1.78815463192999058,0.54273155656159444,-0.43677599999998556,0.49600000000000288,0.35999999999999999
-1.78277230915875773,0.53372793152079190,-0.43179799999998553,0.49960000000000288,0.35999999999999999
-1.77748017334576103,0.52469429225877395,-0.42678399999998551,0.50320000000000287,0.35999999999999999
-1.77227852083031268,0.51563139761119847,-0.42173399999998545,0.50680000000000291,0.35999999999999999
-1.76716764041564489,0.50653999596416677,-0.41664799999998542,0.51040000000000296,0.35999999999999999
-1.76214781347321803,0.49742082529317605,-0.41152599999998540,0.51400000000000301,0.35999999999999999
-1.75721931404659482,0.48827461321094912,-0.40636799999998535,0.51760000000000306,0.35999999999999999
-1.75238240895479280,0.47910207702394580,-0.40117399999998532,0.52120000000000311,0.35999999999999999
-1.74763735789502905,0.46990392379736068,-0.39594399999998531,0.52480000000000315,0.35999999999999999
-1.74298441354477274,0.46068085042840923,-0.39067799999998526,0.52840000000000320,0.35999999999999999
-1.73842382166302500,0.45143354372770605,-0.38537599999998523,0.53200000000000325,0.35999999999999999
-1.73395582119074554,0.44216268050853630,-0.38003799999998522,0.53560000000000330,0.35999999999999999
-1.72958064435034653,0.43286892768382329,-0.37466399999998518,0.53920000000000334,0.35999999999999999
-1.72529851674418078,0.42355294237059382,-0.36925399999998515,0.54280000000000339,0.35999999999999999
-1.72110965745194733,0.41421537200174452,-0.36380799999998514,0.54640000000000344,0.35999999999999999
-1.71701427912694493,0.40485685444491187,-0.35832599999998510,0.55000000000000349,0.35999999999999999
-1.71301258809110046,0.39547801812825006,-0.35280799999998508,0.55360000000000353,0.35999999999999999
-1.70910478442870795,0.38607948217292176,-0.34725399999998502,0.55720000000000358,0.35999999999999999
-1.70529106207880776,0.37666185653210754,-0.34166399999998498,0.56080000000000363,0.35999999999999999
-1.70157160892614567,0.36722574213634107,-0.33603799999998496,0.56440000000000368,0.35999999999999999
-1.69794660689064658,0.35777173104497922,-0.33037599999998490,0.56800000000000372,0.35999999999999999
-1.69441623201534419,0.34830040660361672,-0.32467799999998487,0.57160000000000377,0.35999999999999999
-1.69098065455270774,0.33881234360725726,-0.31894399999998485,0.57520000000000382,0.35999999999999999
-1.68764003904930848,0.32930810846905489,-0.31317399999998480,0.57880000000000387,0.35999999999999999
-1.68439454442877179,0.31978825939444044,-0.30736799999998476,0.58240000000000391,0.35999999999999999
-1.68124432407296265,0.31025334656045078,-0.30152599999998475,0.58600000000000396,0.35999999999999999
-1.67818952590135129,0.30070391230007976,-0.29564799999998470,0.58960000000000401,0.35999999999999999
-1.67523029244851185,0.29114049129147263,-0.28973399999998467,0.59320000000000406,0.35999999999999999
-1.67236676093970571,0.28156361075178660,-0.28378399999998460,0.59680000000000410,0.35999999999999999
-1.66959906336450259,0.27197379063554367,-0.27779799999998456,0.60040000000000415,0.35999999999999999
-1.66692732654839770,0.26237154383730321,-0.27177599999998453,0.60400000000000420,0.35999999999999999
-1.66435167222238034,0.25275737639848400,-0.26571799999998447,0.60760000000000425,0.35999999999999999
-1.66187221709041455,0.24313178771816818,-0.25962399999998442,0.61120000000000430,0.35999999999999999
-1.65948907289479242,0.23349527076772095,-0.25349399999998440,0.61480000000000434,0.35999999999999999
-1.65720234647932330,0.22384831230906294,-0.24732799999998437,0.61840000000000439,0.35999999999999999
-1.65501213985032147,0.21419139311643359,-0.24112599999998433,0.62200000000000444,0.35999999999999999
-1.65291855023536116,0.20452498820148665,-0.23488799999998428,0.62560000000000449,0.35999999999999999
-1.65092167013976288,0.19484956704156048,-0.22861399999998422,0.62920000000000453,0.35999999999999999
-1.64902158740078275,0.18516559381096864,-0.22230399999998418,0.63280000000000458,0.35999999999999999
-1.64721838523947461,0.17547352761515758,-0.21595799999998413,0.63640000000000463,0.35999999999999999
-1.64551214231019616,0.16577382272758065,-0.20957599999998408,0.64000000000000468,0.35999999999999999
-1.64390293274773391,0.15606692882913983,-0.20315799999998405,0.64360000000000472,0.35999999999999999
-1.64239082621202148,0.14635329125004784,-0.19670399999998400,0.64720000000000477,0.35999999999999999
-1.64097588793042704,0.13663335121396569,-0.19021399999998395,0.65080000000000482,0.35999999999999999
-1.63965817873758990,0.12690754608427221,-0.18368799999998389,0.65440000000000487,0.35999999999999999
-1.63843775511278356,0.11717630961232391,-0.17712599999998385,0.65800000000000491,0.35999999999999999
-1.63731466921478619,0.10744007218756502,-0.17052799999998380,0.66160000000000496,0.35999999999999999
-1.63628896891424302,0.09769926108934908,-0.16389399999998375,0.66520000000000501,0.35999999999999999
-1.63536069782350069,0.08795430074033490,-0.15722399999998368,0.66880000000000506,0.35999999999999999
-1.63452989532390158,0.07820561296132117,-0.15051799999998364,0.67240000000000510,0.35999999999999999
-1.63379659659052257,0.06845361722738486,-0.14377599999998358,0.67600000000000515,0.35999999999999999
-1.63316083261434675,0.05869873092519013,-0.13699799999998352,0.67960000000000520,0.35999999999999999
-1.63262263022185650,0.04894136961133522,-0.13018399999998348,0.68320000000000525,0.35999999999999999
-1.63218201209203873,0.03918194727160562,-0.12333399999998343,0.68680000000000530,0.35999999999999999
-1.63183899677079336,0.02942087658100296,-0.11644799999998337,0.69040000000000534,0.35999999999999999
-1.63159359868273857,0.01965856916441947,-0.10952599999998332,0.69400000000000539,0.35999999999999999
-1.63144582814040562,0.00989543585782852,-0.10256799999998326,0.69760000000000544,0.35999999999999999
-1.63139569135082119,0.00013188696986229,-0.09557399999998320,0.70120000000000549,0.35999999999999999
-1.63144319041947128,-0.00963166745635212,-0.08854399999998315,0.70480000000000553,0.35999999999999999
-1.63158832335164639,-0.01939481738122652,-0.08147799999998309,0.70840000000000558,0.35999999999999999
-1.63183108405116784,-0.02915715250674383,-0.07437599999998304,0.71200000000000563,0.35999999999999999
-1.63217146231649290,-0.03891826201461669,-0.06723799999998298,0.71560000000000568,0.35999999999999999
-1.63260944383420514,-0.04867773430470120,-0.06006399999998292,0.71920000000000572,0.35999999999999999
-1.63314501016988856,-0.05843515673379412,-0.05285399999998287,0.72280000000000577,0.35999999999999999
-1.63377813875639322,-0.06819011535494289,-0.04560799999998281,0.72640000000000582,0.35999999999999999
-1.63450880287949718,-0.07794219465739752,-0.03832599999998275,0.73000000000000587,0.35999999999999999
-1.63533697166097158,-0.08769097730733472,-0.03100799999998269,0.73360000000000591,0.35999999999999999
-1.63626261003905671,-0.09743604388948485,-0.02365399999998263,0.73720000000000596,0.35999999999999999
-1.63728567874636033,-0.10717697264979327,-0.01626399999998257,0.74080000000000601,0.35999999999999999
-1.63840613428518767,-0.11691333923924847,-0.00883799999998251,0.74440000000000606,0.35999999999999999
-1.63962392890031672,-0.12664471645901057,-0.00137599999998245,0.74800000000000610,0.35999999999999999
-1.64093901054923141,-0.13637067400697464,0.00612200000001761,0.75160000000000615,0.35999999999999999
-1.64235132286982788,-0.14609077822590477,0.01365600000001768,0.75520000000000620,0.35999999999999999
-1.64386080514561117,-0.15580459185327605,0.02122600000001774,0.75880000000000625,0.35999999999999999
-1.64546739226839933,-0.16551167377296286,0.02883200000001780,0.76240000000000629,0.35999999999999999
-1.64717101469855387,-0.17521157876891369,0.03647400000001787,0.76600000000000634,0.35999999999999999
-1.64897159842275798,-0.18490385728095418,0.04415200000001793,0.76960000000000639,0.35999999999999999
-1.65086906490936292,-0.19458805516286148,0.05186600000001799,0.77320000000000644,0.35999999999999999
-1.65286333106132899,-0.20426371344285546,0.05961600000001806,0.77680000000000649,0.35999999999999999
-1.65495430916678243,-0.21393036808665314,0.06740200000001813,0.78040000000000653,0.35999999999999999
-1.65714190684721685,-0.22358754976323575,0.07522400000001819,0.78400000000000658,0.35999999999999999
-1.65942602700336672,-0.23323478361347874,0.08308200000001825,0.78760000000000663,0.35999999999999999
-1.66180656775878210,-0.24287158902179770,0.09097600000001832,0.79120000000000668,0.35999999999999999
-1.66428342240113514,-0.25249747939096523,0.09890600000001838,0.79480000000000672,0.35999999999999999
-1.66685647932129166,-0.26211196192025527,0.10687200000001845,0.79840000000000677,0.35999999999999999
-1.66952562195018150,-0.27171453738707441,0.11487400000001852,0.80200000000000682,0.35999999999999999
-1.67229072869350270,-0.28130469993224139,0.12291200000001859,0.80560000000000687,0.35999999999999999
-1.67515167286429856,-0.29088193684907782,0.13098600000001867,0.80920000000000691,0.35999999999999999
-1.67810832261344389,-0.30044572837647643,0.13909600000001873,0.81280000000000696,0.35999999999999999
-1.68116054085808364,-0.30999554749611413,0.14724200000001880,0.81640000000000701,0.35999999999999999
-1.68430818520806458,-0.31953085973398021,0.15542400000001888,0.82000000000000706,0.35999999999999999
-1.68755110789040486,-0.32905112296639216,0.16364200000001894,0.82360000000000710,0.35999999999999999
-1.69088915567184661,-0.33855578723067292,0.17189600000001901,0.82720000000000715,0.35999999999999999
-1.69432216977953920,-0.34804429454066665,0.18018600000001908,0.83080000000000720,0.35999999999999999
-1.69784998581990343,-0.35751607870727153,0.18851200000001916,0.83440000000000725,0.35999999999999999
-1.70147243369572587,-0.36697056516417031,0.19687400000001923,0.83800000000000729,0.35999999999999999
-1.70518933752153790,-0.37640717079894104,0.20527200000001930,0.84160000000000734,0.35999999999999999
-1.70900051553733334,-0.38582530378973301,0.21370600000001938,0.84520000000000739,0.35999999999999999
-1.71290578002068106,-0.39522436344769418,0.22217600000001947,0.84880000000000744,0.35999999999999999
-1.71690493719729242,-0.40460374006533806,0.23068200000001954,0.85240000000000749,0.35999999999999999
-1.72099778715010165,-0.41396281477104002,0.23922400000001962,0.85600000000000753,0.35999999999999999
-1.72518412372692365,-0.42330095938985463,0.24780200000001970,0.85960000000000758,0.35999999999999999
-1.72946373444675139,-0.43261753631084615,0.25641600000001979,0.86320000000000763,0.35999999999999999
-1.73383640040476106,-0.44191189836112693,0.26506600000001990,0.86680000000000768,0.35999999999999999
-1.73830189617609099,-0.45118338868679786,0.27375200000001998,0.87040000000000772,0.35999999999999999
-1.74285998971846623,-0.46043134064098790,0.28247400000002004,0.87400000000000777,0.35999999999999999
-1.74751044227373886,-0.46965507767918857,0.29123200000002014,0.87760000000000782,0.35999999999999999
-1.75225300826841957,-0.47885391326208160,0.30002600000002022,0.88120000000000787,0.35999999999999999
-1.75708743521327593,-0.48802715076605652,0.30885600000002028,0.88480000000000791,0.35999999999999999
-1.76201346360207456,-0.49717408340161695,0.31772200000002038,0.88840000000000796,0.35999999999999999
-1.76703082680954782,-0.50629399413987308,0.32662400000002045,0.89200000000000801,0.35999999999999999
-1.77213925098866731,-0.51538615564731738,0.33556200000002051,0.89560000000000806,0.35999999999999999
-1.77733845496730591,-0.52444983022908143,0.34453600000002060,0.89920000000000810,0.35999999999999999
-1.78262815014437748,-0.53348426978086916,0.35354600000002068,0.90280000000000815,0.35999999999999999
-1.78800804038553851,-0.54248871574976187,0.36259200000002079,0.90640000000000820,0.35999999999999999
-1.79347782191854388,-0.55146239910408879,0.37167400000002088,0.91000000000000825,0.35999999999999999
-1.79903718322834716,-0.56040454031255438,0.38079200000002095,0.91360000000000829,0.35999999999999999
-1.80468580495203912,-0.56931434933281355,0.38994600000002105,0.91720000000000834,0.35999999999999999
-1.81042335977372049,-0.57819102560968105,0.39913600000002114,0.92080000000000839,0.35999999999999999
-1.81624951231940512,-0.58703375808316038,0.40836200000002121,0.92440000000000844,0.35999999999999999
-1.82216391905205377,-0.59584172520647460,0.41762400000002131,0.92800000000000848,0.35999999999999999
-1.82816622816683871,-0.60461409497427665,0.42692200000002140,0.93160000000000853,0.35999999999999999
-1.83425607948674241,-0.61335002496121427,0.43625600000002146,0.93520000000000858,0.35999999999999999
-1.84043310435859375,-0.62204866237101997,0.44562600000002156,0.93880000000000863,0.35999999999999999
-1.84669692554964904,-0.63070914409629197,0.45503200000002164,0.94240000000000868,0.35999999999999999
-1.85304715714482438,-0.63933059678912685,0.46447400000002170,0.94600000000000872,0.35999999999999999
-1.85948340444469018,-0.64791213694276018,0.47395200000002180,0.94960000000000877,0.35999999999999999
-1.86600526386433696,-0.65645287098436422,0.48346600000002188,0.95320000000000882,0.35999999999999999
-1.87261232283322521,-0.66495189537914690,0.49301600000002199,0.95680000000000887,0.35999999999999999
-1.87930415969613440,-0.67340829674588809,0.50260200000002209,0.96040000000000891,0.35999999999999999
-1.88608034361532462,-0.68182115198404425,0.51222400000002222,0.96400000000000896,0.35999999999999999
-1.89294043447402727,-0.69018952841254255,0.52188200000002227,0.96760000000000901,0.35999999999999999
-1.89988398278138293,-0.69851248392037923,0.53157600000002236,0.97120000000000906,0.35999999999999999
-1.90691052957894436,-0.70678906712912826,0.54130600000002249,0.97480000000000910,0.35999999999999999
-1.91401960634886525,-0.71501831756745593,0.55107200000002254,0.97840000000000915,0.35999999999999999
-1.92121073492389383,-0.72319926585773031,0.56087400000002263,0.98200000000000920,0.35999999999999999
-1.92848342739929390,-0.73133093391480197,0.57071200000002276,0.98560000000000925,0.35999999999999999
-1.93583718604681398,-0.73941233515702376,0.58058600000002281,0.98920000000000929,0.35999999999999999
-1.94327150323082920,-0.74744247472956526,0.59049600000002289,0.99280000000000934,0.35999999999999999
-1.95078586132677723,-0.75542034974006833,0.60044200000002301,0.99640000000000939,-0.64000000000000001
-1.95839839535463600,-0.76708923436917509,0.61037400000002306,0.99000000000000943,-0.64000000000000001
-1.96612770087038435,-0.77877457454658239,0.62024200000002316,0.98360000000000947,-0.64000000000000001
-1.97397394019280137,-0.79047591754960578,0.63004600000002331,0.97720000000000951,-0.64000000000000001
-1.98193727095099548,-0.80219277806820455,0.63978600000002339,0.97080000000000954,-0.64000000000000001
-1.99001784575557572,-0.81392463761431033,0.64946200000002352,0.96440000000000958,-0.64000000000000001
-1.99821581186393038,-0.82567094393415696,0.65907400000002359,0.95800000000000962,-0.64000000000000001
-2.00653131083964675,-0.83743111042432639,0.66862200000002370,0.95160000000000966,-0.64000000000000001
-2.01496447820611246,-0.84920451555225851,0.67810600000002375,0.94520000000000970,-0.64000000000000001
-2.02351544309434939,-0.86099050228200802,0.68752600000002384,0.93880000000000974,-0.64000000000000001
-2.03218432788513281,-0.87278837750606320,0.69688200000002398,0.93240000000000978,-0.64000000000000001
-2.04097124784546313,-0.88459741148407789,0.70617400000002406,0.92600000000000982,-0.64000000000000001
-2.04987631075946330,-0.89641683728940191,0.71540200000002419,0.91960000000000985,-0.64000000000000001
-2.05889961655378473,-0.90824585026432980,0.72456600000002425,0.91320000000000989,-0.64000000000000001
-2.06804125691761254,-0.92008360748502271,0.73366600000002435,0.90680000000000993,-0.64000000000000001
-2.07730131491737335,-0.93192922723709382,0.74270200000002451,0.90040000000000997,-0.64000000000000001
-2.08667986460625521,-0.94378178850288075,0.75167400000002460,0.89400000000001001,-0.64000000000000001
-2.09617697062866482,-0.95564033046146490,0.76058200000002474,0.88760000000001005,-0.64000000000000001
-2.10579268781975104,-0.96750385200253086,0.76942600000002481,0.88120000000001009,-0.64000000000000001
-2.11552706080014330,-0.97937131125519272,0.77820600000002493,0.87480000000001013,-0.64000000000000001
-2.12538012356605632,-0.99124162513294856,0.78692200000002499,0.86840000000001016,-0.64000000000000001
-2.13535189907493006,-1.00311366889595655,0.79557400000002509,0.86200000000001020,-0.64000000000000001
-2.14544239882678456,-1.01498627573185707,0.80416200000002525,0.85560000000001024,-0.64000000000000001
-2.15565162244148123,-1.02685823635640006,0.81268600000002533,0.84920000000001028,-0.64000000000000001
-2.16597955723209390,-1.03872829863516114,0.82114600000002547,0.84280000000001032,-0.64000000000000001
-2.17642617777460945,-1.05059516722766677,0.82954200000002554,0.83640000000001036,-0.64000000000000001
-2.18699144547418500,-1.06245750325526855,0.83787400000002565,0.83000000000001040,-0.64000000000000001
-2.19767530812821033,-1.07431392399414016,0.84614200000002571,0.82360000000001043,-0.64000000000000001
-2.20847769948643080,-1.08616300259479104,0.85434600000002581,0.81720000000001047,-0.64000000000000001
-2.21939853880840454,-1.09800326782951485,0.86248600000002595,0.81080000000001051,-0.64000000000000001
-2.23043773041857918,-1.10983320386921447,0.87056200000002604,0.80440000000001055,-0.64000000000000001
-2.24159516325928898,-1.12165125009106137,0.87857400000002617,0.79800000000001059,-0.64000000000000001
-2.25287071044199116,-1.13345580091846498,0.88652200000002623,0.79160000000001063,-0.64000000000000001
-2.26426422879706735,-1.14524520569484567,0.89440600000002635,0.78520000000001067,-0.64000000000000001
-2.27577555842254009,-1.15701776859271077,0.90222600000002651,0.77880000000001071,-0.64000000000000001
-2.28740452223206026,-1.16877174855954902,0.90998200000002660,0.77240000000001074,-0.64000000000000001
-2.29915092550254752,-1.18050535930206046,0.91767400000002675,0.76600000000001078,-0.64000000000000001
-2.31101455542186685,-1.19221676931024434,0.92530200000002683,0.75960000000001082,-0.64000000000000001
-2.32299518063695576,-1.20390410192286668,0.93286600000002695,0.75320000000001086,-0.64000000000000001
-2.33509255080281575,-1.21556543543582563,0.94036600000002701,0.74680000000001090,-0.64000000000000001
-2.34730639613281067,-1.22719880325492792,0.94780200000002712,0.74040000000001094,-0.64000000000000001
-2.35963642695072062,-1.23880219409457326,0.95517400000002728,0.73400000000001098,-0.64000000000000001
-2.37208233324501805,-1.25037355222383417,0.96248200000002737,0.72760000000001102,-0.64000000000000001
-2.38464378422584655,-1.26191077776139582,0.96972600000002751,0.72120000000001105,-0.64000000000000001
-2.39732042788520294,-1.27341172702079919,0.97690600000002759,0.71480000000001109,-0.64000000000000001
-2.41011189056082520,-1.28487421290739889,0.98402200000002771,0.70840000000001113,-0.64000000000000001
-2.42301777650431660,-1.29629600536841783,0.99107400000002777,0.70200000000001117,-0.64000000000000001
-2.43603766745404116,-1.30767483189744160,0.99806200000002787,0.69560000000001121,-0.64000000000000001
-2.44917112221334143,-1.31900837809465132,1.00498600000002791,0.68920000000001125,-0.64000000000000001
-2.46241767623464192,-1.33029428828404650,1.01184600000002800,0.68280000000001129,-0.64000000000000001
-2.47577684121001651,-1.34153016618885612,1.01864200000002803,0.67640000000001133,-0.64000000000000001
-2.48924810466880331,-1.35271357566627826,1.02537400000002821,0.67000000000001136,-0.64000000000000001
-2.50283092958287012,-1.36384204150261978,1.03204200000002833,0.66360000000001140,-0.64000000000000001
-2.51652475398013653,-1.37491305026984478,1.03864600000002838,0.65720000000001144,-0.64000000000000001
-2.53032899056697236,-1.38592405124445750,1.04518600000002859,0.65080000000001148,-0.64000000000000001
-2.54424302636010058,-1.39687245738956856,1.05166200000002874,0.64440000000001152,-0.64000000000000001
-2.55826622232863965,-1.40775564640090534,1.05807400000002882,0.63800000000001156,-0.64000000000000001
-2.57239791304692966,-1.41857096181743136,1.06442200000002885,0.63160000000001160,-0.64000000000000001
-2.58663740635878758,-1.42931571419714643,1.07070600000002902,0.62520000000001164,-0.64000000000000001
-2.60098398305385059,-1.43998718235852796,1.07692600000002914,0.61880000000001167,-0.64000000000000001
-2.61543689655666434,-1.45058261468796945,1.08308200000002919,0.61240000000001171,-0.64000000000000001
-2.62999537262917249,-1.46109923051345225,1.08917400000002940,0.60600000000001175,-0.64000000000000001
-2.64465860908727990,-1.47153422154456770,1.09520200000002954,0.59960000000001179,-0.64000000000000001
-2.65942577553214399,-1.48188475337887726,1.10116600000002962,0.59320000000001183,-0.64000000000000001
-2.67429601309686227,-1.49214796707447062,1.10706600000002964,0.58680000000001187,-0.64000000000000001
-2.68926843420921591,-1.50232098078843745,1.11290200000002981,0.58040000000001191,-0.64000000000000001
-2.70434212237112437,-1.51240089148083579,1.11867400000002992,0.57400000000001195,-0.64000000000000001
-2.71951613195546571,-1.52238477668358319,1.12438200000002997,0.56760000000001198,-0.64000000000000001
-2.73478948802090827,-1.53226969633355492,1.13002600000003017,0.56120000000001202,-0.64000000000000001
-2.75016118614539007,-1.54205269466901251,1.13560600000003031,0.55480000000001206,-0.64000000000000001
-2.76563019227887352,-1.55173080218832848,1.14112200000003039,0.54840000000001210,-0.64000000000000001
-2.78119544261599660,-1.56130103766981332,1.14657400000003040,0.54200000000001214,-0.64000000000000001
-2.79685584348922056,-1.57076041025128421,1.15196200000003057,0.53560000000001218,-0.64000000000000001
-2.81261027128306562,-1.58010592156784524,1.15728600000003068,0.52920000000001222,-0.64000000000000001
-2.82845757237000983,-1.58933456794618388,1.16254600000003072,0.52280000000001225,-0.64000000000000001
-2.84439656306860433,-1.59844334265351473,1.16774200000003092,0.51640000000001229,-0.64000000000000001
-2.86042602962434334,-1.60742923819912731,1.17287400000003106,0.51000000000001233,-0.64000000000000001
-2.87654472821380391,-1.61628924868632851,1.17794200000003113,0.50360000000001237,-0.64000000000000001
-2.89275138497254636,-1.62502037221238882,1.18294600000003136,0.49720000000001235,-0.64000000000000001
-2.90904469604724536,-1.63361961331393779,1.18788600000003153,0.49080000000001234,-0.64000000000000001
-2.92542332767248858,-1.64208398545507728,1.19276200000003163,0.48440000000001232,-0.64000000000000001
-2.94188591627265872,-1.65041051355531643,1.19757400000003167,0.47800000000001230,-0.64000000000000001
-2.95843106858928317,-1.65859623655426169,1.20232200000003187,0.47160000000001229,-0.64000000000000001
-2.97505736183419822,-1.66663821000983714,1.20700600000003200,0.46520000000001227,-0.64000000000000001
-2.99176334386885134,-1.67453350872664553,1.21162600000003207,0.45880000000001225,-0.64000000000000001
-3.00854753341002201,-1.68227922941092944,1.21618200000003229,0.45240000000001224,-0.64000000000000001
-3.02540842026220913,-1.68987249334844214,1.22067400000003246,0.44600000000001222,-0.64000000000000001
-3.04234446557689697,-1.69731044910139062,1.22510200000003255,0.43960000000001220,-0.64000000000000001
-3.05935410213887016,-1.70459027522048001,1.22946600000003259,0.43320000000001219,-0.64000000000000001
-3.07643573467970466,-1.71170918296795804,1.23376600000003278,0.42680000000001217,-0.64000000000000001
-3.09358774021852945,-1.71866441904743339,1.23800200000003291,0.42040000000001215,-0.64000000000000001
-3.11080846843010139,-1.72545326833613233,1.24217400000003297,0.41400000000001214,-0.64000000000000001
-3.12809624204019565,-1.73207305661515254,1.24628200000003320,0.40760000000001212,-0.64000000000000001
3.13773594993131599,-1.73852115329317725,1.25032600000003336,0.40120000000001210,-0.64000000000000001
3.12031922300226938,-1.74479497411903384,1.25430600000003345,0.39480000000001209,-0.64000000000000001
3.10284063982882596,-1.75089198387840184,1.25822200000003348,0.38840000000001207,-0.64000000000000001
3.08530198098335973,-1.75680969906992246,1.26207400000003367,0.38200000000001205,-0.64000000000000001
3.06770505160363616,-1.76254569055590626,1.26586200000003379,0.37560000000001204,-0.64000000000000001
3.05005168083604694,-1.76809758618280344,1.26958600000003385,0.36920000000001202,-0.64000000000000001
3.03234372125281126,-1.77346307336657794,1.27324600000003407,0.36280000000001200,-0.64000000000000001
3.01458304824351586,-1.77863990163811558,1.27684200000003423,0.35640000000001198,-0.64000000000000001
2.99677155938142548,-1.78362588514380271,1.28037400000003432,0.35000000000001197,-0.64000000000000001
2.97891117376502912,-1.78841890509642854,1.28384200000003434,0.34360000000001195,-0.64000000000000001
2.96100383133534617,-1.79301691217159975,1.28724600000003453,0.33720000000001193,-0.64000000000000001
2.94305149216956252,-1.79741792884489926,1.29058600000003465,0.33080000000001192,-0.64000000000000001
2.92505613575160872,-1.80162005166508754,1.29386200000003471,0.32440000000001190,-0.64000000000000001
2.90701976022034536,-1.80562145345871849,1.29707400000003492,0.31800000000001188,-0.64000000000000001
2.88894438159606537,-1.80942038546163197,1.30022200000003507,0.31160000000001187,-0.64000000000000001
2.87083203298606549,-1.81301517937289569,1.30330600000003516,0.30520000000001185,-0.64000000000000001
2.85268476377008362,-1.81640424932688438,1.30632600000003518,0.29880000000001183,-0.64000000000000001
2.83450463876644321,-1.81958609377932046,1.30928200000003536,0.29240000000001182,-0.64000000000000001
2.81629373737977851,-1.82255929730324984,1.31217400000003548,0.28600000000001180,-0.64000000000000001
2.79805415273127700,-1.82532253229108576,1.31500200000003553,0.27960000000001178,-0.64000000000000001
2.77978799077237859,-1.82787456055903141,1.31776600000003574,0.27320000000001177,-0.64000000000000001
2.76149736938293433,-1.83021423485037804,1.32046600000003589,0.26680000000001175,-0.64000000000000001
2.74318441745485408,-1.83234050023437578,1.32310200000003597,0.26040000000001173,-0.64000000000000001
2.72485127396229920,-1.83425239539758533,1.32567400000003599,0.25400000000001172,-0.64000000000000001
2.70650008701951172,-1.83594905382484130,1.32818200000003617,0.24760000000001173,-0.64000000000000001
2.68813301292739659,-1.83742970486719148,1.33062600000003628,0.24120000000001174,-0.64000000000000001
2.66975221520999817,-1.83869367469441669,1.33300600000003633,0.23480000000001175,-0.64000000000000001
2.65135986364204257,-1.83974038712998644,1.33532200000003654,0.22840000000001176,-0.64000000000000001
2.63295813326871997,-1.84056936436656571,1.33757400000003668,0.22200000000001177,-0.64000000000000001
2.61454920341892105,-1.84118022756045097,1.33976200000003676,0.21560000000001178,-0.64000000000000001
2.59613525671313816,-1.84157269730358508,1.34188600000003677,0.20920000000001179,-0.64000000000000001
2.57771847806725951,-1.84174659397207896,1.34394600000003694,0.20280000000001180,-0.64000000000000001
2.55930105369350791,-1.84170183795044373,1.34594200000003705,0.19640000000001182,-0.64000000000000001
2.54088517009975057,-1.84143844973102211,1.34787400000003710,0.19000000000001183,-0.64000000000000001
2.52247301308844740,-1.84095654988839308,1.34974200000003730,0.18360000000001184,-0.64000000000000001
2.50406676675647688,-1.84025635892880790,1.35154600000003744,0.17720000000001185,-0.64000000000000001
2.48566861249709170,-1.83933819701499979,1.35328600000003751,0.17080000000001186,-0.64000000000000001
2.46728072800524600,-1.83820248356699700,1.35496200000003753,0.16440000000001187,-0.64000000000000001
2.44890528628753312,-1.83684973673984686,1.35657400000003769,0.15800000000001188,-0.64000000000000001
2.43054445467795421,-1.83528057277943901,1.35812200000003780,0.15160000000001189,-0.64000000000000001
2.41220039386073282,-1.83349570525788930,1.35960600000003784,0.14520000000001190,-0.64000000000000001
2.39387525690137259,-1.83149594419021455,1.36102600000003804,0.13880000000001191,-0.64000000000000001
2.37557118828713154,-1.82928219503429013,1.36238200000003817,0.13240000000001192,-0.64000000000000001
2.35729032297807084,-1.82685545757633983,1.36367400000003824,0.12600000000001194,-0.64000000000000001
2.33903478546981258,-1.82421682470445012,1.36490200000003847,0.11960000000001193,-0.64000000000000001
2.32080668886910857,-1.82136748107284507,1.36606600000003864,0.11320000000001193,-0.64000000000000001
2.30260813398330377,-1.81830870165988001,1.36716600000003874,0.10680000000001193,-0.64000000000000001
2.28444120842473541,-1.81504185022293574,1.36820200000003878,0.10040000000001192,-0.64000000000000001
2.26630798573108283,-1.81156837765359935,1.36917400000003897,0.09400000000001192,-0.64000000000000001
2.24821052450265491,-1.80788982023671085,1.37008200000003910,0.08760000000001192,-0.64000000000000001
2.23015086755754588,-1.80400779781704101,1.37092600000003917,0.08120000000001192,-0.64000000000000001
2.21213104110557701,-1.79992401187753437,1.37170600000003939,0.07480000000001191,-0.64000000000000001
2.19415305394187055,-1.79564024353320528,1.37242200000003955,0.06840000000001191,-0.64000000000000001
2.17621889666090151,-1.79115835144492141,1.37307400000003965,0.06200000000001191,-0.64000000000000001
2.15833054089178322,-1.78648026965743467,1.37366200000003968,0.05560000000001190,-0.64000000000000001
2.14048993855553960,-1.78160800536613584,1.37418600000003988,0.04920000000001190,-0.64000000000000001
2.12269902114504472,-1.77654363661710613,1.37464600000004000,0.04280000000001190,-0.64000000000000001
2.10495969902827440,-1.77128930994512945,1.37504200000004007,0.03640000000001190,-0.64000000000000001
2.08727386077547106,-1.76584723795439302,1.37537400000004029,0.03000000000001190,-0.64000000000000001
2.06964337251076813,-1.76021969684666502,1.37564200000004044,0.02360000000001190,-0.64000000000000001
2.05207007728877144,-1.75440902390177689,1.37584600000004054,0.01720000000001190,-0.64000000000000001
2.03455579449655932,-1.74841761491526659,1.37598600000004057,0.01080000000001190,-0.64000000000000001
2.01710231928149675,-1.74224792159804864,1.37606200000004075,0.00440000000001190,-0.64000000000000001
1.99971142200522145,-1.73590244894297863,1.37607400000004088,-0.00199999999998810,-0.64000000000000001
1.98238484772411372,-1.72938375256316523,1.37602200000004093,-0.00839999999998810,-0.64000000000000001
1.96512431569650214,-1.72269443600684946,1.37590600000004115,-0.01479999999998810,-0.64000000000000001
1.94793151891681493,-1.71583714805363674,1.37572600000004130,-0.02119999999998810,-0.64000000000000001
1.93080812367684729,-1.70881457999680908,1.37548200000004139,-0.02759999999998810,-0.64000000000000001
1.91375576915425327,-1.70162946291637929,1.37517400000004142,-0.03399999999998810,-0.64000000000000001
1.89677606702833401,-1.69428456494747448,1.37480200000004160,-0.04039999999998811,-0.64000000000000001
1.87987060112314719,-1.68678268854854596,1.37436600000004172,-0.04679999999998811,-0.64000000000000001
1.86304092707791824,-1.67912666777380570,1.37386600000004178,-0.05319999999998811,-0.64000000000000001
1.84628857204468400,-1.67131936555418203,1.37330200000004199,-0.05959999999998811,-0.64000000000000001
1.82961503441307283,-1.66336367099096716,1.37267400000004214,-0.06599999999998811,-0.64000000000000001
1.81302178356206234,-1.65526249666620973,1.37198200000004222,-0.07239999999998811,-0.64000000000000001
1.79651025963853694,-1.64701877597376667,1.37122600000004224,-0.07879999999998812,-0.64000000000000001
1.78008187336241264,-1.63863546047479347,1.37040600000004242,-0.08519999999998812,-0.64000000000000001
1.76373800585807317,-1.63011551728130200,1.36952200000004254,-0.09159999999998812,-0.64000000000000001
1.74748000851181118,-1.62146192647126597,1.36857400000004259,-0.09799999999998812,-0.64000000000000001
1.73130920285495105,-1.61267767853859567,1.36756200000004280,-0.10439999999998813,-0.64000000000000001
1.71522688047228122,-1.60376577188114422,1.36648600000004294,-0.11079999999998813,-0.64000000000000001
1.69923430293540534,-1.59472921032974058,1.36534600000004303,-0.11719999999998813,-0.64000000000000001
1.68333270176058658,-1.58557100072107882,1.36414200000004304,-0.12359999999998814,-0.64000000000000001
1.66752327839063064,-1.57629415051712352,1.36287400000004322,-0.12999999999998813,-0.64000000000000001
1.65180720420033378,-1.56690166547351883,1.36154200000004333,-0.13639999999998811,-0.64000000000000001
1.63618562052499072,-1.55739654735931676,1.36014600000004338,-0.14279999999998810,-0.64000000000000001
1.62065963871143826,-1.54778179173016750,1.35868600000004358,-0.14919999999998809,-0.64000000000000001
1.60523034019109634,-1.53806038575694237,1.35716200000004372,-0.15559999999998808,-0.64000000000000001
1.58989877657443301,-1.52823530611158787,1.35557400000004380,-0.16199999999998807,-0.64000000000000001
1.57466596976628015,-1.51830951691183813,1.35392200000004381,-0.16839999999998806,-0.64000000000000001
1.55953291210140055,-1.50828596772624590,1.35220600000004398,-0.17479999999998805,-0.64000000000000001
1.54450056649969980,-1.49816759164082436,1.35042600000004409,-0.18119999999998804,-0.64000000000000001
1.52956986664045669,-1.48795730338842813,1.34858200000004413,-0.18759999999998803,-0.64000000000000001
1.51474171715494244,-1.47765799754184246,1.34667400000004434,-0.19399999999998802,-0.64000000000000001
1.50001699383678755,-1.46727254677139030,1.34470200000004447,-0.20039999999998800,-0.64000000000000001
1.48539654386944875,-1.45680380016771660,1.34266600000004455,-0.20679999999998799,-0.64000000000000001
1.47088118607011609,-1.44625458163025544,1.34056600000004456,-0.21319999999998798,-0.64000000000000001
1.45647171114940743,-1.43562768832174603,1.33840200000004472,-0.21959999999998797,-0.64000000000000001
1.44216888198618864,-1.42492588918901841,1.33617400000004483,-0.22599999999998796,-0.64000000000000001
1.42797343391685239,-1.41415192355013986,1.33388200000004487,-0.23239999999998795,-0.64000000000000001
1.41388607503839037,-1.40330849974787708,1.33152600000004506,-0.23879999999998794,-0.64000000000000001
1.39990748652460795,-1.39239829386931069,1.32910600000004520,-0.24519999999998793,-0.64000000000000001
1.38603832295480345,-1.38142394853131378,1.32662200000004527,-0.25159999999998794,-0.64000000000000001
1.37227921265427533,-1.37038807173149690,1.32407400000004549,-0.25799999999998796,-0.64000000000000001
1.35863075804598310,-1.35929323576411143,1.32146200000004566,-0.26439999999998798,-0.64000000000000001
1.34509353601273851,-1.34814197620030263,1.31878600000004575,-0.27079999999998799,-0.64000000000000001
1.33166809826926613,-1.33693679093200424,1.31604600000004579,-0.27719999999998801,-0.64000000000000001
1.31835497174351612,-1.32568013927868167,1.31324200000004598,-0.28359999999998803,-0.64000000000000001
1.30515465896659499,-1.31437444115603808,1.31037400000004611,-0.28999999999998805,-0.64000000000000001
1.29206763847070505,-1.30302207630572586,1.30744200000004618,-0.29639999999998806,-0.64000000000000001
1.27909436519448771,-1.29162538358502843,1.30444600000004640,-0.30279999999998808,-0.64000000000000001
1.26623527089517118,-1.28018666031540995,1.30138600000004656,-0.30919999999998810,-0.64000000000000001
1.25349076456694686,-1.26870816168877054,1.29826200000004666,-0.31559999999998811,-0.64000000000000001
1.24086123286499550,-1.25719210023018446,1.29507400000004669,-0.32199999999998813,-0.64000000000000001
1.22834704053461330,-1.24564064531585217,1.29182200000004688,-0.32839999999998815,-0.64000000000000001
1.21594853084488452,-1.23405592274494524,1.28850600000004700,-0.33479999999998816,-0.64000000000000001
1.20366602602637318,-1.22244001436398797,1.28512600000004706,-0.34119999999998818,-0.64000000000000001
1.19149982771231500,-1.21079495774237911,1.28168200000004728,-0.34759999999998820,-0.64000000000000001
1.17945021738280076,-1.19912274589763013,1.27817400000004744,-0.35399999999998821,-0.64000000000000001
1.16751745681147057,-1.18742532706886461,1.27460200000004753,-0.36039999999998823,-0.64000000000000001
1.15570178851423311,-1.17570460453710846,1.27096600000004756,-0.36679999999998825,-0.64000000000000001
1.14400343619955436,-1.16396243649087561,1.26726600000004774,-0.37319999999998826,-0.64000000000000001
1.13242260521987514,-1.15220063593554656,1.26350200000004786,-0.37959999999998828,-0.64000000000000001
1.12095948302371529,-1.14042097064502390,1.25967400000004792,-0.38599999999998830,-0.64000000000000001
1.10961423960806105,-1.12862516315414529,1.25578200000004814,-0.39239999999998831,-0.64000000000000001
1.09838702797063092,-1.11681489079033058,1.25182600000004829,-0.39879999999998833,-0.64000000000000001
1.08727798456163161,-1.10499178574294321,1.24780600000004838,-0.40519999999998835,-0.64000000000000001
1.07628722973464086,-1.09315743516884734,1.24372200000004840,-0.41159999999998836,-0.64000000000000001
1.06541486819626119,-1.08131338133265542,1.23957400000004858,-0.41799999999998838,-0.64000000000000001
1.05466098945420050,-1.06946112178016373,1.23536200000004870,-0.42439999999998840,-0.64000000000000001
1.04402566826346010,-1.05760210954349332,1.23108600000004875,-0.43079999999998841,-0.64000000000000001
1.03350896507032175,-1.04573775337646668,1.22674600000004896,-0.43719999999998843,-0.64000000000000001
1.02311092645382917,-1.03386941801876686,1.22234200000004911,-0.44359999999998845,-0.64000000000000001
1.01283158556449759,-1.02199842448745004,1.21787400000004919,-0.44999999999998846,-0.64000000000000001
1.00267096255997146,-1.01012605039439918,1.21334200000004921,-0.45639999999998848,-0.64000000000000001
0.99262906503738879,-0.99825353028833674,1.20874600000004939,-0.46279999999998850,-0.64000000000000001
0.98270588846220264,-0.98638205602003382,1.20408600000004951,-0.46919999999998852,-0.64000000000000001
0.97290141659324370,-0.97451277712938433,1.19936200000004956,-0.47559999999998853,-0.64000000000000001
0.96321562190380838,-0.96264680125303936,1.19457400000004976,-0.48199999999998855,-0.64000000000000001
0.95364846599857156,-0.95078519455132715,1.18972200000004991,-0.48839999999998857,-0.64000000000000001
0.94419990002613918,-0.93892898215321419,1.18480600000004999,-0.49479999999998858,-0.64000000000000001
0.93486986508706771,-0.92707914861809571,1.17982600000005000,-0.50119999999998854,-0.64000000000000001
0.92565829263718413,-0.91523663841323444,1.17478200000005018,-0.50759999999998850,-0.64000000000000001
0.91656510488605925,-0.90340235640570166,1.16967400000005028,-0.51399999999998847,-0.64000000000000001
0.90759021519049377,-0.89157716836770562,1.16450200000005033,-0.52039999999998843,-0.64000000000000001
0.89873352844288856,-0.87976190149422984,1.15926600000005053,-0.52679999999998839,-0.64000000000000001
0.88999494145438085,-0.86795734493193499,1.15396600000005067,-0.53319999999998835,-0.64000000000000001
0.88137434333264242,-0.85616425031831422,1.14860200000005075,-0.53959999999998831,-0.64000000000000001
0.87287161585423156,-0.84438333233012697,1.14317400000005076,-0.54599999999998827,-0.64000000000000001
0.86448663383142854,-0.83261526924017015,1.13768200000005093,-0.55239999999998823,-0.64000000000000001
0.85621926547345639,-0.82086070348148144,1.13212600000005104,-0.55879999999998820,-0.64000000000000001
0.84806937274203076,-0.80912024221810275,1.12650600000005108,-0.56519999999998816,-0.64000000000000001
0.84003681170117206,-0.79739445792156805,1.12082200000005128,-0.57159999999998812,-0.64000000000000001
0.83212143286122675,-0.78568388895231356,1.11507400000005141,-0.57799999999998808,-0.64000000000000001
0.82432308151705502,-0.77398904014524150,1.10926200000005148,-0.58439999999998804,-0.64000000000000001
0.81664159808034231,-0.76231038339870361,1.10338600000005171,-0.59079999999998800,-0.64000000000000001
0.80907681840600887,-0.75064835826620246,1.09744600000005188,-0.59719999999998796,-0.64000000000000001
0.80162857411269117,-0.73900337255014348,1.09144200000005198,-0.60359999999998792,-0.64000000000000001
0.79429669289727700,-0.72737580289699999,1.08537400000005202,-0.60999999999998789,-0.64000000000000001
0.78708099884348659,-0.71576599539328878,1.07924200000005222,-0.61639999999998785,-0.64000000000000001
0.77998131272449012,-0.70417426616178136,1.07304600000005235,-0.62279999999998781,-0.64000000000000001
0.77299745229956596,-0.69260090195740998,1.06678600000005241,-0.62919999999998777,-0.64000000000000001
0.76612923260480192,-0.68104616076235480,1.06046200000005264,-0.63559999999998773,-0.64000000000000001
0.75937646623785326,-0.66951027237983018,1.05407400000005280,-0.64199999999998769,-0.64000000000000001
0.75273896363677029,-0.65799343902611429,1.04762200000005290,-0.64839999999998765,-0.64000000000000001
0.74621653335291604,-0.64649583592039683,1.04110600000005293,-0.65479999999998761,-0.64000000000000001
0.73980898231799985,-0.63501761187204486,1.03452600000005313,-0.66119999999998758,-0.64000000000000001
0.73351611610525014,-0.62355888986491403,1.02788200000005325,-0.66759999999998754,-0.12000000000000000
0.72731838967545492,-0.61599326355813244,1.02120000000005340,-0.66879999999998752,-0.12000000000000000
0.72119611384385207,-0.60846873404864088,1.01450600000005342,-0.66999999999998749,-0.12000000000000000
0.71514887874324717,-0.60098507964870862,1.00780000000005354,-0.67119999999998747,-0.12000000000000000
0.70917627676880057,-0.59354206962310074,1.00108200000005376,-0.67239999999998745,-0.12000000000000000
0.70327790266707346,-0.58613946447373144,0.99435200000005386,-0.67359999999998743,-0.12000000000000000
0.69745335362226113,-0.57877701621780775,0.98761000000005394,-0.67479999999998741,-0.12000000000000000
0.69170222933967551,-0.57145446865952687,0.98085600000005402,-0.67599999999998739,-0.12000000000000000
0.68602413212654323,-0.56417155765539451,0.97409000000005419,-0.67719999999998737,-0.12000000000000000
0.68041866697018216,-0.55692801137323344,0.96731200000005435,-0.67839999999998735,-0.12000000000000000
0.67488544161362007,-0.54972355054495536,0.96052200000005450,-0.67959999999998733,-0.12000000000000000
0.66942406662871523,-0.54255788871317123,0.95372000000005464,-0.68079999999998730,-0.12000000000000000
0.66403415548684119,-0.53543073247171735,0.94690600000005476,-0.68199999999998728,-0.12000000000000000
0.65871532462719795,-0.52834178170017676,0.94008000000005487,-0.68319999999998726,-0.12000000000000000
0.65346719352280491,-0.52129072979247737,0.93324200000005497,-0.68439999999998724,-0.12000000000000000
0.64828938474424103,-0.51427726387965023,0.92639200000005506,-0.68559999999998722,-0.12000000000000000
0.64318152402118223,-0.50730106504683192,0.91953000000005514,-0.68679999999998720,-0.12000000000000000
0.63814324030180014,-0.50036180854459733,0.91265600000005531,-0.68799999999998718,-0.12000000000000000
0.63317416581007313,-0.49345916399471024,0.90577000000005548,-0.68919999999998716,-0.12000000000000000
0.62827393610107007,-0.48659279559037855,0.89887200000005563,-0.69039999999998714,-0.12000000000000000
0.62344219011425572,-0.47976236229110453,0.89196200000005577,-0.69159999999998711,-0.12000000000000000
0.61867857022487716,-0.47296751801221826,0.88504000000005589,-0.69279999999998709,-0.12000000000000000
0.61398272229347839,-0.46620791180918508,0.87810600000005601,-0.69399999999998707,-0.12000000000000000
0.60935429571360000,-0.45948318805677751,0.87116000000005611,-0.69519999999998705,-0.12000000000000000
0.60479294345770995,-0.45279298662320205,0.86420200000005620,-0.69639999999998703,-0.12000000000000000
0.60029832212142065,-0.44613694303927226,0.85723200000005628,-0.69759999999998701,-0.12000000000000000
0.59587009196603669,-0.43951468866271887,0.85025000000005646,-0.69879999999998699,-0.12000000000000000
0.59150791695948346,-0.43292585083772805,0.84325600000005663,-0.69999999999998697,-0.12000000000000000
0.58721146481566588,-0.42637005304979880,0.83625000000005678,-0.70119999999998694,-0.12000000000000000
0.58298040703229859,-0.41984691507601013,0.82923200000005692,-0.70239999999998692,-0.12000000000000000
0.57881441892725860,-0.41335605313078844,0.82220200000005705,-0.70359999999998690,-0.12000000000000000
0.57471317967350144,-0.40689708000726499,0.81516000000005717,-0.70479999999998688,-0.12000000000000000
0.57067637233258450,-0.40046960521431324,0.80810600000005728,-0.70599999999998686,-0.12000000000000000
0.56670368388684311,-0.39407323510935532,0.80104000000005737,-0.70719999999998684,-0.12000000000000000
0.56279480527025738,-0.38770757302702558,0.79396200000005746,-0.70839999999998682,-0.12000000000000000
0.55894943139805431,-0.38137221940377980,0.78687200000005764,-0.70959999999998680,-0.12000000000000000
0.55516726119508331,-0.37506677189853688,0.77977000000005781,-0.71079999999998678,-0.12000000000000000
0.55144799762300378,-0.36879082550943953,0.77265600000005796,-0.71199999999998675,-0.12000000000000000
0.54779134770632520,-0.36254397268682004,0.76553000000005811,-0.71319999999998673,-0.12000000000000000
0.54419702255733648,-0.35632580344245535,0.75839200000005824,-0.71439999999998671,-0.12000000000000000
0.54066473739995979,-0.35013590545519646,0.75124200000005836,-0.71559999999998669,-0.12000000000000000
0.53719421159256608,-0.34397386417305464,0.74408000000005847,-0.71679999999998667,-0.12000000000000000
0.53378516864978920,-0.33783926291182681,0.73690600000005857,-0.71799999999998665,-0.12000000000000000
0.53043733626336653,-0.33173168295034194,0.72972000000005866,-0.71919999999998663,-0.12000000000000000
0.52715044632204799,-0.32565070362240833,0.72252200000005884,-0.72039999999998661,-0.12000000000000000
0.52392423493059992,-0.31959590240554153,0.71531200000005901,-0.72159999999998659,-0.12000000000000000
0.52075844242793679,-0.31356685500655129,0.70809000000005917,-0.72279999999998656,-0.12000000000000000
0.51765281340441360,-0.30756313544406477,0.70085600000005932,-0.72399999999998654,-0.12000000000000000
0.51460709671830696,-0.30158431612806280,0.69361000000005946,-0.72519999999998652,-0.12000000000000000
0.51162104551151666,-0.29562996793650403,0.68635200000005958,-0.72639999999998650,-0.12000000000000000
0.50869441722451425,-0.28969966028911209,0.67908200000005969,-0.72759999999998648,-0.12000000000000000
0.50582697361056850,-0.28379296121839820,0.67180000000005979,-0.72879999999998646,-0.12000000000000000
0.50301848074927324,-0.27790943743799223,0.66450600000005988,-0.72999999999998644,-0.12000000000000000
0.50026870905940513,-0.27204865440835291,0.65720000000006007,-0.73119999999998642,-0.12000000000000000
0.49757743331113824,-0.26621017639992761,0.64988200000006024,-0.73239999999998640,-0.12000000000000000
0.49494443263763843,-0.26039356655383084,0.64255200000006041,-0.73359999999998637,-0.12000000000000000
0.49236949054606338,-0.25459838694010939,0.63521000000006056,-0.73479999999998635,-0.12000000000000000
0.48985239492799115,-0.24882419861366128,0.62785600000006070,-0.73599999999998633,-0.12000000000000000
0.48739293806930295,-0.24307056166787455,0.62049000000006083,-0.73719999999998631,-0.12000000000000000
0.48499091665953786,-0.23733703528605082,0.61311200000006094,-0.73839999999998629,-0.12000000000000000
0.48264613180074623,-0.23162317779067765,0.60572200000006104,-0.73959999999998627,-0.12000000000000000
0.48035838901586025,-0.22592854669061274,0.59832000000006114,-0.74079999999998625,-0.12000000000000000
0.47812749825660328,-0.22025269872624190,0.59090600000006133,-0.74199999999998623,-0.12000000000000000
0.47595327391095532,-0.21459518991267187,0.58348000000006151,-0.74319999999998620,-0.12000000000000000
0.47383553481019991,-0.20895557558101804,0.57604200000006167,-0.74439999999998618,-0.12000000000000000
0.47177410423556365,-0.20333341041784614,0.56859200000006183,-0.74559999999998616,-0.12000000000000000
0.46976880992447301,-0.19772824850282619,0.56113000000006197,-0.74679999999998614,-0.12000000000000000
0.46781948407644114,-0.19213964334465600,0.55365600000006210,-0.74799999999998612,-0.12000000000000000
0.46592596335860659,-0.18656714791531032,0.54617000000006222,-0.74919999999998610,-0.12000000000000000
0.46408808891093489,-0.18101031468267156,0.53867200000006232,-0.75039999999998608,-0.12000000000000000
0.46230570635110269,-0.17546869564159639,0.53116200000006242,-0.75159999999998606,-0.12000000000000000
0.46057866577908024,-0.16994184234347204,0.52364000000006261,-0.75279999999998604,-0.12000000000000000
0.45890682178142272,-0.16442930592431546,0.51610600000006279,-0.75399999999998601,-0.12000000000000000
0.45729003343529051,-0.15893063713146727,0.50856000000006296,-0.75519999999998599,-0.12000000000000000
0.45572816431220797,-0.15344538634893198,0.50100200000006312,-0.75639999999998597,-0.12000000000000000
0.45422108248157533,-0.14797310362141508,0.49343200000006326,-0.75759999999998595,-0.12000000000000000
0.45276866051394693,-0.14251333867710683,0.48585000000006340,-0.75879999999998593,-0.12000000000000000
0.45137077548408744,-0.13706564094926199,0.47825600000006352,-0.75999999999998591,-0.12000000000000000
0.45002730897381760,-0.13162955959662381,0.47065000000006368,-0.76119999999998589,-0.12000000000000000
0.44873814707466320,-0.12620464352274013,0.46303200000006384,-0.76239999999998587,-0.12000000000000000
0.44750318039031312,-0.12079044139421868,0.45540200000006398,-0.76359999999998585,-0.12000000000000000
0.44632230403890283,-0.11538650165796815,0.44776000000006411,-0.76479999999998582,-0.12000000000000000
0.44519541765512960,-0.10999237255747074,0.44010600000006422,-0.76599999999998580,-0.12000000000000000
0.44412242539220825,-0.10460760214813161,0.43244000000006438,-0.76719999999998578,-0.12000000000000000
0.44310323592367906,-0.09923173831175004,0.42476200000006453,-0.76839999999998576,-0.12000000000000000
0.44213776244507574,-0.09386432877015626,0.41707200000006467,-0.76959999999998574,-0.12000000000000000
0.44122592267545935,-0.08850492109805783,0.40937000000006479,-0.77079999999998572,-0.12000000000000000
0.44036763885882868,-0.08315306273513874,0.40165600000006496,-0.77199999999998570,-0.12000000000000000
0.43956283776541305,-0.07780830099745394,0.39393000000006512,-0.77319999999998568,-0.12000000000000000
0.43881145069285488,-0.07247018308816146,0.38619200000006526,-0.77439999999998566,-0.12000000000000000
0.43811341346728661,-0.06713825610763433,0.37844200000006539,-0.77559999999998563,-0.12000000000000000
0.43746866644431126,-0.06181206706299336,0.37068000000006551,-0.77679999999998561,-0.12000000000000000
0.43687715450988884,-0.05649116287710228,0.36290600000006568,-0.77799999999998559,-0.12000000000000000
0.43633882708113658,-0.05117509039706575,0.35512000000006583,-0.77919999999998557,-0.12000000000000000
0.43585363810704569,-0.04586339640227079,0.34732200000006597,-0.78039999999998555,-0.12000000000000000
0.43542154606912042,-0.04055562761201191,0.33951200000006609,-0.78159999999998553,-0.12000000000000000
0.43504251398194249,-0.03525133069273959,0.33169000000006627,-0.78279999999998551,-0.12000000000000000
0.43471650939366313,-0.02995005226497200,0.32385600000006642,-0.78399999999998549,-0.12000000000000000
0.43444350438643164,-0.02465133890990927,0.31601000000006657,-0.78519999999998547,-0.12000000000000000
0.43422347557675511,-0.01935473717578960,0.30815200000006671,-0.78639999999998544,-0.12000000000000000
0.43405640411579682,-0.01405979358402622,0.30028200000006683,-0.78759999999998542,0.64000000000000001
0.43390779851659023,-0.01566161762839906,0.29243800000006698,-0.78119999999998546,0.64000000000000001
0.43374316562179338,-0.01726528411994107,0.28465800000006714,-0.77479999999998550,0.64000000000000001
0.43356248606405812,-0.01887098166987204,0.27694200000006730,-0.76839999999998554,0.64000000000000001
0.43336573858881300,-0.02047889911494186,0.26929000000006742,-0.76199999999998558,0.64000000000000001
0.43315290005190477,-0.02208922553834080,0.26170200000006755,-0.75559999999998562,0.64000000000000001
0.43292394541702928,-0.02370215029062138,0.25417800000006768,-0.74919999999998566,0.64000000000000001
0.43267884775295196,-0.02531786301063296,0.24671800000006783,-0.74279999999998569,0.64000000000000001
0.43241757823052174,-0.02693655364646981,0.23932200000006798,-0.73639999999998573,0.64000000000000001
0.43214010611947273,-0.02855841247643354,0.23199000000006811,-0.72999999999998577,0.64000000000000001
0.43184639878501763,-0.03018363013001082,0.22472200000006826,-0.72359999999998581,0.64000000000000001
0.43153642168423101,-0.03181239760886721,0.21751800000006841,-0.71719999999998585,0.64000000000000001
0.43121013836222222,-0.03344490630785780,0.21037800000006854,-0.71079999999998589,0.64000000000000001
0.43086751044809812,-0.03508134803605559,0.20330200000006868,-0.70439999999998593,0.64000000000000001
0.43050849765071675,-0.03672191503779831,0.19629000000006883,-0.69799999999998597,0.64000000000000001
0.43013305775422861,-0.03836680001375434,0.18934200000006896,-0.69159999999998600,0.64000000000000001
0.42974114661340712,-0.04001619614200854,0.18245800000006909,-0.68519999999998604,0.64000000000000001
0.42933271814877116,-0.04167029709916852,0.17563800000006924,-0.67879999999998608,0.64000000000000001
0.42890772434149183,-0.04332929708149211,0.16888200000006937,-0.67239999999998612,0.64000000000000001
0.42846611522809175,-0.04499339082603650,0.16219000000006950,-0.66599999999998616,0.64000000000000001
0.42800783889493088,-0.04666277363182968,0.15556200000006964,-0.65959999999998620,0.64000000000000001
0.42753284147248038,-0.04833764138106465,0.14899800000006977,-0.65319999999998624,0.64000000000000001
0.42704106712938561,-0.05001819056031685,0.14249800000006990,-0.64679999999998627,0.64000000000000001
0.42653245806631590,-0.05170461828178532,0.13606200000007004,-0.64039999999998631,0.64000000000000001
0.42600695450960124,-0.05339712230455776,0.12969000000007019,-0.63399999999998635,0.64000000000000001
0.42546449470465797,-0.05509590105590011,0.12338200000007032,-0.62759999999998639,0.64000000000000001
0.42490501490919996,-0.05680115365257069,0.11713800000007046,-0.62119999999998643,0.64000000000000001
0.42432844938623759,-0.05851307992215912,0.11095800000007060,-0.61479999999998647,0.64000000000000001
0.42373473039686171,-0.06023188042445039,0.10484200000007073,-0.60839999999998651,0.64000000000000001
0.42312378819281493,-0.06195775647281395,0.09879000000007086,-0.60199999999998655,0.64000000000000001
0.42249555100884972,-0.06369091015561801,0.09280200000007099,-0.59559999999998658,0.64000000000000001
0.42184994505487072,-0.06543154435766892,0.08687800000007113,-0.58919999999998662,0.64000000000000001
0.42118689450786206,-0.06717986278167568,0.08101800000007127,-0.58279999999998666,0.64000000000000001
0.42050632150360201,-0.06893606996973931,0.07522200000007140,-0.57639999999998670,0.64000000000000001
0.41980814612816175,-0.07070037132486690,0.06949000000007154,-0.56999999999998674,0.64000000000000001
0.41909228640918750,-0.07247297313251000,0.06382200000007167,-0.56359999999998678,0.64000000000000001
0.41835865830696894,-0.07425408258212708,0.05821800000007180,-0.55719999999998682,0.64000000000000001
0.41760717570529149,-0.07604390778876945,0.05267800000007193,-0.55079999999998686,0.64000000000000001
0.41683775040207216,-0.07784265781469019,0.04720200000007206,-0.54439999999998689,0.64000000000000001
0.41605029209977928,-0.07965054269097548,0.04179000000007219,-0.53799999999998693,0.64000000000000001
0.41524470839563543,-0.08146777343919752,0.03644200000007232,-0.53159999999998697,0.64000000000000001
0.41442090477160543,-0.08329456209308833,0.03115800000007245,-0.52519999999998701,0.64000000000000001
0.41357878458416497,-0.08513112172023345,0.02593800000007258,-0.51879999999998705,0.64000000000000001
0.41271824905385479,-0.08697766644378453,0.02078200000007271,-0.51239999999998709,0.64000000000000001
0.41183919725461493,-0.08883441146418980,0.01569000000007284,-0.50599999999998713,0.64000000000000001
0.41094152610290458,-0.09070157308094098,0.01066200000007297,-0.49959999999998711,0.64000000000000001
0.41002513034660204,-0.09257936871433559,0.00569800000007310,-0.49319999999998709,0.64000000000000001
0.40908990255368760,-0.09446801692725287,0.00079800000007323,-0.48679999999998708,0.64000000000000001
0.40813573310070916,-0.09636773744694217,-0.00403799999992665,-0.48039999999998706,0.64000000000000001
0.40716251016102945,-0.09827875118682157,-0.00880999999992652,-0.47399999999998704,0.64000000000000001
0.40617011969285510,-0.10020128026828541,-0.01351799999992639,-0.46759999999998703,0.64000000000000001
0.40515844542704871,-0.10213554804251852,-0.01816199999992626,-0.46119999999998701,0.64000000000000001
0.40412736885472045,-0.10408177911231502,-0.02274199999992613,-0.45479999999998699,0.64000000000000001
0.40307676921460400,-0.10604019935389958,-0.02725799999992600,-0.44839999999998698,0.64000000000000001
0.40200652348021260,-0.10801103593874870,-0.03170999999992587,-0.44199999999998696,0.64000000000000001
0.40091650634677745,-0.10999451735540942,-0.03609799999992574,-0.43559999999998694,0.64000000000000001
0.39980659021796816,-0.11199087343131289,-0.04042199999992561,-0.42919999999998693,0.64000000000000001
0.39867664519239465,-0.11400033535457965,-0.04468199999992548,-0.42279999999998691,0.64000000000000001
0.39752653904989144,-0.11602313569581399,-0.04887799999992534,-0.41639999999998689,0.64000000000000001
0.39635613723758389,-0.11805950842988384,-0.05300999999992521,-0.40999999999998687,0.64000000000000001
0.39516530285573648,-0.12010968895768294,-0.05707799999992508,-0.40359999999998686,0.64000000000000001
0.39395389664338420,-0.12217391412787164,-0.06108199999992495,-0.39719999999998684,0.64000000000000001
0.39272177696374566,-0.12425242225859268,-0.06502199999992482,-0.39079999999998682,0.64000000000000001
0.39146879978942106,-0.12634545315915777,-0.06889799999992469,-0.38439999999998681,0.64000000000000001
0.39019481868737138,-0.12845324815170103,-0.07270999999992456,-0.37799999999998679,0.64000000000000001
0.38889968480368120,-0.13057605009279452,-0.07645799999992442,-0.37159999999998677,0.64000000000000001
0.38758324684810752,-0.13271410339502171,-0.08014199999992429,-0.36519999999998676,0.64000000000000001
0.38624535107841229,-0.13486765404850359,-0.08376199999992416,-0.35879999999998674,0.64000000000000001
0.38488584128447911,-0.13703694964237262,-0.08731799999992403,-0.35239999999998672,0.64000000000000001
0.38350455877221501,-0.13922223938618891,-0.09080999999992390,-0.34599999999998671,0.64000000000000001
0.38210134234724125,-0.14142377413129342,-0.09423799999992376,-0.33959999999998669,0.64000000000000001
0.38067602829836744,-0.14364180639209190,-0.09760199999992362,-0.33319999999998667,0.64000000000000001
0.37922845038085562,-0.14587659036726369,-0.10090199999992350,-0.32679999999998666,0.64000000000000001
0.37775843979947155,-0.14812838196088887,-0.10413799999992336,-0.32039999999998664,0.64000000000000001
0.37626582519132556,-0.15039743880348719,-0.10730999999992323,-0.31399999999998662,0.64000000000000001
0.37475043260850338,-0.15268402027296152,-0.11041799999992309,-0.30759999999998661,0.64000000000000001
0.37321208550048812,-0.15498838751543884,-0.11346199999992296,-0.30119999999998659,0.64000000000000001
0.37165060469637323,-0.15731080346600082,-0.11644199999992283,-0.29479999999998657,0.64000000000000001
0.37006580838687153,-0.15965153286929626,-0.11935799999992269,-0.28839999999998656,0.64000000000000001
0.36845751210611555,-0.16201084230002702,-0.12220999999992256,-0.28199999999998654,0.64000000000000001
0.36682552871325580,-0.16438900018329877,-0.12499799999992242,-0.27559999999998652,0.64000000000000001
0.36516966837385567,-0.16678627681482749,-0.12772199999992229,-0.26919999999998651,0.64000000000000001
0.36348973854108468,-0.16920294438099251,-0.13038199999992214,-0.26279999999998649,0.64000000000000001
0.36178554393671192,-0.17163927697872611,-0.13297799999992202,-0.25639999999998647,0.64000000000000001
0.36005688653190226,-0.17409555063522963,-0.13550999999992189,-0.24999999999998648,0.64000000000000001
0.35830356552781639,-0.17657204332750562,-0.13797799999992175,-0.24359999999998649,0.64000000000000001
0.35652537733601442,-0.17906903500169460,-0.14038199999992163,-0.23719999999998650,0.64000000000000001
0.35472211555867039,-0.18158680759220552,-0.14272199999992149,-0.23079999999998652,0.64000000000000001
0.35289357096859320,-0.18412564504062762,-0.14499799999992136,-0.22439999999998653,0.64000000000000001
0.35103953148906264,-0.18668583331441160,-0.14720999999992121,-0.21799999999998654,0.64000000000000001
0.34915978217347776,-0.18926766042530699,-0.14935799999992108,-0.21159999999998655,0.64000000000000001
0.34725410518482214,-0.19187141644754263,-0.15144199999992095,-0.20519999999998656,0.64000000000000001
0.34532227977495067,-0.19449739353573631,-0.15346199999992080,-0.19879999999998657,0.64000000000000001
0.34336408226369608,-0.19714588594251903,-0.15541799999992068,-0.19239999999998658,0.64000000000000001
0.34137928601780265,-0.19981719003585929,-0.15730999999992054,-0.18599999999998659,0.64000000000000001
0.33936766142968722,-0.20251160431607176,-0.15913799999992040,-0.17959999999998660,0.64000000000000001
0.33732897589603184,-0.20522942943249409,-0.16090199999992028,-0.17319999999998661,0.64000000000000001
0.33526299379621260,-0.20797096819981550,-0.16260199999992014,-0.16679999999998663,0.64000000000000001
0.33316947647056461,-0.21073652561403985,-0.16423799999992000,-0.16039999999998664,0.64000000000000001
0.33104818219849141,-0.21352640886806501,-0.16580999999991988,-0.15399999999998665,0.64000000000000001
0.32889886617641961,-0.21634092736686039,-0.16731799999991975,-0.14759999999998666,0.64000000000000001
0.32672128049560456,-0.21918039274222312,-0.16876199999991962,-0.14119999999998667,0.64000000000000001
0.32451517411978914,-0.22204511886709294,-0.17014199999991947,-0.13479999999998668,0.64000000000000001
0.32228029286272353,-0.22493542186940563,-0.17145799999991934,-0.12839999999998669,0.64000000000000001
0.32001637936554728,-0.22785162014546290,-0.17270999999991921,-0.12199999999998669,0.64000000000000001
0.31772317307404174,-0.23079403437279733,-0.17389799999991906,-0.11559999999998669,0.64000000000000001
0.31540041021575504,-0.23376298752250907,-0.17502199999991894,-0.10919999999998668,0.64000000000000001
0.31304782377700713,-0.23675880487105080,-0.17608199999991880,-0.10279999999998668,0.64000000000000001
0.31066514347977936,-0.23978181401143625,-0.17707799999991866,-0.09639999999998668,0.64000000000000001
0.30825209575849621,-0.24283234486384722,-0.17800999999991854,-0.08999999999998667,0.64000000000000001
0.30580840373670215,-0.24591072968561267,-0.17887799999991841,-0.08359999999998667,0.64000000000000001
0.30333378720364390,-0.24901730308053280,-0.17968199999991827,-0.07719999999998667,0.64000000000000001
0.30082796259076128,-0.25215240200752009,-0.18042199999991815,-0.07079999999998667,0.64000000000000001
0.29829064294809582,-0.25531636578852851,-0.18109799999991802,-0.06439999999998666,0.64000000000000001
0.29572153792062483,-0.25850953611574051,-0.18170999999991788,-0.05799999999998666,0.64000000000000001
0.29312035372452527,-0.26173225705798120,-0.18225799999991774,-0.05159999999998666,0.64000000000000001
0.29048679312337811,-0.26498487506632767,-0.18274199999991761,-0.04519999999998665,0.64000000000000001
0.28782055540432339,-0.26826773897888040,-0.18316199999991747,-0.03879999999998665,0.64000000000000001
0.28512133635416737,-0.27158120002466224,-0.18351799999991733,-0.03239999999998665,0.64000000000000001
0.28238882823545941,-0.27492561182661057,-0.18380999999991721,-0.02599999999998665,0.64000000000000001
0.27962271976254005,-0.27830133040362520,-0.18403799999991707,-0.01959999999998665,0.64000000000000001
0.27682269607757704,-0.28170871417163518,-0.18420199999991693,-0.01319999999998665,0.64000000000000001
0.27398843872659295,-0.28514812394364558,-0.18430199999991681,-0.00679999999998665,0.64000000000000001
0.27111962563549774,-0.28861992292872379,-0.18433799999991668,-0.00039999999998665,0.64000000000000001
0.26821593108613984,-0.29212447672988462,-0.18430999999991654,0.00600000000001335,0.64000000000000001
0.26527702569238043,-0.29566215334083112,-0.18421799999991642,0.01240000000001335,0.64000000000000001
0.26230257637620857,-0.29923332314150752,-0.18406199999991629,0.01880000000001335,0.64000000000000001
0.25929224634390513,-0.30283835889241834,-0.18384199999991616,0.02520000000001335,0.64000000000000001
0.25624569506227202,-0.30647763572766784,-0.18355799999991601,0.03160000000001335,0.64000000000000001
0.25316257823493604,-0.31015153114667060,-0.18320999999991588,0.03800000000001336,0.64000000000000001
0.25004254777874335,-0.31386042500448430,-0.18279799999991575,0.04440000000001336,0.64000000000000001
0.24688525180025600,-0.31760469950071291,-0.18232199999991561,0.05080000000001336,0.64000000000000001
0.24369033457237022,-0.32138473916692784,-0.18178199999991548,0.05720000000001337,0.64000000000000001
0.24045743651106388,-0.32520093085255269,-0.18117799999991535,0.06360000000001337,0.64000000000000001
0.23718619415229680,-0.32905366370915529,-0.18050999999991521,0.07000000000001337,0.64000000000000001
0.23387624012907349,-0.33294332917308933,-0.17977799999991509,0.07640000000001337,0.64000000000000001
0.23052720314868980,-0.33687032094642655,-0.17898199999991496,0.08280000000001338,0.64000000000000001
0.22713870797017854,-0.34083503497611800,-0.17812199999991482,0.08920000000001338,0.64000000000000001
0.22371037538197269,-0.34483786943132122,-0.17719799999991467,0.09560000000001338,0.64000000000000001
0.22024182217980348,-0.34887922467882876,-0.17620999999991455,0.10200000000001339,0.64000000000000001
0.21673266114485568,-0.35295950325653141,-0.17515799999991441,0.10840000000001339,0.64000000000000001
0.21318250102219860,-0.35707910984484714,-0.17404199999991427,0.11480000000001339,0.64000000000000001
0.20959094649951115,-0.36123845123604559,-0.17286199999991414,0.12120000000001339,0.64000000000000001
0.20595759818612658,-0.36543793630139504,-0.17161799999991401,0.12760000000001340,0.64000000000000001
0.20228205259241516,-0.36967797595605767,-0.17030999999991386,0.13400000000001339,0.64000000000000001
0.19856390210953156,-0.37395898312165587,-0.16893799999991374,0.14040000000001338,0.64000000000000001
0.19480273498954714,-0.37828137268643125,-0.16750199999991361,0.14680000000001336,0.64000000000000001
0.19099813532599219,-0.38264556146291456,-0.16600199999991347,0.15320000000001335,0.64000000000000001
0.18714968303483692,-0.38705196814302428,-0.16443799999991335,0.15960000000001334,0.64000000000000001
0.18325695383593255,-0.39150101325050701,-0.16280999999991322,0.16600000000001333,0.64000000000000001
0.17931951923494172,-0.39599311909063317,-0.16111799999991308,0.17240000000001332,0.64000000000000001
0.17533694650578679,-0.40052870969705673,-0.15936199999991293,0.17880000000001331,0.64000000000000001
0.17130879867364435,-0.40510821077574699,-0.15754199999991281,0.18520000000001330,0.64000000000000001
0.16723463449851517,-0.40973204964589721,-0.15565799999991267,0.19160000000001329,0.64000000000000001
0.16311400845939872,-0.41440065517771257,-0.15370999999991253,0.19800000000001328,0.64000000000000001
0.15894647073910928,-0.41911445772697753,-0.15169799999991240,0.20440000000001327,0.64000000000000001
0.15473156720976089,-0.42387388906630014,-0.14962199999991227,0.21080000000001325,0.64000000000000001
0.15046883941895572,-0.42867938231292807,-0.14748199999991213,0.21720000000001324,0.64000000000000001
0.14615782457671500,-0.43353137185302854,-0.14527799999991201,0.22360000000001323,0.64000000000000001
0.14179805554318214,-0.43843029326232202,-0.14300999999991187,0.23000000000001322,0.64000000000000001
0.13738906081714131,-0.44337658322295648,-0.14067799999991173,0.23640000000001321,0.64000000000000001
0.13293036452538320,-0.44837067943650610,-0.13828199999991161,0.24280000000001320,0.64000000000000001
0.12842148641296314,-0.45341302053297661,-0.13582199999991149,0.24920000000001319,0.64000000000000001
0.12386194183438892,-0.45850404597569522,-0.13329799999991135,0.25560000000001321,0.64000000000000001
0.11925124174578094,-0.46364419596196133,-0.13070999999991120,0.26200000000001322,0.64000000000000001
0.11458889269804606,-0.46883391131933100,-0.12805799999991108,0.26840000000001324,0.64000000000000001
0.10987439683111422,-0.47407363339740538,-0.12534199999991094,0.27480000000001326,0.64000000000000001
0.10510725186927683,-0.47936380395499040,-0.12256199999991081,0.28120000000001327,0.64000000000000001
0.10028695111767982,-0.48470486504249216,-0.11971799999991067,0.28760000000001329,0.64000000000000001
0.09541298346001437,-0.49009725887940947,-0.11680999999991054,0.29400000000001331,0.64000000000000001
0.09048483335746171,-0.49554142772678222,-0.11383799999991041,0.30040000000001332,0.64000000000000001
0.08550198084893479,-0.50103781375445144,-0.11080199999991028,0.30680000000001334,-0.81999999999999995
0.08053664572884767,-0.49203689465354861,-0.10777499999991014,0.29860000000001335,-0.81999999999999995
0.07566109029667567,-0.48308177312582934,-0.10482999999991001,0.29040000000001337,-0.81999999999999995
0.07087485968246510,-0.47417182658768192,-0.10196699999990988,0.28220000000001338,-0.81999999999999995
0.06617750528435895,-0.46530642406072087,-0.09918599999990975,0.27400000000001340,-0.81999999999999995
0.06156858485083871,-0.45648492651152456,-0.09648699999990962,0.26580000000001341,-0.81999999999999995
0.05704766255962035,-0.44770668718040546,-0.09386999999990948,0.25760000000001343,-0.81999999999999995
0.05261430909331866,-0.43897105189945607,-0.09133499999990935,0.24940000000001342,-0.81999999999999995
0.04826810171198259,-0.43027735940011269,-0.08888199999990921,0.24120000000001340,-0.81999999999999995
0.04400862432260721,-0.42162494161047936,-0.08651099999990908,0.23300000000001339,-0.81999999999999995
0.03983546754572176,-0.41301312394265211,-0.08422199999990894,0.22480000000001338,-0.81999999999999995
0.03574822877915418,-0.40444122557028406,-0.08201499999990880,0.21660000000001337,-0.81999999999999995
0.03174651225906722,-0.39590855969662936,-0.07988999999990867,0.20840000000001335,-0.81999999999999995
0.02782992911836146,-0.38741443381330287,-0.07784699999990854,0.20020000000001334,-0.81999999999999995
0.02399809744253467,-0.37895814994999077,-0.07588599999990842,0.19200000000001333,-0.81999999999999995
0.02025064232309060,-0.37053900491534542,-0.07400699999990829,0.18380000000001331,-0.81999999999999995
0.01658719590857993,-0.36215629052929560,-0.07220999999990815,0.17560000000001330,-0.81999999999999995
0.01300739745336132,-0.35380929384700149,-0.07049499999990802,0.16740000000001329,-0.81999999999999995
0.00951089336416322,-0.34549729737468110,-0.06886199999990789,0.15920000000001328,-0.81999999999999995
0.00609733724452655,-0.33721957927753277,-0.06731099999990775,0.15100000000001326,-0.81999999999999995
0.00276638993720812,-0.32897541357997589,-0.06584199999990761,0.14280000000001325,-0.81999999999999995
-0.00048228043538190,-0.32076407035842924,-0.06445499999990748,0.13460000000001324,-0.81999999999999995
-0.00364899843263355,-0.31258481592684439,-0.06314999999990734,0.12640000000001322,-0.81999999999999995
-0.00673408125901043,-0.30443691301520831,-0.06192699999990720,0.11820000000001323,-0.81999999999999995
-0.00973783872907497,-0.29631962094122699,-0.06078599999990707,0.11000000000001323,-0.81999999999999995
-0.01266057323419467,-0.28823219577539949,-0.05972699999990694,0.10180000000001323,-0.81999999999999995
-0.01550257971087055,-0.28017389049968833,-0.05874999999990681,0.09360000000001323,-0.81999999999999995
-0.01826414561061851,-0.27214395515999029,-0.05785499999990668,0.08540000000001323,-0.81999999999999995
-0.02094555087134520,-0.26414163701260857,-0.05704199999990654,0.07720000000001323,-0.81999999999999995
-0.02354706789016126,-0.25616618066492414,-0.05631099999990641,0.06900000000001323,-0.81999999999999995
-0.02606896149757132,-0.24821682821046262,-0.05566199999990627,0.06080000000001323,-0.81999999999999995
