3.14159,0,1,0
3.14159,0.000199997,1,0.0002
3.1416,0.000399973,1,0.0004
3.1416,0.00059991,1.00001,0.0006
3.14161,0.000799787,1.00002,0.0008
3.14162,0.000999583,1.00002,0.001
3.14163,0.00119928,1.00004,0.0012
3.14164,0.00139886,1.00005,0.0014
3.14166,0.00159829,1.00006,0.0016
3.14167,0.00179757,1.00008,0.0018
3.14169,0.00199667,1.0001,0.002
3.14171,0.00219557,1.00012,0.0022
3.14174,0.00239424,1.00014,0.0024
3.14176,0.00259268,1.00017,0.0026
3.14179,0.00279086,1.0002,0.0028
3.14182,0.00298876,1.00023,0.003
3.14185,0.00318636,1.00026,0.0032
3.14188,0.00338365,1.00029,0.0034
3.14192,0.00358059,1.00032,0.0036
3.14195,0.00377718,1.00036,0.0038
3.14199,0.00397339,1.0004,0.004
3.14203,0.0041692,1.00044,0.0042
3.14207,0.00436459,1.00048,0.0044
3.14212,0.00455955,1.00053,0.0046
3.14217,0.00475405,1.00058,0.0048
3.14221,0.00494808,1.00062,0.005
3.14226,0.00514161,1.00068,0.0052
3.14232,0.00533463,1.00073,0.0054
3.14237,0.00552711,1.00078,0.0056
3.14243,0.00571904,1.00084,0.0058
3.14249,0.0059104,1.0009,0.006
3.14255,0.00610117,1.00096,0.0062
3.14261,0.00629133,1.00102,0.0064
3.14267,0.00648086,1.00109,0.0066
3.14274,0.00666974,1.00116,0.0068
3.14281,0.00685796,1.00123,0.007
3.14287,0.00704548,1.0013,0.0072
3.14295,0.00723231,1.00137,0.0074
3.14302,0.00741841,1.00144,0.0076
3.14309,0.00760377,1.00152,0.0078
3.14317,0.00778836,1.0016,0.008
3.14325,0.00797218,1.00168,0.0082
3.14333,0.00815521,1.00176,0.0084
3.14341,0.00833741,1.00185,0.0086
3.1435,0.00851879,1.00194,0.0088
3.14358,0.00869931,1.00202,0.009
3.14367,0.00887896,1.00212,0.0092
3.14376,0.00905772,1.00221,0.0094
3.14385,0.00923558,1.0023,0.0096
3.14395,0.00941251,1.0024,0.0098
3.14404,0.0095885,1.0025,0.01
3.14414,0.00976354,1.0026,0.0102
3.14424,0.0099376,1.0027,0.0104
3.14434,0.0101107,1.00281,0.0106
3.14444,0.0102827,1.00292,0.0108
3.14454,0.0104537,1.00302,0.011
3.14465,0.0106237,1.00314,0.0112
3.14475,0.0107926,1.00325,0.0114
3.14486,0.0109605,1.00336,0.0116
3.14497,0.0111272,1.00348,0.0118
3.14509,0.0112928,1.0036,0.012
3.1452,0.0114573,1.00372,0.0122
3.14532,0.0116207,1.00384,0.0124
3.14543,0.0117829,1.00397,0.0126
3.14555,0.0119439,1.0041,0.0128
3.14567,0.0121037,1.00422,0.013
3.14579,0.0122623,1.00436,0.0132
3.14592,0.0124197,1.00449,0.0134
3.14604,0.0125758,1.00462,0.0136
3.14617,0.0127307,1.00476,0.0138
3.1463,0.0128843,1.0049,0.014
3.14643,0.0130366,1.00504,0.0142
3.14656,0.0131877,1.00518,0.0144
3.14669,0.0133374,1.00533,0.0146
3.14682,0.0134857,1.00548,0.0148
3.14696,0.0136327,1.00562,0.015
3.1471,0.0137784,1.00578,0.0152
3.14723,0.0139227,1.00593,0.0154
3.14737,0.0140655,1.00608,0.0156
3.14752,0.014207,1.00624,0.0158
3.14766,0.0143471,1.0064,0.016
3.1478,0.0144857,1.00656,0.0162
3.14795,0.0146229,1.00672,0.0164
3.1481,0.0147586,1.00689,0.0166
3.14824,0.0148928,1.00706,0.0168
3.14839,0.0150255,1.00723,0.017
3.14854,0.0151568,1.0074,0.0172
3.1487,0.0152865,1.00757,0.0174
3.14885,0.0154147,1.00774,0.0176
3.149,0.0155413,1.00792,0.0178
3.14916,0.0156664,1.0081,0.018
3.14932,0.01579,1.00828,0.0182
3.14948,0.0159119,1.00846,0.0184
3.14964,0.0160323,1.00865,0.0186
3.1498,0.016151,1.00884,0.0188
3.14996,0.0162682,1.00903,0.019
3.15012,0.0163837,1.00922,0.0192
3.15029,0.0164976,1.00941,0.0194
3.15045,0.0166098,1.0096,0.0196
3.15062,0.0167204,1.0098,0.0198
3.15079,0.0168293,1.01,0.02
3.15096,0.0169365,1.0102,0.0202
3.15113,0.017042,1.0104,0.0204
3.1513,0.0171458,1.01061,0.0206
3.15147,0.0172479,1.01082,0.0208
3.15164,0.0173483,1.01103,0.021
3.15182,0.0174469,1.01124,0.0212
3.15199,0.0175438,1.01145,0.0214
3.15217,0.0176389,1.01166,0.0216
3.15234,0.0177323,1.01188,0.0218
3.15252,0.0178239,1.0121,0.022
3.1527,0.0179137,1.01232,0.0222
3.15288,0.0180018,1.01254,0.0224
3.15306,0.018088,1.01277,0.0226
3.15324,0.0181724,1.013,0.0228
3.15342,0.018255,1.01323,0.023
3.15361,0.0183358,1.01346,0.0232
3.15379,0.0184147,1.01369,0.0234
3.15397,0.0184918,1.01392,0.0236
3.15416,0.0185671,1.01416,0.0238
3.15435,0.0186404,1.0144,0.024
3.15453,0.018712,1.01464,0.0242
3.15472,0.0187816,1.01488,0.0244
3.15491,0.0188494,1.01513,0.0246
3.1551,0.0189153,1.01538,0.0248
3.15529,0.0189793,1.01563,0.025
3.15548,0.0190414,1.01588,0.0252
3.15567,0.0191016,1.01613,0.0254
3.15586,0.0191599,1.01638,0.0256
3.15605,0.0192162,1.01664,0.0258
3.15624,0.0192707,1.0169,0.026
3.15644,0.0193232,1.01716,0.0262
3.15663,0.0193738,1.01742,0.0264
3.15682,0.0194224,1.01769,0.0266
3.15702,0.0194692,1.01796,0.0268
3.15721,0.0195139,1.01823,0.027
3.15741,0.0195567,1.0185,0.0272
3.1576,0.0195976,1.01877,0.0274
3.1578,0.0196365,1.01904,0.0276
3.158,0.0196734,1.01932,0.0278
3.15819,0.0197084,1.0196,0.028
3.15839,0.0197413,1.01988,0.0282
3.15859,0.0197724,1.02016,0.0284
3.15879,0.0198014,1.02045,0.0286
3.15898,0.0198284,1.02074,0.0288
3.15918,0.0198535,1.02103,0.029
3.15938,0.0198766,1.02132,0.0292
3.15958,0.0198977,1.02161,0.0294
3.15978,0.0199168,1.0219,0.0296
3.15998,0.0199339,1.0222,0.0298
3.16018,0.0199491,1.0225,0.03
3.16038,0.0199622,1.0228,0.0302
3.16058,0.0199733,1.0231,0.0304
3.16078,0.0199825,1.02341,0.0306
3.16098,0.0199896,1.02372,0.0308
3.16118,0.0199947,1.02403,0.031
3.16138,0.0199979,1.02434,0.0312
3.16158,0.019999,1.02465,0.0314
3.16178,0.0199981,1.02496,0.0316
3.16198,0.0199953,1.02528,0.0318
3.16218,0.0199904,1.0256,0.032
3.16238,0.0199835,1.02592,0.0322
3.16258,0.0199747,1.02624,0.0324
3.16278,0.0199638,1.02657,0.0326
3.16298,0.019951,1.0269,0.0328
3.16317,0.0199361,1.02723,0.033
3.16337,0.0199193,1.02756,0.0332
3.16357,0.0199004,1.02789,0.0334
3.16377,0.0198796,1.02822,0.0336
3.16397,0.0198568,1.02856,0.0338
3.16417,0.019832,1.0289,0.034
3.16437,0.0198052,1.02924,0.0342
3.16457,0.0197764,1.02958,0.0344
3.16476,0.0197457,1.02993,0.0346
3.16496,0.0197129,1.03028,0.0348
3.16516,0.0196783,1.03063,0.035
3.16535,0.0196416,1.03098,0.0352
3.16555,0.019603,1.03133,0.0354
3.16575,0.0195624,1.03168,0.0356
3.16594,0.0195198,1.03204,0.0358
3.16614,0.0194753,1.0324,0.036
3.16633,0.0194289,1.03276,0.0362
3.16652,0.0193805,1.03312,0.0364
3.16672,0.0193302,1.03349,0.0366
3.16691,0.0192779,1.03386,0.0368
3.1671,0.0192237,1.03423,0.037
3.1673,0.0191676,1.0346,0.0372
3.16749,0.0191096,1.03497,0.0374
3.16768,0.0190497,1.03534,0.0376
3.16787,0.0189878,1.03572,0.0378
3.16806,0.0189241,1.0361,0.038
3.16825,0.0188585,1.03648,0.0382
3.16843,0.0187909,1.03686,0.0384
3.16862,0.0187215,1.03725,0.0386
3.16881,0.0186503,1.03764,0.0388
3.169,0.0185771,1.03802,0.039
3.16918,0.0185021,1.03842,0.0392
3.16937,0.0184253,1.03881,0.0394
3.16955,0.0183466,1.0392,0.0396
3.16973,0.0182661,1.0396,0.0398
3.16991,0.0181837,1.04,0.04
3.1701,0.0180995,1.0404,0.0402
3.17028,0.0180136,1.0408,0.0404
3.17046,0.0179258,1.04121,0.0406
3.17064,0.0178362,1.04162,0.0408
3.17081,0.0177448,1.04203,0.041
3.17099,0.0176517,1.04244,0.0412
3.17117,0.0175568,1.04285,0.0414
3.17134,0.0174602,1.04326,0.0416
3.17152,0.0173618,1.04368,0.0418
3.17169,0.0172616,1.0441,0.042
3.17186,0.0171598,1.04452,0.0422
3.17203,0.0170562,1.04494,0.0424
3.1722,0.0169509,1.04537,0.0426
3.17237,0.0168439,1.0458,0.0428
3.17254,0.0167352,1.04622,0.043
3.17271,0.0166249,1.04666,0.0432
3.17287,0.0165129,1.04709,0.0434
3.17304,0.0163993,1.04752,0.0436
3.1732,0.016284,1.04796,0.0438
3.17336,0.016167,1.0484,0.044
3.17352,0.0160485,1.04884,0.0442
3.17368,0.0159284,1.04928,0.0444
3.17384,0.0158066,1.04973,0.0446
3.174,0.0156833,1.05018,0.0448
3.17415,0.0155584,1.05062,0.045
3.17431,0.015432,1.05108,0.0452
3.17446,0.015304,1.05153,0.0454
3.17462,0.0151745,1.05198,0.0456
3.17477,0.0150434,1.05244,0.0458
3.17492,0.0149109,1.0529,0.046
3.17506,0.0147769,1.05336,0.0462
3.17521,0.0146414,1.05382,0.0464
3.17536,0.0145044,1.05429,0.0466
3.1755,0.014366,1.05476,0.0468
3.17564,0.0142261,1.05523,0.047
3.17579,0.0140848,1.0557,0.0472
3.17593,0.0139421,1.05617,0.0474
3.17607,0.013798,1.05664,0.0476
3.1762,0.0136526,1.05712,0.0478
3.17634,0.0135058,1.0576,0.048
3.17647,0.0133576,1.05808,0.0482
3.17661,0.0132081,1.05856,0.0484
3.17674,0.0130572,1.05905,0.0486
3.17687,0.0129051,1.05954,0.0488
3.17699,0.0127516,1.06002,0.049
3.17712,0.0125969,1.06052,0.0492
3.17725,0.012441,1.06101,0.0494
3.17737,0.0122837,1.0615,0.0496
3.17749,0.0121253,1.062,0.0498
3.17761,0.0119656,1.0625,0.05
3.17773,0.0118048,1.063,0.0502
3.17785,0.0116428,1.0635,0.0504
3.17796,0.0114796,1.06401,0.0506
3.17808,0.0113152,1.06452,0.0508
3.17819,0.0111498,1.06502,0.051
3.1783,0.0109832,1.06554,0.0512
3.17841,0.0108155,1.06605,0.0514
3.17852,0.0106467,1.06656,0.0516
3.17862,0.0104769,1.06708,0.0518
3.17873,0.010306,1.0676,0.052
3.17883,0.0101341,1.06812,0.0522
3.17893,0.00996114,1.06864,0.0524
3.17903,0.00978722,1.06917,0.0526
3.17913,0.00961232,1.0697,0.0528
3.17922,0.00943645,1.07022,0.053
3.17931,0.00925964,1.07076,0.0532
3.17941,0.00908191,1.07129,0.0534
3.1795,0.00890327,1.07182,0.0536
3.17958,0.00872374,1.07236,0.0538
3.17967,0.00854333,1.0729,0.054
3.17976,0.00836208,1.07344,0.0542
3.17984,0.00817998,1.07398,0.0544
3.17992,0.00799707,1.07453,0.0546
3.18,0.00781336,1.07508,0.0548
3.18008,0.00762886,1.07562,0.055
3.18015,0.00744361,1.07618,0.0552
3.18022,0.00725761,1.07673,0.0554
3.1803,0.00707088,1.07728,0.0556
3.18037,0.00688344,1.07784,0.0558
3.18043,0.00669532,1.0784,0.056
3.1805,0.00650653,1.07896,0.0562
3.18056,0.00631709,1.07952,0.0564
3.18063,0.00612701,1.08009,0.0566
3.18069,0.00593633,1.08066,0.0568
3.18074,0.00574505,1.08122,0.057
3.1808,0.00555319,1.0818,0.0572
3.18086,0.00536078,1.08237,0.0574
3.18091,0.00516784,1.08294,0.0576
3.18096,0.00497437,1.08352,0.0578
3.18101,0.00478041,1.0841,0.058
3.18105,0.00458597,1.08468,0.0582
3.1811,0.00439108,1.08526,0.0584
3.18114,0.00419574,1.08585,0.0586
3.18118,0.00399998,1.08644,0.0588
3.18122,0.00380383,1.08702,0.059
3.18126,0.00360729,1.08762,0.0592
3.18129,0.00341039,1.08821,0.0594
3.18133,0.00321316,1.0888,0.0596
3.18136,0.0030156,1.0894,0.0598
3.18139,0.00281774,1.09,0.06
3.18142,0.00261959,1.0906,0.0602
3.18144,0.00242119,1.0912,0.0604
3.18146,0.00222254,1.09181,0.0606
3.18148,0.00202367,1.09242,0.0608
3.1815,0.0018246,1.09302,0.061
3.18152,0.00162535,1.09364,0.0612
3.18154,0.00142593,1.09425,0.0614
3.18155,0.00122637,1.09486,0.0616
3.18156,0.00102669,1.09548,0.0618
3.18157,0.000826906,1.0961,0.062
3.18158,0.000627039,1.09672,0.0622
3.18158,0.000427109,1.09734,0.0624
3.18159,0.000227137,1.09797,0.0626
3.18159,2.71417e-05,1.0986,0.0628
3.18159,-0.000172856,1.09922,0.063
3.18158,-0.000372837,1.09986,0.0632
3.18158,-0.00057278,1.10049,0.0634
3.18157,-0.000772666,1.10112,0.0636
3.18156,-0.000972475,1.10176,0.0638
3.18155,-0.00117219,1.1024,0.064
3.18154,-0.00137178,1.10304,0.0642
3.18153,-0.00157124,1.10368,0.0644
3.18151,-0.00177054,1.10433,0.0646
3.18149,-0.00196966,1.10498,0.0648
3.18147,-0.00216859,1.10562,0.065
3.18145,-0.0023673,1.10628,0.0652
3.18142,-0.00256577,1.10693,0.0654
3.1814,-0.00276398,1.10758,0.0656
3.18137,-0.00296192,1.10824,0.0658
3.18134,-0.00315957,1.1089,0.066
3.1813,-0.00335689,1.10956,0.0662
3.18127,-0.00355388,1.11022,0.0664
3.18123,-0.00375052,1.11089,0.0666
3.18119,-0.00394678,1.11156,0.0668
3.18115,-0.00414265,1.11222,0.067
3.18111,-0.0043381,1.1129,0.0672
3.18107,-0.00453312,1.11357,0.0674
3.18102,-0.00472768,1.11424,0.0676
3.18097,-0.00492178,1.11492,0.0678
3.18092,-0.00511538,1.1156,0.068
3.18087,-0.00530847,1.11628,0.0682
3.18082,-0.00550102,1.11696,0.0684
3.18076,-0.00569303,1.11765,0.0686
3.1807,-0.00588447,1.11834,0.0688
3.18064,-0.00607532,1.11902,0.069
3.18058,-0.00626556,1.11972,0.0692
3.18052,-0.00645518,1.12041,0.0694
3.18045,-0.00664415,1.1211,0.0696
3.18038,-0.00683245,1.1218,0.0698
3.18031,-0.00702008,1.1225,0.07
3.18024,-0.007207,1.1232,0.0702
3.18017,-0.0073932,1.1239,0.0704
3.1801,-0.00757866,1.12461,0.0706
3.18002,-0.00776336,1.12532,0.0708
3.17994,-0.00794728,1.12602,0.071
3.17986,-0.00813042,1.12674,0.0712
3.17978,-0.00831273,1.12745,0.0714
3.17969,-0.00849422,1.12816,0.0716
3.17961,-0.00867486,1.12888,0.0718
3.17952,-0.00885463,1.1296,0.072
3.17943,-0.00903351,1.13032,0.0722
3.17934,-0.0092115,1.13104,0.0724
3.17925,-0.00938856,1.13177,0.0726
3.17915,-0.00956468,1.1325,0.0728
3.17906,-0.00973984,1.13322,0.073
3.17896,-0.00991403,1.13396,0.0732
3.17886,-0.0100872,1.13469,0.0734
3.17876,-0.0102594,1.13542,0.0736
3.17865,-0.0104306,1.13616,0.0738
3.17855,-0.0106007,1.1369,0.074
3.17844,-0.0107698,1.13764,0.0742
3.17833,-0.0109378,1.13838,0.0744
3.17822,-0.0111046,1.13913,0.0746
3.17811,-0.0112704,1.13988,0.0748
3.178,-0.0114351,1.14062,0.075
3.17788,-0.0115986,1.14138,0.0752
3.17776,-0.0117609,1.14213,0.0754
3.17765,-0.0119221,1.14288,0.0756
3.17753,-0.0120821,1.14364,0.0758
3.1774,-0.0122409,1.1444,0.076
3.17728,-0.0123984,1.14516,0.0762
3.17716,-0.0125547,1.14592,0.0764
3.17703,-0.0127098,1.14669,0.0766
3.1769,-0.0128636,1.14746,0.0768
3.17677,-0.013016,1.14822,0.077
3.17664,-0.0131672,1.149,0.0772
3.17651,-0.0133171,1.14977,0.0774
3.17637,-0.0134657,1.15054,0.0776
3.17624,-0.0136129,1.15132,0.0778
3.1761,-0.0137587,1.1521,0.078
3.17596,-0.0139032,1.15288,0.0782
3.17582,-0.0140462,1.15366,0.0784
3.17568,-0.0141879,1.15445,0.0786
3.17554,-0.0143281,1.15524,0.0788
3.1754,-0.014467,1.15602,0.079
3.17525,-0.0146043,1.15682,0.0792
3.1751,-0.0147402,1.15761,0.0794
3.17496,-0.0148747,1.1584,0.0796
3.17481,-0.0150076,1.1592,0.0798
3.17466,-0.0151391,1.16,0.08
3.1745,-0.015269,1.1608,0.0802
3.17435,-0.0153974,1.1616,0.0804
3.1742,-0.0155242,1.16241,0.0806
3.17404,-0.0156496,1.16322,0.0808
3.17388,-0.0157733,1.16403,0.081
3.17373,-0.0158955,1.16484,0.0812
3.17357,-0.016016,1.16565,0.0814
3.17341,-0.016135,1.16646,0.0816
3.17324,-0.0162524,1.16728,0.0818
3.17308,-0.0163681,1.1681,0.082
3.17292,-0.0164822,1.16892,0.0822
3.17275,-0.0165947,1.16974,0.0824
3.17258,-0.0167055,1.17057,0.0826
3.17242,-0.0168146,1.1714,0.0828
3.17225,-0.016922,1.17222,0.083
3.17208,-0.0170278,1.17306,0.0832
3.17191,-0.0171318,1.17389,0.0834
3.17174,-0.0172341,1.17472,0.0836
3.17156,-0.0173348,1.17556,0.0838
3.17139,-0.0174336,1.1764,0.084
3.17121,-0.0175308,1.17724,0.0842
3.17104,-0.0176261,1.17808,0.0844
3.17086,-0.0177197,1.17893,0.0846
3.17068,-0.0178116,1.17978,0.0848
3.1705,-0.0179016,1.18063,0.085
3.17033,-0.0179899,1.18148,0.0852
3.17015,-0.0180764,1.18233,0.0854
3.16996,-0.018161,1.18318,0.0856
3.16978,-0.0182439,1.18404,0.0858
3.1696,-0.0183249,1.1849,0.086
3.16942,-0.0184041,1.18576,0.0862
3.16923,-0.0184814,1.18662,0.0864
3.16905,-0.0185569,1.18749,0.0866
3.16886,-0.0186306,1.18836,0.0868
3.16867,-0.0187024,1.18922,0.087
3.16849,-0.0187723,1.1901,0.0872
3.1683,-0.0188403,1.19097,0.0874
3.16811,-0.0189065,1.19184,0.0876
3.16792,-0.0189707,1.19272,0.0878
3.16773,-0.0190331,1.1936,0.088
3.16754,-0.0190935,1.19448,0.0882
3.16735,-0.0191521,1.19536,0.0884
3.16716,-0.0192087,1.19625,0.0886
3.16696,-0.0192634,1.19714,0.0888
3.16677,-0.0193162,1.19802,0.089
3.16658,-0.019367,1.19892,0.0892
3.16638,-0.019416,1.19981,0.0894
3.16619,-0.0194629,1.2007,0.0896
3.16599,-0.019508,1.2016,0.0898
3.1658,-0.019551,1.2025,0.09
3.1656,-0.0195921,1.2034,0.0902
3.16541,-0.0196313,1.2043,0.0904
3.16521,-0.0196685,1.20521,0.0906
3.16501,-0.0197037,1.20612,0.0908
3.16482,-0.019737,1.20703,0.091
3.16462,-0.0197683,1.20794,0.0912
3.16442,-0.0197976,1.20885,0.0914
3.16422,-0.0198249,1.20976,0.0916
3.16402,-0.0198502,1.21068,0.0918
3.16383,-0.0198736,1.2116,0.092
3.16363,-0.019895,1.21252,0.0922
3.16343,-0.0199143,1.21344,0.0924
3.16323,-0.0199317,1.21437,0.0926
3.16303,-0.0199471,1.2153,0.0928
3.16283,-0.0199605,1.21623,0.093
3.16263,-0.0199719,1.21716,0.0932
3.16243,-0.0199813,1.21809,0.0934
3.16223,-0.0199887,1.21902,0.0936
3.16203,-0.0199941,1.21996,0.0938
3.16183,-0.0199976,1.2209,0.094
3.16163,-0.019999,1.22184,0.0942
3.16143,-0.0199984,1.22278,0.0944
3.16123,-0.0199958,1.22373,0.0946
3.16103,-0.0199912,1.22468,0.0948
3.16083,-0.0199846,1.22563,0.095
3.16063,-0.019976,1.22658,0.0952
3.16043,-0.0199654,1.22753,0.0954
3.16023,-0.0199528,1.22848,0.0956
3.16003,-0.0199382,1.22944,0.0958
3.15983,-0.0199217,1.2304,0.096
3.15963,-0.0199031,1.23136,0.0962
3.15944,-0.0198825,1.23232,0.0964
3.15924,-0.01986,1.23329,0.0966
3.15904,-0.0198355,1.23426,0.0968
3.15884,-0.0198089,1.23523,0.097
3.15864,-0.0197804,1.2362,0.0972
3.15844,-0.01975,1.23717,0.0974
3.15825,-0.0197175,1.23814,0.0976
3.15805,-0.0196831,1.23912,0.0978
3.15785,-0.0196467,1.2401,0.098
3.15766,-0.0196083,1.24108,0.0982
3.15746,-0.019568,1.24206,0.0984
3.15727,-0.0195257,1.24305,0.0986
3.15707,-0.0194815,1.24404,0.0988
3.15688,-0.0194353,1.24503,0.099
3.15668,-0.0193872,1.24602,0.0992
3.15649,-0.0193371,1.24701,0.0994
3.15629,-0.0192851,1.248,0.0996
3.1561,-0.0192312,1.249,0.0998
3.15591,-0.0191754,1.25,0.1
3.15572,-0.0191176,1.251,0.1002
3.15553,-0.0190579,1.252,0.1004
3.15534,-0.0189963,1.25301,0.1006
3.15515,-0.0189328,1.25402,0.1008
3.15496,-0.0188675,1.25503,0.101
3.15477,-0.0188002,1.25604,0.1012
3.15458,-0.0187311,1.25705,0.1014
3.1544,-0.01866,1.25806,0.1016
3.15421,-0.0185872,1.25908,0.1018
3.15402,-0.0185124,1.2601,0.102
3.15384,-0.0184358,1.26112,0.1022
3.15366,-0.0183574,1.26214,0.1024
3.15347,-0.0182771,1.26317,0.1026
3.15329,-0.018195,1.2642,0.1028
3.15311,-0.0181111,1.26523,0.103
3.15293,-0.0180253,1.26626,0.1032
3.15275,-0.0179378,1.26729,0.1034
3.15257,-0.0178485,1.26832,0.1036
3.15239,-0.0177574,1.26936,0.1038
3.15221,-0.0176645,1.2704,0.104
3.15204,-0.0175698,1.27144,0.1042
3.15186,-0.0174734,1.27248,0.1044
3.15169,-0.0173752,1.27353,0.1046
3.15152,-0.0172753,1.27458,0.1048
3.15134,-0.0171737,1.27563,0.105
3.15117,-0.0170703,1.27668,0.1052
3.151,-0.0169653,1.27773,0.1054
3.15083,-0.0168585,1.27878,0.1056
3.15066,-0.0167501,1.27984,0.1058
3.1505,-0.01664,1.2809,0.106
3.15033,-0.0165282,1.28196,0.1062
3.15017,-0.0164148,1.28302,0.1064
3.15,-0.0162997,1.28409,0.1066
3.14984,-0.016183,1.28516,0.1068
3.14968,-0.0160647,1.28623,0.107
3.14952,-0.0159448,1.2873,0.1072
3.14936,-0.0158232,1.28837,0.1074
3.1492,-0.0157001,1.28944,0.1076
3.14905,-0.0155755,1.29052,0.1078
3.14889,-0.0154492,1.2916,0.108
3.14874,-0.0153214,1.29268,0.1082
3.14859,-0.0151921,1.29376,0.1084
3.14843,-0.0150613,1.29485,0.1086
3.14828,-0.014929,1.29594,0.1088
3.14814,-0.0147951,1.29703,0.109
3.14799,-0.0146598,1.29812,0.1092
3.14784,-0.0145231,1.29921,0.1094
3.1477,-0.0143848,1.3003,0.1096
3.14755,-0.0142452,1.3014,0.1098
3.14741,-0.0141041,1.3025,0.11
3.14727,-0.0139616,1.3036,0.1102
3.14713,-0.0138177,1.3047,0.1104
3.147,-0.0136724,1.30581,0.1106
3.14686,-0.0135258,1.30692,0.1108
3.14673,-0.0133778,1.30803,0.111
3.14659,-0.0132284,1.30914,0.1112
3.14646,-0.0130778,1.31025,0.1114
3.14633,-0.0129258,1.31136,0.1116
3.1462,-0.0127725,1.31248,0.1118
3.14608,-0.012618,1.3136,0.112
3.14595,-0.0124622,1.31472,0.1122
3.14583,-0.0123052,1.31584,0.1124
3.1457,-0.0121469,1.31697,0.1126
3.14558,-0.0119874,1.3181,0.1128
3.14546,-0.0118267,1.31923,0.113
3.14535,-0.0116648,1.32036,0.1132
3.14523,-0.0115018,1.32149,0.1134
3.14512,-0.0113376,1.32262,0.1136
3.145,-0.0111723,1.32376,0.1138
3.14489,-0.0110058,1.3249,0.114
3.14478,-0.0108383,1.32604,0.1142
3.14468,-0.0106697,1.32718,0.1144
3.14457,-0.0105,1.32833,0.1146
3.14447,-0.0103292,1.32948,0.1148
3.14436,-0.0101575,1.33063,0.115
3.14426,-0.00998467,1.33178,0.1152
3.14416,-0.00981088,1.33293,0.1154
3.14407,-0.00963611,1.33408,0.1156
3.14397,-0.00946037,1.33524,0.1158
3.14388,-0.00928369,1.3364,0.116
3.14379,-0.00910609,1.33756,0.1162
3.1437,-0.00892757,1.33872,0.1164
3.14361,-0.00874815,1.33989,0.1166
3.14352,-0.00856787,1.34106,0.1168
3.14344,-0.00838672,1.34223,0.117
3.14335,-0.00820474,1.3434,0.1172
3.14327,-0.00802194,1.34457,0.1174
3.14319,-0.00783833,1.34574,0.1176
3.14312,-0.00765395,1.34692,0.1178
3.14304,-0.00746879,1.3481,0.118
3.14297,-0.00728289,1.34928,0.1182
3.14289,-0.00709626,1.35046,0.1184
3.14282,-0.00690892,1.35165,0.1186
3.14276,-0.00672089,1.35284,0.1188
3.14269,-0.00653219,1.35403,0.119
3.14263,-0.00634284,1.35522,0.1192
3.14256,-0.00615285,1.35641,0.1194
3.1425,-0.00596224,1.3576,0.1196
3.14244,-0.00577104,1.3588,0.1198
3.14239,-0.00557926,1.36,0.12
3.14233,-0.00538693,1.3612,0.1202
3.14228,-0.00519405,1.3624,0.1204
3.14223,-0.00500066,1.36361,0.1206
3.14218,-0.00480676,1.36482,0.1208
3.14213,-0.00461239,1.36603,0.121
3.14209,-0.00441755,1.36724,0.1212
3.14204,-0.00422227,1.36845,0.1214
3.142,-0.00402657,1.36966,0.1216
3.14196,-0.00383047,1.37088,0.1218
3.14193,-0.00363398,1.3721,0.122
3.14189,-0.00343714,1.37332,0.1222
3.14186,-0.00323994,1.37454,0.1224
3.14183,-0.00304243,1.37577,0.1226
3.1418,-0.0028446,1.377,0.1228
3.14177,-0.0026465,1.37823,0.123
3.14174,-0.00244813,1.37946,0.1232
3.14172,-0.00224951,1.38069,0.1234
3.1417,-0.00205067,1.38192,0.1236
3.14168,-0.00185163,1.38316,0.1238
3.14166,-0.0016524,1.3844,0.124
3.14165,-0.001453,1.38564,0.1242
3.14163,-0.00125346,1.38688,0.1244
3.14162,-0.0010538,1.38813,0.1246
3.14161,-0.000854024,1.38938,0.1248
3.1416,-0.000654167,1.39063,0.125
3.1416,-0.000454244,1.39188,0.1252
3.14159,-0.000254277,1.39313,0.1254
3.14159,-5.42834e-05,1.39438,0.1256
3.14159,0.000145715,1.39564,0.1258
3.1416,0.000345699,1.3969,0.126
3.1416,0.000545649,1.39816,0.1262
3.14161,0.000745544,1.39942,0.1264
3.14162,0.000945364,1.40069,0.1266
3.14163,0.00114509,1.40196,0.1268
3.14164,0.0013447,1.40323,0.127
3.14165,0.00154418,1.4045,0.1272
3.14167,0.0017435,1.40577,0.1274
3.14169,0.00194265,1.40704,0.1276
3.14171,0.0021416,1.40832,0.1278
3.14173,0.00234034,1.4096,0.128
3.14175,0.00253885,1.41088,0.1282
3.14178,0.0027371,1.41216,0.1284
3.14181,0.00293508,1.41345,0.1286
3.14184,0.00313276,1.41474,0.1288
3.14187,0.00333013,1.41603,0.129
3.14191,0.00352717,1.41732,0.1292
3.14194,0.00372386,1.41861,0.1294
3.14198,0.00392017,1.4199,0.1296
3.14202,0.00411609,1.4212,0.1298
3.14206,0.0043116,1.4225,0.13
3.14211,0.00450668,1.4238,0.1302
3.14215,0.00470131,1.4251,0.1304
3.1422,0.00489546,1.42641,0.1306
3.14225,0.00508913,1.42772,0.1308
3.1423,0.00528229,1.42903,0.131
3.14236,0.00547492,1.43034,0.1312
3.14241,0.00566701,1.43165,0.1314
3.14247,0.00585852,1.43296,0.1316
3.14253,0.00604945,1.43428,0.1318
3.14259,0.00623978,1.4356,0.132
3.14265,0.00642948,1.43692,0.1322
3.14272,0.00661854,1.43824,0.1324
3.14279,0.00680694,1.43957,0.1326
3.14286,0.00699465,1.4409,0.1328
3.14293,0.00718167,1.44223,0.133
3.143,0.00736797,1.44356,0.1332
3.14307,0.00755353,1.44489,0.1334
3.14315,0.00773834,1.44622,0.1336
3.14323,0.00792237,1.44756,0.1338
3.14331,0.00810561,1.4489,0.134
3.14339,0.00828804,1.45024,0.1342
3.14347,0.00846964,1.45158,0.1344
3.14356,0.0086504,1.45293,0.1346
3.14365,0.00883028,1.45428,0.1348
3.14374,0.00900929,1.45563,0.135
3.14383,0.0091874,1.45698,0.1352
3.14392,0.00936458,1.45833,0.1354
3.14402,0.00954083,1.45968,0.1356
3.14411,0.00971613,1.46104,0.1358
3.14421,0.00989045,1.4624,0.136
3.14431,0.0100638,1.46376,0.1362
3.14441,0.0102361,1.46512,0.1364
3.14451,0.0104074,1.46649,0.1366
3.14462,0.0105777,1.46786,0.1368
3.14473,0.0107469,1.46923,0.137
3.14483,0.010915,1.4706,0.1372
3.14494,0.0110821,1.47197,0.1374
3.14506,0.011248,1.47334,0.1376
3.14517,0.0114128,1.47472,0.1378
3.14528,0.0115765,1.4761,0.138
3.1454,0.011739,1.47748,0.1382
3.14552,0.0119003,1.47886,0.1384
3.14564,0.0120604,1.48025,0.1386
3.14576,0.0122194,1.48164,0.1388
3.14588,0.0123771,1.48303,0.139
3.14601,0.0125336,1.48442,0.1392
3.14613,0.0126888,1.48581,0.1394
3.14626,0.0128428,1.4872,0.1396
3.14639,0.0129954,1.4886,0.1398
3.14652,0.0131468,1.49,0.14
3.14665,0.0132969,1.4914,0.1402
3.14679,0.0134456,1.4928,0.1404
3.14692,0.013593,1.49421,0.1406
3.14706,0.013739,1.49562,0.1408
3.1472,0.0138836,1.49703,0.141
3.14734,0.0140269,1.49844,0.1412
3.14748,0.0141688,1.49985,0.1414
3.14762,0.0143092,1.50126,0.1416
3.14776,0.0144482,1.50268,0.1418
3.14791,0.0145858,1.5041,0.142
3.14806,0.0147219,1.50552,0.1422
3.1482,0.0148565,1.50694,0.1424
3.14835,0.0149897,1.50837,0.1426
3.1485,0.0151213,1.5098,0.1428
3.14865,0.0152514,1.51123,0.143
3.14881,0.01538,1.51266,0.1432
3.14896,0.0155071,1.51409,0.1434
3.14912,0.0156326,1.51552,0.1436
3.14927,0.0157566,1.51696,0.1438
3.14943,0.015879,1.5184,0.144
3.14959,0.0159998,1.51984,0.1442
3.14975,0.016119,1.52128,0.1444
3.14991,0.0162366,1.52273,0.1446
3.15008,0.0163525,1.52418,0.1448
3.15024,0.0164668,1.52563,0.145
3.15041,0.0165795,1.52708,0.1452
3.15057,0.0166905,1.52853,0.1454
3.15074,0.0167999,1.52998,0.1456
3.15091,0.0169075,1.53144,0.1458
3.15108,0.0170135,1.5329,0.146
3.15125,0.0171178,1.53436,0.1462
3.15142,0.0172204,1.53582,0.1464
3.15159,0.0173212,1.53729,0.1466
3.15177,0.0174203,1.53876,0.1468
3.15194,0.0175177,1.54023,0.147
3.15212,0.0176133,1.5417,0.1472
3.15229,0.0177071,1.54317,0.1474
3.15247,0.0177992,1.54464,0.1476
3.15265,0.0178895,1.54612,0.1478
3.15283,0.017978,1.5476,0.148
3.15301,0.0180648,1.54908,0.1482
3.15319,0.0181497,1.55056,0.1484
3.15337,0.0182328,1.55205,0.1486
3.15356,0.018314,1.55354,0.1488
3.15374,0.0183935,1.55503,0.149
3.15392,0.0184711,1.55652,0.1492
3.15411,0.0185468,1.55801,0.1494
3.15429,0.0186207,1.5595,0.1496
3.15448,0.0186927,1.561,0.1498
3.15467,0.0187629,1.5625,0.15
3.15486,0.0188312,1.564,0.1502
3.15505,0.0188976,1.5655,0.1504
3.15523,0.0189621,1.56701,0.1506
3.15542,0.0190247,1.56852,0.1508
3.15562,0.0190854,1.57003,0.151
3.15581,0.0191442,1.57154,0.1512
3.156,0.0192011,1.57305,0.1514
3.15619,0.0192561,1.57456,0.1516
3.15638,0.0193091,1.57608,0.1518
3.15658,0.0193603,1.5776,0.152
3.15677,0.0194094,1.57912,0.1522
3.15696,0.0194567,1.58064,0.1524
3.15716,0.019502,1.58217,0.1526
3.15735,0.0195453,1.5837,0.1528
3.15755,0.0195867,1.58523,0.153
3.15775,0.0196261,1.58676,0.1532
3.15794,0.0196636,1.58829,0.1534
3.15814,0.0196991,1.58982,0.1536
3.15834,0.0197326,1.59136,0.1538
3.15853,0.0197641,1.5929,0.154
3.15873,0.0197937,1.59444,0.1542
3.15893,0.0198213,1.59598,0.1544
3.15913,0.0198469,1.59753,0.1546
3.15933,0.0198705,1.59908,0.1548
3.15953,0.0198922,1.60063,0.155
3.15972,0.0199118,1.60218,0.1552
3.15992,0.0199295,1.60373,0.1554
3.16012,0.0199452,1.60528,0.1556
3.16032,0.0199588,1.60684,0.1558
3.16052,0.0199705,1.6084,0.156
3.16072,0.0199802,1.60996,0.1562
3.16092,0.0199878,1.61152,0.1564
3.16112,0.0199935,1.61309,0.1566
3.16132,0.0199972,1.61466,0.1568
3.16152,0.0199989,1.61623,0.157
3.16172,0.0199986,1.6178,0.1572
3.16192,0.0199962,1.61937,0.1574
3.16212,0.0199919,1.62094,0.1576
3.16232,0.0199856,1.62252,0.1578
3.16252,0.0199773,1.6241,0.158
3.16272,0.019967,1.62568,0.1582
3.16292,0.0199546,1.62726,0.1584
3.16312,0.0199403,1.62885,0.1586
3.16332,0.019924,1.63044,0.1588
3.16352,0.0199057,1.63203,0.159
3.16372,0.0198854,1.63362,0.1592
3.16392,0.0198632,1.63521,0.1594
3.16412,0.0198389,1.6368,0.1596
3.16431,0.0198126,1.6384,0.1598
3.16451,0.0197844,1.64,0.16
3.16471,0.0197542,1.6416,0.1602
3.16491,0.019722,1.6432,0.1604
3.1651,0.0196879,1.64481,0.1606
3.1653,0.0196517,1.64642,0.1608
3.1655,0.0196136,1.64803,0.161
3.16569,0.0195736,1.64964,0.1612
3.16589,0.0195316,1.65125,0.1614
3.16608,0.0194876,1.65286,0.1616
3.16628,0.0194417,1.65448,0.1618
3.16647,0.0193938,1.6561,0.162
3.16667,0.019344,1.65772,0.1622
3.16686,0.0192923,1.65934,0.1624
3.16705,0.0192386,1.66097,0.1626
3.16724,0.0191831,1.6626,0.1628
3.16744,0.0191255,1.66423,0.163
3.16763,0.0190661,1.66586,0.1632
3.16782,0.0190048,1.66749,0.1634
3.16801,0.0189416,1.66912,0.1636
3.1682,0.0188765,1.67076,0.1638
3.16838,0.0188094,1.6724,0.164
3.16857,0.0187406,1.67404,0.1642
3.16876,0.0186698,1.67568,0.1644
3.16894,0.0185972,1.67733,0.1646
3.16913,0.0185227,1.67898,0.1648
3.16932,0.0184463,1.68063,0.165
3.1695,0.0183681,1.68228,0.1652
3.16968,0.0182881,1.68393,0.1654
3.16987,0.0182062,1.68558,0.1656
3.17005,0.0181226,1.68724,0.1658
3.17023,0.0180371,1.6889,0.166
3.17041,0.0179498,1.69056,0.1662
3.17059,0.0178607,1.69222,0.1664
3.17076,0.0177698,1.69389,0.1666
3.17094,0.0176772,1.69556,0.1668
3.17112,0.0175827,1.69723,0.167
3.17129,0.0174866,1.6989,0.1672
3.17147,0.0173886,1.70057,0.1674
3.17164,0.017289,1.70224,0.1676
3.17181,0.0171876,1.70392,0.1678
3.17199,0.0170845,1.7056,0.168
3.17216,0.0169796,1.70728,0.1682
3.17232,0.0168731,1.70896,0.1684
3.17249,0.0167649,1.71065,0.1686
3.17266,0.016655,1.71234,0.1688
3.17283,0.0165435,1.71403,0.169
3.17299,0.0164303,1.71572,0.1692
3.17315,0.0163154,1.71741,0.1694
3.17332,0.0161989,1.7191,0.1696
3.17348,0.0160808,1.7208,0.1698
3.17364,0.0159611,1.7225,0.17
3.1738,0.0158398,1.7242,0.1702
3.17396,0.0157169,1.7259,0.1704
3.17411,0.0155925,1.72761,0.1706
3.17427,0.0154664,1.72932,0.1708
3.17442,0.0153389,1.73103,0.171
3.17457,0.0152098,1.73274,0.1712
3.17473,0.0150791,1.73445,0.1714
3.17488,0.014947,1.73616,0.1716
3.17502,0.0148134,1.73788,0.1718
3.17517,0.0146783,1.7396,0.172
3.17532,0.0145417,1.74132,0.1722
3.17546,0.0144037,1.74304,0.1724
3.17561,0.0142642,1.74477,0.1726
3.17575,0.0141233,1.7465,0.1728
3.17589,0.013981,1.74823,0.173
3.17603,0.0138373,1.74996,0.1732
3.17617,0.0136922,1.75169,0.1734
3.1763,0.0135457,1.75342,0.1736
3.17644,0.0133979,1.75516,0.1738
3.17657,0.0132488,1.7569,0.174
3.1767,0.0130983,1.75864,0.1742
3.1767,0.0130983,1.75864,0.1742
3.17684,0.0141457,1.76039,0.1756
3.17698,0.0151918,1.76215,0.177
3.17714,0.0162363,1.76393,0.1784
3.17731,0.0172791,1.76572,0.1798
3.17749,0.0183203,1.76753,0.1812
3.17768,0.0193596,1.76935,0.1826
3.17787,0.0203969,1.77118,0.184
3.17808,0.0214322,1.77303,0.1854
3.1783,0.0224654,1.77489,0.1868
3.17853,0.0234962,1.77676,0.1882
3.17877,0.0245248,1.77865,0.1896
3.17902,0.0255508,1.78055,0.191
3.17928,0.0265744,1.78247,0.1924
3.17955,0.0275952,1.7844,0.1938
3.17984,0.0286132,1.78635,0.1952
3.18013,0.0296284,1.78831,0.1966
3.18043,0.0306406,1.79028,0.198
3.18074,0.0316498,1.79227,0.1994
3.18106,0.0326557,1.79427,0.2008
3.18139,0.0336584,1.79628,0.2022
3.18173,0.0346577,1.79831,0.2036
3.18209,0.0356535,1.80035,0.205
3.18245,0.0366457,1.80241,0.2064
3.18282,0.0376342,1.80448,0.2078
3.1832,0.038619,1.80657,0.2092
3.18359,0.0395999,1.80867,0.2106
3.18399,0.0405768,1.81078,0.212
3.1844,0.0415496,1.81291,0.2134
3.18482,0.0425182,1.81505,0.2148
3.18525,0.0434826,1.8172,0.2162
3.18569,0.0444426,1.81937,0.2176
3.18614,0.0453981,1.82155,0.219
3.1866,0.0463491,1.82375,0.2204
3.18707,0.0472954,1.82596,0.2218
3.18755,0.048237,1.82819,0.2232
3.18803,0.0491737,1.83043,0.2246
3.18853,0.0501054,1.83268,0.226
3.18904,0.0510322,1.83495,0.2274
3.18955,0.0519538,1.83723,0.2288
3.19007,0.0528701,1.83952,0.2302
3.19007,0.0528701,1.83952,0.2302
3.19056,0.0445922,1.84178,0.2224
3.19097,0.0363101,1.84397,0.2146
3.19129,0.0280244,1.84608,0.2068
3.19153,0.0197361,1.84811,0.199
3.19168,0.0114459,1.85006,0.1912
3.19176,0.00315456,1.85193,0.1834
3.19175,-0.00513707,1.85372,0.1756
3.19165,-0.0134282,1.85544,0.1678
3.19148,-0.0217181,1.85708,0.16
3.19122,-0.0300058,1.85864,0.1522
3.19088,-0.0382907,1.86012,0.1444
3.19045,-0.0465719,1.86153,0.1366
3.18995,-0.0548486,1.86286,0.1288
3.18936,-0.0631201,1.86411,0.121
3.18868,-0.0713855,1.86528,0.1132
3.18793,-0.079644,1.86637,0.1054
3.18709,-0.0878949,1.86738,0.0976
3.18617,-0.0961372,1.86832,0.0898
3.18517,-0.10437,1.86918,0.082
3.18408,-0.112593,1.86996,0.0742
3.18292,-0.120806,1.87066,0.0664
3.18167,-0.129006,1.87129,0.0586
3.18034,-0.137194,1.87184,0.0508
3.17892,-0.145369,1.87231,0.043
3.17743,-0.153529,1.8727,0.0352
3.17585,-0.161675,1.87301,0.0274
3.1742,-0.169805,1.87324,0.0196
3.17246,-0.177918,1.8734,0.0118
3.17064,-0.186014,1.87348,0.004
3.16874,-0.194092,1.87348,-0.0038
3.16676,-0.202151,1.8734,-0.0116
3.16469,-0.21019,1.87325,-0.0194
3.16255,-0.218209,1.87302,-0.0272
3.16033,-0.226206,1.87271,-0.035
3.15803,-0.23418,1.87232,-0.0428
3.15565,-0.242132,1.87185,-0.0506
3.15318,-0.25006,1.8713,-0.0584
3.15064,-0.257963,1.87068,-0.0662
3.14803,-0.26584,1.86998,-0.074
3.14533,-0.273691,1.8692,-0.0818
3.14255,-0.281514,1.86834,-0.0896
3.1397,-0.28931,1.86741,-0.0974
3.13677,-0.297076,1.8664,-0.1052
3.13376,-0.304813,1.86531,-0.113
3.13067,-0.312518,1.86414,-0.1208
3.12751,-0.320193,1.86289,-0.1286
3.12427,-0.327835,1.86156,-0.1364
3.12095,-0.335444,1.86016,-0.1442
3.11756,-0.343018,1.85868,-0.152
3.11409,-0.350558,1.85712,-0.1598
3.11055,-0.358062,1.85548,-0.1676
3.10693,-0.36553,1.85377,-0.1754
3.10324,-0.372959,1.85198,-0.1832
3.09947,-0.380351,1.85011,-0.191
3.09563,-0.387703,1.84816,-0.1988
3.09172,-0.395015,1.84613,-0.2066
3.08773,-0.402286,1.84402,-0.2144
3.08367,-0.409516,1.84184,-0.2222
3.07954,-0.416702,1.83958,-0.23
3.07534,-0.423845,1.83724,-0.2378
3.07106,-0.430943,1.83482,-0.2456
3.06672,-0.437996,1.83233,-0.2534
3.0623,-0.445003,1.82976,-0.2612
3.05782,-0.451963,1.82711,-0.269
3.05326,-0.458875,1.82438,-0.2768
3.04864,-0.465738,1.82157,-0.2846
3.04395,-0.472551,1.81868,-0.2924
3.03919,-0.479313,1.81572,-0.3002
3.03436,-0.486024,1.81268,-0.308
3.02947,-0.492683,1.80956,-0.3158
3.02451,-0.499288,1.80636,-0.3236
3.01948,-0.505839,1.80309,-0.3314
3.01439,-0.512336,1.79974,-0.3392
3.00924,-0.518776,1.79631,-0.347
3.00402,-0.525159,1.7928,-0.3548
2.99873,-0.531485,1.78921,-0.3626
2.99339,-0.537753,1.78554,-0.3704
2.98798,-0.543961,1.7818,-0.3782
2.98251,-0.550109,1.77798,-0.386
2.97698,-0.556195,1.77408,-0.3938
2.97138,-0.56222,1.7701,-0.4016
2.96573,-0.568182,1.76605,-0.4094
2.96002,-0.57408,1.76192,-0.4172
2.95425,-0.579913,1.75771,-0.425
2.94842,-0.585682,1.75342,-0.4328
2.94254,-0.591384,1.74905,-0.4406
2.9366,-0.597019,1.7446,-0.4484
2.9306,-0.602585,1.74008,-0.4562
2.92454,-0.608084,1.73548,-0.464
2.91844,-0.613512,1.7308,-0.4718
2.91227,-0.61887,1.72604,-0.4796
2.90606,-0.624157,1.72121,-0.4874
2.89979,-0.629372,1.7163,-0.4952
2.89347,-0.634514,1.71131,-0.503
2.8871,-0.639582,1.70624,-0.5108
2.88068,-0.644576,1.70109,-0.5186
2.87421,-0.649495,1.69586,-0.5264
2.86769,-0.654338,1.69056,-0.5342
2.86112,-0.659103,1.68518,-0.542
2.85451,-0.663792,1.67972,-0.5498
2.85451,-0.663792,1.67972,-0.5498
2.8479,-0.657862,1.67424,-0.5466
2.84135,-0.651876,1.66879,-0.5434
2.83486,-0.645834,1.66337,-0.5402
2.82844,-0.639736,1.65799,-0.537
2.82207,-0.633584,1.65263,-0.5338
2.81576,-0.627378,1.64731,-0.5306
2.80952,-0.621119,1.64202,-0.5274
2.80334,-0.614808,1.63676,-0.5242
2.79723,-0.608445,1.63154,-0.521
2.79117,-0.602032,1.62634,-0.5178
2.78518,-0.595569,1.62118,-0.5146
2.77926,-0.589056,1.61605,-0.5114
2.7734,-0.582495,1.61095,-0.5082
2.76761,-0.575887,1.60589,-0.505
2.76189,-0.569232,1.60085,-0.5018
2.75623,-0.56253,1.59585,-0.4986
2.75064,-0.555783,1.59088,-0.4954
2.74511,-0.548992,1.58594,-0.4922
2.73966,-0.542156,1.58104,-0.489
2.73427,-0.535278,1.57616,-0.4858
2.72895,-0.528357,1.57132,-0.4826
2.7237,-0.521395,1.56651,-0.4794
2.71852,-0.514392,1.56173,-0.4762
2.71341,-0.507348,1.55699,-0.473
2.70838,-0.500265,1.55227,-0.4698
2.70341,-0.493144,1.54759,-0.4666
2.69851,-0.485984,1.54294,-0.4634
2.69369,-0.478788,1.53832,-0.4602
2.68894,-0.471554,1.53374,-0.457
2.68426,-0.464285,1.52918,-0.4538
2.67965,-0.456981,1.52466,-0.4506
2.67512,-0.449643,1.52017,-0.4474
2.67066,-0.44227,1.51571,-0.4442
2.66627,-0.434865,1.51129,-0.441
2.66196,-0.427428,1.50689,-0.4378
2.65773,-0.419958,1.50253,-0.4346
2.65356,-0.412458,1.4982,-0.4314
2.64948,-0.404928,1.4939,-0.4282
2.64546,-0.397368,1.48964,-0.425
2.64153,-0.389779,1.4854,-0.4218
2.63767,-0.382162,1.4812,-0.4186
2.63389,-0.374518,1.47703,-0.4154
2.63018,-0.366846,1.47289,-0.4122
2.62655,-0.359149,1.46879,-0.409
2.623,-0.351425,1.46471,-0.4058
2.61952,-0.343677,1.46067,-0.4026
2.61612,-0.335905,1.45666,-0.3994
2.6128,-0.328109,1.45268,-0.3962
2.60956,-0.320289,1.44874,-0.393
2.6064,-0.312448,1.44482,-0.3898
2.60331,-0.304584,1.44094,-0.3866
2.60031,-0.2967,1.43709,-0.3834
2.59738,-0.288795,1.43327,-0.3802
2.59453,-0.280869,1.42949,-0.377
2.59176,-0.272925,1.42573,-0.3738
2.58907,-0.264962,1.42201,-0.3706
2.58646,-0.256981,1.41832,-0.3674
2.58393,-0.248982,1.41466,-0.3642
2.58148,-0.240967,1.41104,-0.361
2.57911,-0.232935,1.40744,-0.3578
2.57682,-0.224887,1.40388,-0.3546
2.57461,-0.216824,1.40035,-0.3514
2.57249,-0.208747,1.39685,-0.3482
2.57044,-0.200656,1.39339,-0.345
2.56847,-0.192551,1.38995,-0.3418
2.56659,-0.184433,1.38655,-0.3386
2.56478,-0.176304,1.38318,-0.3354
2.56306,-0.168162,1.37984,-0.3322
2.56142,-0.160009,1.37654,-0.329
2.55986,-0.151846,1.37326,-0.3258
2.55838,-0.143673,1.37002,-0.3226
2.55699,-0.13549,1.36681,-0.3194
2.55567,-0.127299,1.36363,-0.3162
2.55444,-0.119099,1.36049,-0.313
2.55329,-0.110891,1.35737,-0.3098
2.55223,-0.102676,1.35429,-0.3066
2.55124,-0.094454,1.35124,-0.3034
2.55034,-0.0862261,1.34822,-0.3002
2.54952,-0.0779926,1.34524,-0.297
2.54878,-0.069754,1.34228,-0.2938
2.54812,-0.0615108,1.33936,-0.2906
2.54755,-0.0532637,1.33647,-0.2874
2.54705,-0.045013,1.33361,-0.2842
2.54665,-0.0367595,1.33079,-0.281
2.54632,-0.0285036,1.32799,-0.2778
2.54608,-0.0202458,1.32523,-0.2746
2.54591,-0.0119867,1.3225,-0.2714
2.54584,-0.00372687,1.3198,-0.2682
2.54584,0.00453323,1.31714,-0.265
2.54593,0.012793,1.3145,-0.2618
2.5461,0.021052,1.3119,-0.2586
2.54635,0.0293096,1.30933,-0.2554
2.54668,0.0375653,1.30679,-0.2522
2.5471,0.0458186,1.30429,-0.249
2.5476,0.0540689,1.30181,-0.2458
2.54818,0.0623157,1.29937,-0.2426
2.54884,0.0705584,1.29696,-0.2394
2.54959,0.0787966,1.29458,-0.2362
2.55042,0.0870296,1.29224,-0.233
2.55133,0.0952569,1.28992,-0.2298
2.55233,0.103478,1.28764,-0.2266
2.5534,0.111692,1.28539,-0.2234
2.55456,0.119899,1.28317,-0.2202
2.5558,0.128099,1.28099,-0.217
2.55712,0.136289,1.27883,-0.2138
2.55853,0.144471,1.27671,-0.2106
2.56001,0.152644,1.27462,-0.2074
2.56158,0.160806,1.27256,-0.2042
2.56323,0.168957,1.27054,-0.201
2.56496,0.177098,1.26854,-0.1978
2.56677,0.185226,1.26658,-0.1946
2.56866,0.193343,1.26465,-0.1914
2.57064,0.201446,1.26275,-0.1882
2.57269,0.209536,1.26089,-0.185
2.57483,0.217612,1.25905,-0.1818
2.57704,0.225673,1.25725,-0.1786
2.57934,0.23372,1.25548,-0.1754
2.58172,0.24175,1.25374,-0.1722
2.58417,0.249764,1.25204,-0.169
2.58671,0.257761,1.25036,-0.1658
2.58933,0.26574,1.24872,-0.1626
2.59203,0.273702,1.24711,-0.1594
2.5948,0.281644,1.24553,-0.1562
2.59766,0.289567,1.24399,-0.153
2.6006,0.29747,1.24247,-0.1498
2.60361,0.305353,1.24099,-0.1466
2.6067,0.313214,1.23954,-0.1434
2.60987,0.321054,1.23812,-0.1402
2.61312,0.328871,1.23674,-0.137
2.61645,0.336665,1.23538,-0.1338
2.61986,0.344435,1.23406,-0.1306
2.62334,0.352181,1.23277,-0.1274
2.6269,0.359901,1.23151,-0.1242
2.63054,0.367597,1.23029,-0.121
2.63425,0.375265,1.22909,-0.1178
2.63804,0.382907,1.22793,-0.1146
2.64191,0.390522,1.2268,-0.1114
2.64585,0.398107,1.2257,-0.1082
2.64987,0.405665,1.22464,-0.105
2.65397,0.413192,1.2236,-0.1018
2.65814,0.420689,1.2226,-0.0986
2.66238,0.428155,1.22163,-0.0954
2.6667,0.435589,1.22069,-0.0922
2.67109,0.442991,1.21979,-0.089
2.67556,0.45036,1.21891,-0.0858
2.6801,0.457696,1.21807,-0.0826
2.68471,0.464996,1.21726,-0.0794
2.6894,0.472262,1.21648,-0.0762
2.69416,0.479492,1.21574,-0.073
2.69899,0.486685,1.21502,-0.0698
2.70389,0.493841,1.21434,-0.0666
2.70886,0.500958,1.21369,-0.0634
2.71391,0.508037,1.21307,-0.0602
2.71903,0.515077,1.21249,-0.057
2.72421,0.522076,1.21193,-0.0538
2.72947,0.529035,1.21141,-0.0506
2.73479,0.535951,1.21092,-0.0474
2.74019,0.542826,1.21046,-0.0442
2.74565,0.549657,1.21004,-0.041
2.75118,0.556444,1.20964,-0.0378
2.75678,0.563186,1.20928,-0.0346
2.76244,0.569883,1.20895,-0.0314
2.76817,0.576534,1.20865,-0.0282
2.77397,0.583138,1.20839,-0.025
2.77984,0.589694,1.20815,-0.0218
2.78577,0.596202,1.20795,-0.0186
2.79176,0.60266,1.20778,-0.0154
2.79782,0.609069,1.20764,-0.0122
2.80394,0.615426,1.20754,-0.009
2.81013,0.621733,1.20746,-0.0058
2.81638,0.627986,1.20742,-0.0026
2.82269,0.634187,1.20741,0.0006
2.82906,0.640334,1.20743,0.0038
2.83549,0.646426,1.20749,0.007
2.84199,0.652463,1.20757,0.0102
2.84854,0.658444,1.20769,0.0134
2.85516,0.664367,1.20784,0.0166
2.86183,0.670233,1.20802,0.0198
2.86856,0.676041,1.20824,0.023
2.87535,0.681789,1.20848,0.0262
2.87535,0.681789,1.20848,0.0262
2.88214,0.67531,1.2087,0.0168
2.88886,0.66875,1.20882,0.0074
2.89551,0.662109,1.20884,-0.002
2.9021,0.655389,1.20878,-0.0114
2.90862,0.64859,1.20862,-0.0208
2.91507,0.641714,1.20836,-0.0302
2.92145,0.634762,1.20801,-0.0396
2.92777,0.627736,1.20757,-0.049
2.93401,0.620635,1.20703,-0.0584
2.94018,0.613462,1.2064,-0.0678
2.94628,0.606217,1.20568,-0.0772
2.9523,0.598901,1.20486,-0.0866
2.95825,0.591516,1.20394,-0.096
2.96413,0.584063,1.20294,-0.1054
2.96993,0.576542,1.20184,-0.1148
2.97566,0.568956,1.20064,-0.1242
2.98131,0.561304,1.19935,-0.1336
2.98689,0.553589,1.19797,-0.143
2.99239,0.545811,1.19649,-0.1524
2.9978,0.537971,1.19492,-0.1618
3.00314,0.530071,1.19326,-0.1712
3.00841,0.522112,1.1915,-0.1806
3.01359,0.514094,1.18964,-0.19
3.01869,0.506019,1.1877,-0.1994
3.02371,0.497888,1.18566,-0.2088
3.02864,0.489702,1.18352,-0.2182
3.0335,0.481462,1.18129,-0.2276
3.03827,0.47317,1.17897,-0.237
3.04296,0.464826,1.17655,-0.2464
3.04757,0.456431,1.17404,-0.2558
3.05209,0.447987,1.17144,-0.2652
3.05653,0.439494,1.16874,-0.2746
3.06088,0.430954,1.16594,-0.284
3.06515,0.422368,1.16306,-0.2934
3.06933,0.413737,1.16008,-0.3028
3.07342,0.405062,1.157,-0.3122
3.07743,0.396343,1.15383,-0.3216
3.08135,0.387583,1.15057,-0.331
3.08518,0.378782,1.14721,-0.3404
3.08893,0.369941,1.14376,-0.3498
3.09258,0.361061,1.14022,-0.3592
3.09615,0.352144,1.13658,-0.3686
3.09962,0.343189,1.13284,-0.378
3.10301,0.3342,1.12902,-0.3874
3.10631,0.325175,1.1251,-0.3968
3.10951,0.316117,1.12108,-0.4062
3.11263,0.307027,1.11697,-0.4156
3.11565,0.297905,1.11277,-0.425
3.11859,0.288752,1.10847,-0.4344
3.12143,0.27957,1.10408,-0.4438
3.12418,0.270359,1.0996,-0.4532
3.12684,0.261121,1.09502,-0.4626
3.1294,0.251857,1.09034,-0.472
3.13187,0.242567,1.08558,-0.4814
3.13425,0.233253,1.08072,-0.4908
3.13654,0.223915,1.07576,-0.5002
3.13873,0.214554,1.07071,-0.5096
3.14083,0.205172,1.06557,-0.519
3.14283,0.19577,1.06033,-0.5284
3.14474,0.186348,1.055,-0.5378
3.14656,0.176907,1.04958,-0.5472
3.14828,0.167449,1.04406,-0.5566
3.14991,0.157974,1.03844,-0.566
3.15144,0.148484,1.03274,-0.5754
3.15288,0.138978,1.02694,-0.5848
3.15422,0.129459,1.02104,-0.5942
3.15547,0.119928,1.01505,-0.6036
3.15662,0.110384,1.00897,-0.613
3.15768,0.10083,1.00279,-0.6224
3.15864,0.0912651,0.996521,-0.6318
3.1595,0.0816917,0.990156,-0.6412
3.16027,0.0721103,0.983697,-0.6506
3.16094,0.0625218,0.977144,-0.66
3.16152,0.0529272,0.970497,-0.6694
3.162,0.0433273,0.963756,-0.6788
3.16239,0.0337232,0.956921,-0.6882
3.16268,0.0241158,0.949992,-0.6976
3.16287,0.0145061,0.942969,-0.707
3.16297,0.00489488,0.935852,-0.7164
3.16297,-0.00471678,0.928641,-0.7258
3.16287,-0.014328,0.921336,-0.7352
3.16268,-0.0239378,0.913937,-0.7446
3.16239,-0.0335452,0.906444,-0.754
3.16201,-0.0431494,0.898857,-0.7634
3.16153,-0.0527493,0.891176,-0.7728
3.16096,-0.0623441,0.883401,-0.7822
3.16028,-0.0719327,0.875532,-0.7916
3.15952,-0.0815143,0.867569,-0.801
3.15865,-0.0910878,0.859512,-0.8104
3.15769,-0.100652,0.851361,-0.8198
3.15664,-0.110207,0.843116,-0.8292
3.15549,-0.119751,0.834777,-0.8386
3.15425,-0.129283,0.826344,-0.848
3.15291,-0.138802,0.817817,-0.8574
3.15147,-0.148308,0.809196,-0.8668
3.14994,-0.157798,0.800481,-0.8762
3.14831,-0.167274,0.791672,-0.8856
3.14659,-0.176732,0.782769,-0.895
3.14478,-0.186173,0.773772,-0.9044
3.14287,-0.195595,0.764681,-0.9138
3.14087,-0.204998,0.755496,-0.9232
3.13877,-0.214381,0.746217,-0.9326
3.13658,-0.223741,0.736844,-0.942
3.1343,-0.23308,0.727377,-0.9514
3.13192,-0.242395,0.717816,-0.9608
3.12945,-0.251685,0.708161,-0.9702
3.12688,-0.26095,0.698412,-0.9796
3.12423,-0.270189,0.688569,-0.989
3.12148,-0.2794,0.678632,-0.9984
3.11864,-0.288582,0.668601,-1.0078
3.11571,-0.297735,0.658476,-1.0172
3.11269,-0.306858,0.648257,-1.0266
3.10957,-0.315949,0.637944,-1.036
3.10637,-0.325008,0.627537,-1.0454
3.10307,-0.334033,0.617036,-1.0548
3.09969,-0.343023,0.606441,-1.0642
3.09621,-0.351978,0.595752,-1.0736
3.09265,-0.360896,0.584969,-1.083
3.08899,-0.369777,0.574092,-1.0924
3.08525,-0.378618,0.563121,-1.1018
3.08142,-0.38742,0.552056,-1.1112
3.0775,-0.396181,0.540897,-1.1206
3.0735,-0.4049,0.529644,-1.13
3.06941,-0.413577,0.518297,-1.1394
3.06523,-0.422209,0.506856,-1.1488
3.06096,-0.430796,0.495321,-1.1582
3.05661,-0.439336,0.483692,-1.1676
3.05218,-0.44783,0.471969,-1.177
3.04765,-0.456275,0.460152,-1.1864
3.04305,-0.464671,0.448241,-1.1958
3.03836,-0.473016,0.436236,-1.2052
3.03359,-0.481309,0.424137,-1.2146
3.02874,-0.48955,0.411944,-1.224
3.0238,-0.497737,0.399657,-1.2334
3.01878,-0.505869,0.387276,-1.2428
3.01368,-0.513945,0.374801,-1.2522
3.0085,-0.521964,0.362232,-1.2616
3.00324,-0.529924,0.349569,-1.271
2.9979,-0.537825,0.336812,-1.2804
2.99249,-0.545666,0.323961,-1.2898
2.98699,-0.553445,0.311016,-1.2992
2.98142,-0.561162,0.297977,-1.3086
2.97577,-0.568815,0.284844,-1.318
2.97004,-0.576402,0.271617,-1.3274
2.96424,-0.583924,0.258296,-1.3368
2.95836,-0.591379,0.244881,-1.3462
2.95241,-0.598765,0.231372,-1.3556
2.94639,-0.606082,0.217769,-1.365
2.94029,-0.613328,0.204072,-1.3744
2.93412,-0.620503,0.190281,-1.3838
2.92788,-0.627605,0.176396,-1.3932
2.92157,-0.634633,0.162417,-1.4026
2.91519,-0.641586,0.148344,-1.412
2.90874,-0.648463,0.134177,-1.4214
2.90222,-0.655263,0.119916,-1.4308
2.89563,-0.661985,0.105561,-1.4402
2.88898,-0.668627,0.091112,-1.4496
2.88226,-0.675189,0.076569,-1.459
2.87548,-0.68167,0.061932,-1.4684
2.86863,-0.688068,0.047201,-1.4778
2.86863,-0.688068,0.047201,-1.4778
2.86178,-0.68226,0.032439,-1.4746
2.85498,-0.676393,0.017709,-1.4714
2.84825,-0.670467,0.003011,-1.4682
2.84157,-0.664484,-0.011655,-1.465
2.83496,-0.658443,-0.026289,-1.4618
2.82841,-0.652345,-0.040891,-1.4586
2.82191,-0.646193,-0.055461,-1.4554
2.81548,-0.639985,-0.069999,-1.4522
2.80911,-0.633723,-0.084505,-1.449
2.80281,-0.627408,-0.098979,-1.4458
2.79657,-0.62104,-0.113421,-1.4426
2.79039,-0.614621,-0.127831,-1.4394
2.78427,-0.60815,-0.142209,-1.4362
2.77822,-0.60163,-0.156555,-1.433
2.77224,-0.59506,-0.170869,-1.4298
2.76632,-0.588442,-0.185151,-1.4266
2.76047,-0.581775,-0.199401,-1.4234
2.75469,-0.575062,-0.213619,-1.4202
2.74897,-0.568302,-0.227805,-1.417
2.74332,-0.561497,-0.241959,-1.4138
2.73774,-0.554647,-0.256081,-1.4106
2.73223,-0.547753,-0.270171,-1.4074
2.72679,-0.540815,-0.284229,-1.4042
2.72141,-0.533835,-0.298255,-1.401
2.71611,-0.526814,-0.312249,-1.3978
2.71088,-0.519751,-0.326211,-1.3946
2.70571,-0.512648,-0.340141,-1.3914
2.70062,-0.505506,-0.354039,-1.3882
2.6956,-0.498324,-0.367905,-1.385
2.69066,-0.491105,-0.381739,-1.3818
2.68578,-0.483848,-0.395541,-1.3786
2.68098,-0.476555,-0.409311,-1.3754
2.67625,-0.469225,-0.423049,-1.3722
2.6716,-0.461861,-0.436755,-1.369
2.66701,-0.454462,-0.450429,-1.3658
2.66251,-0.447029,-0.464071,-1.3626
2.65807,-0.439563,-0.477681,-1.3594
2.65372,-0.432065,-0.491259,-1.3562
2.64943,-0.424535,-0.504805,-1.353
2.64523,-0.416974,-0.518319,-1.3498
2.64109,-0.409383,-0.531801,-1.3466
2.63704,-0.401762,-0.545251,-1.3434
2.63306,-0.394113,-0.558669,-1.3402
2.62916,-0.386434,-0.572055,-1.337
2.62533,-0.378729,-0.585409,-1.3338
2.62158,-0.370996,-0.598731,-1.3306
2.61791,-0.363237,-0.612021,-1.3274
2.61432,-0.355453,-0.625279,-1.3242
2.6108,-0.347643,-0.638505,-1.321
2.60736,-0.339809,-0.651699,-1.3178
2.60401,-0.331951,-0.664861,-1.3146
2.60072,-0.324071,-0.677991,-1.3114
2.59752,-0.316168,-0.691089,-1.3082
2.5944,-0.308243,-0.704155,-1.305
2.59136,-0.300296,-0.717189,-1.3018
2.5884,-0.29233,-0.730191,-1.2986
2.58551,-0.284343,-0.743161,-1.2954
2.58271,-0.276337,-0.756099,-1.2922
2.57999,-0.268312,-0.769005,-1.289
2.57734,-0.260269,-0.781879,-1.2858
2.57478,-0.252209,-0.794721,-1.2826
2.5723,-0.244131,-0.807531,-1.2794
2.5699,-0.236038,-0.820309,-1.2762
2.56758,-0.227928,-0.833055,-1.273
2.56534,-0.219803,-0.845769,-1.2698
2.56318,-0.211664,-0.858451,-1.2666
2.56111,-0.203511,-0.871101,-1.2634
2.55911,-0.195344,-0.883719,-1.2602
2.5572,-0.187164,-0.896305,-1.257
2.55537,-0.178972,-0.908859,-1.2538
2.55362,-0.170769,-0.921381,-1.2506
2.55195,-0.162554,-0.933871,-1.2474
2.55037,-0.154328,-0.946329,-1.2442
2.54887,-0.146093,-0.958755,-1.241
2.54745,-0.137848,-0.971149,-1.2378
2.54611,-0.129594,-0.983511,-1.2346
2.54486,-0.121331,-0.995841,-1.2314
2.54368,-0.113061,-1.00814,-1.2282
2.54259,-0.104784,-1.0204,-1.225
2.54159,-0.0964993,-1.03264,-1.2218
2.54066,-0.0882087,-1.04484,-1.2186
2.53982,-0.0799125,-1.05701,-1.2154
2.53907,-0.0716111,-1.06915,-1.2122
2.53839,-0.0633051,-1.08125,-1.209
2.5378,-0.0549951,-1.09333,-1.2058
2.53729,-0.0466815,-1.10537,-1.2026
2.53687,-0.038365,-1.11738,-1.1994
2.53652,-0.030046,-1.12936,-1.1962
2.53627,-0.021725,-1.1413,-1.193
2.53609,-0.0134027,-1.15322,-1.1898
2.53609,-0.0134027,-1.15322,-1.1898
2.53602,0.000346894,-1.16507,-1.18
2.5361,0.0140965,-1.17682,-1.1702
2.53631,0.0278457,-1.18847,-1.1604
2.53665,0.0415942,-1.20003,-1.1506
2.53714,0.0553415,-1.21148,-1.1408
2.53776,0.0690874,-1.22284,-1.131
2.53852,0.0828315,-1.2341,-1.1212
2.53942,0.0965733,-1.24527,-1.1114
2.54045,0.110313,-1.25633,-1.1016
2.54162,0.124049,-1.2673,-1.0918
2.54293,0.137782,-1.27817,-1.082
2.54438,0.151511,-1.28894,-1.0722
2.54596,0.165236,-1.29961,-1.0624
2.54768,0.178956,-1.31019,-1.0526
2.54954,0.192671,-1.32066,-1.0428
2.55154,0.206381,-1.33104,-1.033
2.55367,0.220085,-1.34132,-1.0232
2.55594,0.233783,-1.35151,-1.0134
2.55834,0.247474,-1.36159,-1.0036
2.56089,0.261157,-1.37158,-0.9938
2.56357,0.274833,-1.38147,-0.984
2.56638,0.2885,-1.39126,-0.9742
2.56934,0.302159,-1.40095,-0.9644
2.57243,0.315808,-1.41055,-0.9546
2.57565,0.329447,-1.42004,-0.9448
2.57902,0.343076,-1.42944,-0.935
2.58252,0.356694,-1.43874,-0.9252
2.58615,0.3703,-1.44795,-0.9154
2.58992,0.383893,-1.45705,-0.9056
2.59383,0.397474,-1.46606,-0.8958
2.59787,0.411041,-1.47497,-0.886
2.60205,0.424594,-1.48378,-0.8762
2.60636,0.438131,-1.49249,-0.8664
2.61081,0.451653,-1.50111,-0.8566
2.6154,0.465159,-1.50962,-0.8468
2.62011,0.478647,-1.51804,-0.837
2.62497,0.492116,-1.52636,-0.8272
2.62996,0.505567,-1.53459,-0.8174
2.63508,0.518998,-1.54271,-0.8076
2.64034,0.532409,-1.55074,-0.7978
2.64573,0.545797,-1.55867,-0.788
2.65125,0.559163,-1.5665,-0.7782
2.65691,0.572506,-1.57423,-0.7684
2.6627,0.585824,-1.58187,-0.7586
2.66863,0.599117,-1.5894,-0.7488
2.67468,0.612383,-1.59684,-0.739
2.68087,0.625621,-1.60418,-0.7292
2.6872,0.638831,-1.61143,-0.7194
2.69365,0.65201,-1.61857,-0.7096
2.70024,0.665159,-1.62562,-0.6998
2.70695,0.678275,-1.63257,-0.69
2.7138,0.691358,-1.63942,-0.6802
2.72078,0.704405,-1.64617,-0.6704
2.72789,0.717417,-1.65283,-0.6606
2.73513,0.730392,-1.65938,-0.6508
2.7425,0.743327,-1.66584,-0.641
2.75,0.756222,-1.6722,-0.6312
2.75762,0.769076,-1.67847,-0.6214
2.76538,0.781887,-1.68463,-0.6116
2.77326,0.794653,-1.6907,-0.6018
2.78127,0.807373,-1.69667,-0.592
2.78941,0.820045,-1.70254,-0.5822
2.79767,0.832668,-1.70831,-0.5724
2.80606,0.845241,-1.71399,-0.5626
2.81458,0.85776,-1.71956,-0.5528
2.82322,0.870226,-1.72504,-0.543
2.83198,0.882635,-1.73042,-0.5332
2.84087,0.894987,-1.73571,-0.5234
2.84988,0.907279,-1.74089,-0.5136
2.85901,0.91951,-1.74598,-0.5038
2.86827,0.931678,-1.75097,-0.494
2.87765,0.943781,-1.75586,-0.4842
2.88715,0.955816,-1.76065,-0.4744
2.89676,0.967783,-1.76535,-0.4646
2.9065,0.979679,-1.76994,-0.4548
2.91636,0.991502,-1.77444,-0.445
2.92633,1.00325,-1.77884,-0.4352
2.93642,1.01492,-1.78315,-0.4254
2.94663,1.02651,-1.78735,-0.4156
2.95695,1.03802,-1.79146,-0.4058
2.96739,1.04945,-1.79547,-0.396
2.97794,1.06079,-1.79938,-0.3862
2.9886,1.07205,-1.80319,-0.3764
2.99938,1.08321,-1.80691,-0.3666
3.01027,1.09428,-1.81052,-0.3568
3.02127,1.10526,-1.81404,-0.347
3.03237,1.11614,-1.81746,-0.3372
3.04359,1.12692,-1.82079,-0.3274
3.05491,1.1376,-1.82401,-0.3176
3.06634,1.14818,-1.82714,-0.3078
3.07787,1.15865,-1.83017,-0.298
3.08951,1.16901,-1.8331,-0.2882
3.10125,1.17926,-1.83593,-0.2784
3.1131,1.1894,-1.83867,-0.2686
3.12504,1.19943,-1.8413,-0.2588
3.13709,1.20933,-1.84384,-0.249
3.14923,1.21911,-1.84628,-0.2392
3.16147,1.22878,-1.84863,-0.2294
3.1738,1.23831,-1.85087,-0.2196
3.18623,1.24772,-1.85302,-0.2098
3.19876,1.257,-1.85507,-0.2
3.21137,1.26615,-1.85702,-0.1902
3.22408,1.27516,-1.85887,-0.1804
3.23688,1.28403,-1.86063,-0.1706
3.24976,1.29276,-1.86228,-0.1608
3.26273,1.30136,-1.86384,-0.151
3.27579,1.3098,-1.8653,-0.1412
3.28893,1.3181,-1.86667,-0.1314
3.30215,1.32625,-1.86793,-0.1216
3.31545,1.33425,-1.8691,-0.1118
3.32883,1.3421,-1.87017,-0.102
3.34229,1.34979,-1.87114,-0.0922
3.35583,1.35732,-1.87201,-0.0824
3.36944,1.36469,-1.87279,-0.0726
3.38312,1.37189,-1.87346,-0.0628
3.39688,1.37893,-1.87404,-0.053
3.4107,1.38581,-1.87452,-0.0432
3.42459,1.39251,-1.87491,-0.0334
3.43855,1.39904,-1.87519,-0.0236
3.45257,1.4054,-1.87538,-0.0138
3.46666,1.41158,-1.87547,-0.004
3.4808,1.41758,-1.87546,0.0058
3.49501,1.42341,-1.87535,0.0156
3.50927,1.42905,-1.87515,0.0254
3.52359,1.43451,-1.87484,0.0352
3.53796,1.43978,-1.87444,0.045
3.55238,1.44487,-1.87394,0.0548
3.56686,1.44976,-1.87335,0.0646
3.58138,1.45447,-1.87265,0.0744
3.59594,1.45898,-1.87186,0.0842
3.61056,1.4633,-1.87097,0.094
3.62521,1.46743,-1.86998,0.1038
3.6399,1.47135,-1.86889,0.1136
3.65464,1.47508,-1.86771,0.1234
3.6694,1.47861,-1.86642,0.1332
3.68421,1.48194,-1.86504,0.143
3.69904,1.48507,-1.86356,0.1528
3.71391,1.48799,-1.86199,0.1626
3.7288,1.49072,-1.86031,0.1724
3.74372,1.49323,-1.85854,0.1822
3.75867,1.49554,-1.85667,0.192
3.77363,1.49764,-1.8547,0.2018
3.78862,1.49954,-1.85263,0.2116
3.80362,1.50122,-1.85047,0.2214
3.81864,1.5027,-1.8482,0.2312
3.83368,1.50397,-1.84584,0.241
3.84872,1.50503,-1.84338,0.2508
3.86378,1.50588,-1.84083,0.2606
3.87884,1.50652,-1.83817,0.2704
3.89391,1.50694,-1.83542,0.2802
3.90898,1.50716,-1.83257,0.29
3.92405,1.50717,-1.82962,0.2998
3.93912,1.50696,-1.82657,0.3096
3.95419,1.50654,-1.82343,0.3194
3.96925,1.50592,-1.82018,0.3292
3.9843,1.50508,-1.81684,0.339
3.99935,1.50403,-1.8134,0.3488
4.01438,1.50277,-1.80987,0.3586
4.0294,1.5013,-1.80623,0.3684
4.04441,1.49963,-1.8025,0.3782
4.0594,1.49774,-1.79867,0.388
4.07436,1.49565,-1.79474,0.3978
4.08931,1.49335,-1.79071,0.4076
4.10423,1.49085,-1.78659,0.4174
4.11912,1.48814,-1.78236,0.4272
4.13399,1.48522,-1.77804,0.437
4.14883,1.4821,-1.77362,0.4468
4.16363,1.47879,-1.76911,0.4566
4.1784,1.47527,-1.76449,0.4664
4.19314,1.47155,-1.75978,0.4762
4.19314,1.47155,-1.75978,0.4762
4.20781,1.46253,-1.75502,0.4756
4.22239,1.45346,-1.75027,0.475
4.23688,1.44432,-1.74552,0.4744
4.25127,1.43513,-1.74078,0.4738
4.26558,1.42588,-1.73604,0.4732
4.27979,1.41657,-1.73131,0.4726
4.29391,1.40722,-1.72659,0.472
4.30794,1.39781,-1.72187,0.4714
4.32187,1.38836,-1.71716,0.4708
4.3357,1.37886,-1.71246,0.4702
4.34944,1.36932,-1.70776,0.4696
4.36309,1.35974,-1.70307,0.469
4.37664,1.35012,-1.69838,0.4684
4.39009,1.34046,-1.6937,0.4678
4.40345,1.33077,-1.68902,0.4672
4.41671,1.32105,-1.68435,0.4666
4.42987,1.31129,-1.67969,0.466
4.44293,1.3015,-1.67503,0.4654
4.4559,1.29169,-1.67038,0.4648
4.46877,1.28186,-1.66574,0.4642
4.48154,1.27199,-1.6611,0.4636
4.49421,1.26211,-1.65647,0.463
4.50678,1.25221,-1.65184,0.4624
4.51925,1.24229,-1.64722,0.4618
4.53162,1.23235,-1.6426,0.4612
4.5439,1.2224,-1.63799,0.4606
4.55607,1.21243,-1.63339,0.46
4.56815,1.20246,-1.62879,0.4594
4.58012,1.19247,-1.6242,0.4588
4.592,1.18247,-1.61962,0.4582
4.60377,1.17247,-1.61504,0.4576
4.61544,1.16246,-1.61047,0.457
4.62702,1.15245,-1.6059,0.4564
4.63849,1.14243,-1.60134,0.4558
4.64987,1.13242,-1.59678,0.4552
4.66114,1.1224,-1.59223,0.4546
4.67232,1.11238,-1.58769,0.454
4.68339,1.10237,-1.58315,0.4534
4.69436,1.09235,-1.57862,0.4528
4.70524,1.08235,-1.5741,0.4522
4.71601,1.07235,-1.56958,0.4516
4.72668,1.06235,-1.56507,0.451
4.73726,1.05237,-1.56056,0.4504
4.74773,1.04239,-1.55606,0.4498
4.75811,1.03242,-1.55156,0.4492
4.76838,1.02247,-1.54707,0.4486
4.77855,1.01252,-1.54259,0.448
4.78863,1.00259,-1.53811,0.4474
4.79861,0.99267,-1.53364,0.4468
4.80848,0.982767,-1.52918,0.4462
4.81826,0.972878,-1.52472,0.4456
4.82794,0.963006,-1.52027,0.445
4.83752,0.95315,-1.51582,0.4444
4.847,0.943312,-1.51138,0.4438
4.85639,0.933492,-1.50694,0.4432
4.86567,0.923691,-1.50251,0.4426
4.87486,0.91391,-1.49809,0.442
4.88395,0.904149,-1.49367,0.4414
4.89295,0.894409,-1.48926,0.4408
4.90184,0.88469,-1.48486,0.4402
4.91064,0.874993,-1.48046,0.4396
4.91934,0.865318,-1.47607,0.439
4.92795,0.855666,-1.47168,0.4384
4.93645,0.846038,-1.4673,0.4378
4.94487,0.836433,-1.46292,0.4372
4.95318,0.826852,-1.45855,0.4366
4.9614,0.817296,-1.45419,0.436
4.96953,0.807765,-1.44983,0.4354
4.97756,0.798259,-1.44548,0.4348
4.98549,0.788779,-1.44114,0.4342
4.99333,0.779324,-1.4368,0.4336
5.00108,0.769896,-1.43247,0.433
5.00873,0.760494,-1.42814,0.4324
5.01629,0.751118,-1.42382,0.4318
5.02375,0.741769,-1.4195,0.4312
5.03113,0.732447,-1.41519,0.4306
5.0384,0.723153,-1.41089,0.43
5.04559,0.713885,-1.40659,0.4294
5.05268,0.704645,-1.4023,0.4288
5.05968,0.695433,-1.39802,0.4282
5.06659,0.686248,-1.39374,0.4276
5.07341,0.67709,-1.38947,0.427
5.08013,0.667961,-1.3852,0.4264
5.08677,0.658859,-1.38094,0.4258
5.09331,0.649785,-1.37668,0.4252
5.09976,0.640739,-1.37243,0.4246
5.10612,0.63172,-1.36819,0.424
5.1124,0.622729,-1.36395,0.4234
5.11858,0.613766,-1.35972,0.4228
5.12467,0.604831,-1.3555,0.4222
5.13068,0.595923,-1.35128,0.4216
5.13659,0.587043,-1.34707,0.421
5.14242,0.57819,-1.34286,0.4204
5.14815,0.569364,-1.33866,0.4198
5.1538,0.560565,-1.33446,0.4192
5.15937,0.551793,-1.33027,0.4186
5.16484,0.543049,-1.32609,0.418
5.17023,0.53433,-1.32191,0.4174
5.17553,0.525639,-1.31774,0.4168
5.18074,0.516973,-1.31358,0.4162
5.18587,0.508334,-1.30942,0.4156
5.19091,0.499721,-1.30527,0.415
5.19586,0.491133,-1.30112,0.4144
5.20073,0.482571,-1.29698,0.4138
5.20551,0.474034,-1.29284,0.4132
5.21021,0.465521,-1.28871,0.4126
5.21482,0.457034,-1.28459,0.412
5.21935,0.448571,-1.28047,0.4114
5.22379,0.440132,-1.27636,0.4108
5.22815,0.431717,-1.27226,0.4102
5.22815,0.431717,-1.27226,0.4102
5.23241,0.418771,-1.26811,0.4188
5.23653,0.405814,-1.26388,0.4274
5.24052,0.392848,-1.25957,0.436
5.24439,0.379872,-1.25516,0.4446
5.24812,0.366887,-1.25067,0.4532
5.25172,0.353894,-1.2461,0.4618
5.2552,0.340893,-1.24144,0.4704
5.25854,0.327885,-1.23669,0.479
5.26176,0.314869,-1.23186,0.4876
5.26484,0.301847,-1.22694,0.4962
5.26779,0.288818,-1.22193,0.5048
5.27062,0.275784,-1.21684,0.5134
5.27331,0.262744,-1.21167,0.522
5.27587,0.249699,-1.2064,0.5306
5.2783,0.236649,-1.20105,0.5392
5.2806,0.223595,-1.19562,0.5478
5.28277,0.210536,-1.1901,0.5564
5.28481,0.197474,-1.18449,0.565
5.28672,0.184407,-1.1788,0.5736
5.2885,0.171338,-1.17302,0.5822
5.29015,0.158266,-1.16715,0.5908
5.29167,0.145191,-1.1612,0.5994
5.29305,0.132113,-1.15517,0.608
5.29431,0.119033,-1.14904,0.6166
5.29543,0.105951,-1.14283,0.6252
5.29643,0.0928678,-1.13654,0.6338
5.29729,0.0797826,-1.13016,0.6424
5.29802,0.0666961,-1.12369,0.651
5.29863,0.0536085,-1.11714,0.6596
5.2991,0.0405201,-1.1105,0.6682
5.29944,0.0274309,-1.10377,0.6768
5.29964,0.0143414,-1.09696,0.6854
5.29972,0.00125156,-1.09007,0.694
5.29967,-0.0118383,-1.08308,0.7026
5.29949,-0.0249279,-1.07601,0.7112
5.29917,-0.0380171,-1.06886,0.7198
5.29873,-0.0511057,-1.06162,0.7284
5.29815,-0.0641935,-1.05429,0.737
5.29744,-0.0772802,-1.04688,0.7456
5.2966,-0.0903657,-1.03938,0.7542
5.29563,-0.10345,-1.03179,0.7628
5.29453,-0.116532,-1.02412,0.7714
5.2933,-0.129612,-1.01637,0.78
5.29194,-0.14269,-1.00852,0.7886
5.29045,-0.155766,-1.00059,0.7972
5.28883,-0.168839,-0.992579,0.8058
5.28707,-0.181909,-0.984478,0.8144
5.28519,-0.194975,-0.976291,0.823
5.28317,-0.208038,-0.968018,0.8316
5.28103,-0.221098,-0.959659,0.8402
5.27875,-0.234153,-0.951214,0.8488
5.27635,-0.247204,-0.942683,0.8574
5.27381,-0.26025,-0.934066,0.866
5.27114,-0.273291,-0.925363,0.8746
5.26834,-0.286326,-0.916574,0.8832
5.26541,-0.299356,-0.907699,0.8918
5.26236,-0.312379,-0.898738,0.9004
5.25917,-0.325396,-0.889691,0.909
5.25585,-0.338406,-0.880558,0.9176
5.2524,-0.351409,-0.871339,0.9262
5.24882,-0.364403,-0.862034,0.9348
5.24511,-0.37739,-0.852643,0.9434
5.24127,-0.390367,-0.843166,0.952
5.2373,-0.403336,-0.833603,0.9606
5.2332,-0.416294,-0.823954,0.9692
5.22898,-0.429242,-0.814219,0.9778
5.22462,-0.442179,-0.804398,0.9864
5.22013,-0.455105,-0.794491,0.995
5.21552,-0.468019,-0.784498,1.0036
5.21077,-0.48092,-0.774419,1.0122
5.21077,-0.48092,-0.774419,1.0122
5.20594,-0.486098,-0.764335,1.0046
5.20105,-0.491332,-0.754327,0.997
5.19611,-0.496622,-0.744395,0.9894
5.19112,-0.501968,-0.734539,0.9818
5.18607,-0.507372,-0.724759,0.9742
5.18097,-0.512833,-0.715055,0.9666
5.17581,-0.518352,-0.705427,0.959
5.1706,-0.523929,-0.695875,0.9514
5.16534,-0.529565,-0.686399,0.9438
5.16001,-0.53526,-0.676999,0.9362
5.15463,-0.541016,-0.667675,0.9286
5.14919,-0.546831,-0.658427,0.921
5.14369,-0.552708,-0.649255,0.9134
5.13814,-0.558646,-0.640159,0.9058
5.13252,-0.564645,-0.631139,0.8982
5.12684,-0.570707,-0.622195,0.8906
5.12111,-0.576831,-0.613327,0.883
5.11531,-0.583018,-0.604535,0.8754
5.10945,-0.58927,-0.595819,0.8678
5.10352,-0.595585,-0.587179,0.8602
5.09753,-0.601964,-0.578615,0.8526
5.09148,-0.608409,-0.570127,0.845
5.08537,-0.614919,-0.561715,0.8374
5.07918,-0.621496,-0.553379,0.8298
5.07294,-0.628138,-0.545119,0.8222
5.06662,-0.634847,-0.536935,0.8146
5.06024,-0.641624,-0.528827,0.807
5.05379,-0.648468,-0.520795,0.7994
5.04727,-0.655381,-0.512839,0.7918
5.04068,-0.662362,-0.504959,0.7842
5.03402,-0.669412,-0.497155,0.7766
5.02729,-0.676532,-0.489427,0.769
5.02049,-0.683721,-0.481775,0.7614
5.01362,-0.690981,-0.474199,0.7538
5.00667,-0.698311,-0.466699,0.7462
4.99965,-0.705712,-0.459275,0.7386
4.99256,-0.713185,-0.451927,0.731
4.98539,-0.720729,-0.444655,0.7234
4.97814,-0.728346,-0.437459,0.7158
4.97082,-0.736035,-0.430339,0.7082
4.96342,-0.743798,-0.423295,0.7006
4.95594,-0.751633,-0.416327,0.693
4.94839,-0.759542,-0.409435,0.6854
4.94075,-0.767525,-0.402619,0.6778
4.93304,-0.775582,-0.395879,0.6702
4.92524,-0.783713,-0.389215,0.6626
4.91736,-0.79192,-0.382627,0.655
4.9094,-0.800201,-0.376115,0.6474
4.90136,-0.808557,-0.369679,0.6398
4.89323,-0.81699,-0.363319,0.6322
4.88502,-0.825498,-0.357035,0.6246
4.87672,-0.834081,-0.350827,0.617
4.86834,-0.842742,-0.344695,0.6094
4.85986,-0.851478,-0.338639,0.6018
4.85131,-0.860291,-0.332659,0.5942
4.84266,-0.869181,-0.326755,0.5866
4.83392,-0.878147,-0.320927,0.579
4.8251,-0.88719,-0.315175,0.5714
4.81618,-0.896311,-0.309499,0.5638
4.80717,-0.905508,-0.303899,0.5562
4.79807,-0.914782,-0.298375,0.5486
4.78887,-0.924134,-0.292927,0.541
4.77958,-0.933563,-0.287555,0.5334
4.7702,-0.943068,-0.282259,0.5258
4.76072,-0.952651,-0.277039,0.5182
4.75115,-0.96231,-0.271895,0.5106
4.74148,-0.972047,-0.266827,0.503
4.73171,-0.98186,-0.261835,0.4954
4.72184,-0.991749,-0.256919,0.4878
4.71187,-1.00172,-0.252079,0.4802
4.7018,-1.01176,-0.247315,0.4726
4.69164,-1.02187,-0.242627,0.465
4.68137,-1.03207,-0.238015,0.4574
4.67099,-1.04234,-0.233479,0.4498
4.66052,-1.05268,-0.229019,0.4422
4.64994,-1.0631,-0.224635,0.4346
4.63926,-1.07359,-0.220327,0.427
4.62847,-1.08415,-0.216095,0.4194
4.61757,-1.09479,-0.211939,0.4118
4.60657,-1.1055,-0.207859,0.4042
4.59546,-1.11629,-0.203855,0.3966
4.58425,-1.12714,-0.199927,0.389
4.57292,-1.13806,-0.196075,0.3814
4.56149,-1.14906,-0.192299,0.3738
4.54994,-1.16012,-0.188599,0.3662
4.53828,-1.17125,-0.184975,0.3586
4.52651,-1.18245,-0.181427,0.351
4.51463,-1.19372,-0.177955,0.3434
4.50264,-1.20505,-0.174559,0.3358
4.49053,-1.21644,-0.171239,0.3282
4.47831,-1.2279,-0.167995,0.3206
4.46597,-1.23942,-0.164827,0.313
4.45352,-1.25101,-0.161735,0.3054
4.44095,-1.26265,-0.158719,0.2978
4.42827,-1.27435,-0.155779,0.2902
4.41547,-1.28611,-0.152915,0.2826
4.40255,-1.29792,-0.150127,0.275
4.38951,-1.30979,-0.147415,0.2674
4.37635,-1.32171,-0.144779,0.2598
4.36307,-1.33368,-0.142219,0.2522
4.34968,-1.3457,-0.139735,0.2446
4.33616,-1.35777,-0.137327,0.237
4.32252,-1.36989,-0.134995,0.2294
4.30876,-1.38205,-0.132739,0.2218
4.29488,-1.39425,-0.130559,0.2142
4.28088,-1.40649,-0.128455,0.2066
4.26675,-1.41877,-0.126427,0.199
4.2525,-1.43109,-0.124475,0.1914
4.23813,-1.44344,-0.122599,0.1838
4.22363,-1.45582,-0.120799,0.1762
4.20901,-1.46824,-0.119075,0.1686
4.19427,-1.48067,-0.117427,0.161
4.1794,-1.49314,-0.115855,0.1534
4.1644,-1.50562,-0.114359,0.1458
4.14929,-1.51813,-0.112939,0.1382
4.13404,-1.53065,-0.111595,0.1306
4.11867,-1.54318,-0.110327,0.123
4.10318,-1.55573,-0.109135,0.1154
4.08756,-1.56828,-0.108019,0.1078
4.07181,-1.58084,-0.106979,0.1002
4.05594,-1.5934,-0.106015,0.0926
4.03994,-1.60596,-0.105127,0.085
4.02382,-1.61851,-0.104315,0.0774
4.00757,-1.63106,-0.103579,0.0698
3.9912,-1.64359,-0.102919,0.0622
3.9747,-1.65611,-0.102335,0.0546
3.95808,-1.66862,-0.101827,0.047
3.94133,-1.6811,-0.101395,0.0394
3.92446,-1.69355,-0.101039,0.0318
3.90746,-1.70598,-0.100759,0.0242
3.89034,-1.71837,-0.100555,0.0166
3.87309,-1.73072,-0.100427,0.009
3.85572,-1.74304,-0.100375,0.0014
3.83823,-1.75531,-0.100399,-0.0062
3.82062,-1.76753,-0.100499,-0.0138
3.80288,-1.7797,-0.100675,-0.0214
3.78502,-1.79181,-0.100927,-0.029
3.76704,-1.80385,-0.101255,-0.0366
3.74895,-1.81584,-0.101659,-0.0442
3.73073,-1.82775,-0.102139,-0.0518
3.71239,-1.83959,-0.102695,-0.0594
3.69394,-1.85134,-0.103327,-0.067
3.67536,-1.86302,-0.104035,-0.0746
3.65668,-1.8746,-0.104819,-0.0822
3.63787,-1.8861,-0.105679,-0.0898
3.61896,-1.89749,-0.106615,-0.0974
3.59992,-1.90878,-0.107627,-0.105
3.58078,-1.91997,-0.108715,-0.1126
3.56152,-1.93104,-0.109879,-0.1202
3.54216,-1.942,-0.111119,-0.1278
3.52268,-1.95284,-0.112435,-0.1354
3.5031,-1.96355,-0.113827,-0.143
3.48341,-1.97413,-0.115295,-0.1506
3.46362,-1.98457,-0.116839,-0.1582
3.44372,-1.99487,-0.118459,-0.1658
3.42372,-2.00503,-0.120155,-0.1734
3.40362,-2.01504,-0.121927,-0.181
3.38342,-2.02489,-0.123775,-0.1886
3.36313,-2.03459,-0.125699,-0.1962
3.34273,-2.04411,-0.127699,-0.2038
3.32224,-2.05347,-0.129775,-0.2114
3.30166,-2.06266,-0.131927,-0.219
3.28099,-2.07167,-0.134155,-0.2266
3.26023,-2.08049,-0.136459,-0.2342
3.23938,-2.08912,-0.138839,-0.2418
3.21845,-2.09757,-0.141295,-0.2494
3.19743,-2.10581,-0.143827,-0.257
3.17633,-2.11386,-0.146435,-0.2646
3.15516,-2.1217,-0.149119,-0.2722
3.1339,-2.12933,-0.151879,-0.2798
3.11257,-2.13674,-0.154715,-0.2874
3.09117,-2.14394,-0.157627,-0.295
3.06969,-2.15091,-0.160615,-0.3026
3.04815,-2.15766,-0.163679,-0.3102
3.02654,-2.16418,-0.166819,-0.3178
3.00487,-2.17046,-0.170035,-0.3254
2.98313,-2.17651,-0.173327,-0.333
2.96134,-2.18232,-0.176695,-0.3406
2.93949,-2.18788,-0.180139,-0.3482
2.91758,-2.19319,-0.183659,-0.3558
2.89562,-2.19825,-0.187255,-0.3634
2.87362,-2.20306,-0.190927,-0.371
2.85156,-2.20761,-0.194675,-0.3786
2.82946,-2.21191,-0.198499,-0.3862
2.80732,-2.21594,-0.202399,-0.3938
2.78515,-2.2197,-0.206375,-0.4014
2.76293,-2.2232,-0.210427,-0.409
2.74068,-2.22643,-0.214555,-0.4166
2.7184,-2.22939,-0.218759,-0.4242
2.6961,-2.23208,-0.223039,-0.4318
2.67376,-2.23449,-0.227395,-0.4394
2.65141,-2.23662,-0.231827,-0.447
2.62903,-2.23848,-0.236335,-0.4546
2.60664,-2.24006,-0.240919,-0.4622
2.58423,-2.24136,-0.245579,-0.4698
2.56181,-2.24238,-0.250315,-0.4774
2.53938,-2.24312,-0.255127,-0.485
2.51695,-2.24358,-0.260015,-0.4926
2.49451,-2.24376,-0.264979,-0.5002
2.47208,-2.24365,-0.270019,-0.5078
2.44964,-2.24326,-0.275135,-0.5154
2.42721,-2.24259,-0.280327,-0.523
2.40479,-2.24164,-0.285595,-0.5306
2.38238,-2.24041,-0.290939,-0.5382
2.35998,-2.2389,-0.296359,-0.5458
2.3376,-2.23711,-0.301855,-0.5534
2.31524,-2.23505,-0.307427,-0.561
2.2929,-2.2327,-0.313075,-0.5686
2.27059,-2.23009,-0.318799,-0.5762
2.2483,-2.22719,-0.324599,-0.5838
2.22605,-2.22403,-0.330475,-0.5914
2.20382,-2.2206,-0.336427,-0.599
2.18163,-2.2169,-0.342455,-0.6066
2.15949,-2.21293,-0.348559,-0.6142
2.13738,-2.20871,-0.354739,-0.6218
2.11531,-2.20422,-0.360995,-0.6294
2.09329,-2.19947,-0.367327,-0.637
2.07132,-2.19447,-0.373735,-0.6446
2.0494,-2.18922,-0.380219,-0.6522
2.02754,-2.18372,-0.386779,-0.6598
2.00573,-2.17798,-0.393415,-0.6674
1.98398,-2.17199,-0.400127,-0.675
1.96229,-2.16576,-0.406915,-0.6826
1.94067,-2.1593,-0.413779,-0.6902
1.91911,-2.15261,-0.420719,-0.6978
1.89762,-2.14569,-0.427735,-0.7054
1.87619,-2.13855,-0.434827,-0.713
1.85484,-2.13119,-0.441995,-0.7206
1.83357,-2.12362,-0.449239,-0.7282
1.81237,-2.11583,-0.456559,-0.7358
1.79125,-2.10783,-0.463955,-0.7434
1.77022,-2.09964,-0.471427,-0.751
1.74926,-2.09124,-0.478975,-0.7586
1.72839,-2.08266,-0.486599,-0.7662
1.70761,-2.07388,-0.494299,-0.7738
1.68692,-2.06492,-0.502075,-0.7814
1.66631,-2.05578,-0.509927,-0.789
1.6458,-2.04646,-0.517855,-0.7966
1.62538,-2.03697,-0.525859,-0.8042
1.60506,-2.02732,-0.533939,-0.8118
1.58484,-2.01751,-0.542095,-0.8194
1.56471,-2.00754,-0.550327,-0.827
1.54469,-1.99742,-0.558635,-0.8346
1.52476,-1.98715,-0.567019,-0.8422
1.50495,-1.97674,-0.575479,-0.8498
1.48523,-1.96619,-0.584015,-0.8574
1.46562,-1.95551,-0.592627,-0.865
1.44612,-1.94471,-0.601315,-0.8726
1.42673,-1.93378,-0.610079,-0.8802
1.40745,-1.92274,-0.618919,-0.8878
1.38827,-1.91158,-0.627835,-0.8954
1.38827,-1.91158,-0.627835,-0.8954
1.36921,-1.90138,-0.636799,-0.8974
1.35025,-1.89118,-0.645783,-0.8994
1.33139,-1.88099,-0.654787,-0.9014
1.31263,-1.87081,-0.663811,-0.9034
1.29397,-1.86063,-0.672855,-0.9054
1.27541,-1.85048,-0.681919,-0.9074
1.25696,-1.84034,-0.691003,-0.9094
1.23861,-1.83022,-0.700107,-0.9114
1.22036,-1.82013,-0.709231,-0.9134
1.2022,-1.81006,-0.718375,-0.9154
1.18415,-1.80003,-0.727539,-0.9174
1.18415,-1.80003,-0.727539,-0.9174
1.16621,-1.78818,-0.736747,-0.9242
1.14839,-1.77629,-0.746023,-0.931
1.13069,-1.76436,-0.755367,-0.9378
1.1131,-1.7524,-0.764779,-0.9446
1.09564,-1.74042,-0.774259,-0.9514
1.07829,-1.7284,-0.783807,-0.9582
1.06107,-1.71636,-0.793423,-0.965
1.04397,-1.70431,-0.803107,-0.9718
1.02698,-1.69224,-0.812859,-0.9786
1.01012,-1.68016,-0.822679,-0.9854
0.993382,-1.66807,-0.832567,-0.9922
0.976762,-1.65598,-0.842523,-0.999
0.960262,-1.64388,-0.852547,-1.0058
0.943884,-1.63179,-0.862639,-1.0126
0.927626,-1.61971,-0.872799,-1.0194
0.91149,-1.60764,-0.883027,-1.0262
0.895474,-1.59557,-0.893323,-1.033
0.879578,-1.58352,-0.903687,-1.0398
0.863803,-1.57149,-0.914119,-1.0466
0.848148,-1.55948,-0.924619,-1.0534
0.848148,-1.55948,-0.924619,-1.0534
0.832564,-1.55737,-0.935113,-1.0454
0.817,-1.55546,-0.945527,-1.0374
0.801454,-1.55374,-0.955861,-1.0294
0.785925,-1.55222,-0.966115,-1.0214
0.770409,-1.5509,-0.976289,-1.0134
0.754906,-1.54978,-0.986383,-1.0054
0.739413,-1.54885,-0.996397,-0.9974
0.723928,-1.54812,-1.00633,-0.9894
0.70845,-1.54759,-1.01618,-0.9814
0.692976,-1.54726,-1.02596,-0.9734
0.677504,-1.54712,-1.03565,-0.9654
0.662033,-1.54719,-1.04527,-0.9574
0.64656,-1.54745,-1.0548,-0.9494
0.631083,-1.54791,-1.06425,-0.9414
0.615601,-1.54857,-1.07363,-0.9334
0.600111,-1.54942,-1.08292,-0.9254
0.584612,-1.55048,-1.09214,-0.9174
0.569101,-1.55173,-1.10127,-0.9094
0.553577,-1.55318,-1.11032,-0.9014
0.538037,-1.55482,-1.1193,-0.8934
0.522479,-1.55667,-1.12819,-0.8854
0.506903,-1.55871,-1.13701,-0.8774
0.491305,-1.56095,-1.14574,-0.8694
0.475683,-1.56338,-1.15439,-0.8614
0.460036,-1.56601,-1.16297,-0.8534
0.444362,-1.56884,-1.17146,-0.8454
0.428659,-1.57186,-1.17988,-0.8374
0.412924,-1.57508,-1.18821,-0.8294
0.397157,-1.57849,-1.19646,-0.8214
0.381354,-1.58209,-1.20464,-0.8134
0.365514,-1.58589,-1.21273,-0.8054
0.349635,-1.58989,-1.22075,-0.7974
0.333716,-1.59408,-1.22868,-0.7894
0.317753,-1.59845,-1.23653,-0.7814
0.301746,-1.60303,-1.24431,-0.7734
0.285692,-1.60779,-1.252,-0.7654
0.26959,-1.61274,-1.25962,-0.7574
0.253437,-1.61788,-1.26715,-0.7494
0.237231,-1.62321,-1.2746,-0.7414
0.220972,-1.62873,-1.28198,-0.7334
0.204656,-1.63444,-1.28927,-0.7254
0.188282,-1.64034,-1.29649,-0.7174
0.171849,-1.64642,-1.30362,-0.7094
0.155353,-1.65268,-1.31067,-0.7014
0.138795,-1.65913,-1.31765,-0.6934
0.12217,-1.66576,-1.32454,-0.6854
0.105479,-1.67257,-1.33136,-0.6774
0.0887183,-1.67956,-1.33809,-0.6694
0.0718869,-1.68674,-1.34474,-0.6614
0.054983,-1.69408,-1.35132,-0.6534
0.0380046,-1.70161,-1.35781,-0.6454
0.0209502,-1.70931,-1.36423,-0.6374
0.0038178,-1.71719,-1.37056,-0.6294
-0.0133942,-1.72524,-1.37681,-0.6214
-0.0306875,-1.73345,-1.38299,-0.6134
-0.0480638,-1.74184,-1.38908,-0.6054
-0.0655249,-1.7504,-1.3951,-0.5974
-0.0830723,-1.75912,-1.40103,-0.5894
-0.100708,-1.768,-1.40688,-0.5814
-0.118433,-1.77705,-1.41266,-0.5734
-0.136249,-1.78625,-1.41835,-0.5654
-0.154158,-1.79561,-1.42397,-0.5574
-0.172162,-1.80513,-1.4295,-0.5494
-0.190262,-1.8148,-1.43495,-0.5414
-0.208459,-1.82462,-1.44033,-0.5334
-0.226754,-1.83459,-1.44562,-0.5254
-0.245151,-1.84471,-1.45084,-0.5174
-0.263649,-1.85497,-1.45597,-0.5094
-0.282251,-1.86537,-1.46102,-0.5014
-0.300957,-1.8759,-1.466,-0.4934
-0.319769,-1.88658,-1.47089,-0.4854
-0.338689,-1.89738,-1.47571,-0.4774
-0.357717,-1.90831,-1.48044,-0.4694
-0.376856,-1.91937,-1.48509,-0.4614
-0.396105,-1.93055,-1.48967,-0.4534
-0.415467,-1.94184,-1.49416,-0.4454
-0.434942,-1.95326,-1.49858,-0.4374
-0.454532,-1.96478,-1.50291,-0.4294
-0.474238,-1.97641,-1.50716,-0.4214
-0.494061,-1.98815,-1.51134,-0.4134
-0.514002,-1.99998,-1.51543,-0.4054
-0.534061,-2.01191,-1.51945,-0.3974
-0.55424,-2.02393,-1.52338,-0.3894
-0.57454,-2.03604,-1.52723,-0.3814
-0.594961,-2.04823,-1.53101,-0.3734
-0.615505,-2.0605,-1.5347,-0.3654
-0.636171,-2.07284,-1.53832,-0.3574
-0.656962,-2.08525,-1.54185,-0.3494
-0.677877,-2.09772,-1.5453,-0.3414
-0.698916,-2.11025,-1.54868,-0.3334
-0.698916,-2.11025,-1.54868,-0.3334
-0.720062,-2.11889,-1.552,-0.3306
-0.741295,-2.12765,-1.55529,-0.3278
-0.762616,-2.13653,-1.55855,-0.325
-0.784026,-2.14552,-1.56179,-0.3222
-0.805526,-2.15461,-1.565,-0.3194
-0.827118,-2.16382,-1.56818,-0.3166
-0.848803,-2.17312,-1.57133,-0.3138
-0.870581,-2.18253,-1.57445,-0.311
-0.892454,-2.19202,-1.57755,-0.3082
-0.914422,-2.20161,-1.58062,-0.3054
-0.936486,-2.21128,-1.58366,-0.3026
-0.958648,-2.22104,-1.58667,-0.2998
-0.980907,-2.23087,-1.58965,-0.297
-1.00327,-2.24077,-1.59261,-0.2942
-1.02572,-2.25074,-1.59554,-0.2914
-1.04828,-2.26078,-1.59844,-0.2886
-1.07094,-2.27087,-1.60131,-0.2858
-1.0937,-2.28101,-1.60415,-0.283
-1.11656,-2.2912,-1.60697,-0.2802
-1.13952,-2.30144,-1.60976,-0.2774
-1.16259,-2.31171,-1.61252,-0.2746
-1.18576,-2.32202,-1.61525,-0.2718
-1.20903,-2.33235,-1.61795,-0.269
-1.2324,-2.3427,-1.62063,-0.2662
-1.25588,-2.35307,-1.62328,-0.2634
-1.27947,-2.36345,-1.6259,-0.2606
-1.30315,-2.37384,-1.62849,-0.2578
-1.32694,-2.38422,-1.63105,-0.255
-1.35084,-2.39459,-1.63359,-0.2522
-1.37483,-2.40496,-1.6361,-0.2494
-1.39893,-2.4153,-1.63858,-0.2466
-1.42314,-2.42562,-1.64103,-0.2438
-1.44745,-2.4359,-1.64345,-0.241
-1.47186,-2.44615,-1.64585,-0.2382
-1.49637,-2.45636,-1.64822,-0.2354
-1.52098,-2.46651,-1.65056,-0.2326
-1.5457,-2.47661,-1.65287,-0.2298
-1.57052,-2.48664,-1.65515,-0.227
-1.59543,-2.49661,-1.65741,-0.2242
-1.62045,-2.5065,-1.65964,-0.2214
-1.64556,-2.5163,-1.66184,-0.2186
-1.67077,-2.52602,-1.66401,-0.2158
-1.69608,-2.53564,-1.66615,-0.213
-1.72149,-2.54516,-1.66827,-0.2102
-1.74699,-2.55457,-1.67036,-0.2074
-1.77258,-2.56387,-1.67242,-0.2046
-1.79826,-2.57304,-1.67445,-0.2018
-1.82404,-2.58209,-1.67645,-0.199
-1.8499,-2.591,-1.67843,-0.1962
-1.87586,-2.59977,-1.68038,-0.1934
-1.9019,-2.60839,-1.6823,-0.1906
-1.92802,-2.61686,-1.68419,-0.1878
-1.95424,-2.62517,-1.68605,-0.185
-1.98053,-2.63331,-1.68789,-0.1822
-2.0069,-2.64128,-1.6897,-0.1794
-2.03335,-2.64907,-1.69148,-0.1766
-2.05988,-2.65668,-1.69323,-0.1738
-2.08649,-2.66409,-1.69495,-0.171
-2.11316,-2.67131,-1.69665,-0.1682
-2.13991,-2.67833,-1.69832,-0.1654
-2.16673,-2.68514,-1.69996,-0.1626
-2.19361,-2.69174,-1.70157,-0.1598
-2.22056,-2.69812,-1.70315,-0.157
-2.24758,-2.70427,-1.70471,-0.1542
-2.27465,-2.7102,-1.70624,-0.1514
-2.30178,-2.7159,-1.70774,-0.1486
-2.32896,-2.72135,-1.70921,-0.1458
-2.3562,-2.72657,-1.71065,-0.143
-2.3835,-2.73153,-1.71207,-0.1402
-2.41083,-2.73625,-1.71346,-0.1374
-2.43822,-2.74071,-1.71482,-0.1346
-2.46565,-2.74491,-1.71615,-0.1318
-2.49312,-2.74885,-1.71745,-0.129
-2.52062,-2.75253,-1.71873,-0.1262
-2.54817,-2.75593,-1.71998,-0.1234
-2.57574,-2.75907,-1.7212,-0.1206
-2.60335,-2.76193,-1.72239,-0.1178
-2.63098,-2.76451,-1.72355,-0.115
-2.65864,-2.76682,-1.72469,-0.1122
-2.68631,-2.76884,-1.7258,-0.1094
-2.71401,-2.77058,-1.72688,-0.1066
-2.74173,-2.77204,-1.72793,-0.1038
-2.76945,-2.77321,-1.72895,-0.101
-2.79719,-2.77409,-1.72995,-0.0982
-2.82493,-2.77469,-1.73092,-0.0954
-2.85268,-2.775,-1.73186,-0.0926
-2.88043,-2.77502,-1.73277,-0.0898
-2.90818,-2.77475,-1.73365,-0.087
-2.93593,-2.7742,-1.73451,-0.0842
-2.96366,-2.77335,-1.73534,-0.0814
-2.99139,-2.77223,-1.73614,-0.0786
-3.01911,-2.77081,-1.73691,-0.0758
-3.04681,-2.76911,-1.73765,-0.073
-3.07449,-2.76713,-1.73837,-0.0702
-3.10215,-2.76487,-1.73906,-0.0674
-3.12978,-2.76232,-1.73972,-0.0646
-3.15739,-2.7595,-1.74035,-0.0618
-3.18497,-2.75641,-1.74095,-0.059
-3.21252,-2.75304,-1.74153,-0.0562
-3.24003,-2.74941,-1.74208,-0.0534
-3.26751,-2.7455,-1.7426,-0.0506
-3.29494,-2.74134,-1.74309,-0.0478
-3.32233,-2.73692,-1.74355,-0.045
-3.34968,-2.73224,-1.74399,-0.0422
-3.37698,-2.72731,-1.7444,-0.0394
-3.40423,-2.72213,-1.74478,-0.0366
-3.43142,-2.71671,-1.74513,-0.0338
-3.45856,-2.71105,-1.74545,-0.031
-3.48564,-2.70515,-1.74575,-0.0282
-3.51266,-2.69903,-1.74602,-0.0254
-3.53962,-2.69268,-1.74626,-0.0226
-3.56651,-2.68612,-1.74647,-0.0198
-3.59334,-2.67934,-1.74665,-0.017
-3.6201,-2.67235,-1.74681,-0.0142
-3.64679,-2.66516,-1.74694,-0.0114
-3.6734,-2.65777,-1.74704,-0.0086
-3.69994,-2.65019,-1.74711,-0.0058
-3.72641,-2.64243,-1.74715,-0.003
-3.75279,-2.63449,-1.74717,-0.0002
-3.7791,-2.62637,-1.74716,0.0026
-3.80532,-2.61808,-1.74712,0.0054
-3.83146,-2.60964,-1.74705,0.0082
-3.85751,-2.60104,-1.74695,0.011
-3.88348,-2.59229,-1.74683,0.0138
-3.90936,-2.5834,-1.74668,0.0166
-3.93514,-2.57437,-1.7465,0.0194
-3.96084,-2.56522,-1.74629,0.0222
-3.98645,-2.55594,-1.74605,0.025
-4.01196,-2.54654,-1.74579,0.0278
-4.03738,-2.53704,-1.7455,0.0306
-4.0627,-2.52743,-1.74518,0.0334
-4.08793,-2.51773,-1.74483,0.0362
-4.11306,-2.50794,-1.74445,0.039
-4.13809,-2.49806,-1.74405,0.0418
-4.16302,-2.4881,-1.74362,0.0446
-4.18785,-2.47808,-1.74316,0.0474
-4.21258,-2.46799,-1.74267,0.0502
-4.23721,-2.45784,-1.74215,0.053
-4.26173,-2.44765,-1.74161,0.0558
-4.28616,-2.4374,-1.74104,0.0586
-4.31048,-2.42712,-1.74044,0.0614
-4.3347,-2.41681,-1.73981,0.0642
-4.35882,-2.40647,-1.73915,0.067
-4.38283,-2.39611,-1.73847,0.0698
-4.40674,-2.38573,-1.73776,0.0726
-4.43055,-2.37535,-1.73702,0.0754
-4.45425,-2.36497,-1.73625,0.0782
-4.47785,-2.35459,-1.73545,0.081
-4.50134,-2.34422,-1.73463,0.0838
-4.52473,-2.33386,-1.73378,0.0866
-4.54802,-2.32352,-1.7329,0.0894
-4.5712,-2.31322,-1.73199,0.0922
-4.59428,-2.30294,-1.73105,0.095
-4.61726,-2.2927,-1.73009,0.0978
-4.64014,-2.2825,-1.7291,0.1006
-4.66291,-2.27235,-1.72808,0.1034
-4.68558,-2.26225,-1.72703,0.1062
-4.70815,-2.2522,-1.72595,0.109
-4.73063,-2.24223,-1.72485,0.1118
-4.753,-2.23231,-1.72372,0.1146
-4.77527,-2.22247,-1.72256,0.1174
-4.79745,-2.2127,-1.72137,0.1202
-4.81953,-2.20302,-1.72015,0.123
-4.84151,-2.19342,-1.71891,0.1258
-4.8634,-2.18391,-1.71764,0.1286
-4.88519,-2.17449,-1.71634,0.1314
-4.90689,-2.16517,-1.71501,0.1342
-4.92849,-2.15595,-1.71365,0.137
-4.95001,-2.14684,-1.71227,0.1398
-4.97143,-2.13783,-1.71086,0.1426
-4.99276,-2.12894,-1.70942,0.1454
-5.01401,-2.12017,-1.70795,0.1482
-5.03517,-2.11151,-1.70645,0.151
-5.05624,-2.10298,-1.70493,0.1538
-5.07723,-2.09457,-1.70338,0.1566
-5.09813,-2.08629,-1.7018,0.1594
-5.11895,-2.07815,-1.70019,0.1622
-5.13969,-2.07014,-1.69855,0.165
-5.16036,-2.06227,-1.69689,0.1678
-5.18094,-2.05454,-1.6952,0.1706
-5.20145,-2.04695,-1.69348,0.1734
-5.22188,-2.03951,-1.69173,0.1762
-5.24224,-2.03222,-1.68995,0.179
-5.26252,-2.02509,-1.68815,0.1818
-5.28274,-2.0181,-1.68632,0.1846
-5.30289,-2.01128,-1.68446,0.1874
-5.32297,-2.00461,-1.68257,0.1902
-5.34298,-1.9981,-1.68065,0.193
-5.36293,-1.99176,-1.67871,0.1958
-5.38282,-1.98558,-1.67674,0.1986
-5.40264,-1.97957,-1.67474,0.2014
-5.42241,-1.97372,-1.67271,0.2042
-5.44212,-1.96805,-1.67065,0.207
-5.46177,-1.96255,-1.66857,0.2098
-5.48137,-1.95722,-1.66646,0.2126
-5.50091,-1.95207,-1.66432,0.2154
-5.52041,-1.9471,-1.66215,0.2182
-5.53986,-1.9423,-1.65995,0.221
-5.55926,-1.93769,-1.65773,0.2238
-5.57861,-1.93325,-1.65548,0.2266
-5.59792,-1.929,-1.6532,0.2294
-5.61719,-1.92493,-1.65089,0.2322
-5.63642,-1.92105,-1.64855,0.235
-5.65561,-1.91735,-1.64619,0.2378
-5.67477,-1.91384,-1.6438,0.2406
-5.69389,-1.91051,-1.64138,0.2434
-5.71298,-1.90738,-1.63893,0.2462
-5.73204,-1.90443,-1.63645,0.249
-5.75107,-1.90167,-1.63395,0.2518
-5.77007,-1.89911,-1.63142,0.2546
-5.78905,-1.89673,-1.62886,0.2574
-5.80801,-1.89455,-1.62627,0.2602
-5.82694,-1.89256,-1.62365,0.263
-5.84586,-1.89077,-1.62101,0.2658
-5.86476,-1.88917,-1.61834,0.2686
-5.88364,-1.88776,-1.61564,0.2714
-5.90252,-1.88655,-1.61291,0.2742
-5.92138,-1.88553,-1.61015,0.277
-5.94023,-1.8847,-1.60737,0.2798
-5.95907,-1.88408,-1.60456,0.2826
-5.97791,-1.88364,-1.60172,0.2854
-5.99674,-1.88341,-1.59885,0.2882
-6.01558,-1.88336,-1.59595,0.291
-6.03441,-1.88352,-1.59303,0.2938
-6.05325,-1.88387,-1.59008,0.2966
-6.07209,-1.88441,-1.5871,0.2994
-6.09094,-1.88515,-1.58409,0.3022
-6.10979,-1.88609,-1.58105,0.305
-6.12866,-1.88722,-1.57799,0.3078
-6.14754,-1.88854,-1.5749,0.3106
-6.16643,-1.89006,-1.57178,0.3134
-6.18534,-1.89178,-1.56863,0.3162
-6.20427,-1.89368,-1.56545,0.319
-6.22321,-1.89578,-1.56225,0.3218
-6.24218,-1.89807,-1.55902,0.3246
-6.26118,-1.90056,-1.55576,0.3274
-6.2802,-1.90323,-1.55247,0.3302
-6.29924,-1.9061,-1.54915,0.333
-6.31832,-1.90915,-1.54581,0.3358
-6.33743,-1.9124,-1.54244,0.3386
-6.35657,-1.91583,-1.53904,0.3414
-6.37574,-1.91945,-1.53561,0.3442
-6.39496,-1.92325,-1.53215,0.347
-6.41421,-1.92724,-1.52867,0.3498
-6.4335,-1.93142,-1.52516,0.3526
-6.45284,-1.93577,-1.52162,0.3554
-6.47222,-1.94031,-1.51805,0.3582
-6.49164,-1.94503,-1.51445,0.361
-6.51112,-1.94993,-1.51083,0.3638
-6.53064,-1.955,-1.50718,0.3666
-6.55022,-1.96026,-1.5035,0.3694
-6.56985,-1.96568,-1.49979,0.3722
-6.58953,-1.97128,-1.49605,0.375
-6.60928,-1.97705,-1.49229,0.3778
-6.62908,-1.98299,-1.4885,0.3806
-6.64894,-1.9891,-1.48468,0.3834
-6.66886,-1.99538,-1.48083,0.3862
-6.68884,-2.00181,-1.47695,0.389
-6.70889,-2.00841,-1.47305,0.3918
-6.72901,-2.01517,-1.46912,0.3946
-6.7492,-2.02209,-1.46516,0.3974
-6.76946,-2.02916,-1.46117,0.4002
-6.78978,-2.03639,-1.45715,0.403
-6.81018,-2.04376,-1.45311,0.4058
-6.83066,-2.05128,-1.44904,0.4086
-6.85121,-2.05895,-1.44494,0.4114
-6.87184,-2.06676,-1.44081,0.4142
-6.89255,-2.07471,-1.43665,0.417
-6.91333,-2.0828,-1.43247,0.4198
-6.9342,-2.09102,-1.42826,0.4226
-6.95515,-2.09937,-1.42402,0.4254
-6.97619,-2.10785,-1.41975,0.4282
-6.99731,-2.11646,-1.41545,0.431
-7.01852,-2.12518,-1.41113,0.4338
-7.03982,-2.13403,-1.40678,0.4366
-7.0612,-2.14298,-1.4024,0.4394
-7.08268,-2.15205,-1.39799,0.4422
-7.10424,-2.16123,-1.39355,0.445
-7.1259,-2.1705,-1.38909,0.4478
-7.14765,-2.17988,-1.3846,0.4506
-7.1695,-2.18935,-1.38008,0.4534
-7.19144,-2.19892,-1.37553,0.4562
-7.21348,-2.20856,-1.37095,0.459
-7.23561,-2.2183,-1.36635,0.4618
-7.25784,-2.22811,-1.36172,0.4646
-7.28017,-2.23799,-1.35706,0.4674
-7.3026,-2.24794,-1.35237,0.4702
-7.32513,-2.25796,-1.34765,0.473
-7.34776,-2.26803,-1.34291,0.4758
-7.37049,-2.27816,-1.33814,0.4786
-7.39333,-2.28834,-1.33334,0.4814
-7.39333,-2.28834,-1.33334,0.4814
-7.41626,-2.29804,-1.32852,0.483
-7.43929,-2.30781,-1.32368,0.4846
-7.46241,-2.31764,-1.31882,0.4862
-7.48564,-2.32752,-1.31395,0.4878
-7.50896,-2.33745,-1.30907,0.4894
-7.53239,-2.34742,-1.30417,0.491
-7.55591,-2.35743,-1.29925,0.4926
-7.57954,-2.36747,-1.29431,0.4942
-7.60326,-2.37755,-1.28936,0.4958
-7.62709,-2.38764,-1.2844,0.4974
-7.65102,-2.39775,-1.27942,0.499
-7.67504,-2.40787,-1.27442,0.5006
-7.69917,-2.418,-1.2694,0.5022
-7.7234,-2.42813,-1.26437,0.5038
-7.74774,-2.43825,-1.25933,0.5054
-7.77217,-2.44835,-1.25427,0.507
-7.7967,-2.45844,-1.24919,0.5086
-7.82134,-2.4685,-1.24409,0.5102
-7.84607,-2.47853,-1.23898,0.5118
-7.87091,-2.48852,-1.23386,0.5134
-7.89584,-2.49847,-1.22872,0.515
-7.92088,-2.50837,-1.22356,0.5166
-7.94601,-2.51821,-1.21838,0.5182
-7.97124,-2.52799,-1.21319,0.5198
-7.99657,-2.5377,-1.20799,0.5214
-8.02199,-2.54733,-1.20277,0.523
-8.04752,-2.55688,-1.19753,0.5246
-8.07313,-2.56634,-1.19227,0.5262
-8.09884,-2.5757,-1.187,0.5278
-8.12465,-2.58496,-1.18172,0.5294
-8.15054,-2.59411,-1.17642,0.531
-8.17653,-2.60315,-1.1711,0.5326
-8.2026,-2.61207,-1.16576,0.5342
-8.22877,-2.62085,-1.16041,0.5358
-8.25502,-2.6295,-1.15505,0.5374
-8.28136,-2.63802,-1.14967,0.539
-8.30778,-2.64638,-1.14427,0.5406
-8.33428,-2.65459,-1.13885,0.5422
-8.36087,-2.66263,-1.13342,0.5438
-8.38754,-2.67052,-1.12798,0.5454
-8.41428,-2.67822,-1.12252,0.547
-8.4411,-2.68575,-1.11704,0.5486
-8.468,-2.6931,-1.11154,0.5502
-8.49496,-2.70026,-1.10603,0.5518
-8.522,-2.70722,-1.10051,0.5534
-8.54911,-2.71397,-1.09497,0.555
-8.57628,-2.72052,-1.08941,0.5566
-8.60352,-2.72686,-1.08383,0.5582
-8.63081,-2.73298,-1.07824,0.5598
-8.65817,-2.73888,-1.07264,0.5614
-8.68559,-2.74455,-1.06702,0.563
-8.71306,-2.74999,-1.06138,0.5646
-8.74059,-2.75519,-1.05572,0.5662
-8.76817,-2.76015,-1.05005,0.5678
-8.79579,-2.76486,-1.04437,0.5694
-8.82346,-2.76932,-1.03867,0.571
-8.85118,-2.77353,-1.03295,0.5726
-8.87893,-2.77749,-1.02721,0.5742
-8.90673,-2.78118,-1.02146,0.5758
-8.93456,-2.78461,-1.0157,0.5774
-8.96242,-2.78777,-1.00992,0.579
-8.99031,-2.79067,-1.00412,0.5806
-9.01823,-2.79329,-0.998305,0.5822
-9.04618,-2.79564,-0.992475,0.5838
-9.07414,-2.79771,-0.986629,0.5854
-9.10213,-2.7995,-0.980767,0.587
-9.13013,-2.80101,-0.974889,0.5886
-9.15815,-2.80225,-0.968995,0.5902
-9.18618,-2.8032,-0.963085,0.5918
-9.21421,-2.80386,-0.957159,0.5934
-9.24225,-2.80425,-0.951217,0.595
-9.2703,-2.80435,-0.945259,0.5966
-9.29834,-2.80416,-0.939285,0.5982
-9.32638,-2.80369,-0.933295,0.5998
-9.35441,-2.80294,-0.927289,0.6014
-9.38244,-2.80191,-0.921267,0.603
-9.41045,-2.80059,-0.915229,0.6046
-9.43845,-2.799,-0.909175,0.6062
-9.46643,-2.79712,-0.903105,0.6078
-9.49439,-2.79497,-0.897019,0.6094
-9.52233,-2.79254,-0.890917,0.611
-9.55024,-2.78983,-0.884799,0.6126
-9.57812,-2.78686,-0.878665,0.6142
-9.60597,-2.78362,-0.872515,0.6158
-9.63379,-2.78011,-0.866349,0.6174
-9.66158,-2.77634,-0.860167,0.619
-9.68932,-2.77231,-0.853969,0.6206
-9.71702,-2.76802,-0.847755,0.6222
-9.74468,-2.76348,-0.841525,0.6238
-9.77229,-2.7587,-0.835279,0.6254
-9.77229,-2.7587,-0.835279,0.6254
-9.79988,-2.75965,-0.829049,0.6206
-9.82748,-2.7603,-0.822867,0.6158
-9.85509,-2.76064,-0.816733,0.611
-9.88269,-2.76068,-0.810647,0.6062
-9.9103,-2.76041,-0.804609,0.6014
-9.9379,-2.75984,-0.798619,0.5966
-9.96549,-2.75896,-0.792677,0.5918
-9.99308,-2.75778,-0.786783,0.587
-10.0206,-2.75629,-0.780937,0.5822
-10.0482,-2.7545,-0.775139,0.5774
-10.0757,-2.75241,-0.769389,0.5726
-10.1033,-2.75002,-0.763687,0.5678
-10.1307,-2.74733,-0.758033,0.563
-10.1582,-2.74435,-0.752427,0.5582
-10.1856,-2.74107,-0.746869,0.5534
-10.213,-2.73751,-0.741359,0.5486
-10.2404,-2.73366,-0.735897,0.5438
-10.2677,-2.72953,-0.730483,0.539
-10.295,-2.72512,-0.725117,0.5342
-10.3222,-2.72043,-0.719799,0.5294
-10.3494,-2.71547,-0.714529,0.5246
-10.3765,-2.71024,-0.709307,0.5198
-10.4036,-2.70475,-0.704133,0.515
-10.4306,-2.69901,-0.699007,0.5102
-10.4576,-2.693,-0.693929,0.5054
-10.4845,-2.68675,-0.688899,0.5006
-10.5113,-2.68026,-0.683917,0.4958
-10.5381,-2.67352,-0.678983,0.491
-10.5648,-2.66656,-0.674097,0.4862
-10.5914,-2.65936,-0.669259,0.4814
-10.6179,-2.65195,-0.664469,0.4766
-10.6444,-2.64431,-0.659727,0.4718
-10.6708,-2.63647,-0.655033,0.467
-10.6972,-2.62842,-0.650387,0.4622
-10.7234,-2.62018,-0.645789,0.4574
-10.7496,-2.61174,-0.641239,0.4526
-10.7756,-2.60312,-0.636737,0.4478
-10.8016,-2.59432,-0.632283,0.443
-10.8275,-2.58535,-0.627877,0.4382
-10.8533,-2.57621,-0.623519,0.4334
-10.8533,-2.57621,-0.623519,0.4334
-10.879,-2.56645,-0.619191,0.4322
-10.9047,-2.55663,-0.614875,0.431
-10.9302,-2.54675,-0.610571,0.4298
-10.9556,-2.53683,-0.606279,0.4286
-10.9809,-2.52687,-0.601999,0.4274
-11.0061,-2.51687,-0.597731,0.4262
-11.0312,-2.50684,-0.593475,0.425
-11.0563,-2.4968,-0.589231,0.4238
-11.0812,-2.48674,-0.584999,0.4226
-11.106,-2.47667,-0.580779,0.4214
-11.1307,-2.4666,-0.576571,0.4202
-11.1553,-2.45653,-0.572375,0.419
-11.1798,-2.44647,-0.568191,0.4178
-11.2043,-2.43643,-0.564019,0.4166
-11.2286,-2.42641,-0.559859,0.4154
-11.2528,-2.41642,-0.555711,0.4142
-11.2769,-2.40646,-0.551575,0.413
-11.3009,-2.39654,-0.547451,0.4118
-11.3248,-2.38667,-0.543339,0.4106
-11.3487,-2.37684,-0.539239,0.4094
-11.3724,-2.36707,-0.535151,0.4082
-11.396,-2.35736,-0.531075,0.407
-11.4195,-2.34772,-0.527011,0.4058
-11.4429,-2.33815,-0.522959,0.4046
-11.4663,-2.32865,-0.518919,0.4034
-11.4895,-2.31924,-0.514891,0.4022
-11.5127,-2.30991,-0.510875,0.401
-11.5357,-2.30067,-0.506871,0.3998
-11.5587,-2.29152,-0.502879,0.3986
-11.5815,-2.28247,-0.498899,0.3974
-11.6043,-2.27353,-0.494931,0.3962
-11.627,-2.2647,-0.490975,0.395
-11.6496,-2.25597,-0.487031,0.3938
-11.6721,-2.24736,-0.483099,0.3926
-11.6946,-2.23888,-0.479179,0.3914
-11.7169,-2.23051,-0.475271,0.3902
-11.7392,-2.22227,-0.471375,0.389
-11.7614,-2.21417,-0.467491,0.3878
-11.7835,-2.20619,-0.463619,0.3866
-11.8055,-2.19836,-0.459759,0.3854
-11.8274,-2.19067,-0.455911,0.3842
-11.8493,-2.18312,-0.452075,0.383
-11.8711,-2.17572,-0.448251,0.3818
-11.8928,-2.16846,-0.444439,0.3806
-11.9145,-2.16136,-0.440639,0.3794
-11.936,-2.15442,-0.436851,0.3782
-11.9576,-2.14764,-0.433075,0.377
-11.979,-2.14102,-0.429311,0.3758
-12.0004,-2.13456,-0.425559,0.3746
-12.0217,-2.12827,-0.421819,0.3734
-12.0429,-2.12214,-0.418091,0.3722
-12.0641,-2.11619,-0.414375,0.371
-12.0853,-2.11041,-0.410671,0.3698
-12.1063,-2.10481,-0.406979,0.3686
-12.1274,-2.09938,-0.403299,0.3674
-12.1483,-2.09414,-0.399631,0.3662
-12.1692,-2.08907,-0.395975,0.365
-12.1901,-2.08419,-0.392331,0.3638
-12.2109,-2.07949,-0.388699,0.3626
-12.2317,-2.07498,-0.385079,0.3614
-12.2524,-2.07066,-0.381471,0.3602
-12.2731,-2.06652,-0.377875,0.359
-12.2938,-2.06258,-0.374291,0.3578
-12.3144,-2.05883,-0.370719,0.3566
-12.3349,-2.05527,-0.367159,0.3554
-12.3555,-2.0519,-0.363611,0.3542
-12.376,-2.04873,-0.360075,0.353
-12.3964,-2.04576,-0.356551,0.3518
-12.4169,-2.04299,-0.353039,0.3506
-12.4373,-2.04041,-0.349539,0.3494
-12.4577,-2.03803,-0.346051,0.3482
-12.4781,-2.03585,-0.342575,0.347
-12.4984,-2.03388,-0.339111,0.3458
-12.5187,-2.0321,-0.335659,0.3446
-12.5391,-2.03053,-0.332219,0.3434
-12.5594,-2.02916,-0.328791,0.3422
-12.5796,-2.02799,-0.325375,0.341
-12.5999,-2.02702,-0.321971,0.3398
-12.6202,-2.02626,-0.318579,0.3386
-12.6404,-2.0257,-0.315199,0.3374
-12.6607,-2.02535,-0.311831,0.3362
-12.681,-2.0252,-0.308475,0.335
-12.7012,-2.02525,-0.305131,0.3338
-12.7215,-2.02551,-0.301799,0.3326
-12.7417,-2.02597,-0.298479,0.3314
-12.762,-2.02663,-0.295171,0.3302
-12.7823,-2.0275,-0.291875,0.329
-12.8025,-2.02857,-0.288591,0.3278
-12.8228,-2.02985,-0.285319,0.3266
-12.8431,-2.03132,-0.282059,0.3254
-12.8635,-2.033,-0.278811,0.3242
-12.8838,-2.03488,-0.275575,0.323
-12.9041,-2.03697,-0.272351,0.3218
-12.9245,-2.03925,-0.269139,0.3206
-12.9449,-2.04173,-0.265939,0.3194
-12.9654,-2.04441,-0.262751,0.3182
-12.9858,-2.04729,-0.259575,0.317
-13.0063,-2.05036,-0.256411,0.3158
-13.0268,-2.05363,-0.253259,0.3146
-13.0474,-2.0571,-0.250119,0.3134
-13.068,-2.06076,-0.246991,0.3122
-13.0886,-2.06461,-0.243875,0.311
-13.1093,-2.06865,-0.240771,0.3098
-13.13,-2.07289,-0.237679,0.3086
-13.1507,-2.07731,-0.234599,0.3074
-13.1715,-2.08192,-0.231531,0.3062
-13.1924,-2.08671,-0.228475,0.305
-13.2133,-2.09169,-0.225431,0.3038
-13.2342,-2.09685,-0.222399,0.3026
-13.2552,-2.10219,-0.219379,0.3014
-13.2762,-2.10771,-0.216371,0.3002
-13.2973,-2.11341,-0.213375,0.299
-13.3185,-2.11927,-0.210391,0.2978
-13.3397,-2.12532,-0.207419,0.2966
-13.361,-2.13153,-0.204459,0.2954
-13.3824,-2.13791,-0.201511,0.2942
-13.4038,-2.14445,-0.198575,0.293
-13.4253,-2.15116,-0.195651,0.2918
-13.4468,-2.15802,-0.192739,0.2906
-13.4684,-2.16505,-0.189839,0.2894
-13.4901,-2.17223,-0.186951,0.2882
-13.5119,-2.17956,-0.184075,0.287
-13.5337,-2.18704,-0.181211,0.2858
-13.5556,-2.19466,-0.178359,0.2846
-13.5776,-2.20243,-0.175519,0.2834
-13.5997,-2.21034,-0.172691,0.2822
-13.6218,-2.21838,-0.169875,0.281
-13.644,-2.22655,-0.167071,0.2798
-13.6663,-2.23486,-0.164279,0.2786
-13.6887,-2.24329,-0.161499,0.2774
-13.7112,-2.25184,-0.158731,0.2762
-13.7338,-2.26051,-0.155975,0.275
-13.7564,-2.26929,-0.153231,0.2738
-13.7791,-2.27818,-0.150499,0.2726
-13.802,-2.28718,-0.147779,0.2714
-13.8249,-2.29628,-0.145071,0.2702
-13.8479,-2.30547,-0.142375,0.269
-13.871,-2.31476,-0.139691,0.2678
-13.8942,-2.32414,-0.137019,0.2666
-13.9175,-2.33359,-0.134359,0.2654
-13.9409,-2.34313,-0.131711,0.2642
-13.9643,-2.35274,-0.129075,0.263
-13.9879,-2.36242,-0.126451,0.2618
-14.0116,-2.37216,-0.123839,0.2606
-14.0354,-2.38196,-0.121239,0.2594
-14.0592,-2.39181,-0.118651,0.2582
-14.0832,-2.40171,-0.116075,0.257
-14.1073,-2.41165,-0.113511,0.2558
-14.1314,-2.42163,-0.110959,0.2546
-14.1557,-2.43163,-0.108419,0.2534
-14.1801,-2.44167,-0.105891,0.2522
-14.2045,-2.45172,-0.103375,0.251
-14.2291,-2.46178,-0.100871,0.2498
-14.2538,-2.47185,-0.098379,0.2486
-14.2785,-2.48192,-0.095899,0.2474
-14.3034,-2.49199,-0.093431,0.2462
-14.3284,-2.50204,-0.090975,0.245
-14.3534,-2.51208,-0.088531,0.2438
-14.3786,-2.52209,-0.086099,0.2426
-14.4039,-2.53207,-0.083679,0.2414
-14.4293,-2.54201,-0.081271,0.2402
-14.4547,-2.55191,-0.078875,0.239
-14.4803,-2.56176,-0.076491,0.2378
-14.506,-2.57155,-0.074119,0.2366
-14.5317,-2.58128,-0.071759,0.2354
-14.5576,-2.59093,-0.069411,0.2342
-14.5835,-2.60051,-0.067075,0.233
-14.6096,-2.61001,-0.064751,0.2318
-14.6357,-2.61941,-0.062439,0.2306
-14.662,-2.62872,-0.060139,0.2294
-14.6883,-2.63792,-0.057851,0.2282
-14.7147,-2.64701,-0.055575,0.227
-14.7413,-2.65598,-0.053311,0.2258
-14.7679,-2.66483,-0.051059,0.2246
-14.7946,-2.67355,-0.048819,0.2234
-14.8213,-2.68213,-0.046591,0.2222
-14.8482,-2.69056,-0.044375,0.221
-14.8751,-2.69885,-0.042171,0.2198
-14.9022,-2.70697,-0.039979,0.2186
-14.9293,-2.71493,-0.037799,0.2174
-14.9565,-2.72273,-0.035631,0.2162
-14.9837,-2.73034,-0.033475,0.215
-15.0111,-2.73777,-0.031331,0.2138
-15.0385,-2.74501,-0.029199,0.2126
-15.066,-2.75206,-0.027079,0.2114
-15.0935,-2.75891,-0.024971,0.2102
-15.1212,-2.76555,-0.022875,0.209
-15.1488,-2.77198,-0.020791,0.2078
-15.1766,-2.77819,-0.018719,0.2066
-15.2044,-2.78418,-0.016659,0.2054
-15.2323,-2.78995,-0.014611,0.2042
-15.2602,-2.79547,-0.012575,0.203
-15.2882,-2.80077,-0.010551,0.2018
-15.3162,-2.80582,-0.008539,0.2006
-15.3443,-2.81062,-0.006539,0.1994
-15.3724,-2.81517,-0.004551,0.1982
-15.4006,-2.81947,-0.002575,0.197
-15.4288,-2.82351,-0.000611,0.1958
-15.4571,-2.82729,0.001341,0.1946
-15.4854,-2.8308,0.003281,0.1934
-15.5137,-2.83404,0.005209,0.1922
-15.542,-2.83701,0.007125,0.191
-15.5704,-2.83971,0.009029,0.1898
-15.5988,-2.84213,0.010921,0.1886
-15.6273,-2.84427,0.012801,0.1874
-15.6557,-2.84614,0.014669,0.1862
-15.6842,-2.84771,0.016525,0.185
-15.7127,-2.84901,0.018369,0.1838
-15.7412,-2.85002,0.020201,0.1826
-15.7697,-2.85074,0.022021,0.1814
-15.7982,-2.85118,0.023829,0.1802
-15.8267,-2.85133,0.025625,0.179
-15.8552,-2.8512,0.027409,0.1778
-15.8837,-2.85077,0.029181,0.1766
-15.9122,-2.85006,0.030941,0.1754
-15.9407,-2.84907,0.032689,0.1742
-15.9692,-2.84778,0.034425,0.173
-15.9977,-2.84622,0.036149,0.1718
-16.0261,-2.84437,0.037861,0.1706
-16.0546,-2.84224,0.039561,0.1694
-16.083,-2.83984,0.041249,0.1682
-16.1114,-2.83715,0.042925,0.167
-16.1397,-2.83419,0.044589,0.1658
-16.168,-2.83096,0.046241,0.1646
-16.1963,-2.82746,0.047881,0.1634
-16.2246,-2.8237,0.049509,0.1622
-16.2528,-2.81967,0.051125,0.161
-16.281,-2.81539,0.052729,0.1598
-16.3091,-2.81085,0.054321,0.1586
-16.3372,-2.80606,0.055901,0.1574
-16.3652,-2.80102,0.057469,0.1562
-16.3932,-2.79574,0.059025,0.155
-16.4211,-2.79022,0.060569,0.1538
-16.449,-2.78447,0.062101,0.1526
-16.4768,-2.77849,0.063621,0.1514
-16.5046,-2.77229,0.065129,0.1502
-16.5323,-2.76587,0.066625,0.149
-16.5599,-2.75924,0.068109,0.1478
-16.5875,-2.7524,0.069581,0.1466
-16.615,-2.74536,0.071041,0.1454
-16.6424,-2.73813,0.072489,0.1442
-16.6697,-2.73071,0.073925,0.143
-16.697,-2.7231,0.075349,0.1418
-16.7242,-2.71532,0.076761,0.1406
-16.7513,-2.70737,0.078161,0.1394
-16.7783,-2.69925,0.079549,0.1382
-16.8053,-2.69097,0.080925,0.137
-16.8321,-2.68254,0.082289,0.1358
-16.8589,-2.67397,0.083641,0.1346
-16.8856,-2.66526,0.084981,0.1334
-16.9122,-2.65642,0.086309,0.1322
-16.9387,-2.64745,0.087625,0.131
-16.9652,-2.63837,0.088929,0.1298
-16.9915,-2.62917,0.090221,0.1286
-17.0178,-2.61987,0.091501,0.1274
-17.0439,-2.61047,0.092769,0.1262
-17.07,-2.60098,0.094025,0.125
-17.0959,-2.5914,0.095269,0.1238
-17.1218,-2.58175,0.096501,0.1226
-17.1476,-2.57203,0.097721,0.1214
-17.1732,-2.56224,0.098929,0.1202
-17.1988,-2.55239,0.100125,0.119
-17.2243,-2.5425,0.101309,0.1178
-17.2497,-2.53256,0.102481,0.1166
-17.2749,-2.52258,0.103641,0.1154
-17.3001,-2.51257,0.104789,0.1142
-17.3252,-2.50253,0.105925,0.113
-17.3502,-2.49248,0.107049,0.1118
-17.375,-2.48241,0.108161,0.1106
-17.3998,-2.47234,0.109261,0.1094
-17.4245,-2.46227,0.110349,0.1082
-17.4491,-2.45221,0.111425,0.107
-17.4735,-2.44216,0.112489,0.1058
-17.4979,-2.43212,0.113541,0.1046
-17.5222,-2.42212,0.114581,0.1034
-17.5463,-2.41214,0.115609,0.1022
-17.5704,-2.4022,0.116625,0.101
-17.5944,-2.39229,0.117629,0.0998
-17.6183,-2.38244,0.118621,0.0986
-17.642,-2.37264,0.119601,0.0974
-17.6657,-2.36289,0.120569,0.0962
-17.6893,-2.35321,0.121525,0.095
-17.7128,-2.3436,0.122469,0.0938
-17.7362,-2.33406,0.123401,0.0926
-17.7595,-2.3246,0.124321,0.0914
-17.7827,-2.31522,0.125229,0.0902
-17.8058,-2.30593,0.126125,0.089
-17.8288,-2.29673,0.127009,0.0878
-17.8517,-2.28762,0.127881,0.0866
-17.8745,-2.27862,0.128741,0.0854
-17.8973,-2.26972,0.129589,0.0842
-17.9199,-2.26094,0.130425,0.083
-17.9425,-2.25226,0.131249,0.0818
-17.965,-2.2437,0.132061,0.0806
-17.9874,-2.23527,0.132861,0.0794
-18.0097,-2.22696,0.133649,0.0782
-18.0319,-2.21878,0.134425,0.077
-18.0541,-2.21073,0.135189,0.0758
-18.0761,-2.20281,0.135941,0.0746
-18.0981,-2.19504,0.136681,0.0734
-18.12,-2.18741,0.137409,0.0722
-18.1419,-2.17992,0.138125,0.071
-18.1636,-2.17258,0.138829,0.0698
-18.1853,-2.1654,0.139521,0.0686
-18.2069,-2.15836,0.140201,0.0674
-18.2285,-2.15149,0.140869,0.0662
-18.25,-2.14478,0.141525,0.065
-18.2714,-2.13822,0.142169,0.0638
-18.2927,-2.13184,0.142801,0.0626
-18.314,-2.12562,0.143421,0.0614
-18.3352,-2.11957,0.144029,0.0602
-18.3564,-2.11369,0.144625,0.059
-18.3775,-2.10798,0.145209,0.0578
-18.3986,-2.10246,0.145781,0.0566
-18.4196,-2.09711,0.146341,0.0554
-18.4405,-2.09194,0.146889,0.0542
-18.4614,-2.08695,0.147425,0.053
-18.4822,-2.08215,0.147949,0.0518
-18.503,-2.07753,0.148461,0.0506
-18.5238,-2.0731,0.148961,0.0494
-18.5445,-2.06886,0.149449,0.0482
-18.5652,-2.0648,0.149925,0.047
-18.5858,-2.06094,0.150389,0.0458
-18.6064,-2.05727,0.150841,0.0446
-18.6269,-2.0538,0.151281,0.0434
-18.6475,-2.05052,0.151709,0.0422
-18.668,-2.04743,0.152125,0.041
-18.6884,-2.04454,0.152529,0.0398
-18.7088,-2.04186,0.152921,0.0386
-18.7293,-2.03936,0.153301,0.0374
-18.7496,-2.03707,0.153669,0.0362
-18.77,-2.03498,0.154025,0.035
-18.7903,-2.03309,0.154369,0.0338
-18.8107,-2.0314,0.154701,0.0326
-18.831,-2.02992,0.155021,0.0314
-18.8513,-2.02863,0.155329,0.0302
-18.8715,-2.02755,0.155625,0.029
-18.8918,-2.02667,0.155909,0.0278
-18.9121,-2.026,0.156181,0.0266
-18.9323,-2.02553,0.156441,0.0254
-18.9526,-2.02526,0.156689,0.0242
-18.9728,-2.0252,0.156925,0.023
-18.9931,-2.02534,0.157149,0.0218
-19.0133,-2.02568,0.157361,0.0206
-19.0336,-2.02623,0.157561,0.0194
-19.0539,-2.02698,0.157749,0.0182
-19.0741,-2.02794,0.157925,0.017
-19.0944,-2.0291,0.158089,0.0158
-19.1147,-2.03046,0.158241,0.0146
-19.135,-2.03202,0.158381,0.0134
-19.1554,-2.03379,0.158509,0.0122
-19.1757,-2.03575,0.158625,0.011
-19.1961,-2.03792,0.158729,0.0098
-19.2165,-2.04029,0.158821,0.0086
-19.2369,-2.04286,0.158901,0.0074
-19.2573,-2.04562,0.158969,0.0062
-19.2778,-2.04858,0.159025,0.005
-19.2983,-2.05174,0.159069,0.0038
-19.3188,-2.0551,0.159101,0.0026
-19.3394,-2.05865,0.159121,0.0014
-19.36,-2.06239,0.159129,0.0002
-19.3807,-2.06632,0.159125,-0.001
-19.4013,-2.07045,0.159109,-0.0022
-19.4221,-2.07476,0.159081,-0.0034
-19.4428,-2.07927,0.159041,-0.0046
-19.4637,-2.08395,0.158989,-0.0058
-19.4845,-2.08883,0.158925,-0.007
-19.5054,-2.09388,0.158849,-0.0082
-19.5264,-2.09912,0.158761,-0.0094
-19.5474,-2.10454,0.158661,-0.0106
-19.5685,-2.11013,0.158549,-0.0118
-19.5896,-2.1159,0.158425,-0.013
-19.6108,-2.12185,0.158289,-0.0142
-19.6321,-2.12796,0.158141,-0.0154
-19.6534,-2.13425,0.157981,-0.0166
-19.6747,-2.1407,0.157809,-0.0178
-19.6962,-2.14731,0.157625,-0.019
-19.7177,-2.15409,0.157429,-0.0202
-19.7393,-2.16102,0.157221,-0.0214
-19.7609,-2.16811,0.157001,-0.0226
-19.7826,-2.17536,0.156769,-0.0238
-19.8044,-2.18275,0.156525,-0.025
-19.8263,-2.19029,0.156269,-0.0262
-19.8482,-2.19798,0.156001,-0.0274
-19.8702,-2.20581,0.155721,-0.0286
-19.8923,-2.21377,0.155429,-0.0298
-19.9145,-2.22187,0.155125,-0.031
-19.9368,-2.2301,0.154809,-0.0322
-19.9591,-2.23846,0.154481,-0.0334
-19.9815,-2.24695,0.154141,-0.0346
-20.0041,-2.25555,0.153789,-0.0358
-20.0267,-2.26427,0.153425,-0.037
-20.0493,-2.2731,0.153049,-0.0382
-20.0721,-2.28203,0.152661,-0.0394
-20.095,-2.29107,0.152261,-0.0406
-20.1179,-2.30022,0.151849,-0.0418
-20.141,-2.30945,0.151425,-0.043
-20.1641,-2.31878,0.150989,-0.0442
-20.1874,-2.32819,0.150541,-0.0454
-20.2107,-2.33768,0.150081,-0.0466
-20.2341,-2.34725,0.149609,-0.0478
-20.2576,-2.35689,0.149125,-0.049
-20.2813,-2.36659,0.148629,-0.0502
-20.305,-2.37636,0.148121,-0.0514
-20.3288,-2.38618,0.147601,-0.0526
-20.3527,-2.39606,0.147069,-0.0538
-20.3767,-2.40597,0.146525,-0.055
-20.4008,-2.41593,0.145969,-0.0562
-20.425,-2.42592,0.145401,-0.0574
-20.4493,-2.43594,0.144821,-0.0586
-20.4737,-2.44598,0.144229,-0.0598
-20.4983,-2.45604,0.143625,-0.061
-20.5229,-2.4661,0.143009,-0.0622
-20.5476,-2.47618,0.142381,-0.0634
-20.5724,-2.48624,0.141741,-0.0646
-20.5973,-2.49631,0.141089,-0.0658
-20.6223,-2.50635,0.140425,-0.067
-20.6474,-2.51638,0.139749,-0.0682
-20.6726,-2.52638,0.139061,-0.0694
-20.698,-2.53634,0.138361,-0.0706
-20.7234,-2.54627,0.137649,-0.0718
-20.7489,-2.55615,0.136925,-0.073
-20.7745,-2.56597,0.136189,-0.0742
-20.8002,-2.57573,0.135441,-0.0754
-20.826,-2.58543,0.134681,-0.0766
-20.8519,-2.59506,0.133909,-0.0778
-20.8779,-2.6046,0.133125,-0.079
-20.904,-2.61406,0.132329,-0.0802
-20.9302,-2.62342,0.131521,-0.0814
-20.9565,-2.63268,0.130701,-0.0826
-20.9828,-2.64184,0.129869,-0.0838
-21.0093,-2.65088,0.129025,-0.085
-21.0359,-2.6598,0.128169,-0.0862
-21.0625,-2.66859,0.127301,-0.0874
-21.0892,-2.67725,0.126421,-0.0886
-21.116,-2.68577,0.125529,-0.0898
-21.1429,-2.69414,0.124625,-0.091
-21.1699,-2.70236,0.123709,-0.0922
-21.197,-2.71041,0.122781,-0.0934
-21.2241,-2.7183,0.121841,-0.0946
-21.2514,-2.72602,0.120889,-0.0958
-21.2787,-2.73355,0.119925,-0.097
-21.306,-2.74091,0.118949,-0.0982
-21.3335,-2.74807,0.117961,-0.0994
-21.361,-2.75503,0.116961,-0.1006
-21.3886,-2.76179,0.115949,-0.1018
-21.4162,-2.76834,0.114925,-0.103
-21.4439,-2.77468,0.113889,-0.1042
-21.4717,-2.78079,0.112841,-0.1054
-21.4995,-2.78669,0.111781,-0.1066
-21.5274,-2.79235,0.110709,-0.1078
-21.5554,-2.79778,0.109625,-0.109
-21.5834,-2.80296,0.108529,-0.1102
-21.6115,-2.80791,0.107421,-0.1114
-21.6396,-2.8126,0.106301,-0.1126
-21.6677,-2.81705,0.105169,-0.1138
-21.6959,-2.82124,0.104025,-0.115
-21.7241,-2.82516,0.102869,-0.1162
-21.7524,-2.82883,0.101701,-0.1174
-21.7807,-2.83222,0.100521,-0.1186
-21.809,-2.83535,0.099329,-0.1198
-21.8374,-2.83821,0.098125,-0.121
-21.8658,-2.84078,0.096909,-0.1222
-21.8942,-2.84309,0.095681,-0.1234
-21.9227,-2.84511,0.094441,-0.1246
-21.9511,-2.84685,0.093189,-0.1258
-21.9796,-2.84831,0.091925,-0.127
-22.0081,-2.84948,0.090649,-0.1282
-22.0366,-2.85037,0.089361,-0.1294
-22.0651,-2.85097,0.088061,-0.1306
-22.0936,-2.85128,0.086749,-0.1318
-22.1221,-2.85131,0.085425,-0.133
-22.1506,-2.85105,0.084089,-0.1342
-22.1791,-2.8505,0.082741,-0.1354
-22.2076,-2.84967,0.081381,-0.1366
-22.2361,-2.84855,0.080009,-0.1378
-22.2646,-2.84715,0.078625,-0.139
-22.2931,-2.84546,0.077229,-0.1402
-22.3215,-2.84349,0.075821,-0.1414
-22.3499,-2.84124,0.074401,-0.1426
-22.3783,-2.83872,0.072969,-0.1438
-22.4067,-2.83591,0.071525,-0.145
-22.4351,-2.83284,0.070069,-0.1462
-22.4634,-2.82949,0.068601,-0.1474
-22.4917,-2.82588,0.067121,-0.1486
-22.5199,-2.822,0.065629,-0.1498
-22.5481,-2.81786,0.064125,-0.151
-22.5762,-2.81347,0.062609,-0.1522
-22.6044,-2.80882,0.061081,-0.1534
-22.6324,-2.80392,0.059541,-0.1546
-22.6604,-2.79878,0.057989,-0.1558
-22.6884,-2.7934,0.056425,-0.157
-22.7163,-2.78778,0.054849,-0.1582
-22.7442,-2.78193,0.053261,-0.1594
-22.7719,-2.77586,0.051661,-0.1606
-22.7997,-2.76956,0.050049,-0.1618
-22.8273,-2.76305,0.048425,-0.163
-22.8549,-2.75633,0.046789,-0.1642
-22.8825,-2.74941,0.045141,-0.1654
-22.9099,-2.74228,0.043481,-0.1666
-22.9373,-2.73497,0.041809,-0.1678
-22.9646,-2.72746,0.040125,-0.169
-22.9919,-2.71978,0.038429,-0.1702
-23.019,-2.71192,0.036721,-0.1714
-23.0461,-2.7039,0.035001,-0.1726
-23.0731,-2.69571,0.033269,-0.1738
-23.1,-2.68737,0.031525,-0.175
-23.1268,-2.67888,0.029769,-0.1762
-23.1536,-2.67025,0.028001,-0.1774
-23.1802,-2.66148,0.026221,-0.1786
-23.2068,-2.65258,0.024429,-0.1798
-23.2333,-2.64357,0.022625,-0.181
-23.2597,-2.63443,0.020809,-0.1822
-23.286,-2.62519,0.018981,-0.1834
-23.3122,-2.61584,0.017141,-0.1846
-23.3383,-2.6064,0.015289,-0.1858
-23.3643,-2.59688,0.013425,-0.187
-23.3902,-2.58727,0.011549,-0.1882
-23.4161,-2.57758,0.009661,-0.1894
-23.4418,-2.56783,0.007761,-0.1906
-23.4674,-2.55802,0.005849,-0.1918
-23.4929,-2.54815,0.003925,-0.193
-23.5184,-2.53823,0.001989,-0.1942
-23.5437,-2.52828,4.1e-05,-0.1954
-23.5689,-2.51828,-0.001919,-0.1966
-23.5941,-2.50826,-0.003891,-0.1978
-23.6191,-2.49822,-0.005875,-0.199
-23.644,-2.48816,-0.007871,-0.2002
-23.6689,-2.47809,-0.009879,-0.2014
-23.6936,-2.46802,-0.011899,-0.2026
-23.7182,-2.45795,-0.013931,-0.2038
-23.7428,-2.44789,-0.015975,-0.205
-23.7672,-2.43785,-0.018031,-0.2062
-23.7915,-2.42782,-0.020099,-0.2074
-23.8157,-2.41783,-0.022179,-0.2086
-23.8399,-2.40786,-0.024271,-0.2098
-23.8639,-2.39794,-0.026375,-0.211
-23.8878,-2.38806,-0.028491,-0.2122
-23.9117,-2.37822,-0.030619,-0.2134
-23.9354,-2.36845,-0.032759,-0.2146
-23.959,-2.35873,-0.034911,-0.2158
-23.9826,-2.34908,-0.037075,-0.217
-24.006,-2.33949,-0.039251,-0.2182
-24.0294,-2.32999,-0.041439,-0.2194
-24.0526,-2.32056,-0.043639,-0.2206
-24.0758,-2.31122,-0.045851,-0.2218
-24.0988,-2.30196,-0.048075,-0.223
-24.1218,-2.2928,-0.050311,-0.2242
-24.1447,-2.28374,-0.052559,-0.2254
-24.1675,-2.27479,-0.054819,-0.2266
-24.1902,-2.26594,-0.057091,-0.2278
-24.2128,-2.2572,-0.059375,-0.229
-24.2353,-2.24857,-0.061671,-0.2302
-24.2578,-2.24007,-0.063979,-0.2314
-24.2801,-2.23168,-0.066299,-0.2326
-24.3024,-2.22343,-0.068631,-0.2338
-24.3246,-2.2153,-0.070975,-0.235
-24.3467,-2.20731,-0.073331,-0.2362
-24.3688,-2.19946,-0.075699,-0.2374
-24.3907,-2.19174,-0.078079,-0.2386
-24.4126,-2.18417,-0.080471,-0.2398
-24.4344,-2.17675,-0.082875,-0.241
-24.4561,-2.16948,-0.085291,-0.2422
-24.4778,-2.16236,-0.087719,-0.2434
-24.4994,-2.15539,-0.090159,-0.2446
-24.5209,-2.14859,-0.092611,-0.2458
-24.5423,-2.14194,-0.095075,-0.247
-24.5637,-2.13546,-0.097551,-0.2482
-24.5851,-2.12914,-0.100039,-0.2494
-24.6063,-2.123,-0.102539,-0.2506
-24.6275,-2.11702,-0.105051,-0.2518
-24.6487,-2.11122,-0.107575,-0.253
-24.6697,-2.10559,-0.110111,-0.2542
-24.6908,-2.10014,-0.112659,-0.2554
-24.7117,-2.09487,-0.115219,-0.2566
-24.7327,-2.08978,-0.117791,-0.2578
-24.7535,-2.08487,-0.120375,-0.259
-24.7744,-2.08014,-0.122971,-0.2602
-24.7951,-2.0756,-0.125579,-0.2614
-24.8159,-2.07125,-0.128199,-0.2626
-24.8366,-2.06709,-0.130831,-0.2638
-24.8572,-2.06312,-0.133475,-0.265
-24.8778,-2.05934,-0.136131,-0.2662
-24.8984,-2.05576,-0.138799,-0.2674
-24.9189,-2.05237,-0.141479,-0.2686
-24.9395,-2.04917,-0.144171,-0.2698
-24.9599,-2.04617,-0.146875,-0.271
-24.9804,-2.04337,-0.149591,-0.2722
-25.0008,-2.04076,-0.152319,-0.2734
-25.0212,-2.03836,-0.155059,-0.2746
-25.0416,-2.03615,-0.157811,-0.2758
-25.0619,-2.03414,-0.160575,-0.277
-25.0823,-2.03234,-0.163351,-0.2782
-25.1026,-2.03074,-0.166139,-0.2794
-25.1229,-2.02934,-0.168939,-0.2806
-25.1432,-2.02814,-0.171751,-0.2818
-25.1634,-2.02715,-0.174575,-0.283
-25.1837,-2.02636,-0.177411,-0.2842
-25.204,-2.02577,-0.180259,-0.2854
-25.2242,-2.02539,-0.183119,-0.2866
-25.2445,-2.02521,-0.185991,-0.2878
-25.2647,-2.02523,-0.188875,-0.289
-25.285,-2.02546,-0.191771,-0.2902
-25.3052,-2.02589,-0.194679,-0.2914
-25.3255,-2.02653,-0.197599,-0.2926
-25.3458,-2.02737,-0.200531,-0.2938
-25.366,-2.02841,-0.203475,-0.295
-25.3863,-2.02966,-0.206431,-0.2962
-25.4066,-2.0311,-0.209399,-0.2974
-25.427,-2.03275,-0.212379,-0.2986
-25.4473,-2.03461,-0.215371,-0.2998
-25.4676,-2.03666,-0.218375,-0.301
-25.488,-2.03891,-0.221391,-0.3022
-25.5084,-2.04137,-0.224419,-0.3034
-25.5289,-2.04402,-0.227459,-0.3046
-25.5493,-2.04687,-0.230511,-0.3058
-25.5698,-2.04992,-0.233575,-0.307
-25.5903,-2.05316,-0.236651,-0.3082
-25.6109,-2.0566,-0.239739,-0.3094
-25.6314,-2.06023,-0.242839,-0.3106
-25.6521,-2.06405,-0.245951,-0.3118
-25.6727,-2.06807,-0.249075,-0.313
-25.6934,-2.07228,-0.252211,-0.3142
-25.7142,-2.07667,-0.255359,-0.3154
-25.735,-2.08126,-0.258519,-0.3166
-25.7558,-2.08602,-0.261691,-0.3178
-25.7767,-2.09098,-0.264875,-0.319
-25.7976,-2.09611,-0.268071,-0.3202
-25.8186,-2.10143,-0.271279,-0.3214
-25.8396,-2.10692,-0.274499,-0.3226
-25.8607,-2.11259,-0.277731,-0.3238
-25.8819,-2.11844,-0.280975,-0.325
-25.9031,-2.12445,-0.284231,-0.3262
-25.9244,-2.13064,-0.287499,-0.3274
-25.9457,-2.137,-0.290779,-0.3286
-25.9671,-2.14352,-0.294071,-0.3298
-25.9886,-2.1502,-0.297375,-0.331
-26.0101,-2.15705,-0.300691,-0.3322
-26.0317,-2.16405,-0.304019,-0.3334
-26.0534,-2.1712,-0.307359,-0.3346
-26.0752,-2.17851,-0.310711,-0.3358
-26.097,-2.18597,-0.314075,-0.337
-26.1189,-2.19358,-0.317451,-0.3382
-26.1409,-2.20132,-0.320839,-0.3394
-26.1629,-2.20921,-0.324239,-0.3406
-26.185,-2.21724,-0.327651,-0.3418
-26.2072,-2.22539,-0.331075,-0.343
-26.2295,-2.23368,-0.334511,-0.3442
-26.2519,-2.24209,-0.337959,-0.3454
-26.2744,-2.25063,-0.341419,-0.3466
-26.2969,-2.25928,-0.344891,-0.3478
-26.3196,-2.26804,-0.348375,-0.349
-26.3423,-2.27692,-0.351871,-0.3502
-26.3651,-2.2859,-0.355379,-0.3514
-26.388,-2.29499,-0.358899,-0.3526
-26.411,-2.30417,-0.362431,-0.3538
-26.4341,-2.31344,-0.365975,-0.355
-26.4573,-2.32281,-0.369531,-0.3562
-26.4806,-2.33225,-0.373099,-0.3574
-26.5039,-2.34178,-0.376679,-0.3586
-26.5274,-2.35138,-0.380271,-0.3598
-26.5274,-2.35138,-0.380271,-0.3598
-26.551,-2.36141,-0.383864,-0.3588
-26.5746,-2.37145,-0.387447,-0.3578
-26.5984,-2.3815,-0.39102,-0.3568
-26.6222,-2.39155,-0.394583,-0.3558
-26.6462,-2.40159,-0.398136,-0.3548
-26.6703,-2.41163,-0.401679,-0.3538
-26.6944,-2.42165,-0.405212,-0.3528
-26.7187,-2.43164,-0.408735,-0.3518
-26.7431,-2.44161,-0.412248,-0.3508
-26.7675,-2.45155,-0.415751,-0.3498
-26.7921,-2.46144,-0.419244,-0.3488
-26.8168,-2.47129,-0.422727,-0.3478
-26.8415,-2.48108,-0.4262,-0.3468
-26.8664,-2.49082,-0.429663,-0.3458
-26.8914,-2.50049,-0.433116,-0.3448
-26.9164,-2.51009,-0.436559,-0.3438
-26.9416,-2.51962,-0.439992,-0.3428
-26.9668,-2.52906,-0.443415,-0.3418
-26.9921,-2.53841,-0.446828,-0.3408
-27.0176,-2.54766,-0.450231,-0.3398
-27.0431,-2.55681,-0.453624,-0.3388
-27.0687,-2.56585,-0.457007,-0.3378
-27.0944,-2.57477,-0.46038,-0.3368
-27.1202,-2.58358,-0.463743,-0.3358
-27.1461,-2.59225,-0.467096,-0.3348
-27.172,-2.60079,-0.470439,-0.3338
-27.1981,-2.60919,-0.473772,-0.3328
-27.2242,-2.61744,-0.477095,-0.3318
-27.2504,-2.62554,-0.480408,-0.3308
-27.2767,-2.63348,-0.483711,-0.3298
-27.3031,-2.64126,-0.487004,-0.3288
-27.3296,-2.64886,-0.490287,-0.3278
-27.3561,-2.65629,-0.49356,-0.3268
-27.3827,-2.66354,-0.496823,-0.3258
-27.4094,-2.6706,-0.500076,-0.3248
-27.4361,-2.67746,-0.503319,-0.3238
-27.4629,-2.68413,-0.506552,-0.3228
-27.4898,-2.69059,-0.509775,-0.3218
-27.5167,-2.69684,-0.512988,-0.3208
-27.5437,-2.70288,-0.516191,-0.3198
-27.5708,-2.7087,-0.519384,-0.3188
-27.5979,-2.71429,-0.522567,-0.3178
-27.6251,-2.71965,-0.52574,-0.3168
-27.6523,-2.72479,-0.528903,-0.3158
-27.6796,-2.72968,-0.532056,-0.3148
-27.7069,-2.73434,-0.535199,-0.3138
-27.7342,-2.73874,-0.538332,-0.3128
-27.7616,-2.7429,-0.541455,-0.3118
-27.7891,-2.74681,-0.544568,-0.3108
-27.8166,-2.75046,-0.547671,-0.3098
-27.8441,-2.75385,-0.550764,-0.3088
-27.8717,-2.75698,-0.553847,-0.3078
-27.8992,-2.75985,-0.55692,-0.3068
-27.9269,-2.76245,-0.559983,-0.3058
-27.9545,-2.76478,-0.563036,-0.3048
-27.9821,-2.76684,-0.566079,-0.3038
-28.0098,-2.76863,-0.569112,-0.3028
-28.0375,-2.77014,-0.572135,-0.3018
-28.0652,-2.77137,-0.575148,-0.3008
-28.0929,-2.77233,-0.578151,-0.2998
-28.1207,-2.77301,-0.581144,-0.2988
-28.1484,-2.77342,-0.584127,-0.2978
-28.1761,-2.77354,-0.5871,-0.2968
-28.2039,-2.77339,-0.590063,-0.2958
-28.2316,-2.77295,-0.593016,-0.2948
-28.2593,-2.77224,-0.595959,-0.2938
-28.2871,-2.77125,-0.598892,-0.2928
-28.3148,-2.76999,-0.601815,-0.2918
-28.3425,-2.76845,-0.604728,-0.2908
-28.3701,-2.76663,-0.607631,-0.2898
-28.3978,-2.76455,-0.610524,-0.2888
-28.4254,-2.76219,-0.613407,-0.2878
-28.453,-2.75956,-0.61628,-0.2868
-28.4806,-2.75666,-0.619143,-0.2858
-28.5082,-2.75351,-0.621996,-0.2848
-28.5357,-2.75009,-0.624839,-0.2838
-28.5632,-2.74641,-0.627672,-0.2828
-28.5906,-2.74247,-0.630495,-0.2818
-28.618,-2.73829,-0.633308,-0.2808
-28.6454,-2.73385,-0.636111,-0.2798
-28.6727,-2.72917,-0.638904,-0.2788
-28.7,-2.72425,-0.641687,-0.2778
-28.7272,-2.71909,-0.64446,-0.2768
-28.7543,-2.7137,-0.647223,-0.2758
-28.7814,-2.70809,-0.649976,-0.2748
-28.8085,-2.70225,-0.652719,-0.2738
-28.8355,-2.69618,-0.655452,-0.2728
-28.8624,-2.68991,-0.658175,-0.2718
-28.8893,-2.68343,-0.660888,-0.2708
-28.9161,-2.67674,-0.663591,-0.2698
-28.9428,-2.66985,-0.666284,-0.2688
-28.9695,-2.66278,-0.668967,-0.2678
-28.9961,-2.65551,-0.67164,-0.2668
-29.0226,-2.64806,-0.674303,-0.2658
-29.049,-2.64044,-0.676956,-0.2648
-29.0754,-2.63265,-0.679599,-0.2638
-29.1017,-2.62469,-0.682232,-0.2628
-29.1279,-2.61657,-0.684855,-0.2618
-29.154,-2.6083,-0.687468,-0.2608
-29.1801,-2.59989,-0.690071,-0.2598
-29.206,-2.59133,-0.692664,-0.2588
-29.2319,-2.58264,-0.695247,-0.2578
-29.2577,-2.57383,-0.69782,-0.2568
-29.2834,-2.56489,-0.700383,-0.2558
-29.309,-2.55584,-0.702936,-0.2548
-29.3345,-2.54668,-0.705479,-0.2538
-29.3599,-2.53742,-0.708012,-0.2528
-29.3852,-2.52806,-0.710535,-0.2518
-29.4105,-2.51861,-0.713048,-0.2508
-29.4356,-2.50908,-0.715551,-0.2498
-29.4606,-2.49947,-0.718044,-0.2488
-29.4856,-2.48979,-0.720527,-0.2478
-29.5104,-2.48004,-0.723,-0.2468
-29.5352,-2.47024,-0.725463,-0.2458
-29.5598,-2.46039,-0.727916,-0.2448
-29.5844,-2.45049,-0.730359,-0.2438
-29.6088,-2.44055,-0.732792,-0.2428
-29.6332,-2.43058,-0.735215,-0.2418
-29.6575,-2.42058,-0.737628,-0.2408
-29.6816,-2.41056,-0.740031,-0.2398
-29.7057,-2.40052,-0.742424,-0.2388
-29.7296,-2.39048,-0.744807,-0.2378
-29.7535,-2.38043,-0.74718,-0.2368
-29.7772,-2.37038,-0.749543,-0.2358
-29.8009,-2.36034,-0.751896,-0.2348
-29.8244,-2.35031,-0.754239,-0.2338
-29.8479,-2.34031,-0.756572,-0.2328
-29.8712,-2.33032,-0.758895,-0.2318
-29.8945,-2.32037,-0.761208,-0.2308
-29.9177,-2.31045,-0.763511,-0.2298
-29.9407,-2.30057,-0.765804,-0.2288
-29.9637,-2.29073,-0.768087,-0.2278
-29.9865,-2.28094,-0.77036,-0.2268
-30.0093,-2.27121,-0.772623,-0.2258
-30.0319,-2.26154,-0.774876,-0.2248
-30.0545,-2.25193,-0.777119,-0.2238
-30.077,-2.2424,-0.779352,-0.2228
-30.0994,-2.23293,-0.781575,-0.2218
-30.1216,-2.22354,-0.783788,-0.2208
-30.1438,-2.21424,-0.785991,-0.2198
-30.1659,-2.20502,-0.788184,-0.2188
-30.1879,-2.19589,-0.790367,-0.2178
-30.2098,-2.18686,-0.79254,-0.2168
-30.2317,-2.17792,-0.794703,-0.2158
-30.2534,-2.16909,-0.796856,-0.2148
-30.2751,-2.16036,-0.798999,-0.2138
-30.2966,-2.15174,-0.801132,-0.2128
-30.3181,-2.14324,-0.803255,-0.2118
-30.3395,-2.13485,-0.805368,-0.2108
-30.3608,-2.12658,-0.807471,-0.2098
-30.382,-2.11844,-0.809564,-0.2088
-30.4032,-2.11042,-0.811647,-0.2078
-30.4242,-2.10253,-0.81372,-0.2068
-30.4452,-2.09478,-0.815783,-0.2058
-30.4661,-2.08716,-0.817836,-0.2048
-30.487,-2.07967,-0.819879,-0.2038
-30.5077,-2.07233,-0.821912,-0.2028
-30.5284,-2.06514,-0.823935,-0.2018
-30.549,-2.05809,-0.825948,-0.2008
-30.5696,-2.05119,-0.827951,-0.1998
-30.59,-2.04444,-0.829944,-0.1988
-30.6105,-2.03784,-0.831927,-0.1978
-30.6308,-2.0314,-0.8339,-0.1968
-30.6511,-2.02512,-0.835863,-0.1958
-30.6713,-2.01899,-0.837816,-0.1948
-30.6915,-2.01303,-0.839759,-0.1938
-30.7116,-2.00724,-0.841692,-0.1928
-30.7316,-2.00161,-0.843615,-0.1918
-30.7516,-1.99614,-0.845528,-0.1908
-30.7715,-1.99085,-0.847431,-0.1898
-30.7914,-1.98573,-0.849324,-0.1888
-30.8112,-1.98078,-0.851207,-0.1878
-30.831,-1.97601,-0.85308,-0.1868
-30.8508,-1.97141,-0.854943,-0.1858
-30.8705,-1.96698,-0.856796,-0.1848
-30.8901,-1.96274,-0.858639,-0.1838
-30.9097,-1.95868,-0.860472,-0.1828
-30.9293,-1.95479,-0.862295,-0.1818
-30.9488,-1.95109,-0.864108,-0.1808
-30.9683,-1.94757,-0.865911,-0.1798
-30.9878,-1.94424,-0.867704,-0.1788
-31.0072,-1.94109,-0.869487,-0.1778
-31.0266,-1.93812,-0.87126,-0.1768
-31.0459,-1.93535,-0.873023,-0.1758
-31.0653,-1.93276,-0.874776,-0.1748
-31.0846,-1.93036,-0.876519,-0.1738
-31.1039,-1.92814,-0.878252,-0.1728
-31.1232,-1.92612,-0.879975,-0.1718
-31.1424,-1.92429,-0.881688,-0.1708
-31.1617,-1.92264,-0.883391,-0.1698
-31.1809,-1.92119,-0.885084,-0.1688
-31.2001,-1.91993,-0.886767,-0.1678
-31.2193,-1.91886,-0.88844,-0.1668
-31.2385,-1.91798,-0.890103,-0.1658
-31.2576,-1.9173,-0.891756,-0.1648
-31.2768,-1.91681,-0.893399,-0.1638
-31.296,-1.91651,-0.895032,-0.1628
-31.3151,-1.9164,-0.896655,-0.1618
-31.3343,-1.91648,-0.898268,-0.1608
-31.3535,-1.91676,-0.899871,-0.1598
-31.3726,-1.91723,-0.901464,-0.1588
-31.3918,-1.91789,-0.903047,-0.1578
-31.411,-1.91875,-0.90462,-0.1568
-31.4302,-1.91979,-0.906183,-0.1558
-31.4494,-1.92103,-0.907736,-0.1548
-31.4686,-1.92246,-0.909279,-0.1538
-31.4878,-1.92408,-0.910812,-0.1528
-31.5071,-1.92589,-0.912335,-0.1518
-31.5264,-1.9279,-0.913848,-0.1508
-31.5456,-1.93009,-0.915351,-0.1498
-31.565,-1.93247,-0.916844,-0.1488
-31.5843,-1.93503,-0.918327,-0.1478
-31.6037,-1.93779,-0.9198,-0.1468
-31.6231,-1.94073,-0.921263,-0.1458
-31.6425,-1.94386,-0.922716,-0.1448
-31.6619,-1.94717,-0.924159,-0.1438
-31.6814,-1.95067,-0.925592,-0.1428
-31.7009,-1.95435,-0.927015,-0.1418
-31.7205,-1.95821,-0.928428,-0.1408
-31.7401,-1.96225,-0.929831,-0.1398
-31.7598,-1.96648,-0.931224,-0.1388
-31.7794,-1.97088,-0.932607,-0.1378
-31.7992,-1.97546,-0.93398,-0.1368
-31.819,-1.98021,-0.935343,-0.1358
-31.8388,-1.98514,-0.936696,-0.1348
-31.8587,-1.99024,-0.938039,-0.1338
-31.8786,-1.99552,-0.939372,-0.1328
-31.8986,-2.00096,-0.940695,-0.1318
-31.9186,-2.00657,-0.942008,-0.1308
-31.9387,-2.01235,-0.943311,-0.1298
-31.9589,-2.01829,-0.944604,-0.1288
-31.9791,-2.02439,-0.945887,-0.1278
-31.9993,-2.03065,-0.94716,-0.1268
-32.0197,-2.03708,-0.948423,-0.1258
-32.0401,-2.04365,-0.949676,-0.1248
-32.0606,-2.05039,-0.950919,-0.1238
-32.0811,-2.05727,-0.952152,-0.1228
-32.1017,-2.0643,-0.953375,-0.1218
-32.1224,-2.07148,-0.954588,-0.1208
-32.1431,-2.07881,-0.955791,-0.1198
-32.164,-2.08627,-0.956984,-0.1188
-32.1849,-2.09388,-0.958167,-0.1178
-32.2058,-2.10162,-0.95934,-0.1168
-32.2269,-2.10949,-0.960503,-0.1158
-32.248,-2.11749,-0.961656,-0.1148
-32.2692,-2.12562,-0.962799,-0.1138
-32.2905,-2.13387,-0.963932,-0.1128
-32.3119,-2.14225,-0.965055,-0.1118
-32.3334,-2.15074,-0.966168,-0.1108
-32.3549,-2.15934,-0.967271,-0.1098
-32.3766,-2.16806,-0.968364,-0.1088
-32.3983,-2.17688,-0.969447,-0.1078
-32.4201,-2.1858,-0.97052,-0.1068
-32.442,-2.19483,-0.971583,-0.1058
-32.464,-2.20394,-0.972636,-0.1048
-32.4861,-2.21315,-0.973679,-0.1038
-32.5083,-2.22245,-0.974712,-0.1028
-32.5305,-2.23183,-0.975735,-0.1018
-32.5529,-2.24128,-0.976748,-0.1008
-32.5754,-2.25081,-0.977751,-0.0998
-32.5979,-2.26041,-0.978744,-0.0988
-32.6206,-2.27008,-0.979727,-0.0978
-32.6433,-2.2798,-0.9807,-0.0968
-32.6662,-2.28958,-0.981663,-0.0958
-32.6891,-2.29941,-0.982616,-0.0948
-32.7122,-2.30929,-0.983559,-0.0938
-32.7353,-2.3192,-0.984492,-0.0928
-32.7585,-2.32915,-0.985415,-0.0918
-32.7819,-2.33913,-0.986328,-0.0908
-32.8053,-2.34914,-0.987231,-0.0898
-32.8289,-2.35916,-0.988124,-0.0888
-32.8525,-2.3692,-0.989007,-0.0878
-32.8762,-2.37925,-0.98988,-0.0868
-32.9001,-2.3893,-0.990743,-0.0858
-32.924,-2.39935,-0.991596,-0.0848
-32.9481,-2.40938,-0.992439,-0.0838
-32.9722,-2.41941,-0.993272,-0.0828
-32.9965,-2.42941,-0.994095,-0.0818
-33.0208,-2.43938,-0.994908,-0.0808
-33.0453,-2.44933,-0.995711,-0.0798
-33.0698,-2.45923,-0.996504,-0.0788
-33.0944,-2.46909,-0.997287,-0.0778
-33.1192,-2.4789,-0.99806,-0.0768
-33.144,-2.48865,-0.998823,-0.0758
-33.1689,-2.49834,-0.999576,-0.0748
-33.194,-2.50795,-1.00032,-0.0738
-33.2191,-2.51749,-1.00105,-0.0728
-33.2443,-2.52695,-1.00177,-0.0718
-33.2696,-2.53632,-1.00249,-0.0708
-33.2951,-2.5456,-1.00319,-0.0698
-33.3206,-2.55477,-1.00388,-0.0688
-33.3462,-2.56384,-1.00457,-0.0678
-33.3718,-2.57279,-1.00524,-0.0668
-33.3976,-2.58162,-1.0059,-0.0658
-33.4235,-2.59032,-1.00656,-0.0648
-33.4494,-2.59889,-1.0072,-0.0638
-33.4754,-2.60732,-1.00783,-0.0628
-33.5016,-2.61561,-1.00845,-0.0618
-33.5278,-2.62374,-1.00907,-0.0608
-33.554,-2.63172,-1.00967,-0.0598
-33.5804,-2.63953,-1.01026,-0.0588
-33.6068,-2.64718,-1.01085,-0.0578
-33.6333,-2.65465,-1.01142,-0.0568
-33.6599,-2.66193,-1.01198,-0.0558
-33.6866,-2.66903,-1.01254,-0.0548
-33.7133,-2.67594,-1.01308,-0.0538
-33.7401,-2.68265,-1.01361,-0.0528
-33.7669,-2.68916,-1.01413,-0.0518
-33.7939,-2.69546,-1.01465,-0.0508
-33.8209,-2.70155,-1.01515,-0.0498
-33.8479,-2.70741,-1.01564,-0.0488
-33.875,-2.71306,-1.01613,-0.0478
-33.9022,-2.71847,-1.0166,-0.0468
-33.9294,-2.72366,-1.01706,-0.0458
-33.9566,-2.72861,-1.01752,-0.0448
-33.9839,-2.73332,-1.01796,-0.0438
-34.0113,-2.73778,-1.01839,-0.0428
-34.0387,-2.742,-1.01881,-0.0418
-34.0661,-2.74596,-1.01923,-0.0408
-34.0936,-2.74967,-1.01963,-0.0398
-34.1211,-2.75312,-1.02002,-0.0388
-34.1487,-2.75631,-1.02041,-0.0378
-34.1763,-2.75923,-1.02078,-0.0368
-34.2039,-2.76189,-1.02114,-0.0358
-34.2315,-2.76428,-1.0215,-0.0348
-34.2591,-2.7664,-1.02184,-0.0338
-34.2868,-2.76825,-1.02217,-0.0328
-34.3145,-2.76982,-1.02249,-0.0318
-34.3422,-2.77112,-1.02281,-0.0308
-34.3699,-2.77214,-1.02311,-0.0298
-34.3977,-2.77289,-1.0234,-0.0288
-34.4254,-2.77335,-1.02369,-0.0278
-34.4531,-2.77354,-1.02396,-0.0268
-34.4809,-2.77345,-1.02422,-0.0258
-34.5086,-2.77308,-1.02448,-0.0248
-34.5363,-2.77243,-1.02472,-0.0238
-34.564,-2.7715,-1.02495,-0.0228
-34.5917,-2.7703,-1.02517,-0.0218
-34.6194,-2.76882,-1.02539,-0.0208
-34.6471,-2.76706,-1.02559,-0.0198
-34.6748,-2.76504,-1.02578,-0.0188
-34.7024,-2.76274,-1.02597,-0.0178
-34.73,-2.76017,-1.02614,-0.0168
-34.7576,-2.75733,-1.0263,-0.0158
-34.7852,-2.75423,-1.02646,-0.0148
-34.8127,-2.75087,-1.0266,-0.0138
-34.8402,-2.74725,-1.02673,-0.0128
-34.8677,-2.74337,-1.02685,-0.0118
-34.8951,-2.73924,-1.02697,-0.0108
-34.9224,-2.73487,-1.02707,-0.0098
-34.9498,-2.73024,-1.02716,-0.0088
-34.977,-2.72537,-1.02725,-0.0078
-35.0043,-2.72027,-1.02732,-0.0068
-35.0314,-2.71493,-1.02738,-0.0058
-35.0586,-2.70936,-1.02744,-0.0048
-35.0856,-2.70357,-1.02748,-0.0038
-35.1126,-2.69756,-1.02751,-0.0028
-35.1396,-2.69133,-1.02753,-0.0018
-35.1665,-2.68489,-1.02755,-0.0008
-35.1933,-2.67825,-1.02755,0.0002
-35.22,-2.67141,-1.02754,0.0012
-35.2467,-2.66438,-1.02753,0.0022
-35.2733,-2.65715,-1.0275,0.0032
-35.2999,-2.64974,-1.02746,0.0042
-35.3263,-2.64216,-1.02742,0.0052
-35.3527,-2.6344,-1.02736,0.0062
-35.379,-2.62648,-1.02729,0.0072
-35.4052,-2.6184,-1.02721,0.0082
-35.4314,-2.61016,-1.02713,0.0092
-35.4574,-2.60178,-1.02703,0.0102
-35.4834,-2.59326,-1.02692,0.0112
-35.5093,-2.5846,-1.02681,0.0122
-35.5351,-2.57581,-1.02668,0.0132
-35.5608,-2.5669,-1.02654,0.0142
-35.5864,-2.55787,-1.0264,0.0152
-35.612,-2.54874,-1.02624,0.0162
-35.6374,-2.5395,-1.02607,0.0172
-35.6628,-2.53016,-1.02589,0.0182
-35.688,-2.52073,-1.02571,0.0192
-35.7132,-2.51121,-1.02551,0.0202
-35.7382,-2.50162,-1.0253,0.0212
-35.7632,-2.49196,-1.02509,0.0222
-35.7881,-2.48223,-1.02486,0.0232
-35.8128,-2.47244,-1.02462,0.0242
-35.8375,-2.4626,-1.02438,0.0252
-35.8621,-2.45271,-1.02412,0.0262
-35.8866,-2.44278,-1.02385,0.0272
-35.911,-2.43281,-1.02357,0.0282
-35.9352,-2.42282,-1.02329,0.0292
-35.9594,-2.4128,-1.02299,0.0302
-35.9835,-2.40277,-1.02268,0.0312
-36.0075,-2.39273,-1.02237,0.0322
-36.0313,-2.38268,-1.02204,0.0332
-36.0551,-2.37263,-1.0217,0.0342
-36.0788,-2.36259,-1.02136,0.0352
-36.1024,-2.35255,-1.021,0.0362
-36.1258,-2.34254,-1.02063,0.0372
-36.1492,-2.33255,-1.02025,0.0382
-36.1725,-2.32259,-1.01987,0.0392
-36.1957,-2.31266,-1.01947,0.0402
-36.2187,-2.30277,-1.01906,0.0412
-36.2417,-2.29293,-1.01865,0.0422
-36.2646,-2.28313,-1.01822,0.0432
-36.2874,-2.27338,-1.01778,0.0442
-36.3101,-2.2637,-1.01734,0.0452
-36.3327,-2.25408,-1.01688,0.0462
-36.3552,-2.24452,-1.01641,0.0472
-36.3776,-2.23504,-1.01593,0.0482
-36.3999,-2.22564,-1.01545,0.0492
-36.4221,-2.21631,-1.01495,0.0502
-36.4442,-2.20707,-1.01444,0.0512
-36.4662,-2.19792,-1.01393,0.0522
-36.4881,-2.18887,-1.0134,0.0532
-36.51,-2.17991,-1.01286,0.0542
-36.5317,-2.17105,-1.01232,0.0552
-36.5534,-2.1623,-1.01176,0.0562
-36.575,-2.15366,-1.01119,0.0572
-36.5965,-2.14513,-1.01061,0.0582
-36.6179,-2.13671,-1.01003,0.0592
-36.6392,-2.12842,-1.00943,0.0602
-36.6605,-2.12025,-1.00882,0.0612
-36.6816,-2.1122,-1.00821,0.0622
-36.7027,-2.10428,-1.00758,0.0632
-36.7237,-2.0965,-1.00694,0.0642
-36.7446,-2.08885,-1.0063,0.0652
-36.7655,-2.08133,-1.00564,0.0662
-36.7863,-2.07396,-1.00497,0.0672
-36.807,-2.06673,-1.00429,0.0682
-36.8276,-2.05965,-1.00361,0.0692
-36.8482,-2.05272,-1.00291,0.0702
-36.8687,-2.04593,-1.0022,0.0712
-36.8891,-2.0393,-1.00149,0.0722
-36.9094,-2.03283,-1.00076,0.0732
-36.9297,-2.02651,-1.00002,0.0742
-36.95,-2.02035,-0.999276,0.0752
-36.9701,-2.01435,-0.998519,0.0762
-36.9903,-2.00852,-0.997752,0.0772
-37.0103,-2.00285,-0.996975,0.0782
-37.0303,-1.99735,-0.996188,0.0792
-37.0503,-1.99202,-0.995391,0.0802
-37.0702,-1.98686,-0.994584,0.0812
-37.09,-1.98187,-0.993767,0.0822
-37.1098,-1.97706,-0.99294,0.0832
-37.1295,-1.97242,-0.992103,0.0842
-37.1492,-1.96796,-0.991256,0.0852
-37.1689,-1.96367,-0.990399,0.0862
-37.1885,-1.95957,-0.989532,0.0872
-37.2081,-1.95565,-0.988655,0.0882
-37.2276,-1.9519,-0.987768,0.0892
-37.2471,-1.94834,-0.986871,0.0902
-37.2666,-1.94497,-0.985964,0.0912
-37.286,-1.94178,-0.985047,0.0922
-37.3054,-1.93877,-0.98412,0.0932
-37.3248,-1.93595,-0.983183,0.0942
-37.3442,-1.93332,-0.982236,0.0952
-37.3635,-1.93088,-0.981279,0.0962
-37.3828,-1.92862,-0.980312,0.0972
-37.402,-1.92656,-0.979335,0.0982
-37.4213,-1.92468,-0.978348,0.0992
-37.4405,-1.92299,-0.977351,0.1002
-37.4598,-1.9215,-0.976344,0.1012
-37.479,-1.9202,-0.975327,0.1022
-37.4982,-1.91908,-0.9743,0.1032
-37.5174,-1.91816,-0.973263,0.1042
-37.5365,-1.91744,-0.972216,0.1052
-37.5557,-1.9169,-0.971159,0.1062
-37.5749,-1.91656,-0.970092,0.1072
-37.594,-1.91641,-0.969015,0.1082
-37.6132,-1.91645,-0.967928,0.1092
-37.6324,-1.91668,-0.966831,0.1102
-37.6515,-1.91711,-0.965724,0.1112
-37.6707,-1.91773,-0.964607,0.1122
-37.6899,-1.91854,-0.96348,0.1132
-37.7091,-1.91954,-0.962343,0.1142
-37.7283,-1.92074,-0.961196,0.1152
-37.7475,-1.92213,-0.960039,0.1162
-37.7667,-1.9237,-0.958872,0.1172
-37.786,-1.92547,-0.957695,0.1182
-37.8052,-1.92743,-0.956508,0.1192
-37.8245,-1.92958,-0.955311,0.1202
-37.8438,-1.93192,-0.954104,0.1212
-37.8632,-1.93444,-0.952887,0.1222
-37.8825,-1.93716,-0.95166,0.1232
-37.9019,-1.94006,-0.950423,0.1242
-37.9213,-1.94314,-0.949176,0.1252
-37.9408,-1.94641,-0.947919,0.1262
-37.9602,-1.94987,-0.946652,0.1272
-37.9798,-1.95351,-0.945375,0.1282
-37.9993,-1.95733,-0.944088,0.1292
-38.0189,-1.96133,-0.942791,0.1302
-38.0385,-1.96552,-0.941484,0.1312
-38.0582,-1.96988,-0.940167,0.1322
-38.0779,-1.97442,-0.93884,0.1332
-38.0977,-1.97913,-0.937503,0.1342
-38.1175,-1.98402,-0.936156,0.1352
-38.1374,-1.98909,-0.934799,0.1362
-38.1573,-1.99432,-0.933432,0.1372
-38.1773,-1.99973,-0.932055,0.1382
-38.1973,-2.0053,-0.930668,0.1392
-38.2174,-2.01104,-0.929271,0.1402
-38.2375,-2.01694,-0.927864,0.1412
-38.2577,-2.02301,-0.926447,0.1422
-38.278,-2.02924,-0.92502,0.1432
-38.2983,-2.03563,-0.923583,0.1442
-38.3187,-2.04217,-0.922136,0.1452
-38.3392,-2.04887,-0.920679,0.1462
-38.3597,-2.05572,-0.919212,0.1472
-38.3803,-2.06272,-0.917735,0.1482
-38.4009,-2.06986,-0.916248,0.1492
-38.4217,-2.07716,-0.914751,0.1502
-38.4425,-2.08459,-0.913244,0.1512
-38.4634,-2.09216,-0.911727,0.1522
-38.4843,-2.09987,-0.9102,0.1532
-38.5054,-2.10772,-0.908663,0.1542
-38.5265,-2.11569,-0.907116,0.1552
-38.5477,-2.12379,-0.905559,0.1562
-38.5689,-2.13202,-0.903992,0.1572
-38.5903,-2.14036,-0.902415,0.1582
-38.6118,-2.14883,-0.900828,0.1592
-38.6333,-2.15741,-0.899231,0.1602
-38.6549,-2.1661,-0.897624,0.1612
-38.6766,-2.1749,-0.896007,0.1622
-38.6984,-2.1838,-0.89438,0.1632
-38.7203,-2.1928,-0.892743,0.1642
-38.7423,-2.2019,-0.891096,0.1652
-38.7643,-2.21109,-0.889439,0.1662
-38.7865,-2.22036,-0.887772,0.1672
-38.8087,-2.22972,-0.886095,0.1682
-38.8311,-2.23916,-0.884408,0.1692
-38.8535,-2.24868,-0.882711,0.1702
-38.876,-2.25826,-0.881004,0.1712
-38.8987,-2.26791,-0.879287,0.1722
-38.9214,-2.27762,-0.87756,0.1732
-38.9442,-2.28739,-0.875823,0.1742
-38.9672,-2.29721,-0.874076,0.1752
-38.9902,-2.30707,-0.872319,0.1762
-39.0133,-2.31698,-0.870552,0.1772
-39.0365,-2.32692,-0.868775,0.1782
-39.0598,-2.3369,-0.866988,0.1792
-39.0833,-2.3469,-0.865191,0.1802
-39.1068,-2.35692,-0.863384,0.1812
-39.1304,-2.36696,-0.861567,0.1822
-39.1541,-2.377,-0.85974,0.1832
-39.1779,-2.38705,-0.857903,0.1842
-39.2019,-2.3971,-0.856056,0.1852
-39.2259,-2.40714,-0.854199,0.1862
-39.25,-2.41717,-0.852332,0.1872
-39.2742,-2.42717,-0.850455,0.1882
-39.2985,-2.43716,-0.848568,0.1892
-39.323,-2.44711,-0.846671,0.1902
-39.3475,-2.45702,-0.844764,0.1912
-39.3721,-2.46689,-0.842847,0.1922
-39.3968,-2.47671,-0.84092,0.1932
-39.4216,-2.48647,-0.838983,0.1942
-39.4465,-2.49618,-0.837036,0.1952
-39.4716,-2.50581,-0.835079,0.1962
-39.4967,-2.51537,-0.833112,0.1972
-39.5219,-2.52485,-0.831135,0.1982
-39.5472,-2.53424,-0.829148,0.1992
-39.5726,-2.54353,-0.827151,0.2002
-39.598,-2.55273,-0.825144,0.2012
-39.6236,-2.56182,-0.823127,0.2022
-39.6493,-2.5708,-0.8211,0.2032
-39.675,-2.57965,-0.819063,0.2042
-39.7009,-2.58839,-0.817016,0.2052
-39.7268,-2.59699,-0.814959,0.2062
-39.7528,-2.60545,-0.812892,0.2072
-39.7789,-2.61377,-0.810815,0.2082
-39.8051,-2.62194,-0.808728,0.2092
-39.8313,-2.62995,-0.806631,0.2102
-39.8577,-2.6378,-0.804524,0.2112
-39.8841,-2.64548,-0.802407,0.2122
-39.9106,-2.65299,-0.80028,0.2132
-39.9371,-2.66032,-0.798143,0.2142
-39.9638,-2.66746,-0.795996,0.2152
-39.9905,-2.67442,-0.793839,0.2162
-40.0173,-2.68117,-0.791672,0.2172
-40.0441,-2.68772,-0.789495,0.2182
-40.071,-2.69407,-0.787308,0.2192
-40.098,-2.7002,-0.785111,0.2202
-40.125,-2.70612,-0.782904,0.2212
-40.1521,-2.71182,-0.780687,0.2222
-40.1793,-2.71728,-0.77846,0.2232
-40.2065,-2.72252,-0.776223,0.2242
-40.2337,-2.72752,-0.773976,0.2252
-40.261,-2.73228,-0.771719,0.2262
-40.2884,-2.7368,-0.769452,0.2272
-40.3158,-2.74107,-0.767175,0.2282
-40.3432,-2.74509,-0.764888,0.2292
-40.3707,-2.74886,-0.762591,0.2302
-40.3982,-2.75237,-0.760284,0.2312
-40.4257,-2.75562,-0.757967,0.2322
-40.4533,-2.7586,-0.75564,0.2332
-40.4809,-2.76132,-0.753303,0.2342
-40.5085,-2.76377,-0.750956,0.2352
-40.5361,-2.76595,-0.748599,0.2362
-40.5638,-2.76786,-0.746232,0.2372
-40.5915,-2.7695,-0.743855,0.2382
-40.6192,-2.77085,-0.741468,0.2392
-40.6469,-2.77194,-0.739071,0.2402
-40.6746,-2.77274,-0.736664,0.2412
-40.7024,-2.77327,-0.734247,0.2422
-40.7301,-2.77352,-0.73182,0.2432
-40.7578,-2.77349,-0.729383,0.2442
-40.7856,-2.77318,-0.726936,0.2452
-40.8133,-2.7726,-0.724479,0.2462
-40.841,-2.77173,-0.722012,0.2472
-40.8687,-2.77059,-0.719535,0.2482
-40.8964,-2.76917,-0.717048,0.2492
-40.9241,-2.76748,-0.714551,0.2502
-40.9518,-2.76551,-0.712044,0.2512
-40.9794,-2.76327,-0.709527,0.2522
-41.0071,-2.76077,-0.707,0.2532
-41.0346,-2.75799,-0.704463,0.2542
-41.0622,-2.75495,-0.701916,0.2552
-41.0897,-2.75165,-0.699359,0.2562
-41.1172,-2.74808,-0.696792,0.2572
-41.1447,-2.74426,-0.694215,0.2582
-41.1721,-2.74019,-0.691628,0.2592
-41.1995,-2.73587,-0.689031,0.2602
-41.2268,-2.7313,-0.686424,0.2612
-41.2541,-2.72648,-0.683807,0.2622
-41.2814,-2.72143,-0.68118,0.2632
-41.3086,-2.71614,-0.678543,0.2642
-41.3357,-2.71063,-0.675896,0.2652
-41.3628,-2.70488,-0.673239,0.2662
-41.3898,-2.69892,-0.670572,0.2672
-41.4167,-2.69274,-0.667895,0.2682
-41.4436,-2.68635,-0.665208,0.2692
-41.4705,-2.67976,-0.662511,0.2702
-41.4972,-2.67296,-0.659804,0.2712
-41.5239,-2.66597,-0.657087,0.2722
-41.5506,-2.65878,-0.65436,0.2732
-41.5771,-2.65142,-0.651623,0.2742
-41.6036,-2.64387,-0.648876,0.2752
-41.63,-2.63615,-0.646119,0.2762
-41.6563,-2.62827,-0.643352,0.2772
-41.6826,-2.62022,-0.640575,0.2782
-41.7087,-2.61202,-0.637788,0.2792
-41.7348,-2.60367,-0.634991,0.2802
-41.7608,-2.59518,-0.632184,0.2812
-41.7867,-2.58655,-0.629367,0.2822
-41.8125,-2.57779,-0.62654,0.2832
-41.8382,-2.5689,-0.623703,0.2842
-41.8639,-2.5599,-0.620856,0.2852
-41.8894,-2.55079,-0.617999,0.2862
-41.9149,-2.54157,-0.615132,0.2872
-41.9403,-2.53225,-0.612255,0.2882
-41.9656,-2.52284,-0.609368,0.2892
-41.9907,-2.51335,-0.606471,0.2902
-42.0158,-2.50377,-0.603564,0.2912
-42.0408,-2.49413,-0.600647,0.2922
-42.0657,-2.48441,-0.59772,0.2932
-42.0905,-2.47463,-0.594783,0.2942
-42.1152,-2.4648,-0.591836,0.2952
-42.1398,-2.45492,-0.588879,0.2962
-42.1643,-2.445,-0.585912,0.2972
-42.1887,-2.43504,-0.582935,0.2982
-42.213,-2.42506,-0.579948,0.2992
-42.2372,-2.41504,-0.576951,0.3002
-42.2613,-2.40501,-0.573944,0.3012
-42.2853,-2.39497,-0.570927,0.3022
-42.3092,-2.38492,-0.5679,0.3032
-42.333,-2.37487,-0.564863,0.3042
-42.3567,-2.36483,-0.561816,0.3052
-42.3803,-2.3548,-0.558759,0.3062
-42.4038,-2.34478,-0.555692,0.3072
-42.4272,-2.33478,-0.552615,0.3082
-42.4505,-2.32481,-0.549528,0.3092
-42.4737,-2.31488,-0.546431,0.3102
-42.4968,-2.30498,-0.543324,0.3112
-42.5198,-2.29512,-0.540207,0.3122
-42.5427,-2.28531,-0.53708,0.3132
-42.5655,-2.27556,-0.533943,0.3142
-42.5882,-2.26586,-0.530796,0.3152
-42.6108,-2.25622,-0.527639,0.3162
-42.6333,-2.24665,-0.524472,0.3172
-42.6557,-2.23715,-0.521295,0.3182
-42.6781,-2.22773,-0.518108,0.3192
-42.7003,-2.21839,-0.514911,0.3202
-42.7224,-2.20913,-0.511704,0.3212
-42.7445,-2.19996,-0.508487,0.3222
-42.7664,-2.19088,-0.50526,0.3232
-42.7883,-2.1819,-0.502023,0.3242
-42.8101,-2.17302,-0.498776,0.3252
-42.8318,-2.16425,-0.495519,0.3262
-42.8534,-2.15558,-0.492252,0.3272
-42.8749,-2.14703,-0.488975,0.3282
-42.8963,-2.13859,-0.485688,0.3292
-42.9176,-2.13026,-0.482391,0.3302
-42.9389,-2.12206,-0.479084,0.3312
-42.9601,-2.11399,-0.475767,0.3322
-42.9812,-2.10604,-0.47244,0.3332
-43.0022,-2.09823,-0.469103,0.3342
-43.0231,-2.09055,-0.465756,0.3352
-43.044,-2.083,-0.462399,0.3362
-43.0648,-2.0756,-0.459032,0.3372
-43.0855,-2.06834,-0.455655,0.3382
-43.1062,-2.06122,-0.452268,0.3392
-43.1268,-2.05425,-0.448871,0.3402
-43.1473,-2.04744,-0.445464,0.3412
-43.1677,-2.04077,-0.442047,0.3422
-43.1881,-2.03426,-0.43862,0.3432
-43.2084,-2.02791,-0.435183,0.3442
-43.2286,-2.02171,-0.431736,0.3452
-43.2488,-2.01568,-0.428279,0.3462
-43.2689,-2.00981,-0.424812,0.3472
-43.289,-2.0041,-0.421335,0.3482
-43.309,-1.99857,-0.417848,0.3492
-43.329,-1.9932,-0.414351,0.3502
-43.3489,-1.988,-0.410844,0.3512
-43.3688,-1.98297,-0.407327,0.3522
-43.3886,-1.97812,-0.4038,0.3532
-43.4083,-1.97344,-0.400263,0.3542
-43.428,-1.96894,-0.396716,0.3552
-43.4477,-1.96462,-0.393159,0.3562
-43.4673,-1.96047,-0.389592,0.3572
-43.4869,-1.95651,-0.386015,0.3582
-43.5064,-1.95272,-0.382428,0.3592
-43.526,-1.94912,-0.378831,0.3602
-43.5454,-1.94571,-0.375224,0.3612
-43.5649,-1.94247,-0.371607,0.3622
-43.5843,-1.93943,-0.36798,0.3632
-43.6037,-1.93657,-0.364343,0.3642
-43.623,-1.93389,-0.360696,0.3652
-43.6423,-1.93141,-0.357039,0.3662
-43.6616,-1.92911,-0.353372,0.3672
-43.6809,-1.927,-0.349695,0.3682
-43.7002,-1.92508,-0.346008,0.3692
-43.7194,-1.92335,-0.342311,0.3702
-43.7387,-1.92182,-0.338604,0.3712
-43.7579,-1.92047,-0.334887,0.3722
-43.7771,-1.91932,-0.33116,0.3732
-43.7962,-1.91835,-0.327423,0.3742
-43.8154,-1.91758,-0.323676,0.3752
-43.8346,-1.917,-0.319919,0.3762
-43.8538,-1.91662,-0.316152,0.3772
-43.8729,-1.91642,-0.312375,0.3782
-43.8921,-1.91642,-0.308588,0.3792
-43.9113,-1.91661,-0.304791,0.3802
-43.9304,-1.917,-0.300984,0.3812
-43.9496,-1.91757,-0.297167,0.3822
-43.9688,-1.91834,-0.29334,0.3832
-43.988,-1.9193,-0.289503,0.3842
-44.0072,-1.92046,-0.285656,0.3852
-44.0264,-1.9218,-0.281799,0.3862
-44.0456,-1.92333,-0.277932,0.3872
-44.0648,-1.92506,-0.274055,0.3882
-44.0841,-1.92698,-0.270168,0.3892
-44.1034,-1.92908,-0.266271,0.3902
-44.1227,-1.93138,-0.262364,0.3912
-44.142,-1.93386,-0.258447,0.3922
-44.1614,-1.93653,-0.25452,0.3932
-44.1807,-1.93939,-0.250583,0.3942
-44.2002,-1.94244,-0.246636,0.3952
-44.2196,-1.94567,-0.242679,0.3962
-44.2391,-1.94908,-0.238712,0.3972
-44.2586,-1.95268,-0.234735,0.3982
-44.2781,-1.95646,-0.230748,0.3992
-44.2977,-1.96042,-0.226751,0.4002
-44.3173,-1.96457,-0.222744,0.4012
-44.337,-1.96889,-0.218727,0.4022
-44.3567,-1.97339,-0.2147,0.4032
-44.3765,-1.97806,-0.210663,0.4042
-44.3963,-1.98292,-0.206616,0.4052
-44.4161,-1.98794,-0.202559,0.4062
-44.436,-1.99314,-0.198492,0.4072
-44.456,-1.9985,-0.194415,0.4082
-44.476,-2.00404,-0.190328,0.4092
-44.4961,-2.00974,-0.186231,0.4102
-44.5162,-2.01561,-0.182124,0.4112
-44.5364,-2.02164,-0.178007,0.4122
-44.5566,-2.02783,-0.17388,0.4132
-44.5769,-2.03418,-0.169743,0.4142
-44.5973,-2.04069,-0.165596,0.4152
-44.6178,-2.04736,-0.161439,0.4162
-44.6383,-2.05417,-0.157272,0.4172
-44.6588,-2.06114,-0.153095,0.4182
-44.6795,-2.06825,-0.148908,0.4192
-44.7002,-2.07551,-0.144711,0.4202
-44.721,-2.08292,-0.140504,0.4212
-44.7419,-2.09046,-0.136287,0.4222
-44.7628,-2.09814,-0.13206,0.4232
-44.7838,-2.10595,-0.127823,0.4242
-44.8049,-2.1139,-0.123576,0.4252
-44.8261,-2.12197,-0.119319,0.4262
-44.8474,-2.13017,-0.115052,0.4272
-44.8687,-2.13849,-0.110775,0.4282
-44.8901,-2.14693,-0.106488,0.4292
-44.9117,-2.15548,-0.102191,0.4302
-44.9332,-2.16415,-0.097884,0.4312
-44.9549,-2.17292,-0.093567,0.4322
-44.9767,-2.1818,-0.08924,0.4332
-44.9986,-2.19078,-0.084903,0.4342
-45.0205,-2.19985,-0.080556,0.4352
-45.0426,-2.20902,-0.076199,0.4362
-45.0647,-2.21828,-0.071832,0.4372
-45.0869,-2.22762,-0.067455,0.4382
-45.1093,-2.23704,-0.063068,0.4392
-45.1317,-2.24654,-0.058671,0.4402
-45.1542,-2.25611,-0.054264,0.4412
-45.1768,-2.26575,-0.049847,0.4422
-45.1995,-2.27544,-0.04542,0.4432
-45.2223,-2.2852,-0.040983,0.4442
-45.2452,-2.29501,-0.036536,0.4452
-45.2682,-2.30486,-0.032079,0.4462
-45.2913,-2.31476,-0.027612,0.4472
-45.3145,-2.3247,-0.023135,0.4482
-45.3378,-2.33467,-0.018648,0.4492
-45.3612,-2.34466,-0.014151,0.4502
-45.3847,-2.35468,-0.009644,0.4512
-45.4083,-2.36471,-0.005127,0.4522
-45.432,-2.37476,-0.0006,0.4532
-45.4558,-2.38481,0.003937,0.4542
-45.4797,-2.39485,0.008484,0.4552
-45.5037,-2.4049,0.013041,0.4562
-45.5278,-2.41493,0.017608,0.4572
-45.552,-2.42494,0.022185,0.4582
-45.5763,-2.43493,0.026772,0.4592
-45.6007,-2.44489,0.031369,0.4602
-45.6252,-2.45481,0.035976,0.4612
-45.6498,-2.46469,0.040593,0.4622
-45.6745,-2.47452,0.04522,0.4632
-45.6993,-2.4843,0.049857,0.4642
-45.7242,-2.49401,0.054504,0.4652
-45.7491,-2.50366,0.059161,0.4662
-45.7742,-2.51324,0.063828,0.4672
-45.7994,-2.52273,0.068505,0.4682
-45.8247,-2.53214,0.073192,0.4692
-45.8501,-2.54146,0.077889,0.4702
-45.8755,-2.55068,0.082596,0.4712
-45.9011,-2.5598,0.087313,0.4722
-45.9267,-2.5688,0.09204,0.4732
-45.9524,-2.57768,0.096777,0.4742
-45.9783,-2.58644,0.101524,0.4752
-46.0042,-2.59508,0.106281,0.4762
-46.0302,-2.60357,0.111048,0.4772
-46.0562,-2.61192,0.115825,0.4782
-46.0824,-2.62013,0.120612,0.4792
-46.1086,-2.62817,0.125409,0.4802
-46.135,-2.63606,0.130216,0.4812
-46.1614,-2.64378,0.135033,0.4822
-46.1878,-2.65133,0.13986,0.4832
-46.2144,-2.6587,0.144697,0.4842
-46.241,-2.66588,0.149544,0.4852
-46.2677,-2.67288,0.154401,0.4862
-46.2945,-2.67968,0.159268,0.4872
-46.3213,-2.68628,0.164145,0.4882
-46.3482,-2.69267,0.169032,0.4892
-46.3752,-2.69885,0.173929,0.4902
-46.4022,-2.70482,0.178836,0.4912
-46.4292,-2.71056,0.183753,0.4922
-46.4564,-2.71608,0.18868,0.4932
-46.4836,-2.72137,0.193617,0.4942
-46.5108,-2.72642,0.198564,0.4952
-46.5381,-2.73124,0.203521,0.4962
-46.5654,-2.73581,0.208488,0.4972
-46.5928,-2.74014,0.213465,0.4982
-46.6202,-2.74422,0.218452,0.4992
-46.6477,-2.74804,0.223449,0.5002
-46.6752,-2.75161,0.228456,0.5012
-46.7027,-2.75491,0.233473,0.5022
-46.7303,-2.75796,0.2385,0.5032
-46.7579,-2.76074,0.243537,0.5042
-46.7855,-2.76325,0.248584,0.5052
-46.8131,-2.76549,0.253641,0.5062
-46.8408,-2.76746,0.258708,0.5072
-46.8685,-2.76915,0.263785,0.5082
-46.8962,-2.77057,0.268872,0.5092
-46.9239,-2.77172,0.273969,0.5102
-46.9516,-2.77259,0.279076,0.5112
-46.9794,-2.77318,0.284193,0.5122
-47.0071,-2.77349,0.28932,0.5132
-47.0348,-2.77352,0.294457,0.5142
-47.0626,-2.77328,0.299604,0.5152
-47.0903,-2.77275,0.304761,0.5162
-47.118,-2.77195,0.309928,0.5172
-47.1457,-2.77087,0.315105,0.5182
-47.1734,-2.76951,0.320292,0.5192
-47.2011,-2.76788,0.325489,0.5202
-47.2288,-2.76598,0.330696,0.5212
-47.2564,-2.7638,0.335913,0.5222
-47.2841,-2.76135,0.34114,0.5232
-47.3117,-2.75864,0.346377,0.5242
-47.3392,-2.75565,0.351624,0.5252
-47.3668,-2.75241,0.356881,0.5262
-47.3943,-2.7489,0.362148,0.5272
-47.4218,-2.74514,0.367425,0.5282
-47.4492,-2.74112,0.372712,0.5292
-47.4766,-2.73685,0.378009,0.5302
-47.5039,-2.73234,0.383316,0.5312
-47.5312,-2.72758,0.388633,0.5322
-47.5585,-2.72258,0.39396,0.5332
-47.5857,-2.71735,0.399297,0.5342
-47.6128,-2.71188,0.404644,0.5352
-47.6399,-2.70619,0.410001,0.5362
-47.6669,-2.70027,0.415368,0.5372
-47.6939,-2.69414,0.420745,0.5382
-47.7208,-2.6878,0.426132,0.5392
-47.7477,-2.68125,0.431529,0.5402
-47.7744,-2.6745,0.436936,0.5412
-47.8012,-2.66755,0.442353,0.5422
-47.8278,-2.66041,0.44778,0.5432
-47.8544,-2.65308,0.453217,0.5442
-47.8809,-2.64557,0.458664,0.5452
-47.9073,-2.63789,0.464121,0.5462
-47.9336,-2.63004,0.469588,0.5472
-47.9599,-2.62203,0.475065,0.5482
-47.9861,-2.61387,0.480552,0.5492
-48.0122,-2.60555,0.486049,0.5502
-48.0382,-2.59709,0.491556,0.5512
-48.0641,-2.58849,0.497073,0.5522
-48.0899,-2.57976,0.5026,0.5532
-48.1157,-2.5709,0.508137,0.5542
-48.1414,-2.56192,0.513684,0.5552
-48.1669,-2.55284,0.519241,0.5562
-48.1924,-2.54364,0.524808,0.5572
-48.2178,-2.53434,0.530385,0.5582
-48.2431,-2.52496,0.535972,0.5592
-48.2683,-2.51548,0.541569,0.5602
-48.2934,-2.50592,0.547176,0.5612
-48.3184,-2.49629,0.552793,0.5622
-48.3433,-2.48659,0.55842,0.5632
-48.3681,-2.47682,0.564057,0.5642
-48.3929,-2.46701,0.569704,0.5652
-48.4175,-2.45714,0.575361,0.5662
-48.442,-2.44722,0.581028,0.5672
-48.4664,-2.43727,0.586705,0.5682
-48.4908,-2.42729,0.592392,0.5692
-48.515,-2.41728,0.598089,0.5702
-48.5391,-2.40726,0.603796,0.5712
-48.5391,-2.40726,0.603796,0.5712
-48.5631,-2.39842,0.609471,0.5638
-48.5871,-2.38937,0.615072,0.5564
-48.6109,-2.38013,0.620599,0.549
-48.6347,-2.37068,0.626052,0.5416
-48.6583,-2.36105,0.631431,0.5342
-48.6819,-2.35124,0.636736,0.5268
-48.7054,-2.34125,0.641967,0.5194
-48.7287,-2.33108,0.647124,0.512
-48.752,-2.32076,0.652207,0.5046
-48.7751,-2.31027,0.657216,0.4972
-48.7982,-2.29963,0.662151,0.4898
-48.8211,-2.28885,0.667012,0.4824
-48.844,-2.27793,0.671799,0.475
-48.8667,-2.26687,0.676512,0.4676
-48.8893,-2.25569,0.681151,0.4602
-48.9118,-2.24439,0.685716,0.4528
-48.9342,-2.23298,0.690207,0.4454
-48.9565,-2.22145,0.694624,0.438
-48.9786,-2.20983,0.698967,0.4306
-49.0006,-2.19811,0.703236,0.4232
-49.0226,-2.1863,0.707431,0.4158
-49.0444,-2.17441,0.711552,0.4084
-49.0661,-2.16245,0.715599,0.401
-49.0876,-2.15041,0.719572,0.3936
-49.1091,-2.1383,0.723471,0.3862
-49.1304,-2.12614,0.727296,0.3788
-49.1516,-2.11393,0.731047,0.3714
-49.1727,-2.10167,0.734724,0.364
-49.1936,-2.08936,0.738327,0.3566
-49.2145,-2.07703,0.741856,0.3492
-49.2352,-2.06466,0.745311,0.3418
-49.2557,-2.05226,0.748692,0.3344
-49.2762,-2.03985,0.751999,0.327
-49.2965,-2.02742,0.755232,0.3196
-49.3168,-2.01499,0.758391,0.3122
-49.3368,-2.00255,0.761476,0.3048
-49.3568,-1.99011,0.764487,0.2974
-49.3766,-1.97768,0.767424,0.29
-49.3964,-1.96525,0.770287,0.2826
-49.416,-1.95285,0.773076,0.2752
-49.4354,-1.94046,0.775791,0.2678
-49.4548,-1.9281,0.778432,0.2604
-49.474,-1.91577,0.780999,0.253
-49.4931,-1.90348,0.783492,0.2456
-49.512,-1.89122,0.785911,0.2382
-49.5309,-1.879,0.788256,0.2308
-49.5496,-1.86683,0.790527,0.2234
-49.5682,-1.85471,0.792724,0.216
-49.5867,-1.84264,0.794847,0.2086
-49.6051,-1.83063,0.796896,0.2012
-49.6233,-1.81869,0.798871,0.1938
-49.6415,-1.8068,0.800772,0.1864
-49.6595,-1.79499,0.802599,0.179
-49.6774,-1.78325,0.804352,0.1716
-49.6951,-1.77158,0.806031,0.1642
-49.7128,-1.75999,0.807636,0.1568
-49.7303,-1.74849,0.809167,0.1494
-49.7478,-1.73706,0.810624,0.142
-49.7651,-1.72573,0.812007,0.1346
-49.7823,-1.71448,0.813316,0.1272
-49.7994,-1.70333,0.814551,0.1198
-49.8163,-1.69228,0.815712,0.1124
-49.8332,-1.68132,0.816799,0.105
-49.85,-1.67046,0.817812,0.0976
-49.8666,-1.6597,0.818751,0.0902
-49.8832,-1.64905,0.819616,0.0828
-49.8996,-1.63851,0.820407,0.0754
-49.9159,-1.62808,0.821124,0.068
-49.9322,-1.61776,0.821767,0.0606
-49.9483,-1.60755,0.822336,0.0532
-49.9643,-1.59746,0.822831,0.0458
-49.9802,-1.58749,0.823252,0.0384
-49.9961,-1.57763,0.823599,0.031
-50.0118,-1.5679,0.823872,0.0236
-50.0274,-1.55829,0.824071,0.0162
-50.043,-1.5488,0.824196,0.0088
-50.0584,-1.53944,0.824247,0.0014
-50.0738,-1.5302,0.824224,-0.006
-50.089,-1.5211,0.824127,-0.0134
-50.1042,-1.51212,0.823956,-0.0208
-50.1193,-1.50328,0.823711,-0.0282
-50.1342,-1.49457,0.823392,-0.0356
-50.1491,-1.48599,0.822999,-0.043
-50.164,-1.47755,0.822532,-0.0504
-50.1787,-1.46924,0.821991,-0.0578
-50.1933,-1.46107,0.821376,-0.0652
-50.2079,-1.45304,0.820687,-0.0726
-50.2224,-1.44514,0.819924,-0.08
-50.2368,-1.43739,0.819087,-0.0874
-50.2512,-1.42978,0.818176,-0.0948
-50.2654,-1.4223,0.817191,-0.1022
-50.2796,-1.41497,0.816132,-0.1096
-50.2937,-1.40779,0.814999,-0.117
-50.3078,-1.40074,0.813792,-0.1244
-50.3217,-1.39385,0.812511,-0.1318
-50.3356,-1.38709,0.811156,-0.1392
-50.3495,-1.38048,0.809727,-0.1466
-50.3632,-1.37402,0.808224,-0.154
-50.377,-1.36771,0.806647,-0.1614
-50.3906,-1.36154,0.804996,-0.1688
-50.4042,-1.35552,0.803271,-0.1762
-50.4177,-1.34965,0.801472,-0.1836
-50.4312,-1.34392,0.799599,-0.191
-50.4446,-1.33835,0.797652,-0.1984
-50.4579,-1.33292,0.795631,-0.2058
-50.4713,-1.32765,0.793536,-0.2132
-50.4845,-1.32252,0.791367,-0.2206
-50.4977,-1.31755,0.789124,-0.228
-50.5109,-1.31272,0.786807,-0.2354
-50.524,-1.30805,0.784416,-0.2428
-50.537,-1.30353,0.781951,-0.2502
-50.55,-1.29916,0.779412,-0.2576
-50.563,-1.29494,0.776799,-0.265
-50.5759,-1.29087,0.774112,-0.2724
-50.5888,-1.28695,0.771351,-0.2798
-50.6017,-1.28319,0.768516,-0.2872
-50.6145,-1.27958,0.765607,-0.2946
-50.6273,-1.27612,0.762624,-0.302
-50.64,-1.27282,0.759567,-0.3094
-50.6527,-1.26966,0.756436,-0.3168
-50.6654,-1.26666,0.753231,-0.3242
-50.678,-1.26382,0.749952,-0.3316
-50.6907,-1.26113,0.746599,-0.339
-50.7033,-1.25859,0.743172,-0.3464
-50.7158,-1.2562,0.739671,-0.3538
-50.7284,-1.25397,0.736096,-0.3612
-50.7409,-1.25189,0.732447,-0.3686
-50.7534,-1.24996,0.728724,-0.376
-50.7659,-1.24819,0.724927,-0.3834
-50.7784,-1.24658,0.721056,-0.3908
-50.7909,-1.24511,0.717111,-0.3982
-50.8033,-1.2438,0.713092,-0.4056
-50.8157,-1.24265,0.708999,-0.413
-50.8282,-1.24164,0.704832,-0.4204
-50.8406,-1.2408,0.700591,-0.4278
-50.853,-1.2401,0.696276,-0.4352
-50.8654,-1.23956,0.691887,-0.4426
-50.8778,-1.23918,0.687424,-0.45
-50.8902,-1.23895,0.682887,-0.4574
-50.9025,-1.23887,0.678276,-0.4648
-50.9149,-1.23895,0.673591,-0.4722
-50.9273,-1.23918,0.668832,-0.4796
-50.9397,-1.23956,0.663999,-0.487
-50.9521,-1.2401,0.659092,-0.4944
-50.9645,-1.2408,0.654111,-0.5018
-50.9769,-1.24164,0.649056,-0.5092
-50.9894,-1.24264,0.643927,-0.5166
-51.0018,-1.2438,0.638724,-0.524
-51.0142,-1.24511,0.633447,-0.5314
-51.0267,-1.24657,0.628096,-0.5388
-51.0392,-1.24819,0.622671,-0.5462
-51.0517,-1.24996,0.617172,-0.5536
-51.0642,-1.25189,0.611599,-0.561
-51.0767,-1.25396,0.605952,-0.5684
-51.0892,-1.2562,0.600231,-0.5758
-51.1018,-1.25858,0.594436,-0.5832
-51.1144,-1.26112,0.588567,-0.5906
-51.127,-1.26381,0.582624,-0.598
-51.1397,-1.26666,0.576607,-0.6054
-51.1524,-1.26966,0.570516,-0.6128
-51.1651,-1.27281,0.564351,-0.6202
-51.1778,-1.27612,0.558112,-0.6276
-51.1906,-1.27957,0.551799,-0.635
-51.2034,-1.28318,0.545412,-0.6424
-51.2163,-1.28695,0.538951,-0.6498
-51.2292,-1.29086,0.532416,-0.6572
-51.2421,-1.29493,0.525807,-0.6646
-51.2551,-1.29915,0.519124,-0.672
-51.2681,-1.30352,0.512367,-0.6794
-51.2811,-1.30804,0.505536,-0.6868
-51.2942,-1.31271,0.498631,-0.6942
-51.3074,-1.31754,0.491652,-0.7016
-51.3206,-1.32251,0.484599,-0.709
-51.3338,-1.32764,0.477472,-0.7164
-51.3471,-1.33292,0.470271,-0.7238
-51.3605,-1.33834,0.462996,-0.7312
-51.3739,-1.34391,0.455647,-0.7386
-51.3874,-1.34964,0.448224,-0.746
-51.4009,-1.35551,0.440727,-0.7534
-51.4145,-1.36153,0.433156,-0.7608
-51.4281,-1.3677,0.425511,-0.7682
-51.4418,-1.37401,0.417792,-0.7756
-51.4556,-1.38047,0.409999,-0.783
-51.4694,-1.38708,0.402132,-0.7904
-51.4834,-1.39384,0.394191,-0.7978
-51.4973,-1.40073,0.386176,-0.8052
-51.5114,-1.40778,0.378087,-0.8126
-51.5255,-1.41496,0.369924,-0.82
-51.5397,-1.42229,0.361687,-0.8274
-51.5539,-1.42976,0.353376,-0.8348
-51.5683,-1.43738,0.344991,-0.8422
-51.5827,-1.44513,0.336532,-0.8496
-51.5972,-1.45302,0.327999,-0.857
-51.6117,-1.46105,0.319392,-0.8644
-51.6264,-1.46922,0.310711,-0.8718
-51.6411,-1.47753,0.301956,-0.8792
-51.6559,-1.48597,0.293127,-0.8866
-51.6708,-1.49455,0.284224,-0.894
-51.6858,-1.50326,0.275247,-0.9014
-51.7009,-1.51211,0.266196,-0.9088
-51.7161,-1.52108,0.257071,-0.9162
-51.7313,-1.53019,0.247872,-0.9236
-51.7467,-1.53942,0.238599,-0.931
-51.7621,-1.54878,0.229252,-0.9384
-51.7777,-1.55827,0.219831,-0.9458
-51.7933,-1.56788,0.210336,-0.9532
-51.809,-1.57762,0.200767,-0.9606
-51.8248,-1.58747,0.191124,-0.968
-51.8408,-1.59744,0.181407,-0.9754
-51.8568,-1.60754,0.171616,-0.9828
-51.8729,-1.61774,0.161751,-0.9902
-51.8891,-1.62806,0.151812,-0.9976
-51.9055,-1.6385,0.141799,-1.005
-51.9219,-1.64904,0.131712,-1.0124
-51.9385,-1.65969,0.121551,-1.0198
-51.9551,-1.67044,0.111316,-1.0272
-51.9719,-1.6813,0.101007,-1.0346
-51.9887,-1.69226,0.090624,-1.042
-52.0057,-1.70332,0.080167,-1.0494
-52.0228,-1.71447,0.069636,-1.0568
-52.04,-1.72571,0.059031,-1.0642
-52.0573,-1.73705,0.048352,-1.0716
-52.0747,-1.74847,0.037599,-1.079
-52.0923,-1.75998,0.026772,-1.0864
-52.1099,-1.77156,0.015871,-1.0938
-52.1277,-1.78323,0.004896,-1.1012
-52.1456,-1.79497,-0.006153,-1.1086
-52.1636,-1.80679,-0.017276,-1.116
-52.1817,-1.81867,-0.028473,-1.1234
-52.2,-1.83061,-0.039744,-1.1308
-52.2184,-1.84262,-0.051089,-1.1382
-52.2368,-1.85469,-0.062508,-1.1456
-52.2554,-1.86681,-0.074001,-1.153
-52.2742,-1.87898,-0.085568,-1.1604
-52.293,-1.8912,-0.097209,-1.1678
-52.312,-1.90346,-0.108924,-1.1752
-52.3311,-1.91575,-0.120713,-1.1826
-52.3503,-1.92808,-0.132576,-1.19
-52.3697,-1.94044,-0.144513,-1.1974
-52.3891,-1.95283,-0.156524,-1.2048
-52.4087,-1.96523,-0.168609,-1.2122
-52.4284,-1.97766,-0.180768,-1.2196
-52.4483,-1.99009,-0.193001,-1.227
-52.4682,-2.00253,-0.205308,-1.2344
-52.4883,-2.01497,-0.217689,-1.2418
-52.5085,-2.0274,-0.230144,-1.2492
-52.5289,-2.03983,-0.242673,-1.2566
-52.5493,-2.05224,-0.255276,-1.264
-52.5699,-2.06464,-0.267953,-1.2714
-52.5906,-2.07701,-0.280704,-1.2788
-52.6115,-2.08934,-0.293529,-1.2862
-52.6324,-2.10165,-0.306428,-1.2936
-52.6535,-2.11391,-0.319401,-1.301
-52.6747,-2.12612,-0.332448,-1.3084
-52.696,-2.13829,-0.345569,-1.3158
-52.7174,-2.15039,-0.358764,-1.3232
-52.739,-2.16243,-0.372033,-1.3306
-52.7607,-2.17439,-0.385376,-1.338
-52.7825,-2.18628,-0.398793,-1.3454
-52.8044,-2.19809,-0.412284,-1.3528
-52.8265,-2.20981,-0.425849,-1.3602
-52.8265,-2.20981,-0.425849,-1.3602
-52.8486,-2.20965,-0.439418,-1.3536
-52.8707,-2.20922,-0.452921,-1.347
-52.8927,-2.20852,-0.466358,-1.3404
-52.9148,-2.20756,-0.479729,-1.3338
-52.9369,-2.20634,-0.493034,-1.3272
-52.9589,-2.20486,-0.506273,-1.3206
-52.981,-2.20311,-0.519446,-1.314
-53.003,-2.2011,-0.532553,-1.3074
-53.025,-2.19884,-0.545594,-1.3008
-53.047,-2.19631,-0.558569,-1.2942
-53.0689,-2.19353,-0.571478,-1.2876
-53.0909,-2.1905,-0.584321,-1.281
-53.1127,-2.18721,-0.597098,-1.2744
-53.1346,-2.18367,-0.609809,-1.2678
-53.1564,-2.17988,-0.622454,-1.2612
-53.1782,-2.17584,-0.635033,-1.2546
-53.1999,-2.17156,-0.647546,-1.248
-53.2216,-2.16704,-0.659993,-1.2414
-53.2433,-2.16227,-0.672374,-1.2348
-53.2649,-2.15728,-0.684689,-1.2282
-53.2864,-2.15204,-0.696938,-1.2216
-53.3079,-2.14658,-0.709121,-1.215
-53.3293,-2.14089,-0.721238,-1.2084
-53.3507,-2.13497,-0.733289,-1.2018
-53.372,-2.12884,-0.745274,-1.1952
-53.3933,-2.12248,-0.757193,-1.1886
-53.4145,-2.11591,-0.769046,-1.182
-53.4356,-2.10914,-0.780833,-1.1754
-53.4567,-2.10215,-0.792554,-1.1688
-53.4777,-2.09496,-0.804209,-1.1622
-53.4986,-2.08757,-0.815798,-1.1556
-53.5194,-2.07999,-0.827321,-1.149
-53.5402,-2.07222,-0.838778,-1.1424
-53.5609,-2.06425,-0.850169,-1.1358
-53.5815,-2.05611,-0.861494,-1.1292
-53.602,-2.04779,-0.872753,-1.1226
-53.6224,-2.03929,-0.883946,-1.116
-53.6428,-2.03062,-0.895073,-1.1094
-53.663,-2.02178,-0.906134,-1.1028
-53.6832,-2.01279,-0.917129,-1.0962
-53.7033,-2.00363,-0.928058,-1.0896
-53.7233,-1.99433,-0.938921,-1.083
-53.7432,-1.98487,-0.949718,-1.0764
-53.763,-1.97527,-0.960449,-1.0698
-53.7827,-1.96553,-0.971114,-1.0632
-53.8023,-1.95565,-0.981713,-1.0566
-53.8218,-1.94565,-0.992246,-1.05
-53.8412,-1.93552,-1.00271,-1.0434
-53.8605,-1.92526,-1.01311,-1.0368
-53.8797,-1.91489,-1.02345,-1.0302
-53.8988,-1.90441,-1.03372,-1.0236
-53.9178,-1.89381,-1.04392,-1.017
-53.9367,-1.88312,-1.05406,-1.0104
-53.9554,-1.87232,-1.06413,-1.0038
-53.9741,-1.86143,-1.07413,-0.9972
-53.9927,-1.85044,-1.08407,-0.9906
-54.0111,-1.83937,-1.09395,-0.984
-54.0295,-1.82822,-1.10375,-0.9774
-54.0477,-1.81699,-1.11349,-0.9708
-54.0658,-1.80569,-1.12317,-0.9642
-54.0838,-1.79431,-1.13278,-0.9576
-54.1017,-1.78287,-1.14232,-0.951
-54.1195,-1.77137,-1.1518,-0.9444
-54.1371,-1.75981,-1.16121,-0.9378
-54.1547,-1.7482,-1.17055,-0.9312
-54.1721,-1.73653,-1.17983,-0.9246
-54.1894,-1.72483,-1.18905,-0.918
-54.2066,-1.71307,-1.19819,-0.9114
-54.2236,-1.70129,-1.20727,-0.9048
-54.2406,-1.68946,-1.21629,-0.8982
-54.2574,-1.67761,-1.22524,-0.8916
-54.2742,-1.66572,-1.23412,-0.885
-54.2908,-1.65382,-1.24294,-0.8784
-54.3072,-1.64189,-1.25169,-0.8718
-54.3236,-1.62995,-1.26037,-0.8652
-54.3398,-1.61799,-1.26899,-0.8586
-54.3559,-1.60602,-1.27755,-0.852
-54.3719,-1.59404,-1.28603,-0.8454
-54.3878,-1.58206,-1.29445,-0.8388
-54.4036,-1.57008,-1.30281,-0.8322
-54.4192,-1.5581,-1.3111,-0.8256
-54.4348,-1.54613,-1.31932,-0.819
-54.4502,-1.53416,-1.32748,-0.8124
-54.4654,-1.5222,-1.33557,-0.8058
-54.4806,-1.51026,-1.34359,-0.7992
-54.4956,-1.49833,-1.35155,-0.7926
-54.5106,-1.48642,-1.35945,-0.786
-54.5254,-1.47453,-1.36727,-0.7794
-54.5401,-1.46266,-1.37503,-0.7728
-54.5546,-1.45082,-1.38273,-0.7662
-54.5691,-1.439,-1.39036,-0.7596
-54.5834,-1.42722,-1.39792,-0.753
-54.5976,-1.41547,-1.40542,-0.7464
-54.6117,-1.40375,-1.41285,-0.7398
-54.6257,-1.39207,-1.42021,-0.7332
-54.6396,-1.38043,-1.42751,-0.7266
-54.6533,-1.36882,-1.43475,-0.72
-54.6669,-1.35726,-1.44191,-0.7134
-54.6804,-1.34574,-1.44901,-0.7068
-54.6938,-1.33427,-1.45605,-0.7002
-54.7071,-1.32285,-1.46302,-0.6936
-54.7203,-1.31147,-1.46992,-0.687
-54.7334,-1.30014,-1.47676,-0.6804
-54.7463,-1.28887,-1.48353,-0.6738
-54.7591,-1.27765,-1.49023,-0.6672
-54.7719,-1.26648,-1.49687,-0.6606
-54.7845,-1.25537,-1.50345,-0.654
-54.797,-1.24432,-1.50995,-0.6474
-54.8094,-1.23332,-1.51639,-0.6408
-54.8216,-1.22239,-1.52277,-0.6342
-54.8338,-1.21151,-1.52908,-0.6276
-54.8459,-1.2007,-1.53532,-0.621
-54.8578,-1.18995,-1.5415,-0.6144
-54.8697,-1.17926,-1.54761,-0.6078
-54.8814,-1.16864,-1.55365,-0.6012
-54.893,-1.15809,-1.55963,-0.5946
-54.9046,-1.1476,-1.56555,-0.588
-54.916,-1.13717,-1.57139,-0.5814
-54.9273,-1.12682,-1.57717,-0.5748
-54.9385,-1.11653,-1.58289,-0.5682
-54.9496,-1.10631,-1.58854,-0.5616
-54.9607,-1.09617,-1.59412,-0.555
-54.9716,-1.08609,-1.59964,-0.5484
-54.9824,-1.07608,-1.60509,-0.5418
-54.9931,-1.06615,-1.61047,-0.5352
-55.0037,-1.05629,-1.61579,-0.5286
-55.0142,-1.0465,-1.62105,-0.522
-55.0246,-1.03678,-1.62623,-0.5154
-55.0349,-1.02714,-1.63135,-0.5088
-55.0452,-1.01757,-1.63641,-0.5022
-55.0553,-1.00807,-1.6414,-0.4956
-55.0653,-0.998647,-1.64632,-0.489
-55.0753,-0.989299,-1.65118,-0.4824
-55.0851,-0.980026,-1.65597,-0.4758
-55.0949,-0.970827,-1.66069,-0.4692
-55.1045,-0.961703,-1.66535,-0.4626
-55.1141,-0.952655,-1.66995,-0.456
-55.1236,-0.943681,-1.67447,-0.4494
-55.133,-0.934783,-1.67893,-0.4428
-55.1423,-0.925961,-1.68333,-0.4362
-55.1515,-0.917214,-1.68766,-0.4296
-55.1606,-0.908542,-1.69192,-0.423
-55.1697,-0.899946,-1.69612,-0.4164
-55.1786,-0.891425,-1.70025,-0.4098
-55.1875,-0.88298,-1.70431,-0.4032
-55.1963,-0.87461,-1.70831,-0.3966
-55.205,-0.866315,-1.71225,-0.39
-55.2136,-0.858095,-1.71611,-0.3834
-55.2222,-0.849951,-1.71991,-0.3768
-55.2306,-0.841882,-1.72365,-0.3702
-55.239,-0.833887,-1.72732,-0.3636
-55.2473,-0.825967,-1.73092,-0.357
-55.2555,-0.818122,-1.73446,-0.3504
-55.2637,-0.810351,-1.73793,-0.3438
-55.2717,-0.802654,-1.74133,-0.3372
-55.2797,-0.795032,-1.74467,-0.3306
-55.2876,-0.787482,-1.74795,-0.324
-55.2955,-0.780007,-1.75115,-0.3174
-55.3032,-0.772605,-1.75429,-0.3108
-55.3109,-0.765275,-1.75737,-0.3042
-55.3185,-0.758019,-1.76038,-0.2976
-55.3261,-0.750835,-1.76332,-0.291
-55.3335,-0.743723,-1.7662,-0.2844
-55.3409,-0.736683,-1.76901,-0.2778
-55.3483,-0.729714,-1.77175,-0.2712
-55.3555,-0.722817,-1.77443,-0.2646
-55.3627,-0.715991,-1.77705,-0.258
-55.3699,-0.709236,-1.77959,-0.2514
-55.3769,-0.702551,-1.78207,-0.2448
-55.3839,-0.695936,-1.78449,-0.2382
-55.3908,-0.689391,-1.78684,-0.2316
-55.3977,-0.682915,-1.78912,-0.225
-55.4045,-0.676508,-1.79134,-0.2184
-55.4112,-0.670169,-1.79349,-0.2118
-55.4179,-0.663899,-1.79557,-0.2052
-55.4245,-0.657697,-1.79759,-0.1986
-55.4311,-0.651562,-1.79955,-0.192
-55.4375,-0.645495,-1.80143,-0.1854
-55.444,-0.639494,-1.80325,-0.1788
-55.4503,-0.63356,-1.80501,-0.1722
-55.4566,-0.627692,-1.8067,-0.1656
-55.4629,-0.62189,-1.80832,-0.159
-55.4691,-0.616153,-1.80988,-0.1524
-55.4752,-0.610481,-1.81137,-0.1458
-55.4813,-0.604873,-1.81279,-0.1392
-55.4873,-0.59933,-1.81415,-0.1326
-55.4933,-0.59385,-1.81545,-0.126
-55.4992,-0.588434,-1.81667,-0.1194
-55.505,-0.58308,-1.81783,-0.1128
-55.5108,-0.57779,-1.81893,-0.1062
-55.5166,-0.572561,-1.81996,-0.0996
-55.5223,-0.567394,-1.82092,-0.093
-55.5279,-0.562289,-1.82182,-0.0864
-55.5335,-0.557245,-1.82265,-0.0798
-55.5391,-0.552261,-1.82341,-0.0732
-55.5446,-0.547338,-1.82411,-0.0666
-55.55,-0.542474,-1.82475,-0.06
-55.5554,-0.53767,-1.82531,-0.0534
-55.5608,-0.532925,-1.82581,-0.0468
-55.5661,-0.528239,-1.82625,-0.0402
-55.5661,-0.528239,-1.82625,-0.0402
-55.5713,-0.520491,-1.82665,-0.0392
-55.5765,-0.512777,-1.82703,-0.0382
-55.5816,-0.505096,-1.82741,-0.0372
-55.5866,-0.497448,-1.82778,-0.0362
-55.5915,-0.489832,-1.82813,-0.0352
-55.5964,-0.482248,-1.82848,-0.0342
-55.6012,-0.474697,-1.82882,-0.0332
-55.6059,-0.467177,-1.82914,-0.0322
-55.6105,-0.459688,-1.82946,-0.0312
-55.6151,-0.45223,-1.82977,-0.0302
-55.6196,-0.444803,-1.83007,-0.0292
-55.624,-0.437406,-1.83035,-0.0282
-55.6283,-0.430038,-1.83063,-0.0272
-55.6326,-0.4227,-1.8309,-0.0262
-55.6368,-0.415392,-1.83115,-0.0252
-55.6409,-0.408112,-1.8314,-0.0242
-55.6449,-0.40086,-1.83164,-0.0232
-55.6489,-0.393636,-1.83186,-0.0222
-55.6528,-0.38644,-1.83208,-0.0212
-55.6566,-0.379271,-1.83229,-0.0202
-55.6604,-0.372128,-1.83249,-0.0192
-55.6641,-0.365012,-1.83267,-0.0182
-55.6677,-0.357922,-1.83285,-0.0172
-55.6712,-0.350858,-1.83302,-0.0162
-55.6747,-0.343819,-1.83317,-0.0152
-55.6781,-0.336804,-1.83332,-0.0142
-55.6815,-0.329814,-1.83346,-0.0132
-55.6847,-0.322847,-1.83358,-0.0122
-55.6879,-0.315904,-1.8337,-0.0112
-55.691,-0.308984,-1.83381,-0.0102
-55.6941,-0.302087,-1.83391,-0.0092
-55.6971,-0.295211,-1.83399,-0.0082
-55.7,-0.288357,-1.83407,-0.0072
-55.7028,-0.281525,-1.83414,-0.0062
-55.7056,-0.274713,-1.83419,-0.0052
-55.7083,-0.267922,-1.83424,-0.0042
-55.711,-0.26115,-1.83428,-0.0032
-55.7136,-0.254398,-1.8343,-0.0022
-55.7161,-0.247665,-1.83432,-0.0012
-55.7185,-0.24095,-1.83433,-0.0002
-55.7209,-0.234253,-1.83433,0.0008
-55.7232,-0.227574,-1.83431,0.0018
-55.7254,-0.220912,-1.83429,0.0028
-55.7276,-0.214267,-1.83426,0.0038
-55.7297,-0.207638,-1.83421,0.0048
-55.7318,-0.201024,-1.83416,0.0058
-55.7337,-0.194426,-1.8341,0.0068
-55.7357,-0.187843,-1.83402,0.0078
-55.7375,-0.181273,-1.83394,0.0088
-55.7393,-0.174718,-1.83385,0.0098
-55.741,-0.168176,-1.83375,0.0108
-55.7426,-0.161647,-1.83363,0.0118
-55.7442,-0.15513,-1.83351,0.0128
-55.7457,-0.148625,-1.83338,0.0138
-55.7472,-0.142131,-1.83323,0.0148
-55.7486,-0.135648,-1.83308,0.0158
-55.7499,-0.129176,-1.83292,0.0168
-55.7512,-0.122714,-1.83274,0.0178
-55.7524,-0.116261,-1.83256,0.0188
-55.7535,-0.109817,-1.83237,0.0198
-55.7546,-0.103381,-1.83217,0.0208
-55.7556,-0.0969538,-1.83195,0.0218
-55.7565,-0.0905338,-1.83173,0.0228
-55.7574,-0.0841208,-1.8315,0.0238
-55.7582,-0.0777143,-1.83125,0.0248
-55.7589,-0.0713138,-1.831,0.0258
-55.7596,-0.0649189,-1.83074,0.0268
-55.7602,-0.058529,-1.83046,0.0278
-55.7608,-0.0521436,-1.83018,0.0288
-55.7613,-0.0457623,-1.82989,0.0298
-55.7613,-0.0457623,-1.82989,0.0298
-55.7617,-0.038961,-1.82959,0.0302
-55.7621,-0.0321626,-1.82928,0.0306
-55.7623,-0.0253665,-1.82898,0.031
-55.7626,-0.0185723,-1.82866,0.0314
-55.7627,-0.0117795,-1.82835,0.0318
-55.7628,-0.00498755,-1.82803,0.0322
-55.7628,0.00180404,-1.8277,0.0326
-55.7628,0.00859577,-1.82738,0.033
-55.7626,0.0153881,-1.82704,0.0334
-55.7625,0.0221816,-1.82671,0.0338
-55.7622,0.0289767,-1.82637,0.0342
-55.7619,0.035774,-1.82602,0.0346
-55.7615,0.0425739,-1.82568,0.035
-55.761,0.0493769,-1.82532,0.0354
-55.7605,0.0561835,-1.82497,0.0358
-55.7599,0.0629943,-1.82461,0.0362
-55.7592,0.0698096,-1.82424,0.0366
-55.7585,0.0766301,-1.82388,0.037
-55.7577,0.0834562,-1.8235,0.0374
-55.7568,0.0902884,-1.82313,0.0378
-55.7559,0.0971272,-1.82275,0.0382
-55.7549,0.103973,-1.82236,0.0386
-55.7538,0.110827,-1.82198,0.039
-55.7527,0.117688,-1.82158,0.0394
-55.7515,0.124558,-1.82119,0.0398
-55.7502,0.131437,-1.82079,0.0402
-55.7488,0.138326,-1.82038,0.0406
-55.7474,0.145225,-1.81998,0.041
-55.7459,0.152134,-1.81956,0.0414
-55.7444,0.159055,-1.81915,0.0418
-55.7427,0.165986,-1.81873,0.0422
-55.7411,0.17293,-1.8183,0.0426
-55.7393,0.179886,-1.81788,0.043
-55.7375,0.186855,-1.81744,0.0434
-55.7356,0.193838,-1.81701,0.0438
-55.7336,0.200834,-1.81657,0.0442
-55.7315,0.207845,-1.81612,0.0446
-55.7294,0.214871,-1.81568,0.045
-55.7272,0.221912,-1.81522,0.0454
-55.725,0.228968,-1.81477,0.0458
-55.7227,0.236041,-1.81431,0.0462
-55.7203,0.243131,-1.81384,0.0466
-55.7178,0.250238,-1.81338,0.047
-55.7153,0.257362,-1.8129,0.0474
-55.7126,0.264505,-1.81243,0.0478
-55.71,0.271666,-1.81195,0.0482
-55.7072,0.278845,-1.81146,0.0486
-55.7044,0.286045,-1.81098,0.049
-55.7015,0.293264,-1.81048,0.0494
-55.6985,0.300504,-1.80999,0.0498
-55.6955,0.307764,-1.80949,0.0502
-55.6924,0.315045,-1.80898,0.0506
-55.6892,0.322348,-1.80848,0.051
-55.6859,0.329673,-1.80796,0.0514
-55.6826,0.337021,-1.80745,0.0518
-55.6792,0.344391,-1.80693,0.0522
-55.6757,0.351784,-1.8064,0.0526
-55.6721,0.359202,-1.80588,0.053
-55.6685,0.366643,-1.80534,0.0534
-55.6648,0.374109,-1.80481,0.0538
-55.661,0.3816,-1.80427,0.0542
-55.6572,0.389116,-1.80372,0.0546
-55.6533,0.396657,-1.80318,0.055
-55.6492,0.404225,-1.80262,0.0554
-55.6452,0.411819,-1.80207,0.0558
-55.641,0.41944,-1.80151,0.0562
-55.6368,0.427088,-1.80094,0.0566
-55.6325,0.434763,-1.80038,0.057
-55.6281,0.442467,-1.7998,0.0574
-55.6236,0.450198,-1.79923,0.0578
-55.6191,0.457958,-1.79865,0.0582
-55.6145,0.465747,-1.79806,0.0586
-55.6098,0.473566,-1.79748,0.059
-55.605,0.481413,-1.79688,0.0594
-55.6001,0.489291,-1.79629,0.0598
-55.5952,0.497198,-1.79569,0.0602
-55.5902,0.505136,-1.79508,0.0606
-55.5851,0.513105,-1.79448,0.061
-55.5799,0.521104,-1.79386,0.0614
-55.5747,0.529135,-1.79325,0.0618
-55.5693,0.537198,-1.79263,0.0622
-55.5639,0.545292,-1.792,0.0626
-55.5584,0.553418,-1.79138,0.063
-55.5529,0.561576,-1.79074,0.0634
-55.5472,0.569767,-1.79011,0.0638
-55.5415,0.57799,-1.78947,0.0642
-55.5357,0.586246,-1.78882,0.0646
-55.5297,0.594535,-1.78818,0.065
-55.5238,0.602857,-1.78752,0.0654
-55.5177,0.611213,-1.78687,0.0658
-55.5115,0.619602,-1.78621,0.0662
-55.5053,0.628025,-1.78554,0.0666
-55.499,0.636482,-1.78488,0.067
-55.4926,0.644972,-1.7842,0.0674
-55.4861,0.653497,-1.78353,0.0678
-55.4795,0.662055,-1.78285,0.0682
-55.4728,0.670648,-1.78216,0.0686
-55.4661,0.679275,-1.78148,0.069
-55.4592,0.687936,-1.78078,0.0694
-55.4523,0.696632,-1.78009,0.0698
-55.4453,0.705362,-1.77939,0.0702
-55.4382,0.714126,-1.77868,0.0706
-55.431,0.722924,-1.77798,0.071
-55.4238,0.731757,-1.77726,0.0714
-55.4164,0.740624,-1.77655,0.0718
-55.4089,0.749525,-1.77583,0.0722
-55.4014,0.75846,-1.7751,0.0726
-55.3938,0.767429,-1.77438,0.073
-55.3861,0.776432,-1.77364,0.0734
-55.3782,0.785468,-1.77291,0.0738
-55.3703,0.794538,-1.77217,0.0742
-55.3624,0.803641,-1.77142,0.0746
-55.3543,0.812778,-1.77068,0.075
-55.3461,0.821947,-1.76992,0.0754
-55.3378,0.831149,-1.76917,0.0758
-55.3295,0.840383,-1.76841,0.0762
-55.321,0.84965,-1.76764,0.0766
-55.3125,0.858948,-1.76688,0.077
-55.3039,0.868278,-1.7661,0.0774
-55.2951,0.877638,-1.76533,0.0778
-55.2863,0.88703,-1.76455,0.0782
-55.2774,0.896452,-1.76376,0.0786
-55.2684,0.905903,-1.76298,0.079
-55.2593,0.915384,-1.76218,0.0794
-55.2501,0.924894,-1.76139,0.0798
-55.2408,0.934433,-1.76059,0.0802
-55.2314,0.943999,-1.75978,0.0806
-55.2219,0.953593,-1.75898,0.081
-55.2123,0.963213,-1.75816,0.0814
-55.2026,0.97286,-1.75735,0.0818
-55.1928,0.982532,-1.75653,0.0822
-55.183,0.992229,-1.7557,0.0826
-55.173,1.00195,-1.75488,0.083
-55.1629,1.01169,-1.75404,0.0834
-55.1528,1.02146,-1.75321,0.0838
-55.1425,1.03125,-1.75237,0.0842
-55.1321,1.04106,-1.75152,0.0846
-55.1217,1.05089,-1.75068,0.085
-55.1111,1.06074,-1.74982,0.0854
-55.1005,1.0706,-1.74897,0.0858
-55.0897,1.08049,-1.74811,0.0862
-55.0789,1.09039,-1.74724,0.0866
-55.0679,1.10031,-1.74638,0.087
-55.0568,1.11024,-1.7455,0.0874
-55.0457,1.12018,-1.74463,0.0878
-55.0344,1.13014,-1.74375,0.0882
-55.0231,1.1401,-1.74286,0.0886
-55.0116,1.15008,-1.74198,0.089
-55.0001,1.16006,-1.74108,0.0894
-54.9884,1.17006,-1.74019,0.0898
-54.9767,1.18005,-1.73929,0.0902
-54.9648,1.19006,-1.73838,0.0906
-54.9529,1.20006,-1.73748,0.091
-54.9408,1.21007,-1.73656,0.0914
-54.9287,1.22008,-1.73565,0.0918
-54.9164,1.23008,-1.73473,0.0922
-54.9041,1.24009,-1.7338,0.0926
-54.8916,1.25009,-1.73288,0.093
-54.8791,1.26008,-1.73194,0.0934
-54.8664,1.27007,-1.73101,0.0938
-54.8537,1.28005,-1.73007,0.0942
-54.8408,1.29001,-1.72912,0.0946
-54.8279,1.29997,-1.72818,0.095
-54.8148,1.30991,-1.72722,0.0954
-54.8017,1.31983,-1.72627,0.0958
-54.7884,1.32974,-1.72531,0.0962
-54.7751,1.33962,-1.72434,0.0966
-54.7616,1.34949,-1.72338,0.097
-54.7481,1.35933,-1.7224,0.0974
-54.7345,1.36914,-1.72143,0.0978
-54.7207,1.37893,-1.72045,0.0982
-54.7069,1.38869,-1.71946,0.0986
-54.6929,1.39842,-1.71848,0.099
-54.6789,1.40811,-1.71748,0.0994
-54.6648,1.41776,-1.71649,0.0998
-54.6506,1.42738,-1.71549,0.1002
-54.6362,1.43696,-1.71448,0.1006
-54.6218,1.44649,-1.71348,0.101
-54.6073,1.45598,-1.71246,0.1014
-54.5927,1.46542,-1.71145,0.1018
-54.578,1.47482,-1.71043,0.1022
-54.5632,1.48416,-1.7094,0.1026
-54.5483,1.49344,-1.70838,0.103
-54.5333,1.50267,-1.70734,0.1034
-54.5183,1.51184,-1.70631,0.1038
-54.5031,1.52095,-1.70527,0.1042
-54.4878,1.52999,-1.70422,0.1046
-54.4725,1.53897,-1.70318,0.105
-54.4571,1.54788,-1.70212,0.1054
-54.4415,1.55672,-1.70107,0.1058
-54.4259,1.56548,-1.70001,0.1062
-54.4102,1.57417,-1.69894,0.1066
-54.3944,1.58277,-1.69788,0.107
-54.3786,1.5913,-1.6968,0.1074
-54.3626,1.59974,-1.69573,0.1078
-54.3466,1.60809,-1.69465,0.1082
-54.3305,1.61636,-1.69356,0.1086
-54.3143,1.62453,-1.69248,0.109
-54.298,1.6326,-1.69138,0.1094
-54.2816,1.64058,-1.69029,0.1098
-54.2652,1.64846,-1.68919,0.1102
-54.2486,1.65624,-1.68808,0.1106
-54.232,1.66391,-1.68698,0.111
-54.2154,1.67147,-1.68586,0.1114
-54.1986,1.67892,-1.68475,0.1118
-54.1818,1.68626,-1.68363,0.1122
-54.1649,1.69348,-1.6825,0.1126
-54.1479,1.70058,-1.68138,0.113
-54.1309,1.70757,-1.68024,0.1134
-54.1138,1.71443,-1.67911,0.1138
-54.0966,1.72116,-1.67797,0.1142
-54.0793,1.72777,-1.67682,0.1146
-54.062,1.73424,-1.67568,0.115
-54.0446,1.74058,-1.67452,0.1154
-54.0272,1.74679,-1.67337,0.1158
-54.0097,1.75286,-1.67221,0.1162
-53.9922,1.75878,-1.67104,0.1166
-53.9745,1.76457,-1.66988,0.117
-53.9569,1.77021,-1.6687,0.1174
-53.9391,1.7757,-1.66753,0.1178
-53.9214,1.78104,-1.66635,0.1182
-53.9035,1.78623,-1.66516,0.1186
-53.8856,1.79127,-1.66398,0.119
-53.8677,1.79615,-1.66278,0.1194
-53.8497,1.80088,-1.66159,0.1198
-53.8317,1.80544,-1.66039,0.1202
-53.8136,1.80984,-1.65918,0.1206
-53.7955,1.81408,-1.65798,0.121
-53.7773,1.81816,-1.65676,0.1214
-53.7591,1.82207,-1.65555,0.1218
-53.7409,1.8258,-1.65433,0.1222
-53.7226,1.82937,-1.6531,0.1226
-53.7043,1.83277,-1.65188,0.123
-53.6859,1.836,-1.65064,0.1234
-53.6676,1.83905,-1.64941,0.1238
-53.6492,1.84192,-1.64817,0.1242
-53.6307,1.84462,-1.64692,0.1246
-53.6123,1.84713,-1.64568,0.125
-53.5938,1.84947,-1.64442,0.1254
-53.5753,1.85163,-1.64317,0.1258
-53.5568,1.85361,-1.64191,0.1262
-53.5382,1.85541,-1.64064,0.1266
-53.5196,1.85702,-1.63938,0.127
-53.5011,1.85845,-1.6381,0.1274
-53.4825,1.85969,-1.63683,0.1278
-53.4639,1.86075,-1.63555,0.1282
-53.4453,1.86163,-1.63426,0.1286
-53.4266,1.86231,-1.63298,0.129
-53.408,1.86282,-1.63168,0.1294
-53.3894,1.86313,-1.63039,0.1298
-53.3708,1.86326,-1.62909,0.1302
-53.3521,1.86321,-1.62778,0.1306
-53.3335,1.86296,-1.62648,0.131
-53.3149,1.86253,-1.62516,0.1314
-53.2962,1.86192,-1.62385,0.1318
-53.2776,1.86112,-1.62253,0.1322
-53.259,1.86013,-1.6212,0.1326
-53.2404,1.85896,-1.61988,0.133
-53.2218,1.8576,-1.61854,0.1334
-53.2033,1.85606,-1.61721,0.1338
-53.1847,1.85434,-1.61587,0.1342
-53.1662,1.85243,-1.61452,0.1346
-53.1477,1.85034,-1.61318,0.135
-53.1292,1.84808,-1.61182,0.1354
-53.1107,1.84563,-1.61047,0.1358
-53.0923,1.843,-1.60911,0.1362
-53.0739,1.8402,-1.60774,0.1366
-53.0555,1.83722,-1.60638,0.137
-53.0371,1.83406,-1.605,0.1374
-53.0188,1.83073,-1.60363,0.1378
-53.0005,1.82723,-1.60225,0.1382
-52.9822,1.82356,-1.60086,0.1386
-52.964,1.81971,-1.59948,0.139
-52.9459,1.81571,-1.59808,0.1394
-52.9277,1.81153,-1.59669,0.1398
-52.9096,1.80719,-1.59529,0.1402
-52.8916,1.80269,-1.59388,0.1406
-52.8736,1.79803,-1.59248,0.141
-52.8556,1.79321,-1.59106,0.1414
-52.8377,1.78823,-1.58965,0.1418
-52.8198,1.7831,-1.58823,0.1422
-52.802,1.77782,-1.5868,0.1426
-52.7843,1.77238,-1.58538,0.143
-52.7666,1.7668,-1.58394,0.1434
-52.749,1.76107,-1.58251,0.1438
-52.7314,1.7552,-1.58107,0.1442
-52.7139,1.74919,-1.57962,0.1446
-52.6964,1.74304,-1.57818,0.145
-52.679,1.73675,-1.57672,0.1454
-52.6617,1.73033,-1.57527,0.1458
-52.6444,1.72377,-1.57381,0.1462
-52.6272,1.71709,-1.57234,0.1466
-52.61,1.71028,-1.57088,0.147
-52.593,1.70334,-1.5694,0.1474
-52.576,1.69629,-1.56793,0.1478
-52.5591,1.68911,-1.56645,0.1482
-52.5422,1.68182,-1.56496,0.1486
-52.5254,1.67441,-1.56348,0.149
-52.5087,1.66689,-1.56198,0.1494
-52.4921,1.65926,-1.56049,0.1498
-52.4755,1.65153,-1.55899,0.1502
-52.459,1.64369,-1.55748,0.1506
-52.4426,1.63575,-1.55598,0.151
-52.4263,1.62771,-1.55446,0.1514
-52.4101,1.61958,-1.55295,0.1518
-52.3939,1.61135,-1.55143,0.1522
-52.3779,1.60303,-1.5499,0.1526
-52.3619,1.59463,-1.54838,0.153
-52.346,1.58613,-1.54684,0.1534
-52.3302,1.57756,-1.54531,0.1538
-52.3144,1.5689,-1.54377,0.1542
-52.2988,1.56017,-1.54222,0.1546
-52.2832,1.55136,-1.54068,0.155
-52.2678,1.54248,-1.53912,0.1554
-52.2524,1.53353,-1.53757,0.1558
-52.2371,1.52451,-1.53601,0.1562
-52.2219,1.51543,-1.53444,0.1566
-52.2068,1.50628,-1.53288,0.157
-52.1918,1.49708,-1.5313,0.1574
-52.1768,1.48781,-1.52973,0.1578
-52.162,1.47849,-1.52815,0.1582
-52.1473,1.46912,-1.52656,0.1586
-52.1326,1.4597,-1.52498,0.159
-52.1181,1.45023,-1.52338,0.1594
-52.1036,1.44071,-1.52179,0.1598
-52.0893,1.43115,-1.52019,0.1602
-52.075,1.42155,-1.51858,0.1606
-52.0608,1.41191,-1.51698,0.161
-52.0468,1.40223,-1.51536,0.1614
-52.0328,1.39252,-1.51375,0.1618
-52.0189,1.38277,-1.51213,0.1622
-52.0051,1.373,-1.5105,0.1626
-51.9914,1.36319,-1.50888,0.163
-51.9779,1.35336,-1.50724,0.1634
-51.9644,1.3435,-1.50561,0.1638
-51.951,1.33363,-1.50397,0.1642
-51.9377,1.32373,-1.50232,0.1646
-51.9245,1.31381,-1.50068,0.165
-51.9114,1.30388,-1.49902,0.1654
-51.8984,1.29393,-1.49737,0.1658
-51.8855,1.28397,-1.49571,0.1662
-51.8728,1.27399,-1.49404,0.1666
-51.8601,1.26401,-1.49238,0.167
-51.8475,1.25402,-1.4907,0.1674
-51.835,1.24402,-1.48903,0.1678
-51.8226,1.23402,-1.48735,0.1682
-51.8103,1.22401,-1.48566,0.1686
-51.7981,1.214,-1.48398,0.169
-51.786,1.204,-1.48228,0.1694
-51.774,1.19399,-1.48059,0.1698
-51.7621,1.18399,-1.47889,0.1702
-51.7504,1.17399,-1.47718,0.1706
-51.7387,1.16399,-1.47548,0.171
-51.7271,1.154,-1.47376,0.1714
-51.7156,1.14402,-1.47205,0.1718
-51.7042,1.13405,-1.47033,0.1722
-51.6929,1.12409,-1.4686,0.1726
-51.6817,1.11414,-1.46688,0.173
-51.6706,1.10421,-1.46514,0.1734
-51.6596,1.09429,-1.46341,0.1738
-51.6487,1.08438,-1.46167,0.1742
-51.6379,1.07449,-1.45992,0.1746
-51.6272,1.06461,-1.45818,0.175
-51.6167,1.05476,-1.45642,0.1754
-51.6062,1.04492,-1.45467,0.1758
-51.5958,1.0351,-1.45291,0.1762
-51.5855,1.02531,-1.45114,0.1766
-51.5752,1.01553,-1.44938,0.177
-51.5651,1.00578,-1.4476,0.1774
-51.5551,0.996047,-1.44583,0.1778
-51.5452,0.986341,-1.44405,0.1782
-51.5354,0.976659,-1.44226,0.1786
-51.5257,0.967003,-1.44048,0.179
-51.5161,0.957372,-1.43868,0.1794
-51.5065,0.947768,-1.43689,0.1798
-51.4971,0.93819,-1.43509,0.1802
-51.4878,0.928641,-1.43328,0.1806
-51.4785,0.91912,-1.43148,0.181
-51.4694,0.909627,-1.42966,0.1814
-51.4603,0.900164,-1.42785,0.1818
-51.4514,0.89073,-1.42603,0.1822
-51.4425,0.881327,-1.4242,0.1826
-51.4338,0.871954,-1.42238,0.183
-51.4251,0.862612,-1.42054,0.1834
-51.4165,0.853301,-1.41871,0.1838
-51.408,0.844022,-1.41687,0.1842
-51.3996,0.834775,-1.41502,0.1846
-51.3913,0.825561,-1.41318,0.185
-51.3831,0.816379,-1.41132,0.1854
-51.375,0.807229,-1.40947,0.1858
-51.367,0.798113,-1.40761,0.1862
-51.359,0.78903,-1.40574,0.1866
-51.3512,0.77998,-1.40388,0.187
-51.3434,0.770964,-1.402,0.1874
-51.3358,0.761982,-1.40013,0.1878
-51.3282,0.753033,-1.39825,0.1882
-51.3207,0.744119,-1.39636,0.1886
-51.3133,0.735239,-1.39448,0.189
-51.306,0.726393,-1.39258,0.1894
-51.2988,0.717581,-1.39069,0.1898
-51.2917,0.708803,-1.38879,0.1902
-51.2846,0.70006,-1.38688,0.1906
-51.2777,0.691351,-1.38498,0.191
-51.2708,0.682676,-1.38306,0.1914
-51.264,0.674036,-1.38115,0.1918
-51.2573,0.665429,-1.37923,0.1922
-51.2507,0.656857,-1.3773,0.1926
-51.2442,0.64832,-1.37538,0.193
-51.2377,0.639816,-1.37344,0.1934
-51.2314,0.631346,-1.37151,0.1938
-51.2251,0.62291,-1.36957,0.1942
-51.2189,0.614507,-1.36762,0.1946
-51.2128,0.606138,-1.36568,0.195
-51.2068,0.597803,-1.36372,0.1954
-51.2009,0.589501,-1.36177,0.1958
-51.195,0.581232,-1.35981,0.1962
-51.1892,0.572995,-1.35784,0.1966
-51.1835,0.564792,-1.35588,0.197
-51.1779,0.556621,-1.3539,0.1974
-51.1724,0.548482,-1.35193,0.1978
-51.167,0.540376,-1.34995,0.1982
-51.1616,0.532301,-1.34796,0.1986
-51.1563,0.524258,-1.34598,0.199
-51.1511,0.516246,-1.34398,0.1994
-51.146,0.508265,-1.34199,0.1998
-51.1409,0.500315,-1.33999,0.2002
-51.136,0.492396,-1.33798,0.2006
-51.1311,0.484506,-1.33598,0.201
-51.1263,0.476647,-1.33396,0.2014
-51.1216,0.468817,-1.33195,0.2018
-51.1169,0.461017,-1.32993,0.2022
-51.1123,0.453246,-1.3279,0.2026
-51.1079,0.445503,-1.32588,0.203
-51.1034,0.437789,-1.32384,0.2034
-51.0991,0.430102,-1.32181,0.2038
-51.0948,0.422443,-1.31977,0.2042
-51.0906,0.414812,-1.31772,0.2046
-51.0865,0.407207,-1.31568,0.205
-51.0825,0.399629,-1.31362,0.2054
-51.0785,0.392077,-1.31157,0.2058
-51.0747,0.384551,-1.30951,0.2062
-51.0709,0.377051,-1.30744,0.2066
-51.0671,0.369575,-1.30538,0.207
-51.0635,0.362124,-1.3033,0.2074
-51.0599,0.354698,-1.30123,0.2078
-51.0564,0.347295,-1.29915,0.2082
-51.0529,0.339915,-1.29706,0.2086
-51.0496,0.332559,-1.29498,0.209
-51.0463,0.325225,-1.29288,0.2094
-51.0431,0.317914,-1.29079,0.2098
-51.0399,0.310624,-1.28869,0.2102
-51.0369,0.303355,-1.28658,0.2106
-51.0339,0.296108,-1.28448,0.211
-51.0309,0.28888,-1.28236,0.2114
-51.0281,0.281673,-1.28025,0.2118
-51.0253,0.274486,-1.27813,0.2122
-51.0226,0.267318,-1.276,0.2126
-51.02,0.260168,-1.27388,0.213
-51.0174,0.253036,-1.27174,0.2134
-51.0149,0.245923,-1.26961,0.2138
-51.0125,0.238826,-1.26747,0.2142
-51.0101,0.231747,-1.26532,0.2146
-51.0078,0.224684,-1.26318,0.215
-51.0056,0.217637,-1.26102,0.2154
-51.0035,0.210605,-1.25887,0.2158
-51.0014,0.203589,-1.25671,0.2162
-50.9994,0.196587,-1.25454,0.2166
-50.9975,0.189599,-1.25238,0.217
-50.9956,0.182624,-1.2502,0.2174
-50.9938,0.175663,-1.24803,0.2178
-50.9921,0.168715,-1.24585,0.2182
-50.9904,0.161778,-1.24366,0.2186
-50.9889,0.154853,-1.24148,0.219
-50.9874,0.14794,-1.23928,0.2194
-50.9859,0.141037,-1.23709,0.2198
-50.9845,0.134144,-1.23489,0.2202
-50.9832,0.127262,-1.23268,0.2206
-50.982,0.120388,-1.23048,0.221
-50.9808,0.113523,-1.22826,0.2214
-50.9797,0.106666,-1.22605,0.2218
-50.9787,0.0998176,-1.22383,0.2222
-50.9777,0.0929761,-1.2216,0.2226
-50.9768,0.0861414,-1.21938,0.223
-50.976,0.0793129,-1.21714,0.2234
-50.9752,0.0724903,-1.21491,0.2238
-50.9745,0.065673,-1.21267,0.2242
-50.9739,0.0588605,-1.21042,0.2246
-50.9734,0.0520523,-1.20818,0.225
-50.9729,0.0452479,-1.20592,0.2254
-50.9725,0.0384469,-1.20367,0.2258
-50.9721,0.0316486,-1.20141,0.2262
-50.9718,0.0248527,-1.19914,0.2266
-50.9716,0.0180587,-1.19688,0.227
-50.9715,0.0112659,-1.1946,0.2274
-50.9714,0.004474,-1.19233,0.2278
-50.9714,-0.00231759,-1.19005,0.2282
-50.9714,-0.00910935,-1.18776,0.2286
-50.9716,-0.0159018,-1.18548,0.229
-50.9718,-0.0226954,-1.18318,0.2294
-50.972,-0.0294906,-1.18089,0.2298
-50.9723,-0.0362881,-1.17859,0.2302
-50.9727,-0.0430882,-1.17628,0.2306
-50.9732,-0.0498914,-1.17398,0.231
-50.9737,-0.0566984,-1.17166,0.2314
-50.9743,-0.0635094,-1.16935,0.2318
-50.975,-0.0703252,-1.16703,0.2322
-50.9757,-0.0771461,-1.1647,0.2326
-50.9766,-0.0839726,-1.16238,0.233
-50.9774,-0.0908053,-1.16004,0.2334
-50.9784,-0.0976446,-1.15771,0.2338
-50.9794,-0.104491,-1.15537,0.2342
-50.9805,-0.111345,-1.15302,0.2346
-50.9816,-0.118207,-1.15068,0.235
-50.9828,-0.125078,-1.14832,0.2354
-50.9841,-0.131958,-1.14597,0.2358
-50.9855,-0.138847,-1.14361,0.2362
-50.9869,-0.145747,-1.14124,0.2366
-50.9884,-0.152657,-1.13888,0.237
-50.9899,-0.159578,-1.1365,0.2374
-50.9916,-0.166511,-1.13413,0.2378
-50.9933,-0.173456,-1.13175,0.2382
-50.995,-0.180413,-1.12936,0.2386
-50.9969,-0.187383,-1.12698,0.239
-50.9988,-0.194367,-1.12458,0.2394
-51.0008,-0.201364,-1.12219,0.2398
-51.0028,-0.208376,-1.11979,0.2402
-51.0049,-0.215403,-1.11738,0.2406
-51.0071,-0.222445,-1.11498,0.241
-51.0094,-0.229503,-1.11256,0.2414
-51.0117,-0.236577,-1.11015,0.2418
-51.0141,-0.243668,-1.10773,0.2422
-51.0166,-0.250776,-1.1053,0.2426
-51.0191,-0.257902,-1.10288,0.243
-51.0217,-0.265045,-1.10044,0.2434
-51.0244,-0.272208,-1.09801,0.2438
-51.0272,-0.279389,-1.09557,0.2442
-51.03,-0.28659,-1.09312,0.2446
-51.0329,-0.293811,-1.09068,0.245
-51.0359,-0.301052,-1.08822,0.2454
-51.0389,-0.308314,-1.08577,0.2458
-51.0421,-0.315597,-1.08331,0.2462
-51.0453,-0.322901,-1.08084,0.2466
-51.0485,-0.330228,-1.07838,0.247
-51.0519,-0.337577,-1.0759,0.2474
-51.0553,-0.344949,-1.07343,0.2478
-51.0588,-0.352344,-1.07095,0.2482
-51.0623,-0.359764,-1.06846,0.2486
-51.066,-0.367207,-1.06598,0.249
-51.0697,-0.374674,-1.06348,0.2494
-51.0734,-0.382167,-1.06099,0.2498
-51.0773,-0.389685,-1.05849,0.2502
-51.0812,-0.397229,-1.05598,0.2506
-51.0852,-0.404798,-1.05348,0.251
-51.0893,-0.412394,-1.05096,0.2514
-51.0935,-0.420017,-1.04845,0.2518
-51.0977,-0.427667,-1.04593,0.2522
-51.1021,-0.435345,-1.0434,0.2526
-51.1064,-0.44305,-1.04088,0.253
-51.1109,-0.450784,-1.03834,0.2534
-51.1155,-0.458546,-1.03581,0.2538
-51.1201,-0.466338,-1.03327,0.2542
-51.1248,-0.474158,-1.03072,0.2546
-51.1296,-0.482008,-1.02818,0.255
-51.1344,-0.489887,-1.02562,0.2554
-51.1394,-0.497797,-1.02307,0.2558
-51.1444,-0.505738,-1.02051,0.2562
-51.1495,-0.513709,-1.01794,0.2566
-51.1547,-0.521711,-1.01538,0.257
-51.1599,-0.529744,-1.0128,0.2574
-51.1653,-0.537808,-1.01023,0.2578
-51.1707,-0.545905,-1.00765,0.2582
-51.1762,-0.554033,-1.00506,0.2586
-51.1818,-0.562194,-1.00248,0.259
-51.1874,-0.570387,-0.999885,0.2594
-51.1932,-0.578613,-0.997289,0.2598
-51.199,-0.586872,-0.994689,0.2602
-51.2049,-0.595163,-0.992085,0.2606
-51.2109,-0.603488,-0.989477,0.261
-51.217,-0.611846,-0.986865,0.2614
-51.2231,-0.620238,-0.984249,0.2618
-51.2294,-0.628663,-0.981629,0.2622
-51.2357,-0.637123,-0.979005,0.2626
-51.2421,-0.645616,-0.976377,0.263
-51.2486,-0.654143,-0.973745,0.2634
-51.2552,-0.662704,-0.971109,0.2638
-51.2619,-0.671299,-0.968469,0.2642
-51.2686,-0.679929,-0.965825,0.2646
-51.2755,-0.688593,-0.963177,0.265
-51.2824,-0.697291,-0.960525,0.2654
-51.2894,-0.706023,-0.957869,0.2658
-51.2965,-0.71479,-0.955209,0.2662
-51.3037,-0.723591,-0.952545,0.2666
-51.311,-0.732426,-0.949877,0.267
-51.3184,-0.741296,-0.947205,0.2674
-51.3258,-0.750199,-0.944529,0.2678
-51.3334,-0.759137,-0.941849,0.2682
-51.341,-0.768108,-0.939165,0.2686
-51.3487,-0.777114,-0.936477,0.269
-51.3565,-0.786153,-0.933785,0.2694
-51.3644,-0.795225,-0.931089,0.2698
-51.3724,-0.804331,-0.928389,0.2702
-51.3805,-0.81347,-0.925685,0.2706
-51.3887,-0.822642,-0.922977,0.271
-51.397,-0.831846,-0.920265,0.2714
-51.4053,-0.841083,-0.917549,0.2718
-51.4138,-0.850352,-0.914829,0.2722
-51.4224,-0.859652,-0.912105,0.2726
-51.431,-0.868984,-0.909377,0.273
-51.4397,-0.878348,-0.906645,0.2734
-51.4486,-0.887741,-0.903909,0.2738
-51.4575,-0.897165,-0.901169,0.2742
-51.4665,-0.906619,-0.898425,0.2746
-51.4756,-0.916103,-0.895677,0.275
-51.4848,-0.925615,-0.892925,0.2754
-51.4941,-0.935155,-0.890169,0.2758
-51.5035,-0.944724,-0.887409,0.2762
-51.513,-0.954319,-0.884645,0.2766
-51.5226,-0.963942,-0.881877,0.277
-51.5323,-0.97359,-0.879105,0.2774
-51.5421,-0.983264,-0.876329,0.2778
-51.552,-0.992963,-0.873549,0.2782
-51.562,-1.00269,-0.870765,0.2786
-51.572,-1.01243,-0.867977,0.279
-51.5822,-1.0222,-0.865185,0.2794
-51.5925,-1.03199,-0.862389,0.2798
-51.6028,-1.0418,-0.859589,0.2802
-51.6133,-1.05163,-0.856785,0.2806
-51.6239,-1.06148,-0.853977,0.281
-51.6345,-1.07135,-0.851165,0.2814
-51.6453,-1.08124,-0.848349,0.2818
-51.6562,-1.09114,-0.845529,0.2822
-51.6671,-1.10106,-0.842705,0.2826
-51.6782,-1.11099,-0.839877,0.283
-51.6893,-1.12093,-0.837045,0.2834
-51.7006,-1.13089,-0.834209,0.2838
-51.712,-1.14086,-0.831369,0.2842
-51.7234,-1.15083,-0.828525,0.2846
-51.735,-1.16082,-0.825677,0.285
-51.7466,-1.17081,-0.822825,0.2854
-51.7584,-1.18081,-0.819969,0.2858
-51.7703,-1.19081,-0.817109,0.2862
-51.7822,-1.20082,-0.814245,0.2866
-51.7943,-1.21083,-0.811377,0.287
-51.8064,-1.22083,-0.808505,0.2874
-51.8187,-1.23084,-0.805629,0.2878
-51.831,-1.24084,-0.802749,0.2882
-51.8435,-1.25084,-0.799865,0.2886
-51.8561,-1.26084,-0.796977,0.289
-51.8687,-1.27082,-0.794085,0.2894
-51.8815,-1.2808,-0.791189,0.2898
-51.8943,-1.29077,-0.788289,0.2902
-51.9073,-1.30072,-0.785385,0.2906
-51.9203,-1.31066,-0.782477,0.291
-51.9335,-1.32058,-0.779565,0.2914
-51.9468,-1.33049,-0.776649,0.2918
-51.9601,-1.34037,-0.773729,0.2922
-51.9736,-1.35023,-0.770805,0.2926
-51.9871,-1.36007,-0.767877,0.293
-52.0008,-1.36989,-0.764945,0.2934
-52.0145,-1.37967,-0.762009,0.2938
-52.0284,-1.38943,-0.759069,0.2942
-52.0423,-1.39915,-0.756125,0.2946
-52.0563,-1.40884,-0.753177,0.295
-52.0705,-1.41849,-0.750225,0.2954
-52.0847,-1.42811,-0.747269,0.2958
-52.099,-1.43768,-0.744309,0.2962
-52.1135,-1.44721,-0.741345,0.2966
-52.128,-1.4567,-0.738377,0.297
-52.1426,-1.46614,-0.735405,0.2974
-52.1573,-1.47552,-0.732429,0.2978
-52.1721,-1.48486,-0.729449,0.2982
-52.187,-1.49414,-0.726465,0.2986
-52.202,-1.50337,-0.723477,0.299
-52.2171,-1.51253,-0.720485,0.2994
-52.2322,-1.52164,-0.717489,0.2998
-52.2475,-1.53068,-0.714489,0.3002
-52.2629,-1.53965,-0.711485,0.3006
-52.2783,-1.54855,-0.708477,0.301
-52.2938,-1.55738,-0.705465,0.3014
-52.3094,-1.56614,-0.702449,0.3018
-52.3252,-1.57482,-0.699429,0.3022
-52.3409,-1.58342,-0.696405,0.3026
-52.3568,-1.59194,-0.693377,0.303
-52.3728,-1.60037,-0.690345,0.3034
-52.3888,-1.60872,-0.687309,0.3038
-52.405,-1.61698,-0.684269,0.3042
-52.4212,-1.62514,-0.681225,0.3046
-52.4375,-1.63321,-0.678177,0.305
-52.4538,-1.64118,-0.675125,0.3054
-52.4703,-1.64905,-0.672069,0.3058
-52.4868,-1.65682,-0.669009,0.3062
-52.5034,-1.66448,-0.665945,0.3066
-52.5201,-1.67203,-0.662877,0.307
-52.5369,-1.67948,-0.659805,0.3074
-52.5537,-1.68681,-0.656729,0.3078
-52.5706,-1.69402,-0.653649,0.3082
-52.5876,-1.70112,-0.650565,0.3086
-52.6046,-1.70809,-0.647477,0.309
-52.6217,-1.71494,-0.644385,0.3094
-52.6389,-1.72167,-0.641289,0.3098
-52.6562,-1.72826,-0.638189,0.3102
-52.6735,-1.73473,-0.635085,0.3106
-52.6909,-1.74106,-0.631977,0.311
-52.7083,-1.74725,-0.628865,0.3114
-52.7258,-1.75331,-0.625749,0.3118
-52.7434,-1.75923,-0.622629,0.3122
-52.761,-1.765,-0.619505,0.3126
-52.7787,-1.77063,-0.616377,0.313
-52.7964,-1.77611,-0.613245,0.3134
-52.8142,-1.78144,-0.610109,0.3138
-52.832,-1.78662,-0.606969,0.3142
-52.8499,-1.79165,-0.603825,0.3146
-52.8679,-1.79652,-0.600677,0.315
-52.8858,-1.80123,-0.597525,0.3154
-52.9039,-1.80578,-0.594369,0.3158
-52.922,-1.81017,-0.591209,0.3162
-52.9401,-1.8144,-0.588045,0.3166
-52.9583,-1.81846,-0.584877,0.317
-52.9765,-1.82235,-0.581705,0.3174
-52.9947,-1.82608,-0.578529,0.3178
-53.013,-1.82964,-0.575349,0.3182
-53.0313,-1.83302,-0.572165,0.3186
-53.0496,-1.83623,-0.568977,0.319
-53.068,-1.83927,-0.565785,0.3194
-53.0864,-1.84213,-0.562589,0.3198
-53.1049,-1.84481,-0.559389,0.3202
-53.1233,-1.84732,-0.556185,0.3206
-53.1418,-1.84964,-0.552977,0.321
-53.1603,-1.85179,-0.549765,0.3214
-53.1788,-1.85375,-0.546549,0.3218
-53.1974,-1.85553,-0.543329,0.3222
-53.2159,-1.85713,-0.540105,0.3226
-53.2345,-1.85855,-0.536877,0.323
-53.2531,-1.85978,-0.533645,0.3234
-53.2717,-1.86082,-0.530409,0.3238
-53.2903,-1.86168,-0.527169,0.3242
-53.309,-1.86236,-0.523925,0.3246
-53.3276,-1.86285,-0.520677,0.325
-53.3462,-1.86315,-0.517425,0.3254
-53.3648,-1.86327,-0.514169,0.3258
-53.3835,-1.8632,-0.510909,0.3262
-53.4021,-1.86294,-0.507645,0.3266
-53.4207,-1.86249,-0.504377,0.327
-53.4394,-1.86187,-0.501105,0.3274
-53.458,-1.86105,-0.497829,0.3278
-53.4766,-1.86005,-0.494549,0.3282
-53.4952,-1.85886,-0.491265,0.3286
-53.5138,-1.85749,-0.487977,0.329
-53.5323,-1.85594,-0.484685,0.3294
-53.5509,-1.8542,-0.481389,0.3298
-53.5694,-1.85228,-0.478089,0.3302
-53.5879,-1.85018,-0.474785,0.3306
-53.6064,-1.8479,-0.471477,0.331
-53.6249,-1.84544,-0.468165,0.3314
-53.6433,-1.84279,-0.464849,0.3318
-53.6617,-1.83998,-0.461529,0.3322
-53.6801,-1.83698,-0.458205,0.3326
-53.6985,-1.83381,-0.454877,0.333
-53.7168,-1.83047,-0.451545,0.3334
-53.7351,-1.82696,-0.448209,0.3338
-53.7533,-1.82327,-0.444869,0.3342
-53.7715,-1.81942,-0.441525,0.3346
-53.7897,-1.8154,-0.438177,0.335
-53.8078,-1.81121,-0.434825,0.3354
-53.8259,-1.80686,-0.431469,0.3358
-53.844,-1.80234,-0.428109,0.3362
-53.862,-1.79767,-0.424745,0.3366
-53.8799,-1.79284,-0.421377,0.337
-53.8978,-1.78785,-0.418005,0.3374
-53.9157,-1.78271,-0.414629,0.3378
-53.9335,-1.77741,-0.411249,0.3382
-53.9512,-1.77197,-0.407865,0.3386
-53.9689,-1.76637,-0.404477,0.339
-53.9866,-1.76064,-0.401085,0.3394
-54.0041,-1.75475,-0.397689,0.3398
-54.0217,-1.74873,-0.394289,0.3402
-54.0391,-1.74257,-0.390885,0.3406
-54.0565,-1.73627,-0.387477,0.341
-54.0738,-1.72984,-0.384065,0.3414
-54.0911,-1.72327,-0.380649,0.3418
-54.1083,-1.71658,-0.377229,0.3422
-54.1254,-1.70976,-0.373805,0.3426
-54.1425,-1.70281,-0.370377,0.343
-54.1595,-1.69575,-0.366945,0.3434
-54.1764,-1.68856,-0.363509,0.3438
-54.1933,-1.68126,-0.360069,0.3442
-54.21,-1.67385,-0.356625,0.3446
-54.2267,-1.66632,-0.353177,0.345
-54.2434,-1.65868,-0.349725,0.3454
-54.2599,-1.65094,-0.346269,0.3458
-54.2764,-1.64309,-0.342809,0.3462
-54.2928,-1.63515,-0.339345,0.3466
-54.3091,-1.6271,-0.335877,0.347
-54.3253,-1.61896,-0.332405,0.3474
-54.3415,-1.61073,-0.328929,0.3478
-54.3575,-1.6024,-0.325449,0.3482
-54.3735,-1.59399,-0.321965,0.3486
-54.3894,-1.58549,-0.318477,0.349
-54.4052,-1.57691,-0.314985,0.3494
-54.421,-1.56825,-0.311489,0.3498
-54.4366,-1.55951,-0.307989,0.3502
-54.4521,-1.55069,-0.304485,0.3506
-54.4676,-1.54181,-0.300977,0.351
-54.483,-1.53285,-0.297465,0.3514
-54.4983,-1.52383,-0.293949,0.3518
-54.5135,-1.51474,-0.290429,0.3522
-54.5286,-1.50559,-0.286905,0.3526
-54.5436,-1.49638,-0.283377,0.353
-54.5585,-1.48711,-0.279845,0.3534
-54.5733,-1.47779,-0.276309,0.3538
-54.588,-1.46841,-0.272769,0.3542
-54.6027,-1.45898,-0.269225,0.3546
-54.6172,-1.44951,-0.265677,0.355
-54.6317,-1.43999,-0.262125,0.3554
-54.646,-1.43043,-0.258569,0.3558
-54.6603,-1.42082,-0.255009,0.3562
-54.6744,-1.41118,-0.251445,0.3566
-54.6885,-1.4015,-0.247877,0.357
-54.7025,-1.39178,-0.244305,0.3574
-54.7163,-1.38203,-0.240729,0.3578
-54.7301,-1.37226,-0.237149,0.3582
-54.7438,-1.36245,-0.233565,0.3586
-54.7574,-1.35262,-0.229977,0.359
-54.7708,-1.34276,-0.226385,0.3594
-54.7842,-1.33288,-0.222789,0.3598
-54.7975,-1.32298,-0.219189,0.3602
-54.8107,-1.31306,-0.215585,0.3606
-54.8238,-1.30313,-0.211977,0.361
-54.8367,-1.29318,-0.208365,0.3614
-54.8496,-1.28321,-0.204749,0.3618
-54.8624,-1.27324,-0.201129,0.3622
-54.8751,-1.26325,-0.197505,0.3626
-54.8877,-1.25326,-0.193877,0.363
-54.9001,-1.24326,-0.190245,0.3634
-54.9125,-1.23326,-0.186609,0.3638
-54.9248,-1.22325,-0.182969,0.3642
-54.937,-1.21325,-0.179325,0.3646
-54.9491,-1.20324,-0.175677,0.365
-54.9611,-1.19323,-0.172025,0.3654
-54.9729,-1.18323,-0.168369,0.3658
-54.9847,-1.17323,-0.164709,0.3662
-54.9964,-1.16324,-0.161045,0.3666
-55.008,-1.15325,-0.157377,0.367
-55.0195,-1.14327,-0.153705,0.3674
-55.0309,-1.1333,-0.150029,0.3678
-55.0421,-1.12334,-0.146349,0.3682
-55.0533,-1.11339,-0.142665,0.3686
-55.0644,-1.10346,-0.138977,0.369
-55.0754,-1.09354,-0.135285,0.3694
-55.0863,-1.08363,-0.131589,0.3698
-55.0971,-1.07374,-0.127889,0.3702
-55.1077,-1.06387,-0.124185,0.3706
-55.1183,-1.05401,-0.120477,0.371
-55.1288,-1.04418,-0.116765,0.3714
-55.1392,-1.03436,-0.113049,0.3718
-55.1495,-1.02457,-0.109329,0.3722
-55.1597,-1.01479,-0.105605,0.3726
-55.1698,-1.00504,-0.101877,0.373
-55.1798,-0.995312,-0.098145,0.3734
-55.1897,-0.985608,-0.094409,0.3738
-55.1995,-0.975928,-0.090669,0.3742
-55.2092,-0.966273,-0.086925,0.3746
-55.2189,-0.956645,-0.083177,0.375
-55.2284,-0.947042,-0.079425,0.3754
-55.2378,-0.937467,-0.075669,0.3758
-55.2471,-0.92792,-0.071909,0.3762
-55.2564,-0.918401,-0.068145,0.3766
-55.2655,-0.908911,-0.064377,0.377
-55.2745,-0.89945,-0.060605,0.3774
-55.2835,-0.890018,-0.056829,0.3778
-55.2923,-0.880617,-0.053049,0.3782
-55.3011,-0.871247,-0.049265,0.3786
-55.3098,-0.861907,-0.045477,0.379
-55.3183,-0.852599,-0.041685,0.3794
-55.3268,-0.843322,-0.037889,0.3798
-55.3352,-0.834078,-0.034089,0.3802
-55.3435,-0.824865,-0.030285,0.3806
-55.3517,-0.815686,-0.026477,0.381
-55.3598,-0.806539,-0.022665,0.3814
-55.3678,-0.797425,-0.018849,0.3818
-55.3758,-0.788344,-0.015029,0.3822
-55.3836,-0.779297,-0.011205,0.3826
-55.3913,-0.770284,-0.007377,0.383
-55.399,-0.761304,-0.003545,0.3834
-55.4066,-0.752358,0.000291,0.3838
-55.414,-0.743446,0.004131,0.3842
-55.4214,-0.734569,0.007975,0.3846
-55.4287,-0.725725,0.011823,0.385
-55.4359,-0.716916,0.015675,0.3854
-55.4431,-0.708141,0.019531,0.3858
-55.4501,-0.6994,0.023391,0.3862
-55.4571,-0.690694,0.027255,0.3866
-55.4639,-0.682022,0.031123,0.387
-55.4707,-0.673384,0.034995,0.3874
-55.4774,-0.66478,0.038871,0.3878
-55.484,-0.656211,0.042751,0.3882
-55.4905,-0.647675,0.046635,0.3886
-55.4969,-0.639174,0.050523,0.389
-55.5033,-0.630707,0.054415,0.3894
-55.5096,-0.622273,0.058311,0.3898
-55.5157,-0.613873,0.062211,0.3902
-55.5218,-0.605507,0.066115,0.3906
-55.5279,-0.597174,0.070023,0.391
-55.5338,-0.588874,0.073935,0.3914
-55.5396,-0.580608,0.077851,0.3918
-55.5454,-0.572374,0.081771,0.3922
-55.5511,-0.564173,0.085695,0.3926
-55.5567,-0.556004,0.089623,0.393
-55.5622,-0.547868,0.093555,0.3934
-55.5676,-0.539764,0.097491,0.3938
-55.573,-0.531692,0.101431,0.3942
-55.5783,-0.523651,0.105375,0.3946
-55.5835,-0.515641,0.109323,0.395
-55.5886,-0.507663,0.113275,0.3954
-55.5936,-0.499715,0.117231,0.3958
-55.5986,-0.491798,0.121191,0.3962
-55.6035,-0.483911,0.125155,0.3966
-55.6083,-0.476054,0.129123,0.397
-55.613,-0.468227,0.133095,0.3974
-55.6176,-0.460428,0.137071,0.3978
-55.6222,-0.452659,0.141051,0.3982
-55.6267,-0.444919,0.145035,0.3986
-55.6311,-0.437206,0.149023,0.399
-55.6354,-0.429522,0.153015,0.3994
-55.6397,-0.421865,0.157011,0.3998
-55.6439,-0.414236,0.161011,0.4002
-55.648,-0.406633,0.165015,0.4006
-55.652,-0.399057,0.169023,0.401
-55.6559,-0.391507,0.173035,0.4014
-55.6598,-0.383983,0.177051,0.4018
-55.6636,-0.376485,0.181071,0.4022
-55.6674,-0.369011,0.185095,0.4026
-55.671,-0.361562,0.189123,0.403
-55.6746,-0.354137,0.193155,0.4034
-55.6781,-0.346736,0.197191,0.4038
-55.6815,-0.339358,0.201231,0.4042
-55.6849,-0.332004,0.205275,0.4046
-55.6882,-0.324671,0.209323,0.405
-55.6914,-0.317362,0.213375,0.4054
-55.6945,-0.310073,0.217431,0.4058
-55.6976,-0.302806,0.221491,0.4062
-55.7006,-0.29556,0.225555,0.4066
-55.7035,-0.288335,0.229623,0.407
-55.7063,-0.281129,0.233695,0.4074
-55.7091,-0.273943,0.237771,0.4078
-55.7118,-0.266776,0.241851,0.4082
-55.7144,-0.259628,0.245935,0.4086
-55.717,-0.252498,0.250023,0.409
-55.7195,-0.245386,0.254115,0.4094
-55.7219,-0.238291,0.258211,0.4098
-55.7243,-0.231212,0.262311,0.4102
-55.7265,-0.224151,0.266415,0.4106
-55.7287,-0.217105,0.270523,0.411
-55.7309,-0.210074,0.274635,0.4114
-55.7329,-0.203059,0.278751,0.4118
-55.7349,-0.196058,0.282871,0.4122
-55.7369,-0.189071,0.286995,0.4126
-55.7387,-0.182098,0.291123,0.413
-55.7405,-0.175137,0.295255,0.4134
-55.7422,-0.16819,0.299391,0.4138
-55.7439,-0.161254,0.303531,0.4142
-55.7454,-0.15433,0.307675,0.4146
-55.747,-0.147418,0.311823,0.415
-55.7484,-0.140515,0.315975,0.4154
-55.7498,-0.133624,0.320131,0.4158
-55.7511,-0.126741,0.324291,0.4162
-55.7523,-0.119869,0.328455,0.4166
-55.7535,-0.113004,0.332623,0.417
-55.7546,-0.106148,0.336795,0.4174
-55.7556,-0.0993,0.340971,0.4178
-55.7565,-0.0924591,0.345151,0.4182
-55.7574,-0.0856248,0.349335,0.4186
-55.7583,-0.0787968,0.353523,0.419
-55.759,-0.0719746,0.357715,0.4194
-55.7597,-0.0651577,0.361911,0.4198
-55.7603,-0.0583455,0.366111,0.4202
-55.7609,-0.0515376,0.370315,0.4206
-55.7613,-0.0447335,0.374523,0.421
-55.7618,-0.0379327,0.378735,0.4214
-55.7621,-0.0311347,0.382951,0.4218
-55.7624,-0.024339,0.387171,0.4222
-55.7626,-0.017545,0.391395,0.4226
-55.7627,-0.0107523,0.395623,0.423
-55.7628,-0.00396046,0.399855,0.4234
-55.7628,0.00283113,0.404091,0.4238
-55.7627,0.00962292,0.408331,0.4242
-55.7626,0.0164154,0.412575,0.4246
-55.7624,0.0232091,0.416823,0.425
-55.7622,0.0300045,0.421075,0.4254
-55.7618,0.0368022,0.425331,0.4258
-55.7614,0.0436025,0.429591,0.4262
-55.7609,0.050406,0.433855,0.4266
-55.7604,0.0572132,0.438123,0.427
-55.7598,0.0640246,0.442395,0.4274
-55.7591,0.0708407,0.446671,0.4278
-55.7584,0.077662,0.450951,0.4282
-55.7576,0.084489,0.455235,0.4286
-55.7567,0.0913222,0.459523,0.429
-55.7557,0.098162,0.463815,0.4294
-55.7547,0.105009,0.468111,0.4298
-55.7536,0.111864,0.472411,0.4302
