0.00190000000000000,0.04880000000000000,0.00000000000000000,0.00000000000000000,0.00000000000000000,4.71630000000000038,-0.19000000000000000,0.25000000000000000
0.00190012175935749,0.04879791488546340,0.00047166115799221,0.00243378296228079,-0.04170198820509955,4.71685566434692216,-0.19000000000000000,0.25000000000000000
0.00190048647296038,0.04879165973965598,0.00094335763334627,0.00485905696207902,-0.08339985731746659,4.71700634714109857,-0.19000000000000000,0.25000000000000000
0.00190109328156015,0.04878123520498597,0.00141504892895578,0.00727565527164871,-0.12508899672167453,4.71675208014438851,-0.19000000000000000,0.25000000000000000
0.00190194130933141,0.04876664238509500,0.00188669455412883,0.00968341308715600,-0.16676479255571006,4.71609295991379796,-0.19000000000000000,0.25000000000000000
0.00190302966406610,0.04874788284512548,0.00235825403107593,0.01208216756573399,-0.20842262885788643,4.71502914796609307,-0.19000000000000000,0.25000000000000000
0.00190435743737149,0.04872495861187293,0.00282968690141316,0.01447175786205370,-0.25005788872025803,4.71356087091758980,-0.19000000000000000,0.25000000000000000
0.00190592370487164,0.04869787217382268,0.00330095273267814,0.01685202516438715,-0.29166595544790141,4.71168842059887449,-0.19000000000000000,0.25000000000000000
0.00190772752641266,0.04866662648107043,0.00377201112485604,0.01922281273013889,-0.33324221372341906,4.70941215414423908,-0.19000000000000000,0.25000000000000000
0.00190976794627127,0.04863122494512604,0.00424282171691345,0.02158396592082259,-0.37478205077601329,4.70673249405562011,-0.19000000000000000,0.25000000000000000
0.00191204399336700,0.04859167143860025,0.00471334419333723,0.02393533223645946,-0.41628085755446920,4.70364992824087036,-0.19000000000000000,0.25000000000000000
0.00191455468147774,0.04854797029477394,0.00518353829067594,0.02627676134937540,-0.45773402990337886,4.70016501002618270,-0.19000000000000000,0.25000000000000000
0.00191729900945858,0.04850012630704967,0.00565336380408124,0.02860810513737440,-0.49913696974193150,4.69627835814253736,-0.19000000000000000,0.25000000000000000
0.00192027596146403,0.04844814472828511,0.00612278059384656,0.03092921771626570,-0.54048508624458824,4.69199065668603943,-0.19000000000000000,0.25000000000000000
0.00192348450717342,0.04839203127000852,0.00659174859194057,0.03323995547172276,-0.58177379702295506,4.68730265505204535,-0.19000000000000000,0.25000000000000000
0.00192692360201944,0.04833179210151585,0.00706022780853272,0.03554017709045235,-0.62299852930816224,4.68221516784299574,-0.19000000000000000,0.25000000000000000
0.00193059218741978,0.04826743384884972,0.00752817833850821,0.03782974359065255,-0.66415472113305518,4.67672907474989596,-0.19000000000000000,0.25000000000000000
0.00193448919101175,0.04819896359366014,0.00799556036796985,0.04010851835173881,-0.70523782251349743,4.67084532040739919,-0.19000000000000000,0.25000000000000000
0.00193861352688988,0.04812638887194723,0.00846233418072407,0.04237636714331768,-0.74624329662808431,4.66456491422247588,-0.19000000000000000,0.25000000000000000
0.00194296409584635,0.04804971767268603,0.00892846016474848,0.04463315815338819,-0.78716662099556423,4.65788893017667061,-0.19000000000000000,0.25000000000000000
0.00194753978561422,0.04796895843633376,0.00939389881863835,0.04687876201575172,-0.82800328864926309,4.65081850660197116,-0.19000000000000000,0.25000000000000000
0.00195233947111330,0.04788412005321977,0.00985861075802935,0.04911305183661109,-0.86874880930780662,4.64335484593033421,-0.19000000000000000,0.25000000000000000
0.00195736201469875,0.04779521186181868,0.01032255672199389,0.05133590322034072,-0.90939871054143651,4.63549921441693336,-0.19000000000000000,0.25000000000000000
0.00196260626641209,0.04770224364690708,0.01078569757940859,0.05354719429441001,-0.94994853893321674,4.62725294183722546,-0.19000000000000000,0.25000000000000000
0.00196807106423477,0.04760522563760446,0.01124799433528999,0.05574680573344262,-0.99039386123442874,4.61861742115793472,-0.19000000000000000,0.25000000000000000
0.00197375523434402,0.04750416850529888,0.01170940813709621,0.05793462078239506,-1.03073026551345648,4.60959410818209392,-0.19000000000000000,0.25000000000000000
0.00197965759137101,0.04739908336145807,0.01216990028099172,0.06011052527883860,-1.07095336229746563,4.60018452116829835,-0.19000000000000000,0.25000000000000000
0.00198577693866120,0.04728998175532687,0.01262943221807280,0.06227440767432908,-1.11105878570618644,4.59039024042434107,-0.19000000000000000,0.25000000000000000
0.00199211206853675,0.04717687567151155,0.01308796556055109,0.06442615905484989,-1.15104219457711232,4.58021290787542767,-0.19000000000000000,0.25000000000000000
0.00199866176256097,0.04705977752745227,0.01354546208789268,0.06656567316031414,-1.19089927358143521,4.56965422660719423,-0.19000000000000000,0.25000000000000000
0.00200542479180464,0.04693870017078419,0.01400188375291026,0.06869284640311266,-1.23062573433004130,4.55871596038375948,-0.19000000000000000,0.25000000000000000
0.00201239991711411,0.04681365687658875,0.01445719268780587,0.07080757788569514,-1.27021731646890190,4.54739993314107416,-0.19000000000000000,0.25000000000000000
0.00201958588938120,0.04668466134453581,0.01491135121016170,0.07290976941717260,-1.30966978876319762,4.53570802845584709,-0.19000000000000000,0.25000000000000000
0.00202698144981462,0.04655172769591803,0.01536432182887659,0.07499932552892996,-1.34897895016952796,4.52364218899035020,-0.19000000000000000,0.25000000000000000
0.00203458533021295,0.04641487047057863,0.01581606725004590,0.07707615348923828,-1.38814063089556106,4.51120441591341681,-0.19000000000000000,0.25000000000000000
0.00204239625323900,0.04627410462373383,0.01626655038278216,0.07914016331685711,-1.42715069344649481,4.49839676829798130,-0.19000000000000000,0.25000000000000000
0.00205041293269552,0.04612944552269140,0.01671573434497445,0.08119126779361796,-1.46600503365770796,4.48522136249551107,-0.19000000000000000,0.25000000000000000
0.00205863407380209,0.04598090894346656,0.01716358246898401,0.08322938247598101,-1.50469958171298912,4.47168037148771358,-0.19000000000000000,0.25000000000000000
0.00206705837347308,0.04582851106729685,0.01761005830727388,0.08525442570555748,-1.54323030314774901,4.45777602421591546,-0.19000000000000000,0.25000000000000000
0.00207568452059672,0.04567226847705751,0.01805512563797048,0.08726631861859149,-1.58159319983662816,4.44351060488852223,-0.19000000000000000,0.25000000000000000
0.00208451119631492,0.04551219815357876,0.01849874847035475,0.08926498515439553,-1.61978431096493058,4.42888645226699929,-0.19000000000000000,0.25000000000000000
0.00209353707430399,0.04534831747186695,0.01894089105028090,0.09125035206273478,-1.65779971398332293,4.41390595893081628,-0.19000000000000000,0.25000000000000000
0.00210276082105603,0.04518064419723094,0.01938151786552055,0.09322234891015627,-1.69563552554525576,4.39857157052182313,-0.19000000000000000,0.25000000000000000
0.00211218109616083,0.04500919648131571,0.01982059365103043,0.09518090808525960,-1.73328790242658060,4.38288578496854075,-0.19000000000000000,0.25000000000000000
0.00212179655258834,0.04483399285804492,0.02025808339414138,0.09712596480290701,-1.77075304242684495,4.36685115169086036,-0.19000000000000000,0.25000000000000000
0.00213160583697143,0.04465505223947422,0.02069395233966693,0.09905745710737109,-1.80802718525177242,4.35047027078566817,-0.19000000000000000,0.25000000000000000
0.00214160758988898,0.04447239391155735,0.02112816599492954,0.10097532587441947,-1.84510661337644377,4.33374579219391798,-0.19000000000000000,0.25000000000000000
0.00215180044614906,0.04428603752982684,0.02156069013470259,0.10287951481233679,-1.88198765288871672,4.31668041484969578,-0.19000000000000000,0.25000000000000000
0.00216218303507218,0.04409600311499140,0.02199149080606638,0.10476997046188460,-1.91866667431243787,4.29927688581182554,-0.19000000000000000,0.25000000000000000
0.00217275398077453,0.04390231104845205,0.02242053433317654,0.10664664219520131,-1.95514009341001671,4.28153799937858981,-0.19000000000000000,0.25000000000000000
0.00218351190245099,0.04370498206773896,0.02284778732194301,0.10850948221364450,-1.99140437196395270,4.26346659618613089,-0.19000000000000000,0.25000000000000000
0.00219445541465791,0.04350403726187132,0.02327321666461804,0.11035844554457923,-2.02745601853692348,4.24506556229113574,-0.19000000000000000,0.25000000000000000
0.00220558312759549,0.04329949806664216,0.02369678954429183,0.11219349003711653,-2.06329158921006028,4.22633782823839610,-0.19000000000000000,0.25000000000000000
0.00221689364738974,0.04309138625983055,0.02411847343929403,0.11401457635680701,-2.09890768829905650,4.20728636811385392,-0.19000000000000000,0.25000000000000000
0.00222838557637375,0.04287972395634328,0.02453823612749998,0.11582166797929558,-2.13430096904777722,4.18791419858375225,-0.19000000000000000,0.25000000000000000
0.00224005751336841,0.04266453360328828,0.02495604569054014,0.11761473118294384,-2.16946813429905427,4.16822437792052103,-0.19000000000000000,0.25000000000000000
0.00225190805396222,0.04244583797498219,0.02537187051791142,0.11939373504042758,-2.20440593714237032,4.14822000501602872,-0.19000000000000000,0.25000000000000000
0.00226393579079026,0.04222366016789424,0.02578567931098936,0.12115865140931742,-2.23911118153816124,4.12790421838284338,-0.19000000000000000,0.25000000000000000
0.00227613931381223,0.04199802359552893,0.02619744108693973,0.12290945492165178,-2.27358072291848012,4.10728019514415532,-0.19000000000000000,0.25000000000000000
0.00228851721058922,0.04176895198324988,0.02660712518252866,0.12464612297251164,-2.30781146876379095,4.08635115001300520,-0.19000000000000000,0.25000000000000000
0.00230106806655952,0.04153646936304706,0.02701470125783018,0.12636863570760748,-2.34180037915568073,4.06512033426149078,-0.19000000000000000,0.25000000000000000
0.00231379046531295,0.04130060006825016,0.02742013929983017,0.12807697600988976,-2.37554446730529278,4.04359103468060077,-0.19000000000000000,0.25000000000000000
0.00232668298886388,0.04106136872819014,0.02782340962592589,0.12977112948519431,-2.40904080005731736,4.02176657253135161,-0.19000000000000000,0.25000000000000000
0.00233974421792280,0.04081880026281174,0.02822448288732019,0.13145108444693565,-2.44228649836938372,3.99965030248789466,-0.19000000000000000,0.25000000000000000
0.00235297273216623,0.04057291987723925,0.02862333007230968,0.13311683189986084,-2.47527873776672580,3.97724561157325995,-0.19000000000000000,0.25000000000000000
0.00236636711050501,0.04032375305629805,0.02901992250946613,0.13476836552287819,-2.50801474877201347,3.95455591808841378,-0.19000000000000000,0.25000000000000000
0.00237992593135086,0.04007132555899440,0.02941423187071044,0.13640568165097477,-2.54049181731026197,3.93158467053530014,-0.19000000000000000,0.25000000000000000
0.00239364777288099,0.03981566341295599,0.02980623017427868,0.13802877925623813,-2.57270728508874891,3.90833534653454118,-0.19000000000000000,0.25000000000000000
0.00240753121330086,0.03955679290883580,0.03019588978757966,0.13963765992799762,-2.60465854995189572,3.88481145173846265,-0.19000000000000000,0.25000000000000000
0.00242157483110486,0.03929474059468165,0.03058318342994353,0.14123232785210155,-2.63634306621108649,3.86101651874012042,-0.19000000000000000,0.25000000000000000
0.00243577720533490,0.03902953327027409,0.03096808417526124,0.14281278978934706,-2.66775834494941488,3.83695410597899267,-0.19000000000000000,0.25000000000000000
0.00245013691583678,0.03876119798143500,0.03135056545451427,0.14437905505307963,-2.69890195430137902,3.81262779664400142,-0.19000000000000000,0.25000000000000000
0.00246465254351432,0.03848976201430952,0.03173060105819472,0.14593113548598047,-2.72977151970755338,3.78804119757452629,-0.19000000000000000,0.25000000000000000
0.00247932267058105,0.03821525288962377,0.03210816513861527,0.14746904543605949,-2.76036472414429213,3.76319793816006731,-0.19000000000000000,0.25000000000000000
0.00249414588080956,0.03793769835692080,0.03248323221210921,0.14899280173187301,-2.79067930832853817,3.73810166923920573,-0.19000000000000000,0.25000000000000000
0.00250912075977823,0.03765712638877733,0.03285577716112024,0.15050242365698507,-2.82071307089783119,3.71275606199851271,-0.19000000000000000,0.25000000000000000
0.00252424589511550,0.03737356517500373,0.03322577523618228,0.15199793292369188,-2.85046386856562073,3.68716480687204218,-0.19000000000000000,0.25000000000000000
0.00253951987674132,0.03708704311682968,0.03359320205778919,0.15347935364602955,-2.87992961625201760,3.66133161244204519,-0.19000000000000000,0.25000000000000000
0.00255494129710600,0.03679758882107797,0.03395803361815476,0.15494671231208523,-2.90910828719013148,3.63526020434152786,-0.19000000000000000,0.25000000000000000
0.00257050875142616,0.03650523109432893,0.03432024628286296,0.15640003775563222,-2.93799791300815638,3.60895432415927253,-0.19000000000000000,0.25000000000000000
0.00258622083791789,0.03620999893707777,0.03467981679240893,0.15783936112711011,-2.96659658378739000,3.58241772834793126,-0.19000000000000000,0.25000000000000000
0.00260207615802694,0.03591192153788742,0.03503672226363089,0.15926471586397131,-2.99490244809638595,3.55565418713579318,-0.19000000000000000,0.25000000000000000
0.00261807331665586,0.03561102826753906,0.03539094019103350,0.16067613766041500,-3.02291371300145340,3.52866748344281422,-0.19000000000000000,0.25000000000000000
0.00263421092238820,0.03530734867318275,0.03574244844800303,0.16207366443653087,-3.05062864405373846,3.50146141180149284,-0.19000000000000000,0.25000000000000000
0.00265048758770951,0.03500091247249066,0.03609122528791484,0.16345733630687409,-3.07804556525313444,3.47403977728316171,-0.19000000000000000,0.25000000000000000
0.00266690192922516,0.03469174954781485,0.03643724934513384,0.16482719554849390,-3.10516285898928368,3.44640639443025165,-0.19000000000000000,0.25000000000000000
0.00268345256787504,0.03437988994035226,0.03678049963590853,0.16618328656843800,-3.13197896595995262,3.41856508619508270,-0.19000000000000000,0.25000000000000000
0.00270013812914483,0.03406536384431888,0.03712095555915915,0.16752565587075544,-3.15849238506706742,3.39051968288571093,-0.19000000000000000,0.25000000000000000
0.00271695724327410,0.03374820160113546,0.03745859689716091,0.16885435202302018,-3.18470167329072007,3.36227402111936247,-0.19000000000000000,0.25000000000000000
0.00273390854546093,0.03342843369362689,0.03779340381612289,0.17016942562239842,-3.21060544554146254,3.33383194278396200,-0.19000000000000000,0.25000000000000000
0.00275099067606317,0.03310609074023745,0.03812535686666354,0.17147092926128210,-3.23620237449122339,3.30519729400825613,-0.19000000000000000,0.25000000000000000
0.00276820228079622,0.03278120348926399,0.03845443698418367,0.17275891749251152,-3.26149119038318958,3.27637392414101836,-0.19000000000000000,0.25000000000000000
0.00278554201092732,0.03245380281310916,0.03878062548913778,0.17403344679420987,-3.28647068082100979,3.24736568473980736,-0.19000000000000000,0.25000000000000000
0.00280300852346633,0.03212391970255680,0.03910390408720481,0.17529457553425248,-3.31113969053768864,3.21817642856973629,-0.19000000000000000,0.25000000000000000
0.00282060048135285,0.03179158526107134,0.03942425486935928,0.17654236393439349,-3.33549712114454655,3.18881000861270048,-0.19000000000000000,0.25000000000000000
0.00283831655363988,0.03145683069912335,0.03974166031184382,0.17777687403407288,-3.35954193086063757,3.15927027708749009,-0.19000000000000000,0.25000000000000000
0.00285615541567371,0.03111968732854311,0.04005610327604441,0.17899816965392634,-3.38327313422301978,3.12956108448120807,-0.19000000000000000,0.25000000000000000
0.00287411574927023,0.03078018655690408,0.04036756700826923,0.18020631635902071,-3.40668980177828740,3.09968627859239154,-0.19000000000000000,0.25000000000000000
0.00289219624288752,0.03043835988193810,0.04067603513943246,0.18140138142183734,-3.42979105975577658,3.06964970358622535,-0.19000000000000000,0.25000000000000000
0.00291039559179472,0.03009423888598425,0.04098149168464425,0.18258343378502603,-3.45257608972287189,3.03945519906221762,-0.19000000000000000,0.25000000000000000
0.00292871249823718,0.02974785523047299,0.04128392104270803,0.18375254402395144,-3.47504412822284081,3.00910659913469569,-0.19000000000000000,0.25000000000000000
0.00294714567159786,0.02939924065044736,0.04158330799552659,0.18490878430905411,-3.49719446639563625,2.97860773152646363,-0.19000000000000000,0.25000000000000000
0.00296569382855495,0.02904842694912303,0.04187963770741817,0.18605222836804813,-3.51902644958210775,2.94796241667594661,-0.19000000000000000,0.25000000000000000
0.00298435569323569,0.02869544599248861,0.04217289572434394,0.18718295144797703,-3.54053947691207149,2.91717446685813409,-0.19000000000000000,0.25000000000000000
0.00300312999736640,0.02834032970394804,0.04246306797304830,0.18830103027714909,-3.56173300087669586,2.88624768531961751,-0.19000000000000000,0.25000000000000000
0.00302201548041872,0.02798311005900649,0.04275014076011339,0.18940654302697385,-3.58260652688565751,2.85518586542800179,-0.19000000000000000,0.25000000000000000
0.00304101088975196,0.02762381908000121,0.04303410077092928,0.19049956927372019,-3.60315961280953223,2.82399278983595803,-0.19000000000000000,0.25000000000000000
0.00306011498075174,0.02726248883087896,0.04331493506858125,0.19158018996021700,-3.62339186850788897,2.79267222966016426,-0.19000000000000000,0.25000000000000000
0.00307932651696468,0.02689915141202130,0.04359263109265584,0.19264848735751686,-3.64330295534355608,2.76122794367536972,-0.19000000000000000,0.25000000000000000
0.00309864427022931,0.02653383895511905,0.04386717665796695,0.19370454502654263,-3.66289258568352682,2.72966367752380235,-0.19000000000000000,0.25000000000000000
0.00311806702080316,0.02616658361809743,0.04413855995320373,0.19474844777973707,-3.68216052238698666,2.69798316294012386,-0.19000000000000000,0.25000000000000000
0.00313759355748598,0.02579741758009291,0.04440676953950168,0.19578028164273459,-3.70110657828093048,2.66619011699211939,-0.19000000000000000,0.25000000000000000
0.00315722267773914,0.02542637303648319,0.04467179434893873,0.19680013381607456,-3.71973061562384899,2.63428824133729789,-0.19000000000000000,0.25000000000000000
0.00317695318780123,0.02505348219397130,0.04493362368295765,0.19780809263697499,-3.73803254555796327,2.60228122149556063,-0.19000000000000000,0.25000000000000000
0.00319678390279979,0.02467877726572511,0.04519224721071664,0.19880424754118470,-3.75601232755048020,2.57017272613808423,-0.19000000000000000,0.25000000000000000
0.00321671364685929,0.02430229046657320,0.04544765496736954,0.19978868902493238,-3.77366996882434869,2.53796640639254534,-0.19000000000000000,0.25000000000000000
0.00323674125320525,0.02392405400825817,0.04569983735227749,0.20076150860699019,-3.79100552377899103,2.50566589516480587,-0.19000000000000000,0.25000000000000000
0.00325686556426464,0.02354410009474832,0.04594878512715343,0.20172279879086882,-3.80801909340148459,2.47327480647715792,-0.19000000000000000,0.25000000000000000
0.00327708543176243,0.02316246091760876,0.04619448941414146,0.20267265302716159,-3.82471082466866585,2.44079673482321580,-0.19000000000000000,0.25000000000000000
0.00329739971681444,0.02277916865143266,0.04643694169383230,0.20361116567605331,-3.84108090994062756,2.40823525453952936,-0.19000000000000000,0.25000000000000000
0.00331780729001645,0.02239425544933359,0.04667613380321696,0.20453843197001065,-3.85712958634607572,2.37559391919397989,-0.19000000000000000,0.25000000000000000
0.00333830703152954,0.02200775343849974,0.04691205793357993,0.20545454797666932,-3.87285713516001495,2.34287626099100299,-0.19000000000000000,0.25000000000000000
0.00335889783116178,0.02161969471581065,0.04714470662833382,0.20635961056193328,-3.88826388117421962,2.31008579019367177,-0.19000000000000000,0.25000000000000000
0.00337957858844620,0.02123011134351735,0.04737407278079706,0.20725371735330111,-3.90335019206095302,2.27722599456266517,-0.19000000000000000,0.25000000000000000
0.00340034821271516,0.02083903534498638,0.04760014963191624,0.20813696670343354,-3.91811647773038274,2.24430033881212454,-0.19000000000000000,0.25000000000000000
0.00342120562317102,0.02044649870050833,0.04782293076793503,0.20900945765397630,-3.93256318968215046,2.21131226408239767,-0.19000000000000000,0.25000000000000000
0.00344214974895327,0.02005253334317160,0.04804241011801112,0.20987128989965176,-3.94669082035153007,2.17826518742965236,-0.19000000000000000,0.25000000000000000
0.00346317952920204,0.01965717115480171,0.04825858195178293,0.21072256375263243,-3.96049990245062578,2.14516250133233388,-0.19000000000000000,0.25000000000000000
0.00348429391311806,0.01926044396196674,0.04847144087688793,0.21156338010720882,-3.97399100830503516,2.11200757321442234,-0.19000000000000000,0.25000000000000000
0.00350549186001915,0.01886238353204933,0.04868098183643403,0.21239384040476394,-3.98716474918641062,2.07880374498544684,-0.19000000000000000,0.25000000000000000
0.00352677233939317,0.01846302156938561,0.04888720010642584,0.21321404659906609,-4.00002177464134334,2.04555433259718678,-0.19000000000000000,0.25000000000000000
0.00354813433094754,0.01806238971147139,0.04909009129314739,0.21402410112189132,-4.01256277181698273,2.01226262561699443,-0.19000000000000000,0.25000000000000000
0.00356957682465535,0.01766051952523593,0.04928965133050308,0.21482410684898615,-4.02478846478380525,1.97893188681765420,-0.19000000000000000,0.25000000000000000
0.00359109882079804,0.01725744250338360,0.04948587647731838,0.21561416706638112,-4.03669961385593723,1.94556535178368617,-0.19000000000000000,0.25000000000000000
0.00361269933000478,0.01685319006080357,0.04967876331460203,0.21639438543706505,-4.04829701490942462,1.91216622853399421,-0.19000000000000000,0.25000000000000000
0.00363437737328853,0.01644779353104778,0.04986830874277122,0.21716486596802931,-4.05958149869884455,1.87873769716074435,-0.19000000000000000,0.25000000000000000
0.00365613198207878,0.01604128416287730,0.05005450997884162,0.21792571297769148,-4.07055393017264056,1.84528290948435769,-0.19000000000000000,0.25000000000000000
0.00367796219825108,0.01563369311687723,0.05023736455358357,0.21867703106370656,-4.08121520778755364,1.81180498872448559,-0.19000000000000000,0.25000000000000000
0.00369986707415340,0.01522505146214019,0.05041687030864622,0.21941892507117419,-4.09156626282252134,1.77830702918683281,-0.19000000000000000,0.25000000000000000
0.00372184567262926,0.01481539017301835,0.05059302539365111,0.22015150006124953,-4.10160805869240708,1.74479209596568219,-0.19000000000000000,0.25000000000000000
0.00374389706703782,0.01440474012594421,0.05076582826325687,0.22087486128016487,-4.11134159026190371,1.71126322466196945,-0.19000000000000000,0.25000000000000000
0.00376602034127085,0.01399313209631987,0.05093527767419635,0.22158911412866916,-4.12076788315996545,1.67772342111674755,-0.19000000000000000,0.25000000000000000
0.00378821458976665,0.01358059675547488,0.05110137268228799,0.22229436413189163,-4.12988799309510046,1.64417566115987501,-0.19000000000000000,0.25000000000000000
0.00381047891752101,0.01316716466769241,0.05126411263942275,0.22299071690963557,-4.13870300517185274,1.61062289037375317,-0.19000000000000000,0.25000000000000000
0.00383281244009522,0.01275286628730382,0.05142349719052818,0.22367827814710789,-4.14721403320879300,1.57706802387193346,-0.19000000000000000,0.25000000000000000
0.00385521428362116,0.01233773195585125,0.05157952627051104,0.22435715356608960,-4.15542221905833209,1.54351394609240988,-0.19000000000000000,0.25000000000000000
0.00387768358480352,0.01192179189931819,0.05173220010118009,0.22502744889655210,-4.16332873192866249,1.50996351060540235,-0.19000000000000000,0.25000000000000000
0.00390021949091926,0.01150507622542766,0.05188151918815020,0.22568926984872351,-4.17093476770811478,1.47641953993543806,-0.19000000000000000,0.25000000000000000
0.00392282115981418,0.01108761492100790,0.05202748431772956,0.22634272208560907,-4.17824154829222838,1.44288482539752483,-0.19000000000000000,0.25000000000000000
0.00394548775989694,0.01066943784942516,0.05217009655379107,0.22698791119596942,-4.18525032091380211,1.40936212694721275,-0.19000000000000000,0.25000000000000000
0.00396821847013023,0.01025057474808336,0.05230935723462946,0.22762494266775957,-4.19196235747620349,1.37585417304433100,-0.19000000000000000,0.25000000000000000
0.00399101248001941,0.00983105522599017,0.05244526796980552,0.22825392186203183,-4.19837895389019344,1.34236366053018608,-0.19000000000000000,0.25000000000000000
0.00401386898959853,0.00941090876138934,0.05257783063697859,0.22887495398730509,-4.20450142941452043,1.30889325451800143,-0.19000000000000000,0.25000000000000000
0.00403678720941381,0.00899016469945864,0.05270704737872887,0.22948814407440232,-4.21033112600052828,1.27544558829637533,-0.19000000000000000,0.25000000000000000
0.00405976636050465,0.00856885225007325,0.05283292059937065,0.23009359695175854,-4.21586940764101126,1.24202326324553169,-0.19000000000000000,0.25000000000000000
0.00408280567438216,0.00814700048563393,0.05295545296175779,0.23069141722120026,-4.22111765972354824,1.20862884876613541,-0.19000000000000000,0.25000000000000000
0.00410590439300529,0.00772463833895976,0.05307464738408275,0.23128170923419777,-4.22607728838853092,1.17526488222043879,-0.19000000000000000,0.25000000000000000
0.00412906176875468,0.00730179460124466,0.05319050703667030,0.23186457706859112,-4.23074971989209558,1.14193386888552628,-0.19000000000000000,0.25000000000000000
0.00415227706440410,0.00687849792007753,0.05330303533876713,0.23244012450578996,-4.23513639997416380,1.10863828191842129,-0.19000000000000000,0.25000000000000000
0.00417554955308971,0.00645477679752521,0.05341223595532864,0.23300845500844775,-4.23923879323178454,1.07538056233281543,-0.19000000000000000,0.25000000000000000
0.00419887851827708,0.00603065958827789,0.05351811279380389,0.23356967169860984,-4.24305838249796352,1.04216311898718228,-0.19000000000000000,0.25000000000000000
0.00422226325372607,0.00560617449785632,0.05362067000091993,0.23412387733633555,-4.24659666822615378,1.00898832858403265,-0.19000000000000000,0.25000000000000000
0.00424570306345358,0.00518134958088033,0.05371991195946666,0.23467117429879267,-4.24985516788058426,0.97585853568006997,-0.19000000000000000,0.25000000000000000
0.00426919726169422,0.00475621273939795,0.05381584328508317,0.23521166455982437,-4.25283541533257736,0.94277605270700204,-0.19000000000000000,0.25000000000000000
0.00429274517285897,0.00433079172127465,0.05390846882304674,0.23574544966998642,-4.25553896026302159,0.90974316000276512,-0.19000000000000000,0.25000000000000000
0.00431634613149192,0.00390511411864201,0.05399779364506543,0.23627263073705376,-4.25796736757113248,0.87676210585291559,-0.19000000000000000,0.25000000000000000
0.00433999948222497,0.00347920736640515,0.05408382304607534,0.23679330840699436,-4.26012221678964753,0.84383510654194460,-0.19000000000000000,0.25000000000000000
0.00436370457973078,0.00305309874080835,0.05416656254104346,0.23730758284540840,-4.26200510150658385,0.81096434641427106,-0.19000000000000000,0.25000000000000000
0.00438746078867377,0.00262681535805819,0.05424601786177712,0.23781555371943061,-4.26361762879368200,0.77815197794466773,-0.19000000000000000,0.25000000000000000
0.00441126748365944,0.00220038417300345,0.05432219495374092,0.23831732018009319,-4.26496141864164802,0.74540012181787652,-0.19000000000000000,0.25000000000000000
0.00443512404918184,0.00177383197787114,0.05439509997288210,0.23881298084514668,-4.26603810340230716,0.71271086701716901,-0.19000000000000000,0.25000000000000000
0.00445902987956946,0.00134718540105804,0.05446473928246516,0.23930263378233588,-4.26684932723776544,0.68008627092160900,-0.19000000000000000,0.25000000000000000
0.00448298437892937,0.00092047090597688,0.05453111944991666,0.23978637649312756,-4.26739674557668014,0.64752835941177500,-0.19000000000000000,0.25000000000000000
0.00450698696108981,0.00049371478995658,0.05459424724368100,0.24026430589688688,-4.26768202457771650,0.61503912698370189,-0.19000000000000000,0.25000000000000000
0.00453103704954121,0.00006694318319577,0.05465412963008805,0.24073651831549897,-4.26770684060028138,0.58262053687080106,-0.19000000000000000,0.25000000000000000
0.00455513407737570,-0.00035981795223111,0.05471077377023320,0.24120310945843182,-4.26747287968260292,0.55027452117352160,-0.19000000000000000,0.25000000000000000
0.00457927748722513,-0.00078654282331591,0.05476418701687097,0.24166417440823693,-4.26698183702722211,0.51800298099651465,-0.19000000000000000,0.25000000000000000
0.00460346673119765,-0.00121320580700780,0.05481437691132252,0.24211980760648355,-4.26623541649396376,0.48580778659306662,-0.19000000000000000,0.25000000000000000
0.00462770127081297,-0.00163978145105396,0.05486135118039805,0.24257010284012240,-4.26523533010043465,0.45369077751656656,-0.19000000000000000,0.25000000000000000
0.00465198057693621,-0.00206624447479068,0.05490511773333468,0.24301515322827455,-4.26398329753010152,0.42165376277877764,-0.19000000000000000,0.25000000000000000
0.00467630412971046,-0.00249256976988568,0.05494568465875047,0.24345505120944105,-4.26248104564799224,0.38969852101468239,-0.19000000000000000,0.25000000000000000
0.00470067141848813,-0.00291873240103237,0.05498306022161524,0.24388988852912880,-4.26073030802406105,0.35782680065367489,-0.19000000000000000,0.25000000000000000
0.00472508194176102,-0.00334470760659683,0.05501725286023883,0.24431975622788790,-4.25873282446423751,0.32604032009687511,-0.19000000000000000,0.25000000000000000
0.00474953520708925,-0.00377047079921829,0.05504827118327739,0.24474474462975562,-4.25649034054920072,0.29434076790034230,-0.19000000000000000,0.25000000000000000
0.00477403073102907,-0.00419599756636384,0.05507612396675828,0.24516494333110228,-4.25400460718088969,0.26272980296396864,-0.19000000000000000,0.25000000000000000
0.00479856803905952,-0.00462126367083824,0.05510082015112410,0.24558044118987371,-4.25127738013677003,0.23120905472583458,-0.19000000000000000,0.25000000000000000
0.00482314666550808,-0.00504624505124948,0.05512236883829649,0.24599132631522549,-4.24831041963186440,0.19978012336181222,-0.19000000000000000,0.25000000000000000
0.00484776615347529,-0.00547091782243098,0.05514077928876003,0.24639768605754364,-4.24510548988855607,0.16844457999020412,-0.19000000000000000,0.25000000000000000
0.00487242605475839,-0.00589525827582114,0.05515606091866700,0.24679960699884629,-4.24166435871416692,0.13720396688120901,-0.19000000000000000,0.25000000000000000
0.00489712592977402,-0.00631924287980100,0.05516822329696319,0.24719717494356133,-4.23798879708630150,0.10605979767100816,-0.19000000000000000,0.25000000000000000
0.00492186534748001,-0.00674284827999092,0.05517727614253538,0.24759047490967431,-4.23408057874595656,0.07501355758026955,-0.19000000000000000,0.25000000000000000
0.00494664388529631,-0.00716605129950685,0.05518322932138090,0.24797959112024115,-4.22994147979837720,0.04406670363686929,-0.19000000000000000,0.25000000000000000
0.00497146112902509,-0.00758882893917714,0.05518609284379968,0.24836460699526031,-4.22557327832164908,0.01322066490263405,-0.19000000000000000,0.25000000000000000
0.00499631667277004,-0.00801115837772058,0.05518587686160911,0.24874560514389843,-4.22097775398300179,-0.01752315729608973,-0.19000000000000000,0.25000000000000000
0.00502121011885492,-0.00843301697188643,0.05518259166538218,0.24912266735706423,-4.21615668766280205,-0.04816338913423011,-0.19000000000000000,0.25000000000000000
0.00504614107774137,-0.00885438225655726,0.05517624768170921,0.24949587460032452,-4.21111186108620750,-0.07869868405033470,-0.19000000000000000,0.25000000000000000
0.00507110916794603,-0.00927523194481534,0.05516685547048354,0.24986530700715698,-4.20584505646245255,-0.10912772250565064,-0.19000000000000000,0.25000000000000000
0.00509611401595702,-0.00969554392797333,0.05515442572221137,0.25023104387253370,-4.20035805613172375,-0.13944921174011998,-0.19000000000000000,0.25000000000000000
0.00512115525614978,-0.01011529627557002,0.05513896925534625,0.25059316364682976,-4.19465264221959888,-0.16966188552546785,-0.19000000000000000,0.25000000000000000
0.00514623253070231,-0.01053446723533190,0.05512049701364838,0.25095174393005110,-4.18873059629899558,-0.19976450391555728,-0.19000000000000000,0.25000000000000000
0.00517134548950986,-0.01095303523310133,0.05509902006356895,0.25130686146637571,-4.18259369905959222,-0.22975585299418133,-0.19000000000000000,0.25000000000000000
0.00519649379009910,-0.01137097887273198,0.05507454959165987,0.25165859213900249,-4.17624372998467486,-0.25963474462045949,-0.19000000000000000,0.25000000000000000
0.00522167709754176,-0.01178827693595232,0.05504709690200909,0.25200701096530170,-4.16968246703535250,-0.28940001617200223,-0.19000000000000000,0.25000000000000000
0.00524689508436783,-0.01220490838219796,0.05501667341370162,0.25235219209226151,-4.16291168634209807,-0.31905053028600366,-0.19000000000000000,0.25000000000000000
0.00527214743047831,-0.01262085234841345,0.05498329065830665,0.25269420879222426,-4.15593316190355022,-0.34858517459841948,-0.19000000000000000,0.25000000000000000
0.00529743382305750,-0.01303608814882430,0.05494696027739077,0.25303313345890716,-4.14874866529252539,-0.37800286148138335,-0.19000000000000000,0.25000000000000000
0.00532275395648503,-0.01345059527468008,0.05490769402005754,0.25336903760370133,-4.14135996536917617,-0.40730252777901166,-0.19000000000000000,0.25000000000000000
0.00534810753224738,-0.01386435339396900,0.05486550374051358,0.25370199185224312,-4.13376882800123191,-0.43648313454174309,-0.19000000000000000,0.25000000000000000
0.00537349425884919,-0.01427734235110507,0.05482040139566129,0.25403206594125255,-4.12597701579126586,-0.46554366675935632,-0.19000000000000000,0.25000000000000000
0.00539891385172417,-0.01468954216658818,0.05477239904271824,0.25435932871563222,-4.11798628781091214,-0.49448313309280528,-0.19000000000000000,0.25000000000000000
0.00542436603314587,-0.01510093303663802,0.05472150883686361,0.25468384812582190,-4.10979839934196978,-0.52330056560500804,-0.19000000000000000,0.25000000000000000
0.00544985053213803,-0.01551149533280245,0.05466774302891142,0.25500569122540212,-4.10141510162432521,-0.55199501949072249,-0.19000000000000000,0.25000000000000000
0.00547536708438480,-0.01592120960154095,0.05461111396301091,0.25532492416894181,-4.09283814161061610,-0.58056557280563814,-0.19000000000000000,0.25000000000000000
0.00550091543214079,-0.01633005656378396,0.05455163407437402,0.25564161221008386,-4.08406926172757156,-0.60901132619480991,-0.19000000000000000,0.25000000000000000
0.00552649532414083,-0.01673801711446856,0.05448931588703005,0.25595581969986309,-4.07511019964394805,-0.63733140262055732,-0.19000000000000000,0.25000000000000000
0.00555210651550968,-0.01714507232205141,0.05442417201160756,0.25626761008525117,-4.06596268804498528,-0.66552494708994725,-0.19000000000000000,0.25000000000000000
0.00557774876767153,-0.01755120342799937,0.05435621514314352,0.25657704590792274,-4.05662845441331044,-0.69359112638197817,-0.19000000000000000,0.25000000000000000
0.00560342184825943,-0.01795639184625853,0.05428545805891979,0.25688418880323710,-4.04710922081620694,-0.72152912877457731,-0.19000000000000000,0.25000000000000000
0.00562912553102462,-0.01836061916270230,0.05421191361632689,0.25718909949943053,-4.03740670369917165,-0.74933816377152096,-0.19000000000000000,0.25000000000000000
0.00565485959574578,-0.01876386713455920,0.05413559475075500,0.25749183781701307,-4.02752261368568032,-0.77701746182938480,-0.19000000000000000,0.25000000000000000
0.00568062382813824,-0.01916611768982088,0.05405651447351240,0.25779246266836503,-4.01745865538307800,-0.80456627408462655,-0.19000000000000000,0.25000000000000000
0.00570641801976314,-0.01956735292663106,0.05397468586977112,0.25809103205752743,-4.00721652719451704,-0.83198387208090230,-0.19000000000000000,0.25000000000000000
0.00573224196793662,-0.01996755511265595,0.05389012209653976,0.25838760308018155,-3.99679792113685473,-0.85926954749671292,-0.19000000000000000,0.25000000000000000
0.00575809547563898,-0.02036670668443674,0.05380283638066370,0.25868223192381185,-3.98620452266443248,-0.88642261187347449,-0.19000000000000000,0.25000000000000000
0.00578397835142385,-0.02076479024672485,0.05371284201685233,0.25897497386804746,-3.97543801049865086,-0.91344239634410451,-0.19000000000000000,0.25000000000000000
0.00580989040932746,-0.02116178857180028,0.05362015236573345,0.25926588328517713,-3.96450005646325421,-0.94032825136221110,-0.19000000000000000,0.25000000000000000
0.00583583146877794,-0.02155768459877386,0.05352478085193475,0.25955501364083222,-3.95339232532524587,-0.96707954643197114,-0.19000000000000000,0.25000000000000000
0.00586180135450469,-0.02195246143287389,0.05342674096219218,0.25984241749483322,-3.94211647464134352,-0.99369566983877844,-0.19000000000000000,0.25000000000000000
0.00588779989644781,-0.02234610234471761,0.05332604624348528,0.26012814650219468,-3.93067415460989311,-1.02017602838074284,-0.19000000000000000,0.25000000000000000
0.00591382692966774,-0.02273859076956822,0.05322271030119931,0.26041225141428342,-3.91906700792815421,-1.04652004710111535,-0.19000000000000000,0.25000000000000000
0.00593988229425492,-0.02312991030657784,0.05311674679731404,0.26069478208012575,-3.90729666965487388,-1.07272716902171394,-0.19000000000000000,0.25000000000000000
0.00596596583523963,-0.02352004471801700,0.05300816944861921,0.26097578744785821,-3.89536476707806045,-1.09879685487742140,-0.19000000000000000,0.25000000000000000
0.00599207740250198,-0.02390897792849121,0.05289699202495644,0.26125531556631820,-3.88327291958787280,-1.12472858285182253,-0.19000000000000000,0.25000000000000000
0.00601821685068209,-0.02429669402414495,0.05278322834748753,0.26153341358676868,-3.87102273855454282,-1.15052184831404736,-0.19000000000000000,0.25000000000000000
0.00604438403909039,-0.02468317725185385,0.05266689228698899,0.26181012776475343,-3.85861582721124030,-1.17617616355688326,-0.19000000000000000,0.25000000000000000
0.00607057883161816,-0.02506841201840532,0.05254799776217275,0.26208550346207771,-3.84605378054179869,-1.20169105753621697,-0.19000000000000000,0.25000000000000000
0.00609680109664827,-0.02545238288966815,0.05242655873803279,0.26235958514891028,-3.83333818517321756,-1.22706607561186409,-0.19000000000000000,0.25000000000000000
0.00612305070696610,-0.02583507458975172,0.05230258922421765,0.26263241640600232,-3.82047061927285192,-1.25230077928984285,-0.19000000000000000,0.25000000000000000
0.00614932753967074,-0.02621647200015503,0.05217610327342866,0.26290403992701877,-3.80745265245021169,-1.27739474596614366,-0.19000000000000000,0.25000000000000000
0.00617563147608641,-0.02659656015890624,0.05204711497984366,0.26317449752097832,-3.79428584566327931,-1.30234756867204760,-0.19000000000000000,0.25000000000000000
0.00620196240167409,-0.02697532425969296,0.05191563847756614,0.26344383011479761,-3.78097175112926642,-1.32715885582104143,-0.19000000000000000,0.25000000000000000
0.00622832020594344,-0.02735274965098396,0.05178168793909963,0.26371207775593541,-3.76751191223972670,-1.35182823095737503,-0.19000000000000000,0.25000000000000000
0.00625470478236503,-0.02772882183514250,0.05164527757384711,0.26397927961513334,-3.75390786347993943,-1.37635533250630648,-0.19000000000000000,0.25000000000000000
0.00628111602828279,-0.02810352646753184,0.05150642162663531,0.26424547398924858,-3.74016113035248132,-1.40073981352607713,-0.19000000000000000,0.25000000000000000
0.00630755384482673,-0.02847684935561334,0.05136513437626377,0.26451069830417501,-3.72627322930490879,-1.42498134146165523,-0.19000000000000000,0.25000000000000000
0.00633401813682607,-0.02884877645803750,0.05122143013407839,0.26477498911784914,-3.71224566766146458,-1.44907959790028729,-0.19000000000000000,0.25000000000000000
0.00636050881272253,-0.02921929388372839,0.05107532324256934,0.26503838212333664,-3.69807994355873060,-1.47303427832889278,-0.19000000000000000,0.25000000000000000
0.00638702578448401,-0.02958838789096180,0.05092682807399315,0.26530091215199636,-3.68377754588514605,-1.49684509189333537,-0.19000000000000000,0.25000000000000000
0.00641356896751863,-0.02995604488643760,0.05077595902901879,0.26556261317671764,-3.66933995422431325,-1.52051176115960396,-0.19000000000000000,0.25000000000000000
0.00644013828058898,-0.03032225142434655,0.05062273053539749,0.26582351831522805,-3.65476863880200842,-1.54403402187693306,-0.19000000000000000,0.25000000000000000
0.00646673364572683,-0.03068699420543201,0.05046715704665619,0.26608365983346760,-3.64006506043682521,-1.56741162274289003,-0.19000000000000000,0.25000000000000000
0.00649335498814809,-0.03105026007604694,0.05030925304081438,0.26634306914902628,-3.62523067049436643,-1.59064432517045695,-0.19000000000000000,0.25000000000000000
0.00652000223616814,-0.03141203602720642,0.05014903301912410,0.26660177683464137,-3.61026691084491569,-1.61373190305713199,-0.19000000000000000,0.25000000000000000
0.00654667532111757,-0.03177230919363614,0.04998651150483297,0.26685981262175174,-3.59517521382450544,-1.63667414255607113,-0.19000000000000000,0.25000000000000000
0.00657337417725817,-0.03213106685281722,0.04982170304196996,0.26711720540410538,-3.57995700219931079,-1.65947084184929516,-0.19000000000000000,0.25000000000000000
0.00660009874169940,-0.03248829642402752,0.04965462219415376,0.26737398324141753,-3.56461368913329535,-1.68212181092297852,-0.19000000000000000,0.25000000000000000
0.00662684895431511,-0.03284398546737996,0.04948528354342355,0.26763017336307593,-3.54914667815903151,-1.70462687134484048,-0.19000000000000000,0.25000000000000000
0.00665362475766076,-0.03319812168285804,0.04931370168909181,0.26788580217189056,-3.53355736315162838,-1.72698585604365462,-0.19000000000000000,0.25000000000000000
0.00668042609689090,-0.03355069290934895,0.04913989124661924,0.26814089524788470,-3.51784712830569024,-1.74919860909089087,-0.19000000000000000,0.25000000000000000
0.00670725291967712,-0.03390168712367445,0.04896386684651126,0.26839547735212460,-3.50201734811523835,-1.77126498548450617,-0.19000000000000000,0.25000000000000000
0.00673410517612632,-0.03425109243961993,0.04878564313323609,0.26864957243058485,-3.48606938735652516,-1.79318485093489444,-0.19000000000000000,0.25000000000000000
0.00676098281869939,-0.03459889710696194,0.04860523476416412,0.26890320361804693,-3.47000460107367026,-1.81495808165300709,-0.19000000000000000,0.25000000000000000
0.00678788580213032,-0.03494508951049431,0.04842265640852840,0.26915639324202778,-3.45382433456705318,-1.83658456414065507,-0.19000000000000000,0.25000000000000000
0.00681481408334566,-0.03528965816905336,0.04823792274640587,0.26940916282673644,-3.43752992338439167,-1.85806419498299902,-0.19000000000000000,0.25000000000000000
0.00684176762138437,-0.03563259173454227,0.04805104846771938,0.26966153309705565,-3.42112269331444363,-1.87939688064323684,-0.19000000000000000,0.25000000000000000
0.00686874637731810,-0.03597387899095498,0.04786204827126000,0.26991352398254620,-3.40460396038326252,-1.90058253725949333,-0.19000000000000000,0.25000000000000000
0.00689575031417185,-0.03631350885339982,0.04767093686372966,0.27016515462147150,-3.38797503085294682,-1.92162109044391705,-0.19000000000000000,0.25000000000000000
0.00692277939684506,-0.03665147036712321,0.04747772895880363,0.27041644336484022,-3.37123720122281512,-1.94251247508398861,-0.19000000000000000,0.25000000000000000
0.00694983359203308,-0.03698775270653345,0.04728243927621287,0.27066740778046411,-3.35439175823294677,-1.96325663514604321,-0.19000000000000000,0.25000000000000000
0.00697691286814904,-0.03732234517422517,0.04708508254084588,0.27091806465702950,-3.33743997887002664,-1.98385352348100819,-0.19000000000000000,0.25000000000000000
0.00700401719524616,-0.03765523720000430,0.04688567348186983,0.27116843000817964,-3.32038313037543320,-2.00430310163235692,-0.19000000000000000,0.25000000000000000
0.00703114654494044,-0.03798641833991406,0.04668422683187085,0.27141851907660619,-3.30322247025550775,-2.02460533964627842,-0.19000000000000000,0.25000000000000000
0.00705830089033377,-0.03831587827526207,0.04648075732601312,0.27166834633814735,-3.28595924629394887,-2.04476021588406232,-0.19000000000000000,0.25000000000000000
0.00708548020593746,-0.03864360681164879,0.04627527970121671,0.27191792550589095,-3.26859469656627288,-2.06476771683669513,-0.19000000000000000,0.25000000000000000
0.00711268446759616,-0.03896959387799747,0.04606780869535370,0.27216726953428033,-3.25113004945628337,-2.08462783694166687,-0.19000000000000000,0.25000000000000000
0.00713991365241220,-0.03929382952558594,0.04585835904646268,0.27241639062322115,-3.23356652367449371,-2.10434057840198196,-0.19000000000000000,0.25000000000000000
0.00716716773867033,-0.03961630392708024,0.04564694549198112,0.27266530022218716,-3.21590532827844777,-2.12390595100737123,-0.19000000000000000,0.25000000000000000
0.00719444670576293,-0.03993700737557046,0.04543358276799552,0.27291400903432306,-3.19814766269488482,-2.14332397195769975,-0.19000000000000000,0.25000000000000000
0.00722175053411553,-0.04025593028360878,0.04521828560850920,0.27316252702054294,-3.18029471674369457,-2.16259466568856240,-0.19000000000000000,0.25000000000000000
0.00724907920511280,-0.04057306318225012,0.04500106874472729,0.27341086340362236,-3.16234767066361089,-2.18171806369906163,-0.19000000000000000,0.25000000000000000
0.00727643270102497,-0.04088839672009531,0.04478194690435895,0.27365902667228220,-3.14430769513959252,-2.20069420438175989,-0.19000000000000000,0.25000000000000000
0.00730381100493460,-0.04120192166233724,0.04456093481093640,0.27390702458526306,-3.12617595133184034,-2.21952313285479663,-0.19000000000000000,0.25000000000000000
0.00733121410066379,-0.04151362888980980,0.04433804718315070,0.27415486417538831,-3.10795359090640266,-2.23820490079616397,-0.19000000000000000,0.25000000000000000
0.00735864197270181,-0.04182350939804015,0.04411329873420392,0.27440255175361439,-3.08964175606731839,-2.25673956628012684,-0.19000000000000000,0.25000000000000000
0.00738609460613309,-0.04213155429630414,0.04388670417117763,0.27465009291306680,-3.07124157959025013,-2.27512719361578286,-0.19000000000000000,0.25000000000000000
0.00741357198656564,-0.04243775480668520,0.04365827819441740,0.27489749253306023,-3.05275418485756411,-2.29336785318774616,-0.19000000000000000,0.25000000000000000
0.00744107410005990,-0.04274210226313688,0.04342803549693313,0.27514475478310169,-3.03418068589480550,-2.31146162129894739,-0.19000000000000000,0.25000000000000000
0.00746860093305792,-0.04304458811054898,0.04319599076381497,0.27539188312687496,-3.01552218740852984,-2.32940858001553597,-0.19000000000000000,0.25000000000000000
0.00749615247231300,-0.04334520390381767,0.04296215867166469,0.27563888032620526,-2.99677978482544161,-2.34720881701387318,-0.19000000000000000,0.25000000000000000
0.00752372870481968,-0.04364394130691943,0.04272655388804220,0.27588574844500269,-2.97795456433280048,-2.36486242542960401,-0.19000000000000000,0.25000000000000000
0.00755132961774418,-0.04394079209198928,0.04248919107092709,0.27613248885318337,-2.95904760292004987,-2.38236950370879219,-0.19000000000000000,0.25000000000000000
0.00757895519835516,-0.04423574813840301,0.04225008486819496,0.27637910223056683,-2.94005996842162931,-2.39973015546110702,-0.19000000000000000,0.25000000000000000
0.00760660543395493,-0.04452880143186397,0.04200924991710830,0.27662558857074870,-2.92099271956092865,-2.41694448931504891,-0.19000000000000000,0.25000000000000000
0.00763428031181099,-0.04481994406349418,0.04176670084382176,0.27687194718494745,-2.90184690599534223,-2.43401261877519426,-0.19000000000000000,0.25000000000000000
0.00766197981908802,-0.04510916822892997,0.04152245226290160,0.27711817670582417,-2.88262356836238887,-2.45093466208145117,-0.19000000000000000,0.25000000000000000
0.00768970394278018,-0.04539646622742244,0.04127651877685913,0.27736427509127420,-2.86332373832685549,-2.46771074207030550,-0.19000000000000000,0.25000000000000000
0.00771745266964386,-0.04568183046094249,0.04102891497569786,0.27761023962818970,-2.84394843862892799,-2.48434098603804632,-0.19000000000000000,0.25000000000000000
0.00774522598613074,-0.04596525343329088,0.04077965543647433,0.27785606693619214,-2.82449868313327501,-2.50082552560595150,-0.19000000000000000,0.25000000000000000
0.00777302387832122,-0.04624672774921313,0.04052875472287223,0.27810175297133377,-2.80497547687904669,-2.51716449658742070,-0.19000000000000000,0.25000000000000000
0.00780084633185833,-0.04652624611351951,0.04027622738478980,0.27834729302976713,-2.78537981613075392,-2.53335803885703514,-0.19000000000000000,0.25000000000000000
0.00782869333188183,-0.04680380133021018,0.04002208795794009,0.27859268175138158,-2.76571268842999585,-2.54940629622153159,-0.19000000000000000,0.25000000000000000
0.00785656486296283,-0.04707938630160546,0.03976635096346424,0.27883791312340633,-2.74597507264799967,-2.56530941629267328,-0.19000000000000000,0.25000000000000000
0.00788446090903868,-0.04735299402748155,0.03950903090755713,0.27908298048397873,-2.72616793903894239,-2.58106755036199864,-0.19000000000000000,0.25000000000000000
0.00791238145334822,-0.04762461760421141,0.03925014228110570,0.27932787652567748,-2.70629224929402046,-2.59668085327743237,-0.19000000000000000,0.25000000000000000
0.00794032647836743,-0.04789425022391129,0.03898969955933929,0.27957259329901935,-2.68634895659624107,-2.61214948332174091,-0.19000000000000000,0.25000000000000000
0.00796829596574537,-0.04816188517359262,0.03872771720149228,0.27981712221591959,-2.66633900567589732,-2.62747360209281577,-0.19000000000000000,0.25000000000000000
0.00799628989624051,-0.04842751583431957,0.03846420965047837,0.28006145405311422,-2.64626333286670556,-2.64265337438576609,-0.19000000000000000,0.25000000000000000
0.00802430824965739,-0.04869113568037220,0.03819919133257678,0.28030557895554464,-2.62612286616257151,-2.65768896807680166,-0.19000000000000000,0.25000000000000000
0.00805235100478357,-0.04895273827841538,0.03793267665712979,0.28054948643970290,-2.60591852527495726,-2.67258055400889205,-0.19000000000000000,0.25000000000000000
0.00808041813932700,-0.04921231728667339,0.03766468001625177,0.28079316539693772,-2.58565122169082295,-2.68732830587918015,-0.19000000000000000,0.25000000000000000
0.00810850962985361,-0.04946986645411044,0.03739521578454927,0.28103660409672038,-2.56532185873111684,-2.70193240012813218,-0.19000000000000000,0.25000000000000000
0.00813662545172535,-0.04972537961961699,0.03712429831885219,0.28127979018986982,-2.54493133160978635,-2.71639301583040949,-0.19000000000000000,0.25000000000000000
0.00816476557903844,-0.04997885071120199,0.03685194195795574,0.28152271071173657,-2.52448052749328511,-2.73071033458743972,-0.19000000000000000,0.25000000000000000
0.00819292998456199,-0.05023027374519120,0.03657816102237307,0.28176535208534487,-2.50397032556055343,-2.74488454042167218,-0.19000000000000000,0.25000000000000000
0.00822111863967693,-0.05047964282543139,0.03630296981409837,0.28200770012449256,-2.48340159706344243,-2.75891581967249611,-0.19000000000000000,0.25000000000000000
0.00824933151431523,-0.05072695214250070,0.03602638261638030,0.28224974003680808,-2.46277520538756622,-2.77280436089380444,-0.19000000000000000,0.25000000000000000
0.00827756857689945,-0.05097219597292506,0.03574841369350565,0.28249145642676443,-2.44209200611355293,-2.78655035475318824,-0.19000000000000000,0.25000000000000000
0.00830582979428256,-0.05121536867840081,0.03546907729059287,0.28273283329864934,-2.42135284707867671,-2.80015399393273645,-0.19000000000000000,0.25000000000000000
0.00833411513168806,-0.05145646470502340,0.03518838763339558,0.28297385405949133,-2.40055856843884508,-2.81361547303142734,-0.19000000000000000,0.25000000000000000
0.00836242455265043,-0.05169547858252241,0.03490635892811565,0.28321450152194139,-2.37971000273092459,-2.82693498846909197,-0.19000000000000000,0.25000000000000000
0.00839075801895579,-0.05193240492350275,0.03462300536122585,0.28345475790710972,-2.35880797493538186,-2.84011273839193157,-0.19000000000000000,0.25000000000000000
0.00841911549058293,-0.05216723842269222,0.03433834109930194,0.28369460484735737,-2.33785330253922163,-2.85314892257956831,-0.19000000000000000,0.25000000000000000
0.00844749692564456,-0.05239997385619522,0.03405238028886381,0.28393402338904206,-2.31684679559920204,-2.86604374235361403,-0.19000000000000000,0.25000000000000000
0.00847590228032881,-0.05263060608075300,0.03376513705622587,0.28417299399521834,-2.29578925680530777,-2.87879740048773591,-0.19000000000000000,0.25000000000000000
0.00850433150884109,-0.05285913003301012,0.03347662550735626,0.28441149654829145,-2.27468148154446403,-2.89141010111920149,-0.19000000000000000,0.25000000000000000
0.00853278456334610,-0.05308554072878732,0.03318685972774481,0.28464951035262481,-2.25352425796447298,-2.90388204966188601,-0.19000000000000000,0.25000000000000000
0.00856126139391021,-0.05330983326236086,0.03289585378227974,0.28488701413710060,-2.23231836703815834,-2.91621345272072086,-0.19000000000000000,0.25000000000000000
0.00858976194844399,-0.05353200280574820,0.03260362171513272,0.28512398605763351,-2.21106458262769490,-2.92840451800756840,-0.19000000000000000,0.25000000000000000
0.00861828617264505,-0.05375204460800017,0.03231017754965233,0.28536040369963700,-2.18976367154911511,-2.94045545425850197,-0.19000000000000000,0.25000000000000000
0.00864683400994114,-0.05396995399449960,0.03201553528826574,0.28559624408044243,-2.16841639363697292,-2.95236647115247486,-0.19000000000000000,0.25000000000000000
0.00867540540143343,-0.05418572636626640,0.03171970891238842,0.28583148365167010,-2.14702350180914792,-2.96413777923135813,-0.19000000000000000,0.25000000000000000
0.00870400028584004,-0.05439935719926913,0.03142271238234177,0.28606609830155277,-2.12558574213178053,-2.97576958982133277,-0.19000000000000000,0.25000000000000000
0.00873261859943987,-0.05461084204374309,0.03112455963727860,0.28630006335721103,-2.10410385388432086,-2.98726211495561511,-0.19000000000000000,0.25000000000000000
0.00876126027601656,-0.05482017652351492,0.03082526459511621,0.28653335358688031,-2.08257856962467658,-2.99861556729849843,-0.19000000000000000,0.25000000000000000
0.00878992524680271,-0.05502735633533366,0.03052484115247704,0.28676594320208965,-2.06101061525445006,-3.00983016007069404,-0.19000000000000000,0.25000000000000000
0.00881861344042434,-0.05523237724820844,0.03022330318463668,0.28699780585979190,-2.03940071008424928,-3.02090610697595396,-0.19000000000000000,0.25000000000000000
0.00884732478284552,-0.05543523510275263,0.02992066454547922,0.28722891466444544,-2.01774956689906260,-3.03184362212895619,-0.19000000000000000,0.25000000000000000
0.00887605919731321,-0.05563592581053452,0.02961693906745970,0.28745924217004687,-1.99605789202368289,-3.04264291998443870,-0.19000000000000000,0.25000000000000000
0.00890481660430237,-0.05583444535343463,0.02931214056157357,0.28768876038211494,-1.97432638538817140,-3.05330421526756091,-0.19000000000000000,0.25000000000000000
0.00893359692146111,-0.05603078978300943,0.02900628281733312,0.28791744075962566,-1.95255574059335135,-3.06382772290547756,-0.19000000000000000,0.25000000000000000
0.00896240006355625,-0.05622495521986180,0.02869937960275061,0.28814525421689829,-1.93074664497631754,-3.07421365796010804,-0.19000000000000000,0.25000000000000000
0.00899122594241883,-0.05641693785301781,0.02839144466432815,0.28837217112543212,-1.90889977967595503,-3.08446223556208388,-0.19000000000000000,0.25000000000000000
0.00902007446689002,-0.05660673393931029,0.02808249172705403,0.28859816131569421,-1.88701581969845567,-3.09457367084585799,-0.19000000000000000,0.25000000000000000
0.00904894554276704,-0.05679433980276876,0.02777253449440560,0.28882319407885793,-1.86509543398282296,-3.10454817888595880,-0.19000000000000000,0.25000000000000000
0.00907783907274932,-0.05697975183401601,0.02746158664835834,0.28904723816849204,-1.84313928546635641,-3.11438597463437272,-0.19000000000000000,0.25000000000000000
0.00910675495638485,-0.05716296648967121,0.02714966184940122,0.28927026180220072,-1.82114803115010737,-3.12408727285903787,-0.19000000000000000,0.25000000000000000
0.00913569309001665,-0.05734398029175954,0.02683677373655819,0.28949223266321428,-1.79912232216429735,-3.13365228808343499,-0.19000000000000000,0.25000000000000000
0.00916465336672940,-0.05752278982712838,0.02652293592741548,0.28971311790193022,-1.77706280383369108,-3.14308123452725852,-0.19000000000000000,0.25000000000000000
0.00919363567629625,-0.05769939174687005,0.02620816201815503,0.28993288413740542,-1.75497011574291739,-3.15237432604814938,-0.19000000000000000,0.25000000000000000
0.00922263990512574,-0.05787378276575105,0.02589246558359348,0.29015149745879870,-1.73284489180172896,-3.16153177608447900,-0.19000000000000000,0.25000000000000000
0.00925166593620889,-0.05804595966164781,0.02557586017722695,0.29036892342676401,-1.71068776031019665,-3.17055379759916311,-0.19000000000000000,0.25000000000000000
0.00928071364906642,-0.05821591927498900,0.02525835933128133,0.29058512707479467,-1.68849934402382940,-3.17944060302449483,-0.19000000000000000,0.25000000000000000
0.00930978291969610,-0.05838365850820434,0.02493997655676809,0.29080007291051790,-1.66628026021861486,-3.18819240420797856,-0.19000000000000000,0.25000000000000000
0.00933887362052022,-0.05854917432517985,0.02462072534354540,0.29101372491694055,-1.64403112075597435,-3.19680941235915084,-0.19000000000000000,0.25000000000000000
0.00936798562033317,-0.05871246375071970,0.02430061916038456,0.29122604655364531,-1.62175253214762649,-3.20529183799737316,-0.19000000000000000,0.25000000000000000
0.00939711878424921,-0.05887352387001443,0.02397967145504158,0.29143700075793783,-1.59944509562035475,-3.21363989090058100,-0.19000000000000000,0.25000000000000000
0.00942627297365023,-0.05903235182811568,0.02365789565433384,0.29164654994594486,-1.57710940718067261,-3.22185378005497647,-0.19000000000000000,0.25000000000000000
0.00945544804613374,-0.05918894482941748,0.02333530516422176,0.29185465601366334,-1.55474605767938301,-3.22993371360564741,-0.19000000000000000,0.25000000000000000
0.00948464385546087,-0.05934330013714378,0.02301191336989532,0.29206128033796042,-1.53235563287602705,-3.23787989880809990,-0.19000000000000000,0.25000000000000000
0.00951386025150453,-0.05949541507284264,0.02268773363586543,0.29226638377752467,-1.50993871350321718,-3.24569254198069190,-0.19000000000000000,0.25000000000000000
0.00954309708019763,-0.05964528701588670,0.02236277930605994,0.29246992667376842,-1.48749587533085159,-3.25337184845795013,-0.19000000000000000,0.25000000000000000
0.00957235418348137,-0.05979291340298011,0.02203706370392438,0.29267186885168145,-1.46502768923020676,-3.26091802254475871,-0.19000000000000000,0.25000000000000000
0.00960163139925370,-0.05993829172767191,0.02171060013252715,0.29287216962063600,-1.44253472123790294,-3.26833126747140623,-0.19000000000000000,0.25000000000000000
0.00963092856131772,-0.06008141953987570,0.02138340187466916,0.29307078777514323,-1.42001753261974151,-3.27561178534947706,-0.19000000000000000,0.25000000000000000
0.00966024549933030,-0.06022229444539581,0.02105548219299794,0.29326768159556121,-1.39747667993440960,-3.28275977712857348,-0.19000000000000000,0.25000000000000000
0.00968958203875064,-0.06036091410545968,0.02072685433012593,0.29346280884875464,-1.37491271509705015,-3.28977544255385412,-0.19000000000000000,0.25000000000000000
0.00971893800078900,-0.06049727623625679,0.02039753150875298,0.29365612678870628,-1.35232618544269512,-3.29665898012437975,-0.19000000000000000,0.25000000000000000
0.00974831320235539,-0.06063137860848373,0.02006752693179308,0.29384759215708034,-1.32971763378955932,-3.30341058705224899,-0.19000000000000000,0.25000000000000000
0.00977770745600842,-0.06076321904689568,0.01973685378250501,0.29403716118373785,-1.30708759850219280,-3.31003045922251360,-0.19000000000000000,0.25000000000000000
0.00980712056990409,-0.06089279542986425,0.01940552522462706,0.29422478958720405,-1.28443661355449024,-3.31651879115386139,-0.19000000000000000,0.25000000000000000
0.00983655234774474,-0.06102010568894152,0.01907355440251556,0.29441043257508825,-1.26176520859255614,-3.32287577596005290,-0.19000000000000000,0.25000000000000000
0.00986600258872790,-0.06114514780843039,0.01874095444128730,0.29459404484445595,-1.23907390899742365,-3.32910160531210009,-0.19000000000000000,0.25000000000000000
0.00989547108749532,-0.06126791982496123,0.01840773844696564,0.29477558058215342,-1.21636323594762663,-3.33519646940117598,-0.19000000000000000,0.25000000000000000
0.00992495763408192,-0.06138841982707473,0.01807391950663036,0.29495499346508519,-1.19363370648162381,-3.34116055690224245,-0.19000000000000000,0.25000000000000000
0.00995446201386483,-0.06150664595481104,0.01773951068857102,0.29513223666044408,-1.17088583356007447,-3.34699405493838453,-0.19000000000000000,0.25000000000000000
0.00998398400751243,-0.06162259639930506,0.01740452504244394,0.29530726282589448,-1.14812012612796455,-3.35269714904584148,-0.19000000000000000,0.25000000000000000
0.01001352339093338,-0.06173626940238797,0.01706897559943257,0.29548002410970847,-1.12533708917658415,-3.35827002313971956,-0.19000000000000000,0.25000000000000000
0.01004307993522572,-0.06184766325619500,0.01673287537241133,0.29565047215085538,-1.10253722380535457,-3.36371285948038068,-0.19000000000000000,0.25000000000000000
0.01007265340662589,-0.06195677630277929,0.01639623735611270,0.29581855807904472,-1.07972102728350605,-3.36902583864049054,-0.19000000000000000,0.25000000000000000
0.01010224356645788,-0.06206360693373195,0.01605907452729765,0.29598423251472278,-1.05688899311160611,-3.37420913947271917,-0.19000000000000000,0.25000000000000000
0.01013185017108224,-0.06216815358980829,0.01572139984492918,0.29614744556902295,-1.03404161108293979,-3.37926293907808173,-0.19000000000000000,0.25000000000000000
0.01016147297184515,-0.06227041476056011,0.01538322625034908,0.29630814684367002,-1.01117936734473957,-3.38418741277490964,-0.19000000000000000,0.25000000000000000
0.01019111171502751,-0.06237038898397420,0.01504456666745770,0.29646628543083842,-0.98830274445927002,-3.38898273406844197,-0.19000000000000000,0.25000000000000000
0.01022076614179394,-0.06246807484611685,0.01470543400289678,0.29662180991296500,-0.96541222146476324,-3.39364907462102483,-0.19000000000000000,0.25000000000000000
0.01025043598814182,-0.06256347098078452,0.01436584114623518,0.29677466836251604,-0.94250827393621062,-3.39818660422291341,-0.19000000000000000,0.25000000000000000
0.01028012098485024,-0.06265657606916052,0.01402580097015754,0.29692480834170915,-0.91959137404600844,-3.40259549076366064,-0.19000000000000000,0.25000000000000000
0.01030982085742901,-0.06274738883947781,0.01368532633065573,0.29707217690218984,-0.89666199062446139,-3.40687590020408981,-0.19000000000000000,0.25000000000000000
0.01033953532606756,-0.06283590806668776,0.01334443006722315,0.29721672058466320,-0.87372058922014373,-3.41102799654883482,-0.19000000000000000,0.25000000000000000
0.01036926410558381,-0.06292213257213507,0.01300312500305165,0.29735838541848070,-0.85076763216012052,-3.41505194181944471,-0.19000000000000000,0.25000000000000000
0.01039900690537304,-0.06300606122323853,0.01266142394523118,0.29749711692118264,-0.82780357861003084,-3.41894789602803906,-0.19000000000000000,0.25000000000000000
0.01042876342935668,-0.06308769293317794,0.01231933968495203,0.29763286009799589,-0.80482888463403413,-3.42271601715150808,-0.19000000000000000,0.25000000000000000
0.01045853337593102,-0.06316702666058693,0.01197688499770963,0.29776555944128791,-0.78184400325462278,-3.42635646110624670,-0.19000000000000000,0.25000000000000000
0.01048831643791595,-0.06324406140925179,0.01163407264351180,0.29789515892997631,-0.75884938451230233,-3.42986938172341649,-0.19000000000000000,0.25000000000000000
0.01051811230250353,-0.06331879622781623,0.01129091536708855,0.29802160202889505,-0.73584547552514179,-3.43325493072472243,-0.19000000000000000,0.25000000000000000
0.01054792065120659,-0.06339123020949215,0.01094742589810415,0.29814483168811695,-0.71283272054819702,-3.43651325769870208,-0.19000000000000000,0.25000000000000000
0.01057774115980717,-0.06346136249177624,0.01060361695137167,0.29826479034223286,-0.68981156103280894,-3.43964451007751570,-0.19000000000000000,0.25000000000000000
0.01060757349830500,-0.06352919225617261,0.01025950122706972,0.29838141990958778,-0.66678243568577988,-3.44264883311422754,-0.19000000000000000,0.25000000000000000
0.01063741733086578,-0.06359471872792131,0.00991509141096148,0.29849466179147410,-0.64374578052843090,-3.44552636986057514,-0.19000000000000000,0.25000000000000000
0.01066727231576943,-0.06365794117573270,0.00957040017461594,0.29860445687128229,-0.62070202895554250,-3.44827726114521660,-0.19000000000000000,0.25000000000000000
0.01069713810535833,-0.06371885891152772,0.00922544017563127,0.29871074551360899,-0.59765161179418214,-3.45090164555244616,-0.19000000000000000,0.25000000000000000
0.01072701434598528,-0.06377747129018409,0.00888022405786029,0.29881346756332305,-0.57459495736242194,-3.45339965940137539,-0.19000000000000000,0.25000000000000000
0.01075690067796160,-0.06383377770928832,0.00853476445163803,0.29891256234458979,-0.55153249152794948,-3.45577143672556986,-0.19000000000000000,0.25000000000000000
0.01078679673550489,-0.06388777760889362,0.00818907397401126,0.29900796865985324,-0.52846463776657493,-3.45801710925313355,-0.19000000000000000,0.25000000000000000
0.01081670214668692,-0.06393947047128364,0.00784316522897002,0.29909962478877722,-0.50539181722063864,-3.46013680638723731,-0.19000000000000000,0.25000000000000000
0.01084661653338120,-0.06398885582074199,0.00749705080768109,0.29918746848714511,-0.48231444875732227,-3.46213065518708207,-0.19000000000000000,0.25000000000000000
0.01087653951121060,-0.06403593322332767,0.00715074328872331,0.29927143698571873,-0.45923294902686712,-3.46399878034929110,-0.19000000000000000,0.25000000000000000
0.01090647068949476,-0.06408070228665629,0.00680425523832473,0.29935146698905662,-0.43614773252070399,-3.46574130418972537,-0.19000000000000000,0.25000000000000000
0.01093640967119740,-0.06412316265968707,0.00645759921060159,0.29942749467429175,-0.41305921162949777,-3.46735834662571518,-0.19000000000000000,0.25000000000000000
0.01096635605287355,-0.06416331403251568,0.00611078774779907,0.29949945568986924,-0.38996779670111137,-3.46885002515870200,-0.19000000000000000,0.25000000000000000
0.01099630942461660,-0.06420115613617287,0.00576383338053370,0.29956728515424430,-0.36687389609849252,-3.47021645485728580,-0.19000000000000000,0.25000000000000000
0.01102626937000521,-0.06423668874242881,0.00541674862803747,0.29963091765454036,-0.34377791625748816,-3.47145774834067078,-0.93999999999999995,5.40000000000000036
0.01105607610434525,-0.06426996796496495,0.00506954639153837,0.29650302595717115,-0.32180618436952724,-3.47256615269750712,-0.93999999999999995,5.40000000000000036
0.01108556982751439,-0.06430104991630964,0.00472223956158793,0.29337070379697106,-0.29983256263454944,-3.47354963447685838,-0.93999999999999995,5.40000000000000036
0.01111475009932313,-0.06432993442850582,0.00437484062533602,0.29023400819594702,-0.27785747126307359,-3.47440829558585884,-0.93999999999999995,5.40000000000000036
0.01114361648525007,-0.06435662137551530,0.00402736205981743,0.28709299549441480,-0.25588132842777533,-3.47514223641427344,-0.93999999999999995,5.40000000000000036
0.01117216855637392,-0.06438111067301676,0.00367981633210488,0.28394772135465152,-0.23390455029865825,-3.47575155580966699,-0.93999999999999995,5.40000000000000036
0.01120040588930585,-0.06440340227820718,0.00333221589946448,0.28079824076453908,-0.21192755107832409,-3.47623635105267947,-0.93999999999999995,5.40000000000000036
0.01122832806612225,-0.06442349618960692,0.00298457320951366,0.27764460804119845,-0.18995074303734499,-3.47659671783240265,-0.93999999999999995,5.40000000000000036
0.01125593467429785,-0.06444139244686829,0.00263690070038152,0.27448687683461426,-0.16797453654974187,-3.47683275022185434,-0.93999999999999995,5.40000000000000036
0.01128322530663915,-0.06445709113058763,0.00228921080087169,0.27132510013125088,-0.14599934012857202,-3.47694454065354686,-0.93999999999999995,5.40000000000000036
0.01131019956121829,-0.06447059236212103,0.00194151593062759,0.26815933025765942,-0.12402556046162991,-3.47693217989515047,-0.93999999999999995,5.40000000000000036
0.01133685704130723,-0.06448189630340360,0.00159382850030012,0.26498961888407574,-0.10205360244726464,-3.47679575702524390,-0.93999999999999995,5.40000000000000036
0.01136319735531224,-0.06449100315677231,0.00124616091171778,0.26181601702801005,-0.08008386923031796,-3.47653535940915015,-0.93999999999999995,5.40000000000000036
0.01138922011670891,-0.06449791316479241,0.00089852555805923,0.25863857505782789,-0.05811676223818675,-3.47615107267485879,-0.93999999999999995,5.40000000000000036
0.01141492494397732,-0.06450262661008756,0.00055093482402817,0.25545734269632275,-0.03615268121701369,-3.47564298068902433,-0.93999999999999995,5.40000000000000036
0.01144031146053772,-0.06450514381517347,0.00020340108603070,0.25227236902428046,-0.01419202426801035,-3.47501116553304534,-0.93999999999999995,5.40000000000000036
0.01146537929468647,-0.06450546514229526,-0.00014406328764495,0.24908370248403561,0.00776481211608347,-3.47425570747921642,-0.93999999999999995,5.40000000000000036
0.01149012807953240,-0.06450359099326838,-0.00049144593664634,0.24589139088302009,0.02971743301439981,-3.47337668496695118,-0.93999999999999995,5.40000000000000036
0.01151455745293349,-0.06449952180932338,-0.00083873450837233,0.24269548139730390,0.05166544504119795,-3.47237417457907505,-0.93999999999999995,5.40000000000000036
0.01153866705743389,-0.06449325807095407,-0.00118591665778626,0.23949602057512850,0.07360845630897081,-3.47124825101818280,-0.93999999999999995,5.40000000000000036
0.01156245654020135,-0.06448480029776972,-0.00153298004722673,0.23629305434043291,0.09554607639139788,-3.46999898708306009,-0.93999999999999995,5.40000000000000036
0.01158592555296492,-0.06447414904835068,-0.00187991234621606,0.23308662799637256,0.11747791628614039,-3.46862645364516498,-0.93999999999999995,5.40000000000000036
0.01160907375195310,-0.06446130492010790,-0.00222670123126634,0.22987678622883151,0.13940358837747416,-3.46713071962516617,-0.93999999999999995,5.40000000000000036
0.01163190079783224,-0.06444626854914616,-0.00257333438568325,0.22666357310992788,0.16132270639875523,-3.46551185196953693,-0.93999999999999995,5.40000000000000036
0.01165440635564537,-0.06442904061013098,-0.00291979949936741,0.22344703210151282,0.18323488539471408,-3.46376991562719949,-0.93999999999999995,5.40000000000000036
0.01167659009475133,-0.06440962181615945,-0.00326608426861350,0.22022720605866339,0.20513974168357318,-3.46190497352622195,-0.93999999999999995,5.40000000000000036
0.01169845168876429,-0.06438801291863470,-0.00361217639590696,0.21700413723316955,0.22703689281898332,-3.45991708655055685,-0.93999999999999995,5.40000000000000036
0.01171999081549356,-0.06436421470714439,-0.00395806358971850,0.21377786727701534,0.24892595755177338,-3.45780631351682954,-0.93999999999999995,5.40000000000000036
0.01174120715688381,-0.06433822800934277,-0.00430373356429613,0.21054843724585479,0.27080655579150903,-3.45557271115116205,-0.93999999999999995,5.40000000000000036
0.01176210039895561,-0.06431005369083687,-0.00464917403945499,0.20731588760248265,0.29267830856785471,-3.45321633406604134,-0.93999999999999995,5.40000000000000036
0.01178267023174631,-0.06427969265507630,-0.00499437274036482,0.20408025822030026,0.31454083799173388,-3.45073723473721827,-0.93999999999999995,5.40000000000000036
0.01180291634925126,-0.06424714584324719,-0.00533931739733515,0.20084158838677693,0.33639376721628211,-3.44813546348064559,-0.93999999999999995,5.40000000000000036
0.01182283844936542,-0.06421241423416985,-0.00568399574559814,0.19759991680690711,0.35823672039758786,-3.44541106842944256,-0.93999999999999995,5.40000000000000036
0.01184243623382527,-0.06417549884420048,-0.00602839552508918,0.19435528160666354,0.38006932265521476,-3.44256409551089115,-0.93999999999999995,5.40000000000000036
0.01186170940815107,-0.06413640072713683,-0.00637250448022512,0.19110772033644688,0.40189120003250067,-3.43959458842345667,-0.93999999999999995,5.40000000000000036
0.01188065768158949,-0.06409512097412777,-0.00671631035968026,0.18785726997453206,0.42370197945662702,-3.43650258861383318,-0.93999999999999995,5.40000000000000036
0.01189928076705656,-0.06405166071358694,-0.00705980091616005,0.18460396693051176,0.44550128869845268,-3.43328813525400989,-0.93999999999999995,5.40000000000000036
0.01191757838108099,-0.06400602111111038,-0.00740296390617241,0.18134784704873733,0.46728875633210704,-3.42995126521835614,-0.93999999999999995,5.40000000000000036
0.01193555024374780,-0.06395820336939827,-0.00774578708979689,0.17808894561175745,0.48906401169433544,-3.42649201306072371,-0.93999999999999995,5.40000000000000036
0.01195319607864232,-0.06390820872818065,-0.00808825823045145,0.17482729734375513,0.51082668484359128,-3.42291041099156290,-0.93999999999999995,5.40000000000000036
0.01197051561279450,-0.06385603846414738,-0.00843036509465695,0.17156293641398312,0.53257640651886828,-3.41920648885505019,-0.93999999999999995,5.40000000000000036
0.01198750857662366,-0.06380169389088210,-0.00877209545179941,0.16829589644019852,0.55431280809826655,-3.41538027410622602,-0.93999999999999995,5.40000000000000036
0.01200417470388342,-0.06374517635880043,-0.00911343707388996,0.16502621049209662,0.57603552155728632,-3.41143179178813982,-0.93999999999999995,5.40000000000000036
0.01202051373160713,-0.06368648725509232,-0.00945437773532245,0.16175391109474477,0.59774417942684199,-3.40736106450900067,-0.93999999999999995,5.40000000000000036
0.01203652540005355,-0.06362562800366861,-0.00979490521262888,0.15847903023201626,0.61943841475099004,-3.40316811241933115,-0.93999999999999995,5.40000000000000036
0.01205220945265292,-0.06356260006511186,-0.01013500728423248,0.15520159935002523,0.64111786104436441,-3.39885295318912073,-0.93999999999999995,5.40000000000000036
0.01206756563595334,-0.06349740493663139,-0.01047467173019847,0.15192164936056257,0.66278215224931192,-3.39441560198497916,-0.93999999999999995,5.40000000000000036
0.01208259369956752,-0.06343004415202275,-0.01081388633198263,0.14863921064453359,0.68443092269272010,-3.38985607144728629,-0.93999999999999995,5.40000000000000036
0.01209729339611986,-0.06336051928163133,-0.01115263887217750,0.14535431305539778,0.70606380704253091,-3.38517437166733659,-0.93999999999999995,5.40000000000000036
0.01211166448119387,-0.06328883193232056,-0.01149091713425635,0.14206698592261141,0.72768044026393319,-3.38037051016447609,-0.93999999999999995,5.40000000000000036
0.01212570671327995,-0.06321498374744425,-0.01182870890231484,0.13877725805507310,0.74928045757522488,-3.37544449186323048,-0.93999999999999995,5.40000000000000036
0.01213941985372351,-0.06313897640682364,-0.01216600196081038,0.13548515774457331,0.77086349440333912,-3.37039631907042114,-0.93999999999999995,5.40000000000000036
0.01215280366667343,-0.06306081162672869,-0.01250278409429922,0.13219071276924807,0.79242918633902515,-3.36522599145226931,-0.93999999999999995,5.40000000000000036
0.01216585791903087,-0.06298049115986397,-0.01283904308717126,0.12889395039703747,0.81397716909167639,-3.35993350601148366,-0.93999999999999995,5.40000000000000036
0.01217858238039839,-0.06289801679535907,-0.01317476672338253,0.12559489738914970,0.83550707844379768,-3.35451885706433206,-0.93999999999999995,5.40000000000000036
0.01219097682302952,-0.06281339035876360,-0.01350994278618542,0.12229358000353102,0.85701855020510387,-3.34898203621769452,-0.93999999999999995,5.40000000000000036
0.01220304102177853,-0.06272661371204674,-0.01384455905785655,0.11899002399834249,0.87851122016624017,-3.34332303234609673,-0.93999999999999995,5.40000000000000036
0.01221477475405069,-0.06263768875360154,-0.01417860331942247,0.11568425463544382,0.89998472405211638,-3.33754183156871997,-0.93999999999999995,5.40000000000000036
0.01222617779975276,-0.06254661741825376,-0.01451206335038287,0.11237629668388524,0.92143869747484708,-3.33163841722638754,-0.93999999999999995,5.40000000000000036
0.01223724994124394,-0.06245340167727561,-0.01484492692843167,0.10906617442340792,0.94287277588628715,-3.32561276985852761,-0.93999999999999995,5.40000000000000036
0.01224799096328705,-0.06235804353840409,-0.01517718182917571,0.10575391164795367,0.96428659453015497,-3.31946486718010814,0.63000000000000000,1.26000000000000001
0.01225846991116778,-0.06226057709188536,-0.01550887939677039,0.10382467149089446,0.98503881369202906,-3.31446610113902329,0.63000000000000000,1.26000000000000001
0.01226875582263586,-0.06216103648782514,-0.01584007097194800,0.10189318286448976,1.00576966806648915,-3.30934501158526340,0.63000000000000000,1.26000000000000001
0.01227884847268356,-0.06205942388592146,-0.01617074432017302,0.09995944253593424,1.02647869295597216,-3.30410155475172429,0.63000000000000000,1.26000000000000001
0.01228874763597487,-0.06195574149243593,-0.01650088720250880,0.09802344717340426,1.04716542178372407,-3.29873568638510006,0.63000000000000000,1.26000000000000001
0.01229845308683571,-0.06184999156038257,-0.01683048737556967,0.09608519334617820,1.06782938607464328,-3.29324736176099897,0.63000000000000000,1.26000000000000001
0.01230796459924394,-0.06174217638971864,-0.01715953259147461,0.09414467752474391,1.08847011543607786,-3.28763653569896741,0.63000000000000000,1.26000000000000001
0.01231728194681955,-0.06163229832753734,-0.01748801059780234,0.09220189608089395,1.10908713753856936,-3.28190316257742465,0.63000000000000000,1.26000000000000001
0.01232640490281479,-0.06152035976826246,-0.01781590913754803,0.09025684528780864,1.12967997809653897,-3.27604719634850960,0.63000000000000000,1.26000000000000001
0.01233533324010428,-0.06140636315384496,-0.01814321594908132,0.08830952132012740,1.15024816084891035,-3.27006859055284149,0.63000000000000000,1.26000000000000001
0.01234406673117520,-0.06129031097396150,-0.01846991876610599,0.08635992025400878,1.17079120753966492,-3.26396729833419474,0.63000000000000000,1.26000000000000001
0.01235260514811739,-0.06117220576621489,-0.01879600531762093,0.08440803806717935,1.19130863789832397,-3.25774327245409401,0.63000000000000000,1.26000000000000001
0.01236094826261359,-0.06105205011633655,-0.01912146332788269,0.08245387063897196,1.21179996962035252,-3.25139646530632431,0.63000000000000000,1.26000000000000001
0.01236909584592952,-0.06092984665839084,-0.01944628051636942,0.08049741375035356,1.23226471834747930,-3.24492682893136530,0.63000000000000000,1.26000000000000001
0.01237704766890409,-0.06080559807498150,-0.01977044459774624,0.07853866308394311,1.25270239764792857,-3.23833431503074642,0.63000000000000000,1.26000000000000001
0.01238480350193955,-0.06067930709745990,-0.02009394328183207,0.07657761422401965,1.27311251899655797,-3.23161887498132705,0.63000000000000000,1.26000000000000001
0.01239236311499168,-0.06055097650613547,-0.02041676427356787,0.07461426265652121,1.29349459175489723,-3.22478045984950334,0.63000000000000000,1.26000000000000001
0.01239972627755990,-0.06042060913048797,-0.02073889527298633,0.07264860376903466,1.31384812315108146,-3.21781902040534318,0.63000000000000000,1.26000000000000001
0.01240689275867750,-0.06028820784938185,-0.02106032397518289,0.07068063285077693,1.33417261825967604,-3.21073450713665176,0.63000000000000000,1.26000000000000001
0.01241386232690178,-0.06015377559128263,-0.02138103807028826,0.06871034509256800,1.35446757998138523,-3.20352687026296978,0.63000000000000000,1.26000000000000001
0.01242063475030416,-0.06001731533447531,-0.02170102524344225,0.06673773558679601,1.37473250902264033,-3.19619605974950538,0.63000000000000000,1.26000000000000001
0.01242720979646041,-0.05987883010728481,-0.02202027317476907,0.06476279932737476,1.39496690387506161,-3.18874202532100393,0.63000000000000000,1.26000000000000001
0.01243358723244077,-0.05973832298829850,-0.02233876953935396,0.06278553120969410,1.41517026079478958,-3.18116471647555565,0.63000000000000000,1.26000000000000001
0.01243976682480005,-0.05959579710659076,-0.02265650200722119,0.06080592603056349,1.43534207378167733,-3.17346408249834466,0.63000000000000000,1.26000000000000001
0.01244574833956786,-0.05945125564194967,-0.02297345824331350,0.05882397848814912,1.45548183455834157,-3.16564007247534063,0.63000000000000000,1.26000000000000001
0.01245153154223865,-0.05930470182510581,-0.02328962590747281,0.05683968318190501,1.47558903254906459,-3.15769263530693767,0.63000000000000000,1.26000000000000001
0.01245711619776190,-0.05915613893796312,-0.02360499265442239,0.05485303461249842,1.49566315485854240,-3.14962171972153904,0.63000000000000000,1.26000000000000001
0.01246250207053222,-0.05900557031383194,-0.02391954613375028,0.05286402718172997,1.51570368625047314,-3.14142727428909341,0.63000000000000000,1.26000000000000001
0.01246768892437942,-0.05885299933766418,-0.02423327398989419,0.05087265519244887,1.53571010912597949,-3.13310924743458363,0.63000000000000000,1.26000000000000001
0.01247267652255867,-0.05869842944629070,-0.02454616386212763,0.04887891284846371,1.55568190350186031,-3.12466758745147022,0.63000000000000000,1.26000000000000001
0.01247746462774057,-0.05854186412866078,-0.02485820338454743,0.04688279425444903,1.57561854698866477,-3.11610224251509349,0.63000000000000000,1.26000000000000001
0.01248205300200122,-0.05838330692608389,-0.02516938018606261,0.04488429341584832,1.59551951476858345,-3.10741316069603579,0.63000000000000000,1.26000000000000001
0.01248644140681227,-0.05822276143247363,-0.02547968189038457,0.04288340423877365,1.61538427957314989,-3.09860028997344639,0.63000000000000000,1.26000000000000001
0.01249062960303106,-0.05806023129459391,-0.02578909611601860,0.04088012052990248,1.63521231166074799,-3.08966357824833260,0.63000000000000000,1.26000000000000001
0.01249461735089059,-0.05789572021230741,-0.02609761047625674,0.03887443599637199,1.65500307879391739,-3.08060297335681943,0.63000000000000000,1.26000000000000001
0.01249840440998960,-0.05772923193882629,-0.02640521257917195,0.03686634424567142,1.67475604621645191,-3.07141842308338076,0.63000000000000000,1.26000000000000001
0.01250199053928259,-0.05756077028096523,-0.02671189002761360,0.03485583878553280,1.69447067663028461,-3.06210987517404476,0.63000000000000000,1.26000000000000001
0.01250537549706984,-0.05739033909939682,-0.02701763041920430,0.03284291302382050,1.71414643017215251,-3.05267727734957672,0.63000000000000000,1.26000000000000001
0.01250855904098742,-0.05721794230890915,-0.02732242134633802,0.03082756026842014,1.73378276439003653,-3.04312057731864227,0.63000000000000000,1.26000000000000001
0.01251154092799719,-0.05704358387866600,-0.02762625039617952,0.02880977372712719,1.75337913421936809,-3.03343972279095508,0.63000000000000000,1.26000000000000001
0.01251432091437678,-0.05686726783246920,-0.02792910515066517,0.02678954650753576,1.77293499195899695,-3.02363466149040949,0.63000000000000000,1.26000000000000001
0.01251689875570955,-0.05668899824902355,-0.02823097318650494,0.02476687161692815,1.79244978724691451,-3.01370534116820510,0.63000000000000000,1.26000000000000001
0.01251927420687458,-0.05650877926220411,-0.02853184207518587,0.02274174196216538,1.81192296703572464,-3.00365170961596295,0.63000000000000000,1.26000000000000001
0.01252144702203662,-0.05632661506132598,-0.02883169938297670,0.02071415034957953,1.83135397556785717,-2.99347371467884127,0.63000000000000000,1.26000000000000001
0.01252341695463600,-0.05614250989141656,-0.02913053267093393,0.01868408948486797,1.85074225435051476,-2.98317130426864807,0.63000000000000000,1.26000000000000001
0.01252518375737860,-0.05595646805349036,-0.02942832949490911,0.01665155197299039,1.87008724213034982,-2.97274442637696046,0.63000000000000000,1.26000000000000001
0.01252674718222575,-0.05576849390482632,-0.02972507740555749,0.01461653031806881,1.88938837486786171,-2.96219302908825100,0.63000000000000000,1.26000000000000001
0.01252810698038414,-0.05557859185924770,-0.03002076394834795,0.01257901692329121,1.90864508571150848,-2.95151706059302388,0.63000000000000000,1.26000000000000001
0.01252926290229575,-0.05538676638740461,-0.03031537666357428,0.01053900409081935,1.92785680497152767,-2.94071646920096885,0.63000000000000000,1.26000000000000001
0.01253021469762770,-0.05519302201705915,-0.03060890308636774,0.00849648402170121,1.94702296009345566,-2.92979120335413334,0.63000000000000000,1.26000000000000001
0.01253096211526215,-0.05499736333337323,-0.03090133074671097,0.00645144881578862,1.96614297563134266,-2.91874121164011679,0.63000000000000000,1.26000000000000001
0.01253150490328621,-0.05479979497919904,-0.03119264716945317,0.00440389047166066,1.98521627322065286,-2.90756644280529475,0.63000000000000000,1.26000000000000001
0.01253184280898175,-0.05460032165537230,-0.03148283987432671,0.00235380088655335,2.00424227155084456,-2.89626684576807181,0.63000000000000000,1.26000000000000001
0.01253197557881532,-0.05439894812100824,-0.03177189637596494,0.00030117185629621,2.02322038633762125,-2.88484236963217366,0.63000000000000000,1.26000000000000001
0.01253190295842797,-0.05419567919380038,-0.03205980418392139,-0.00175400492474371,2.04215003029484832,-2.87329296369997689,0.63000000000000000,1.26000000000000001
0.01253162469262510,-0.05399051975032210,-0.03234655080269033,-0.00381173786370983,2.06103061310612690,-2.86161857748588666,0.63000000000000000,1.26000000000000001
0.01253114052536634,-0.05378347472633119,-0.03263212373172864,-0.00587203546929535,2.07986154139601576,-2.84981916072976071,0.63000000000000000,1.26000000000000001
0.01253045019975536,-0.05357454911707708,-0.03291651046547898,-0.00793490635177335,2.09864221870089773,-2.83789466341039143,0.63000000000000000,1.26000000000000001
0.01252955345802972,-0.05336374797761125,-0.03319969849339446,-0.01000035922301701,2.11737204543947799,-2.82584503575904478,0.63000000000000000,1.26000000000000001
0.01252845004155071,-0.05315107642310041,-0.03348167529996447,-0.01206840289650936,2.13605041888290970,-2.81367022827306457,0.63000000000000000,1.26000000000000001
0.01252713969079321,-0.05293653962914281,-0.03376242836474199,-0.01413904628734187,2.15467673312453911,-2.80137019172954727,0.63000000000000000,1.26000000000000001
0.01252562214533548,-0.05272014283208750,-0.03404194516237232,-0.01621229841220130,2.17325037904926033,-2.78894487719908968,0.63000000000000000,1.26000000000000001
0.01252389714384908,-0.05250189132935679,-0.03432021316262303,-0.01828816838934401,2.19177074430247298,-2.77639423605961833,0.63000000000000000,1.26000000000000001
0.01252196442408861,-0.05228179047977172,-0.03459721983041544,-0.02036666543855719,2.21023721325863587,-2.76371822001030454,0.63000000000000000,1.26000000000000001
0.01251982372288166,-0.05205984570388074,-0.03487295262585745,-0.02244779888110622,2.22864916698940396,-2.75091678108557147,0.63000000000000000,1.26000000000000001
0.01251747477611860,-0.05183606248429164,-0.03514739900427772,-0.02453157813966751,2.24700598323134626,-2.73798987166919572,0.63000000000000000,1.26000000000000001
0.01251491731874248,-0.05161044636600667,-0.03542054641626137,-0.02661801273824602,2.26530703635323283,-2.72493744450851549,0.63000000000000000,1.26000000000000001
0.01251215108473887,-0.05138300295676096,-0.03569238230768702,-0.02870711230207686,2.28355169732288132,-2.71175945272874674,0.63000000000000000,1.26000000000000001
0.01250917580712578,-0.05115373792736430,-0.03596289411976532,-0.03079888655750999,2.30173933367355854,-2.69845584984741382,0.63000000000000000,1.26000000000000001
0.01250599121794352,-0.05092265701204631,-0.03623206928907886,-0.03289334533187756,2.31986930946992409,-2.68502658978890363,0.63000000000000000,1.26000000000000001
0.01250259704824463,-0.05068976600880501,-0.03649989524762367,-0.03499049855334278,2.33794098527351091,-2.67147162689914675,0.63000000000000000,1.26000000000000001
0.01249899302808379,-0.05045507077975887,-0.03676635942285202,-0.03709035625072978,2.35595371810772924,-2.65779091596043582,0.63000000000000000,1.26000000000000001
0.01249517888650778,-0.05021857725150242,-0.03703144923771688,-0.03919292855333353,2.37390686142239238,-2.64398441220638247,0.63000000000000000,1.26000000000000001
0.01249115435154545,-0.04998029141546537,-0.03729515211071777,-0.04129822569070895,2.39179976505774672,-2.63005207133702745,0.63000000000000000,1.26000000000000001
0.01248691915019766,-0.04974021932827539,-0.03755745545594817,-0.04340625799243844,2.40963177520800276,-2.61599384953410352,0.63000000000000000,1.26000000000000001
0.01248247300842734,-0.04949836711212459,-0.03781834668314445,-0.04551703588787695,2.42740223438435621,-2.60180970347646401,0.63000000000000000,1.26000000000000001
0.01247781565114951,-0.04925474095513966,-0.03807781319773638,-0.04763056990587365,2.44511048137748821,-2.58749959035568100,0.63000000000000000,1.26000000000000001
0.01247294680222133,-0.04900934711175584,-0.03833584240089919,-0.04974687067446935,2.46275585121953933,-2.57306346789182427,0.63000000000000000,1.26000000000000001
0.01246786618443223,-0.04876219190309469,-0.03859242168960719,-0.05186594892056871,2.48033767514554082,-2.55850129434942586,0.63000000000000000,1.26000000000000001
0.01246257351949399,-0.04851328171734572,-0.03884753845668903,-0.05398781546958633,2.49785528055430195,-2.54381302855363911,0.63000000000000000,1.26000000000000001
0.01245706852803098,-0.04826262301015206,-0.03910118009088463,-0.05611248124506570,2.51530799096873636,-2.52899862990660251,0.63000000000000000,1.26000000000000001
0.01245135092957028,-0.04801022230500000,-0.03935333397690360,-0.05823995726827010,2.53269512599562230,-2.51405805840401442,0.63000000000000000,1.26000000000000001
0.01244542044253202,-0.04775608619361265,-0.03960398749548556,-0.06037025465774439,2.55001600128478234,-2.49899127465192761,0.63000000000000000,1.26000000000000001
0.01243927678421959,-0.04750022133634772,-0.03985312802346192,-0.06250338462884668,2.56726992848767877,-2.48379823988377524,0.63000000000000000,1.26000000000000001
0.01243291967081006,-0.04724263446259942,-0.04010074293381954,-0.06463935849324876,2.58445621521540714,-2.46847891597763391,0.63000000000000000,1.26000000000000001
0.01242634881734452,-0.04698333237120468,-0.04034681959576603,-0.06677818765840436,2.60157416499608196,-2.45303326547373501,0.63000000000000000,1.26000000000000001
0.01241956393771854,-0.04672232193085354,-0.04059134537479688,-0.06891988362698409,2.61862307723160503,-2.43746125159223404,0.63000000000000000,1.26000000000000001
0.01241256474467272,-0.04645961008050398,-0.04083430763276436,-0.07106445799627574,2.63560224715380098,-2.42176283825124772,0.63000000000000000,1.26000000000000001
0.01240535094978318,-0.04619520382980116,-0.04107569372794819,-0.07321192245754914,2.65251096577991508,-2.40593799008516784,0.63000000000000000,1.26000000000000001
0.01239792226345229,-0.04592911025950114,-0.04131549101512812,-0.07536228879538413,2.66934851986745647,-2.38998667246326413,0.63000000000000000,1.26000000000000001
0.01239027839489930,-0.04566133652189909,-0.04155368684565835,-0.07751556888696061,2.68611419186838196,-2.37390885150858422,0.63000000000000000,1.26000000000000001
0.01238241905215113,-0.04539188984126222,-0.04179026856754389,-0.07967177470130923,2.70280725988260517,-2.35770449411716454,0.63000000000000000,1.26000000000000001
0.01237434394203328,-0.04512077751426731,-0.04202522352551881,-0.08183091829852179,2.71942699761081963,-2.34137356797756091,0.63000000000000000,1.26000000000000001
0.01236605277016067,-0.04484800691044302,-0.04225853906112648,-0.08399301182891976,2.73597267430662816,-2.32491604159071086,0.63000000000000000,1.26000000000000001
0.01235754524092875,-0.04457358547261701,-0.04249020251280183,-0.08615806753217975,2.75244355472796265,-2.30833188429014013,0.63000000000000000,1.26000000000000001
0.01234882105750457,-0.04429752071736803,-0.04272020121595563,-0.08832609773641463,2.76883889908778569,-2.29162106626252449,0.63000000000000000,1.26000000000000001
0.01233987992181796,-0.04401982023548280,-0.04294852250306085,-0.09049711485720881,2.78515796300406171,-2.27478355856861869,0.63000000000000000,1.26000000000000001
0.01233072153455289,-0.04374049169241816,-0.04317515370374109,-0.09267113139660635,2.80139999744898338,-2.25781933316456662,0.63000000000000000,1.26000000000000001
0.01232134559513884,-0.04345954282876812,-0.04340008214486128,-0.09484815994205045,2.81756424869744659,-2.24072836292360389,0.63000000000000000,1.26000000000000001
0.01231175180174230,-0.04317698146073627,-0.04362329515062044,-0.09702821316527289,2.83364995827475408,-2.22351062165816726,0.63000000000000000,1.26000000000000001
0.01230193985125845,-0.04289281548061335,-0.04384478004264671,-0.09921130382113182,2.84965636290354363,-2.20616608414242377,0.63000000000000000,1.26000000000000001
0.01229190943930285,-0.04260705285726021,-0.04406452414009469,-0.10139744474639639,2.86558269444992320,-2.18869472613523275,0.63000000000000000,1.26000000000000001
0.01228166026020338,-0.04231970163659618,-0.04428251475974511,-0.10358664885847685,2.88142817986880173,-2.17109652440355694,0.63000000000000000,1.26000000000000001
0.01227119200699216,-0.04203076994209298,-0.04449873921610675,-0.10577892915409809,2.89719204114840334,-2.15337145674633534,0.63000000000000000,1.26000000000000001
0.01226050437139775,-0.04174026597527419,-0.04471318482152092,-0.10797429870791542,2.91287349525395189,-2.13551950201883267,0.63000000000000000,1.26000000000000001
0.01224959704383740,-0.04144819801622038,-0.04492583888626829,-0.11017277067107055,2.92847175407051274,-2.11754064015748167,0.63000000000000000,1.26000000000000001
0.01223846971340950,-0.04115457442408005,-0.04513668871867831,-0.11237435826968631,2.94398602434497869,-2.09943485220523263,0.63000000000000000,1.26000000000000001
0.01222712206788612,-0.04085940363758635,-0.04534572162524111,-0.11457907480329814,2.95941550762718819,-2.08120212033742913,0.63000000000000000,1.26000000000000001
0.01221555379370580,-0.04056269417557980,-0.04555292491072206,-0.11678693364322068,2.97475940021015894,-2.06284242788822159,0.63000000000000000,1.26000000000000001
0.01220376457596641,-0.04026445463753697,-0.04575828587827904,-0.11899794823084753,2.99001689306942708,-2.04435575937753855,0.63000000000000000,1.26000000000000001
0.01219175409841824,-0.03996469370410534,-0.04596179182958231,-0.12121213207588226,3.00518717180147732,-2.02574210053863313,0.63000000000000000,1.26000000000000001
0.01217952204345731,-0.03966342013764427,-0.04616343006493735,-0.12342949875449888,3.02026941656124803,-2.00700143834622091,0.63000000000000000,1.26000000000000001
0.01216706809211875,-0.03936064278277234,-0.04636318788341034,-0.12565006190742956,3.03526280199869980,-1.98813376104522699,0.63000000000000000,1.26000000000000001
0.01215439192407047,-0.03905637056692108,-0.04656105258295668,-0.12787383523797777,3.05016649719443311,-1.96913905818016288,0.63000000000000000,1.26000000000000001
0.01214149321760701,-0.03875061250089513,-0.04675701146055248,-0.13010083250995458,3.06497966559433843,-1.95001732062515010,0.63000000000000000,1.26000000000000001
0.01212837164964361,-0.03844337767943905,-0.04695105181232900,-0.13233106754553620,3.07970146494326835,-1.93076854061461001,0.63000000000000000,1.26000000000000001
0.01211502689571043,-0.03813467528181076,-0.04714316093371025,-0.13456455422304023,3.09433104721771368,-1.91139271177464121,0.63000000000000000,1.26000000000000001
0.01210145862994713,-0.03782451457236177,-0.04733332611955379,-0.13680130647461886,3.10886755855747010,-1.89188982915510384,0.63000000000000000,1.26000000000000001
0.01208766652509754,-0.03751290490112438,-0.04752153466429471,-0.13904133828386625,3.12331013919628075,-1.87225988926243181,0.63000000000000000,1.26000000000000001
0.01207365025250465,-0.03719985570440571,-0.04770777386209295,-0.14128466368333800,3.13765792339144012,-1.85250289009319347,0.63000000000000000,1.26000000000000001
0.01205940948210587,-0.03688537650538896,-0.04789203100698408,-0.14353129675198031,3.15191003935234226,-1.83261883116842550,0.63000000000000000,1.26000000000000001
0.01204494388242851,-0.03656947691474179,-0.04807429339303342,-0.14578125161246627,3.16606560916796065,-1.81260771356875883,0.63000000000000000,1.26000000000000001
0.01203025312058552,-0.03625216663123206,-0.04825454831449384,-0.14803454242843680,3.18012374873324077,-1.79246953997036207,0.63000000000000000,1.26000000000000001
0.01201533686227159,-0.03593345544235094,-0.04843278306596714,-0.15029118340164360,3.19408356767439505,-1.77220431468172568,0.63000000000000000,1.26000000000000001
0.01200019477175941,-0.03561335322494357,-0.04860898494256914,-0.15255118876899160,3.20794416927307768,-1.75181204368131005,0.63000000000000000,1.26000000000000001
0.01198482651189638,-0.03529186994584736,-0.04878314124009861,-0.15481457279947797,3.22170465038943021,-1.73129273465608313,0.63000000000000000,1.26000000000000001
0.01196923174410152,-0.03496901566253800,-0.04895523925521009,-0.15708134979102520,3.23536410138397601,-1.71064639704097332,0.63000000000000000,1.26000000000000001
0.01195341012836274,-0.03464480052378346,-0.04912526628559067,-0.15935153406720504,3.24892160603835167,-1.68987304205926270,0.63000000000000000,1.26000000000000001
0.01193736132323446,-0.03431923477030580,-0.04929320963014092,-0.16162513997385072,3.26237624147485716,-1.66897268276394795,0.63000000000000000,1.26000000000000001
0.01192108498583554,-0.03399232873545122,-0.04945905658915997,-0.16390218187555428,3.27572707807480867,-1.64794533408009625,0.63000000000000000,1.26000000000000001
0.01190458077184761,-0.03366409284586829,-0.04962279446453483,-0.16618267415204585,3.28897317939567690,-1.62679101284822347,0.63000000000000000,1.26000000000000001
0.01188784833551370,-0.03333453762219452,-0.04978441055993420,-0.16846663119445204,3.30211360208699389,-1.60550973786872508,0.63000000000000000,1.26000000000000001
0.01187088732963735,-0.03300367367975142,-0.04994389218100671,-0.17075406740142987,3.31514739580501461,-1.58410152994738684,0.63000000000000000,1.26000000000000001
0.01185369740558198,-0.03267151172924813,-0.05010122663558376,-0.17304499717517319,3.32807360312611067,-1.56256641194200752,0.63000000000000000,1.26000000000000001
0.01183627821327084,-0.03233806257749382,-0.05025640123388713,-0.17533943491728801,3.34089125945888421,-1.54090440881016377,0.63000000000000000,1.26000000000000001
0.01181862940118717,-0.03200333712811888,-0.05040940328874138,-0.17763739502453355,3.35359939295498188,-1.51911554765814816,0.63000000000000000,1.26000000000000001
0.01180075061637500,-0.03166734638230517,-0.05056022011579121,-0.17993889188442500,3.36619702441859348,-1.49719985779111453,0.63000000000000000,1.26000000000000001
0.01178264150444024,-0.03133010143952531,-0.05070883903372392,-0.18224393987069490,3.37868316721461337,-1.47515737076446229,0.63000000000000000,1.26000000000000001
0.01176430170955232,-0.03099161349829127,-0.05085524736449705,-0.18455255333860884,3.39105682717545331,-1.45298812043649495,0.63000000000000000,1.26000000000000001
0.01174573087444626,-0.03065189385691235,-0.05099943243357136,-0.18686474662013219,3.40331700250648428,-1.43069214302238712,0.63000000000000000,1.26000000000000001
0.01172692864042526,-0.03031095391426265,-0.05114138157014926,-0.18918053401894336,3.41546268369008965,-1.40826947714949657,0.63000000000000000,1.26000000000000001
0.01170789464736378,-0.02996880517055823,-0.05128108210741888,-0.19149992980529015,3.42749285338831466,-1.38572016391405728,0.63000000000000000,1.26000000000000001
0.01168862853371113,-0.02962545922814407,-0.05141852138280383,-0.19382294821068463,3.43940648634409207,-1.36304424693929227,0.63000000000000000,1.26000000000000001
0.01166912993649567,-0.02928092779229099,-0.05155368673821885,-0.19614960342243234,3.45120254928102321,-1.34024177243498399,0.63000000000000000,1.26000000000000001
0.01164939849132944,-0.02893522267200264,-0.05168656552033153,-0.19847990957799183,3.46288000080170288,-1.31731278925854189,0.63000000000000000,1.26000000000000001
0.01162943383241349,-0.02858835578083276,-0.05181714508083020,-0.20081388075915968,3.47443779128456143,-1.29425734897760858,0.63000000000000000,1.26000000000000001
0.01160923559254370,-0.02824033913771280,-0.05194541277669811,-0.20315153098607661,3.48587486277921244,-1.27107550593424512,0.63000000000000000,1.26000000000000001
0.01158880340311729,-0.02789118486779010,-0.05207135597049420,-0.20549287421104995,3.49719014890028346,-1.24776731731073975,0.63000000000000000,1.26000000000000001
0.01156813689413992,-0.02754090520327680,-0.05219496203064043,-0.20783792431218781,3.50838257471971193,-1.22433284319708169,0.63000000000000000,1.26000000000000001
0.01154723569423339,-0.02718951248430950,-0.05231621833171603,-0.21018669508683979,3.51945105665748859,-1.20077214666014664,0.63000000000000000,1.26000000000000001
0.01152609943064410,-0.02683701915982000,-0.05243511225475871,-0.21253920024483938,3.53039450237082741,-1.17708529381463944,1.51000000000000001,5.78000000000000025
0.01150461445042687,-0.02648335872551932,-0.05255160660994152,-0.21716097192373032,3.54279314601466622,-1.15278078727113753,1.51000000000000001,5.78000000000000025
0.01148266712353815,-0.02612846475637775,-0.05266566420612022,-0.22178612521628899,3.55506501664894348,-1.12835009802782715,1.51000000000000001,5.78000000000000025
0.01146025711437756,-0.02577234998469111,-0.05277727242036082,-0.22641460866722116,3.56720901204318697,-1.10379313328108997,1.51000000000000001,5.78000000000000025
0.01143738409256157,-0.02541502725368093,-0.05288641862059477,-0.23104636938874126,3.57922401588733496,-1.07910980317229388,1.51000000000000001,5.78000000000000025
0.01141404773306856,-0.02505650951891021,-0.05299309016592222,-0.23568135302358989,3.59110889763550833,-1.05430002096287545,1.51000000000000001,5.78000000000000025
0.01139024771638772,-0.02469680984971491,-0.05309727440693287,-0.24031950370740529,3.60286251234887045,-1.02936370321342974,1.51000000000000001,5.78000000000000025
0.01136598372867160,-0.02433594143065106,-0.05319895868604507,-0.24496076403043723,3.61448370053760293,-1.00430076996689999,1.51000000000000001,5.78000000000000025
0.01134125546189260,-0.02397391756295789,-0.05329813033786338,-0.24960507499859119,3.62597128800202118,-0.97911114493596085,1.51000000000000001,5.78000000000000025
0.01131606261400342,-0.02361075166603669,-0.05339477668955508,-0.25425237599379102,3.63732408567286170,-0.95379475569469330,1.51000000000000001,5.78000000000000025
0.01129040488910144,-0.02324645727894587,-0.05348888506124606,-0.25890260473364785,3.64854088945077271,-0.92835153387464808,1.51000000000000001,5.78000000000000025
0.01126428199759719,-0.02288104806191200,-0.05358044276643659,-0.26355569723042283,3.65962048004504181,-0.90278141536539835,1.51000000000000001,5.78000000000000025
0.01123769365638700,-0.02251453779785702,-0.05366943711243734,-0.26821158774927206,3.67056162281159626,-0.87708434051968265,1.51000000000000001,5.78000000000000025
0.01121063958902977,-0.02214694039394173,-0.05375585540082612,-0.27287020876576035,3.68136306759031307,-0.85126025436324237,1.51000000000000001,5.78000000000000025
0.01118311952592816,-0.02177826988312553,-0.05383968492792588,-0.27753149092263202,3.69202354854168124,-0.82530910680945935,1.51000000000000001,5.78000000000000025
0.01115513320451400,-0.02140854042574261,-0.05392091298530444,-0.28219536298582576,3.70254178398285649,-0.79923085287889961,1.51000000000000001,5.78000000000000025
0.01112668036943825,-0.02103776631109442,-0.05399952686029635,-0.28686175179972107,3.71291647622315590,-0.77302545292387403,1.51000000000000001,5.78000000000000025
0.01109776077276537,-0.02066596195905877,-0.05407551383654753,-0.29153058224160311,3.72314631139903884,-0.74669287285812569,1.51000000000000001,5.78000000000000025
0.01106837417417242,-0.02029314192171535,-0.05414886119458313,-0.29620177717533386,3.73322995930862600,-0.72023308439175782,1.51000000000000001,5.78000000000000025
0.01103852034115266,-0.01991932088498787,-0.05421955621239909,-0.30087525740421572,3.74316607324580541,-0.69364606527151651,1.51000000000000001,5.78000000000000025
0.01100819904922408,-0.01954451367030278,-0.05428758616607811,-0.30555094162303531,3.75295328983398813,-0.66693179952654513,1.51000000000000001,5.78000000000000025
0.01097741008214261,-0.01916873523626467,-0.05435293833043033,-0.31022874636927422,3.76259022885956718,-0.64009027771972915,1.51000000000000001,5.78000000000000025
0.01094615323212040,-0.01879200068034826,-0.05441559997965958,-0.31490858597347321,3.77207549310514345,-0.61312149720475229,1.51000000000000001,5.78000000000000025
0.01091442830004896,-0.01841432524060719,-0.05447555838805553,-0.31959037250873745,3.78140766818258411,-0.58602546238898556,1.51000000000000001,5.78000000000000025
0.01088223509572752,-0.01803572429739937,-0.05453280083071244,-0.32427401573936915,3.79058532236598289,-0.55880218500233503,1.51000000000000001,5.78000000000000025
0.01084957343809648,-0.01765621337512919,-0.05458731458427510,-0.32895942306861431,3.79960700642458971,-0.53145168437217349,1.51000000000000001,5.78000000000000025
0.01081644315547619,-0.01727580814400629,-0.05463908692771263,-0.33364649948551101,3.80847125345579185,-0.50397398770448509,1.51000000000000001,5.78000000000000025
0.01078284408581104,-0.01689452442182113,-0.05468810514312061,-0.33833514751082516,3.81717657871821991,-0.47636913037135303,1.51000000000000001,5.78000000000000025
0.01074877607691907,-0.01651237817573719,-0.05473435651655237,-0.34302526714206116,3.82572147946506291,-0.44863715620492206,1.51000000000000001,5.78000000000000025
0.01071423898674704,-0.01612938552409983,-0.05477782833887993,-0.34771675579753425,3.83410443477768270,-0.42077811779797064,1.51000000000000001,5.78000000000000025
0.01067923268363119,-0.01574556273826180,-0.05481850790668542,-0.35240950825949091,3.84232390539961166,-0.39279207681122819,1.51000000000000001,5.78000000000000025
0.01064375704656378,-0.01536092624442528,-0.05485638252318350,-0.35710341661626488,3.85037833357103620,-0.36467910428757550,1.51000000000000001,5.78000000000000025
0.01060781196546536,-0.01497549262550046,-0.05489143949917556,-0.36179837020345501,3.85826614286385938,-0.33643928097326808,1.51000000000000001,5.78000000000000025
0.01057139734146304,-0.01458927862298061,-0.05492366615403645,-0.36649425554411280,3.86598573801744916,-0.30807269764632395,1.51000000000000001,5.78000000000000025
0.01053451308717479,-0.01420230113883351,-0.05495304981673439,-0.37119095628792592,3.87353550477518072,-0.27957945545221946,1.51000000000000001,5.78000000000000025
0.01049715912699985,-0.01381457723740919,-0.05497957782688473,-0.37588835314938551,3.88091380972188515,-0.25095966624703830,1.51000000000000001,5.78000000000000025
0.01045933539741539,-0.01342612414736382,-0.05500323753583860,-0.38058632384492413,3.88811900012232226,-0.22221345294822045,1.51000000000000001,5.78000000000000025
0.01042104184727949,-0.01303695926359983,-0.05502401630780681,-0.38528474302901233,3.89514940376080254,-0.19334094989306044,1.51000000000000001,5.78000000000000025
0.01038227843814058,-0.01264710014922184,-0.05504190152102014,-0.38998348222920104,3.90200332878208522,-0.16434230320510457,1.51000000000000001,5.78000000000000025
0.01034304514455344,-0.01225656453750857,-0.05505688056892661,-0.39468240978009761,3.90867906353368522,-0.13521767116859976,1.51000000000000001,5.78000000000000025
0.01030334195440182,-0.01186537033390037,-0.05506894086142659,-0.39938139075626383,3.91517487640973316,-0.10596722461114751,1.51000000000000001,5.78000000000000025
0.01026316886922786,-0.01147353561800225,-0.05507806982614666,-0.40408028690402359,3.92148901569652741,-0.07659114729471803,1.51000000000000001,5.78000000000000025
0.01022252590456835,-0.01108107864560240,-0.05508425490975290,-0.40877895657216928,3.92761970941993477,-0.04708963631518152,1.51000000000000001,5.78000000000000025
0.01018141309029802,-0.01068801785070569,-0.05508748357930467,-0.41347725464155494,3.93356516519479449,-0.01746290251051468,1.51000000000000001,5.78000000000000025
0.01013983047097988,-0.01029437184758227,-0.05508774332364955,-0.41817503245356569,3.93932357007648992,0.01228882912215819,1.51000000000000001,5.78000000000000025
0.01009777810622279,-0.00990015943283081,-0.05508502165486051,-0.42287213773745264,3.94489309041486047,0.04216531900052861,1.51000000000000001,5.78000000000000025
0.01005525607104637,-0.00950539958745628,-0.05507930610971612,-0.42756841453652267,3.95027187171062666,0.07216631252190976,1.51000000000000001,5.78000000000000025
0.01001226445625334,-0.00911011147896190,-0.05507058425122470,-0.43226370313317353,3.95545803847451705,0.10229153961872195,1.51000000000000001,5.78000000000000025
0.00996880336880936,-0.00871431446345510,-0.05505884367019346,-0.43695783997276422,3.96044969408928660,0.13254071430449335,1.51000000000000001,5.78000000000000025
0.00992487293223066,-0.00831802808776704,-0.05504407198684347,-0.44165065758631200,3.96524492067482415,0.16291353421021110,1.51000000000000001,5.78000000000000025
0.00988047328697931,-0.00792127209158556,-0.05502625685247153,-0.44634198451200718,3.96984177895655721,0.19340968011085696,1.51000000000000001,5.78000000000000025
0.00983560459086656,-0.00752406640960100,-0.05500538595115984,-0.45103164521553724,3.97423830813736867,0.22402881544196113,1.51000000000000001,5.78000000000000025
0.00979026701946404,-0.00712643117366477,-0.05498144700153452,-0.45571946000921315,3.97843252577324513,0.25477058580600681,1.51000000000000001,5.78000000000000025
0.00974446076652327,-0.00672838671496004,-0.05495442775857408,-0.46040524496989060,3.98242242765289145,0.28563461846851873,1.51000000000000001,5.78000000000000025
0.00969818604440329,-0.00632995356618434,-0.05492431601546869,-0.46508881185567980,3.98620598768154810,0.31662052184366701,1.51000000000000001,5.78000000000000025
0.00965144308450681,-0.00593115246374351,-0.05489109960553152,-0.46976996802143794,3.98978115776926101,0.34772788496921969,1.51000000000000001,5.78000000000000025
0.00960423213772476,-0.00553200434995664,-0.05485476640416306,-0.47444851633303953,3.99314586772385960,0.37895627697067480,1.51000000000000001,5.78000000000000025
0.00955655347488957,-0.00513253037527142,-0.05481530433086959,-0.47912425508041995,3.99629802514891042,0.41030524651440570,1.51000000000000001,5.78000000000000025
0.00950840738723712,-0.00473275190048945,-0.05477270135133694,-0.48379697788938919,3.99923551534692434,0.44177432124965155,1.51000000000000001,5.78000000000000025
0.00945979418687766,-0.00433269049900095,-0.05472694547956052,-0.48846647363221279,4.00195620122809892,0.47336300723918712,1.51000000000000001,5.78000000000000025
0.00941071420727566,-0.00393236795902833,-0.05467802478003295,-0.49313252633695814,4.00445792322489780,0.50507078837850572,1.51000000000000001,5.78000000000000025
0.00936116780373879,-0.00353180628587797,-0.05462592736999031,-0.49779491509560569,4.00673849921276481,0.53689712580335092,1.51000000000000001,5.78000000000000025
0.00931115535391623,-0.00313102770419961,-0.05457064142171821,-0.50245341397092502,4.00879572443730314,0.56884145728543367,1.51000000000000001,5.78000000000000025
0.00926067725830626,-0.00273005466025271,-0.05451215516491890,-0.50710779190211708,4.01062737144823256,0.60090319661617297,1.51000000000000001,5.78000000000000025
0.00920973394077340,-0.00232890982417904,-0.05445045688914069,-0.51175781260922504,4.01223119004047479,0.63308173297829995,1.51000000000000001,5.78000000000000025
0.00915832584907514,-0.00192761609228079,-0.05438553494627064,-0.51640323449631742,4.01360490720271290,0.66537643030516791,1.51000000000000001,5.78000000000000025
0.00910645345539845,-0.00152619658930344,-0.05431737775309214,-0.52104381055344817,4.01474622707378881,0.69778662662761193,1.51000000000000001,5.78000000000000025
0.00905411725690614,-0.00112467467072260,-0.05424597379390828,-0.52567928825739973,4.01565283090731029,0.73031163340820637,1.51000000000000001,5.78000000000000025
0.00900131777629317,-0.00072307392503390,-0.05417131162323254,-0.53030940947121741,4.01632237704485906,0.76295073486276932,1.51000000000000001,5.78000000000000025
0.00894805556235310,-0.00032141817604525,-0.05409337986854792,-0.53493391034254290,4.01675250089819436,0.79570318726896816,1.51000000000000001,5.78000000000000025
0.00889433119055481,0.00008026851482979,-0.05401216723313584,-0.53955252120075869,4.01694081494086852,0.82856821826188332,1.51000000000000001,5.78000000000000025
0.00884014526362947,0.00048196184627808,-0.05392766249897618,-0.54416496645295476,4.01688490870967563,0.86154502611639194,1.51000000000000001,5.78000000000000025
0.00878549841216801,0.00088363727479380,-0.05383985452971977,-0.54877096447873164,4.01658234881637632,0.89463277901623683,1.51000000000000001,5.78000000000000025
0.00873039129522925,0.00128527001238693,-0.05374873227373457,-0.55337022752385578,4.01603067897014565,0.92783061430965152,1.51000000000000001,5.78000000000000025
0.00867482460095855,0.00168683502429458,-0.05365428476722699,-0.55796246159278484,4.01522742001121991,0.96113763775141825,1.51000000000000001,5.78000000000000025
0.00861879904721745,0.00208830702669630,-0.05355650113743977,-0.56254736634008129,4.01417006995621062,0.99455292273124063,1.51000000000000001,5.78000000000000025
0.00856231538222405,0.00248966048443443,-0.05345537060592758,-0.56712463496073806,4.01285610405559368,1.02807550948831872,1.51000000000000001,5.78000000000000025
0.00850537438520458,0.00289086960874097,-0.05335088249191194,-0.57169395407943757,4.01128297486387542,1.06170440431202295,1.51000000000000001,5.78000000000000025
0.00844797686705596,0.00329190835497193,-0.05324302621571676,-0.57625500363877180,4.00944811232296505,1.09543857872856831,1.51000000000000001,5.78000000000000025
0.00839012367101962,0.00369275042035091,-0.05313179130228590,-0.58080745678645140,4.00734892385929342,1.12927696867359972,1.51000000000000001,5.78000000000000025
0.00833181567336675,0.00409336924172295,-0.05301716738478419,-0.58535097976153383,4.00498279449523320,1.16321847365060815,1.51000000000000001,5.78000000000000025
0.00827305378409481,0.00449373799332032,-0.05289914420828334,-0.58988523177970498,4.00234708697539787,1.19726195587510409,1.51000000000000001,5.78000000000000025
0.00821383894763568,0.00489382958454171,-0.05277771163353407,-0.59440986491764991,3.99943914190840166,1.23140623940448868,1.51000000000000001,5.78000000000000025
0.00815417214357536,0.00529361665774637,-0.05265285964082608,-0.59892452399655138,3.99625627792468885,1.26565010925356747,1.51000000000000001,5.78000000000000025
0.00809405438738543,0.00569307158606490,-0.05252457833393710,-0.60342884646475792,3.99279579185105682,1.29999231049566921,1.51000000000000001,5.78000000000000025
0.00803348673116616,0.00609216647122829,-0.05239285794417260,-0.60792246227966684,3.98905495890250528,1.33443154734933911,1.51000000000000001,5.78000000000000025
0.00797247026440159,0.00649087314141715,-0.05225768883449755,-0.61240499378886992,3.98503103289207372,1.36896648225059114,1.51000000000000001,5.78000000000000025
0.00791100611472646,0.00688916314913269,-0.05211906150376161,-0.61687605561061254,3.98072124645933467,1.40359573491071488,1.51000000000000001,5.78000000000000025
0.00784909544870517,0.00728700776909169,-0.05197696659101937,-0.62133525451362137,3.97612281131823764,1.43831788135965088,1.51000000000000001,5.78000000000000025
0.00778673947262276,0.00768437799614708,-0.05183139487994688,-0.62578218929635976,3.97123291852500859,1.47313145297495796,1.51000000000000001,5.78000000000000025
0.00772393943328796,0.00808124454323650,-0.05168233730335606,-0.63021645066577103,3.96604873876683106,1.50803493549641643,1.51000000000000001,5.78000000000000025
0.00766069661884847,0.00847757783936068,-0.05152978494780834,-0.63463762111557731,3.96056742267205619,1.54302676802632455,1.51000000000000001,5.78000000000000025
0.00759701235961835,0.00887334802759399,-0.05137372905832897,-0.63904527480420270,3.95478610114269635,1.57810534201556596,1.51000000000000001,5.78000000000000025
0.00753288802891771,0.00926852496312942,-0.05121416104322346,-0.64343897743239520,3.94870188570999003,1.61326900023554343,1.51000000000000001,5.78000000000000025
0.00746832504392454,0.00966307821136024,-0.05105107247899753,-0.64781828612062564,3.94231186891382857,1.64851603573609218,1.51000000000000001,5.78000000000000025
0.00740332486653894,0.01005697704600088,-0.05088445511538193,-0.65218274928634645,3.93561312470686531,1.68384469078951016,1.51000000000000001,5.78000000000000025
0.00733788900425951,0.01045019044724946,-0.05071430088046356,-0.65653190652119719,3.92860270888413909,1.71925315582086258,1.51000000000000001,5.78000000000000025
0.00727201901107210,0.01084268709999462,-0.05054060188592427,-0.66086528846825021,3.92127765953906504,1.75473956832473976,1.51000000000000001,5.78000000000000025
0.00720571648835080,0.01123443539206927,-0.05036335043238861,-0.66518241669939193,3.91363499754666222,1.79030201176867432,1.51000000000000001,5.78000000000000025
0.00713898308577117,0.01162540341255410,-0.05018253901488189,-0.66948280359294343,3.90567172707490595,1.82593851448344635,1.51000000000000001,5.78000000000000025
0.00707182050223568,0.01201555895013362,-0.04999816032839993,-0.67376595221162705,3.89738483612511066,1.86164704854053409,1.51000000000000001,5.78000000000000025
0.00700423048681140,0.01240486949150779,-0.04981020727359159,-0.67803135618099208,3.88877129710226832,1.89742552861699298,1.51000000000000001,5.78000000000000025
0.00693621483967973,0.01279330221986217,-0.04961867296255552,-0.68227849956841824,3.87982806741628039,1.93327181084807620,1.51000000000000001,5.78000000000000025
0.00686777541309829,0.01318082401339979,-0.04942355072475219,-0.68650685676282164,3.87055209011504298,1.96918369166794127,1.51000000000000001,5.78000000000000025
0.00679891411237466,0.01356740144393800,-0.04922483411303243,-0.69071589235519293,3.86094029455035992,2.00515890663881713,1.51000000000000001,5.78000000000000025
0.00672963289685221,0.01395300077557351,-0.04902251690978365,-0.69490506102010452,3.85098959707767241,2.04119512926904134,1.51000000000000001,5.78000000000000025
0.00665993378090754,0.01433758796341923,-0.04881659313319479,-0.69907380739833036,3.84069690179061496,2.07728996982040703,1.51000000000000001,5.78000000000000025
0.00658981883495971,0.01472112865241628,-0.04860705704364100,-0.70322156598072605,3.83005910129141958,2.11344097410530463,1.51000000000000001,5.78000000000000025
0.00651929018649098,0.01510358817622493,-0.04839390315018915,-0.70734776099352770,3.81907307749820157,2.14964562227417089,1.51000000000000001,5.78000000000000025
0.00644835002107894,0.01548493155619809,-0.04817712621722502,-0.71145180628523019,3.80773570249018434,2.18590132759380085,1.51000000000000001,5.78000000000000025
0.00637700058343987,0.01586512350044136,-0.04795672127120313,-0.71553310521521640,3.79604383939192358,2.22220543521712433,1.51000000000000001,5.78000000000000025
0.00630524417848312,0.01624412840296336,-0.04773268360751997,-0.71959105054431416,3.78399434329761020,2.25855522094508121,1.51000000000000001,5.78000000000000025
0.00623308317237638,0.01662191034292070,-0.04750500879751137,-0.72362502432746545,3.77158406223654197,2.29494788998128163,1.51000000000000001,5.78000000000000025
0.00616051999362152,0.01699843308396147,-0.04727369269557482,-0.72763439780870043,3.75880983818086412,2.33138057568017798,1.51000000000000001,5.78000000000000025
0.00608755713414083,0.01737366007367174,-0.04703873144641718,-0.73161853131861654,3.74566850809668983,2.36785033828952995,1.51000000000000001,5.78000000000000025
0.00601419715037341,0.01774755444312933,-0.04680012149242848,-0.73557677417456979,3.73215690503971897,2.40435416368798061,1.51000000000000001,5.78000000000000025
0.00594044266438130,0.01812007900656949,-0.04655785958118207,-0.73950846458379504,3.71827185929648563,2.44088896211862760,1.51000000000000001,5.78000000000000025
0.00586629636496526,0.01849119626116695,-0.04631194277306165,-0.74341292954967964,3.70401019957236288,2.47745156691951518,1.51000000000000001,5.78000000000000025
0.00579176100878968,0.01886086838693924,-0.04606236844901537,-0.74728948478142243,3.68936875422746846,2.51403873325202909,1.51000000000000001,5.78000000000000025
0.00571683942151638,0.01922905724677595,-0.04580913431843709,-0.75113743460732008,3.67434435256160929,2.55064713682823863,1.51000000000000001,5.78000000000000025
0.00564153449894684,0.01959572438659905,-0.04555223842717495,-0.75495607189193070,3.65893382614941221,2.58727337263828128,1.51000000000000001,5.78000000000000025
0.00556584920817257,0.01996083103565928,-0.04529167916566717,-0.75874467795737288,3.64313401022678107,2.62391395367894775,1.51000000000000001,5.78000000000000025
0.00548978658873314,0.02032433810697375,-0.04502745527720483,-0.76250252250902850,3.62694174512982670,2.66056530968468863,1.51000000000000001,5.78000000000000025
0.00541334975378131,0.02068620619791017,-0.04475956586632144,-0.76622886356592612,3.61035387778740358,2.69722378586232470,1.51000000000000001,5.78000000000000025
0.00533654189125496,0.02104639559092301,-0.04448801040730873,-0.76992294739609057,3.59336726326838862,2.73388564163081060,1.51000000000000001,5.78000000000000025
0.00525936626505524,0.02140486625444719,-0.04421278875285820,-0.77358400845715447,3.57597876638482726,2.77054704936746754,1.51000000000000001,5.78000000000000025
0.00518182621623032,0.02176157784395491,-0.04393390114282766,-0.77721126934253548,3.55818526335205609,2.80720409316216823,1.51000000000000001,5.78000000000000025
0.00510392516416424,0.02211648970318143,-0.04365134821313185,-0.78080394073349424,3.53998364350690942,2.84385276758103389,1.51000000000000001,5.78000000000000025
0.00502566660777032,0.02246956086552558,-0.04336513100475618,-0.78436122135739550,3.52137081108508765,2.88048897644126622,1.51000000000000001,5.78000000000000025
0.00494705412668830,0.02282075005563100,-0.04307525097289237,-0.78788229795250597,3.50234368705876031,2.91710853159882078,1.51000000000000001,5.78000000000000025
0.00486809138248478,0.02317001569115425,-0.04278170999619458,-0.79136634523967064,3.48289921103544486,2.95370715175069698,1.51000000000000001,5.78000000000000025
0.00478878211985606,0.02351731588472585,-0.04248451038615449,-0.79481252590121987,3.46303434321918191,2.99028046125370217,1.51000000000000001,5.78000000000000025
0.00470913016783271,0.02386260844611064,-0.04218365489659365,-0.79821999056746862,3.44274606643500025,3.02682398896162308,1.51000000000000001,5.78000000000000025
0.00462913944098514,0.02420585088457377,-0.04187914673327110,-0.80158787781117724,3.42203138821762920,3.06333316708282144,1.51000000000000001,5.78000000000000025
0.00454881394062929,0.02454700041145882,-0.04157098956360404,-0.80491531415035555,3.40088734296538941,3.09980333006034670,1.51000000000000001,5.78000000000000025
0.00446815775603158,0.02488601394298462,-0.04125918752649939,-0.80820141405979762,3.37931099416014114,3.13622971347675117,1.51000000000000001,5.78000000000000025
0.00438717506561230,0.02522284810326733,-0.04094374524229346,-0.81144527999174654,3.35729943665413977,3.17260745298586588,1.51000000000000001,5.78000000000000025
0.00430587013814643,0.02555745922757471,-0.04062466782279704,-0.81464600240609542,3.33484979902458845,3.20893158327389294,1.51000000000000001,5.78000000000000025
0.00422424733396094,0.02588980336581914,-0.04030196088144278,-0.81780265981054068,3.31195924599663893,3.24519703705224449,1.51000000000000001,5.78000000000000025
0.00414231110612756,0.02621983628629648,-0.03997563054353163,-0.82091431881111177,3.28862498093552436,3.28139864408465654,1.51000000000000001,5.78000000000000025
0.00406006600165003,0.02654751347967756,-0.03964568345657467,-0.82398003417350940,3.26484424840845167,3.31753113025118562,1.51000000000000001,5.78000000000000025
0.00397751666264453,0.02687279016325941,-0.03931212680072672,-0.82699884889569264,3.24061433681681743,3.35358911665178994,1.51000000000000001,5.78000000000000025
0.00389466782751238,0.02719562128548323,-0.03897496829930738,-0.82996979429216233,3.21593258109923719,3.38956711875228311,1.51000000000000001,5.78000000000000025
0.00381152433210366,0.02751596153072626,-0.03863421622940524,-0.83289189009039610,3.19079636550580092,3.42545954557553634,1.51000000000000001,5.78000000000000025
0.00372809111087057,0.02783376532437459,-0.03828987943256067,-0.83576414453989545,3.16520312644389179,3.46126069894089916,1.51000000000000001,5.78000000000000025
0.00364437319800919,0.02814898683818418,-0.03794196732552207,-0.83858555453431405,3.13915035539580867,3.49696477275488959,1.51000000000000001,5.78000000000000025
0.00356037572858847,0.02846157999593722,-0.03759048991107034,-0.84135510574713912,3.11263560190835120,3.53256585235630016,1.51000000000000001,5.78000000000000025
0.00347610393966484,0.02877149847940110,-0.03723545778890602,-0.84407177278140544,3.08565647665441478,3.56805791391895033,1.51000000000000001,5.78000000000000025
0.00339156317138114,0.02907869573459704,-0.03687688216659312,-0.84673451933392441,3.05821065456655061,3.60343482391540082,1.51000000000000001,5.78000000000000025
0.00330675886804846,0.02938312497838577,-0.03651477487055341,-0.84934229837451514,3.03029587804232259,3.63869033864503288,1.51000000000000001,5.78000000000000025
0.00322169657920919,0.02968473920537728,-0.03614914835710451,-0.85189405234072701,3.00190996022118251,3.67381810382998220,1.51000000000000001,5.78000000000000025
0.00313638196067990,0.02998349119517177,-0.03578001572353485,-0.85438871334854571,2.97305078833245995,3.70881165428248805,1.51000000000000001,5.78000000000000025
0.00305082077557221,0.03027933351993906,-0.03540739071920818,-0.85682520341957646,2.94371632711392728,3.74366441364731228,1.51000000000000001,5.78000000000000025
0.00296501889529021,0.03057221855234318,-0.03503128775668994,-0.85920243472519775,2.91390462230026870,3.77836969422294588,1.51000000000000001,5.78000000000000025
0.00287898230050254,0.03086209847381947,-0.03465172192288742,-0.86151930984817915,2.88361380418063051,3.81292069686540502,1.51000000000000001,5.78000000000000025
0.00279271708208742,0.03114892528321067,-0.03426870899019517,-0.86377472206225481,2.85284209122428711,3.84731051097848287,1.51000000000000001,5.78000000000000025
0.00270622944204880,0.03143265080576903,-0.03388226542763703,-0.86596755563014116,2.82158779377328495,3.88153211459439218,1.51000000000000001,5.78000000000000025
0.00261952569440181,0.03171322670253101,-0.03349240841199530,-0.86809668612048474,2.78984931780077483,3.91557837454879509,1.51000000000000001,5.78000000000000025
0.00253261226602544,0.03199060448007091,-0.03309915583891757,-0.87016098074421899,2.75762516873355956,3.94944204675427635,1.51000000000000001,5.78000000000000025
0.00244549569748076,0.03226473550064002,-0.03270252633399108,-0.87215929871080400,2.72491395533720748,3.98311577657636695,1.51000000000000001,5.78000000000000025
0.00235818264379233,0.03253557099269731,-0.03230253926377424,-0.87409049160481467,2.69171439366189214,4.01659209931627270,1.51000000000000001,5.78000000000000025
0.00227067987519105,0.03280306206183761,-0.03189921474677428,-0.87595340378333353,2.65802531104692941,4.04986344080450156,1.51000000000000001,5.78000000000000025
0.00218299427781611,0.03306715970212311,-0.03149257366435987,-0.87774687279459251,2.62384565018177174,4.08292211810962158,1.51000000000000001,5.78000000000000025
0.00209513285437409,0.03332781480782369,-0.03108263767159692,-0.87946972981829796,2.58917447322101868,4.11576034036640426,1.51000000000000001,5.78000000000000025
0.00200710272475282,0.03358497818557134,-0.03066942920799544,-0.88112080012805616,2.55401096595078458,4.14837020972763160,1.51000000000000001,5.78000000000000025
0.00191891112658800,0.03383860056693367,-0.03025297150815480,-0.88269890357630232,2.51835444200353598,4.18074372244385017,1.51000000000000001,5.78000000000000025
0.00183056541578004,0.03408863262141119,-0.02983328861229450,-0.88420285510211782,2.48220434711829219,4.21287277007536254,1.51000000000000001,5.78000000000000025
0.00174207306695912,0.03433502496986271,-0.02941040537665690,-0.88563146526230085,2.44556026344283861,4.24474914084074140,1.51000000000000001,5.78000000000000025
0.00165344167389582,0.03457772819836299,-0.02898434748376815,-0.88698354078603370,2.40842191387436078,4.27636452110612453,1.51000000000000001,5.78000000000000025
0.00156467894985518,0.03481669287249613,-0.02855514145254292,-0.88825788515346671,2.37078916643466808,4.30771049701953324,1.51000000000000001,5.78000000000000025
0.00147579272789165,0.03505186955208810,-0.02812281464821829,-0.88945329919851246,2.33266203867591138,4.33877855629440834,1.51000000000000001,5.78000000000000025
0.00138679096108260,0.03528320880638119,-0.02768739529210171,-0.89056858173611675,2.29404070211244848,4.36956009014651059,1.51000000000000001,5.78000000000000025
0.00129768172269776,0.03551066122965268,-0.02724891247111730,-0.89160253021424196,2.25492548667424675,4.40004639538826936,1.51000000000000001,5.78000000000000025
0.00120847320630232,0.03573417745727986,-0.02680739614713480,-0.89255394139076660,2.21531688517694558,4.43022867668458620,1.51000000000000001,5.78000000000000025
0.00111917372579105,0.03595370818225254,-0.02636287716606468,-0.89342161203546966,2.17521555780342535,4.46009804897400919,1.51000000000000001,5.78000000000000025
0.00102979171535094,0.03616920417213417,-0.02591538726670263,-0.89420433965723178,2.13462233659146738,4.48964554005909022,1.51000000000000001,5.78000000000000025
0.00094033572934990,0.03638061628647175,-0.02546495908930649,-0.89490092325654569,2.09353822992179994,4.51886209336961731,1.51000000000000001,5.78000000000000025
0.00085081444214891,0.03658789549465427,-0.02501162618388801,-0.89551016410338624,2.05196442700055748,4.54773857090228262,1.51000000000000001,5.78000000000000025
0.00076123664783509,0.03679099289421900,-0.02455542301820173,-0.89603086654044650,2.00990230232989653,4.57626575634019161,1.51000000000000001,5.78000000000000025
0.00067161125987326,0.03698985972960379,-0.02409638498541269,-0.89646183881169961,1.96735342016023296,4.60443435835545056,1.51000000000000001,5.78000000000000025
0.00058194731067329,0.03718444741134354,-0.02363454841142471,-0.89680189391619636,1.92431953891728491,4.63223501409790117,1.51000000000000001,5.78000000000000025
0.00049225395107090,0.03737470753570778,-0.02316995056185027,-0.89704985048695762,1.88080261559683448,4.65965829287284183,1.51000000000000001,5.78000000000000025
0.00040254044971924,0.03756059190477574,-0.02270262964860317,-0.89720453369476605,1.83680481011983887,4.68669470001038047,1.51000000000000001,5.78000000000000025
0.00031281619238890,0.03774205254694473,-0.02223262483609443,-0.89726477617660527,1.79232848964025382,4.71333468092881880,1.51000000000000001,5.78000000000000025
0.00022309068117388,0.03791904173786655,-0.02175997624701218,-0.89722941898843545,1.74737623279766563,4.73956862539420243,1.51000000000000001,5.78000000000000025
0.00013337353360102,0.03809151202180606,-0.02128472496766566,-0.89709731258193359,1.70195083390656565,4.76538687197791155,1.51000000000000001,5.78000000000000025
0.00004367448164064,0.03825941623341524,-0.02080691305287350,-0.89686731780476303,1.65605530707384552,4.79077971271385916,1.51000000000000001,5.78000000000000025
-0.00004599662938404,0.03842270751991492,-0.02032658353037622,-0.89653830692386949,1.60969289023584627,4.81573739795655964,1.51000000000000001,5.78000000000000025
-0.00013562984199098,0.03858133936367594,-0.01984378040475286,-0.89610916467123636,1.56286704910605589,4.84025014144099153,1.51000000000000001,5.78000000000000025
-0.00022521508783893,0.03873526560519013,-0.01935854866082154,-0.89557878931145796,1.51558148102432244,4.86430812554482817,1.51000000000000001,5.78000000000000025
-0.00031474218913506,0.03888444046642103,-0.01887093426650363,-0.89494609373042067,1.46784011869823572,4.88790150675323787,1.51000000000000001,5.78000000000000025
-0.00040420086015227,0.03902881857452282,-0.01838098417513130,-0.89421000654430660,1.41964713382712682,4.91102042132606442,1.51000000000000001,5.78000000000000025
-0.00049358070885857,0.03916835498591548,-0.01788874632717830,-0.89336947322805937,1.37100694059894912,4.93365499116678130,1.51000000000000001,5.78000000000000025
-0.00058287123866010,0.03930300521070277,-0.01739426965139380,-0.89242345726237515,1.32192419905013159,4.95579532989219729,1.51000000000000001,5.78000000000000025
-0.00067206185025981,0.03943272523741907,-0.01689760406531921,-0.89137094129820271,1.27240381827834126,4.97743154910142938,1.51000000000000001,5.78000000000000025
-0.00076114184363342,0.03955747155808954,-0.01639880047516832,-0.89021092833765791,1.22245095949795846,4.99855376484219249,1.51000000000000001,5.78000000000000025
-0.00085010042012416,0.03967720119358771,-0.01589791077505098,-0.88894244293017777,1.17207103892795161,5.01915210427199110,1.51000000000000001,5.78000000000000025
-0.00093892668465797,0.03979187171927289,-0.01539498784552101,-0.88756453238265676,1.12126973050174894,5.03921671251126835,1.51000000000000001,5.78000000000000025
-0.00102760964808024,0.03990144129088934,-0.01489008555142944,-0.88607626798222805,1.07005296838863173,5.05873775968507378,1.51000000000000001,5.78000000000000025
-0.00111613822961546,0.04000586867070765,-0.01438325873906423,-0.88447674623026984,1.01842694931613398,5.07770544814926783,1.51000000000000001,5.78000000000000025
-0.00120450125945075,0.04010511325388804,-0.01387456323255834,-0.88276509008613457,0.96639813468291269,5.09611001989674417,1.51000000000000001,5.78000000000000025
-0.00129268748144422,0.04019913509504394,-0.01336405582954842,-0.88094045021901868,0.91397325245156480,5.11394176413857959,1.51000000000000001,5.78000000000000025
-0.00138068555595876,0.04028789493498351,-0.01285179429606688,-0.87900200626630831,0.86115929881090625,5.13119102505446101,1.51000000000000001,5.78000000000000025
-0.00146848406282207,0.04037135422760534,-0.01233783736065064,-0.87694896809665746,0.80796353959729861,5.14784820970615797,1.51000000000000001,5.78000000000000025
-0.00155607150441297,0.04044947516692387,-0.01182224470765074,-0.87478057707597556,0.75439351146471112,5.16390379610721073,1.51000000000000001,5.78000000000000025
-0.00164343630887458,0.04052222071419878,-0.01130507696972744,-0.87249610733442540,0.70045702279334188,5.17934834144141831,1.51000000000000001,5.78000000000000025
-0.00173056683345397,0.04058955462514181,-0.01078639571951637,-0.87009486703245564,0.64616215432679025,5.19417249042210027,1.51000000000000001,5.78000000000000025
-0.00181745136796842,0.04065144147717323,-0.01026626346045206,-0.86757619962382093,0.59151725952797929,5.20836698378350427,1.51000000000000001,5.78000000000000025
-0.00190407813839771,0.04070784669669956,-0.00974474361673613,-0.86493948511347163,0.53653096464426708,5.22192266689512863,1.51000000000000001,5.78000000000000025
-0.00199043531060180,0.04075873658638272,-0.00922190052243830,-0.86218414130812782,0.48121216847246551,5.23483049848910564,1.51000000000000001,5.78000000000000025
-0.00207651099416316,0.04080407835237045,-0.00869779940971940,-0.85930962505728969,0.42557004181480063,5.24708155949021737,1.51000000000000001,5.78000000000000025
-0.00216229324635265,0.04084384013145641,-0.00817250639616678,-0.85631543348237504,0.36961402661720449,5.25866706193748268,1.51000000000000001,5.78000000000000025
-0.00224777007621753,0.04087799101813797,-0.00764608847123341,-0.85320110519162051,0.31335383478172302,5.26957835798569008,1.51000000000000001,5.78000000000000025
-0.00233292944879023,0.04090650109153848,-0.00711861348177336,-0.84996622147833190,0.25679944664525628,5.27980694897465952,1.51000000000000001,5.78000000000000025
-0.00241775928941598,0.04092934144216062,-0.00659015011666747,-0.84661040750002192,0.19996110911732287,5.28934449455344158,1.51000000000000001,5.78000000000000025
-0.00250224748819731,0.04094648419843601,-0.00606076789053446,-0.84313333343593422,0.14284933347005022,5.29818282184612599,1.51000000000000001,5.78000000000000025
-0.00258638190455308,0.04095790255303627,-0.00553053712652387,-0.83953471562041870,0.08547489277414624,5.30631393464537560,1.51000000000000001,5.78000000000000025
-0.00267015037188958,0.04096357078890971,-0.00499952893818897,-0.83581431764959169,0.02784881897519711,5.31373002261930782,1.51000000000000001,5.78000000000000025
-0.00275354070238081,0.04096346430500748,-0.00446781521043883,-0.83197195145869562,-0.03001760039473443,5.32042347051683695,1.51000000000000001,5.78000000000000025
-0.00283654069185496,0.04095755964166239,-0.00393546857957061,-0.82800747836755628,-0.08811282587457001,5.32638686735613742,1.51000000000000001,5.78000000000000025
-0.00291913812478370,0.04094583450558344,-0.00340256241238454,-0.82392081009152707,-0.14642507010439215,5.33161301558044709,1.51000000000000001,5.78000000000000025
-0.00300132077937075,0.04092826779442860,-0.00286917078438554,-0.81971190971531083,-0.20494230223125523,5.33609494016502950,1.51000000000000001,5.78000000000000025
-0.00308307643273587,0.04090483962091800,-0.00233536845707738,-0.81538079262705632,-0.26365225269277703,5.33982589765873517,1.51000000000000001,5.78000000000000025
-0.00316439286619014,0.04087553133644996,-0.00180123085435655,-0.81092752741014162,-0.32254241837985353,5.34279938514328467,1.51000000000000001,5.78000000000000025
-0.00324525787059821,0.04084032555418174,-0.00126683403801512,-0.80635223669008160,-0.38160006817900477,5.34500914909309177,1.51000000000000001,5.78000000000000025
-0.00332565925182293,0.04079920617153695,-0.00073225468236323,-0.80165509793402812,-0.44081224889399628,5.34644919411819775,1.51000000000000001,5.78000000000000025
-0.00340558483624737,0.04075215839210207,-0.00019757004798397,-0.79683634420037219,-0.50016579154549368,5.34711379157268851,1.51000000000000001,5.78000000000000025
-0.00348502247636931,0.04069916874687408,0.00033714204536521,-0.79189626483600906,-0.55964731804659307,5.34699748801079977,1.51000000000000001,5.78000000000000025
-0.00356396005646261,0.04064022511482191,0.00087180324668830,-0.78683520611888436,-0.61924324825114074,5.34609511347282051,1.51000000000000001,5.78000000000000025
-0.00364238549830016,0.04057531674272451,0.00140633470250587,-0.78165357184350792,-0.67893980737080128,5.34440178958283152,1.51000000000000001,5.78000000000000025
-0.00372028676693228,0.04050443426424909,0.00194065708640980,-0.77635182384719925,-0.73872303375587112,5.34191293744032958,1.51000000000000001,5.78000000000000025
-0.00379765187651481,0.04042756971823326,0.00247469062939616,-0.77093048247491469,-0.79857878703385610,5.33862428528782562,1.51000000000000001,5.78000000000000025
-0.00387446889618044,0.04034471656613575,0.00300835515095289,-0.76539012698060038,-0.85849275659884794,5.33453187593662737,1.51000000000000001,5.78000000000000025
-0.00395072595594699,0.04025586970862092,0.00354157009087722,-0.75973139586312022,-0.91845047044374584,5.32963207393317173,1.51000000000000001,5.78000000000000025
-0.00402641125265591,0.04016102550124336,0.00407425454179606,-0.75395498713492093,-0.97843730432637943,5.32392157244850850,1.51000000000000001,5.78000000000000025
-0.00410151305593416,0.04006018176919953,0.00460632728236071,-0.74806165852171547,-1.03843849125960452,5.31739739987381110,1.51000000000000001,5.78000000000000025
-0.00417601971417261,0.03995333782111465,0.00513770681108584,-0.74205222759159906,-1.09843913131446391,5.31005692610514490,1.51000000000000001,5.78000000000000025
-0.00424991966051377,0.03984049446183414,0.00566831138080059,-0.73592757181214552,-1.15842420172453719,5.30189786850112732,1.51000000000000001,5.78000000000000025
-0.00432320141884149,0.03972165400419007,0.00619805903367849,-0.72968862853418093,-1.21837856727865468,5.29291829749757792,1.51000000000000001,5.78000000000000025
-0.00439585360976540,0.03959682027971449,0.00672686763681109,-0.72333639490108048,-1.27828699098821552,5.28311664186378049,1.51000000000000001,5.78000000000000025
-0.00446786495659250,0.03946599864827292,0.00725465491828859,-0.71687192768259633,-1.33813414501444417,5.27249169358557701,1.51000000000000001,5.78000000000000025
-0.00453922429127830,0.03932919600659276,0.00778133850374956,-0.71029634303238898,-1.39790462184003750,5.26104261236113846,1.51000000000000001,5.78000000000000025
-0.00460992056034987,0.03918642079566299,0.00830683595336035,-0.70361081616860521,-1.45758294566880875,5.24876892969597542,1.51000000000000001,5.78000000000000025
-0.00467994283079312,0.03903768300698319,0.00883106479918339,-0.69681658097702470,-1.51715358403612055,5.23567055258450154,1.51000000000000001,5.78000000000000025
-0.00474928029589647,0.03888299418764180,0.00935394258289245,-0.68991492953647660,-1.57660095961212909,5.22174776676626351,1.51000000000000001,5.78000000000000025
-0.00481792228104318,0.03872236744420510,0.00987538689379188,-0.68290721156641376,-1.63590946217913435,5.20700123954583649,1.51000000000000001,5.78000000000000025
-0.00488585824944454,0.03855581744540065,0.01039531540709550,-0.67579483379672223,-1.69506346076365011,5.19143202216626243,1.51000000000000001,5.78000000000000025
-0.00495307780780620,0.03838336042358052,0.01091364592242021,-0.66857925926003270,-1.75404731590317953,5.17504155172689195,1.51000000000000001,5.78000000000000025
-0.00501957071191983,0.03820501417495200,0.01143029640244818,-0.66126200650699607,-1.81284539202710970,5.15783165263747456,1.51000000000000001,5.78000000000000025
-0.00508532687217250,0.03802079805856547,0.01194518501171103,-0.65384464874517889,-1.87144206993062112,5.13980453760138811,1.51000000000000001,5.78000000000000025
-0.00515033635896617,0.03783073299405100,0.01245823015544850,-0.64632881290242983,-1.92982175932005395,5.12096280812196003,1.51000000000000001,5.78000000000000025
-0.00521458940803977,0.03763484145809783,0.01296935051849370,-0.63871617861576213,-1.98796891140778142,5.10130945452695883,1.51000000000000001,5.78000000000000025
-0.00527807642568652,0.03743314747967277,0.01347846510413655,-0.63100847714699182,-2.04586803153431607,5.08084785550745188,1.51000000000000001,5.78000000000000025
-0.00534078799385916,0.03722567663397604,0.01398549327291673,-0.62320749022656086,-2.10350369179511443,5.05958177716839064,1.51000000000000001,5.78000000000000025
-0.00540271487515614,0.03701245603513505,0.01449035478129717,-0.61531504882716503,-2.16086054364936242,5.03751537158946316,1.51000000000000001,5.78000000000000025
-0.00546384801768157,0.03679351432763920,0.01499296982016920,-0.60733303186898968,-2.21792333048790224,5.01465317489594042,1.51000000000000001,5.78000000000000025
-0.00552417855977254,0.03656888167652091,0.01549325905314019,-0.59926336485853859,-2.27467690013742141,4.99100010484044798,1.51000000000000001,5.78000000000000025
-0.00558369783458697,0.03633858975629028,0.01599114365455514,-0.59110801846321515,-2.33110621727804990,4.96656145789780901,1.51000000000000001,5.78000000000000025
-0.00564239737454584,0.03610267173863339,0.01648654534720342,-0.58286900702398659,-2.38719637575162080,4.94134290587629277,1.51000000000000001,5.78000000000000025
-0.00570026891562369,0.03586116227888610,0.01697938643966276,-0.57454838700862254,-2.44293261073801471,4.91535049204982766,1.51000000000000001,5.78000000000000025
-0.00575730440148162,0.03561409750129772,0.01746958986323260,-0.56614825540815772,-2.49830031077726877,4.88859062681691903,1.51000000000000001,5.78000000000000025
-0.00581349598743712,0.03536151498310119,0.01795707920841011,-0.55767074807937322,-2.55328502961544634,4.86107008289318721,1.51000000000000001,5.78000000000000025
-0.00586883604426566,0.03510345373740835,0.01844177876086232,-0.54911803803623283,-2.60787249785265640,4.83279599004561877,1.51000000000000001,5.78000000000000025
-0.00592331716182900,0.03483995419495110,0.01892361353684928,-0.54049233369333838,-2.66204863437207973,4.80377582937773617,1.51000000000000001,5.78000000000000025
-0.00597693215252547,0.03457105818469164,0.01940250931805361,-0.53179587706458964,-2.71579955752938496,4.77401742717601607,1.51000000000000001,5.78000000000000025
-0.00602967405455818,0.03429680891332639,0.01987839268577325,-0.52303094192034316,-2.76911159608251900,4.74352894832895711,1.51000000000000001,5.78000000000000025
-0.00608153613501682,0.03401725094371089,0.02035119105443530,-0.51419983190646468,-2.82197129984251482,4.71231888933122178,1.51000000000000001,5.78000000000000025
-0.00613251189276981,0.03373243017223425,0.02082083270439006,-0.50530487862875695,-2.87436545002668220,4.68039607088629239,1.51000000000000001,5.78000000000000025
-0.00618259506116314,0.03344239380517391,0.02128724681394582,-0.49634843970632192,-2.92628106929632903,4.64776963012201083,1.51000000000000001,5.78000000000000025
-0.00623177961052321,0.03314719033406319,0.02175036349060654,-0.48733289679748099,-2.97770543146199040,4.61444901243429051,1.51000000000000001,5.78000000000000025
-0.00628005975046108,0.03284686951010553,0.02221011380147594,-0.47826065360193076,-3.02862607084003299,4.58044396297511280,1.51000000000000001,5.78000000000000025
-0.00632742993197583,0.03254148231767120,0.02266642980279332,-0.46913413384285174,-3.07903079124543000,4.54576451780174029,1.51000000000000001,5.78000000000000025
-0.00637388484935533,0.03223108094691345,0.02311924456856810,-0.45995577923271758,-3.12890767460647767,4.51042099470478330,1.51000000000000001,5.78000000000000025
-0.00641941944187295,0.03191571876554276,0.02356849221828184,-0.45072804742656791,-3.17824508918823989,4.47442398373344918,1.51000000000000001,5.78000000000000025
-0.00646402889527903,0.03159545028979871,0.02401410794362851,-0.44145340996651383,-3.22703169741255413,4.43778433743689771,1.51000000000000001,5.78000000000000025
-0.00650770864308667,0.03127033115466053,0.02445602803426537,-0.43213435022123597,-3.27525646326350595,4.40051316084118316,1.51000000000000001,5.78000000000000025
-0.00655045436765123,0.03094041808333826,0.02489418990254929,-0.42277336132421756,-3.32290865926838963,4.36262180118172083,1.51000000000000001,5.78000000000000025
-0.00659226200104384,0.03060576885608742,0.02532853210723489,-0.41337294411442194,-3.36997787304528806,4.32412183741163858,1.51000000000000001,5.78000000000000025
-0.00663312772571921,0.03026644227839089,0.02575899437611313,-0.40393560508308302,-3.41645401340954669,4.28502506950670892,1.51000000000000001,5.78000000000000025
-0.00667304797497861,0.02992249814855249,0.02618551762757117,-0.39446385433022257,-3.46232731603256871,4.24534350758782431,1.51000000000000001,5.78000000000000025
-0.00671201943322906,0.02957399722474726,0.02660804399105616,-0.38496020353444405,-3.50758834864751012,4.20508936088217489,1.51000000000000001,5.78000000000000025
-0.00675003903604044,0.02922100119157411,0.02702651682642802,-0.37542716393947811,-3.55222801579761160,4.16427502654443416,1.51000000000000001,5.78000000000000025
-0.00678710397000207,0.02886357262615653,0.02744088074218826,-0.36586724436087015,-3.59623756312406417,4.12291307835930176,1.51000000000000001,5.78000000000000025
-0.00682321167238126,0.02850177496383766,0.02785108161257387,-0.35628294921610559,-3.63960858119144115,4.08101625534675172,1.51000000000000001,5.78000000000000025
-0.00685835983058606,0.02813567246351599,0.02825706659350794,-0.34667677658136709,-3.68233300884987758,4.03859745029127559,1.51000000000000001,5.78000000000000025
-0.00689254638143522,0.02776533017266801,0.02865878413740018,-0.33705121627800494,-3.72440313613428087,3.99566969821625362,1.51000000000000001,5.78000000000000025
-0.00692576951023836,0.02739081389210397,0.02905618400679299,-0.32740874799168423,-3.76581160670197246,3.95224616482439339,1.51000000000000001,5.78000000000000025
-0.00695802764968986,0.02701219014050295,0.02944921728685083,-0.31775183942704571,-3.80655141981121448,3.90834013492491961,1.51000000000000001,5.78000000000000025
-0.00698931947858002,0.02662952611877280,0.02983783639669241,-0.30808294450058482,-3.84661593184413864,3.86396500086786832,1.51000000000000001,5.78000000000000025
-0.00701964392032762,0.02624288967428045,0.03022199509956754,-0.29840450157431581,-3.88599885737859774,3.81913425100546178,1.51000000000000001,5.78000000000000025
-0.00704900014133795,0.02585234926499730,0.03060164851188227,-0.28871893173264324,-3.92469426981444203,3.77386145820011532,1.51000000000000001,5.78000000000000025
-0.00707738754919075,0.02545797392360408,0.03097675311107800,-0.27902863710471665,-3.96269660156066816,3.72816026839813874,1.51000000000000001,5.78000000000000025
-0.00710480579066277,0.02505983322159857,0.03134726674237195,-0.26933599923439189,-4.00000064379078513,3.68204438928766420,1.51000000000000001,5.78000000000000025
-0.00713125474958984,0.02465799723344908,0.03171314862436845,-0.25964337749976762,-4.03660154577460073,3.63552757905876378,1.51000000000000001,5.78000000000000025
-0.00715673454457339,0.02425253650083554,0.03207435935355205,-0.24995310758410993,-4.07249481379545220,3.58862363528309825,1.51000000000000001,5.78000000000000025
-0.00718124552653668,0.02384352199701919,0.03243086090767523,-0.24026749999981714,-4.10767630966265784,3.54134638392978474,1.51000000000000001,5.78000000000000025
-0.00720478827613623,0.02343102509138082,0.03278261664805529,-0.23058883866691884,-4.14214224882969440,3.49370966853349074,1.51000000000000001,5.78000000000000025
-0.00722736360103380,0.02301511751416650,0.03312959132079615,-0.22091937954744190,-4.17588919812927362,3.44572733953003096,1.51000000000000001,5.78000000000000025
-0.00724897253303467,0.02259587132147839,0.03347175105695283,-0.21126134933681631,-4.20891407313709554,3.39741324377401188,1.51000000000000001,5.78000000000000025
-0.00726961632509801,0.02217335886054725,0.03380906337165726,-0.20161694421333445,-4.24121413517663548,3.34878121425228947,1.51000000000000001,5.78000000000000025
-0.00728929644822505,0.02174765273532194,0.03414149716222591,-0.19198832864651941,-4.27278698797782486,3.29984506000622257,1.51000000000000001,5.78000000000000025
-0.00730801458823111,0.02131882577240975,0.03446902270527040,-0.18237763426510176,-4.30363057400294213,3.25061855627489837,1.51000000000000001,5.78000000000000025
-0.00732577264240745,0.02088695098740020,0.03479161165283417,-0.17278695878515102,-4.33374317045345325,3.20111543487069117,1.51000000000000001,5.78000000000000025
-0.00734257271607889,0.02045210155160356,0.03510923702757861,-0.16321836499875672,-4.36312338497187113,3.15134937479768329,1.51000000000000001,5.78000000000000025
-0.00735841711906342,0.02001435075923384,0.03542187321704364,-0.15367387982350736,-4.39177015105302271,3.10133399312265601,1.51000000000000001,5.78000000000000025
-0.00737330836203972,0.01957377199506451,0.03572949596700841,-0.14415549341287165,-4.41968272317936073,3.05108283610750952,1.51000000000000001,5.78000000000000025
-0.00738724915282885,0.01913043870258398,0.03603208237397862,-0.13466515832744763,-4.44686067169514843,3.00060937061115052,1.51000000000000001,5.78000000000000025
-0.00740024239259601,0.01868442435267596,0.03632961087682780,-0.12520478876690996,-4.47330387743450419,2.94992697576804730,1.51000000000000001,5.78000000000000025
-0.00741229117197862,0.01823580241284880,0.03662206124762060,-0.11577625986235704,-4.49901252611839020,2.89904893494983051,1.51000000000000001,5.78000000000000025
-0.00742339876714650,0.01778464631703602,0.03690941458164654,-0.10638140702863372,-4.52398710253569281,2.84798842801550656,1.51000000000000001,5.78000000000000025
-0.00743356863580041,0.01733102943598889,0.03719165328669349,-0.09702202537608777,-4.54822838452353295,2.79675852385504342,1.51000000000000001,5.78000000000000025
-0.00744280441311463,0.01687502504828034,0.03746876107159035,-0.08769986918110369,-4.57173743676194366,2.74537217323030491,1.51000000000000001,5.78000000000000025
-0.00745110990762947,0.01641670631193818,0.03774072293404875,-0.07841665141465066,-4.59451560439793827,2.69384220191653556,1.51000000000000001,5.78000000000000025
-0.00745848909709958,0.01595614623672370,0.03800752514783409,-0.06917404332797976,-4.61656450651391292,2.64218130414684671,1.51000000000000001,5.78000000000000025
-0.00746494612430360,0.01549341765707066,0.03826915524929628,-0.05997367409451004,-4.63788602945515205,2.59040203636142286,1.51000000000000001,5.78000000000000025
-0.00747048529282076,0.01502859320569794,0.03852560202329058,-0.05081713050685434,-4.65848232003102236,2.53851681126245676,1.51000000000000001,5.78000000000000025
-0.00747511106277992,0.01456174528790780,0.03877685548851937,-0.04170595672785231,-4.67835577860422624,2.48653789217513710,1.51000000000000001,5.78000000000000025
-0.00747882804658635,0.01409294605658023,0.03902290688232518,-0.03264165409440216,-4.69750905208222580,2.43447738771435285,1.51000000000000001,5.78000000000000025
-0.00748164100463146,0.01362226738787242,0.03926374864496574,-0.02362568097281200,-4.71594502682466388,2.38234724675614151,1.51000000000000001,5.78000000000000025
-0.00748355484099065,0.01314978085763122,0.03949937440340129,-0.01465945266432781,-4.73366682148031170,2.33015925371230948,1.51000000000000001,5.78000000000000025
-0.00748457459911405,0.01267555771852478,0.03972977895462444,-0.00574434135943740,-4.75067777976672190,2.27792502410606490,1.51000000000000001,5.78000000000000025
-0.00748470545751521,0.01219966887789860,0.03995495824856252,0.00311832386050202,-4.76698146320543081,2.22565600044596712,1.51000000000000001,5.78000000000000025
-0.00748395272546212,0.01172218487635977,0.04017490937058218,0.01192725697581056,-4.78258164382515183,2.17336344839496709,1.51000000000000001,5.78000000000000025
-0.00748232183867531,0.01124317586709195,0.04038963052362537,0.02068121493674410,-4.79748229684503968,2.12105845323083031,1.51000000000000001,5.78000000000000025
-0.00747981835503722,0.01076271159590259,0.04059912101000587,0.02937899752903603,-4.81168759334966367,2.06875191659377933,1.51000000000000001,5.78000000000000025
-0.00747644795031709,0.01028086138200252,0.04080338121289469,0.03801944719832191,-4.82520189296693047,2.01645455351675373,1.51000000000000001,5.78000000000000025
-0.00747221641391540,0.00979769409951723,0.04100241257752247,0.04660144883506944,-4.83802973655974622,1.96417688973330207,1.51000000000000001,5.78000000000000025
-0.00746712964463173,0.00931327815972779,0.04119621759212626,0.05512392952165397,-4.85017583894177129,1.91192925925774349,1.51000000000000001,5.78000000000000025
-0.00746119364645972,0.00882768149403865,0.04138479976866782,0.06358585824323180,-4.86164508162717190,1.85972180223190442,1.51000000000000001,5.78000000000000025
-0.00745441452441271,0.00834097153766830,0.04156816362334947,0.07198624556407171,-4.87244250562379921,1.80756446303242879,1.51000000000000001,5.78000000000000025
-0.00744679848038338,0.00785321521405809,0.04174631465695369,0.08032414327100741,-4.88257330427879044,1.75546698863238104,1.51000000000000001,5.78000000000000025
-0.00743835180904062,0.00736447891999354,0.04191925933503110,0.08859864398567305,-4.89204281618509818,1.70343892721061319,1.51000000000000001,5.78000000000000025
-0.00742908089376670,0.00687482851143158,0.04208700506796160,0.09680888074717729,-4.90085651815700540,1.65148962700214530,1.51000000000000001,5.78000000000000025
-0.00741899220263754,0.00638432929002649,0.04224956019091231,0.10495402656686273,-4.90902001828221390,1.59962823538261700,1.51000000000000001,5.78000000000000025
-0.00740809228444886,0.00589304599034647,0.04240693394371533,0.11303329395678349,-4.91653904905763550,1.54786369817969849,1.51000000000000001,5.78000000000000025
-0.00739638776479070,0.00540104276777222,0.04255913645068769,0.12104593443351730,-4.92341946061555458,1.49620475920420914,1.51000000000000001,5.78000000000000025
-0.00738388534217279,0.00490838318706806,0.04270617870041510,0.12899123799890813,-4.92966721404637820,1.44465995999357455,1.51000000000000001,5.78000000000000025
-0.00737059178420282,0.00441513021161578,0.04284807252552037,0.13686853259931253,-4.93528837482375060,1.39323763976016157,1.51000000000000001,5.78000000000000025
-0.00735651392381992,0.00392134619330055,0.04298483058243657,0.14467718356489664,-4.94028910633735485,1.34194593553695918,1.51000000000000001,5.78000000000000025
-0.00734165865558509,0.00342709286303806,0.04311646633120427,0.15241659303050265,-4.94467566353831511,1.29079278251302565,1.51000000000000001,5.78000000000000025
-0.00732603293203036,0.00293243132193119,0.04324299401531162,0.16008619933957249,-4.94845438670166260,1.23978591455109610,1.51000000000000001,5.78000000000000025
-0.00730964376006841,0.00243742203304448,0.04336442864159484,0.16768547643258380,-4.95163169530994463,1.18893286487973682,1.51000000000000001,5.78000000000000025
-0.00729249819746402,0.00194212481378403,0.04348078596021641,0.17521393322141821,-4.95421408206163338,1.13824096695244203,1.51000000000000001,5.78000000000000025
-0.00727460334936880,0.00144659882887016,0.04359208244473723,0.18267111295104563,-4.95620810700761094,1.08771735546610171,1.51000000000000001,5.78000000000000025
-0.00725596636492019,0.00095090258388987,0.04369833527229817,0.19005659254987037,-4.95762039181862324,1.03736896753131047,1.51000000000000001,5.78000000000000025
-0.00723659443390609,0.00045509391941596,0.04379956230392608,0.19736998197004524,-4.95845761418623621,0.98720254398705232,1.51000000000000001,5.78000000000000025
-0.00721649478349581,-0.00004076999432075,0.04389578206497803,0.20461092351901999,-4.95872650235946022,0.93722463085236773,1.51000000000000001,5.78000000000000025
-0.00719567467503829,-0.00053663266221973,0.04398701372573739,0.21177909118354857,-4.95843382981888503,0.88744158090770320,1.51000000000000001,5.78000000000000025
-0.00717414140092824,-0.00103243826857340,0.04407327708217413,0.21887418994733823,-4.95758641008982348,0.83785955539874024,1.51000000000000001,5.78000000000000025
-0.00715190228154078,-0.00152813168081807,0.04415459253688141,0.22589595510348062,-4.95619109169565775,0.78848452585561624,1.51000000000000001,5.78000000000000025
-0.00712896466223504,-0.00202365845278730,0.04423098108019949,0.23284415156276184,-4.95425475325227715,0.73932227602057266,1.51000000000000001,5.78000000000000025
-0.00710533591042716,-0.00251896482748177,0.04430246427153762,0.23971857315890549,-4.95178429870421422,0.69037840387719740,1.51000000000000001,5.78000000000000025
-0.00708102341273277,-0.00301399773936991,0.04436906422090359,0.24651904195175930,-4.94878665270280482,0.64165832377457055,1.51000000000000001,5.78000000000000025
-0.00705603457217927,-0.00350870481623335,0.04443080357065024,0.25324540752939206,-4.94526875612643835,0.59316726863977121,1.51000000000000001,5.78000000000000025
-0.00703037680548796,-0.00400303438057157,0.04448770547744727,0.25989754631002487,-4.94123756174273243,0.54491029227235810,1.51000000000000001,5.78000000000000025
-0.00700405754042585,-0.00449693545057987,0.04453979359448643,0.26647536084467743,-4.93670003001221058,0.49689227171459960,1.51000000000000001,5.78000000000000025
-0.00697708421322723,-0.00499035774071465,0.04458709205392721,0.27297877912136698,-4.93166312503286175,0.44911790969139292,1.51000000000000001,5.78000000000000025
-0.00694946426608462,-0.00548325166186028,0.04462962544958982,0.27940775387165623,-4.92613381062474076,0.40159173711398605,1.51000000000000001,5.78000000000000025
-0.00692120514470900,-0.00597556832111132,0.04466741881990139,0.28576226188030374,-4.92011904655358823,0.35431811564178828,1.51000000000000001,5.78000000000000025
-0.00689231429595883,-0.00646725952118400,0.04470049763110117,0.29204230329872960,-4.91362578489225310,0.30730124029673428,1.51000000000000001,5.78000000000000025
-0.00686279916553755,-0.00695827775947069,0.04472888776070941,0.29824790096296944,-4.90666096651854478,0.26054514212484498,1.51000000000000001,5.78000000000000025
-0.00683266719575897,-0.00744857622675095,0.04475261548126467,0.30437909971674865,-4.89923151774797727,0.21405369089981130,1.51000000000000001,5.78000000000000025
-0.00680192582338016,-0.00793810880557247,0.04477170744433331,0.31043596574027155,-4.89134434709973309,0.16783059786360827,1.51000000000000001,5.78000000000000025
-0.00677058247750106,-0.00842683006831522,0.04478619066479473,0.31641858588528066,-4.88300634219402507,0.12187941849933043,1.51000000000000001,5.78000000000000025
-0.00673864457753032,-0.00891469527495183,0.04479609250540525,0.32232706701690544,-4.87422436677893423,0.07620355533162249,1.51000000000000001,5.78000000000000025
-0.00670611953121656,-0.00940166037051702,0.04480144066164331,0.32816153536278286,-4.86500525788467542,0.03080626075026132,1.51000000000000001,5.78000000000000025
-0.00667301473274433,-0.00988768198229879,0.04480226314683797,0.33392213586989794,-4.85535582310313618,-0.01430936014737291,1.51000000000000001,5.78000000000000025
-0.00663933756089404,-0.01037271741676367,0.04479858827758239,0.33960903156955707,-4.84528283799047266,-0.05914034669901827,1.51000000000000001,5.78000000000000025
-0.00660509537726486,-0.01085672465622832,0.04479044465943367,0.34522240295087525,-4.83479304359042406,-0.10368387980934896,1.51000000000000001,5.78000000000000025
-0.00657029552455995,-0.01133966235528942,0.04477786117289989,0.35076244734312534,-4.82389314407597336,-0.14793727907461671,1.51000000000000001,5.78000000000000025
-0.00653494532493292,-0.01182148983702349,0.04476086695971489,0.35622937830726736,-4.81258980450688956,-0.19189799990366874,1.51000000000000001,5.78000000000000025
-0.00649905207839470,-0.01230216708896818,0.04473949140940095,0.36162342503694539,-4.80088964870065826,-0.23556363063872435,1.51000000000000001,5.78000000000000025
-0.00646262306127981,-0.01278165475889625,0.04471376414611934,0.36694483176921128,-4.78879925721423128,-0.27893188967912347,1.51000000000000001,5.78000000000000025
-0.00642566552477109,-0.01325991415039308,0.04468371501580816,0.37219385720520720,-4.77632516543401753,-0.32200062261109552,1.51000000000000001,5.78000000000000025
-0.00638818669348180,-0.01373690721824855,0.04464937407360681,0.37737077394101148,-4.76347386177148202,-0.36476779934643533,1.51000000000000001,5.78000000000000025
-0.00635019376409420,-0.01421259656367362,0.04461077157156602,0.38247586790882793,-4.75025178596170505,-0.40723151127281415,1.51000000000000001,5.78000000000000025
-0.00631169390405338,-0.01468694542935184,0.04456793794664217,0.38750943782867414,-4.73666532746223989,-0.44938996841829992,1.51000000000000001,5.78000000000000025
-0.00627269425031550,-0.01515991769433556,0.04452090380897436,0.39247179467070081,-4.72272082394958304,-0.49124149663250977,1.51000000000000001,5.78000000000000025
-0.00623320190814922,-0.01563147786879667,0.04446969993044238,0.39736326112825204,-4.70842455991057474,-0.53278453478667154,1.51000000000000001,5.78000000000000025
-0.00619322394998922,-0.01610159108864103,0.04441435723350370,0.40218417110175630,-4.69378276532604222,-0.57401763199472855,1.51000000000000001,5.78000000000000025
-0.00615276741434089,-0.01657022310999578,0.04435490678030719,0.40693486919351612,-4.67880161444400322,-0.61493944485748275,1.51000000000000001,5.78000000000000025
-0.00611183930473496,-0.01703734030357840,0.04429137976208120,0.41161571021344728,-4.66348722463975474,-0.65554873473163833,1.51000000000000001,5.78000000000000025
-0.00607044658873095,-0.01750290964895591,0.04422380748879340,0.41622705869579879,-4.64784565536018857,-0.69584436502547742,1.51000000000000001,5.78000000000000025
-0.00602859619696845,-0.01796689872870271,0.04415222137907969,0.42076928842686895,-4.63188290714969142,-0.73582529852277334,1.51000000000000001,5.78000000000000025
-0.00598629502226511,-0.01842927572246485,0.04407665295043921,0.42524278198371585,-4.61560492075500139,-0.77549059473642667,1.51000000000000001,5.78000000000000025
-0.00594354991876013,-0.01889000940093878,0.04399713380969246,0.42964793028384612,-4.59901757630643448,-0.81483940729319182,1.51000000000000001,5.78000000000000025
-0.00590036770110229,-0.01934906911977180,0.04391369564369930,0.43398513214585127,-4.58212669257290273,-0.85387098135074868,1.51000000000000001,5.78000000000000025
-0.00585675514368137,-0.01980642481339168,0.04382637021033370,0.43825479386094712,-4.56493802628818912,-0.89258465104826690,1.51000000000000001,5.78000000000000025
-0.00581271897990181,-0.02026204698877232,0.04373518932971152,0.44245732877536026,-4.54745727154597645,-0.93097983699150388,1.51000000000000001,5.78000000000000025
-0.00576826590149771,-0.02071590671914227,0.04364018487566821,0.44659315688349244,-4.52969005926115997,-0.96905604377338039,1.51000000000000001,5.78000000000000025
-0.00572340255788784,-0.02116797563764258,0.04354138876748249,0.45066270443178419,-4.51164195669501478,-1.00681285753087946,1.51000000000000001,5.78000000000000025
-0.00567813555556986,-0.02161822593094028,0.04343883296184262,0.45466640353318793,-4.49331846704182691,-1.04424994353902423,1.51000000000000001,5.78000000000000025
-0.00563247145755246,-0.02206663033280348,0.04333254944505127,0.45860469179215174,-4.47472502907464076,-1.08136704384260085,1.51000000000000001,5.78000000000000025
-0.00558641678282454,-0.02251316211764390,0.04322257022546539,0.46247801194000621,-4.45586701684782049,-1.11816397492621111,1.51000000000000001,5.78000000000000025
-0.00553997800586035,-0.02295779509403243,0.04310892732616711,0.46628681148063872,-4.43674973945416617,-1.15464062542315848,1.51000000000000001,5.78000000000000025
-0.00549316155615949,-0.02340050359819302,0.04299165277786177,0.47003154234633238,-4.41737844083436748,-1.19079695386359319,1.51000000000000001,5.78000000000000025
-0.00544597381782088,-0.02384126248747999,0.04287077861199921,0.47371266056363975,-4.39775829963663867,-1.22663298646227426,1.51000000000000001,5.78000000000000025
-0.00539842112914962,-0.02428004713384387,0.04274633685411426,0.47733062592915587,-4.37789442912440574,-1.26214881494623299,1.51000000000000001,5.78000000000000025
-0.00535050978229579,-0.02471683341729014,0.04261835951738241,0.48088590169504902,-4.35779187712998439,-1.29734459442255989,1.51000000000000001,5.78000000000000025
-0.00530224602292422,-0.02515159771933570,0.04248687859638679,0.48437895426420291,-4.33745562605223167,-1.33222054128647471,1.51000000000000001,5.78000000000000025
-0.00525363604991427,-0.02558431691646713,0.04235192606109224,0.48781025289481994,-4.31689059289619248,-1.36677693116978038,1.51000000000000001,5.78000000000000025
-0.00520468601508866,-0.02601496837360499,0.04221353385102258,0.49118026941433046,-4.29610162935282869,-1.40101409692974688,1.51000000000000001,5.78000000000000025
-0.00515540202297049,-0.02644352993757801,0.04207173386963687,0.49448947794245007,-4.27509352191695768,-1.43493242667841914,1.51000000000000001,5.78000000000000025
-0.00510579013056746,-0.02686997993061085,0.04192655797890087,0.49773835462322352,-4.25387099204158403,-1.46853236185229408,1.51000000000000001,5.78000000000000025
-0.00505585634718252,-0.02729429714382912,0.04177803799404935,0.50092737736589210,-4.23243869632684966,-1.50181439532226513,1.51000000000000001,5.78000000000000025
-0.00500560663424986,-0.02771646083078493,0.04162620567853553,0.50405702559441767,-4.21080122674189106,-1.53477906954369048,1.51000000000000001,5.78000000000000025
-0.00495504690519570,-0.02813645070100615,0.04147109273916347,0.50712778000549652,-4.18896311087792217,-1.56742697474640025,1.51000000000000001,5.78000000000000025
-0.00490418302532269,-0.02855424691357256,0.04131273082139943,0.51014012233489303,-4.16692881223093714,-1.59975874716442035,1.51000000000000001,5.78000000000000025
-0.00485302081171739,-0.02896983007072159,0.04115115150485835,0.51309453513192360,-4.14470273051245020,-1.63177506730515454,1.51000000000000001,5.78000000000000025
-0.00480156603317987,-0.02938318121148655,0.04098638629896139,0.51599150154191953,-4.12228920198675475,-1.66347665825773539,1.51000000000000001,5.78000000000000025
-0.00474982441017460,-0.02979428180536983,0.04081846663876076,0.51883150509649723,-4.09969249983322737,-1.69486428404022238,1.51000000000000001,5.78000000000000025
-0.00469780161480206,-0.03020311374605347,0.04064742388092784,0.52161502951146466,-4.07691683453224840,-1.72593874798529834,1.51000000000000001,5.78000000000000025
-0.00464550327079005,-0.03060965934514953,0.04047328929990082,0.52434255849219158,-4.05396635427336172,-1.75670089116408801,1.51000000000000001,5.78000000000000025
-0.00459293495350421,-0.03101390132599230,0.04029609408418814,0.52701457554627329,-4.03084514538433147,-1.78715159084770270,1.51000000000000001,5.78000000000000025
-0.00454010218997685,-0.03141582281747432,0.04011586933282381,0.52963156380331677,-4.00755723277981790,-1.81729175900608575,1.51000000000000001,5.78000000000000025
-0.00448701045895345,-0.03181540734792838,0.03993264605197108,0.53219400584167931,-3.98410658042842059,-1.84712234084372184,1.51000000000000001,5.78000000000000025
-0.00443366519095619,-0.03221263883905690,0.03974645515167068,0.53470238352199095,-3.96049709183689114,-1.87664431337174742,1.51000000000000001,5.78000000000000025
-0.00438007176836376,-0.03260750159991069,0.03955732744273001,0.53715717782729311,-3.93673261055035750,-1.90585868401598924,1.51000000000000001,5.78000000000000025
-0.00432623552550685,-0.03299998032091836,0.03936529363374985,0.53955886870962699,-3.91281692066744657,-1.93476648926043837,1.51000000000000001,5.78000000000000025
-0.00427216174877865,-0.03339006006796807,0.03917038432828489,0.54190793494290668,-3.88875374736922863,-1.96336879332565606,1.51000000000000001,5.78000000000000025
-0.00421785567675975,-0.03377772627654273,0.03897263002213467,0.54420485398191421,-3.86454675746095111,-1.99166668688159620,1.51000000000000001,5.78000000000000025
-0.00416332250035689,-0.03416296474591000,0.03877206110076166,0.54645010182725506,-3.84019955992557005,-2.01966128579431681,1.51000000000000001,5.78000000000000025
-0.00410856736295486,-0.03454576163336817,0.03856870783683287,0.54864415289611435,-3.81571570648811997,-2.04735372990604780,1.51000000000000001,5.78000000000000025
-0.00405359536058107,-0.03492610344854906,0.03836260038788188,0.55078747989865640,-3.79109869219000917,-2.07474518184806778,1.51000000000000001,5.78000000000000025
-0.00399841154208222,-0.03530397704777870,0.03815376879408796,0.55288055371991285,-3.76635195597235528,-2.10183682588584375,1.51000000000000001,5.78000000000000025
-0.00394302090931246,-0.03567936962849683,0.03794224297616902,0.55492384330700528,-3.74147888126751793,-2.12862986679587651,1.51000000000000001,5.78000000000000025
-0.00388742841733267,-0.03605226872373594,0.03772805273338543,0.55691781556155184,-3.71648279659802094,-2.15512552877369190,1.51000000000000001,5.78000000000000025
-0.00383163897462009,-0.03642266219666047,0.03751122774165138,0.55886293523711006,-3.69136697618208309,-2.18132505437241653,1.51000000000000001,5.78000000000000025
-0.00377565744328814,-0.03679053823516690,0.03729179755175099,0.56075966484150819,-3.66613464054501881,-2.20722970347136993,1.51000000000000001,5.78000000000000025
-0.00371948863931559,-0.03715588534654529,0.03706979158765598,0.56260846454392355,-3.64078895713579342,-2.23284075227410783,1.51000000000000001,5.78000000000000025
-0.00366313733278496,-0.03751869235220264,0.03684523914494219,0.56440979208656472,-3.61533304094805930,-2.25815949233534763,-0.06000000000000000,0.88000000000000000
-0.00360639463373856,-0.03787893888568651,0.03661817826048934,0.57043637303287720,-3.58958015967387389,-2.28300981046070950,-0.06000000000000000,0.88000000000000000
-0.00354905161855355,-0.03823660493968117,0.03638864683716567,0.57641614290418375,-3.56372394373307877,-2.30757049955832683,-0.06000000000000000,0.88000000000000000
-0.00349111295989776,-0.03859168032766641,0.03615667376878084,0.58234927074971132,-3.53776732382578052,-2.33184294297757688,-0.06000000000000000,0.88000000000000000
-0.00343258331345955,-0.03894415515373491,0.03592228781037617,0.58823592708792038,-3.51171318162526847,-2.35582853260987690,-0.06000000000000000,0.88000000000000000
-0.00337346731780726,-0.03929401980772430,0.03568551757740796,0.59407628378022603,-3.48556435047322788,-2.37952866814095065,-0.06000000000000000,0.88000000000000000
-0.00331376959426105,-0.03964126496041868,0.03544639154500445,0.59987051390885293,-3.45932361607285532,-2.40294475632827842,-0.06000000000000000,0.88000000000000000
-0.00325349474677673,-0.03998588155881936,0.03520493804729370,0.60561879165872479,-3.43299371717947910,-2.42607821030310067,-0.06000000000000000,0.88000000000000000
-0.00319264736184130,-0.04032786082148443,0.03496118527680019,0.61132129220328957,-3.40657734628831488,-2.44893044889636036,-0.06000000000000000,0.88000000000000000
-0.00313123200837956,-0.04066719423393705,0.03471516128390750,0.61697819159418255,-3.38007715031899947,-2.47150289598797634,-0.06000000000000000,0.88000000000000000
-0.00306925323767172,-0.04100387354414194,0.03446689397638502,0.62258966665463256,-3.35349573129657674,-2.49379697987884796,-0.06000000000000000,0.88000000000000000
-0.00300671558328138,-0.04133789075804985,0.03421641111897636,0.62815589487651624,-3.32683564702862533,-2.51581413268499965,-0.06000000000000000,0.88000000000000000
-0.00294362356099367,-0.04166923813520945,0.03396374033304719,0.63367705432096777,-3.30009941177823718,-2.53755578975329232,-0.06000000000000000,0.88000000000000000
-0.00287998166876318,-0.04199790818444637,0.03370890909629051,0.63915332352245235,-3.27328949693257965,-2.55902338909812688,-0.06000000000000000,0.88000000000000000
-0.00281579438667124,-0.04232389365960886,0.03345194474248721,0.64458488139621428,-3.24640833166678711,-2.58021837085858330,-0.06000000000000000,0.88000000000000000
-0.00275106617689233,-0.04264718755537955,0.03319287446131991,0.64997190714901065,-3.21945830360294627,-2.60114217677544790,-0.06000000000000000,0.88000000000000000
-0.00268580148366932,-0.04296778310315290,0.03293172529823813,0.65531458019304434,-3.19244175946396069,-2.62179624968758906,-0.06000000000000000,0.88000000000000000
-0.00262000473329702,-0.04328567376697773,0.03266852415437287,0.66061308006301112,-3.16536100572208889,-2.64218203304715349,-0.06000000000000000,0.88000000000000000
-0.00255368033411402,-0.04360085323956440,0.03240329778649877,0.66586758633617693,-3.13821830924197043,-2.66230097045306557,-0.06000000000000000,0.88000000000000000
-0.00248683267650223,-0.04391331543835589,0.03213607280704200,0.67107827855540447,-3.11101589791796940,-2.68215450520232412,-0.06000000000000000,0.88000000000000000
-0.00241946613289415,-0.04422305450166247,0.03186687568413219,0.67624533615504745,-3.08375596130567597,-2.70174407985859633,-0.06000000000000000,0.88000000000000000
-0.00235158505778721,-0.04453006478485913,0.03159573274169659,0.68136893838963442,-3.05644065124742026,-2.72107113583762583,-0.06000000000000000,0.88000000000000000
-0.00228319378776525,-0.04483434085664523,0.03132267015959495,0.68644926426526542,-3.02907208249166837,-2.74013711300897622,-0.06000000000000000,0.88000000000000000
-0.00221429664152672,-0.04513587749536588,0.03104771397379335,0.69148649247364469,-3.00165233330617909,-2.75894344931364532,-0.06000000000000000,0.88000000000000000
-0.00214489791991922,-0.04543466968539423,0.03077089007657558,0.69648080132867718,-2.97418344608481400,-2.77749158039709432,-0.06000000000000000,0.88000000000000000
-0.00207500190598043,-0.04573071261357418,0.03049222421679038,0.70143236870555470,-2.94666742794790304,-2.79578293925724397,-0.06000000000000000,0.88000000000000000
-0.00200461286498489,-0.04602400166572274,0.03021174200013317,0.70634137198226277,-2.91910625133607837,-2.81381895590700593,-0.06000000000000000,0.88000000000000000
-0.00193373504449653,-0.04631453242319149,0.02992946888946090,0.71120798798343676,-2.89150185459750064,-2.83160105705091869,-0.06000000000000000,0.88000000000000000
-0.00186237267442678,-0.04660230065948645,0.02964543020513842,0.71603239292650178,-2.86385614256840837,-2.84913066577547713,-0.06000000000000000,0.88000000000000000
-0.00179052996709780,-0.04688730233694557,0.02935965112541523,0.72081476237002917,-2.83617098714693494,-2.86640920125274379,-0.06000000000000000,0.88000000000000000
-0.00171821111731093,-0.04716953360347339,0.02907215668683124,0.72555527116424412,-2.80844822786014081,-2.88343807845685074,-0.06000000000000000,0.88000000000000000
-0.00164542030241990,-0.04744899078933195,0.02878297178465015,0.73025409340362346,-2.78068967242422005,-2.90021870789300129,-0.06000000000000000,0.88000000000000000
-0.00157216168240866,-0.04772567040398747,0.02849212117331945,0.73491140238151975,-2.75289709729784837,-2.91675249533859482,-0.06000000000000000,0.88000000000000000
-0.00149843939997371,-0.04799956913301194,0.02819962946695561,0.73952737054675277,-2.72507224822864380,-2.93304084159610490,-0.06000000000000000,0.88000000000000000
-0.00142425758061061,-0.04827068383503910,0.02790552113985348,0.74410216946210950,-2.69721684079272128,-2.94908514225735363,-0.06000000000000000,0.88000000000000000
-0.00134962033270463,-0.04853901153877391,0.02760982052701865,0.74863596976469504,-2.66933256092732929,-2.96488678747883005,-0.06000000000000000,0.88000000000000000
-0.00127453174762518,-0.04880454944005507,0.02731255182472180,0.75312894112807882,-2.64142106545655908,-2.98044716176771063,-0.06000000000000000,0.88000000000000000
-0.00119899589982401,-0.04906729489896967,0.02701373909107388,0.75758125222618133,-2.61348398261012793,-2.99576764377824789,-0.06000000000000000,0.88000000000000000
-0.00112301684693691,-0.04932724543701942,0.02671340624662117,0.76199307069884870,-2.58552291253523592,-3.01084960611820751,-0.06000000000000000,0.88000000000000000
-0.00104659862988873,-0.04958439873433766,0.02641157707495919,0.76636456311906298,-2.55753942780151355,-3.02569441516502957,-0.06000000000000000,0.88000000000000000
-0.00096974527300171,-0.04983875262695663,0.02610827522336454,0.77069589496173763,-2.52953507389906607,-3.04030343089141430,-0.06000000000000000,0.88000000000000000
-0.00089246078410672,-0.05009030510412409,0.02580352420344373,0.77498723057404939,-2.50151136972964006,-3.05467800670002720,-0.06000000000000000,0.88000000000000000
-0.00081474915465750,-0.05033905430566876,0.02549734739179803,0.77923873314725844,-2.47346980809093164,-3.06881948926703396,-0.06000000000000000,0.88000000000000000
-0.00073661435984754,-0.05058499851941383,0.02518976803070364,0.78345056468996999,-2.44541185615406542,-3.08272921839417791,-0.06000000000000000,0.88000000000000000
-0.00065806035872972,-0.05082813617863795,0.02488080922880615,0.78762288600279240,-2.41733895593427572,-3.09640852686913037,-0.06000000000000000,0.88000000000000000
-0.00057909109433822,-0.05106846585958285,0.02457049396182861,0.79175585665434767,-2.38925252475482175,-3.10985874033383602,-0.06000000000000000,0.88000000000000000
-0.00049971049381292,-0.05130598627900704,0.02425884507329234,0.79584963495859029,-2.36115395570418096,-3.12308117716059863,-0.06000000000000000,0.88000000000000000
-0.00041992246852594,-0.05154069629178495,0.02394588527524982,0.79990437795339397,-2.33304461808655361,-3.13607714833564888,-0.06000000000000000,0.88000000000000000
-0.00033973091421026,-0.05177259488855076,0.02363163714902877,0.80392024138036489,-2.30492585786572990,-3.14884795734994949,-0.06000000000000000,0.88000000000000000
-0.00025913971109032,-0.05200168119338622,0.02331612314598686,0.80789737966584141,-2.27679899810236153,-3.16139490009699298,-0.06000000000000000,0.88000000000000000
-0.00017815272401442,-0.05222795446155199,0.02299936558827631,0.81183594590304287,-2.24866533938468960,-3.17371926477736332,-0.06000000000000000,0.88000000000000000
-0.00009677380258890,-0.05245141407726162,0.02268138666961765,0.81573609183532925,-2.22052616025277949,-3.18582233180982888,-0.06000000000000000,0.88000000000000000
-0.00001500678131392,-0.05267205955149770,0.02236220845608208,0.81959796784053518,-2.19238271761631598,-3.19770537374875063,-0.06000000000000000,0.88000000000000000
0.00006714452027926,-0.05288989051986944,0.02204185288688180,0.82342172291634363,-2.16423624716601548,-3.20936965520758832,-0.06000000000000000,0.88000000000000000
0.00014967629748955,-0.05310490674051108,0.02172034177516768,0.82720750466666448,-2.13608796377871002,-3.22081643278829555,-0.06000000000000000,0.88000000000000000
0.00023258476030606,-0.05331710809202047,0.02139769680883371,0.83095545928898462,-2.10793906191616687,-3.23204695501640371,-0.06000000000000000,0.88000000000000000
0.00031586613326681,-0.05352649457143730,0.02107393955132763,0.83466573156265689,-2.07979071601769938,-3.24306246228159534,-0.06000000000000000,0.88000000000000000
0.00039951665531642,-0.05373306629226018,0.02074909144246726,0.83833846483809726,-2.05164408088663386,-3.25386418678358025,-0.06000000000000000,0.88000000000000000
0.00048353257966267,-0.05393682348250212,0.02042317379926207,0.84197380102685859,-2.02350029207069548,-3.26445335248308277,-0.06000000000000000,0.88000000000000000
0.00056791017363217,-0.05413776648278377,0.02009620781673920,0.84557188059255195,-1.99536046623637664,-3.27483117505776633,-0.06000000000000000,0.88000000000000000
0.00065264571852515,-0.05433589574446372,0.01976821456877388,0.84913284254258681,-1.96722570153735288,-3.28499886186291779,-0.06000000000000000,0.88000000000000000
0.00073773550946946,-0.05453121182780542,0.01943921500892337,0.85265682442070090,-1.93909707797701447,-3.29495761189672232,-0.06000000000000000,0.88000000000000000
0.00082317585527386,-0.05472371540018005,0.01910922997126426,0.85614396230025469,-1.91097565776517841,-3.30470861576996588,-0.06000000000000000,0.88000000000000000
0.00090896307828066,-0.05491340723430473,0.01877828017123252,0.85959439077826227,-1.88286248566904990,-3.31425305568000406,-0.06000000000000000,0.88000000000000000
0.00099509351421785,-0.05510028820651557,0.01844638620646601,0.86300824297013379,-1.85475858935850013,-3.32359210538884353,-0.06000000000000000,0.88000000000000000
0.00108156351205068,-0.05528435929507498,0.01811356855764889,0.86638565050510497,-1.82666497974573105,-3.33272693020518673,-0.06000000000000000,0.88000000000000000
0.00116836943383285,-0.05546562157851267,0.01777984758935773,0.86972674352232937,-1.79858265131939432,-3.34165868697029422,-0.06000000000000000,0.88000000000000000
0.00125550765455733,-0.05564407623399972,0.01744524355090883,0.87303165066761002,-1.77051258247323506,-3.35038852404752285,-0.06000000000000000,0.88000000000000000
0.00134297456200689,-0.05581972453575536,0.01710977657720630,0.87630049909074781,-1.74245573582932867,-3.35891758131540419,-0.06000000000000000,0.88000000000000000
0.00143076655660440,-0.05599256785348569,0.01677346668959083,0.87953341444348510,-1.71441305855598269,-3.36724699016413087,-0.06000000000000000,0.88000000000000000
0.00151888005126292,-0.05616260765085403,0.01643633379668852,0.88273052087802317,-1.68638548268037214,-3.37537787349532126,-0.06000000000000000,0.88000000000000000
0.00160731147123574,-0.05632984548398216,0.01609839769525964,0.88589194104609270,-1.65837392539597750,-3.38331134572494019,-0.06000000000000000,0.88000000000000000
0.00169605725396625,-0.05649428299998215,0.01575967807104690,0.88901779609855747,-1.63037928936489762,-3.39104851278925379,-0.06000000000000000,0.88000000000000000
0.00178511384893790,-0.05665592193551814,0.01542019449962300,0.89210820568553251,-1.60240246301510503,-3.39859047215370236,-0.06000000000000000,0.88000000000000000
0.00187447771752414,-0.05681476411539753,0.01507996644723719,0.89516328795699718,-1.57444432083271568,-3.40593831282457815,-0.06000000000000000,0.88000000000000000
0.00196414533283846,-0.05697081145119124,0.01473901327166044,0.89818315956388561,-1.54650572364933936,-3.41309311536339921,-0.06000000000000000,0.88000000000000000
0.00205411317958453,-0.05712406593988243,0.01439735422302912,0.90116793565963715,-1.51858751892458432,-3.42005595190387268,-0.06000000000000000,0.88000000000000000
0.00214437775390660,-0.05727452966254320,0.01405500844468680,0.90411772990218908,-1.49069054102378118,-3.42682788617134548,-0.06000000000000000,0.88000000000000000
0.00223493556324002,-0.05742220478303886,0.01371199497402406,0.90703265445639614,-1.46281561149099693,-3.43340997350464328,-0.06000000000000000,0.88000000000000000
0.00232578312616208,-0.05756709354675928,0.01336833274331591,0.90991281999686036,-1.43496353931740694,-3.43980326088020005,-0.06000000000000000,0.88000000000000000
0.00241691697224318,-0.05770919827937679,0.01302404058055676,0.91275833571115605,-1.40713512120509332,-3.44600878693838952,-0.06000000000000000,0.88000000000000000
0.00250833364189825,-0.05784852138563033,0.01267913721029260,0.91556930930343516,-1.37933114182633498,-3.45202758201196280,-0.06000000000000000,0.88000000000000000
0.00260002968623864,-0.05798506534813518,0.01233364125445026,0.91834584699839816,-1.35155237407846007,-3.45786066815651116,-0.06000000000000000,0.88000000000000000
0.00269200166692435,-0.05811883272621808,0.01198757123316354,0.92108805354561751,-1.32379957933432379,-3.46350905918286456,-0.06000000000000000,0.88000000000000000
0.00278424615601682,-0.05824982615477711,0.01164094556559598,0.92379603222419904,-1.29607350768847951,-3.46897376069134733,-0.06000000000000000,0.88000000000000000
0.00287675973583204,-0.05837804834316598,0.01129378257076009,0.92646988484776949,-1.26837489819910809,-3.47425577010781383,-0.06000000000000000,0.88000000000000000
0.00296953899879433,-0.05850350207410231,0.01094610046833298,0.92910971176977653,-1.24070447912577086,-3.47935607672138358,-0.06000000000000000,0.88000000000000000
0.00306258054729059,-0.05862619020259952,0.01059791737946804,0.93171561188908991,-1.21306296816304959,-3.48427566172380709,-0.06000000000000000,0.88000000000000000
0.00315588099352509,-0.05874611565492181,0.01024925132760266,0.93428768265589202,-1.18545107267013772,-3.48901549825038826,-0.06000000000000000,0.88000000000000000
0.00324943695937496,-0.05886328142756195,0.00990012023926175,0.93682602007784554,-1.15786948989644589,-3.49357655142239532,-0.06000000000000000,0.88000000000000000
0.00334324507624623,-0.05897769058624142,0.00955054194485699,0.93933071872652896,-1.13031890720328398,-3.49795977839089511,-0.06000000000000000,0.88000000000000000
0.00343730198493058,-0.05908934626493251,0.00920053417948157,0.94180187174412733,-1.10280000228168240,-3.50216612838194497,-0.06000000000000000,0.88000000000000000
0.00353160433546270,-0.05919825166490203,0.00885011458370041,0.94423957085037014,-1.07531344336641110,-3.50619654274308301,-0.06000000000000000,0.88000000000000000
0.00362614878697844,-0.05930441005377624,0.00849930070433560,0.94664390634970508,-1.04785988944626030,-3.51005195499105183,-0.06000000000000000,0.88000000000000000
0.00372093200757365,-0.05940782476462660,0.00814810999524708,0.94901496713869837,-1.02043999047063938,-3.51373329086070418,-0.06000000000000000,0.88000000000000000
0.00381595067416373,-0.05950849919507600,0.00779655981810831,0.95135284071365323,-0.99305438755255582,-3.51724146835503193,-0.06000000000000000,0.88000000000000000
0.00391120147234406,-0.05960643680642517,0.00744466744317691,0.95365761317843678,-0.96570371316802917,-3.52057739779626244,-0.06000000000000000,0.88000000000000000
0.00400668109625108,-0.05970164112279873,0.00709245005006016,0.95592936925250749,-0.93838859135200092,-3.52374198187797427,-0.06000000000000000,0.88000000000000000
0.00410238624842432,-0.05979411573031079,0.00673992472847522,0.95816819227913474,-0.91110963789079502,-3.52673611571818002,-0.06000000000000000,0.88000000000000000
0.00419831363966918,-0.05988386427624957,0.00638710847900395,0.96037416423380217,-0.88386746051118525,-3.52956068691332847,-0.06000000000000000,0.88000000000000000
0.00429445998892057,-0.05997089046828072,0.00603401821384239,0.96254736573278810,-0.85666265906612638,-3.53221657559317936,-0.06000000000000000,0.88000000000000000
0.00439082202310742,-0.06005519807366911,0.00568067075754459,0.96468787604191497,-0.82949582571720148,-3.53470465447650506,-0.06000000000000000,0.88000000000000000
0.00448739647701811,-0.06013679091851869,0.00532708284776095,0.96679577308546050,-0.80236754511384112,-3.53702578892757824,-0.06000000000000000,0.88000000000000000
0.00458418009316672,-0.06021567288703010,0.00497327113597077,0.96887113345522480,-0.77527839456936642,-3.53918083701340080,-0.06000000000000000,0.88000000000000000
0.00468116962166031,-0.06029184792077571,0.00461925218820911,0.97091403241974605,-0.74822894423390884,-3.54117064956163530,-0.06000000000000000,0.88000000000000000
0.00477836182006698,-0.06036532001799183,0.00426504248578778,0.97292454393365824,-0.72121975726425847,-3.54299607021920027,-0.06000000000000000,0.88000000000000000
0.00487575345328503,-0.06043609323288777,0.00391065842601050,0.97490274064718596,-0.69425138999069091,-3.54465793551149044,-0.06000000000000000,0.88000000000000000
0.00497334129341292,-0.06050417167497135,0.00355611632288199,0.97684869391576890,-0.66732439208082428,-3.54615707490218934,-0.06000000000000000,0.88000000000000000
0.00507112211962035,-0.06056955950839077,0.00320143240781122,0.97876247380981207,-0.64043930670055360,-3.54749431085363476,-0.06000000000000000,0.88000000000000000
0.00516909271802022,-0.06063226095129230,0.00284662283030844,0.98064414912455511,-0.61359667067211376,-3.54867045888770738,-0.06000000000000000,0.88000000000000000
0.00526724988154160,-0.06069228027519375,0.00249170365867616,0.98249378739005622,-0.58679701462931655,-3.54968632764721015,-0.06000000000000000,0.88000000000000000
0.00536559040980374,-0.06074962180437325,0.00213669088069402,0.98431145488128480,-0.56004086317001078,-3.55054271895770457,-0.06000000000000000,0.88000000000000000
0.00546411110899103,-0.06080428991527315,0.00178160040429736,0.98609721662831984,-0.53332873500581057,-3.55124042788977823,-0.06000000000000000,0.88000000000000000
0.00556280879172908,-0.06085628903591882,0.00142644805824960,0.98785113642664713,-0.50666114310913835,-3.55178024282171068,-0.06000000000000000,0.88000000000000000
0.00566168027696174,-0.06090562364535192,0.00107124959280832,0.98957327684755281,-0.48003859485762695,-3.55216294550251455,-0.06000000000000000,0.88000000000000000
0.00576072238982923,-0.06095229827307806,0.00071602068038503,0.99126369924860813,-0.45346159217592535,-3.55238931111532130,-0.06000000000000000,0.88000000000000000
0.00585993196154725,-0.06099631749852845,0.00036077691619856,0.99292246378424132,-0.42693063167495149,-3.55246010834108894,-0.06000000000000000,0.88000000000000000
0.00595930582928725,-0.06103768595053546,0.00000553381892209,0.99454962941639324,-0.40044620478863480,-3.55237609942260635,-0.06000000000000000,0.88000000000000000
0.00605884083605770,-0.06107640830682157,-0.00034969316867624,0.99614525392525288,-0.37400879790819075,-3.55213804022877078,-0.06000000000000000,0.88000000000000000
0.00615853383058644,-0.06111248929350178,-0.00070488867909920,0.99770939392006830,-0.34761889251396860,-3.55174668031911533,-0.06000000000000000,0.88000000000000000
0.00625838166720416,-0.06114593368459897,-0.00106003741949270,0.99924210485003151,-0.32127696530491301,-3.55120276300856563,-1.32000000000000006,5.40000000000000036
0.00635817082564381,-0.06117676608464148,-0.00141512421405808,0.99653584113051275,-0.29537900760091129,-3.55050788608780099,-1.32000000000000006,5.40000000000000036
0.00645768779473039,-0.06120501108790177,-0.00177013396039487,0.99379835641205672,-0.26952910322406687,-3.54966191972208289,-1.32000000000000006,5.40000000000000036
0.00655692946390653,-0.06123067352166915,-0.00212505158584046,0.99102988110026691,-0.24372769018380608,-3.54866558851136782,-1.32000000000000006,5.40000000000000036
0.00665589274552229,-0.06125375825669949,-0.00247986208988098,0.98823064294140872,-0.21797519982540306,-3.54751961083142753,-1.32000000000000006,5.40000000000000036
0.00675457457457021,-0.06127427020655588,-0.00283455054352924,0.98540086704209784,-0.19227205697199645,-3.54622469884153979,-1.32000000000000006,5.40000000000000036
0.00685297190842232,-0.06129221432696350,-0.00318910208870351,0.98254077588899313,-0.16661868006479941,-3.54478155849313703,-1.32000000000000006,5.40000000000000036
0.00695108172656916,-0.06130759561517830,-0.00354350193760720,0.97965058936848826,-0.14101548130152686,-3.54319088953938088,-1.32000000000000006,5.40000000000000036
0.00704890103036069,-0.06132041910936956,-0.00389773537210957,0.97673052478639633,-0.11546286677306435,-3.54145338554562583,-1.32000000000000006,5.40000000000000036
0.00714642684274927,-0.06133068988801590,-0.00425178774312749,0.97378079688762187,-0.08996123659840249,-3.53956973390074880,-1.32000000000000006,5.40000000000000036
0.00724365620803449,-0.06133841306931483,-0.00460564447000838,0.97080161787581565,-0.06451098505786095,-3.53754061582930612,-1.32000000000000006,5.40000000000000036
0.00734058619161010,-0.06134359381060542,-0.00495929103991445,0.96779319743300685,-0.03911250072462602,-3.53536670640449202,-1.32000000000000006,5.40000000000000036
0.00743721387971277,-0.06134623730780417,-0.00531271300720824,0.96475574273920817,-0.01376616659462586,-3.53304867456187166,-1.32000000000000006,5.40000000000000036
0.00753353637917286,-0.06134634879485360,-0.00566589599283954,0.96168945849198939,0.01152763978523307,-3.53058718311385533,-1.32000000000000006,5.40000000000000036
0.00762955081716723,-0.06134393354318379,-0.00601882568373388,0.95859454692601476,0.03676854619044440,-3.52798288876489208,-1.32000000000000006,5.40000000000000036
0.00772525434097383,-0.06133899686118636,-0.00637148783218247,0.95547120783254058,0.06195618559387142,-3.52523644212735254,-1.32000000000000006,5.40000000000000036
0.00782064411772841,-0.06133154409370091,-0.00672386825523387,0.95231963857886848,0.08709019604228434,-3.52234848773807752,-1.32000000000000006,5.40000000000000036
0.00791571733418303,-0.06132158062151377,-0.00707595283408723,0.94914003412775105,0.11217022053444166,-3.51931966407556507,-1.32000000000000006,5.40000000000000036
0.00801047119646663,-0.06130911186086882,-0.00742772751348739,0.94593258705674588,0.13719590690069236,-3.51615060357777365,-1.32000000000000006,5.40000000000000036
0.00810490292984743,-0.06129414326299027,-0.00777917830112172,0.94269748757751515,0.16216690768407563,-3.51284193266051803,-1.32000000000000006,5.40000000000000036
0.00819900977849735,-0.06127668031361731,-0.00813029126701885,0.93943492355506675,0.18708288002289492,-3.50939427173643193,-1.32000000000000006,6.03000000000000025
0.00829278900569478,-0.06125672183844162,-0.00848104826939115,0.93614509352482556,0.21207736869503369,-3.50572276416391748,-1.32000000000000006,6.03000000000000025
0.00838623789482348,-0.06123426669618247,-0.00883143122764921,0.93282819212715407,0.23701616835338357,-3.50191349051763146,-1.32000000000000006,6.03000000000000025
0.00847935374769144,-0.06120932047167275,-0.00918142639540128,0.92948439786410531,0.26189896106718935,-3.49796705406864605,-1.32000000000000006,6.03000000000000025
0.00857213388383937,-0.06118188878133047,-0.00953102008627068,0.92611388689094942,0.28672543304552922,-3.49388405185084316,-1.32000000000000006,6.03000000000000025
0.00866457564030696,-0.06115197727275058,-0.00988019867327317,0.92271683303576690,0.31149527452162362,-3.48966507468371567,-1.32000000000000006,6.03000000000000025
0.00875667637140119,-0.06111959162430825,-0.01022894858819675,0.91929340781896729,0.33620817963855881,-3.48531070719564617,-1.32000000000000006,6.03000000000000025
0.00884843344846649,-0.06108473754477358,-0.01057725632098366,0.91584378047273052,0.36086384633640106,-3.48082152784764576,-1.32000000000000006,6.03000000000000025
0.00893984425965690,-0.06104742077293745,-0.01092510841911489,0.91236811796036876,0.38546197624067818,-3.47619810895752757,-1.32000000000000006,6.03000000000000025
0.00903090620971018,-0.06100764707724850,-0.01127249148699708,0.90886658499560624,0.41000227455220484,-3.47144101672450178,-1.32000000000000006,6.03000000000000025
0.00912161671972375,-0.06096542225546110,-0.01161939218535190,0.90533934406177541,0.43448444993822810,-3.46655081125417119,-1.32000000000000006,6.03000000000000025
0.00921197322693266,-0.06092075213429404,-0.01196579723060793,0.90178655543092712,0.45890821442487051,-3.46152804658390645,-1.32000000000000006,6.03000000000000025
0.00930197318448938,-0.06087364256909997,-0.01231169339429518,0.89820837718285329,0.48327328329084729,-3.45637327070859168,-1.32000000000000006,6.03000000000000025
0.00939161406124555,-0.06082409944354544,-0.01265706750244210,0.89460496522401978,0.50757937496243477,-3.45108702560671476,-1.32000000000000006,6.03000000000000025
0.00948089334153556,-0.06077212866930134,-0.01300190643497525,0.89097647330640839,0.53182621090966808,-3.44566984726679149,-1.32000000000000006,6.03000000000000025
0.00956980852496208,-0.06071773618574361,-0.01334619712512169,0.88732305304626702,0.55601351554374434,-3.44012226571410951,-1.32000000000000006,6.03000000000000025
0.00965835712618336,-0.06066092795966428,-0.01368992655881394,0.88364485394276515,0.58014101611561064,-3.43444480503776939,-1.32000000000000006,6.03000000000000025
0.00974653667470253,-0.06060170998499245,-0.01403308177409777,0.87994202339655514,0.60420844261571283,-3.42863798341801829,-1.32000000000000006,6.03000000000000025
0.00983434471465859,-0.06054008828252535,-0.01437564986054270,0.87621470672823698,0.62821552767488464,-3.42270231315385409,-1.32000000000000006,6.03000000000000025
0.00992177880461938,-0.06047606889966920,-0.01471761795865522,0.87246304719672618,0.65216200646635480,-3.41663830069089025,-1.32000000000000006,6.03000000000000025
0.01000883651737631,-0.06040965791018981,-0.01505897325929490,0.86868718601752359,0.67604761660884960,-3.41044644664946839,-1.32000000000000006,6.03000000000000025
0.01009551543974094,-0.06034086141397284,-0.01539970300309324,0.86488726238088653,0.69987209807077111,-3.40412724585300586,-1.32000000000000006,6.03000000000000025
0.01018181317234331,-0.06026968553679358,-0.01573979447987545,0.86106341346990045,0.72363519307542812,-3.39768118735656355,-1.32000000000000006,6.03000000000000025
0.01026772732943219,-0.06019613643009615,-0.01607923502808501,0.85721577447845054,0.74733664600729999,-3.39110875447562776,-1.32000000000000006,6.03000000000000025
0.01035325553867701,-0.06012022027078204,-0.01641801203421120,0.85334447862909302,0.77097620331931116,-3.38441042481508880,-1.32000000000000006,6.03000000000000025
0.01043839544097165,-0.06004194326100785,-0.01675611293221943,0.84944965719082477,0.79455361344109676,-3.37758667029841098,-1.32000000000000006,6.03000000000000025
0.01052314469023993,-0.05996131162799216,-0.01709352520298464,0.84553143949675269,0.81806862668823788,-3.37063795719697978,-1.32000000000000006,6.03000000000000025
0.01060750095324290,-0.05987833162383144,-0.01743023637372754,0.84158995296166084,0.84152099517244616,-3.36356474615961920,-1.32000000000000006,6.03000000000000025
0.01069146190938795,-0.05979300952532491,-0.01776623401745381,0.83762532309947613,0.86491047271267807,-3.35636749224226616,-1.32000000000000006,6.03000000000000025
0.01077502525053950,-0.05970535163380817,-0.01810150575239633,0.83363767354063256,0.88823681474715754,-3.34904664493779913,-1.32000000000000006,6.03000000000000025
0.01085818868083158,-0.05961536427499569,-0.01843603924146036,0.82962712604933331,0.91149977824628836,-3.34160264820600483,-1.32000000000000006,6.03000000000000025
0.01094094991648204,-0.05952305379883188,-0.01876982219167174,0.82559380054071152,0.93469912162643587,-3.33403594050367991,-1.32000000000000006,6.03000000000000025
0.01102330668560850,-0.05942842657935076,-0.01910284235362810,0.82153781509788970,0.95783460466455828,-3.32634695481485831,-1.32000000000000006,6.03000000000000025
0.01110525672804599,-0.05933148901454419,-0.01943508752095309,0.81745928598893769,0.98090598841366861,-3.31853611868115683,-1.32000000000000006,6.03000000000000025
0.01118679779516631,-0.05923224752623837,-0.01976654552975369,0.81335832768372995,1.00391303511910768,-3.31060385423223069,-1.32000000000000006,6.03000000000000025
0.01126792764969904,-0.05913070855997885,-0.02009720425808050,0.80923505287070230,1.02685550813560922,-3.30255057821633313,-1.32000000000000006,6.03000000000000025
0.01134864406555421,-0.05902687858492364,-0.02042705162539116,0.80508957247350854,1.04973317184513815,-3.29437670203097488,-1.32000000000000006,6.03000000000000025
0.01142894482764667,-0.05892076409374459,-0.02075607559201681,0.80092199566757782,1.07254579157548302,-3.28608263175367155,-1.32000000000000006,6.03000000000000025
0.01150882773172211,-0.05881237160253684,-0.02108426415863162,0.79673242989657267,1.09529313351958546,-3.27766876817277986,-1.32000000000000006,6.03000000000000025
0.01158829058418464,-0.05870170765073633,-0.02141160536572542,0.79252098088874923,1.11797496465558499,-3.26913550681841292,-1.32000000000000006,6.03000000000000025
0.01166733120192614,-0.05858877880104522,-0.02173808729307945,0.78828775267321938,1.14059105266756489,-3.26048323799343009,-1.32000000000000006,6.03000000000000025
0.01174594741215711,-0.05847359163936523,-0.02206369805924513,0.78403284759611658,1.16314116586697858,-3.25171234680449883,-1.32000000000000006,6.03000000000000025
0.01182413705223916,-0.05835615277473884,-0.02238842582102608,0.77975636633666556,1.18562507311473819,-3.24282321319322087,-1.32000000000000006,6.03000000000000025
0.01190189796951917,-0.05823646883929817,-0.02271225877296310,0.77545840792315657,1.20804254374395037,-3.23381621196732105,-1.32000000000000006,6.03000000000000025
0.01197922802116496,-0.05811454648822162,-0.02303518514682236,0.77113906974882607,1.23039334748327756,-3.22469171283189437,-1.32000000000000006,6.03000000000000025
0.01205612507400257,-0.05799039239969812,-0.02335719321108674,0.76679844758764426,1.25267725438091193,-3.21545008042070624,-1.32000000000000006,6.03000000000000025
0.01213258700435513,-0.05786401327489894,-0.02367827127045022,0.76243663561000974,1.27489403472913976,-3.20609167432754383,-1.32000000000000006,6.03000000000000025
0.01220861169788329,-0.05773541583795704,-0.02399840766531547,0.75805372639835444,1.29704345898948392,-3.19661684913761679,-1.32000000000000006,6.03000000000000025
0.01228419704942719,-0.05760460683595388,-0.02431759077129456,0.75364981096265760,1.31912529771840359,-3.18702595445900050,-1.32000000000000006,6.03000000000000025
0.01235934096284997,-0.05747159303891358,-0.02463580899871283,0.74922497875587202,1.34113932149353587,-3.17731933495412600,-1.32000000000000006,6.03000000000000025
0.01243404135088288,-0.05733638123980452,-0.02495305079211588,0.74477931768926253,1.36308530084046331,-3.16749733037130632,-1.32000000000000006,6.03000000000000025
0.01250829613497183,-0.05719897825454812,-0.02526930462977977,0.74031291414765854,1.38496300615998957,-3.15756027557630414,-1.32000000000000006,6.03000000000000025
0.01258210324512554,-0.05705939092203499,-0.02558455902322431,0.73582585300462178,1.40677220765590727,-3.14750850058393628,-1.32000000000000006,6.03000000000000025
0.01265546061976513,-0.05691762610414821,-0.02589880251672957,0.73131821763753146,1.42851267526324133,-3.13734233058971279,-1.32000000000000006,6.03000000000000025
0.01272836620557529,-0.05677369068579376,-0.02621202368685553,0.72679008994258687,1.45018417857695181,-3.12706208600151125,-1.32000000000000006,6.03000000000000025
0.01280081795735689,-0.05662759157493807,-0.02652421114196488,0.72224155034972992,1.47178648678108126,-3.11666808247128513,-1.32000000000000006,6.03000000000000025
0.01287281383788109,-0.05647933570265268,-0.02683535352174904,0.71767267783748934,1.49331936857832881,-3.10616063092680372,-1.32000000000000006,6.03000000000000025
0.01294435181774496,-0.05632893002316581,-0.02714543949675733,0.71308354994774714,1.51478259212003641,-3.09554003760342678,-1.32000000000000006,6.03000000000000025
0.01301542987522855,-0.05617638151392104,-0.02745445776792930,0.70847424280043036,1.53617592493657140,-3.08480660407590879,-1.32000000000000006,6.03000000000000025
0.01308604599615338,-0.05602169717564283,-0.02776239706613028,0.70384483110812812,1.55749913386808991,-3.07396062729023889,-1.32000000000000006,6.03000000000000025
0.01315619817374249,-0.05586488403240902,-0.02806924615169009,0.69919538819063709,1.57875198499566527,-3.06300239959551268,-1.32000000000000006,6.03000000000000025
0.01322588440848187,-0.05570594913173016,-0.02837499381394492,0.69452598598943682,1.59993424357276681,-3.05193220877583560,-1.32000000000000006,6.03000000000000025
0.01329510270798333,-0.05554489954463565,-0.02867962887078248,0.68983669508209611,1.62104567395707377,-3.04075033808226358,-1.32000000000000006,6.03000000000000025
0.01336385108684884,-0.05538174236576677,-0.02898314016819026,0.68512758469661306,1.64208603954260823,-3.02945706626477707,-1.32000000000000006,6.03000000000000025
0.01343212756653629,-0.05521648471347637,-0.02928551657980703,0.68039872272569013,1.66305510269217427,-3.01805266760429269,-1.32000000000000006,6.03000000000000025
0.01349993017522667,-0.05504913372993541,-0.02958674700647750,0.67565017574094677,1.68395262467008644,-3.00653741194471191,-1.32000000000000006,6.03000000000000025
0.01356725694769266,-0.05487969658124611,-0.02988682037581031,0.67088200900707085,1.70477836557517426,-2.99491156472501086,-1.32000000000000006,6.03000000000000025
0.01363410592516865,-0.05470818045756189,-0.03018572564173904,0.66609428649591151,1.72553208427404692,-2.98317538701137108,-1.32000000000000006,6.03000000000000025
0.01370047515522218,-0.05453459257321386,-0.03048345178408663,0.66128707090051519,1.74621353833460558,-2.97132913552935474,-1.32000000000000006,6.03000000000000025
0.01376636269162670,-0.05435894016684407,-0.03077998780813287,0.65646042364910717,1.76682248395978725,-2.95937306269612455,-1.32000000000000006,6.03000000000000025
0.01383176659423586,-0.05418123050154525,-0.03107532274418518,0.65161440491902023,1.78735867592152609,-2.94730741665271578,-1.32000000000000006,6.03000000000000025
0.01389668492885904,-0.05400147086500726,-0.03136944564715263,0.64674907365057366,1.80782186749491935,-2.93513244129635620,-1.32000000000000006,6.03000000000000025
0.01396111576713841,-0.05381966856966999,-0.03166234559612319,0.64186448756090353,1.82821181039258285,-2.92284837631284455,-1.32000000000000006,6.03000000000000025
0.01402505718642725,-0.05363583095288294,-0.03195401169394417,0.63696070315774789,1.84852825469918147,-2.91045545720898291,-1.32000000000000006,6.03000000000000025
0.01408850726966972,-0.05344996537707128,-0.03224443306680597,0.63203777575318776,1.86877094880612282,-2.89795391534507507,-1.32000000000000006,6.03000000000000025
0.01415146410528198,-0.05326207922990839,-0.03253359886382904,0.62709575947734753,1.88893963934639797,-2.88534397796748676,-1.32000000000000006,6.03000000000000025
0.01421392578703468,-0.05307217992449499,-0.03282149825665415,0.62213470729205633,1.90903407112955770,-2.87262586824127641,-1.32000000000000006,6.03000000000000025
0.01427589041393679,-0.05288027489954474,-0.03310812043903585,0.61715467100447341,1.92905398707680886,-2.85979980528289746,-1.32000000000000006,6.03000000000000025
0.01433735609012084,-0.05268637161957627,-0.03339345462643931,0.61215570128067931,1.94899912815621912,-2.84686600419298186,-1.32000000000000006,6.03000000000000025
0.01439832092472947,-0.05249047757511178,-0.03367749005564028,0.60713784765923617,1.96886923331801533,-2.83382467608920097,-1.32000000000000006,6.03000000000000025
0.01445878303180339,-0.05229260028288200,-0.03396021598432856,0.60210115856471891,1.98866403942996328,-2.82067602813921736,-1.32000000000000006,6.03000000000000025
0.01451874053017059,-0.05209274728603772,-0.03424162169071455,0.59704568132122071,2.00838328121281418,-2.80742026359372510,-1.32000000000000006,6.03000000000000025
0.01457819154333704,-0.05189092615436771,-0.03452169647313930,0.59197146216583474,2.02802669117580736,-2.79405758181958985,-1.32000000000000006,6.03000000000000025
0.01463713419937862,-0.05168714448452304,-0.03480042964968767,0.58687854626211489,2.04759399955221300,-2.78058817833308947,-1.32000000000000006,6.03000000000000025
0.01469556663083444,-0.05148140990024797,-0.03507781055780508,0.58176697771351926,2.06708493423490403,-2.76701224483326280,-1.32000000000000006,6.03000000000000025
0.01475348697460152,-0.05127373005261713,-0.03535382855391733,0.57663679957683744,2.08649922071194460,-2.75332996923537410,-1.32000000000000006,6.03000000000000025
0.01481089337183079,-0.05106411262027932,-0.03562847301305399,0.57148805387560597,2.10583658200217982,-2.73954153570449455,-1.32000000000000006,6.03000000000000025
0.01486778396782442,-0.05085256530970757,-0.03590173332847502,0.56632078161351429,2.12509673859081705,-2.72564712468921222,-1.32000000000000006,6.03000000000000025
0.01492415691193451,-0.05063909585545578,-0.03617359891130081,0.56113502278780336,2.14427940836498498,-2.71164691295547344,-1.32000000000000006,6.03000000000000025
0.01498001035746314,-0.05042371202042169,-0.03644405919014566,0.55593081640266162,2.16338430654925773,-2.69754107362056450,-1.32000000000000006,6.03000000000000025
0.01503534246156369,-0.05020642159611643,-0.03671310361075457,0.55070820048261937,2.18241114564113037,-2.68332977618723856,-1.32000000000000006,6.03000000000000025
0.01509015138514358,-0.04998723240294041,-0.03698072163564350,0.54546721208594617,2.20135963534643642,-2.66901318657799758,-1.32000000000000006,6.03000000000000025
0.01514443529276831,-0.04976615229046574,-0.03724690274374311,0.54020788731805336,2.22022948251469199,-2.65459146716953409,-1.32000000000000006,6.03000000000000025
0.01519819235256682,-0.04954318913772510,-0.03751163643004587,0.53493026134490529,2.23902039107435602,-2.64006477682733998,-1.32000000000000006,6.03000000000000025
0.01525142073613825,-0.04931835085350705,-0.03777491220525667,0.52963436840644285,2.25773206196799459,-2.62543327094049594,-1.32000000000000006,6.03000000000000025
0.01530411861845998,-0.04909164537665793,-0.03803671959544698,0.52432024183002146,2.27636419308733640,-2.61069710145664091,-1.32000000000000006,6.03000000000000025
0.01535628417779707,-0.04886308067639013,-0.03829704814171239,0.51898791404386790,2.29491647920820574,-2.59585641691713587,-1.32000000000000006,6.03000000000000025
0.01540791559561299,-0.04863266475259699,-0.03855588739983381,0.51363741659055895,2.31338861192532619,-2.58091136249243069,-1.32000000000000006,6.03000000000000025
0.01545901105648177,-0.04840040563617413,-0.03881322693994212,0.50826878014052490,2.33178027958697731,-2.56586208001763794,-1.32000000000000006,6.03000000000000025
0.01550956874800141,-0.04816631138934742,-0.03906905634618642,0.50288203450558233,2.35009116722949507,-2.55070870802832861,-1.32000000000000006,6.03000000000000025
0.01555958686070875,-0.04793039010600741,-0.03932336521640593,0.49747720865249828,2.36832095651160568,-2.53545138179655405,-1.32000000000000006,6.03000000000000025
0.01560906358799562,-0.04769264991205040,-0.03957614316180538,0.49205433071659094,2.38646932564857828,-2.52009023336710758,-1.32000000000000006,6.03000000000000025
0.01565799712602637,-0.04745309896572611,-0.03982737980663414,0.48661342801536939,2.40453594934618664,-2.50462539159403219,-1.32000000000000006,6.03000000000000025
0.01570638567365678,-0.04721174545799189,-0.04007706478786897,0.48115452706221645,2.42252049873446706,-2.48905698217738847,-1.32000000000000006,6.03000000000000025
0.01575422743235433,-0.04696859761287365,-0.04032518775490049,0.47567765358011843,2.44042264130126307,-2.47338512770028718,-1.32000000000000006,6.03000000000000025
0.01580152060611986,-0.04672366368783341,-0.04057173836922335,0.47018283251544551,2.45824204082554409,-2.45760994766620344,-1.32000000000000006,6.03000000000000025
0.01584826340141059,-0.04647695197414350,-0.04081670630413010,0.46467008805178678,2.47597835731048477,-2.44173155853657908,-1.32000000000000006,6.03000000000000025
0.01589445402706455,-0.04622847079726757,-0.04106008124440894,0.45913944362384362,2.49363124691629823,-2.42575007376872476,-1.32000000000000006,6.03000000000000025
0.01594009069422636,-0.04597822851724814,-0.04130185288604517,0.45359092193138562,2.51120036189280871,-2.40966560385403517,-1.32000000000000006,6.03000000000000025
0.01598517161627445,-0.04572623352910115,-0.04154201093592653,0.44802454495327304,2.52868535051175103,-2.39347825635652711,-1.32000000000000006,6.03000000000000025
0.01602969500874970,-0.04547249426321705,-0.04178054511155244,0.44244033396154991,2.54608585699879209,-2.37718813595171419,-1.32000000000000006,6.03000000000000025
0.01607365908928543,-0.04521701918576891,-0.04201744514074705,0.43683830953561192,2.56340152146525524,-2.36079534446582562,-1.32000000000000006,6.03000000000000025
0.01611706207753887,-0.04495981679912722,-0.04225270076137633,0.43121849157645364,2.58063197983954273,-2.34429998091538971,-1.32000000000000006,6.03000000000000025
0.01615990219512400,-0.04470089564228163,-0.04248630172106907,0.42558089932099907,2.59777686379824324,-2.32770214154718635,-1.32000000000000006,6.03000000000000025
0.01620217766554592,-0.04444026429126964,-0.04271823777694195,0.41992555135651999,2.61483580069691257,-2.31100191987858850,-1.32000000000000006,6.03000000000000025
0.01624388671413655,-0.04417793135961212,-0.04294849869532859,0.41425246563514684,2.63180841350051820,-2.29419940673829981,-1.32000000000000006,6.03000000000000025
0.01628502756799192,-0.04391390549875589,-0.04317707425151278,0.40856165948847634,2.64869432071353694,-2.27729469030750842,-1.32000000000000006,6.03000000000000025
0.01632559845591075,-0.04364819539852328,-0.04340395422946577,0.40285314964228081,2.66549313630969520,-2.26028785616146477,-1.32000000000000006,6.03000000000000025
0.01636559760833470,-0.04338080978756870,-0.04362912842158779,0.39712695223132349,2.68220446966133919,-2.24317898731150267,-1.32000000000000006,6.03000000000000025
0.01640502325728996,-0.04311175743384239,-0.04385258662845377,0.39138308281428513,2.69882792546842820,-2.22596816424751642,-1.32000000000000006,6.03000000000000025
0.01644387363633042,-0.04284104714506116,-0.04407431865856337,0.38562155638880635,2.71536310368713840,-2.20865546498090648,-1.32000000000000006,6.03000000000000025
0.01648214698048232,-0.04256868776918639,-0.04429431432809525,0.37984238740665072,2.73180959945806645,-2.19124096508801491,-1.32000000000000006,6.03000000000000025
0.01651984152619039,-0.04229468819490918,-0.04451256346066577,0.37404558978899399,2.74816700303402417,-2.17372473775405872,-1.32000000000000006,6.03000000000000025
0.01655695551126561,-0.04201905735214276,-0.04472905588709213,0.36823117694184399,2.76443489970741352,-2.15610685381758493,-1.32000000000000006,6.03000000000000025
0.01659348717483447,-0.04174180421252219,-0.04494378144515991,0.36239916177159698,2.78061286973717170,-2.13838738181545684,-1.32000000000000006,6.03000000000000025
0.01662943475728973,-0.04146293778991139,-0.04515672997939520,0.35654955670073529,2.79670048827527706,-2.12056638802839181,-1.32000000000000006,6.03000000000000025
0.01666479650024289,-0.04118246714091747,-0.04536789134084125,0.35068237368367183,2.81269732529280425,-2.10264393652706838,-1.32000000000000006,6.03000000000000025
0.01669957064647815,-0.04090040136541260,-0.04557725538683984,0.34479762422274707,2.82860294550552149,-2.08462008921881736,-1.32000000000000006,6.03000000000000025
0.01673375543990800,-0.04061674960706324,-0.04578481198081728,0.33889531938438378,2.84441690829901983,-2.06649490589491691,-1.32000000000000006,6.03000000000000025
0.01676734912553048,-0.04033152105386695,-0.04599055099207518,0.33297546981540527,2.86013876765336050,-2.04826844427850840,-1.32000000000000006,6.03000000000000025
0.01680034994938800,-0.04004472493869673,-0.04619446229558612,0.32703808575952326,2.87576807206723917,-2.02994076007315227,-1.32000000000000006,6.03000000000000025
0.01683275615852788,-0.03975637053985293,-0.04639653577179405,0.32108317707400058,2.89130436448164918,-2.01151190701204419,-1.32000000000000006,6.03000000000000025
0.01686456600096454,-0.03946646718162290,-0.04659676130641985,0.31511075324649518,2.90674718220304040,-1.99298193690790715,-1.32000000000000006,6.03000000000000025
0.01689577772564342,-0.03917502423484829,-0.04679512879027171,0.30912082341209152,2.92209605682596241,-1.97435089970358502,-1.32000000000000006,6.03000000000000025
0.01692638958240653,-0.03888205111750014,-0.04699162811906077,0.30311339637052498,2.93735051415518411,-1.95561884352335213,-1.32000000000000006,6.03000000000000025
0.01695639982195982,-0.03858755729526176,-0.04718624919322183,0.29708848060360632,2.95251007412727784,-1.93678581472496236,-1.32000000000000006,6.03000000000000025
0.01698580669584226,-0.03829155228211950,-0.04737898191773934,0.29104608429285200,2.96757425073166425,-1.91785185795245994,-1.32000000000000006,6.03000000000000025
0.01701460845639670,-0.03799404564096144,-0.04756981620197869,0.28498621533732710,2.98254255193110618,-1.89881701618977083,-1.32000000000000006,6.03000000000000025
0.01704280335674253,-0.03769504698418404,-0.04775874195952293,0.27890888137170755,2.99741447958164153,-1.87968133081509792,-1.32000000000000006,6.03000000000000025
0.01707038965075013,-0.03739456597430687,-0.04794574910801492,0.27281408978456823,3.01218952935195272,-1.86044484165614388,-1.32000000000000006,6.03000000000000025
0.01709736559301722,-0.03709261232459536,-0.04813082756900512,0.26670184773690375,3.02686719064215737,-1.84110758704618216,-1.32000000000000006,6.03000000000000025
0.01712372943884702,-0.03678919579969177,-0.04831396726780497,0.26057216218088930,3.04144694650201952,-1.82166960388100097,-1.32000000000000006,6.03000000000000025
0.01714947944422832,-0.03648432621625435,-0.04849515813334599,0.25442503987888804,3.05592827354856622,-1.80213092767674476,-1.32000000000000006,6.03000000000000025
0.01717461386581745,-0.03617801344360469,-0.04867439009804481,0.24826048742271295,3.07031064188310854,-1.78249159262867640,-1.32000000000000006,6.03000000000000025
0.01719913096092221,-0.03587026740438357,-0.04885165309767402,0.24207851125314980,3.08459351500765555,-1.76275163167088489,-1.32000000000000006,6.03000000000000025
0.01722302898748774,-0.03556109807521500,-0.04902693707123905,0.23587911767974934,3.09877634974071459,-1.74291107653696620,-1.32000000000000006,6.03000000000000025
0.01724630620408443,-0.03525051548737888,-0.04920023196086128,0.22966231290089598,3.11285859613247284,-1.72296995782170015,-1.32000000000000006,6.03000000000000025
0.01726896086989777,-0.03493852972749203,-0.04937152771166720,0.22342810302416086,3.12683969737935108,-1.70292830504375314,-1.32000000000000006,6.03000000000000025
0.01729099124472035,-0.03462515093819792,-0.04954081427168402,0.21717649408694709,3.14071908973792402,-1.68278614670943027,-1.32000000000000006,6.03000000000000025
0.01731239558894586,-0.03431038931886497,-0.04970808159174168,0.21090749207743539,3.15449620243820084,-1.66254351037750792,-1.32000000000000006,6.03000000000000025
0.01733317216356520,-0.03399425512629355,-0.04987331962538135,0.20462110295583816,3.16817045759625948,-1.64220042272517341,-1.32000000000000006,6.03000000000000025
0.01735331923016484,-0.03367675867543179,-0.05003651832877062,0.19831733267597029,3.18174127012622998,-1.62175690961509944,-1.32000000000000006,6.03000000000000025
0.01737283505092719,-0.03335791034010021,-0.05019766766062546,0.19199618720714548,3.19520804765161826,-1.60121299616368562,-1.32000000000000006,6.03000000000000025
0.01739171788863330,-0.03303772055372520,-0.05035675758213907,0.18565767255640625,3.20857019041596914,-1.58056870681049411,-1.32000000000000006,6.03000000000000025
0.01740996600666774,-0.03271619981008157,-0.05051377805691770,0.17930179479109681,3.22182709119286015,-1.55982406538891194,-1.32000000000000006,6.03000000000000025
0.01742757766902580,-0.03239335866404403,-0.05066871905092361,0.17292856006178761,3.23497813519522248,-1.53897909519807086,-1.32000000000000006,6.03000000000000025
0.01744455114032294,-0.03206920773234783,-0.05082157053242531,0.16653797462556064,3.24802269998398474,-1.51803381907605583,-1.32000000000000006,6.03000000000000025
0.01746088468580666,-0.03174375769435858,-0.05097232247195518,0.16013004486966481,3.26096015537603590,-1.49698825947443548,-1.32000000000000006,6.03000000000000025
0.01747657657137066,-0.03141701929285125,-0.05112096484227456,0.15370477733555082,3.27378986335150168,-1.47584243853414820,-1.32000000000000006,6.03000000000000025
0.01749162506357155,-0.03108900333479851,-0.05126748761834660,0.14726217874329517,3.28651117796033354,-1.45459637816277598,-1.32000000000000006,6.03000000000000025
0.01750602842964788,-0.03075972069216849,-0.05141188077731677,0.14080225601642302,3.29912344522820300,-1.43325010011324339,-1.32000000000000006,6.03000000000000025
0.01751978493754180,-0.03042918230273189,-0.05155413429850148,0.13432501630713997,3.31162600306170418,-1.41180362606397303,-1.32000000000000006,6.03000000000000025
0.01753289285592315,-0.03009739917087870,-0.05169423816338463,0.12783046702198278,3.32401818115285685,-1.39025697770053780,-1.32000000000000006,6.03000000000000025
0.01754535045421626,-0.02976438236844444,-0.05183218235562248,0.12131861584789946,3.33629930088291182,-1.36861017679884367,-1.32000000000000006,6.03000000000000025
0.01755715600262925,-0.02943014303554606,-0.05196795686105695,0.11478947077876911,3.34846867522545288,-1.34686324530988122,-1.32000000000000006,6.03000000000000025
0.01756830777218612,-0.02909469238142761,-0.05210155166773739,0.10824304014237227,3.36052560864879934,-1.32501620544608478,-1.32000000000000006,6.03000000000000025
0.01757880403476146,-0.02875804168531567,-0.05223295676595113,0.10167933262782269,3.37246939701770510,-1.30306907976933783,-1.32000000000000006,6.03000000000000025
0.01758864306311802,-0.02842020229728463,-0.05236216214826288,0.09509835731347165,3.38429932749435336,-1.28102189128066302,-1.32000000000000006,6.03000000000000025
0.01759782313094702,-0.02808118563913196,-0.05248915780956323,0.08850012369529574,3.39601467843864935,-1.25887466351163968,-1.32000000000000006,6.03000000000000025
0.01760634251291135,-0.02774100320526342,-0.05261393374712632,0.08188464171578017,3.40761471930781257,-1.23662742061758935,-1.32000000000000006,6.03000000000000025
0.01761419948469171,-0.02739966656358840,-0.05273647996067696,0.07525192179330871,3.41909871055526482,-1.21428018747256994,-1.32000000000000006,6.03000000000000025
0.01762139232303567,-0.02705718735642537,-0.05285678645246732,0.06860197485207252,3.43046590352882363,-1.19183298976622321,-1.32000000000000006,6.03000000000000025
0.01762791930580979,-0.02671357730141757,-0.05297484322736343,0.06193481235250974,3.44171554036819449,-1.16928585410251995,-1.32000000000000006,6.03000000000000025
0.01763377871205476,-0.02636884819245899,-0.05309064029294164,0.05525044632228830,3.45284685390177382,-1.14663880810044505,-1.32000000000000006,6.03000000000000025
0.01763896882204370,-0.02602301190063063,-0.05320416765959518,0.04854888938784434,3.46385906754275918,-1.12389188049667044,-1.32000000000000006,6.03000000000000025
0.01764348791734368,-0.02567608037514733,-0.05331541534065122,0.04183015480648899,3.47475139518457610,-1.10104510125026134,-1.32000000000000006,6.03000000000000025
0.01764733428088036,-0.02532806564431492,-0.05342437335249837,0.03509425649909659,3.48552304109562217,-1.07809850164946308,-1.32000000000000006,6.03000000000000025
0.01765050619700611,-0.02497897981649808,-0.05353103171472508,0.02834120908338732,3.49617319981333718,-1.05505211442061753,-1.32000000000000006,6.03000000000000025
0.01765300195157125,-0.02462883508109872,-0.05363538045026892,0.02157102790781783,3.50670105603760485,-1.03190597383925664,-1.32000000000000006,6.03000000000000025
0.01765481983199899,-0.02427764370954512,-0.05373740958557723,0.01478372908609340,3.51710578452349232,-1.00866011584342607,-1.32000000000000006,6.03000000000000025
0.01765595812736358,-0.02392541805629176,-0.05383710915077906,0.00797932953231556,3.52738654997333700,-0.98531457814928669,-1.32000000000000006,6.03000000000000025
0.01765641512847223,-0.02357217055983008,-0.05393446917986888,0.00115784699677916,3.53754250692818761,-0.96186940036904900,-1.32000000000000006,6.03000000000000025
0.01765618912795046,-0.02321791374370999,-0.05402947971090222,-0.00568069989756656,3.54757279965861017,-0.93832462413129147,-1.32000000000000006,6.03000000000000025
0.01765527842033131,-0.02286266021757246,-0.05412213078620335,-0.01253629161797859,3.55747656205486873,-0.91468029320371791,-1.32000000000000006,6.03000000000000025
0.01765368130214813,-0.02250642267819306,-0.05421241245258551,-0.01940890768408736,3.56725291751649376,-0.89093645361840890,-1.32000000000000006,6.03000000000000025
0.01765139607203129,-0.02214921391053654,-0.05430031476158365,-0.02629852662935566,3.57690097884124736,-0.86709315379962271,-1.32000000000000006,6.03000000000000025
0.01764842103080876,-0.02179104678882262,-0.05438582776970020,-0.03320512596181392,3.58641984811350234,-0.84315044469420386,-1.32000000000000006,6.03000000000000025
0.01764475448161066,-0.02143193427760294,-0.05446894153866393,-0.04012868212405612,3.59580861659204620,-0.81910837990465657,-1.32000000000000006,6.03000000000000025
0.01764039472997779,-0.02107188943284921,-0.05454964613570230,-0.04706917045248071,3.60506636459732777,-0.79496701582494322,-1.32000000000000006,6.03000000000000025
0.01763534008397436,-0.02071092540305277,-0.05462793163382747,-0.05402656513576036,3.61419216139816024,-0.77072641177906775,-1.32000000000000006,6.03000000000000025
0.01762958885430486,-0.02034905543033535,-0.05470378811213644,-0.06100083917252414,3.62318506509790295,-0.74638663016250539,-1.32000000000000006,6.03000000000000025
0.01762313935443521,-0.01998629285157141,-0.05477720565612526,-0.06799196432823562,3.63204412252013320,-0.72194773658654166,-1.32000000000000006,6.03000000000000025
0.01761598990071827,-0.01962265109952183,-0.05484817435801809,-0.07499991109125002,3.64076836909383728,-0.69740980002558384,-1.32000000000000006,6.03000000000000025
0.01760813881252377,-0.01925814370397910,-0.05491668431711089,-0.08202464862803316,3.64935682873813194,-0.67277289296751075,-1.32000000000000006,6.03000000000000025
0.01759958441237282,-0.01889278429292412,-0.05498272564013051,-0.08906614473752492,3.65780851374654992,-0.64803709156712541,-1.32000000000000006,6.03000000000000025
0.01759032502607690,-0.01852658659369456,-0.05504628844160909,-0.09612436580462956,3.66612242467090166,-0.62320247580277888,-1.32000000000000006,6.03000000000000025
0.01758035898288172,-0.01815956443416484,-0.05510736284427446,-0.10319927675281486,3.67429755020474857,-0.59826912963623313,-1.32000000000000006,6.03000000000000025
0.01756968461561569,-0.01779173174393781,-0.05516593897945658,-0.11029084099580194,3.68233286706650986,-0.57323714117583258,-1.32000000000000006,6.03000000000000025
0.01755830026084339,-0.01742310255554811,-0.05522200698751049,-0.11739902038832729,3.69022733988223006,-0.54810660284305501,-1.32000000000000006,6.03000000000000025
0.01754620425902398,-0.01705369100567732,-0.05527555701825609,-0.12452377517595817,3.69797992106804152,-0.52287761154251367,-1.32000000000000006,6.03000000000000025
0.01753339495467461,-0.01668351133638076,-0.05532657923143516,-0.13166506394394248,3.70558955071234841,-0.49755026883548376,-1.32000000000000006,6.03000000000000025
0.01751987069653915,-0.01631257789632625,-0.05537506379718575,-0.13882284356507368,3.71305515645777051,-0.47212468111702771,-1.32000000000000006,6.03000000000000025
0.01750562983776196,-0.01594090514204457,-0.05542100089653466,-0.14599706914655128,3.72037565338287735,-0.44660095979679476,-1.32000000000000006,6.03000000000000025
0.01749067073606725,-0.01556850763919176,-0.05546438072190805,-0.15318769397581697,3.72754994388375183,-0.42097922148357181,-1.32000000000000006,6.03000000000000025
0.01747499175394376,-0.01519540006382331,-0.05550519347766074,-0.16039466946534633,3.73457691755542154,-0.39525958817366330,-1.32000000000000006,6.03000000000000025
0.01745859125883507,-0.01482159720368023,-0.05554342938062455,-0.16761794509637568,3.74145545107319810,-0.36944218744318003,-1.32000000000000006,6.03000000000000025
0.01744146762333558,-0.01444711395948691,-0.05557907866067609,-0.17485746836154334,3.74818440807396724,-0.34352715264431666,-1.32000000000000006,6.03000000000000025
0.01742361922539231,-0.01407196534626094,-0.05561213156132428,-0.18211318470642460,3.75476263903747443,-0.31751462310570072,-1.32000000000000006,6.03000000000000025
0.01740504444851252,-0.01369616649463470,-0.05564257834031827,-0.18938503746993879,3.76118898116765221,-0.29140474433689550,-1.32000000000000006,6.03000000000000025
0.01738574168197745,-0.01331973265218894,-0.05567040927027588,-0.19667296782360746,3.76746225827403958,-0.26519766823714153,-1.32000000000000006,6.03000000000000025
0.01736570932106215,-0.01294267918479812,-0.05569561463933317,-0.20397691470964141,3.77358128065334286,-0.23889355330842238,-1.32000000000000006,6.03000000000000025
0.01734494576726152,-0.01256502157798756,-0.05571818475181561,-0.21129681477783493,3.77954484497119347,-0.21249256487294155,-1.32000000000000006,6.03000000000000025
0.01732344942852277,-0.01218677543830252,-0.05573810992893114,-0.21863260232124493,3.78535173414415782,-0.18599487529509889,-1.32000000000000006,6.03000000000000025
0.01730121871948439,-0.01180795649468896,-0.05575538050948563,-0.22598420921063220,3.79100071722205811,-0.15940066420805576,-1.32000000000000006,6.03000000000000025
0.01727825206172166,-0.01142858059988607,-0.05576998685062136,-0.23335156482764233,3.79649054927066620,-0.13271011874497987,-1.32000000000000006,6.03000000000000025
0.01725454788399902,-0.01104866373183054,-0.05578191932857871,-0.24073459599670308,3.80181997125483262,-0.10592343377506193,-1.32000000000000006,6.03000000000000025
0.01723010462252918,-0.01066822199507248,-0.05579116833948182,-0.24813322691561490,3.80698770992212010,-0.07904081214439705,-1.32000000000000006,6.03000000000000025
0.01720492072123937,-0.01028727162220293,-0.05579772430014849,-0.25554737908481129,3.81199247768700866,-0.05206246492182574,-1.32000000000000006,6.03000000000000025
0.01717899463204461,-0.00990582897529293,-0.05580157764892499,-0.26297697123526509,3.81683297251574727,-0.02498861164983010,-1.32000000000000006,6.03000000000000025
0.01715232481512839,-0.00952391054734410,-0.05580271884654615,-0.27042191925501680,3.82150787781192669,0.00218051939941776,-1.32000000000000006,6.03000000000000025
0.01712490973923063,-0.00914153296375054,-0.05580113837702138,-0.27788213611430063,3.82601586230285262,0.02944469096275691,-1.32000000000000006,6.03000000000000025
0.01709674788194330,-0.00875871298377217,-0.05579682674854704,-0.28535753178924422,3.83035557992680076,0.05680365651938894,-1.32000000000000006,6.03000000000000025
0.01706783773001369,-0.00837546750201916,-0.05578977449444576,-0.29284801318411707,3.83452566972124176,0.08425716001877895,-1.32000000000000006,6.03000000000000025
0.01703817777965556,-0.00799181354994762,-0.05577997217413327,-0.30035348405210310,3.83852475571212137,0.11180493560300442,-1.32000000000000006,6.03000000000000025
0.01700776653686825,-0.00760776829736621,-0.05576741037411322,-0.30787384491457243,3.84235144680429341,0.13944670732344913,-1.32000000000000006,6.03000000000000025
0.01697660251776400,-0.00722334905395365,-0.05575207970900070,-0.31540899297882696,3.84600433667319708,0.16718218885173808,-1.32000000000000006,6.03000000000000025
0.01694468424890347,-0.00683857327078708,-0.05573397082257488,-0.32295882205429499,3.84948200365788296,0.19501108318480859,-1.32000000000000006,6.03000000000000025
0.01691201026763986,-0.00645345854188094,-0.05571307438886147,-0.33052322246714894,3.85278301065548945,0.22293308234401116,-1.32000000000000006,6.03000000000000025
0.01687857912247150,-0.00606802260573641,-0.05568938111324562,-0.33810208097332090,3.85590590501727970,0.25094786706813321,-1.32000000000000006,6.03000000000000025
0.01684438937340336,-0.00568228334690108,-0.05566288173361571,-0.34569528066989014,3.85884921844635009,0.27905510650023763,-1.32000000000000006,6.03000000000000025
0.01680943959231736,-0.00529625879753886,-0.05563356702153893,-0.35330270090481730,3.86161146689712975,0.30725445786820710,-1.32000000000000006,6.03000000000000025
0.01677372836335194,-0.00490996713900974,-0.05560142778346896,-0.36092421718499862,3.86419115047678829,0.33554556615888398,-1.32000000000000006,6.03000000000000025
0.01673725428329077,-0.00452342670345941,-0.05556645486198667,-0.36855970108261510,3.86658675334868329,0.36392806378569575,-1.32000000000000006,6.03000000000000025
0.01670001596196102,-0.00413665597541836,-0.05552863913707437,-0.37620902013974999,3.86879674363797443,0.39240157024965366,-1.32000000000000006,6.03000000000000025
0.01666201202264120,-0.00374967359341029,-0.05548797152742426,-0.38387203777124917,3.87081957333953985,0.42096569179361287,-1.32000000000000006,6.03000000000000025
0.01662324110247879,-0.00336249835156971,-0.05544444299178183,-0.39154861316579820,3.87265367822833850,0.44962002104968096,-1.32000000000000006,6.03000000000000025
0.01658370185291793,-0.00297514920126824,-0.05539804453032483,-0.39923860118518978,3.87429747777236155,0.47836413667966132,-1.32000000000000006,6.03000000000000025
0.01654339294013716,-0.00258764525274959,-0.05534876718607861,-0.40694185226175644,3.87574937504832606,0.50719760300841743,-1.32000000000000006,6.03000000000000025
0.01650231304549763,-0.00220000577677276,-0.05529660204636843,-0.41465821229394195,3.87700775666026587,0.53611996965004327,-1.32000000000000006,6.03000000000000025
0.01646046086600174,-0.00181225020626325,-0.05524154024430952,-0.42238752253998607,3.87807099266118316,0.56513077112672538,-1.32000000000000006,6.03000000000000025
0.01641783511476260,-0.00142439813797198,-0.05518357296033563,-0.43012961950969697,3.87893743647792943,0.59422952648018112,-1.32000000000000006,6.03000000000000025
0.01637443452148431,-0.00103646933414146,-0.05512269142376687,-0.43788433485428596,3.87960542483948823,0.62341573887555735,-1.32000000000000006,6.03000000000000025
0.01633025783295349,-0.00064848372417909,-0.05505888691441743,-0.44565149525423908,3.88007327770884336,0.65268889519767515,-1.32000000000000006,6.03000000000000025
0.01628530381354194,-0.00026046140633693,-0.05499215076424415,-0.45343092230520066,3.88033929821861356,0.68204846563950405,-1.32000000000000006,6.03000000000000025
0.01623957124572102,0.00012757735060213,-0.05492247435903662,-0.46122243240184435,3.88040177261065322,0.71149390328275108,-1.32000000000000006,6.03000000000000025
0.01619305893058754,0.00051561210563253,-0.05484984914014958,-0.46902583661970687,3.88025897017981425,0.74102464367044862,-1.32000000000000006,6.03000000000000025
0.01614576568840175,0.00090362224382863,-0.05477426660627852,-0.47684094059496029,3.87990914322207736,0.77064010437142783,-1.32000000000000006,6.03000000000000025
0.01609769035913731,0.00129158697464246,-0.05469571831527923,-0.48466754440209975,3.87935052698726679,0.80033968453656146,-1.32000000000000006,6.03000000000000025
0.01604883180304372,0.00167948533019696,-0.05461419588603209,-0.49250544242952254,3.87858133963656782,0.83012276444666422,-1.32000000000000006,6.03000000000000025
0.01599918890122119,0.00206729616357514,-0.05452969100035206,-0.50035442325297663,3.87759978220507628,0.85998870505193659,-1.32000000000000006,6.03000000000000025
0.01594876055620833,0.00245499814710588,-0.05444219540494512,-0.50821426950685544,3.87640403856961679,0.88993684750284041,-1.32000000000000006,6.03000000000000025
0.01589754569258285,0.00284256977064666,-0.05435170091341209,-0.51608475775331819,3.87499227542206981,0.91996651267229579,-1.32000000000000006,6.03000000000000025
0.01584554325757538,0.00322998933986405,-0.05425819940830058,-0.52396565834921427,3.87336264224846305,0.95007700066908951,-1.32000000000000006,6.03000000000000025
0.01579275222169675,0.00361723497451224,-0.05416168284320615,-0.53185673531079103,3.87151327131408474,0.98026759034238675,-1.32000000000000006,6.03000000000000025
0.01573917157937892,0.00400428460671056,-0.05406214324492339,-0.53975774617616612,3.86944227765488558,1.01053753877723973,-1.32000000000000006,6.03000000000000025
0.01568480034962977,0.00439111597922034,-0.05395957271564798,-0.54766844186554509,3.86714775907544794,1.04088608078098876,-1.32000000000000006,6.03000000000000025
0.01562963757670195,0.00477770664372197,-0.05385396343523047,-0.55558856653916688,3.86462779615380736,1.07131242836045315,-1.32000000000000006,6.03000000000000025
0.01557368233077610,0.00516403395909279,-0.05374530766348292,-0.56351785745295957,3.86188045225341847,1.10181577018981125,-1.32000000000000006,6.03000000000000025
0.01551693370865858,0.00555007508968652,-0.05363359774253910,-0.57145604481189138,3.85890377354257197,1.13239527106907367,-1.32000000000000006,6.03000000000000025
0.01545939083449400,0.00593580700361508,-0.05351882609926941,-0.57940285162100180,3.85569578902157151,1.16305007137305183,-1.32000000000000006,6.03000000000000025
0.01540105286049275,0.00632120647103342,-0.05340098524775136,-0.58735799353409868,3.85225451055799528,1.19377928649073239,-1.32000000000000006,6.03000000000000025
0.01534191896767381,0.00670625006242843,-0.05328006779179656,-0.59532117870011025,3.84857793293037398,1.22458200625496860,-1.32000000000000006,6.03000000000000025
0.01528198836662297,0.00709091414691251,-0.05315606642753529,-0.60329210760707985,3.84466403388062572,1.25545729436240272,-1.32000000000000006,6.03000000000000025
0.01522126029826689,0.00747517489052298,-0.05302897394605949,-0.61127047292379499,3.84051077417560327,1.28640418778353904,-1.32000000000000006,6.03000000000000025
0.01515973403466297,0.00785900825452800,-0.05289878323612534,-0.61925595933904132,3.83611609767810968,1.31742169616289151,-1.32000000000000006,6.03000000000000025
0.01509740887980552,0.00824238999374012,-0.05276548728691621,-0.62724824339847718,3.83147793142776294,1.34850880120913108,-1.32000000000000006,6.03000000000000025
0.01503428417044835,0.00862529565483847,-0.05262907919086719,-0.63524699333912205,3.82659418573208887,1.37966445607516919,-1.32000000000000006,6.03000000000000025
0.01497035927694397,0.00900770057470051,-0.05248955214655208,-0.64325186892145780,3.82146275426823667,1.41088758472811215,-1.32000000000000006,6.03000000000000025
0.01490563360409975,0.00938957987874453,-0.05234689946163389,-0.65126252125914097,3.81608151419572650,1.44217708130903133,-1.32000000000000006,6.03000000000000025
0.01484010659205123,0.00977090847928404,-0.05220111455587990,-0.65927859264632771,3.81044832628064167,1.47353180948249918,-1.32000000000000006,6.03000000000000025
0.01477377771715279,0.01015166107389510,-0.05205219096424223,-0.66729971638261498,3.80456103503169984,1.50495060177584472,-1.32000000000000006,6.03000000000000025
0.01470664649288596,0.01053181214379789,-0.05190012234000503,-0.67532551659560358,3.79841746884863696,1.53643225890809565,-1.32000000000000006,6.03000000000000025
0.01463871247078559,0.01091133595225380,-0.05174490245799935,-0.68335560806109141,3.79201544018336323,1.56797554910857251,-1.32000000000000006,6.03000000000000025
0.01456997524138413,0.01129020654297920,-0.05158652521788655,-0.69138959602090777,3.78535274571435032,1.59957920742511583,-1.32000000000000006,6.03000000000000025
0.01450043443517422,0.01166839773857743,-0.05142498464751150,-0.69942707599840204,3.77842716653472888,1.63124193502193271,-1.32000000000000006,6.03000000000000025
0.01443008972358986,0.01204588313899026,-0.05126027490632647,-0.70746763361160336,3.77123646835458581,1.66296239846705585,-1.32000000000000006,6.03000000000000025
0.01435894082000638,0.01242263611997026,-0.05109239028888682,-0.71551084438407064,3.76377840171796052,1.69473922900942031,-1.32000000000000006,6.03000000000000025
0.01428698748075946,0.01279862983157574,-0.05092132522841948,-0.72355627355345575,3.75605070223505688,1.72657102184557409,-1.32000000000000006,6.03000000000000025
0.01421422950618336,0.01317383719668959,-0.05074707430046529,-0.73160347587780550,3.74805109083019738,1.75845633537604296,-1.32000000000000006,6.03000000000000025
0.01414066674166867,0.01354823090956379,-0.05056963222659620,-0.73965199543963156,3.73977727400605753,1.79039369045138930,-1.32000000000000006,6.03000000000000025
0.01406629907873976,0.01392178343439113,-0.05038899387820842,-0.74770136544778243,3.73122694412473788,1.82238156960801034,-1.32000000000000006,6.03000000000000025
0.01399112645615214,0.01429446700390595,-0.05020515428039243,-0.75575110803715295,3.72239777970623331,1.85441841629373405,-1.32000000000000006,6.03000000000000025
0.01391514886100993,0.01466625361801560,-0.05001810861588103,-0.76380073406627380,3.71328744574488567,1.88650263408328733,-1.32000000000000006,6.03000000000000025
0.01383836632990374,0.01503711504246446,-0.04982785222907622,-0.77184974291282504,3.70389359404440777,1.91863258588372121,-1.32000000000000006,6.03000000000000025
0.01376077895006905,0.01540702280753241,-0.04963438063015622,-0.77989762226712367,3.69421386357208581,1.95080659312989324,-1.32000000000000006,6.03000000000000025
0.01368238686056537,0.01577594820676976,-0.04943768949926323,-0.78794384792363947,3.68424588083278115,1.98302293497012228,-1.32000000000000006,6.03000000000000025
0.01360319025347629,0.01614386229577051,-0.04923777469077325,-0.79598788357059824,3.67398726026336098,2.01527984744214717,-1.32000000000000006,6.03000000000000025
0.01352318937513074,0.01651073589098620,-0.04903463223764871,-0.80402918057773609,3.66343560464820639,2.04757552263953668,-1.32000000000000006,6.03000000000000025
0.01344238452734551,0.01687653956858228,-0.04882825835587500,-0.81206717778227466,3.65258850555645598,2.07990810786871538,-1.32000000000000006,6.03000000000000025
0.01336077606868927,0.01724124366333942,-0.04861864944898168,-0.82010130127319136,3.64144354380165725,2.11227570479678839,-1.32000000000000006,6.03000000000000025
0.01327836441576825,0.01760481826760189,-0.04840580211264942,-0.82813096417386567,3.62999828992451112,2.14467636859036626,-1.32000000000000006,6.03000000000000025
0.01319515004453376,0.01796723323027537,-0.04818971313940346,-0.83615556642318789,3.61825030469940900,2.17710810704561597,-1.32000000000000006,6.03000000000000025
0.01311113349161159,0.01832845815587672,-0.04797037952339453,-0.84417449455522275,3.60619713966547373,2.20956887970977478,-1.32000000000000006,6.03000000000000025
0.01302631535565362,0.01868846240363799,-0.04774779846526796,-0.85218712147752718,3.59383633768282840,2.24205659699439641,-1.32000000000000006,6.03000000000000025
0.01294069629871157,0.01904721508666746,-0.04752196737712201,-0.86019280624822769,3.58116543351482930,2.27456911928061478,-1.32000000000000006,6.03000000000000025
0.01285427704763316,0.01940468507117014,-0.04729288388755586,-0.86819089385197057,3.56818195443701169,2.30710425601673652,-1.32000000000000006,6.03000000000000025
0.01276705839548067,0.01976084097573065,-0.04706054584680841,-0.87618071497486449,3.55488342087351139,2.33965976480849847,-1.32000000000000006,6.03000000000000025
0.01267904120297214,0.02011565117066098,-0.04682495133198829,-0.88416158577854309,3.54126734706173307,2.37223335050235073,-1.32000000000000006,6.03000000000000025
0.01259022639994509,0.02046908377741634,-0.04658609865239588,-0.89213280767348291,3.52733124174604828,2.40482266426215485,-1.32000000000000006,6.03000000000000025
0.01250061498684302,0.02082110666808171,-0.04634398635493801,-0.90009366709172001,3.51307260890132023,2.43742530263971213,-1.32000000000000006,6.03000000000000025
0.01241020803622465,0.02117168746493242,-0.04609861322963586,-0.90804343525911624,3.49848894848705960,2.47003880663956732,-1.32000000000000006,6.03000000000000025
0.01231900669429590,0.02152079354007155,-0.04584997831522672,-0.91598136796733653,3.48357775723302465,2.50266066077856442,-1.32000000000000006,6.03000000000000025
0.01222701218246477,0.02186839201514762,-0.04559808090485991,-0.92390670534570585,3.46833652945709314,2.53528829214066009,-1.32000000000000006,6.03000000000000025
0.01213422579891892,0.02221444976115566,-0.04534292055188755,-0.93181867163312404,3.45276275791623677,2.56791906942753378,-1.32000000000000006,6.03000000000000025
0.01204064892022614,0.02255893339832508,-0.04508449707575042,-0.93971647495022714,3.43685393469144174,2.60055030200556692,-1.32000000000000006,6.03000000000000025
0.01194628300295757,0.02290180929609777,-0.04482281056795923,-0.94759930707199269,3.42060755210741974,2.63317923894980233,-1.32000000000000006,6.03000000000000025
0.01185112958533357,0.02324304357319991,-0.04455786139817169,-0.95546634320099721,3.40402110368797040,2.66580306808552248,-1.32000000000000006,6.03000000000000025
0.01175519028889226,0.02358260209781122,-0.04428965022036547,-0.96331674174154447,3.38709208514785098,2.69841891502813125,-1.32000000000000006,6.03000000000000025
0.01165846682018065,0.02392045048783514,-0.04401817797910722,-0.97114964407489324,3.36981799542202110,2.73102384222206052,-1.32000000000000006,6.03000000000000025
0.01156096097246806,0.02425655411127396,-0.04374344591591778,-0.97896417433582616,3.35219633773313053,2.76361484797945733,-1.32000000000000006,6.03000000000000025
0.01146267462748194,0.02459087808671255,-0.04346545557573339,-0.98675943919081022,3.33422462069812298,2.79618886551945778,-1.32000000000000006,6.03000000000000025
0.01136360975716565,0.02492338728391479,-0.04318420881346304,-0.99453452761801331,3.31590035947482953,2.82874276200888763,-1.32000000000000006,6.03000000000000025
0.01126376842545825,0.02525404632453670,-0.04289970780064152,-1.00228851068945235,3.29722107694942190,2.86127333760527991,-1.32000000000000006,6.03000000000000025
0.01116315279009589,0.02558281958296038,-0.04261195503217809,-1.01002044135556091,3.27818430496560342,2.89377732450314262,-1.32000000000000006,6.03000000000000025
0.01106176510443465,0.02590967118725297,-0.04232095333320029,-1.01772935423247701,3.25878758559640147,2.92625138598445389,-1.32000000000000006,6.03000000000000025
0.01095960771929442,0.02623456502025500,-0.04202670586599247,-1.02541426539236458,3.23902847245943226,2.95869211547441546,-1.32000000000000006,6.03000000000000025
0.01085668308482373,0.02655746472080249,-0.04172921613702840,-1.03307417215709596,3.21890453207649463,2.99109603560353943,-1.32000000000000006,6.03000000000000025
0.01075299375238486,0.02687833368508714,-0.04142848800409733,-1.04070805289563673,3.19841334527834809,3.02345959727719649,-1.32000000000000006,6.03000000000000025
0.01064854237645916,0.02719713506815946,-0.04112452568352268,-1.04831486682548514,3.17755250865551586,3.05577917875380223,-1.32000000000000006,6.03000000000000025
0.01054333171657188,0.02751383178557920,-0.04081733375747243,-1.05589355381853656,3.15631963605594690,3.08805108473288037,-1.32000000000000006,6.03000000000000025
0.01043736463923629,0.02782838651521797,-0.04050691718136013,-1.06344303421175579,3.13471236013035659,3.12027154545428109,-1.32000000000000006,6.03000000000000025
0.01033064411991640,0.02814076169921878,-0.04019328129133539,-1.07096220862305502,3.11272833392605008,3.15243671580990403,-1.32000000000000006,6.03000000000000025
0.01022317324500786,0.02845091954611746,-0.03987643181186253,-1.07844995777278840,3.09036523253001150,3.18454267446932215,-1.32000000000000006,6.03000000000000025
0.01011495521383635,0.02875882203313088,-0.03955637486338587,-1.08590514231129376,3.06762075476202911,3.21658542302076356,-1.32000000000000006,6.03000000000000025
0.01000599334067297,0.02906443090861694,-0.03923311697008017,-1.09332660265292270,3.04449262491859862,3.24856088512896912,-1.32000000000000006,6.03000000000000025
0.00989629105676583,0.02936770769471165,-0.03890666506768426,-1.10071315881701803,3.02097859456832385,3.28046490571150073,-1.32000000000000006,6.03000000000000025
0.00978585191238724,0.02966861369014822,-0.03857702651141617,-1.10806361027631439,2.99707644439950549,3.31229325013514142,-1.32000000000000006,6.03000000000000025
0.00967467957889555,0.02996710997326368,-0.03824420908396746,-1.11537673581325114,2.97278398612057737,3.34404160343408341,-1.32000000000000006,6.03000000000000025
0.00956277785081106,0.03026315740519806,-0.03790822100357457,-1.12265129338470460,2.94809906441401903,3.37570556955167200,-1.32000000000000006,6.03000000000000025
0.00945015064790499,0.03055671663329179,-0.03756907093216483,-1.12988601999566152,2.92301955894433174,3.40728067060752915,-1.32000000000000006,6.03000000000000025
0.00933680201730053,0.03084774809468657,-0.03722676798357429,-1.13707963158237457,2.89754338642062903,3.43876234619195031,-1.32000000000000006,6.03000000000000025
0.00922273613558520,0.03113621202013524,-0.03688132173183475,-1.14423082290555267,2.87166850271434582,3.47014595268953352,-1.32000000000000006,6.03000000000000025
0.00910795731093327,0.03142206843802622,-0.03653274221952686,-1.15133826745415924,2.84539290503252751,3.50142676263406161,-1.32000000000000006,6.03000000000000025
0.00899246998523729,0.03170527717862810,-0.03618103996619607,-1.15840061736040556,2.81871463414710322,3.53259996409672805,-1.32000000000000006,6.03000000000000025
0.00887627873624754,0.03198579787855985,-0.03582622597682798,-1.16541650332654267,2.79163177668050100,3.56366066010986593,-1.32000000000000006,6.03000000000000025
0.00875938827971813,0.03226358998549260,-0.03546831175037954,-1.17238453456407332,2.76414246744789427,3.59460386812839960,-1.32000000000000006,6.03000000000000025
0.00864180347155864,0.03253861276308836,-0.03510730928836199,-1.17930329874601814,2.73624489185631337,3.62542451953131106,-1.32000000000000006,6.03000000000000025
0.00852352930998973,0.03281082529618153,-0.03474323110347168,-1.18617136197288930,2.70793728836078973,3.65611745916547859,-1.32000000000000006,6.03000000000000025
0.00840457093770150,0.03308018649620888,-0.03437609022826420,-1.19298726875303851,2.67921795097762105,3.68667744493431115,-1.32000000000000006,6.03000000000000025
0.00828493364401311,0.03334665510689378,-0.03400590022386735,-1.19974954199806105,2.65008523185477607,3.71709914743366721,-1.32000000000000006,6.03000000000000025
0.00816462286703198,0.03361018971019017,-0.03363267518872803,-1.20645668303395537,2.62053754389937898,3.74737714963761670,-1.32000000000000006,6.03000000000000025
0.00804364419581114,0.03387074873249230,-0.03325642976738796,-1.21310717162874759,2.59057336346211953,3.77750594663666162,-1.32000000000000006,6.03000000000000025
0.00792200337250291,0.03412829045111564,-0.03287717915928283,-1.21969946603730928,2.56019123307835494,3.80747994543110257,-1.32000000000000006,6.03000000000000025
0.00779970629450725,0.03438277300105477,-0.03249493912755926,-1.22623200306410651,2.52938976426556517,3.83729346478229516,-1.32000000000000006,6.03000000000000025
0.00767675901661289,0.03463415438202375,-0.03210972600790360,-1.23270319814463236,2.49816764037673034,3.86694073512460523,-1.32000000000000006,6.03000000000000025
0.00755316775312932,0.03488239246578471,-0.03172155671737643,-1.23911144544628837,2.46652361950908805,3.89641589854092585,-1.32000000000000006,6.03000000000000025
0.00742893888000775,0.03512744500376998,-0.03133044876324612,-1.24545511798948949,2.43445653746762236,3.92571300880468277,-1.32000000000000006,6.03000000000000025
0.00730407893694886,0.03536926963500323,-0.03093642025181484,-1.25173256778978059,2.40196531078251274,3.95482603149130396,-1.32000000000000006,6.03000000000000025
0.00717859462949528,0.03560782389432519,-0.03053948989722977,-1.25794212602175914,2.36904893977966102,3.98374884416218356,-1.32000000000000006,6.03000000000000025
0.00705249283110655,0.03584306522092881,-0.03013967703027215,-1.26408210320560888,2.33570651170327181,4.01247523662422001,-1.32000000000000006,6.03000000000000025
0.00692578058521428,0.03607495096720943,-0.02973700160711649,-1.27015078941705850,2.30193720388934553,4.04099891126805755,-1.32000000000000006,6.03000000000000025
0.00679846510725506,0.03630343840793464,-0.02933148421805191,-1.27614645452158237,2.26774028698879260,4.06931348348819011,-1.32000000000000006,6.03000000000000025
0.00667055378667874,0.03652848474973902,-0.02892314609615719,-1.28206734843366732,2.23311512823873581,4.09741248218815013,-1.32000000000000006,6.03000000000000025
0.00654205418892953,0.03675004714094819,-0.02851200912592097,-1.28791170140197409,2.19806119478042650,4.12528935037400313,-1.32000000000000006,6.03000000000000025
0.00641297405739716,0.03696808268173706,-0.02809809585179799,-1.29367772432122186,2.16257805702203010,4.15293744583944324,-1.32000000000000006,6.03000000000000025
0.00628332131533555,0.03718254843462641,-0.02768142948669213,-1.29936360907162674,2.12666539204439120,4.18035004194576398,-1.32000000000000006,6.03000000000000025
0.00615310406774615,0.03739340143532221,-0.02726203392035663,-1.30496752888672418,2.09032298704771113,4.20752032850003577,-1.32000000000000006,6.03000000000000025
0.00602233060322294,0.03760059870390148,-0.02683993372770129,-1.31048763875040053,2.05355074283690087,4.23444141273481289,-1.32000000000000006,6.03000000000000025
0.00589100939575635,0.03780409725634854,-0.02641515417699668,-1.31592207582395648,2.01634867734320355,4.26110632039270865,-1.32000000000000006,6.03000000000000025
0.00575914910649285,0.03800385411644519,-0.02598772123796434,-1.32126895990401727,1.97871692917948505,4.28750799691917628,-1.32000000000000006,6.03000000000000025
0.00562675858544721,0.03819982632801787,-0.02555766158974228,-1.32652639391209459,1.94065576122641326,4.31363930876682655,-1.32000000000000006,6.03000000000000025
0.00549384687316421,0.03839197096754497,-0.02512500262871421,-1.33169246441659572,1.90216556424655314,4.33949304481460363,-1.32000000000000006,6.03000000000000025
0.00536042320232643,0.03858024515712675,-0.02468977247619110,-1.33676524218806114,1.86324686052320221,4.36506191790511000,-1.32000000000000006,6.03000000000000025
0.00522649699930490,0.03876460607782027,-0.02425199998593287,-1.34174278278839521,1.82390030752059751,4.39033856650335252,-1.32000000000000006,6.03000000000000025
0.00509207788564902,0.03894501098334125,-0.02381171475149803,-1.34662312719483701,1.78412670156191133,4.41531555648013097,-1.32000000000000006,6.03000000000000025
0.00495717567951239,0.03912141721413446,-0.02336894711340865,-1.35140430245939580,1.74392698152125103,4.43998538302325407,-1.32000000000000006,6.03000000000000025
0.00482180039701083,0.03929378221181383,-0.02292372816611761,-1.35608432240445165,1.70330223252565993,4.46434047267969536,-1.32000000000000006,6.03000000000000025
0.00468596225350905,0.03946206353397314,-0.02247608976476503,-1.36066118835519601,1.66225368966290210,4.48837318553174924,-1.32000000000000006,6.03000000000000025
0.00454967166483216,0.03962621886936753,-0.02202606453171026,-1.36513288990955450,1.62078274169059489,4.51207581751015496,-1.32000000000000006,6.03000000000000025
0.00441293924839835,0.03978620605346583,-0.02157368586282550,-1.36949740574620282,1.57889093474203168,4.53544060284707040,-1.32000000000000006,6.03000000000000025
0.00427577582426878,0.03994198308437311,-0.02111898793353713,-1.37375270447124787,1.53657997602381524,4.55845971667168026,-1.32000000000000006,6.03000000000000025
0.00413819241611089,0.04009350813912232,-0.02066200570460018,-1.37789674550410912,1.49385173750019606,4.58112527775109779,-1.32000000000000006,6.03000000000000025
0.00400020025207111,0.04024073959033358,-0.02020277492759132,-1.38192748000308829,1.45070825955878613,4.60342935137910736,-1.32000000000000006,6.03000000000000025
0.00386181076555302,0.04038363602323877,-0.01974133215010550,-1.38584285183107192,1.40715175465209508,4.62536395241514153,-1.32000000000000006,6.03000000000000025
0.00372303559589693,0.04052215625306890,-0.01927771472064114,-1.38964079856175760,1.36318461090910925,4.64692104847574328,-1.32000000000000006,6.03000000000000025
0.00358388658895678,0.04065625934280085,-0.01881196079315836,-1.39331925252674238,1.31880939571091149,4.66809256328059075,-1.32000000000000006,6.03000000000000025
0.00344437579757029,0.04078590462125962,-0.01834410933129488,-1.39687614190375275,1.27402885922412001,4.68887038015498714,-1.32000000000000006,6.03000000000000025
0.00330451548191821,0.04091105170157160,-0.01787420011222375,-1.40030939184623415,1.22884593788570529,4.70924634569052447,-1.32000000000000006,6.03000000000000025
0.00316431810976852,0.04103166049996349,-0.01740227373013702,-1.40361692565445262,1.18326375783253068,4.72921227356540896,-1.32000000000000006,6.03000000000000025
0.00302379635660150,0.04114769125490132,-0.01692837159933939,-1.40679666598818964,1.13728563826875106,4.74875994852572703,-1.32000000000000006,6.03000000000000025
0.00288296310561136,0.04125910454656258,-0.01645253595693560,-1.40984653612104061,1.09091509476400050,4.76788113052868390,-1.32000000000000006,6.03000000000000025
0.00274183144758046,0.04136586131663462,-0.01597480986509536,-1.41276446123624666,1.04415584247510251,4.78656755904859121,-1.32000000000000006,6.03000000000000025
0.00260041468062181,0.04146792288843090,-0.01549523721287958,-1.41554836976391152,0.99701179928384553,4.80481095754611864,-1.32000000000000006,6.03000000000000025
0.00245872630978579,0.04156525098731667,-0.01501386271761141,-1.41819619475936642,0.94948708884318334,4.82260303810102720,-1.32000000000000006,6.03000000000000025
0.00231678004652702,0.04165780776143423,-0.01453073192577593,-1.42070587532236048,0.90158604352404925,4.83993550620831492,-1.32000000000000006,6.03000000000000025
0.00217458980802730,0.04174555580271767,-0.01404589121343199,-1.42307535805665863,0.85331320725480941,4.85680006573738243,-1.32000000000000006,6.03000000000000025
0.00203216971637051,0.04182845816818577,-0.01355938778612008,-1.42530259856953223,0.80467333824523246,4.87318842405349528,-1.32000000000000006,6.03000000000000025
0.00188953409756569,0.04190647840150126,-0.01307126967824990,-1.42738556301053165,0.75567141158671325,4.88909229730048356,-1.32000000000000006,6.03000000000000025
0.00174669748041423,0.04197958055478349,-0.01258158575195174,-1.42932222964881950,0.70631262172036657,4.90450341584324523,-1.32000000000000006,6.03000000000000025
0.00160367459521752,0.04204772921066099,-0.01209038569537564,-1.43111059048824418,0.65660238476449861,4.91941352986825731,-1.32000000000000006,6.03000000000000025
0.00146048037232111,0.04211088950454940,-0.01159772002042273,-1.43274865291921660,0.60654634069287239,4.93381441513990460,-1.32000000000000006,6.03000000000000025
0.00131712994049203,0.04216902714713937,-0.01110364005989316,-1.43423444140634326,0.55615035535510859,4.94769787891003876,-1.32000000000000006,6.03000000000000025
0.00117363862512553,0.04222210844707826,-0.01060819796403570,-1.43556599921065353,0.50542052233051060,4.96105576597776299,-1.32000000000000006,6.03000000000000025
0.00103002194627789,0.04227010033382854,-0.01011144669648380,-1.43674139014513713,0.45436316460656356,4.97387996489600326,-1.32000000000000006,6.03000000000000025
0.00088629561652218,0.04231297038068490,-0.00961344002956396,-1.43775870036219278,0.40298483607334840,4.98616241432101415,-1.32000000000000006,6.03000000000000025
0.00074247553862362,0.04235068682793122,-0.00911423253896213,-1.43861604017145894,0.35129232282511630,4.99789510950048577,-1.32000000000000006,6.03000000000000025
0.00059857780303179,0.04238321860611771,-0.00861387959773453,-1.43931154588638055,0.29929264426030361,5.00907010889548587,-1.32000000000000006,6.03000000000000025
0.00045461868518677,0.04241053535943762,-0.00811243736964986,-1.43984338169773429,0.24699305397132360,5.01967954093099511,-1.32000000000000006,6.03000000000000025
0.00031061464263669,0.04243260746918204,-0.00760996280185021,-1.44020974157221238,0.19440104041555401,5.02971561086931551,-1.32000000000000006,6.03000000000000025
0.00016658231196422,0.04244940607725046,-0.00710651361681883,-1.44040885117403294,0.14152432735904907,5.03917060780016524,-1.32000000000000006,6.03000000000000025
0.00002253850551992,0.04246090310969413,-0.00660214830364318,-1.44043896980742203,0.08837087408464209,5.04803691174076974,0.63000000000000000,5.78000000000000025
-0.00012138974140516,0.04246711435162159,-0.00609701090663401,-1.43809737430463014,0.03580985403950745,5.05461105242578501,0.63000000000000000,5.78000000000000025
-0.00026507522744079,0.04246805640486328,-0.00559124620912924,-1.43558352487040319,-0.01701142766953234,5.06058172307389853,0.63000000000000000,5.78000000000000025
-0.00040850065984521,0.04246370368835669,-0.00508491491546331,-1.43289608256132572,-0.07008403393835180,5.06594179979054715,0.63000000000000000,5.78000000000000025
-0.00055164861441730,0.04245403152521714,-0.00457807843543524,-1.43003375739577998,-0.12339881873041000,5.07068429826447087,0.63000000000000000,5.78000000000000025
-0.00069450154047108,0.04243901616350222,-0.00407079887002496,-1.42699530991663748,-0.17694642969253827,5.07480238027094721,0.63000000000000000,5.78000000000000025
-0.00083704176596533,0.04241863479670255,-0.00356313899646067,-1.42377955273109125,-0.23071731101504456,5.07828936014395982,0.63000000000000000,5.78000000000000025
-0.00097925150278599,0.04239286558393416,-0.00305516225264109,-1.42038535202502980,-0.28470170653682891,5.08113871120767158,0.63000000000000000,5.78000000000000025
-0.00112111285217856,0.04236168766980820,-0.00254693272091689,-1.41681162904934110,-0.33888966309575119,5.08334407215742345,0.63000000000000000,5.78000000000000025
-0.00126260781032769,0.04232508120395329,-0.00203851511123703,-1.41305736157553730,-0.39327103412402942,5.08489925338038518,0.63000000000000000,5.78000000000000025
-0.00140371827408061,0.04228302736016614,-0.00152997474366638,-1.40912158531809562,-0.44783548348797175,5.08579824320589591,0.63000000000000000,5.78000000000000025
-0.00154442604681105,0.04223550835516601,-0.00102137753028233,-1.40500339532092111,-0.50257248957086353,5.08603521407546566,0.63000000000000000,5.78000000000000025
-0.00168471284441998,0.04218250746692881,-0.00051278995645880,-1.40070194730535924,-0.55747134959733868,5.08560452862236279,0.63000000000000000,5.78000000000000025
-0.00182456030146898,0.04212400905257674,-0.00000427906154722,-1.39621645897720947,-0.61252118419706858,5.08450074565071297,0.63000000000000000,5.78000000000000025
-0.00196394997744227,0.04205999856579976,0.00050408758103497,-1.39154621129022638,-0.66771094220509841,5.08271862600403335,0.63000000000000000,5.78000000000000025
-0.00210286336313280,0.04199046257378525,0.00101224188429665,-1.38669054966363192,-0.72302940569565610,5.08025313831315550,0.63000000000000000,5.78000000000000025
-0.00224128188714760,0.04191538877363288,0.00152011526873380,-1.38164888515121320,-0.77846519524575208,5.07709946461357386,0.63000000000000000,5.78000000000000025
-0.00237918692252763,0.04183476600823167,0.00202763868394497,-1.37642069555963165,-0.83400677542437895,5.07325300582231975,0.63000000000000000,5.78000000000000025
-0.00251655979347679,0.04174858428157711,0.00253474263078713,-1.37100552651363006,-0.88964246050261553,5.06870938706459295,0.63000000000000000,5.78000000000000025
-0.00265338178219466,0.04165683477350646,0.00304135718405609,-1.36540299246589725,-0.94536042037943480,5.06346446284051854,0.63000000000000000,5.78000000000000025
-0.00278963413580741,0.04155950985383092,0.00354741201567545,-1.35961277764941824,-1.00114868671751900,5.05751432202256357,0.63000000000000000,5.78000000000000025
-0.00292529807339097,0.04145660309584387,0.00405283641837616,-1.35363463697022546,-1.05699515928288923,5.05085529267435174,0.63000000000000000,5.78000000000000025
-0.00306035479308044,0.04134810928918538,0.00455755932984890,-1.34746839683855235,-1.11288761248167822,5.04348394668182909,0.63000000000000000,5.78000000000000025
-0.00319478547925939,0.04123402445204339,0.00506150935734968,-1.34111395593648797,-1.16881370208689472,5.03539710418798503,0.63000000000000000,5.78000000000000025
-0.00332857130982274,0.04111434584267305,0.00556461480273877,-1.33457128592032825,-1.22476097214757007,5.02659183782261376,0.63000000000000000,5.78000000000000025
-0.00346169346350651,0.04098907197021635,0.00606680368793202,-1.32784043205593405,-1.28071686207222579,5.01706547671889602,0.63000000000000000,5.78000000000000025
-0.00359413312727768,0.04085820260480511,0.00656800378074288,-1.32092151378551237,-1.33666871387816633,5.00681561030891054,0.63000000000000000,5.78000000000000025
-0.00372587150377728,0.04072173878693095,0.00706814262109253,-1.31381472522436038,-1.39260377959768444,4.99584009189053546,0.63000000000000000,5.78000000000000025
-0.00385688981880952,0.04057968283606742,0.00756714754756503,-1.30652033558623404,-1.44850922883186528,4.98413704195857310,0.63000000000000000,5.78000000000000025
-0.00398716932886994,0.04043203835852954,0.00806494572428348,-1.29903868953613189,-1.50437215644229583,4.97170485129332906,0.63000000000000000,5.78000000000000025
-0.00411669132870506,0.04027881025455785,0.00856146416808266,-1.29137020746941888,-1.56017959037062615,4.95854218380029543,0.63000000000000000,5.78000000000000025
-0.00424543715889632,0.04012000472461448,0.00905662977595296,-1.28351538571635104,-1.61591849957559464,4.94464797909503151,0.63000000000000000,5.78000000000000025
-0.00437338821346060,0.03995562927488008,0.00955036935272976,-1.27547479667120389,-1.67157580207681233,4.93002145482777809,0.63000000000000000,5.78000000000000025
-0.00450052594745994,0.03978569272194150,0.01004260963900213,-1.26724908884535092,-1.72713837309431817,4.91466210874284126,0.63000000000000000,5.78000000000000025
-0.00462683188461273,0.03961020519666124,0.01053327733921399,-1.25883898684378681,-1.78259305327265261,4.89856972046825767,0.63000000000000000,5.78000000000000025
-0.00475228762489867,0.03942917814722068,0.01102229914993057,-1.25024529126473727,-1.83792665697796509,4.88174435303176146,0.63000000000000000,5.78000000000000025
-0.00487687485214986,0.03924262434133043,0.01150960178824261,-1.24146887852215038,-1.89312598065646176,4.86418635409960309,0.63000000000000000,5.78000000000000025
-0.00500057534162031,0.03905055786760236,0.01199511202028054,-1.23251070059101853,-1.94817781124232847,4.84589635693530152,0.63000000000000000,5.78000000000000025
-0.00512337096752605,0.03885299413607871,0.01247875668981038,-1.22337178467562802,-2.00306893460311208,4.82687528107594588,0.63000000000000000,5.78000000000000025
-0.00524524371054835,0.03864994987791547,0.01296046274688305,-1.21405323280099386,-2.05778614401042903,4.80712433272422324,0.63000000000000000,5.78000000000000025
-0.00536617566529206,0.03844144314421774,0.01344015727650863,-1.20455622132788731,-2.11231624862378853,4.78664500485491207,0.63000000000000000,5.78000000000000025
-0.00548614904769191,0.03822749330402676,0.01391776752732702,-1.19488200039201664,-2.16664608197525599,4.76543907703512737,0.63000000000000000,5.78000000000000025
-0.00560514620235870,0.03800812104145879,0.01439322094024620,-1.18503189326807634,-2.22076251044267092,4.74350861495818510,0.63000000000000000,5.78000000000000025
-0.00572314960985841,0.03778334835199781,0.01486644517701963,-1.17500729565952744,-2.27465244169913161,4.72085596969152199,0.63000000000000000,5.78000000000000025
-0.00584014189391643,0.03755319853794499,0.01533736814873421,-1.16480967491512244,-2.32830283312651432,4.69748377663965577,0.63000000000000000,5.78000000000000025
-0.00595610582853995,0.03731769620302908,0.01580591804418032,-1.15444056917333082,-2.38170070018085367,4.67339495422376228,0.63000000000000000,5.78000000000000025
-0.00607102434505120,0.03707686724618320,0.01627202335807568,-1.14390158643596851,-2.43483312469752811,4.64859270227997445,0.63000000000000000,5.78000000000000025
-0.00618488053902452,0.03683073885449456,0.01673561291911521,-1.13319440357246703,-2.48768726312432431,4.62308050017909711,0.63000000000000000,5.78000000000000025
-0.00629765767712058,0.03657933949533506,0.01719661591781895,-1.12232076525636026,-2.54025035467061899,4.59686210467094281,0.63000000000000000,5.78000000000000025
-0.00640933920381077,0.03632269890768157,0.01765496193415085,-1.11128248283569064,-2.59250972936112056,4.56994154745705394,0.63000000000000000,5.78000000000000025
-0.00651990874798556,0.03606084809263613,0.01811058096488143,-1.10008143313916795,-2.64445281598283266,4.54232313249609021,0.63000000000000000,5.78000000000000025
-0.00662935012944024,0.03579381930315723,0.01856340345066781,-1.08871955722002944,-2.69606714991415508,4.51401143304667318,0.63000000000000000,5.78000000000000025
-0.00673764736523201,0.03552164603301452,0.01901336030282507,-1.07719885903966817,-2.74734038082532672,4.48501128845297892,0.63000000000000000,5.78000000000000025
-0.00684478467590263,0.03524436300498039,0.01946038292976361,-1.06552140409320373,-2.79826028023971229,4.45532780067884371,0.63000000000000000,5.78000000000000025
-0.00695074649156066,0.03496200615827276,0.01990440326306759,-1.05368931797927279,-2.84881474894577558,4.42496633059661715,0.63000000000000000,5.78000000000000025
-0.00705551745781812,0.03467461263526454,0.02034535378319021,-1.04170478491641183,-2.89899182424993596,4.39393249403743358,0.63000000000000000,5.78000000000000025
-0.00715908244157613,0.03438222076747618,0.02078316754474245,-1.02957004620849379,-2.94877968706088067,4.36223215760999938,0.63000000000000000,5.78000000000000025
-0.00726142653665471,0.03408487006086865,0.02121777820135242,-1.01728739866176543,-2.99816666879631510,4.32987143429539501,0.63000000000000000,5.78000000000000025
-0.00736253506926192,0.03378260118045483,0.02164912003007326,-1.00485919295610060,-3.04714125810353842,4.29685667882576716,0.63000000000000000,5.78000000000000025
-0.00746239360329804,0.03347545593424865,0.02207712795531852,-0.99228783197315940,-3.09569210738568623,4.26319448285513580,0.63000000000000000,5.78000000000000025
-0.00756098794549039,0.03316347725657157,0.02250173757230451,-0.97957576908419708,-3.14380803912592199,4.22889166993088583,0.63000000000000000,5.78000000000000025
-0.00765830415035515,0.03284670919073703,0.02292288516998029,-0.96672550640032251,-3.19147805200233625,4.19395529027479874,0.63000000000000000,5.78000000000000025
-0.00775432852498240,0.03252519687113425,0.02334050775342650,-0.95373959298804878,-3.23869132678679206,4.15839261538277327,0.63000000000000000,5.78000000000000025
-0.00784904763364107,0.03219898650473307,0.02375454306570561,-0.94062062305301508,-3.28543723202144733,4.12221113245262583,0.63000000000000000,5.78000000000000025
-0.00794244830220084,0.03186812535203265,0.02416492960914669,-0.92737123409478905,-3.33170532946719034,4.08541853864959670,0.63000000000000000,5.78000000000000025
-0.00803451762236819,0.03153266170747682,0.02457160666604899,-0.91399410503567846,-3.37748537931873161,4.04802273521936762,0.63000000000000000,5.78000000000000025
-0.00812524295573412,0.03119264487935987,0.02497451431878972,-0.90049195432649509,-3.42276734518161518,4.01003182145859327,0.63000000000000000,5.78000000000000025
-0.00821461193763145,0.03084812516924671,0.02537359346932207,-0.88686753803222040,-3.46754139880693080,3.97145408855306403,0.63000000000000000,5.78000000000000025
-0.00830261248079980,0.03049915385093178,0.02576878585805091,-0.87312364790051833,-3.51179792458003615,3.93229801329374684,0.63000000000000000,5.78000000000000025
-0.00838923277885664,0.03014578314896159,0.02616003408207442,-0.85926310941603457,-3.55552752376011760,3.89257225168104126,0.63000000000000000,5.78000000000000025
-0.00847446130957330,0.02978806621674583,0.02654728161278096,-0.84528877984340245,-3.59872101846794523,3.85228563242763489,0.63000000000000000,5.78000000000000025
-0.00855828683795466,0.02942605711428238,0.02693047281279165,-0.83120354626185367,-3.64136945541969803,3.81144715037038440,0.63000000000000000,5.78000000000000025
-0.00864069841912218,0.02905981078552174,0.02730955295223991,-0.81701032359430215,-3.68346410940525093,3.77006595980165349,0.63000000000000000,5.78000000000000025
-0.00872168540099955,0.02868938303539644,0.02768446822438067,-0.80271205263373069,-3.72499648650983328,3.72815136773051803,0.63000000000000000,5.78000000000000025
-0.00880123742680102,0.02831483050654112,0.02805516576052255,-0.78831169806966939,-3.76595832707846290,3.68571282708420256,0.63000000000000000,5.78000000000000025
-0.00887934443732251,0.02793621065572907,0.02842159364427765,-0.77381224651750347,-3.80634160842306368,3.64275992986004393,0.63000000000000000,5.78000000000000025
-0.00895599667303583,0.02755358173005086,0.02878370092512446,-0.75921670455329437,-3.84613854727266080,3.59930240023818770,0.63000000000000000,5.78000000000000025
-0.00903118467598687,0.02716700274286084,0.02914143763128053,-0.74452809675673681,-3.88534160196751666,3.55535008766509542,0.63000000000000000,5.78000000000000025
-0.00910489929149851,0.02677653344951691,0.02949475478188246,-0.72974946376481009,-3.92394347439854130,3.51091295991781616,0.63000000000000000,5.78000000000000025
-0.00917713166967957,0.02638223432293900,0.02984360439847168,-0.71488386033860940,-3.96193711169375584,3.46600109615880125,0.63000000000000000,5.78000000000000025
-0.00924787326674124,0.02598416652901155,0.03018793951578575,-0.69993435344577037,-3.99931570765402267,3.42062467999087483,0.63000000000000000,5.78000000000000025
-0.00931711584612256,0.02558239190185474,0.03052771419185549,-0.68490402036081943,-4.03607270394067630,3.37479399252175627,0.63000000000000000,5.78000000000000025
-0.00938485147942695,0.02517697291898933,0.03086288351740944,-0.66979594678570065,-4.07220179101809343,3.32851940544733438,0.63000000000000000,5.78000000000000025
-0.00945107254717193,0.02476797267641927,0.03119340362458794,-0.65461322499264185,-4.10769690885462246,3.28181137416263446,0.63000000000000000,5.78000000000000025
-0.00951577173935428,0.02435545486365620,0.03151923169497010,-0.63935895199143677,-4.14255224738566952,3.23468043090919188,0.63000000000000000,5.78000000000000025
-0.00957894205583326,0.02393948373870938,0.03184032596691763,-0.62403622772312373,-4.17676224674307051,3.18713717796726526,0.63000000000000000,5.78000000000000025
-0.00964057680653460,0.02352012410306406,0.03215664574224051,-0.60864815328195043,-4.21032159725523503,3.13919228090105173,0.63000000000000000,5.78000000000000025
-0.00970066961147814,0.02309744127667130,0.03246815139219017,-0.59319782916741615,-4.24322523922283423,3.09085646186477625,0.63000000000000000,5.78000000000000025
-0.00975921440063228,0.02267150107297104,0.03277480436278658,-0.57768835356808546,-4.27546836247510864,3.04214049297722244,0.63000000000000000,5.78000000000000025
-0.00981620541359849,0.02224236977397040,0.03307656717948656,-0.56212282067876729,-4.30704640571214625,2.99305518977196883,0.63000000000000000,5.78000000000000025
-0.00987163719912921,0.02181011410539818,0.03337340345120123,-0.54650431905255392,-4.33795505563872563,2.94361140473026861,0.63000000000000000,5.78000000000000025
-0.00992550461448279,0.02137480121195619,0.03366527787367107,-0.53083592998911322,-4.36819024589554950,2.89382002090318924,0.63000000000000000,5.78000000000000025
-0.00997780282461912,0.02093649863268727,0.03395215623220799,-0.51512072596052438,-4.39774815579391198,2.84369194562929639,0.63000000000000000,5.78000000000000025
-0.01002852730123980,0.02049527427647951,0.03423400540381413,-0.49936176907585017,-4.42662520886002220,2.79323810435382969,0.63000000000000000,5.78000000000000025
-0.01007767382167669,0.02005119639772516,0.03451079335868798,-0.48356210958553242,-4.45481807119539486,2.74246943455497405,0.63000000000000000,5.78000000000000025
-0.01012523846763295,0.01960433357215258,0.03478248916112862,-0.46772478442660170,-4.48232364965984242,2.69139687978249587,0.63000000000000000,5.78000000000000025
-0.01017121762378075,0.01915475467284835,0.03504906296984969,-0.45185281580958947,-4.50913908988376200,2.64003138381366131,0.63000000000000000,5.78000000000000025
-0.01021560797621968,0.01870252884648645,0.03531048603771496,-0.43594920984793389,-4.53526177411650089,2.58838388493101190,0.63000000000000000,5.78000000000000025
-0.01025840651080035,0.01824772548978057,0.03556673071090802,-0.42001695523057297,-4.56068931891768425,2.53646531032623068,0.63000000000000000,5.78000000000000025
-0.01029961051131735,0.01779041422617474,0.03581777042754878,-0.40405902193832288,-4.58541957269846279,2.48428657063398850,0.63000000000000000,5.78000000000000025
-0.01033921755757614,0.01733066488278713,0.03606357971577001,-0.38807836000454599,-4.60945061311969351,2.43185855459932032,0.63000000000000000,5.78000000000000025
-0.01037722552333815,0.01686854746762089,0.03630413419126743,-0.37207789832052096,-4.63278074435410225,2.37919212388174284,0.63000000000000000,5.78000000000000025
-0.01041363257414878,0.01640413214705523,0.03653941055433715,-0.35606054348583788,-4.65540849421949332,2.32629810799899772,0.63000000000000000,5.78000000000000025
-0.01044843716505258,0.01593748922362935,0.03676938658641465,-0.34002917870405369,-4.67733261119008858,2.27318729941297226,0.63000000000000000,5.78000000000000025
-0.01048163803820034,0.01546868911413106,0.03699404114612942,-0.32398666272375931,-4.69855206129305270,2.21987044876003159,0.63000000000000000,5.78000000000000025
-0.01051323422035256,0.01499780232800120,0.03721335416489008,-0.30793582882512699,-4.71906602489723870,2.16635826022767786,0.63000000000000000,5.78000000000000025
-0.01054322502028380,0.01452489944606423,0.03742730664201448,-0.29187948385192686,-4.73887389340115739,2.11266138707914752,0.63000000000000000,5.78000000000000025
-0.01057161002609256,0.01405005109959480,0.03763588063941965,-0.27582040728892648,-4.75797526582709640,2.05879042732725415,0.63000000000000000,5.78000000000000025
-0.01059838910242111,0.01357332794972936,0.03783905927588679,-0.25976135038451226,-4.77636994532827064,2.00475591955849541,0.63000000000000000,5.78000000000000025
-0.01062356238758987,0.01309480066723103,0.03803682672091609,-0.24370503531830190,-4.79405793561578797,1.95056833890815406,0.63000000000000000,5.78000000000000025
-0.01064713029065078,0.01261453991261561,0.03822916818818670,-0.22765415441344980,-4.81103943731212613,1.89623809318685188,0.63000000000000000,5.78000000000000025
-0.01066909348836412,0.01213261631664550,0.03841606992863685,-0.21161136939328290,-4.82731484423772361,1.84177551915874949,0.63000000000000000,5.78000000000000025
-0.01068945292210317,0.01164910046119820,0.03859751922317951,-0.19557931068184367,-4.84288473963715571,1.78719087897132800,0.63000000000000000,5.78000000000000025
-0.01070820979469117,0.01116406286051483,0.03877350437506848,-0.17956057674785933,-4.85774989235125876,1.73249435673644236,0.63000000000000000,5.78000000000000025
-0.01072536556717470,0.01067757394283391,0.03894401470193012,-0.16355773349160183,-4.87191125294142591,1.67769605526210275,0.63000000000000000,5.78000000000000025
-0.01074092195553801,0.01018970403241486,0.03910904052747591,-0.14757331367405199,-4.88536994977216921,1.62280599293421224,0.63000000000000000,5.78000000000000025
-0.01075488092736225,0.00970052333195510,0.03926857317291042,-0.13160981638773353,-4.89812728505787387,1.56783410074727825,0.63000000000000000,5.78000000000000025
-0.01076724469843391,0.00921010190540394,0.03942260494804996,-0.11566970656853738,-4.91018473087954899,1.51279021948290460,0.63000000000000000,5.78000000000000025
-0.01077801572930639,0.00871850966117619,0.03957112914216629,-0.09975541454781606,-4.92154392517718708,1.45768409703468604,0.63000000000000000,5.78000000000000025
-0.01078719672181883,0.00822581633576741,0.03971414001457007,-0.08386933564398893,-4.93220666772320460,1.40252538587793540,0.63000000000000000,5.78000000000000025
-0.01079479061557600,0.00773209147777259,0.03985163278494854,-0.06801382979286420,-4.94217491608225945,1.34732364068250954,0.63000000000000000,5.78000000000000025
-0.01080080058439313,0.00723740443230932,0.03998360362347150,-0.05219122121585142,-4.95145078156255991,1.29208831606683217,0.63000000000000000,5.78000000000000025
-0.01080523003270944,0.00674182432584603,0.04011004964067963,-0.03640379812520911,-4.96003652516361981,1.23682876449106538,0.63000000000000000,5.78000000000000025
-0.01080808259197403,0.00624542005143546,0.04023096887716911,-0.02065381246544601,-4.96793455352522262,1.18155423428723849,0.63000000000000000,5.78000000000000025
-0.01080936211700755,0.00574826025435293,0.04034636029308585,-0.00494347968997107,-4.97514741488218615,1.12627386782401362,0.63000000000000000,5.78000000000000025
-0.01080907268234348,0.00525041331813871,0.04045622375744300,0.01072502142793299,-4.98167779502932806,1.07099669980364731,0.63000000000000000,5.78000000000000025
-0.01080721857855197,0.00475194735104319,0.04056056003727448,0.02634954895075578,-4.98752851330085978,1.01573165568859825,0.63000000000000000,5.78000000000000025
-0.01080380430854985,0.00425293017287321,0.04065937078663772,0.04192799789998305,-4.99270251856824565,0.96048755025512811,0.63000000000000000,5.78000000000000025
-0.01079883458389994,0.00375342930223753,0.04075265853547783,0.05745830034786906,-4.99720288526038292,0.90527308627115699,0.63000000000000000,5.78000000000000025
-0.01079231432110259,0.00325351194418901,0.04084042667836579,0.07293842547873854,-5.00103280940977690,0.85009685329554674,0.63000000000000000,5.78000000000000025
-0.01078424863788268,0.00275324497826072,0.04092267946312243,0.08836637962080691,-5.00419560472819835,0.79496732659591907,0.63000000000000000,5.78000000000000025
-0.01077464284947480,0.00225269494689290,0.04099942197934003,0.10374020624951313,-5.00669469871513684,0.73989286618204841,0.63000000000000000,5.78000000000000025
-0.01076350246490955,0.00175192804424725,0.04107066014681290,0.11905798596336281,-5.00853362880218178,0.68488171595181524,0.63000000000000000,5.78000000000000025
-0.01075083318330352,0.00125101010540489,0.04113640070388808,0.13431783643328066,-5.00971603853627823,0.62994200294665881,0.63000000000000000,5.78000000000000025
-0.01073664089015567,0.00075000659594400,0.04119665119574693,0.14951791232647071,-5.01024567380464170,0.57508173671342899,0.63000000000000000,5.78000000000000025
-0.01072093165365249,0.00024898260189263,0.04125141996262802,0.16465640520578012,-5.01012637910394165,0.52030880876950614,0.63000000000000000,5.78000000000000025
-0.01070371172098451,-0.00025199717994759,0.04130071612800167,0.17973154340555819,-5.00936209385618092,0.46563099216803250,0.63000000000000000,5.78000000000000025
-0.01068498751467625,-0.00075286845131184,0.04134454958670586,0.19474159188499668,-5.00795684877355463,0.41105594116008320,0.63000000000000000,5.78000000000000025
-0.01066476562893200,-0.00125356732142144,0.04138293099305299,0.20968485205992937,-5.00591476227439003,0.35659119095059266,0.63000000000000000,5.78000000000000025
-0.01064305282599941,-0.00175403031557753,0.04141587174891689,0.22455966161406049,-5.00324003695211772,0.30224415754484985,0.63000000000000000,5.78000000000000025
-0.01061985603255299,-0.00225419438340425,0.04144338399180882,0.23936439429058093,-4.99993695609907185,0.24802213768237616,0.63000000000000000,5.78000000000000025
-0.01059518233609930,-0.00275399690674721,0.04146548058295114,0.25409745966512015,-4.99600988028676252,0.19393230885500834,0.63000000000000000,5.78000000000000025
-0.01056903898140588,-0.00325337570723281,0.04148217509535679,0.26875730290096828,-4.99146324400411068,0.13998172940602124,0.63000000000000000,5.78000000000000025
-0.01054143336695539,-0.00375226905349433,0.04149348180192267,0.28334240448748943,-4.98630155235500538,0.08617733870714367,0.63000000000000000,5.78000000000000025
-0.01051237304142672,-0.00425061566807089,0.04149941566354447,0.29785127996263283,-4.98052937781639748,0.03252595741034284,0.63000000000000000,5.78000000000000025
-0.01048186570020468,-0.00474835473398516,0.04149999231726026,0.31228247962043171,-4.97415135705800093,-0.02096571222871912,0.63000000000000000,5.78000000000000025
-0.01044991918191960,-0.00524542590100627,0.04149522806442994,0.32663458820436431,-4.96717218782456360,-0.07429108595862230,0.63000000000000000,5.78000000000000025
-0.01041654146501825,-0.00574176929160404,0.04148513985895714,0.34090622458743353,-4.95959662588152295,-0.12744369707454983,0.63000000000000000,5.78000000000000025
-0.01038174066436745,-0.00623732550660099,0.04146974529556004,0.35509604143980367,-4.95142948202475708,-0.18041719589806385,0.63000000000000000,5.78000000000000025
-0.01034552502789139,-0.00673203563052860,0.04144906259809731,0.36920272488481465,-4.94267561915501030,-0.23320534919724528,0.63000000000000000,5.78000000000000025
-0.01030790293324404,-0.00722584123669420,0.04142311060795474,0.38322499414417477,-4.93333994941747900,-0.28580203955010181,0.63000000000000000,5.78000000000000025
-0.01026888288451744,-0.00771868439196514,0.04139190877249840,0.39716160117311322,-4.92342743140691752,-0.33820126465409939,0.63000000000000000,5.78000000000000025
-0.01022847350898697,-0.00821050766127674,0.04135547713359931,0.41101133028625431,-4.91294306743853593,-0.39039713658462311,0.63000000000000000,5.78000000000000025
-0.01018668355389450,-0.00870125411187061,0.04131383631623481,0.42477299777495442,-4.90189190088485116,-0.44238388100511955,0.63000000000000000,5.78000000000000025
-0.01014352188327016,-0.00919086731727000,0.04126700751717108,0.43844545151682296,-4.89027901357857431,-0.49415583633161847,0.63000000000000000,5.78000000000000025
-0.01009899747479354,-0.00967929136099871,0.04121501249373152,0.45202757057812731,-4.87810952328151171,-0.54570745285427491,0.63000000000000000,5.78000000000000025
-0.01005311941669501,-0.01016647084005015,0.04115787355265494,0.46551826480976077,-4.86538858121938222,-0.59703329181851428,0.63000000000000000,5.78000000000000025
-0.01000589690469763,-0.01065235086811330,0.04109561353904754,0.47891647443743274,-4.85212136968236862,-0.64812802446830431,0.63000000000000000,5.78000000000000025
-0.00995733923900046,-0.01113687707856181,0.04102825582543240,0.49222116964671775,-4.83831309969115253,-0.69898643105401526,0.63000000000000000,5.78000000000000025
-0.00990745582130342,-0.01161999562721316,0.04095582430089981,0.50543135016358032,-4.82396900872809375,-0.74960339980726964,0.63000000000000000,5.78000000000000025
-0.00985625615187449,-0.01210165319486402,0.04087834336036175,0.51854604483097111,-4.80909435853316758,-0.79997392588511973,0.63000000000000000,5.78000000000000025
-0.00980374982665926,-0.01258179698960851,0.04079583789391325,0.53156431118206837,-4.79369443296419195,-0.85009311028582668,0.63000000000000000,5.78000000000000025
-0.00974994653443335,-0.01306037474894569,0.04070833327630363,0.54448523501071999,-4.77777453592082413,-0.89995615873845358,0.63000000000000000,5.78000000000000025
-0.00969485605399800,-0.01353733474168252,0.04061585535651992,0.55730792993961809,-4.76133998933175295,-0.94955838056841801,0.63000000000000000,5.78000000000000025
-0.00963848825141874,-0.01401262576963877,0.04051843044748491,0.57003153698671971,-4.74439613120445358,-0.99889518754108853,0.63000000000000000,5.78000000000000025
-0.00958085307730770,-0.01448619716915997,0.04041608531587179,0.58265522413040660,-4.72694831373682423,-1.04796209268544249,0.63000000000000000,5.78000000000000025
-0.00952196056414928,-0.01495799881244455,0.04030884717203736,0.59517818587385707,-4.70900190148998288,-1.09675470909974049,0.63000000000000000,5.78000000000000025
-0.00946182082366949,-0.01542798110869136,0.04019674366007550,0.60759964280908174,-4.69056226962145129,-1.14526874874110685,0.63000000000000000,5.78000000000000025
-0.00940044404424887,-0.01589609500507346,0.04007980284799241,0.61991884118105922,-4.67163480217792770,-1.19350002120084531,0.63000000000000000,5.78000000000000025
-0.00933784048837894,-0.01636229198754408,0.03995805321800495,0.63213505245238477,-4.65222489044680110,-1.24144443246725045,0.63000000000000000,5.78000000000000025
-0.00927402049016219,-0.01682652408148072,0.03983152365696328,0.64424757286882850,-4.63233793136552841,-1.28909798367761952,0.63000000000000000,5.78000000000000025
-0.00920899445285544,-0.01728874385217299,0.03970024344689870,0.65625572302618140,-4.61197932598797955,-1.33645676986110029,0.63000000000000000,5.78000000000000025
-0.00914277284645640,-0.01774890440515993,0.03956424225569768,0.66815884743874798,-4.59115447800680787,-1.38351697867395584,0.63000000000000000,5.78000000000000025
-0.00907536620533336,-0.01820695938642224,0.03942355012790266,0.67995631410982815,-4.56986879233089649,-1.43027488912876088,0.63000000000000000,5.78000000000000025
-0.00900678512589760,-0.01866286298243511,0.03927819747564009,0.69164751410451297,-4.54812767371690096,-1.47672687031898864,0.63000000000000000,5.78000000000000025
-0.00893704026431853,-0.01911656992008676,0.03912821506967634,0.70323186112510261,-4.52593652545388814,-1.52286938014038631,0.63000000000000000,5.78000000000000025
-0.00886614233428105,-0.01956803546646808,0.03897363403060140,0.71470879108943752,-4.50330074810005954,-1.56869896401047981,0.63000000000000000,5.78000000000000025
-0.00879410210478495,-0.02001721542853852,0.03881448582014084,0.72607776171241867,-4.48022573827052906,-1.61421225358749143,0.63000000000000000,5.78000000000000025
-0.00872093039798597,-0.02046406615267323,0.03865080223259570,0.73733825209097670,-4.45671688747511574,-1.65940596548989983,0.63000000000000000,5.78000000000000025
-0.00864663808707822,-0.02090854452409654,0.03848261538641045,0.74848976229273523,-4.43277958100509739,-1.70427690001781329,0.63000000000000000,5.78000000000000025
-0.00857123609421753,-0.02135060796620636,0.03830995771586865,0.75953181294859706,-4.40841919686786188,-1.74882193987727796,0.63000000000000000,5.78000000000000025
-0.00849473538848525,-0.02179021443979451,0.03813286196291595,0.77046394484947067,-4.38364110476839919,-1.79303804890858864,0.63000000000000000,5.78000000000000025
-0.00841714698389231,-0.02222732244216749,0.03795136116911006,0.78128571854733697,-4.35845066513655155,-1.83692227081961579,0.63000000000000000,5.78000000000000025
-0.00833848193742283,-0.02266189100617218,0.03776548866769711,0.79199671396084614,-4.33285322819895491,-1.88047172792511708,0.63000000000000000,5.78000000000000025
-0.00825875134711701,-0.02309387969913090,0.03757527807581364,0.80259652998561903,-4.30685413309458909,-1.92368361989295056,0.63000000000000000,5.78000000000000025
-0.00817796635019266,-0.02352324862169025,0.03738076328681372,0.81308478410941543,-4.28045870703286546,-1.96655522249805736,0.63000000000000000,5.78000000000000025
-0.00809613812120508,-0.02394995840658779,0.03718197846272019,0.82346111203232042,-4.25367226449317570,-2.00908388638503865,0.63000000000000000,5.78000000000000025
-0.00801327787024458,-0.02437397021734065,0.03697895802679912,0.83372516729208701,-4.22650010646482688,-2.05126703584010528,0.63000000000000000,5.78000000000000025
-0.00792939684117120,-0.02479524574686021,0.03677173665625669,0.84387662089476190,-4.19894751972629798,-2.09310216757313183,0.63000000000000000,5.78000000000000025
-0.00784450630988616,-0.02521374721599656,0.03656034927505725,0.85391516095071152,-4.17101977616275210,-2.13458684951051092,0.63000000000000000,5.78000000000000025
-0.00775861758263941,-0.02562943737201661,0.03634483104686155,0.86384049231615312,-4.14272213212074902,-2.17571871959945362,0.63000000000000000,5.78000000000000025
-0.00767174199437267,-0.02604227948701945,0.03612521736808397,0.87365233624028693,-4.11405982779910406,-2.21649548462435142,0.63000000000000000,5.78000000000000025
-0.00758389090709762,-0.02645223735629262,0.03590154386106741,0.88335043001811520,-4.08503808667486012,-2.25691491903576358,0.63000000000000000,5.78000000000000025
-0.00749507570830837,-0.02685927529661263,0.03567384636737471,0.89293452664902373,-4.05566211496332674,-2.29697486379257265,0.63000000000000000,5.78000000000000025
-0.00740530780942791,-0.02726335814449318,0.03544216094119516,0.90240439450119436,-4.02593710111117531,-2.33667322521779797,0.63000000000000000,5.78000000000000025
-0.00731459864428770,-0.02766445125438429,0.03520652384286466,0.91175981698190545,-3.99586821532157144,-2.37600797386853335,0.63000000000000000,5.78000000000000025
-0.00722295966764005,-0.02806252049682549,0.03496697153249827,0.92100059221377240,-3.96546060911034370,-2.41497714342043501,0.63000000000000000,5.78000000000000025
-0.00713040235370251,-0.02845753225655618,0.03472354066373345,0.93012653271696888,-3.93471941489219956,-2.45357882956715612,0.63000000000000000,5.78000000000000025
-0.00703693819473375,-0.02884945343058602,0.03447626807758267,0.93913746509746499,-3.90364974559601130,-2.49181118893509090,0.63000000000000000,5.78000000000000025
-0.00694257869964031,-0.02923825142622829,0.03422519079639380,0.94803322974130844,-3.87225669430820796,-2.52967243801376096,0.63000000000000000,5.78000000000000025
-0.00684733539261363,-0.02962389415909895,0.03397034601791653,0.95681368051497073,-3.84054533394331932,-2.56716085210214651,0.63000000000000000,5.78000000000000025
-0.00675121981179675,-0.03000635005108408,0.03371177110947349,0.96547868447177043,-3.80852071694073890,-2.60427476427123983,0.63000000000000000,5.78000000000000025
-0.00665424350798003,-0.03038558802827825,0.03344950360223422,0.97402812156438268,-3.77618787498677921,-2.64101256434306686,0.63000000000000000,5.78000000000000025
-0.00655641804332536,-0.03076157751889637,0.03318358118559042,0.98246188436343573,-3.74355181876111143,-2.67737269788639809,0.63000000000000000,5.78000000000000025
-0.00645775499011814,-0.03113428845116127,0.03291404170163079,0.99077987778218990,-3.71061753770669700,-2.71335366522934507,0.63000000000000000,5.78000000000000025
-0.00635826592954658,-0.03150369125116953,0.03264092313971376,0.99898201880729010,-3.67738999982233006,-2.74895402048901749,0.63000000000000000,5.78000000000000025
-0.00625796245050755,-0.03186975684073756,0.03236426363113636,1.00706823623557629,-3.64387415147692728,-2.78417237061838385,0.63000000000000000,5.78000000000000025
-0.00615685614843844,-0.03223245663523021,0.03208410144389764,1.01503847041693307,-3.61007491724471663,-2.81900737447046845,0.63000000000000000,5.78000000000000025
-0.00605495862417451,-0.03259176254137393,0.03180047497755464,1.02289267300315156,-3.57599719976049446,-2.85345774187998424,0.63000000000000000,5.78000000000000025
-0.00595228148283099,-0.03294764695505635,0.03151342275816946,1.03063080670277873,-3.54164587959412902,-2.88752223276249076,0.63000000000000000,5.78000000000000025
-0.00584883633270938,-0.03330008275911431,0.03122298343334551,1.03825284504191706,-3.50702581514351186,-2.92119965623113886,0.63000000000000000,5.78000000000000025
-0.00574463478422747,-0.03364904332111206,0.03092919576735111,1.04575877213093937,-3.47214184254517111,-2.95448886973104941,0.63000000000000000,5.78000000000000025
-0.00563968844887227,-0.03399450249111133,0.03063209863632889,1.05314858243707854,-3.43699877560177480,-2.98738877819135640,0.63000000000000000,5.78000000000000025
-0.00553400893817551,-0.03433643459943500,0.03033173102358903,1.06042228056284693,-3.40160140572577330,-3.01989833319492318,0.63000000000000000,5.78000000000000025
-0.00542760786271090,-0.03467481445442593,0.03002813201498468,1.06757988103023815,-3.36595450189843692,-3.05201653216572621,0.63000000000000000,5.78000000000000025
-0.00532049683111276,-0.03500961734020240,0.02972134079436771,1.07462140807066064,-3.33006281064357168,-3.08374241757389056,0.63000000000000000,5.78000000000000025
-0.00521268744911532,-0.03534081901441162,0.02941139663912317,1.08154689542054894,-3.29393105601520109,-3.11507507615833479,0.63000000000000000,5.78000000000000025
-0.00510419131861226,-0.03566839570598269,0.02909833891578047,1.08835638612259800,-3.25756393959852764,-3.14601363816698276,0.63000000000000000,5.78000000000000025
-0.00499502003673572,-0.03599232411288032,0.02878220707569980,1.09504993233255887,-3.22096614052349262,-3.17655727661447296,0.63000000000000000,5.78000000000000025
-0.00488518519495445,-0.03631258139986046,0.02846304065083183,1.10162759513153685,-3.18414231549027837,-3.20670520655729430,0.63000000000000000,5.78000000000000025
-0.00477469837819047,-0.03662914519622907,0.02814087924954904,1.10808944434372747,-3.14709709880610466,-3.23645668438625922,0.63000000000000000,5.78000000000000025
-0.00466357116395358,-0.03694199359360513,0.02781576255254693,1.11443555835952468,-3.10983510243268935,-3.26581100713621186,0.63000000000000000,5.78000000000000025
-0.00455181512149344,-0.03725110514368887,0.02748773030881344,1.12066602396393389,-3.07236091604376149,-3.29476751181286565,0.63000000000000000,5.78000000000000025
-0.00443944181096841,-0.03755645885603623,0.02715682233166482,1.12678093617022101,-3.03467910709202249,-3.32332557473664547,0.63000000000000000,5.78000000000000025
-0.00432646278263086,-0.03785803419584052,0.02682307849484623,1.13278039805872521,-2.99679422088497160,-3.35148461090340710,0.63000000000000000,5.78000000000000025
-0.00421288957602827,-0.03815581108172199,0.02648653872869550,1.13866452062076395,-2.95871078066902715,-3.37924407336189025,0.63000000000000000,5.78000000000000025
-0.00409873371921978,-0.03844976988352629,0.02614724301636823,1.14443342260755543,-2.92043328772138233,-3.40660345260775976,0.63000000000000000,5.78000000000000025
-0.00398400672800753,-0.03873989142013241,0.02580523139012278,1.15008723038408434,-2.88196622144905712,-3.43356227599407804,0.63000000000000000,5.78000000000000025
-0.00386872010518235,-0.03902615695727094,0.02546054392766325,1.15562607778783311,-2.84331403949461681,-3.46012010715803919,0.63000000000000000,5.78000000000000025
-0.00375288533978344,-0.03930854820535311,0.02511322074853911,1.16105010599230285,-2.80448117784804163,-3.48627654546380050,0.63000000000000000,5.78000000000000025
-0.00363651390637131,-0.03958704731731140,0.02476330201059970,1.16635946337524232,-2.76547205096424920,-3.51203122546122293,0.63000000000000000,5.78000000000000025
-0.00351961726431386,-0.03986163688645213,0.02441082790650202,1.17155430539151006,-2.72629105188577814,-3.53738381636034305,0.63000000000000000,5.78000000000000025
-0.00340220685708471,-0.04013229994432054,0.02405583866027039,1.17663479445048536,-2.68694255237016266,-3.56233402152137923,0.63000000000000000,5.78000000000000025
-0.00328429411157382,-0.04039901995857884,0.02369837452390627,1.18160109979794892,-2.64743090302153528,-3.58688157796007578,0.63000000000000000,5.78000000000000025
-0.00316589043740946,-0.04066178083089762,0.02333847577404683,1.18645339740235212,-2.60776043342600783,-3.61102625586818382,0.63000000000000000,5.78000000000000025
-0.00304700722629152,-0.04092056689486091,0.02297618270867064,1.19119186984539227,-2.56793545229039832,-3.63476785814886583,0.63000000000000000,5.78000000000000025
-0.00292765585133545,-0.04117536291388540,0.02261153564384924,1.19581670621680991,-2.52796024758387450,-3.65810621996681729,0.63000000000000000,5.78000000000000025
-0.00280784766642656,-0.04142615407915378,0.02224457491054278,1.20032810201332807,-2.48783908668211051,-3.68104120831288206,0.63000000000000000,5.78000000000000025
-0.00268759400558420,-0.04167292600756272,0.02187534085143866,1.20472625904164721,-2.44757621651354951,-3.70357272158294260,0.63000000000000000,5.78000000000000025
-0.00256690618233544,-0.04191566473968554,0.02150387381783143,1.20901138532541452,-2.40717586370738923,-3.72570068917086195,0.63000000000000000,5.78000000000000025
-0.00244579548909785,-0.04215435673774973,0.02113021416654282,1.21318369501608148,-2.36664223474291369,-3.74742507107524148,0.63000000000000000,5.78000000000000025
-0.00232427319657106,-0.04238898888362948,0.02075440225688031,1.21724340830756783,-2.32597951609980536,-3.76874585751977031,0.63000000000000000,5.78000000000000025
-0.00220235055313660,-0.04261954847685326,0.02037647844763311,1.22119075135464650,-2.28519187440908444,-3.78966306858692459,0.63000000000000000,5.78000000000000025
-0.00208003878426572,-0.04284602323262648,0.01999648309410398,1.22502595619496524,-2.24428345660433370,-3.81017675386478194,0.63000000000000000,5.78000000000000025
-0.00195734909193491,-0.04306840127986938,0.01961445654517585,1.22874926067462109,-2.20325839007287483,-3.83028699210670798,0.63000000000000000,5.78000000000000025
-0.00183429265404857,-0.04328667115926987,0.01923043914041173,1.23236090837720313,-2.16212078280657671,-3.84999389090367261,0.63000000000000000,5.78000000000000025
-0.00171088062386871,-0.04350082182135155,0.01884447120718687,1.23586114855621987,-2.12087472355198470,-3.86929758636895116,0.63000000000000000,5.78000000000000025
-0.00158712412945119,-0.04371084262455662,0.01845659305785173,1.23925023607082596,-2.07952428195946792,-3.88819824283496196,0.63000000000000000,5.78000000000000025
-0.00146303427308822,-0.04391672333334368,0.01806684498692479,1.24252843132476531,-2.03807350873109749,-3.90669605256198960,0.63000000000000000,5.78000000000000025
-0.00133862213075683,-0.04411845411630023,0.01767526726831376,1.24569600020844673,-1.99652643576696898,-3.92479123545854591,0.63000000000000000,5.78000000000000025
-0.00121389875157298,-0.04431602554426971,0.01728190015256436,1.24875321404406670,-1.95488707630970460,-3.94248403881311393,0.63000000000000000,5.78000000000000025
-0.00108887515725100,-0.04450942858849288,0.01688678386413519,1.25170034953369846,-1.91315942508686687,-3.95977473703702065,0.63000000000000000,5.78000000000000025
-0.00096356234156806,-0.04469865461876336,0.01648995859869790,1.25453768871026239,-1.87134745845103523,-3.97666363141818691,0.63000000000000000,5.78000000000000025
-0.00083797126983346,-0.04488369540159702,0.01609146452046137,1.25726551889129468,-1.82945513451729957,-3.99315104988549230,0.63000000000000000,5.78000000000000025
-0.00071211287836230,-0.04506454309841498,0.01569134175951897,1.25988413263543242,-1.78748639329793724,-4.00923734678350385,0.63000000000000000,5.78000000000000025
-0.00058599807395352,-0.04524119026373995,0.01528963040921785,1.26239382770153208,-1.74544515683404788,-4.02492290265730812,0.63000000000000000,5.78000000000000025
-0.00045963773337173,-0.04541362984340555,0.01488637052354920,1.26479490701034059,-1.70333532932392773,-4.04020812404718743,0.63000000000000000,5.78000000000000025
-0.00033304270283290,-0.04558185517277833,0.01448160211455863,1.26708767860863447,-1.66116079724797494,-4.05509344329288535,0.63000000000000000,5.78000000000000025
-0.00020622379749342,-0.04574585997499202,0.01407536514977562,1.26927245563574953,-1.61892542948992668,-4.06957931834719400,0.63000000000000000,5.78000000000000025
-0.00007919180094243,-0.04590563835919383,0.01366769954966111,1.27134955629241686,-1.57663307745423453,-4.08366623259861328,0.63000000000000000,5.78000000000000025
0.00004804253530286,-0.04606118481880216,0.01325864518507250,1.27331930381182623,-1.53428757517939496,-4.09735469470281544,0.63000000000000000,5.78000000000000025
0.00017546849229908,-0.04621249422977554,0.01284824187474494,1.27518202643283662,-1.49189273944705714,-4.11064523842265661,0.63000000000000000,5.78000000000000025
0.00030307538417595,-0.04635956184889221,0.01243652938278830,1.27693805737525401,-1.44945236988674209,-4.12353842247647595,0.63000000000000000,5.78000000000000025
0.00043085255863330,-0.04650238331203994,0.01202354741619886,1.27858773481709687,-1.40697024907601009,-4.13603483039442033,0.63000000000000000,5.78000000000000025
0.00055878939743577,-0.04664095463251566,0.01160933562238500,1.28013140187377106,-1.36445014263592501,-4.14813507038253970,0.63000000000000000,5.78000000000000025
0.00068687531690562,-0.04677527219933439,0.01119393358670605,1.28156940657907503,-1.32189579932166801,-4.15983977519438497,0.63000000000000000,5.78000000000000025
0.00081509976841369,-0.04690533277554693,0.01077738083002372,1.28290210186795917,-1.27931095110816395,-4.17114960200985951,0.63000000000000000,5.78000000000000025
0.00094345223886871,-0.04703113349656596,0.01035971680626519,1.28412984556095933,-1.23669931327058902,-4.18206523232105543,0.63000000000000000,5.78000000000000025
0.00107192225120515,-0.04715267186849986,0.00994098089999730,1.28525300035023049,-1.19406458445963359,-4.19258737182482211,0.63000000000000000,5.78000000000000025
0.00120049936486978,-0.04726994576649375,0.00952121242401124,1.28627193378710181,-1.15141044677140569,-4.20271675032180880,0.63000000000000000,5.78000000000000025
0.00132917317630696,-0.04738295343307738,0.00910045061691689,1.28718701827107829,-1.10874056581186364,-4.21245412162172084,0.63000000000000000,5.78000000000000025
0.00145793331944302,-0.04749169347651904,0.00867873464074643,1.28799863104021473,-1.06605859075567544,-4.22180026345453374,0.63000000000000000,5.78000000000000025
0.00158676946616968,-0.04759616486918517,0.00825610357856653,1.28870715416278503,-1.02336815439940598,-4.23075597738741305,0.63000000000000000,5.78000000000000025
0.00171567132682667,-0.04769636694590497,0.00783259643209853,1.28931297453017479,-0.98067287320894514,-4.23932208874707861,0.63000000000000000,5.78000000000000025
0.00184462865068379,-0.04779229940233944,0.00740825211934616,1.28981648385092185,-0.93797634736109159,-4.24749944654736566,0.63000000000000000,5.78000000000000025
0.00197363122642234,-0.04788396229335431,0.00698310947223025,1.29021807864583327,-0.89528216077921530,-4.25528892342171972,0.63000000000000000,5.78000000000000025
0.00210266888261612,-0.04797135603139626,0.00655720723422993,1.29051816024410448,-0.85259388116292867,-4.26269141556038456,0.63000000000000000,5.78000000000000025
0.00223173148821218,-0.04805448138487173,0.00613058405802993,1.29071713478037120,-0.80991506001170188,-4.26970784265202408,0.63000000000000000,5.78000000000000025
0.00236080895301118,-0.04813333947652788,0.00570327850317345,1.29081541319261972,-0.76724923264236455,-4.27633914782953006,0.63000000000000000,5.78000000000000025
0.00248989122814773,-0.04820793178183489,0.00527532903372032,1.29081341122088844,-0.72459991820044123,-4.28258629761976639,0.63000000000000000,5.78000000000000025
0.00261896830657048,-0.04827826012736919,0.00484677401590991,1.29071154940668675,-0.68197061966527617,-4.28845028189700184,0.63000000000000000,5.78000000000000025
0.00274803022352233,-0.04834432668919680,0.00441765171582864,1.29051025309306522,-0.63936482384890625,-4.29393211383978635,0.63000000000000000,5.78000000000000025
0.00287706705702057,-0.04840613399125630,0.00398800029708151,1.29020995242526637,-0.59678600138864957,-4.29903282989102387,0.63000000000000000,5.78000000000000025
0.00300606892833718,-0.04846368490374071,0.00355785781846758,1.28981108235188890,-0.55423760673338085,-4.30375348972099836,0.63000000000000000,5.78000000000000025
0.00313502600247924,-0.04851698264147775,0.00312726223165894,1.28931408262649683,-0.51172307812347251,-4.30809517619311233,0.63000000000000000,5.78000000000000025
0.00326392848866950,-0.04856603076230761,0.00269625137888302,1.28871939780960787,-0.46924583756438443,-4.31205899533209269,0.63000000000000000,5.78000000000000025
0.00339276664082722,-0.04861083316545799,0.00226486299060796,1.28802747727099520,-0.42680929079389274,-4.31564607629443042,0.63000000000000000,5.78000000000000025
0.00352153075804919,-0.04865139408991538,0.00183313468323080,1.28723877519223517,-0.38441682724295206,-4.31885757134081416,0.63000000000000000,5.78000000000000025
0.00365021118509106,-0.04868771811279213,0.00140110395676842,1.28635375056943890,-0.34207181999019265,-4.32169465581031798,0.63000000000000000,5.78000000000000025
0.00377879831284897,-0.04871981014768870,0.00096880819255084,1.28537286721610200,-0.29977762571005834,-4.32415852809611945,0.63000000000000000,5.78000000000000025
0.00390728257884135,-0.04874767544305042,0.00053628465091707,1.28429659376601069,-0.25753758461459769,-4.32625040962250207,0.63000000000000000,5.78000000000000025
0.00403565446769118,-0.04877131958051801,0.00010357046891302,1.28312540367613970,-0.21535502038892537,-4.32797154482292612,0.63000000000000000,5.78000000000000025
0.00416390451160840,-0.04879074847327144,-0.00032929734200832,1.28185977522948313,-0.17323324012037652,-4.32932320111892732,0.63000000000000000,5.78000000000000025
0.00429202329087267,-0.04880596836436635,-0.00076228189828463,1.28050019153775474,-0.13117553422138251,-4.33030666889962745,0.63000000000000000,5.78000000000000025
0.00442000143431636,-0.04881698582506241,-0.00119534644654009,1.27904714054389923,-0.08918517634610124,-4.33092326150162332,0.63000000000000000,5.78000000000000025
0.00454782961980780,-0.04882380775314310,-0.00162845436587904,1.27750111502435493,-0.04726542330084096,-4.33117431518904272,0.63000000000000000,5.78000000000000025
0.00467549857473470,-0.04882644137122616,-0.00206156917017781,1.27586261259100864,-0.00541951494832123,-4.33106118913353733,0.63000000000000000,5.78000000000000025
0.00480299907648781,-0.04882489422506421,-0.00249465451037440,1.27413213569278572,0.03634932589417973,-4.33058526539400201,0.63000000000000000,5.78000000000000025
0.00493032195294469,-0.04881917418183487,-0.00292767417675621,1.27231019161681913,0.07803789356273716,-4.32974794889580483,0.63000000000000000,5.78000000000000025
0.00505745808295354,-0.04880928942841974,-0.00336059210124563,1.27039729248913980,0.11964299966069220,-4.32855066740931171,0.63000000000000000,5.78000000000000025
0.00518439839681712,-0.04879524846967176,-0.00379337235968337,1.26839395527483556,0.16116147317850046,-4.32699487152750173,0.63000000000000000,5.78000000000000025
0.00531113387677662,-0.04877706012667026,-0.00422597917410962,1.26630070177762333,0.20259016061944754,-4.32508203464246321,0.63000000000000000,5.78000000000000025
0.00543765555749553,-0.04875473353496315,-0.00465837691504270,1.26411805863878035,0.24392592613115735,-4.32281365292056030,0.63000000000000000,5.78000000000000025
0.00556395452654323,-0.04872827814279566,-0.00509053010375518,1.26184655733538520,0.28516565164281454,-4.32019124527608156,0.63000000000000000,5.78000000000000025
0.00569002192487853,-0.04869770370932509,-0.00552240341454732,1.25948673417781420,0.32630623700801753,-4.31721635334315934,0.63000000000000000,5.78000000000000025
0.00581584894733280,-0.04866302030282100,-0.00595396167701750,1.25703913030644521,0.36734460015317305,-4.31389054144576978,0.63000000000000000,5.78000000000000025
0.00594142684309278,-0.04862423829885029,-0.00638516987832971,1.25450429168751776,0.40827767723134012,-4.31021539656561981,0.63000000000000000,5.78000000000000025
0.00606674691618290,-0.04858136837844661,-0.00681599316547753,1.25188276910810292,0.44910242278142548,-4.30619252830773380,0.63000000000000000,5.78000000000000025
0.00619180052594713,-0.04853442152626358,-0.00724639684754471,1.24917511817013471,0.48981580989262768,-4.30182356886354622,0.63000000000000000,5.78000000000000025
0.00631657908753007,-0.04848340902871134,-0.00767634639796181,1.24638189928345677,0.53041483037402437,-4.29711017297132702,0.63000000000000000,5.78000000000000025
0.00644107407235737,-0.04842834247207592,-0.00810580745675882,1.24350367765783965,0.57089649492919070,-4.29205401787375163,0.63000000000000000,5.78000000000000025
0.00656527700861528,-0.04836923374062074,-0.00853474583281332,1.24054102329392490,0.61125783333573402,-4.28665680327244214,0.63000000000000000,5.78000000000000025
0.00668917948172926,-0.04830609501467015,-0.00896312750609400,1.23749451097305241,0.65149589462962521,-4.28092025127930942,0.63000000000000000,5.78000000000000025
0.00681277313484144,-0.04823893876867409,-0.00939091862989909,1.23436472024592980,0.69160774729420260,-4.27484610636451912,0.63000000000000000,5.78000000000000025
0.00693604966928700,-0.04816777776925379,-0.00981808553308945,1.23115223542010255,0.73159047945372058,-4.26843613530092636,0.63000000000000000,5.78000000000000025
0.00705900084506913,-0.04809262507322774,-0.01024459472231592,1.22785764554618693,0.77144119907131081,-4.26169212710481027,0.63000000000000000,5.78000000000000025
0.00718161848133262,-0.04801349402561780,-0.01067041288424051,1.22448154440282519,0.81115703415122042,-4.25461589297275022,0.63000000000000000,5.78000000000000025
0.00730389445683584,-0.04793039825763473,-0.01109550688775113,1.22102453048032822,0.85073513294518688,-4.24720926621449202,0.63000000000000000,5.78000000000000025
0.00742582071042107,-0.04784335168464302,-0.01151984378616937,1.21748720696296875,0.89017266416280649,-4.23947410218165555,0.63000000000000000,5.78000000000000025
0.00754738924148290,-0.04775236850410439,-0.01194339081945095,1.21387018170989047,0.92946681718574820,-4.23141227819213217,0.63000000000000000,5.78000000000000025
0.00766859211043473,-0.04765746319349972,-0.01236611541637836,1.21017406723460019,0.96861480228566288,-4.22302569345003675,0.63000000000000000,5.78000000000000025
0.00778942143917313,-0.04755865050822902,-0.01278798519674531,1.20639948068301073,1.00761385084563249,-4.21431626896107137,0.63000000000000000,5.78000000000000025
0.00790986941153992,-0.04745594547948907,-0.01320896797353247,1.20254704381000366,1.04646121558500238,-4.20528594744317274,0.63000000000000000,5.78000000000000025
0.00802992827378179,-0.04734936341212840,-0.01362903175507400,1.19861738295448372,1.08515417078743392,-4.19593669323230767,0.63000000000000000,5.78000000000000025
0.00814959033500747,-0.04723891988247934,-0.01404814474721446,1.19461112901289490,1.12369001253201484,-4.18627049218329983,0.63000000000000000,5.78000000000000025
0.00826884796764200,-0.04712463073616682,-0.01446627535545548,1.19052891741117328,1.16206605892725756,-4.17628935156556214,0.63000000000000000,5.78000000000000025
0.00838769360787831,-0.04700651208589358,-0.01488339218709186,1.18637138807510989,1.20027965034781681,-4.16599529995362339,0.63000000000000000,5.78000000000000025
0.00850611975612557,-0.04688458030920164,-0.01529946405333632,1.18213918539910101,1.23832814967375171,-4.15539038711233832,0.63000000000000000,5.78000000000000025
0.00862411897745447,-0.04675885204620966,-0.01571445997143261,1.17783295821326206,1.27620894253215611,-4.14447668387667267,0.63000000000000000,5.78000000000000025
0.00874168390203907,-0.04662934419732612,-0.01612834916675627,1.17345335974888498,1.31391943754097862,-4.13325628202596729,0.63000000000000000,5.78000000000000025
0.00885880722559509,-0.04649607392093790,-0.01654110107490253,1.16900104760221901,1.35145706655485043,-4.12173129415258099,0.63000000000000000,5.78000000000000025
0.00897548170981459,-0.04635905863107430,-0.01695268534376082,1.16447668369655655,1.38881928491273676,-4.10990385352482690,0.63000000000000000,5.78000000000000025
0.00909170018279665,-0.04621831599504610,-0.01736307183557529,1.15988093424260730,1.42600357168722569,-4.09777611394410890,0.63000000000000000,5.78000000000000025
0.00920745553947406,-0.04607386393105970,-0.01777223062899069,1.15521446969714603,1.46300742993526511,-4.08535024959618553,0.63000000000000000,5.78000000000000025
0.00932274074203582,-0.04592572060580612,-0.01818013202108315,1.15047796471991925,1.49982838695015896,-4.07262845489648129,0.63000000000000000,5.78000000000000025
0.00943754882034519,-0.04577390443202466,-0.01858674652937517,1.14567209812879933,1.53646399451462812,-4.05961294432937692,0.63000000000000000,5.78000000000000025
0.00955187287235318,-0.04561843406604131,-0.01899204489383419,1.14079755285317375,1.57291182915474237,-4.04630595228141399,0.63000000000000000,5.78000000000000025
0.00966570606450732,-0.04545932840528169,-0.01939599807885423,1.13585501588556292,1.60916949239452789,-4.03270973286835588,0.63000000000000000,5.78000000000000025
0.00977904163215546,-0.04529660658575847,-0.01979857727521994,1.13084517823145592,1.64523461101105162,-4.01882655975604397,0.63000000000000000,5.78000000000000025
0.00989187287994449,-0.04513028797953335,-0.02019975390205233,1.12576873485735951,1.68110483728978499,-4.00465872597501260,0.63000000000000000,5.78000000000000025
0.01000419318221376,-0.04496039219215339,-0.02059949960873575,1.12062638463705544,1.71677784928004540,-3.99020854372880818,0.63000000000000000,5.78000000000000025
0.01011599598338307,-0.04478693906006191,-0.02099778627682532,1.11541883029606326,1.75225135105031504,-3.97547834419598356,0.63000000000000000,5.78000000000000025
0.01022727479833497,-0.04460994864798379,-0.02139458602193429,1.11014677835430597,1.78752307294323454,-3.96047047732572954,0.63000000000000000,5.78000000000000025
0.01033802321279127,-0.04442944124628532,-0.02178987119560061,1.10481093906697936,1.82259077183006846,-3.94518731162711989,0.63000000000000000,5.78000000000000025
0.01044823488368352,-0.04424543736830867,-0.02218361438713209,1.09941202636362667,1.85745223136443882,-3.92963123395195080,0.63000000000000000,5.78000000000000025
0.01055790353951735,-0.04405795774768100,-0.02257578842542958,1.09395075778542106,1.89210526223512354,-3.91380464927115534,0.63000000000000000,5.78000000000000025
0.01066702298073042,-0.04386702333559831,-0.02296636638078743,1.08842785442066070,1.92654770241771400,-3.89770998044478789,0.63000000000000000,5.78000000000000025
0.01077558708004378,-0.04367265529808430,-0.02335532156667061,1.08284404083848274,1.96077741742492750,-3.88134966798557324,0.63000000000000000,5.78000000000000025
0.01088358978280665,-0.04347487501322416,-0.02374262754146791,1.07720004502080458,1.99479230055537093,-3.86472616981601957,0.63000000000000000,5.78000000000000025
0.01099102510733415,-0.04327370406837362,-0.02412825811022050,1.07149659829249999,2.02859027314055007,-3.84784196101910814,0.63000000000000000,5.78000000000000025
0.01109788714523808,-0.04306916425734338,-0.02451218732632524,1.06573443524982303,2.06216928478992001,-3.83069953358256932,0.63000000000000000,5.78000000000000025
0.01120417006175038,-0.04286127757755921,-0.02489438949321210,1.05991429368709045,2.09552731363377598,-3.81330139613676433,0.63000000000000000,5.78000000000000025
0.01130986809603920,-0.04265006622719773,-0.02527483916599508,1.05403691452163772,2.12866236656377694,-3.79565007368620000,0.63000000000000000,5.78000000000000025
0.01141497556151739,-0.04243555260229842,-0.02565351115309589,1.04810304171706314,2.16157247947090347,-3.77774810733470412,0.63000000000000000,5.78000000000000025
0.01151948684614320,-0.04221775929385189,-0.02603038051783991,1.04211342220477743,2.19425571748064741,-3.75959805400429836,0.63000000000000000,5.78000000000000025
0.01162339641271310,-0.04199670908486479,-0.02640542258002368,1.03606880580387828,2.22671017518523229,-3.74120248614781126,0.63000000000000000,5.78000000000000025
0.01172669879914643,-0.04177242494740162,-0.02677861291745336,1.02996994513936735,2.25893397687266839,-3.72256399145527928,0.63000000000000000,5.78000000000000025
0.01182938861876187,-0.04154493003960392,-0.02714992736745351,1.02381759555873386,2.29092527675244151,-3.70368517255418483,0.63000000000000000,5.78000000000000025
0.01193146056054545,-0.04131424770268689,-0.02751934202834558,1.01761251504692574,2.32268225917764148,-3.68456864670359696,0.63000000000000000,5.78000000000000025
0.01203290938940993,-0.04108040145791417,-0.02788683326089555,1.01135546413973398,2.35420313886333776,-3.66521704548227101,0.63000000000000000,5.78000000000000025
0.01213372994644556,-0.04084341500355080,-0.02825237768973004,1.00504720583561502,2.38548616110100831,-3.64563301447078203,0.63000000000000000,5.78000000000000025
0.01223391714916180,-0.04060331221179510,-0.02861595220472033,0.99868850550597899,2.41652960196883226,-3.62581921292776599,0.63000000000000000,5.78000000000000025
0.01233346599172015,-0.04036011712568963,-0.02897753396233380,0.99228013080397159,2.44733176853765988,-3.60577831346034561,0.63000000000000000,5.78000000000000025
0.01243237154515762,-0.04011385395601181,-0.02933710038695197,0.98582285157178118,2.47789099907247223,-3.58551300168883280,0.63000000000000000,5.78000000000000025
0.01253062895760098,-0.03986454707814465,-0.02969462917215491,0.97931743974650054,2.50820566322915139,-3.56502597590579162,0.63000000000000000,5.78000000000000025
0.01262823345447149,-0.03961222102892800,-0.03005009828197112,0.97276466926457705,2.53827416224637892,-3.54431994672956385,0.63000000000000000,5.78000000000000025
0.01272518033867999,-0.03935690050349090,-0.03040348595209260,0.96616531596488475,2.56809492913248638,-3.52339763675235229,0.63000000000000000,5.78000000000000025
0.01282146499081222,-0.03909861035206548,-0.03075477069105439,0.95952015749045361,2.59766642884708476,-3.50226178018297496,0.63000000000000000,5.78000000000000025
0.01291708286930430,-0.03883737557678298,-0.03110393128137815,0.95282997318889251,2.62698715847730169,-3.48091512248439416,0.63000000000000000,5.78000000000000025
0.01301202951060816,-0.03857322132845242,-0.03145094678067926,0.94609554401154361,2.65605564740845868,-3.45936042000614075,0.63000000000000000,5.78000000000000025
0.01310630052934677,-0.03830617290332247,-0.03179579652273690,0.93931765241140674,2.68487045748902720,-3.43760043961175343,0.63000000000000000,5.78000000000000025
0.01319989161845920,-0.03803625573982716,-0.03213846011852656,0.93249708223987371,2.71343018318969920,-3.41563795830135719,0.63000000000000000,5.78000000000000025
0.01329279854933525,-0.03776349541531593,-0.03247891745721469,0.92563461864231389,2.74173345175642025,-3.39347576282951202,0.63000000000000000,5.78000000000000025
0.01338501717193953,-0.03748791764276871,-0.03281714870711482,0.91873104795255334,2.76977892335723030,-3.37111664931846500,0.63000000000000000,5.78000000000000025
0.01347654341492504,-0.03720954826749664,-0.03315313431660480,0.91178715758629025,2.79756529122276554,-3.34856342286694497,0.63000000000000000,5.78000000000000025
0.01356737328573597,-0.03692841326382908,-0.03348685501500472,0.90480373593349139,2.82509128178027646,-3.32581889715464296,0.63000000000000000,5.78000000000000025
0.01365750287069968,-0.03664453873178748,-0.03381829181341504,0.89778157224981436,2.85235565478102160,-3.30288589404252342,0.63000000000000000,5.78000000000000025
0.01374692833510784,-0.03635795089374688,-0.03414742600551461,0.89072145654710211,2.87935720342090340,-3.27976724316911961,0.63000000000000000,5.78000000000000025
0.01383564592328651,-0.03606867609108579,-0.03447423916831800,0.88362417948299621,2.90609475445421594,-3.25646578154296584,0.63000000000000000,5.78000000000000025
0.01392365195865516,-0.03577674078082485,-0.03479871316289204,0.87649053224971807,2.93256716830037512,-3.23298435313132515,0.63000000000000000,5.78000000000000025
0.01401094284377456,-0.03548217153225533,-0.03512083013503094,0.86932130646206496,2.95877333914351537,-3.20932580844537441,0.63000000000000000,5.78000000000000025
0.01409751506038341,-0.03518499502355798,-0.03544057251588983,0.86211729404467163,2.98471219502483187,-3.18549300412201353,0.63000000000000000,5.78000000000000025
0.01418336516942362,-0.03488523803841300,-0.03575792302257624,0.85487928711858752,3.01038269792755919,-3.16148880250246389,0.63000000000000000,5.78000000000000025
0.01426848981105427,-0.03458292746260191,-0.03607286465869940,0.84760807788721981,3.03578384385448130,-3.13731607120783096,0.63000000000000000,5.78000000000000025
0.01435288570465415,-0.03427809028060203,-0.03638538071487683,0.84030445852169477,3.06091466289786895,-3.11297768271180475,0.63000000000000000,5.78000000000000025
0.01443654964881273,-0.03397075357217434,-0.03669545476919815,0.83296922104568871,3.08577421930175344,-3.08847651391067313,0.63000000000000000,5.78000000000000025
0.01451947852130967,-0.03366094450894554,-0.03700307068764572,0.82560315721978139,3.11036161151644031,-3.06381544569083264,0.63000000000000000,5.78000000000000025
0.01460166927908269,-0.03334869035098498,-0.03730821262447196,0.81820705842538544,3.13467597224518313,-3.03899736249397501,0.63000000000000000,5.78000000000000025
0.01468311895818386,-0.03303401844337743,-0.03761086502253300,0.81078171554830514,3.15871646848293786,-3.01402515188013576,0.63000000000000000,5.78000000000000025
0.01476382467372416,-0.03271695621279223,-0.03791101261357861,0.80332791886197841,3.18248230154711909,-2.98890170408879374,0.63000000000000000,5.78000000000000025
0.01484378361980644,-0.03239753116404989,-0.03820864041849815,0.79584645791045661,3.20597270710029747,-2.96362991159820721,0.63000000000000000,5.78000000000000025
0.01492299306944659,-0.03207577087668676,-0.03850373374752231,0.78833812139117698,3.22918695516476806,-2.93821266868318043,0.63000000000000000,5.78000000000000025
0.01500145037448304,-0.03175170300151869,-0.03879627820038061,0.78080369703758223,3.25212435012894074,-2.91265287097145142,0.63000000000000000,5.78000000000000025
0.01507915296547446,-0.03142535525720440,-0.03908625966641446,0.77324397150164326,3.27478423074549418,-2.88695341499889491,0.63000000000000000,5.78000000000000025
0.01515609835158573,-0.03109675542680953,-0.03937366432464570,0.76565973023633893,3.29716597012125590,-2.86111719776373707,0.63000000000000000,5.78000000000000025
0.01523228412046221,-0.03076593135437207,-0.03965847864380050,0.75805175737815045,3.31926897569876100,-2.83514711627997773,0.63000000000000000,5.78000000000000025
0.01530770793809217,-0.03043291094147004,-0.03994068938228858,0.75042083562962358,3.34109268922946390,-2.80904606713021643,0.63000000000000000,5.78000000000000025
0.01538236754865756,-0.03009772214379230,-0.04022028358813771,0.74276774614205632,3.36263658673857080,-2.78281694601808249,0.63000000000000000,5.78000000000000025
0.01545626077437302,-0.02976039296771328,-0.04049724859888344,0.73509326839836597,3.38390017848147240,-2.75646264732046697,0.63000000000000000,5.78000000000000025
0.01552938551531317,-0.02942095146687252,-0.04077157204141398,0.72739818009619206,3.40488300889176276,-2.72998606363975593,0.63000000000000000,5.78000000000000025
0.01560173974922829,-0.02907942573875973,-0.04104324183177041,0.71968325703128977,3.42558465652083211,-2.70339008535626268,0.63000000000000000,5.78000000000000025
0.01567332153134829,-0.02873584392130644,-0.04131224617490212,0.71194927298126987,3.44600473396903162,-2.67667760018106282,0.63000000000000000,5.78000000000000025
0.01574412899417510,-0.02839023418948491,-0.04157857356437753,0.70419699958973903,3.46614288780841084,-2.64985149270942744,0.63000000000000000,5.78000000000000025
0.01581416034726351,-0.02804262475191509,-0.04184221278205021,0.69642720625089594,3.48599879849703820,-2.62291464397505525,0.63000000000000000,5.78000000000000025
0.01588341387699045,-0.02769304384748077,-0.04210315289768048,0.68864065999463742,3.50557218028491491,-2.59586993100530394,0.63000000000000000,5.78000000000000025
0.01595188794631288,-0.02734151974195531,-0.04236138326851262,0.68083812537222821,3.52486278111150408,-2.56872022637761566,0.63000000000000000,5.78000000000000025
0.01601958099451421,-0.02698808072463830,-0.04261689353880770,0.67302036434258838,3.54387038249489983,-2.54146839777733735,0.63000000000000000,5.78000000000000025
0.01608649153693940,-0.02663275510500348,-0.04286967363933237,0.66518813615925154,3.56259479941266921,-2.51411730755713014,0.63000000000000000,5.78000000000000025
0.01615261816471883,-0.02627557120935914,-0.04311971378680361,0.65734219725804599,3.58103588017439911,-2.48666981229816475,0.63000000000000000,5.78000000000000025
0.01621795954448089,-0.02591655737752163,-0.04336700448328973,0.64948330114555108,3.59919350628599721,-2.45912876237329492,0.63000000000000000,5.78000000000000025
0.01628251441805360,-0.02555574195950288,-0.04361153651556780,0.64161219828838101,3.61706759230578889,-2.43149700151240289,0.63000000000000000,5.78000000000000025
0.01634628160215502,-0.02519315331221263,-0.04385330095443771,0.63372963600334553,3.63465808569246862,-2.40377736637010964,0.63000000000000000,5.78000000000000025
0.01640925998807288,-0.02482881979617639,-0.04409228915399312,0.62583635834853923,3.65196496664496051,-2.37597268609603374,0.63000000000000000,5.78000000000000025
0.01647144854133328,-0.02446276977226975,-0.04432849275084961,0.61793310601540752,3.66898824793425637,-2.34808578190779160,0.63000000000000000,5.78000000000000025
0.01653284630135867,-0.02409503159846988,-0.04456190366333022,0.61002061622183945,3.68572797472729796,-2.32011946666692204,0.63000000000000000,5.78000000000000025
0.01659345238111519,-0.02372563362662512,-0.04479251409060881,0.60209962260633410,3.70218422440298056,-2.29207654445791675,0.63000000000000000,5.78000000000000025
0.01665326596674951,-0.02335460419924325,-0.04502031651181140,0.59417085512328816,3.71835710636035577,-2.26395981017053982,0.63000000000000000,5.78000000000000025
0.01671228631721520,-0.02298197164629944,-0.04524530368507599,0.58623503993945136,3.73424676181912263,-2.23577204908561189,0.63000000000000000,5.78000000000000025
0.01677051276388886,-0.02260776428206446,-0.04546746864657109,0.57829289933159456,3.74985336361248978,-2.20751603646443773,0.63000000000000000,5.78000000000000025
0.01682794471017604,-0.02223201040195397,-0.04568680470947338,0.57034515158543464,3.76517711597251248,-2.17919453714204359,0.63000000000000000,5.78000000000000025
0.01688458163110718,-0.02185473827939974,-0.04590330546290496,0.56239251089586095,3.78021825430799607,-2.15081030512440075,0.63000000000000000,5.78000000000000025
0.01694042307292352,-0.02147597616274332,-0.04611696477083042,0.55443568726850412,3.79497704497507726,-2.12236608318979902,0.63000000000000000,5.78000000000000025
0.01699546865265337,-0.02109575227215314,-0.04632777677091438,0.54647538642269022,3.80945378504058363,-2.09386460249453021,0.63000000000000000,5.78000000000000025
0.01704971805767866,-0.02071409479656551,-0.04653573587333968,0.53851230969581920,3.82364880203829305,-2.06530858218304747,0.63000000000000000,5.78000000000000025
0.01710317104529204,-0.02033103189065045,-0.04674083675958698,0.53054715394920837,3.83756245371820315,-2.03670072900275256,0.63000000000000000,5.78000000000000025
0.01715582744224463,-0.01994659167180288,-0.04694307438117595,0.52258061147543777,3.85119512778893736,-2.00804373692356597,0.63000000000000000,5.78000000000000025
0.01720768714428455,-0.01956080221715989,-0.04714244395836870,0.51461336990723539,3.86454724165340968,-1.97934028676242901,0.63000000000000000,5.78000000000000025
0.01725875011568647,-0.01917369156064484,-0.04733894097883595,0.50664611212793775,3.87761924213787790,-1.95059304581288284,0.63000000000000000,5.78000000000000025
0.01730901638877225,-0.01878528769003884,-0.04753256119628633,0.49867951618356049,3.89041160521452012,-1.92180466747986656,0.63000000000000000,5.78000000000000025
0.01735848606342290,-0.01839561854408027,-0.04772330062905954,0.49071425519651268,3.90292483571766891,-1.89297779091987262,0.63000000000000000,5.78000000000000025
0.01740715930658193,-0.01800471200959303,-0.04791115555868374,0.48275099728098697,3.91515946705384410,-1.86411504068659206,0.63000000000000000,5.78000000000000025
0.01745503635175042,-0.01761259591864406,-0.04809612252839771,0.47479040546005657,3.92711606090572607,-1.83521902638218015,0.63000000000000000,5.78000000000000025
0.01750211749847381,-0.01721929804573080,-0.04827819834163861,0.46683313758450895,3.93879520693021945,-1.80629234231426716,0.63000000000000000,5.78000000000000025
0.01754840311182068,-0.01682484610499905,-0.04845738006049554,0.45887984625344475,3.95019752245075129,-1.77733756715883606,0.63000000000000000,5.78000000000000025
0.01759389362185369,-0.01642926774749202,-0.04863366500412978,0.45093117873666877,3.96132365214396209,-1.74835726362908406,0.63000000000000000,5.78000000000000025
0.01763858952309286,-0.01603259055843082,-0.04880705074716224,0.44298777689889968,3.97217426772093818,-1.71935397815037794,0.63000000000000000,5.78000000000000025
0.01768249137397134,-0.01563484205452722,-0.04897753511802866,0.43505027712582200,3.98275006760314776,-1.69033024054141534,0.63000000000000000,5.78000000000000025
0.01772559979628388,-0.01523604968132902,-0.04914511619730327,0.42711931025200467,3.99305177659323851,-1.66128856370169142,0.63000000000000000,5.78000000000000025
0.01776791547462821,-0.01483624081059861,-0.04930979231599149,0.41919550149070739,4.00308014554085911,-1.63223144330537107,0.63000000000000000,5.78000000000000025
0.01780943915583944,-0.01443544273772515,-0.04947156205379242,0.41127947036559553,4.01283595100366952,-1.60316135750166255,0.63000000000000000,5.78000000000000025
0.01785017164841782,-0.01403368267917095,-0.04963042423733154,0.40337183064438326,4.02231999490370296,-1.57408076662177887,0.63000000000000000,5.78000000000000025
0.01789011382194987,-0.01363098776995238,-0.04978637793836464,0.39547319027442207,4.03153310417925415,-1.54499211289257454,0.63000000000000000,5.78000000000000025
0.01792926660652322,-0.01322738506115583,-0.04993942247195325,0.38758415132025198,4.04047613043245413,-1.51589782015693664,0.63000000000000000,5.78000000000000025
0.01796763099213530,-0.01282290151748913,-0.05008955739461265,0.37970530990313006,4.04914994957271190,-1.48680029360100563,0.63000000000000000,5.78000000000000025
0.01800520802809602,-0.01241756401486880,-0.05023678250243275,0.37183725614255064,4.05755546145618773,-1.45770191948829675,0.63000000000000000,5.78000000000000025
0.01804199882242483,-0.01201139933804359,-0.05038109782917288,0.36398057409976942,4.06569358952147475,-1.42860506490078820,0.63000000000000000,5.78000000000000025
0.01807800454124208,-0.01160443417825457,-0.05052250364433095,0.35613584172334262,4.07356528042166488,-1.39951207748703688,0.63000000000000000,5.78000000000000025
0.01811322640815519,-0.01119669513093224,-0.05066100045118786,0.34830363079669135,4.08117150365297210,-1.37042528521737861,0.63000000000000000,5.78000000000000025
0.01814766570363951,-0.01078820869343092,-0.05079658898482767,0.34048450688769932,4.08851325118008546,-1.34134699614626385,0.63000000000000000,5.78000000000000025
0.01818132376441441,-0.01037900126280077,-0.05092927021013446,0.33267902930035143,4.09559153705843748,-1.31227949818177625,0.63000000000000000,5.78000000000000025
0.01821420198281451,-0.00996909913359771,-0.05105904531976647,0.32488775102841871,4.10240739705355484,-1.28322505886237637,0.63000000000000000,5.78000000000000025
0.01824630180615645,-0.00955852849573157,-0.05118591573210828,0.31711121871119474,4.10896188825767439,-1.25418592514090754,0.63000000000000000,5.78000000000000025
0.01827762473610131,-0.00914731543235269,-0.05130988308920174,0.30934997259128633,4.11525608870380122,-1.22516432317589730,0.63000000000000000,5.78000000000000025
0.01830817232801291,-0.00873548591777724,-0.05143094925465642,0.30160454647446050,4.12129109697738283,-1.19616245813018129,0.63000000000000000,5.78000000000000025
0.01833794619031221,-0.00832306581545149,-0.05154911631154029,0.29387546769154910,4.12706803182577797,-1.16718251397687456,0.63000000000000000,5.78000000000000025
0.01836694798382800,-0.00791008087595522,-0.05166438656025131,0.28616325706240942,4.13258803176569955,-1.13822665331270856,0.63000000000000000,5.78000000000000025
0.01839517942114408,-0.00749655673504451,-0.05177676251637080,0.27846842886194018,4.13785225468880125,-1.10929701717874751,0.63000000000000000,5.78000000000000025
0.01842264226594314,-0.00708251891173402,-0.05188624690849921,0.27079149078814929,4.14286187746558898,-1.08039572488849456,0.63000000000000000,5.78000000000000025
0.01844933833234760,-0.00666799280641897,-0.05199284267607510,0.26313294393226910,4.14761809554783056,-1.05152487386339311,0.63000000000000000,5.78000000000000025
0.01847526948425746,-0.00625300369903697,-0.05209655296717795,0.25549328275091415,4.15212212256963564,-1.02268653947572385,0.63000000000000000,5.78000000000000025
0.01850043763468561,-0.00583757674726975,-0.05219738113631579,0.24787299504027460,4.15637518994737754,-0.99388277489889376,0.63000000000000000,5.78000000000000025
0.01852484474509051,-0.00542173698478502,-0.05229533074219805,0.24027256191233781,4.16037854647863625,-0.96511561096511045,0.63000000000000000,5.78000000000000025
0.01854849282470668,-0.00500550931951839,-0.05239040554549469,0.23269245777312900,4.16413345794032441,-0.93638705603042849,0.63000000000000000,5.78000000000000025
0.01857138392987316,-0.00458891853199559,-0.05248260950658210,0.22513315030296144,4.16764120668616833,-0.90769909584715192,0.63000000000000000,5.78000000000000025
0.01859352016335995,-0.00417198927369493,-0.05257194678327668,0.21759510043868482,4.17090309124371128,-0.87905369344357331,0.63000000000000000,5.78000000000000025
0.01861490367369290,-0.00375474606545008,-0.05265842172855673,0.21007876235791995,4.17392042591101031,-0.85045278901102361,0.63000000000000000,5.78000000000000025
0.01863553665447710,-0.00333721329589319,-0.05274203888827340,0.20258458346526645,4.17669454035318033,-0.82189829979820617,0.63000000000000000,5.78000000000000025
0.01865542134371891,-0.00291941521993834,-0.05282280299885145,0.19511300438046983,4.17922677919895857,-0.79339212001278114,0.63000000000000000,5.78000000000000025
0.01867456002314704,-0.00250137595730538,-0.05290071898498050,0.18766445892853220,4.18151850163744143,-0.76493612073016526,0.63000000000000000,5.78000000000000025
0.01869295501753261,-0.00208311949108401,-0.05297579195729760,0.18023937413175115,4.18357108101515873,-0.73653214980950665,0.63000000000000000,5.78000000000000025
0.01871060869400857,-0.00166466966633818,-0.05304802721006165,0.17283817020366940,4.18538590443364011,-0.70818203181679173,0.63000000000000000,5.78000000000000025
0.01872752346138859,-0.00124605018875068,-0.05311743021882055,0.16546126054491769,4.18696437234762264,-0.67988756795503713,0.63000000000000000,5.78000000000000025
0.01874370176948570,-0.00082728462330788,-0.05318400663807173,0.15810905174093184,4.18830789816405957,-0.65165053600151579,0.63000000000000000,5.78000000000000025
0.01875914610843064,-0.00040839639302451,-0.05324776229891669,0.15078194356152461,4.18941790784207591,-0.62347269025196383,0.63000000000000000,5.78000000000000025
0.01877385900799043,0.00001059122229158,-0.05330870320671036,0.14348032896229176,4.19029583949401552,-0.59535576147171154,0.63000000000000000,5.78000000000000025
0.01878784303688706,0.00042965508723487,-0.05336683553870590,0.13620459408783131,4.19094314298772908,-0.56730145685367717,0.63000000000000000,5.78000000000000025
0.01880110080211662,0.00084877221195788,-0.05342216564169567,0.12895511827675366,4.19136127955024396,-0.53931145998316099,0.63000000000000000,5.78000000000000025
0.01881363494826905,0.00126791975328732,-0.05347470002964894,0.12173227406846032,4.19155172137295029,-0.51138743080937310,0.63000000000000000,5.78000000000000025
0.01882544815684862,0.00168707501580090,-0.05352444538134717,0.11453642721166740,4.19151595121844700,-0.48353100562362544,0.63000000000000000,5.78000000000000025
0.01883654314559533,0.00210621545286479,-0.05357140853801740,0.10736793667464994,4.19125546202917931,-0.45574379704411633,0.63000000000000000,5.78000000000000025
0.01884692266780751,0.00252531866763221,-0.05361559650096444,0.10022715465718240,4.19077175653799472,-0.42802739400723255,0.63000000000000000,5.78000000000000025
0.01885658951166559,0.00294436241400299,-0.05365701642920252,0.09311442660414984,4.19006634688074975,-0.40038336176529166,0.63000000000000000,5.78000000000000025
0.01886554649955737,0.00336332459754467,-0.05369567563708705,0.08603009122080378,4.18914075421109455,-0.37281324189064458,0.63000000000000000,5.78000000000000025
0.01887379648740488,0.00378218327637507,-0.05373158159194708,0.07897448048963641,4.18799650831754811,-0.34531855228605651,0.63000000000000000,5.78000000000000025
0.01888134236399305,0.00420091666200673,-0.05376474191171914,0.07194791968884595,4.18663514724299812,-0.31790078720128140,0.63000000000000000,5.78000000000000025
0.01888818705030022,0.00461950312015344,-0.05379516436258297,0.06495072741236560,4.18505821690672519,-0.29056141725574286,0.63000000000000000,5.78000000000000025
0.01889433349883082,0.00503792117149911,-0.05382285685659995,0.05798321559142822,4.18326727072907545,-0.26330188946723360,0.63000000000000000,5.78000000000000025
0.01889978469295020,0.00545614949242917,-0.05384782744935453,0.05104568951763812,4.18126386925889104,-0.23612362728654154,0.63000000000000000,5.78000000000000025
0.01890454364622194,0.00587416691572497,-0.05387008433759959,0.04413844786752117,4.17904957980379699,-0.20902803063791076,0.63000000000000000,5.78000000000000025
0.01890861340174755,0.00629195243122124,-0.05388963585690598,0.03726178272852396,4.17662597606345543,-0.18201647596524204,0.63000000000000000,5.78000000000000025
0.01891199703150902,0.00670948518642714,-0.05390649047931708,0.03041597962643234,4.17399463776588497,-0.15509031628393738,0.63000000000000000,5.78000000000000025
0.01891469763571398,0.00712674448711100,-0.05392065681100874,0.02360131755417953,4.17115715030694467,-0.12825088123829034,0.63000000000000000,5.78000000000000025
0.01891671834214400,0.00754370979784922,-0.05393214358995529,0.01681806900201343,4.16811510439306865,-0.10149947716432317,0.63000000000000000,5.78000000000000025
0.01891806230550584,0.00796036074253963,-0.05394095968360207,0.01006649998899270,4.16487009568735278,-0.07483738715796999,0.63000000000000000,5.78000000000000025
0.01891873270678594,0.00837667710487957,-0.05394711408654502,0.00334687009578078,4.16142372445907238,-0.04826587114850413,0.63000000000000000,5.78000000000000025
0.01891873275260833,0.00879263882880916,-0.05395061591821795,-0.00334056750129301,4.15777759523671797,-0.02178616597710657,0.63000000000000000,5.78000000000000025
0.01891806567459592,0.00920822601891999,-0.05395147442058786,-0.00999556599493653,4.15393331646462993,0.00460051451952887,0.63000000000000000,5.78000000000000025
0.01891673472873540,0.00962341894082972,-0.05394969895585883,-0.01661788491039341,4.14989250016330935,0.03089297942065865,0.63000000000000000,5.78000000000000025
0.01891474319474588,0.01003819802152285,-0.05394529900418512,-0.02320729006776846,4.14565676159347873,0.05709006062812702,0.63000000000000000,5.78000000000000025
0.01891209437545133,0.01045254384965811,-0.05393828416139371,-0.02976355354321169,4.14122771892396635,0.08319061276828492,0.63000000000000000,5.78000000000000025
0.01890879159615697,0.01086643717584282,-0.05392866413671701,-0.03628645362899246,4.13660699290347456,0.10919351308929781,0.63000000000000000,5.78000000000000025
0.01890483820402967,0.01127985891287464,-0.05391644875053594,-0.04277577479249550,4.13179620653630852,0.13509766135395068,0.63000000000000000,5.78000000000000025
0.01890023756748257,0.01169279013595109,-0.05390164793213408,-0.04923130763417062,4.12679698476211332,0.16090197972805892,0.63000000000000000,5.78000000000000025
0.01889499307556389,0.01210521208284721,-0.05388427171746306,-0.05565284884446789,4.12161095413968770,0.18660541266459452,0.63000000000000000,5.78000000000000025
0.01888910813735016,0.01251710615406188,-0.05386433024691984,-0.06204020115978995,4.11623974253492797,0.21220692678363673,0.63000000000000000,5.78000000000000025
0.01888258618134382,0.01292845391293305,-0.05384183376313618,-0.06839317331749334,4.11068497881294626,0.23770551074825749,0.63000000000000000,5.78000000000000025
0.01887543065487544,0.01333923708572251,-0.05381679260878072,-0.07471158000997045,4.10494829253442273,0.26310017513645134,0.63000000000000000,5.78000000000000025
0.01886764502351056,0.01374943756167036,-0.05378921722437399,-0.08099524183784375,4.09903131365622730,0.28838995230921999,0.63000000000000000,5.78000000000000025
0.01885923277046120,0.01415903739301993,-0.05375911814611695,-0.08724398526230370,4.09293567223636501,0.31357389627492188,0.63000000000000000,5.78000000000000025
0.01885019739600228,0.01456801879501324,-0.05372650600373313,-0.09345764255662203,4.08666299814327161,0.33865108254999671,0.63000000000000000,5.78000000000000025
0.01884054241689283,0.01497636414585775,-0.05369139151832494,-0.09963605175687129,4.08021492076950487,0.36362060801617480,0.63000000000000000,5.78000000000000025
0.01883027136580220,0.01538405598666460,-0.05365378550024442,-0.10577905661188204,4.07359306874986427,0.38848159077428152,0.63000000000000000,5.78000000000000025
0.01881938779074134,0.01579107702135896,-0.05361369884697884,-0.11188650653246859,4.06679906968396487,0.41323316999474580,0.63000000000000000,5.78000000000000025
0.01880789525449918,0.01619741011656281,-0.05357114254105122,-0.11795825653995400,4.05983454986330017,0.43787450576492204,0.63000000000000000,5.78000000000000025
0.01879579733408413,0.01660303830145065,-0.05352612764793654,-0.12399416721402479,4.05270113400281407,0.46240477893333459,0.63000000000000000,5.78000000000000025
0.01878309762017094,0.01700794476757866,-0.05347866531399343,-0.12999410463994596,4.04540044497700535,0.48682319095095256,0.63000000000000000,5.78000000000000025
0.01876979971655275,0.01741211286868760,-0.05342876676441205,-0.13595794035516606,4.03793410356058491,0.51112896370960281,0.63000000000000000,5.78000000000000025
0.01875590723959862,0.01781552612048010,-0.05337644330117815,-0.14188555129534247,4.03030372817370086,0.53532133937762871,0.63000000000000000,5.78000000000000025
0.01874142381771638,0.01821816820037260,-0.05332170630105377,-0.14777681973981607,4.02251093463175113,0.55939958023290060,0.63000000000000000,5.78000000000000025
0.01872635309082104,0.01862002294722263,-0.05326456721357475,-0.15363163325656498,4.01455733589978614,0.58336296849328384,0.63000000000000000,5.78000000000000025
0.01871069870980870,0.01902107436103161,-0.05320503755906530,-0.15944988464666601,4.00644454185151755,0.60721080614467005,0.63000000000000000,5.78000000000000025
0.01869446433603602,0.01942130660262393,-0.05314312892666988,-0.16523147188829260,3.99817415903293760,0.63094241476667468,0.63000000000000000,5.78000000000000025
0.01867765364080535,0.01982070399330248,-0.05307885297240266,-0.17097629808027762,3.98974779043055428,0.65455713535610494,0.63000000000000000,5.78000000000000025
0.01866027030485547,0.02021925101448137,-0.05301222141721470,-0.17668427138526899,3.98116703524424054,0.67805432814830036,0.63000000000000000,5.78000000000000025
0.01864231801785810,0.02061693230729607,-0.05294324604507911,-0.18235530497250568,3.97243348866469947,0.70143337243644699,0.63000000000000000,5.78000000000000025
0.01862380047792012,0.02101373267219156,-0.05287193870109442,-0.18798931696024157,3.96354874165554394,0.72469366638896571,0.63000000000000000,5.78000000000000025
0.01860472139109151,0.02140963706848891,-0.05279831128960620,-0.19358623035784384,3.95451438073998185,0.74783462686507429,0.63000000000000000,5.78000000000000025
0.01858508447087921,0.02180463061393079,-0.05272237577234733,-0.19914597300759265,3.94533198779210181,0.77085568922862113,0.63000000000000000,5.78000000000000025
0.01856489343776671,0.02219869858420630,-0.05264414416659688,-0.20466847752620818,3.93600313983275152,0.79375630716028711,0.63000000000000000,5.78000000000000025
0.01854415201873955,0.02259182641245560,-0.05256362854335790,-0.21015368124613068,3.92652940882999113,0.81653595246825261,0.63000000000000000,5.78000000000000025
0.01852286394681671,0.02298399968875492,-0.05248084102555419,-0.21560152615657907,3.91691236150411637,0.83919411489742313,0.63000000000000000,5.78000000000000025
0.01850103296058784,0.02337520415958213,-0.05239579378624622,-0.22101195884441291,3.90715355913722728,0.86173030193730726,0.63000000000000000,5.78000000000000025
0.01847866280375654,0.02376542572726367,-0.05230849904686634,-0.22638493043482222,3.89725455738733384,0.88414403862863955,0.63000000000000000,5.78000000000000025
0.01845575722468940,0.02415465044940299,-0.05221896907547335,-0.23172039653186940,3.88721690610697124,0.90643486736883816,0.63000000000000000,5.78000000000000025
0.01843231997597118,0.02454286453829112,-0.05212721618502662,-0.23701831715890673,3.87704214916630763,0.92860234771638728,0.63000000000000000,5.78000000000000025
0.01840835481396582,0.02493005436029980,-0.05203325273167984,-0.24227865669889284,3.86673182428072248,0.95064605619423204,0.63000000000000000,5.78000000000000025
0.01838386549838346,0.02531620643525756,-0.05193709111309436,-0.24750138383463083,3.85628746284282897,0.97256558609227284,0.63000000000000000,5.78000000000000025
0.01835885579185346,0.02570130743580918,-0.05183874376677250,-0.25268647148895040,3.84571058975891367,0.99436054726904355,0.63000000000000000,5.78000000000000025
0.01833332945950341,0.02608534418675914,-0.05173822316841054,-0.25783389676485607,3.83500272328976832,1.01603056595265850,0.63000000000000000,5.78000000000000025
0.01830729026854406,0.02646830366439925,-0.05163554183027183,-0.26294364088566247,3.82416537489588215,1.03757528454110970,0.63000000000000000,5.78000000000000025
0.01828074198786033,0.02685017299582105,-0.05153071229957974,-0.26801568913513812,3.81320004908696575,1.05899436140199521,0.63000000000000000,5.78000000000000025
0.01825368838760821,0.02723093945821342,-0.05142374715693078,-0.27305003079767837,3.80210824327577335,1.08028747067175779,0.63000000000000000,5.78000000000000025
0.01822613323881774,0.02761059047814572,-0.05131465901472774,-0.27804665909852677,3.79089144763619057,1.10145430205451311,0.63000000000000000,5.78000000000000025
0.01819808031300186,0.02798911363083702,-0.05120346051563301,-0.28300557114406544,3.77955114496555167,1.12249456062054098,0.63000000000000000,5.78000000000000025
0.01816953338177129,0.02836649663941171,-0.05109016433104208,-0.28792676786219307,3.76808881055115297,1.14340796660451738,0.63000000000000000,5.78000000000000025
0.01814049621645538,0.02874272737414199,-0.05097478315957712,-0.29281025394280907,3.75650591204092210,1.16419425520355913,0.63000000000000000,5.78000000000000025
0.01811097258772888,0.02911779385167767,-0.05085732972560093,-0.29765603777842270,3.74480390931820750,1.18485317637515197,0.63000000000000000,5.78000000000000025
0.01808096626524460,0.02949168423426357,-0.05073781677775092,-0.30246413140490436,3.73298425438064685,1.20538449463503405,0.63000000000000000,5.78000000000000025
0.01805048101727207,0.02986438682894514,-0.05061625708749349,-0.30723455044239667,3.72104839122307496,1.22578798885510243,0.63000000000000000,5.78000000000000025
0.01801952061034205,0.03023589008676240,-0.05049266344769841,-0.31196731403640204,3.70899775572443069,1.24606345206140956,0.63000000000000000,5.78000000000000025
0.01798808880889692,0.03060618260193294,-0.05036704867123356,-0.31666244479906308,3.69683377553861670,1.26621069123231478,0.63000000000000000,5.78000000000000025
0.01795618937494697,0.03097525311102406,-0.05023942558957979,-0.32131996875065205,3.68455786998927470,1.28622952709685667,0.63000000000000000,5.78000000000000025
0.01792382606773246,0.03134309049211468,-0.05010980705146588,-0.32593991526128435,3.67217144996842748,1.30611979393340549,0.63000000000000000,5.78000000000000025
0.01789100264339159,0.03170968376394728,-0.04997820592152370,-0.33052231699287132,3.65967591783894397,1.32588133936865971,0.63000000000000000,5.78000000000000025
0.01785772285463417,0.03207502208507021,-0.04984463507896339,-0.33506720984132710,3.64707266734078317,1.34551402417704291,0.63000000000000000,5.78000000000000025
0.01782399045042114,0.03243909475297094,-0.04970910741626859,-0.33957463287904321,3.63436308350097015,1.36501772208056105,0.63000000000000000,5.78000000000000025
0.01778980917564973,0.03280189120320038,-0.04957163583791170,-0.34404462829764476,3.62154854254725578,1.38439231954917474,0.63000000000000000,5.78000000000000025
0.01775518277084445,0.03316340100848876,-0.04943223325908901,-0.34847724135104169,3.60863041182541444,1.40363771560174189,0.63000000000000000,5.78000000000000025
0.01772011497185366,0.03352361387785351,-0.04929091260447576,-0.35287252029878724,3.59561004972013176,1.42275382160758301,0.63000000000000000,5.78000000000000025
0.01768460950955181,0.03388251965569928,-0.04914768680700096,-0.35723051634975661,3.58248880557943172,1.44174056108872106,0.63000000000000000,5.78000000000000025
0.01764867010954735,0.03424010832091071,-0.04900256880664202,-0.36155128360615746,3.56926801964259743,1.46059786952284631,0.63000000000000000,5.78000000000000025
0.01761230049189617,0.03459636998593802,-0.04885557154923896,-0.36583487900788342,3.55594902297153270,1.47932569414705339,0.63000000000000000,5.78000000000000025
0.01757550437082056,0.03495129489587605,-0.04870670798532827,-0.37008136227722238,3.54253313738551645,1.49792399376239871,0.63000000000000000,5.78000000000000025
0.01753828545443380,0.03530487342753682,-0.04855599106899625,-0.37429079586392938,3.52902167539930023,1.51639273853932322,0.63000000000000000,5.78000000000000025
0.01750064744447004,0.03565709608851615,-0.04840343375675177,-0.37846324489067490,3.51541594016449821,1.53473190982398422,0.63000000000000000,5.78000000000000025
0.01746259403601982,0.03600795351625456,-0.04824904900641831,-0.38259877709887807,3.50171722541421593,1.55294149994553954,0.63000000000000000,5.78000000000000025
0.01742412891727082,0.03635743647709273,-0.04809284977604529,-0.38669746279493433,3.48792681541087246,1.57102151202442397,0.63000000000000000,5.78000000000000025
0.01738525576925406,0.03670553586532204,-0.04793484902283848,-0.39075937479684658,3.47404598489715877,1.58897195978165895,0.63000000000000000,5.78000000000000025
0.01734597826559540,0.03705224270223018,-0.04777505970210942,-0.39478458838126818,3.46007599905008645,1.60679286734923221,0.63000000000000000,5.78000000000000025
0.01730630007227228,0.03739754813514250,-0.04761349476624375,-0.39877318123096617,3.44601811343807007,1.62448426908158639,0.63000000000000000,5.78000000000000025
0.01726622484737573,0.03774144343645904,-0.04745016716368836,-0.40272523338271277,3.43187357398099691,1.64204620936824930,0.63000000000000000,5.78000000000000025
0.01722575624087756,0.03808392000268787,-0.04728508983795721,-0.40664082717561223,3.41764361691322804,1.65947874244764204,0.63000000000000000,5.78000000000000025
0.01718489789440271,0.03842496935347481,-0.04711827572665567,-0.41052004719987029,3.40332946874948172,1.67678193222209648,0.63000000000000000,5.78000000000000025
0.01714365344100662,0.03876458313062981,-0.04694973776052334,-0.41436298024601315,3.38893234625354633,1.69395585207411470,0.63000000000000000,5.78000000000000025
0.01710202650495779,0.03910275309715049,-0.04677948886249519,-0.41816971525456187,3.37445345640977212,1.71100058468389848,0.63000000000000000,5.78000000000000025
0.01706002070152525,0.03943947113624283,-0.04660754194678082,-0.42194034326616869,3.35989399639728825,1.72791622184818028,0.63000000000000000,5.78000000000000025
0.01701763963677101,0.03977472925033948,-0.04643390991796184,-0.42567495737222061,3.34525515356689773,1.74470286430037991,0.63000000000000000,5.78000000000000025
0.01697488690734743,0.04010851956011591,-0.04625860567010712,-0.42937365266591571,3.33053810542059336,1.76136062153211648,0.63000000000000000,5.78000000000000025
0.01693176610029951,0.04044083430350458,-0.04608164208590584,-0.43303652619381694,3.31574401959364851,1.77788961161609782,0.63000000000000000,5.78000000000000025
0.01688828079287190,0.04077166583470749,-0.04590303203581819,-0.43666367690788865,3.30087405383922894,1.79428996103041261,0.63000000000000000,5.78000000000000025
0.01684443455232078,0.04110100662320731,-0.04572278837724354,-0.44025520561801929,3.28592935601547476,1.81056180448424797,0.63000000000000000,5.78000000000000025
0.01680023093573041,0.04142884925277732,-0.04554092395370602,-0.44381121494503512,3.27091106407500387,1.82670528474505245,0.63000000000000000,5.78000000000000025
0.01675567348983432,0.04175518642049043,-0.04535745159405722,-0.44733180927420824,3.25582030605678385,1.84272055246716637,0.63000000000000000,5.78000000000000025
0.01671076575084127,0.04208001093572752,-0.04517238411169604,-0.45081709470926229,3.24065820008032501,1.85860776602193667,0.63000000000000000,5.78000000000000025
0.01666551124426557,0.04240331571918531,-0.04498573430380544,-0.45426717902687924,3.22542585434214146,1.87436709132933665,0.63000000000000000,5.78000000000000025
0.01661991348476212,0.04272509380188392,-0.04479751495060588,-0.45768217163170966,3.21012436711443394,1.88999870169110462,0.63000000000000000,5.78000000000000025
0.01657397597596580,0.04304533832417453,-0.04460773881462546,-0.46106218351188949,3.19475482674594291,1.90550277762541964,0.63000000000000000,5.78000000000000025
0.01652770221033535,0.04336404253474712,-0.04441641863998649,-0.46440732719506522,3.17931831166492351,1.92087950670312768,0.63000000000000000,5.78000000000000025
0.01648109566900156,0.04368119978963868,-0.04422356715170832,-0.46771771670492973,3.16381589038419353,1.93612908338553269,0.63000000000000000,5.78000000000000025
0.01643415982161986,0.04399680355124201,-0.04402919705502632,-0.47099346751826998,3.14824862150820817,1.95125170886376398,0.63000000000000000,5.78000000000000025
0.01638689812622710,0.04431084738731528,-0.04383332103472692,-0.47423469652252903,3.13261755374211015,1.96624759089973389,0.63000000000000000,5.78000000000000025
0.01633931402910263,0.04462332496999268,-0.04363595175449838,-0.47744152197388234,3.11692372590271205,1.98111694366869373,0.63000000000000000,5.78000000000000025
0.01629141096463345,0.04493423007479617,-0.04343710185629726,-0.48061406345583046,3.10116816693135933,1.99585998760339955,0.63000000000000000,5.78000000000000025
0.01624319235518354,0.04524355657964869,-0.04323678395973041,-0.48375244183830818,3.08535189590863146,2.01047694923989662,0.63000000000000000,5.78000000000000025
0.01619466161096728,0.04555129846388890,-0.04303501066145226,-0.48685677923731080,3.06947592207083142,2.02496806106492899,0.63000000000000000,5.78000000000000025
0.01614582212992679,0.04585744980728760,-0.04283179453457735,-0.48992719897503800,3.05354124482822220,2.03933356136498301,0.63000000000000000,5.78000000000000025
0.01609667729761331,0.04616200478906614,-0.04262714812810779,-0.49296382554055490,3.03754885378496020,2.05357369407697021,0.63000000000000000,5.78000000000000025
0.01604723048707243,0.04646495768691688,-0.04242108396637566,-0.49596678455097082,3.02149972876068418,2.06768870864055465,0.63000000000000000,5.78000000000000025
0.01599748505873326,0.04676630287602588,-0.04221361454850001,-0.49893620271313466,3.00539483981371491,2.08167885985212919,0.63000000000000000,5.78000000000000025
0.01594744436030129,0.04706603482809799,-0.04200475234785844,-0.50187220778584707,2.98923514726582029,2.09554440772044437,0.63000000000000000,5.78000000000000025
0.01589711172665509,0.04736414811038449,-0.04179450981157302,-0.50477492854258788,2.97302160172850360,2.10928561732389541,0.63000000000000000,5.78000000000000025
0.01584649047974667,0.04766063738471347,-0.04158289936001037,-0.50764449473475870,2.95675514413077423,2.12290275866946443,0.63000000000000000,5.78000000000000025
0.01579558392850556,0.04795549740652298,-0.04136993338629581,-0.51048103705543879,2.94043670574835270,2.13639610655332390,0.63000000000000000,5.78000000000000025
0.01574439536874634,0.04824872302389727,-0.04115562425584131,-0.51328468710365316,2.92406720823427557,2.14976594042309932,0.63000000000000000,5.78000000000000025
0.01569292808307988,0.04854030917660607,-0.04093998430588720,-0.51605557734915175,2.90764756365085342,2.16301254424179268,0.63000000000000000,5.78000000000000025
0.01564118534082800,0.04883025089514720,-0.04072302584505735,-0.51879384109769777,2.89117867450294508,2.17613620635336646,0.63000000000000000,5.78000000000000025
0.01558917039794154,0.04911854329979250,-0.04050476115292771,-0.52149961245686316,2.87466143377250427,2.18913721934998406,0.63000000000000000,5.78000000000000025
0.01553688649692193,0.04940518159963739,-0.04028520247960808,-0.52417302630232954,2.85809672495436207,2.20201587994090753,0.63000000000000000,5.78000000000000025
0.01548433686674599,0.04969016109165390,-0.04006436204533688,-0.52681421824469277,2.84148542209320620,2.21477248882304956,0.63000000000000000,5.78000000000000025
0.01543152472279411,0.04997347715974766,-0.03984225204008878,-0.52942332459676800,2.82482838982171591,2.22740735055317485,0.63000000000000000,5.78000000000000025
0.01537845326678162,0.05025512527381856,-0.03961888462319506,-0.53200048234139408,2.80812648339981630,2.23992077342174989,0.63000000000000000,5.78000000000000025
0.01532512568669341,0.05053510098882553,-0.03939427192297645,-0.53454582909973347,2.79138054875501673,2.25231306932843367,0.63000000000000000,5.78000000000000025
0.01527154515672161,0.05081339994385536,-0.03916842603638838,-0.53705950310006612,2.77459142252379198,2.26458455365920708,0.63000000000000000,5.78000000000000025
0.01521771483720647,0.05109001786119569,-0.03894135902867844,-0.53954164314707365,2.75775993209397452,2.27673554516513432,0.63000000000000000,5.78000000000000025
0.01516363787458021,0.05136495054541232,-0.03871308293305584,-0.54199238859161192,2.74088689564811894,2.28876636584275106,0.63000000000000000,5.78000000000000025
0.01510931740131389,0.05163819388243087,-0.03848360975037278,-0.54441187930096779,2.72397312220780474,2.30067734081607211,0.63000000000000000,5.78000000000000025
0.01505475653586724,0.05190974383862296,-0.03825295144881755,-0.54680025562959833,2.70701941167884375,2.31246879822021167,0.63000000000000000,5.78000000000000025
0.01499995838264140,0.05217959645989693,-0.03802111996361914,-0.54915765839034769,2.69002655489735742,2.32414106908661111,0.63000000000000000,5.78000000000000025
0.01494492603193447,0.05244774787079317,-0.03778812719676334,-0.55148422882613990,2.67299533367668873,2.33569448722986284,0.63000000000000000,5.78000000000000025
0.01488966255989994,0.05271419427358428,-0.03755398501671995,-0.55378010858214277,2.65592652085512082,2.34712938913612579,0.63000000000000000,5.78000000000000025
0.01483417102850777,0.05297893194737993,-0.03731870525818118,-0.55604543967840092,2.63882088034436446,2.35844611385312009,0.63000000000000000,5.78000000000000025
0.01477845448550835,0.05324195724723670,-0.03708229972181091,-0.55828036448293261,2.62167916717878713,2.36964500288169599,0.63000000000000000,5.78000000000000025
0.01472251596439894,0.05350326660327279,-0.03684478017400473,-0.56048502568528802,2.60450212756534949,2.38072640006896474,0.63000000000000000,5.78000000000000025
0.01466635848439285,0.05376285651978787,-0.03660615834666062,-0.56265956627056479,2.58729049893422047,2.39169065150298188,0.63000000000000000,5.78000000000000025
0.01460998505039118,0.05402072357438789,-0.03636644593696001,-0.56480412949387682,2.57004500999004071,2.40253810540897561,0.63000000000000000,5.78000000000000025
0.01455339865295706,0.05427686441711516,-0.03612565460715925,-0.56691885885527304,2.55276638076380591,2.41326911204710459,0.63000000000000000,5.78000000000000025
0.01449660226829241,0.05453127576958358,-0.03588379598439109,-0.56900389807510110,2.53545532266533735,2.42388402361174160,0.63000000000000000,5.78000000000000025
0.01443959885821709,0.05478395442411920,-0.03564088166047630,-0.57105939106981340,2.51811253853631634,2.43438319413226445,0.63000000000000000,5.78000000000000025
0.01438239137015050,0.05503489724290605,-0.03539692319174503,-0.57308548192820985,2.50073872270385200,2.44476697937534881,0.63000000000000000,5.78000000000000025
0.01432498273709554,0.05528410115713738,-0.03515193209886792,-0.57508231488811468,2.48333456103455541,2.45503573674874698,0.63000000000000000,5.78000000000000025
0.01426737587762482,0.05553156316617237,-0.03490591986669673,-0.57705003431348201,2.46590073098909368,2.46518982520654450,0.63000000000000000,5.78000000000000025
0.01420957369586918,0.05577728033669826,-0.03465889794411438,-0.57898878467192649,2.44843790167719888,2.47522960515587975,0.63000000000000000,5.78000000000000025
0.01415157908150843,0.05602124980189800,-0.03441087774389427,-0.58089871051267461,2.43094673391310412,2.48515543836511554,0.63000000000000000,5.78000000000000025
0.01409339490976431,0.05626346876062353,-0.03416187064256866,-0.58277995644493252,2.41342788027138422,2.49496768787344836,0.63000000000000000,5.78000000000000025
0.01403502404139549,0.05650393447657462,-0.03391188798030608,-0.58463266711666562,2.39588198514317385,2.50466671790194617,0.63000000000000000,5.78000000000000025
0.01397646932269480,0.05674264427748330,-0.03366094106079749,-0.58645698719378592,2.37830968479274230,2.51425289376599670,0.63000000000000000,5.78000000000000025
0.01391773358548842,0.05697959555430409,-0.03340904115115121,-0.58825306133974242,2.36071160741439767,2.52372658178915721,0.63000000000000000,5.78000000000000025
0.01385881964713714,0.05721478576040980,-0.03315619948179633,-0.59002103419551055,2.34308837318970031,2.53308814921839076,0.63000000000000000,5.78000000000000025
0.01379973031053962,0.05744821241079318,-0.03290242724639454,-0.59176105035997550,2.32544059434496342,2.54233796414067470,0.63000000000000000,5.78000000000000025
0.01374046836413752,0.05767987308127422,-0.03264773560176027,-0.59347325437070586,2.30776887520901619,2.55147639540097027,0.63000000000000000,5.78000000000000025
0.01368103658192259,0.05790976540771336,-0.03239213566778892,-0.59515779068511165,2.29007381227120943,2.56050381252153514,0.63000000000000000,5.78000000000000025
0.01362143772344562,0.05813788708523042,-0.03213563852739311,-0.59681480366198414,2.27235599423964540,2.56942058562256870,0.63000000000000000,5.78000000000000025
0.01356167453382722,0.05836423586742940,-0.03187825522644679,-0.59844443754341092,2.25461600209960578,2.57822708534417533,0.63000000000000000,5.78000000000000025
0.01350174974377036,0.05858880956562913,-0.03161999677373713,-0.60004683643706302,2.23685440917216338,2.58692368276963069,0.63000000000000000,5.78000000000000025
0.01344166606957468,0.05881160604809979,-0.03136087414092393,-0.60162214429884886,2.21907178117295478,2.59551074934993453,0.63000000000000000,5.78000000000000025
0.01338142621315253,0.05903262323930529,-0.03110089826250663,-0.60317050491593083,2.20126867627109535,2.60398865682964109,0.63000000000000000,5.78000000000000025
0.01332103286204669,0.05925185911915160,-0.03084008003579856,-0.60469206189009961,2.18344564514822093,2.61235777717394724,0.63000000000000000,5.78000000000000025
0.01326048868944969,0.05946931172224094,-0.03057843032090852,-0.60618695862150174,2.16560323105763253,2.62061848249702667,0.63000000000000000,5.78000000000000025
0.01319979635422480,0.05968497913713192,-0.03031595994072933,-0.60765533829271556,2.14774196988353250,2.62877114499159337,0.63000000000000000,5.78000000000000025
0.01313895850092856,0.05989885950560557,-0.03005267968093355,-0.60909734385317182,2.12986239020033086,2.63681613685968275,0.63000000000000000,5.78000000000000025
0.01307797775983485,0.06011095102193734,-0.02978860028997589,-0.61051311800391317,2.11196501333200759,2.64475383024463229,0.63000000000000000,5.78000000000000025
0.01301685674696052,0.06032125193217506,-0.02952373247910244,-0.61190280318268864,2.09405035341151180,2.65258459716424788,0.63000000000000000,5.78000000000000025
0.01295559806409238,0.06052976053342275,-0.02925808692236656,-0.61326654154937876,2.07611891744018617,2.66030880944514303,0.63000000000000000,5.78000000000000025
0.01289420429881577,0.06073647517313048,-0.02899167425665117,-0.61460447497174586,2.05817120534719589,2.66792683865823310,0.63000000000000000,5.78000000000000025
0.01283267802454442,0.06094139424839010,-0.02872450508169753,-0.61591674501150595,2.04020771004895218,2.67543905605536958,0.63000000000000000,5.78000000000000025
0.01277102180055177,0.06114451620523692,-0.02845658996014028,-0.61720349291071663,2.02222891750851330,2.68284583250710362,0.63000000000000000,5.78000000000000025
0.01270923817200359,0.06134583953795739,-0.02818793941754862,-0.61846485957847785,2.00423530679494810,2.69014753844155763,0.63000000000000000,5.78000000000000025
0.01264732966999194,0.06154536278840261,-0.02791856394247356,-0.61970098557793918,1.98622735014265039,2.69734454378439459,0.63000000000000000,5.78000000000000025
0.01258529881157037,0.06174308454530789,-0.02764847398650112,-0.62091201111361094,1.96820551301058977,2.70443721789986880,0.63000000000000000,5.78000000000000025
0.01252314809979045,0.06193900344361809,-0.02737767996431139,-0.62209807601897327,1.95017025414148581,2.71142592953294148,0.63000000000000000,5.78000000000000025
0.01246088002373946,0.06213311816381904,-0.02710619225374331,-0.62325931974437931,1.93212202562089352,2.71831104675244850,0.63000000000000000,5.78000000000000025
0.01239849705857926,0.06232542743127467,-0.02683402119586505,-0.62439588134524815,1.91406127293618700,2.72509293689530274,0.63000000000000000,5.78000000000000025
0.01233600166558644,0.06251593001557025,-0.02656117709504999,-0.62550789947054242,1.89598843503543057,2.73177196651171972,0.63000000000000000,5.78000000000000025
0.01227339629219347,0.06270462472986130,-0.02628767021905806,-0.62659551235152711,1.87790394438612585,2.73834850131144725,0.63000000000000000,5.78000000000000025
0.01221068337203102,0.06289151043022850,-0.02601351079912244,-0.62765885779080410,1.85980822703382187,2.74482290611098634,0.63000000000000000,5.78000000000000025
0.01214786532497140,0.06307658601503846,-0.02573870903004149,-0.62869807315161907,1.84170170266057975,2.75119554478178951,0.63000000000000000,5.78000000000000025
0.01208494455717300,0.06325985042431022,-0.02546327507027580,-0.62971329534743581,1.82358478464328067,2.75746678019942015,0.63000000000000000,5.78000000000000025
0.01202192346112576,0.06344130263908768,-0.02518721904205027,-0.63070466083177334,1.80545788011176644,2.76363697419365595,0.63000000000000000,5.78000000000000025
0.01195880441569768,0.06362094168081779,-0.02491055103146117,-0.63167230558830278,1.78732139000680390,2.76970648749952808,0.63000000000000000,5.78000000000000025
0.01189558978618232,0.06379876661073454,-0.02463328108858800,-0.63261636512119812,1.76917570913786326,2.77567567970927298,0.63000000000000000,5.78000000000000025
0.01183228192434715,0.06397477652924868,-0.02435541922761015,-0.63353697444573787,1.75102122624070122,2.78154490922518960,0.63000000000000000,5.78000000000000025
0.01176888316848295,0.06414897057534329,-0.02407697542692821,-0.63443426807915271,1.73285832403474083,2.78731453321338174,0.63000000000000000,5.78000000000000025
0.01170539584345408,0.06432134792597489,-0.02379795962928985,-0.63530838003171519,1.71468737928023840,2.79298490755837525,0.63000000000000000,5.78000000000000025
0.01164182226074954,0.06449190779548050,-0.02351838174192024,-0.63615944379806755,1.69650876283523022,2.79855638681859187,0.63000000000000000,5.78000000000000025
0.01157816471853504,0.06466064943499016,-0.02323825163665683,-0.63698759234878266,1.67832283971225182,2.80402932418266770,0.63000000000000000,5.78000000000000025
0.01151442550170574,0.06482757213184524,-0.02295757915008849,-0.63779295812215553,1.66012996913482036,2.80940407142660220,0.63000000000000000,5.78000000000000025
0.01145060688193995,0.06499267520902241,-0.02267637408369886,-0.63857567301621954,1.64193050459367473,2.81468097887172020,0.63000000000000000,5.78000000000000025
0.01138671111775350,0.06515595802456305,-0.02239464620401393,-0.63933586838098488,1.62372479390276547,2.81986039534343602,0.63000000000000000,5.78000000000000025
0.01132274045455493,0.06531741997100843,-0.02211240524275361,-0.64007367501089441,1.60551317925498838,2.82494266813080408,0.63000000000000000,5.78000000000000025
0.01125869712470143,0.06547706047484039,-0.02182966089698738,-0.64078922313749276,1.58729599727765436,2.82992814294684214,0.63000000000000000,5.78000000000000025
0.01119458334755549,0.06563487899592751,-0.02154642282929387,-0.64148264242230590,1.56907357908769085,2.83481716388961269,0.63000000000000000,5.78000000000000025
0.01113040132954220,0.06579087502697684,-0.02126270066792422,-0.64215406194992575,1.55084625034656720,2.83961007340404947,0.63000000000000000,5.78000000000000025
0.01106615326420736,0.06594504809299105,-0.02097850400696930,-0.64280361022129739,1.53261433131494074,2.84430721224451322,0.63000000000000000,5.78000000000000025
0.01100184133227610,0.06609739775073116,-0.02069384240653060,-0.64343141514720392,1.51437813690701528,2.84890891943806635,0.63000000000000000,5.78000000000000025
0.01093746770171226,0.06624792358818449,-0.02040872539289480,-0.64403760404194599,1.49613797674460924,2.85341553224844890,0.63000000000000000,5.78000000000000025
0.01087303452777832,0.06639662522403819,-0.02012316245871182,-0.64462230361721184,1.47789415521092748,2.85782738614074550,0.63000000000000000,5.78000000000000025
0.01080854395309598,0.06654350230715803,-0.01983716306317645,-0.64518563997613443,1.45964697150403211,2.86214481474672677,0.63000000000000000,5.78000000000000025
0.01074399810770730,0.06668855451607252,-0.01955073663221341,-0.64572773860753152,1.44139671969000882,2.86636814983085442,0.63000000000000000,5.78000000000000025
0.01067939910913637,0.06683178155846241,-0.01926389255866572,-0.64624872438032521,1.42314368875582264,2.87049772125693492,0.63000000000000000,5.78000000000000025
0.01061474906245166,0.06697318317065538,-0.01897664020248641,-0.64674872153813823,1.40488816266186167,2.87453385695540931,0.63000000000000000,5.78000000000000025
0.01055005006032874,0.06711275911712600,-0.01868898889093348,-0.64722785369406155,1.38663042039416262,2.87847688289126458,0.63000000000000000,5.78000000000000025
0.01048530418311359,0.06725050919000086,-0.01840094791876803,-0.64768624382559203,1.36837073601631620,2.88232712303255756,0.63000000000000000,5.78000000000000025
0.01042051349888645,0.06738643320856896,-0.01811252654845546,-0.64812401426973443,1.35010937872104875,2.88608489931953116,0.63000000000000000,5.78000000000000025
0.01035568006352607,0.06752053101879718,-0.01782373401036983,-0.64854128671826605,1.33184661288147588,2.88975053163431905,0.63000000000000000,5.78000000000000025
0.01029080592077449,0.06765280249285083,-0.01753457950300113,-0.64893818221315969,1.31358269810202688,2.89332433777121611,0.63000000000000000,5.78000000000000025
0.01022589310230221,0.06778324752861933,-0.01724507219316551,-0.64931482114216166,1.29531788926903579,2.89680663340751199,0.63000000000000000,5.78000000000000025
0.01016094362777385,0.06791186604924697,-0.01695522121621845,-0.64967132323452148,1.27705243660099765,2.90019773207486686,0.63000000000000000,5.78000000000000025
0.01009595950491420,0.06803865800266853,-0.01666503567627073,-0.65000780755687049,1.25878658569848634,2.90349794513122106,0.63000000000000000,5.78000000000000025
0.01003094272957469,0.06816362336115005,-0.01637452464640714,-0.65032439250924534,1.24052057759373269,2.90670758173322596,0.63000000000000000,5.78000000000000025
0.00996589528580024,0.06828676212083440,-0.01608369716890804,-0.65062119582125333,1.22225464879986068,2.90982694880918347,0.63000000000000000,5.78000000000000025
0.00990081914589648,0.06840807430129188,-0.01579256225547345,-0.65089833454837676,1.20398903135978053,2.91285635103247875,0.63000000000000000,5.78000000000000025
0.00983571627049735,0.06852755994507556,-0.01550112888744991,-0.65115592506841302,1.18572395289473476,2.91579609079550073,0.63000000000000000,5.78000000000000025
0.00977058860863302,0.06864521911728159,-0.01520940601605982,-0.65139408307804658,1.16745963665249897,2.91864646818403184,0.63000000000000000,5.78000000000000025
0.00970543809779821,0.06876105190511421,-0.01491740256263340,-0.65161292358955114,1.14919630155523333,2.92140778095209841,0.63000000000000000,5.78000000000000025
0.00964026666402075,0.06887505841745557,-0.01462512741884309,-0.65181256092761741,1.13093416224698440,2.92408032449726862,0.63000000000000000,5.78000000000000025
0.00957507622193052,0.06898723878444028,-0.01433258944694037,-0.65199310872630456,1.11267342914083733,2.92666439183638705,0.63000000000000000,5.78000000000000025
0.00950986867482865,0.06909759315703469,-0.01403979747999512,-0.65215467992611209,1.09441430846571541,2.92916027358173459,0.63000000000000000,5.78000000000000025
0.00944464591475698,0.06920612170662073,-0.01374676032213717,-0.65229738677116855,1.07615700231282907,2.93156825791759967,0.63000000000000000,5.78000000000000025
0.00937940982256792,0.06931282462458452,-0.01345348674880027,-0.65242134080653547,1.05790170868177036,2.93388863057725224,0.63000000000000000,5.78000000000000025
0.00931416226799440,0.06941770212190944,-0.01315998550696837,-0.65252665287562217,1.03964862152625503,2.93612167482030673,0.63000000000000000,5.78000000000000025
0.00924890510972021,0.06952075442877387,-0.01286626531542404,-0.65261343311770992,1.02139793079951158,2.93826767141046563,0.63000000000000000,5.78000000000000025
0.00918364019545051,0.06962198179415335,-0.01257233486499922,-0.65268179096558132,1.00314982249931539,2.94032689859362861,0.63000000000000000,5.78000000000000025
0.00911836936198260,0.06972138448542729,-0.01227820281882801,-0.65273183514325350,0.98490447871266973,2.94229963207635858,0.63000000000000000,5.78000000000000025
0.00905309443527693,0.06981896278799010,-0.01198387781260174,-0.65276367366381116,0.96666207766013335,2.94418614500469467,0.63000000000000000,5.78000000000000025
0.00898781723052824,0.06991471700486677,-0.01168936845482601,-0.65277741382733800,0.94842279373979366,2.94598670794329731,0.63000000000000000,5.78000000000000025
0.00892253955223703,0.07000864745633281,-0.01139468332707990,-0.65277316221894222,0.93018679757088729,2.94770158885491762,0.63000000000000000,5.78000000000000025
0.00885726319428108,0.07010075447953848,-0.01109983098427714,-0.65275102470687518,0.91195425603706748,2.94933105308018106,0.63000000000000000,5.78000000000000025
0.00879198993998728,0.07019103842813743,-0.01080481995492933,-0.65271110644073949,0.89372533232931939,2.95087536331767142,0.63000000000000000,5.78000000000000025
0.00872672156220358,0.07027949967191954,-0.01050965874141114,-0.65265351184978415,0.87550018598852353,2.95233477960430557,0.63000000000000000,5.78000000000000025
0.00866145982337107,0.07036613859644808,-0.01021435582022745,-0.65257834464128472,0.85727897294766853,2.95370955929599210,0.63000000000000000,5.78000000000000025
0.00859620647559627,0.07045095560270091,-0.00991891964228237,-0.65248570779900528,0.83906184557371388,2.95499995704855722,0.63000000000000000,5.78000000000000025
0.00853096326072359,0.07053395110671605,-0.00962335863315024,-0.65237570358173980,0.82084895270910341,2.95620622479893225,0.63000000000000000,5.78000000000000025
0.00846573191040783,0.07061512553924124,-0.00932768119334841,-0.65224843352193129,0.80264043971293098,2.95732861174659112,0.63000000000000000,5.78000000000000025
0.00840051414618695,0.07069447934538767,-0.00903189569861193,-0.65210399842436517,0.78443644850175887,2.95836736433522596,0.63000000000000000,5.78000000000000025
0.00833531167955484,0.07077201298428776,-0.00873601050017002,-0.65194249836493534,0.76623711759009161,2.95932272623465353,0.63000000000000000,5.78000000000000025
0.00827012621203431,0.07084772692875693,-0.00844003392502436,-0.65176403268947980,0.74804258213050445,2.96019493832293978,0.63000000000000000,5.78000000000000025
0.00820495943525014,0.07092162166495944,-0.00814397427622915,-0.65156870001268441,0.72985297395342974,2.96098423866873484,0.63000000000000000,5.78000000000000025
0.00813981303100222,0.07099369769207810,-0.00784783983317291,-0.65135659821705161,0.71166842160660204,2.96169086251380520,0.63000000000000000,5.78000000000000025
0.00807468867133885,0.07106395552198802,-0.00755163885186207,-0.65112782445193240,0.69348905039416331,2.96231504225575870,0.63000000000000000,5.78000000000000025
0.00800958801863011,0.07113239567893416,-0.00725537956520621,-0.65088247513261899,0.67531498241543053,2.96285700743094527,0.63000000000000000,5.78000000000000025
0.00794451272564127,0.07119901869921275,-0.00695907018330504,-0.65062064593949598,0.65714633660332711,2.96331698469753047,0.63000000000000000,5.78000000000000025
0.00787946443560633,0.07126382513085659,-0.00666271889373706,-0.65034243181724816,0.63898322876247982,2.96369519781872803,0.63000000000000000,5.78000000000000025
0.00781444478230166,0.07132681553332414,-0.00636633386184990,-0.65004792697412239,0.62082577160698416,2.96399186764618250,0.63000000000000000,5.78000000000000025
0.00774945539011964,0.07138799047719224,-0.00606992323105228,-0.64973722488124142,0.60267407479783841,2.96420721210349392,0.63000000000000000,5.78000000000000025
0.00768449787414243,0.07144735054385278,-0.00577349512310766,-0.64941041827196766,0.58452824498005063,2.96434144616987316,0.63000000000000000,5.78000000000000025
0.00761957384021576,0.07150489632521283,-0.00547705763842946,-0.64906759914131529,0.56638838581941897,2.96439478186392069,0.63000000000000000,5.78000000000000025
0.00755468488502281,0.07156062842339865,-0.00518061885637795,-0.64870885874540718,0.54825459803898835,2.96436742822751542,0.63000000000000000,5.78000000000000025
0.00748983259615811,0.07161454745046315,-0.00488418683555870,-0.64833428760097644,0.53012697945518628,2.96425959130980932,0.63000000000000000,5.78000000000000025
0.00742501855220148,0.07166665402809705,-0.00458776961412268,-0.64794397548490945,0.51200562501363900,2.96407147415131522,0.63000000000000000,5.78000000000000025
0.00736024432279210,0.07171694878734357,-0.00429137521006790,-0.64753801143382816,0.49389062682467166,2.96380327676807864,0.63000000000000000,5.78000000000000025
0.00729551146870248,0.07176543236831667,-0.00399501162154265,-0.64711648374371056,0.47578207419849411,2.96345519613592634,0.63000000000000000,5.78000000000000025
0.00723082154191263,0.07181210541992278,-0.00369868682715028,-0.64667947996954700,0.45768005368007553,2.96302742617478021,0.63000000000000000,5.78000000000000025
0.00716617608568406,0.07185696859958599,-0.00340240878625562,-0.64622708692502995,0.43958464908371025,2.96252015773302890,0.63000000000000000,5.78000000000000025
0.00710157663463403,0.07190002257297673,-0.00310618543929287,-0.64575939068227617,0.42149594152727754,2.96193357857194828,0.63000000000000000,5.78000000000000025
0.00703702471480967,0.07194126801374383,-0.00281002470807511,-0.64527647657157838,0.40341400946619804,2.96126787335016006,0.63000000000000000,5.78000000000000025
0.00697252184376217,0.07198070560324990,-0.00251393449610534,-0.64477842918118577,0.38533892872709019,2.96052322360812115,0.63000000000000000,5.78000000000000025
0.00690806953062102,0.07201833603031020,-0.00221792268888907,-0.64426533235711037,0.36727077254112867,2.95969980775263286,0.63000000000000000,5.78000000000000025
0.00684366927616822,0.07205415999093470,-0.00192199715424846,-0.64373726920295782,0.34920961157710878,2.95879780104136536,0.63000000000000000,5.78000000000000025
0.00677932257291254,0.07208817818807349,-0.00162616574263799,-0.64319432207978144,0.33115551397421905,2.95781737556738245,0.63000000000000000,5.78000000000000025
0.00671503090516376,0.07212039133136547,-0.00133043628746171,-0.64263657260595675,0.31310854537452554,2.95675870024366105,0.63000000000000000,5.78000000000000025
0.00665079574910698,0.07215080013689022,-0.00103481660539204,-0.64206410165707506,0.29506876895517087,2.95562194078759877,0.63000000000000000,5.78000000000000025
0.00658661857287689,0.07217940532692313,-0.00073931449669008,-0.64147698936585473,0.27703624546029121,2.95440725970549556,0.63000000000000000,5.78000000000000025
0.00652250083663203,0.07220620762969365,-0.00044393774552748,-0.64087531512206786,0.25901103323265440,2.95311481627700356,0.63000000000000000,5.78000000000000025
0.00645844399262914,0.07223120777914678,-0.00014869412030994,-0.64025915757248097,0.24099318824502253,2.95174476653953777,0.63000000000000000,5.78000000000000025
0.00639444948529740,0.07225440651470756,0.00014640862599783,-0.63962859462080812,0.22298276413124246,2.95029726327263431,0.63000000000000000,5.78000000000000025
0.00633051875131282,0.07227580458104878,0.00044136275554555,-0.63898370342767385,0.20497981221706754,2.94877245598225324,0.63000000000000000,5.78000000000000025
0.00626665321967247,0.07229540272786165,0.00073616054526916,-0.63832456041058594,0.18698438155071401,2.94717049088501160,0.63000000000000000,5.78000000000000025
0.00620285431176883,0.07231320170962963,0.00103079428656117,-0.63765124124391448,0.16899651893315584,2.94549151089234096,0.63000000000000000,5.78000000000000025
0.00613912344146410,0.07232920228540511,0.00132525628493929,-0.63696382085887704,0.15101626894816111,2.94373565559456063,0.63000000000000000,5.78000000000000025
0.00607546201516453,0.07234340521858929,0.00161953885971354,-0.63626237344352743,0.13304367399207417,2.94190306124485801,0.63000000000000000,5.78000000000000025
0.00601187143189471,0.07235581127671482,0.00191363434365174,-0.63554697244274716,0.11507877430334663,2.93999386074316371,0.63000000000000000,5.78000000000000025
0.00594835308337190,0.07236642123123158,0.00220753508264336,-0.63481769055823678,0.09712160799182148,2.93800818361991833,0.63000000000000000,5.78000000000000025
0.00588490835408037,0.07237523585729515,0.00250123343536176,-0.63407459974850722,0.07917221106777370,2.93594615601971887,0.63000000000000000,5.78000000000000025
0.00582153862134567,0.07238225593355840,0.00279472177292477,-0.63331777122886801,0.06123061747071146,2.93380790068483455,0.63000000000000000,5.78000000000000025
0.00575824525540899,0.07238748224196580,0.00308799247855367,-0.63254727547141176,0.04329685909794170,2.93159353693858682,0.63000000000000000,5.78000000000000025
0.00569502961950148,0.07239091556755060,0.00338103794723038,-0.63176318220499272,0.02537096583290407,2.92930318066858275,0.63000000000000000,5.78000000000000025
0.00563189306991857,0.07239255669823491,0.00367385058535313,-0.63096556041519825,0.00745296557327712,2.92693694430979301,0.63000000000000000,5.78000000000000025
0.00556883695609428,0.07239240642463245,0.00396642281039029,-0.63015447834431171,-0.01045711574113893,2.92449493682746420,0.63000000000000000,5.78000000000000025
0.00550586262067558,0.07239046553985418,0.00425874705053255,-0.62933000349126489,-0.02835925410075910,2.92197726369986155,0.63000000000000000,5.78000000000000025
0.00544297139959672,0.07238673483931668,0.00455081574434335,-0.62849220261157857,-0.04625342739876571,2.91938402690082599,0.63000000000000000,5.78000000000000025
0.00538016462215355,0.07238121512055318,0.00484262134040755,-0.62764114171728991,-0.06413961540387170,2.91671532488214336,0.63000000000000000,5.78000000000000025
0.00531744361107793,0.07237390718302741,0.00513415629697837,-0.62677688607686510,-0.08201779973329065,2.91397125255571199,0.63000000000000000,5.78000000000000025
0.00525480968261202,0.07236481182795007,0.00542541308162245,-0.62589950021509533,-0.09988796382590938,2.91115190127550116,0.63000000000000000,5.78000000000000025
0.00519226414658272,0.07235392985809798,0.00571638417086319,-0.62500904791297507,-0.11775009291565859,2.90825735881929326,0.63000000000000000,5.78000000000000025
0.00512980830647600,0.07234126207763593,0.00600706204982216,-0.62410559220756123,-0.13560417400507724,2.90528770937019765,0.63000000000000000,5.78000000000000025
0.00506744345951135,0.07232680929194112,0.00629743921185877,-0.62318919539181095,-0.15345019583906594,2.90224303349792789,0.63000000000000000,5.78000000000000025
0.00500517089671616,0.07231057230743022,0.00658750815820790,-0.62225991901439770,-0.17128814887882512,2.89912340813983471,0.63000000000000000,5.78000000000000025
0.00494299190300019,0.07229255193138907,0.00687726139761577,-0.62131782387950307,-0.18911802527597296,2.89592890658168400,0.63000000000000000,5.78000000000000025
0.00488090775722999,0.07227274897180487,0.00716669144597380,-0.62036297004658347,-0.20693981884683871,2.89265959843816933,0.63000000000000000,5.78000000000000025
0.00481891973230345,0.07225116423720103,0.00745579082595046,-0.61939541683011012,-0.22475352504692642,2.88931554963315351,0.63000000000000000,5.78000000000000025
0.00475702909522425,0.07222779853647450,0.00774455206662128,-0.61841522279928085,-0.24255914094554445,2.88589682237962419,0.63000000000000000,5.78000000000000025
0.00469523710717642,0.07220265267873567,0.00803296770309667,-0.61742244577770167,-0.26035666520059575,2.88240347515936035,0.63000000000000000,5.78000000000000025
0.00463354502359894,0.07217572747315075,0.00832103027614780,-0.61641714284303784,-0.27814609803352397,2.87883556270229457,0.63000000000000000,5.78000000000000025
0.00457195409426033,0.07214702372878666,0.00860873233183039,-0.61539937032663194,-0.29592744120441045,2.87519313596556403,0.63000000000000000,5.78000000000000025
0.00451046556333331,0.07211654225445843,0.00889606642110631,-0.61436918381308758,-0.31370069798721695,2.87147624211224084,0.63000000000000000,5.78000000000000025
0.00444908066946950,0.07208428385857901,0.00918302509946317,-0.61332663813981803,-0.33146587314516884,2.86768492448972978,0.63000000000000000,5.78000000000000025
0.00438780064587414,0.07205024934901158,0.00946960092653163,-0.61227178739655708,-0.34922297290627385,2.86381922260782629,0.63000000000000000,5.78000000000000025
0.00432662672038093,0.07201443953292432,0.00975578646570048,-0.61120468492483204,-0.36697200493897064,2.85987917211642229,0.63000000000000000,5.78000000000000025
0.00426556011552682,0.07197685521664753,0.01004157428372960,-0.61012538331739608,-0.38471297832790224,2.85586480478285143,0.63000000000000000,5.78000000000000025
0.00420460204862698,0.07193749720553325,0.01032695695036050,-0.60903393441761910,-0.40244590354980841,2.85177614846886174,0.63000000000000000,5.78000000000000025
0.00414375373184972,0.07189636630381725,0.01061192703792462,-0.60793038931883614,-0.42017079244953176,2.84761322710720766,0.63000000000000000,5.78000000000000025
0.00408301637229155,0.07185346331448340,0.01089647712094923,-0.60681479836365015,-0.43788765821613190,2.84337606067784909,0.63000000000000000,5.78000000000000025
0.00402239117205229,0.07180878903913043,0.01118059977576095,-0.60568721114319002,-0.45559651535910184,2.83906466518374767,0.63000000000000000,5.78000000000000025
0.00396187932831024,0.07176234427784112,0.01146428758008683,-0.60454767649631969,-0.47329737968468066,2.83467905262624909,0.63000000000000000,5.78000000000000025
0.00390148203339750,0.07171412982905373,0.01174753311265291,-0.60339624250879942,-0.49099026827225711,2.83021923098004269,0.63000000000000000,5.78000000000000025
0.00384120047487523,0.07166414648943593,0.01203032895278034,-0.60223295651239561,-0.50867519945085737,2.82568520416768454,0.63000000000000000,5.78000000000000025
0.00378103583560920,0.07161239505376098,0.01231266767997881,-0.60105786508393877,-0.52635219277571166,2.82107697203367414,0.63000000000000000,5.78000000000000025
0.00372098929384526,0.07155887631478627,0.01259454187353749,-0.59987101404432774,-0.54402126900489300,2.81639453031807419,0.63000000000000000,5.78000000000000025
0.00366106202328502,0.07150359106313424,0.01287594411211318,-0.59867244845747891,-0.56168245007602158,2.81163787062966275,0.63000000000000000,5.78000000000000025
0.00360125519316159,0.07144654008717551,0.01315686697331588,-0.59746221262921828,-0.57933575908302959,2.80680698041860266,0.63000000000000000,5.78000000000000025
0.00354156996831545,0.07138772417291450,0.01343730303329153,-0.59624035010611542,-0.59698122025297840,2.80190184294862155,0.63000000000000000,5.78000000000000025
0.00348200750927043,0.07132714410387722,0.01371724486630192,-0.59500690367425724,-0.61461885892292245,2.79692243726868650,0.63000000000000000,5.78000000000000025
0.00342256897230985,0.07126480066100142,0.01399668504430181,-0.59376191535796041,-0.63224870151681301,2.79186873818416448,0.63000000000000000,5.78000000000000025
0.00336325550955272,0.07120069462252911,0.01427561613651310,-0.59250542641842030,-0.64987077552243488,2.78674071622745378,0.63000000000000000,5.78000000000000025
0.00330406826903016,0.07113482676390125,0.01455403070899601,-0.59123747735229570,-0.66748510946836881,2.78153833762807690,0.63000000000000000,5.78000000000000025
0.00324500839476189,0.07106719785765486,0.01483192132421734,-0.58995810789022618,-0.68509173290097281,2.77626156428221949,0.63000000000000000,5.78000000000000025
0.00318607702683297,0.07099780867332244,0.01510928054061553,-0.58866735699528205,-0.70269067636137528,2.77091035372170547,0.63000000000000000,5.78000000000000025
0.00312727530147057,0.07092665997733355,0.01538610091216267,-0.58736526286134449,-0.72028197136247218,2.76548465908239294,0.63000000000000000,5.78000000000000025
0.00306860435112099,0.07085375253291885,0.01566237498792331,-0.58605186291141353,-0.73786565036592111,2.75998442907198127,0.63000000000000000,5.78000000000000025
0.00301006530452689,0.07077908710001637,0.01593809531160998,-0.58472719379584381,-0.75544174675912434,2.75440960793721112,0.63000000000000000,5.78000000000000025
0.00295165928680457,0.07070266443518004,0.01621325442113546,-0.58339129139050427,-0.77301029483219330,2.74876013543044806,0.63000000000000000,5.78000000000000025
0.00289338741952156,0.07062448529149062,0.01648784484816163,-0.58204419079486225,-0.79057132975488631,2.74303594677563556,0.63000000000000000,5.78000000000000025
0.00283525082077432,0.07054455041846888,0.01676185911764490,-0.58068592632998817,-0.80812488755351186,2.73723697263360144,0.63000000000000000,5.78000000000000025
0.00277725060526626,0.07046286056199108,0.01703528974737814,-0.57931653153648066,-0.82567100508778868,2.73136313906670525,0.63000000000000000,5.78000000000000025
0.00271938788438579,0.07037941646420683,0.01730812924752902,-0.57793603917230918,-0.84320972002765437,2.72541436750281241,0.63000000000000000,5.78000000000000025
0.00266166376628479,0.07029421886345916,0.01758037012017476,-0.57654448121057245,-0.86074107083001417,2.71939057469857870,0.63000000000000000,5.78000000000000025
0.00260407935595714,0.07020726849420708,0.01785200485883312,-0.57514188883717177,-0.87826509671542097,2.71329167270203264,0.63000000000000000,5.78000000000000025
0.00254663575531760,0.07011856608695032,0.01812302594798966,-0.57372829244839618,-0.89578183764467745,2.70711756881443799,0.63000000000000000,5.78000000000000025
0.00248933406328089,0.07002811236815647,0.01839342586262109,-0.57230372164841770,-0.91329133429535136,2.70086816555142484,0.63000000000000000,5.78000000000000025
0.00243217537584103,0.06993590806019054,0.01866319706771476,-0.57086820524669568,-0.93079362803819465,2.69454336060336841,0.63000000000000000,5.78000000000000025
0.00237516078615093,0.06984195388124678,0.01893233201778414,-0.56942177125528703,-0.94828876091345649,2.68814304679500315,0.63000000000000000,5.78000000000000025
0.00231829138460229,0.06974625054528295,0.01920082315638014,-0.56796444688606063,-0.96577677560708108,2.68166711204425701,0.63000000000000000,5.78000000000000025
0.00226156825890574,0.06964879876195690,0.01946866291559841,-0.56649625854781493,-0.98325771542677975,2.67511543932028450,0.63000000000000000,5.78000000000000025
0.00220499249417131,0.06954959923656562,0.01973584371558227,-0.56501723184329511,-1.00073162427796714,2.66848790660068724,0.63000000000000000,5.78000000000000025
0.00214856517298921,0.06944865266998669,0.02000235796402144,-0.56352739156610854,-1.01819854663955156,2.66178438682789942,0.63000000000000000,5.78000000000000025
0.00209228737551084,0.06934595975862216,0.02026819805564625,-0.56202676169753640,-1.03565852753956800,2.65500474786472607,0.63000000000000000,5.78000000000000025
0.00203616017953025,0.06924152119434482,0.02053335637171745,-0.56051536540323910,-1.05311161253064367,2.64814885244901177,0.63000000000000000,5.78000000000000025
0.00198018466056585,0.06913533766444699,0.02079782527951141,-0.55899322502985305,-1.07055784766528461,2.64121655814742473,0.63000000000000000,5.78000000000000025
0.00192436189194247,0.06902740985159181,0.02106159713180065,-0.55746036210147720,-1.08799727947097136,2.63420771730833581,0.63000000000000000,5.78000000000000025
0.00186869294487381,0.06891773843376695,0.02132466426632961,-0.55591679731604615,-1.10542995492505347,2.62712217701377382,0.63000000000000000,5.78000000000000025
0.00181317888854524,0.06880632408424089,0.02158701900528557,-0.55436255054158856,-1.12285592142942825,2.61995977903043986,0.63000000000000000,5.78000000000000025
0.00175782079019699,0.06869316747152179,0.02184865365476466,-0.55279764081236704,-1.14027522678499516,2.61272035975975658,0.63000000000000000,5.78000000000000025
0.00170261971520771,0.06857826925931883,0.02210956050423274,-0.55122208632489889,-1.15768791916586933,2.60540375018693871,0.63000000000000000,5.78000000000000025
0.00164757672717846,0.06846163010650617,0.02236973182598125,-0.54963590443385324,-1.17509404709334397,2.59800977582905768,0.63000000000000000,5.78000000000000025
0.00159269288801709,0.06834325066708964,0.02262915987457771,-0.54803911164782404,-1.19249365940958763,2.59053825668208448,0.63000000000000000,5.78000000000000025
0.00153796925802310,0.06822313159017587,0.02288783688631094,-0.54643172362497483,-1.20988680525106251,2.58298900716688573,0.63000000000000000,5.78000000000000025
0.00148340689597286,0.06810127351994426,0.02314575507863081,-0.54481375516855313,-1.22727353402165007,2.57536183607415525,0.63000000000000000,5.78000000000000025
0.00142900685920536,0.06797767709562157,0.02340290664958240,-0.54318522022227211,-1.24465389536547000,2.56765654650825548,0.63000000000000000,5.78000000000000025
0.00137477020370838,0.06785234295145930,0.02365928377723454,-0.54154613186555667,-1.26202793913937739,2.55987293582994635,0.63000000000000000,5.78000000000000025
0.00132069798420521,0.06772527171671378,0.02391487861910252,-0.53989650230865072,-1.27939571538512320,2.55201079559798139,0.63000000000000000,5.78000000000000025
0.00126679125424174,0.06759646401562908,0.02416968331156493,-0.53823634288758315,-1.29675727430116350,2.54406991150954331,0.63000000000000000,5.78000000000000025
0.00121305106627422,0.06746592046742279,0.02442368996927449,-0.53656566405899020,-1.31411266621409939,2.53605006333949845,0.63000000000000000,5.78000000000000025
0.00115947847175740,0.06733364168627465,0.02467689068456268,-0.53488447539478967,-1.33146194154973463,2.52795102487844359,0.63000000000000000,5.78000000000000025
0.00110607452123332,0.06719962828131805,0.02492927752683824,-0.53319278557670591,-1.34880515080373153,2.51977256386951964,0.63000000000000000,5.78000000000000025
0.00105284026442058,0.06706388085663459,0.02518084254197913,-0.53149060239064094,-1.36614234451184902,2.51151444194396767,0.63000000000000000,5.78000000000000025
0.00099977675030422,0.06692640001125152,0.02543157775171813,-0.52977793272088958,-1.38347357321974518,2.50317641455540096,0.63000000000000000,5.78000000000000025
0.00094688502722620,0.06678718633914232,0.02568147515302171,-0.52805478254419458,-1.40079888745232717,2.49475823091276450,0.63000000000000000,5.78000000000000025
0.00089416614297641,0.06664624042923031,0.02593052671746216,-0.52632115692363923,-1.41811833768262741,2.48625963391195492,0.63000000000000000,5.78000000000000025
0.00084162114488438,0.06650356286539541,0.02617872439058280,-0.52457706000237347,-1.43543197430019043,2.47768036006607550,0.63000000000000000,5.78000000000000025
0.00078925107991161,0.06635915422648409,0.02642606009125616,-0.52282249499717071,-1.45273984757894703,2.46902013943429477,0.63000000000000000,5.78000000000000025
0.00073705699474449,0.06621301508632257,0.02667252571103498,-0.52105746419181065,-1.47004200764455861,2.46027869554927792,0.63000000000000000,5.78000000000000025
0.00068503993588797,0.06606514601373333,0.02691811311349587,-0.51928196893028655,-1.48733850444120930,2.45145574534316557,0.63000000000000000,5.78000000000000025
0.00063320094975991,0.06591554757255486,0.02716281413357546,-0.51749600960983122,-1.50462938769782473,2.44255099907206530,0.63000000000000000,5.78000000000000025
0.00058154108278603,0.06576422032166497,0.02740662057689902,-0.51569958567375906,-1.52191470689369623,2.43356416023902700,0.63000000000000000,5.78000000000000025
0.00053006138149577,0.06561116481500751,0.02764952421910118,-0.51389269560412021,-1.53919451122348616,2.42449492551546664,0.63000000000000000,5.78000000000000025
0.00047876289261870,0.06545638160162252,0.02789151680513880,-0.51207533691416296,-1.55646884956159370,2.41534298466101038,0.63000000000000000,5.78000000000000025
0.00042764666318186,0.06529987122568018,0.02813259004859574,-0.51024750614059999,-1.57373777042585461,2.40610802044172045,0.63000000000000000,5.78000000000000025
0.00037671374060776,0.06514163422651820,0.02837273563097929,-0.50840919883567470,-1.59100132194055166,2.39678970854667295,0.63000000000000000,5.78000000000000025
0.00032596517281324,0.06498167113868314,0.02861194520100825,-0.50656040955902371,-1.60825955179871016,2.38738771750284817,0.63000000000000000,5.78000000000000025
0.00027540200830916,0.06481998249197542,0.02885021037389244,-0.50470113186933019,-1.62551250722365226,2.37790170858830097,0.63000000000000000,5.78000000000000025
0.00022502529630093,0.06465656881149821,0.02908752273060333,-0.50283135831576531,-1.64276023492978340,2.36833133574357069,0.63000000000000000,5.78000000000000025
0.00017483608678986,0.06449143061771041,0.02932387381713580,-0.50095108042921133,-1.66000278108258237,2.35867624548129795,0.63000000000000000,5.78000000000000025
0.00012483543067547,0.06432456842648346,0.02955925514376080,-0.49906028871326363,-1.67724019125776791,2.34893607679400507,0.63000000000000000,5.78000000000000025
0.00007502437985867,0.06415598274916247,0.02979365818426858,-0.49715897263500536,-1.69447251039961100,2.33911046106000153,0.63000000000000000,5.78000000000000025
0.00002540398734588,0.06398567409263146,0.03002707437520254,-0.49524712061555115,-1.71169978277836288,2.32919902194737682,0.63000000000000000,5.78000000000000025
-0.00002402469264589,0.06381364295938297,0.03025949511508329,-0.49332472002035432,-1.72892205194676807,2.31920137531603521,0.63000000000000000,5.78000000000000025
-0.00007326060458298,0.06363988984759192,0.03049091176362286,-0.49139175714927230,-1.74613936069562947,2.30911712911773437,0.63000000000000000,5.78000000000000025
-0.00012230269150801,0.06346441525119419,0.03072131564092883,-0.48944821722638587,-1.76335175100839270,2.29894588329407989,0.63000000000000000,5.78000000000000025
-0.00017114989493180,0.06328721965996960,0.03095069802669809,-0.48749408438956615,-1.78055926401471543,2.28868722967243476,0.63000000000000000,5.78000000000000025
-0.00021980115472419,0.06310830355962965,0.03117905015940014,-0.48552934167978423,-1.79776193994298561,2.27834075185969676,0.63000000000000000,5.78000000000000025
-0.00026825540900381,0.06292766743191011,0.03140636323544963,-0.48355397103015807,-1.81495981807175388,2.26790602513389761,0.63000000000000000,5.78000000000000025
-0.00031651159402675,0.06274531175466844,0.03163262840836798,-0.48156795325473051,-1.83215293668004042,2.25738261633357462,0.63000000000000000,5.78000000000000025
-0.00036456864407409,0.06256123700198628,0.03185783678793380,-0.47957126803697292,-1.84934133299647852,2.24677008374486986,0.63000000000000000,5.78000000000000025
-0.00041242549133820,0.06237544364427710,0.03208197943932187,-0.47756389391800819,-1.86652504314725576,2.23606797698630100,0.63000000000000000,5.78000000000000025
-0.00046008106580798,0.06218793214839909,0.03230504738223061,-0.47554580828454746,-1.88370410210280870,2.22527583689115760,0.63000000000000000,5.78000000000000025
-0.00050753429515275,0.06199870297777345,0.03252703158999746,-0.47351698735653341,-1.90087854362323183,2.21439319538746737,0.63000000000000000,5.78000000000000025
-0.00055478410460497,0.06180775659250821,0.03274792298870233,-0.47147740617448464,-1.91804840020235412,2.20341957537547994,0.63000000000000000,5.78000000000000025
-0.00060182941684162,0.06161509344952772,0.03296771245625856,-0.46942703858653367,-1.93521370301043905,2.19235449060261178,0.63000000000000000,5.78000000000000025
-0.00064866915186434,0.06142071400270791,0.03318639082149130,-0.46736585723515256,-1.95237448183546070,2.18119744553579542,0.63000000000000000,5.78000000000000025
-0.00069530222687818,0.06122461870301755,0.03340394886320293,-0.46529383354355836,-1.96953076502290725,2.16994793523117790,0.63000000000000000,5.78000000000000025
-0.00074172755616894,0.06102680799866553,0.03362037730922537,-0.46321093770179211,-1.98668257941406212,2.15860544520110498,0.63000000000000000,5.78000000000000025
-0.00078794405097919,0.06082728233525445,0.03383566683545896,-0.46111713865246334,-2.00382995028271171,2.14716945127833325,0.63000000000000000,5.78000000000000025
-0.00083395061938279,0.06062604215594063,0.03404980806489756,-0.45901240407615312,-2.02097290127022422,2.13563941947740510,0.63000000000000000,5.78000000000000025
-0.00087974616615793,0.06042308790160062,0.03426279156663969,-0.45689670037646746,-2.03811145431894625,2.12401480585312585,0.63000000000000000,5.78000000000000025
-0.00092532959265866,0.06021842001100453,0.03447460785488535,-0.45476999266473372,-2.05524562960385992,2.11229505635607362,0.63000000000000000,5.78000000000000025
-0.00097069979668491,0.06001203892099626,0.03468524738791828,-0.45263224474433167,-2.07237544546244035,2.10047960668507905,0.63000000000000000,5.78000000000000025
-0.00101585567235090,0.05980394506668083,0.03489470056707320,-0.45048341909465045,-2.08950091832265272,2.08856788213660050,0.63000000000000000,5.78000000000000025
-0.00106079610995188,0.05959413888161900,0.03510295773568802,-0.44832347685466395,-2.10662206262902840,2.07655929745092882,0.63000000000000000,5.78000000000000025
-0.00110551999582928,0.05938262079802943,0.03531000917804031,-0.44615237780611472,-2.12373889076675049,2.06445325665514767,0.63000000000000000,5.78000000000000025
-0.00115002621223415,0.05916939124699844,0.03551584511826802,-0.44397008035629831,-2.14085141298368553,2.05224915290277332,0.63000000000000000,5.78000000000000025
-0.00119431363718879,0.05895445065869775,0.03572045571927397,-0.44177654152043827,-2.15795963731028850,2.03994636830999987,0.63000000000000000,5.78000000000000025
-0.00123838114434668,0.05873779946261037,0.03592383108161379,-0.43957171690364277,-2.17506356947731261,2.02754427378847035,0.63000000000000000,5.78000000000000025
-0.00128222760285054,0.05851943808776470,0.03612596124236692,-0.43735556068243270,-2.19216321283124360,2.01504222887449602,0.63000000000000000,5.78000000000000025
-0.00132585187718851,0.05829936696297731,0.03632683617399045,-0.43512802558583180,-2.20925856824738887,2.00243958155463631,0.63000000000000000,5.78000000000000025
-0.00136925282704849,0.05807758651710454,0.03652644578315519,-0.43288906287600826,-2.22634963404053465,1.98973566808756130,0.63000000000000000,5.78000000000000025
-0.00141242930717038,0.05785409717930307,0.03672477990956390,-0.43063862232845718,-2.24343640587309290,1.97692981282210645,0.63000000000000000,5.78000000000000025
-0.00145538016719649,0.05762889937929988,0.03692182832475096,-0.42837665221171367,-2.26051887666064966,1.96402132801143114,0.63000000000000000,5.78000000000000025
-0.00149810425151975,0.05740199354767180,0.03711758073086343,-0.42610309926658496,-2.27759703647482992,1.95100951362319108,0.63000000000000000,5.78000000000000025
-0.00154060039912993,0.05717338011613480,0.03731202675942277,-0.42381790868489039,-2.29467087244338286,1.93789365714563067,0.63000000000000000,5.78000000000000025
-0.00158286744345759,0.05694305951784357,0.03750515597006708,-0.42152102408769759,-2.31174036864739474,1.92467303338949902,0.63000000000000000,5.78000000000000025
-0.00162490421221596,0.05671103218770143,0.03769695784927322,-0.41921238750304324,-2.32880550601553349,1.91134690428569209,-0.31000000000000000,3.52000000000000002
-0.00166663732155534,0.05647723675336788,0.03788743896939691,-0.41544787049817250,-2.34710249907849988,1.89825772068635268,-0.31000000000000000,3.52000000000000002
-0.00170799340026194,0.05624161182417706,0.03807660582415279,-0.41167177185527670,-2.36539540340263610,1.88506145876720033,-0.31000000000000000,3.52000000000000002
-0.00174897128925292,0.05600415780900635,0.03826444766401678,-0.40788407297901746,-2.38368421815532727,1.87175728224108573,-0.31000000000000000,3.52000000000000002
-0.00178956982752135,0.05576487511704751,0.03845095365509880,-0.40408475398139698,-2.40196893785795806,1.85834434003754256,-0.31000000000000000,3.52000000000000002
-0.00182978785200653,0.05552376415827849,0.03863611287765296,-0.40027379367382143,-2.42024955224089267,1.84482176607182535,-0.31000000000000000,3.52000000000000002
-0.00186962419746354,0.05528082534394996,0.03881991432456440,-0.39645116955895515,-2.43852604609406454,1.83118867900899440,-0.31000000000000000,3.52000000000000002
-0.00190907769633195,0.05503605908708701,0.03900234689981220,-0.39261685782236500,-2.45679839911303377,1.81744418202293834,-0.31000000000000000,3.52000000000000002
-0.00194814717860366,0.05478946580300648,0.03918339941690804,-0.38877083332395390,-2.47506658574034732,1.80358736255022745,-0.31000000000000000,3.52000000000000002
-0.00198683147168992,0.05454104590985041,0.03936306059730998,-0.38491306958918331,-2.49333057500205024,1.78961729203868347,-0.31000000000000000,3.52000000000000002
-0.00202512940028743,0.05429079982913605,0.03954131906881068,-0.38104353880008368,-2.51159033033917156,1.77553302569055482,-0.31000000000000000,3.52000000000000002
-0.00206303978624353,0.05403872798632301,0.03971816336389990,-0.37716221178605286,-2.52984580943402104,1.76133360220017621,-0.31000000000000000,3.52000000000000002
-0.00210056144842049,0.05378483081139806,0.03989358191810026,-0.37326905801444193,-2.54809696403110841,1.74701804348599743,-0.31000000000000000,3.52000000000000002
-0.00213769320255881,0.05352910873947805,0.04006756306827606,-0.36936404558092834,-2.56634373975250796,1.73258535441685635,-0.31000000000000000,3.52000000000000002
-0.00217443386113956,0.05327156221143169,0.04024009505091437,-0.36544714119967597,-2.58458607590747036,1.71803452253237188,-0.31000000000000000,3.52000000000000002
-0.00221078223324573,0.05301219167452054,0.04041116600037790,-0.36151831019328284,-2.60282390529608332,1.70336451775733000,-0.31000000000000000,3.52000000000000002
-0.00224673712442258,0.05275099758306001,0.04058076394712897,-0.35757751648251607,-2.62105715400677619,1.68857429210993248,-0.31000000000000000,3.52000000000000002
-0.00228229733653690,0.05248798039910095,0.04074887681592398,-0.35362472257583455,-2.63928574120745285,1.67366277940377328,-0.31000000000000000,3.52000000000000002
-0.00231746166763529,0.05222314059313238,0.04091549242397780,-0.34965988955870031,-2.65750957893003115,1.65862889494340959,-0.31000000000000000,3.52000000000000002
-0.00235222891180125,0.05195647864480616,0.04108059847909740,-0.34568297708267842,-2.67572857184815716,1.64347153521338529,-0.31000000000000000,3.52000000000000002
-0.00238659785901134,0.05168799504368424,0.04124418257778398,-0.34169394335432746,-2.69394261704785842,1.62818957756056748,-0.31000000000000000,3.52000000000000002
-0.00242056729498999,0.05141769029000916,0.04140623220330306,-0.33769274512388070,-2.71215160379088394,1.61278187986964916,-0.31000000000000000,3.52000000000000002
-0.00245413600106342,0.05114556489549864,0.04156673472372171,-0.33367933767371982,-2.73035541327047993,1.59724728023167084,-0.31000000000000000,3.52000000000000002
-0.00248730275401216,0.05087161938416500,0.04172567738991238,-0.32965367480664287,-2.74855391835932750,1.58158459660541051,-0.31000000000000000,3.52000000000000002
-0.00252006632592257,0.05059585429316009,0.04188304733352238,-0.32561570883392776,-2.76674698334937297,1.56579262647148654,-0.31000000000000000,3.52000000000000002
-0.00255242548403705,0.05031827017364678,0.04203883156490849,-0.32156539056319428,-2.78493446368325870,1.54987014647901677,-0.31000000000000000,3.52000000000000002
-0.00258437899060306,0.05003886759169764,0.04219301697103582,-0.31750266928606602,-2.80311620567705866,1.53381591208467261,-0.31000000000000000,3.52000000000000002
-0.00261592560272090,0.04975764712922188,0.04234559031334020,-0.31342749276563608,-2.82129204623401053,1.51762865718396567,-0.31000000000000000,3.52000000000000002
-0.00264706407219024,0.04947460938492126,0.04249653822555328,-0.30933980722373866,-2.83946181254892105,1.50130709373459825,-0.31000000000000000,3.52000000000000002
-0.00267779314535532,0.04918975497527619,0.04264584721148960,-0.30523955732803054,-2.85762532180291462,1.48484991137170885,-0.31000000000000000,3.52000000000000002
-0.00270811156294889,0.04890308453556274,0.04279350364279475,-0.30112668617888633,-2.87578238084817883,1.46825577701483767,-0.31000000000000000,3.52000000000000002
-0.00273801805993482,0.04861459872090173,0.04293949375665379,-0.29700113529611127,-2.89393278588234537,1.45152333446643600,-0.31000000000000000,3.52000000000000002
-0.00276751136534939,0.04832429820734091,0.04308380365345912,-0.29286284460547685,-2.91207632211213863,1.43465120400174073,-0.31000000000000000,3.52000000000000002
-0.00279659020214116,0.04803218369297134,0.04322641929443690,-0.28871175242508407,-2.93021276340590031,1.41763798194982704,-0.31000000000000000,3.52000000000000002
-0.00282525328700956,0.04773825589907907,0.04336732649923108,-0.28454779545156006,-2.94834187193459218,1.40048224026565626,-0.31000000000000000,3.52000000000000002
-0.00285349933024203,0.04744251557133332,0.04350651094344422,-0.28037090874609449,-2.96646339780085588,1.38318252609292669,-0.31000000000000000,3.52000000000000002
-0.00288132703554976,0.04714496348101239,0.04364395815613414,-0.27618102572032222,-2.98457707865569999,1.36573736131753498,-0.31000000000000000,3.52000000000000002
-0.00290873509990202,0.04684560042626852,0.04377965351726539,-0.27197807812205993,-3.00268263930236046,1.34814524211145081,-0.31000000000000000,3.52000000000000002
-0.00293572221335911,0.04654442723343300,0.04391358225511462,-0.26776199602090445,-3.02077979128687035,1.33040463846680557,-0.31000000000000000,3.52000000000000002
-0.00296228705890374,0.04624144475836296,0.04404572944362895,-0.26353270779370175,-3.03886823247484728,1.31251399371999300,-0.31000000000000000,3.52000000000000002
-0.00298842831227106,0.04593665388783115,0.04417607999973613,-0.25929014010989626,-3.05694764661399843,1.29447172406557409,-0.31000000000000000,3.52000000000000002
-0.00301414464177720,0.04563005554096024,0.04430461868060564,-0.25503421791677000,-3.07501770288181620,1.27627621805977820,-0.31000000000000000,3.52000000000000002
-0.00303943470814627,0.04532165067070309,0.04443133008085956,-0.25076486442458362,-3.09307805541791447,1.25792583611338915,-0.31000000000000000,3.52000000000000002
-0.00306429716433595,0.04501144026537054,0.04455619862973226,-0.24648200109163076,-3.11112834284044659,1.23941890997379911,-0.31000000000000000,3.52000000000000002
-0.00308873065536151,0.04469942535020850,0.04467920858817766,-0.24218554760921857,-3.12916818774600403,1.22075374219601551,-0.31000000000000000,3.52000000000000002
-0.00311273381811837,0.04438560698902572,0.04480034404592315,-0.23787542188658861,-3.14719719619239369,1.20192860560239811,-0.31000000000000000,3.52000000000000002
-0.00313630528120317,0.04406998628587439,0.04491958891846871,-0.23355154003579315,-3.16521495716364543,1.18294174273090458,-0.31000000000000000,3.52000000000000002
-0.00315944366473324,0.04375256438678490,0.04503692694403053,-0.22921381635654264,-3.18322104201659295,1.16379136527162053,-0.31000000000000000,3.52000000000000002
-0.00318214758016462,0.04343334248155714,0.04515234168042746,-0.22486216332104211,-3.20121500390833624,1.14447565349134317,-0.31000000000000000,3.52000000000000002
-0.00320441563010861,0.04311232180560986,0.04526581650190944,-0.22049649155883491,-3.21919637720386698,1.12499275564599355,-0.31000000000000000,3.52000000000000002
-0.00322624640814664,0.04278950364189036,0.04537733459592651,-0.21611670984167369,-3.23716467686310860,1.10534078738062291,-0.31000000000000000,3.52000000000000002
-0.00324763849864386,0.04246488932284655,0.04548687895983720,-0.21172272506844028,-3.25511939780659931,1.08551783111678168,-0.31000000000000000,3.52000000000000002
-0.00326859047656098,0.04213848023246351,0.04559443239755501,-0.20731444225013737,-3.27306001425900295,1.06552193542701734,-0.31000000000000000,3.52000000000000002
-0.00328910090726485,0.04181027780836685,0.04569997751613170,-0.20289176449497645,-3.29098597906961077,1.04535111439626682,-0.31000000000000000,3.52000000000000002
-0.00330916834633733,0.04148028354399526,0.04580349672227600,-0.19845459299358853,-3.30889672300895832,1.02500334696990514,-0.31000000000000000,3.52000000000000002
-0.00332879133938290,0.04114849899084451,0.04590497221880658,-0.19400282700438587,-3.32679165404064392,1.00447657628821929,-0.31000000000000000,3.52000000000000002
-0.00334796842183463,0.04081492576078568,0.04600438600103760,-0.18953636383910463,-3.34467015656740196,0.98376870900706637,-0.31000000000000000,3.52000000000000002
-0.00336669811875887,0.04047956552846003,0.04610171985309577,-0.18505509884856103,-3.36253159065044338,0.96287761460448551,-0.31000000000000000,3.52000000000000002
-0.00338497894465840,0.04014242003375335,0.04619695534416728,-0.18055892540865509,-3.38037529120103519,0.94180112467302690,-0.31000000000000000,3.52000000000000002
-0.00340280940327427,0.03980349108435254,0.04629007382467325,-0.17604773490665912,-3.39820056714324803,0.92053703219756711,-0.31000000000000000,3.52000000000000002
-0.00342018798738627,0.03946278055838747,0.04638105642237231,-0.17152141672783003,-3.41600670054675826,0.89908309081837945,-0.31000000000000000,3.52000000000000002
-0.00343711317861209,0.03912029040716108,0.04646988403838858,-0.16697985824238740,-3.43379294572854299,0.87743701407923369,-0.31000000000000000,3.52000000000000002
-0.00345358344720513,0.03877602265797084,0.04655653734316385,-0.16242294479290237,-3.45155852832226007,0.85559647466029987,-0.31000000000000000,3.52000000000000002
-0.00346959725185118,0.03842997941702510,0.04664099677233219,-0.15785055968214462,-3.46930264431405266,0.83355910359563845,-0.31000000000000000,3.52000000000000002
-0.00348515303946381,0.03808216287245742,0.04672324252251561,-0.15326258416143887,-3.48702445904346847,0.81132248947506214,-0.31000000000000000,3.52000000000000002
-0.00350024924497871,0.03773257529744272,0.04680325454703901,-0.14865889741958485,-3.50472310616812655,0.78888417763016061,-0.31000000000000000,3.52000000000000002
-0.00351488429114687,0.03738121905341882,0.04688101255156305,-0.14403937657239885,-3.52239768659070807,0.76624166930428894,-0.31000000000000000,3.52000000000000002
-0.00352905658832681,0.03702809659341717,0.04695649598963311,-0.13940389665293834,-3.54004726734678821,0.74339242080632528,-0.31000000000000000,3.52000000000000002
-0.00354276453427582,0.03667321046550690,0.04702968405814283,-0.13475233060247560,-3.55767088045196411,0.72033384264801592,-0.31000000000000000,3.52000000000000002
-0.00355600651394041,0.03631656331635619,0.04710055569271066,-0.13008454926229016,-3.57526752170666740,0.69706329866473382,-0.31000000000000000,3.52000000000000002
-0.00356878089924588,0.03595815789491537,0.04716908956296746,-0.12540042136635476,-3.59283614945698604,0.67357810511949034,-0.31000000000000000,3.52000000000000002
-0.00358108604888533,0.03559799705622623,0.04723526406775383,-0.12069981353499426,-3.61037568330974246,0.64987552979005292,-0.31000000000000000,3.52000000000000002
-0.00359292030810795,0.03523608376536217,0.04729905733022520,-0.11598259026960175,-3.62788500280000692,0.62595279103903700,-0.31000000000000000,3.52000000000000002
-0.00360428200850696,0.03487242110150402,0.04736044719286311,-0.11124861394850227,-3.64536294600914790,0.60180705686685576,-0.31000000000000000,3.52000000000000002
-0.00361516946780713,0.03450701226215667,0.04741941121239095,-0.10649774482405952,-3.66280830813143377,0.57743544394743274,-0.31000000000000000,3.52000000000000002
-0.00362558098965211,0.03413986056751166,0.04747592665459233,-0.10172984102112766,-3.68021983998712665,0.55283501664660073,-0.31000000000000000,3.52000000000000002
-0.00363551486339164,0.03377096946496126,0.04752997048903048,-0.09694475853695668,-3.69759624647990881,0.52800278602313533,-0.31000000000000000,3.52000000000000002
-0.00364496936386886,0.03340034253376962,0.04758151938366690,-0.09214235124266661,-3.71493618499640466,0.50293570881239524,-0.31000000000000000,3.52000000000000002
-0.00365394275120782,0.03302798348990702,0.04763054969937745,-0.08732247088641325,-3.73223826374545187,0.47763068639257211,-0.31000000000000000,3.52000000000000002
-0.00366243327060149,0.03265389619105330,0.04767703748436421,-0.08248496709837619,-3.74950104003468443,0.45208456373358058,-0.31000000000000000,3.52000000000000002
-0.00367043915210018,0.03227808464177683,0.04772095846846141,-0.07762968739770773,-3.76672301848188162,0.42629412832865604,-0.31000000000000000,3.52000000000000002
-0.00367795861040097,0.03190055299889577,0.04776228805733361,-0.07275647720159048,-3.78390264915843222,0.40025610910876330,-0.31000000000000000,3.52000000000000002
-0.00368498984463801,0.03152130557702845,0.04780100132656447,-0.06786517983656065,-3.80103832566214317,0.37396717533996093,-0.31000000000000000,3.52000000000000002
-0.00369153103817413,0.03114034685434016,0.04783707301563443,-0.06295563655226399,-3.81812838311651070,0.34742393550391060,-0.31000000000000000,3.52000000000000002
-0.00369758035839397,0.03075768147849377,0.04787047752178564,-0.05802768653782184,-3.83517109609344198,0.32062293616177001,-0.31000000000000000,3.52000000000000002
-0.00370313595649881,0.03037331427281208,0.04790118889377235,-0.05308116694099616,-3.85216467645629113,0.29356066080176085,-0.31000000000000000,3.52000000000000002
-0.00370819596730358,0.02998725024265995,0.04792918082549538,-0.04811591289035409,-3.86910727111993547,0.26623352867076239,-0.31000000000000000,3.52000000000000002
-0.00371275850903612,0.02959949458205474,0.04795442664951893,-0.04313175752064534,-3.88599695972448034,0.23863789359034387,-0.31000000000000000,3.52000000000000002
-0.00371682168313928,0.02921005268051382,0.04797689933046815,-0.03812853200161920,-3.90283175221902967,0.21077004275771918,-0.31000000000000000,3.52000000000000002
-0.00372038357407593,0.02881893013014840,0.04799657145830622,-0.03310606557052213,-3.91960958635181500,0.18262619553218123,-0.31000000000000000,3.52000000000000002
-0.00372344224913757,0.02842613273301311,0.04801341524148926,-0.02806418556853218,-3.93632832506280472,0.15420250220765658,-0.31000000000000000,3.52000000000000002
-0.00372599575825668,0.02803166650872144,0.04802740249999785,-0.02300271748140232,-3.95298575377476302,0.12549504277210863,-0.31000000000000000,3.52000000000000002
-0.00372804213382339,0.02763553770233731,0.04803850465824395,-0.01792148498460236,-3.96957957757854407,0.09649982565461540,-0.31000000000000000,3.52000000000000002
-0.00372957939050696,0.02723775279255353,0.04804669273785182,-0.01282030999326667,-3.98610741830823168,0.06721278646105161,-0.31000000000000000,3.52000000000000002
-0.00373060552508239,0.02683831850016849,0.04805193735031210,-0.00769901271727478,-4.00256681150154670,0.03762978669941897,-0.31000000000000000,3.52000000000000002
-0.00373111851626291,0.02643724179687276,0.04805420868950786,-0.00255741172181210,-4.01895520324074962,0.00774661249599185,-0.31000000000000000,3.52000000000000002
-0.00373111632453877,0.02603452991435774,0.04805347652411193,0.00260467600622015,-4.03526994686906182,-0.02244102669642140,-0.31000000000000000,3.52000000000000002
-0.00373059689202302,0.02563019035375912,0.04804971018985467,0.00778743498555354,-4.05150829957741720,-0.05293749939665644,-0.31000000000000000,3.52000000000000002
-0.00372955814230480,0.02522423089544837,0.04804287858166170,0.01299105116124273,-4.06766741885613303,-0.08374725339820885,-0.31000000000000000,3.52000000000000002
-0.00372799798031102,0.02481665960918608,0.04803295014566115,0.01821571181825464,-4.08374435880587061,-0.11487481707531692,-0.31000000000000000,3.52000000000000002
-0.00372591429217698,0.02440748486465145,0.04801989287106023,0.02346160548748588,-4.09973606630200216,-0.14632480069015771,-0.31000000000000000,3.52000000000000002
-0.00372330494512679,0.02399671534236293,0.04800367428189109,0.02872892184370832,-4.11563937700627136,-0.17810189769900411,-0.31000000000000000,3.52000000000000002
-0.00372016778736449,0.02358436004500559,0.04798426142862625,0.03401785159491159,-4.13145101121936520,-0.21021088605497704,-0.31000000000000000,3.52000000000000002
-0.00371650064797659,0.02317042830918151,0.04796162087966400,0.03932858636247807,-4.14716756956774990,-0.24265662950479505,-0.31000000000000000,3.52000000000000002
-0.00371230133684717,0.02275492981760000,0.04793571871268459,0.04466131855159036,-4.16278552851786454,-0.27544407887667449,-0.31000000000000000,3.52000000000000002
-0.00370756764458637,0.02233787461172535,0.04790652050587815,0.05001624121123435,-4.17830123571045231,-0.30857827335626231,-0.31000000000000000,3.52000000000000002
-0.00370229734247351,0.02191927310490049,0.04787399132904577,0.05539354788312067,-4.19371090510753675,-0.34206434174719363,-0.31000000000000000,3.52000000000000002
-0.00369648818241581,0.02149913609596556,0.04783809573457547,0.06079343243880548,-4.20901061194424120,-0.37590750371255038,-0.31000000000000000,3.52000000000000002
-0.00369013789692412,0.02107747478339151,0.04779879774829509,0.06621608890424659,-4.22419628747731490,-0.41011307099315897,-0.31000000000000000,3.52000000000000002
-0.00368324419910679,0.02065430077994922,0.04775606086020480,0.07166171127098324,-4.23926371352193154,-0.44468644859829787,-0.31000000000000000,3.52000000000000002
-0.00367580478268310,0.02022962612793604,0.04770984801509199,0.07713049329307761,-4.25420851676796463,-0.47963313596399221,-0.31000000000000000,3.52000000000000002
-0.00366781732201786,0.01980346331498199,0.04766012160303225,0.08262262826890217,-4.26902616286661107,-0.51495872807364573,-0.31000000000000000,3.52000000000000002
-0.00365927947217851,0.01937582529045925,0.04760684344978038,0.08813830880680046,-4.28371195027787266,-0.55066891653530226,-0.31000000000000000,3.52000000000000002
-0.00365018886901656,0.01894672548251921,0.04754997480705608,0.09367772657358829,-4.29826100386903676,-0.58676949060933314,-0.31000000000000000,3.52000000000000002
-0.00364054312927508,0.01851617781578260,0.04748947634272972,0.09924107202479836,-4.31266826825392968,-0.62326633817981625,-0.31000000000000000,3.52000000000000002
-0.00363033985072410,0.01808419672970905,0.04742530813091390,0.10482853411550336,-4.32692850086232106,-0.66016544666229415,-0.31000000000000000,3.52000000000000002
-0.00361957661232600,0.01765079719767370,0.04735742964196799,0.11044029999048077,-4.34103626472846660,-0.69747290383998584,-0.31000000000000000,3.52000000000000002
-0.00360825097443294,0.01721599474677945,0.04728579973242276,0.11607655465240582,-4.35498592098738690,-0.73519489861985476,-0.31000000000000000,3.52000000000000002
-0.00359636047901859,0.01677980547843467,0.04721037663483394,0.12173748060667852,-4.36877162106704997,-0.77333772169922466,-0.31000000000000000,3.52000000000000002
-0.00358390264994667,0.01634224608972745,0.04713111794757393,0.12742325748140457,-4.38238729856423692,-0.81190776613285875,-0.31000000000000000,3.52000000000000002
-0.00357087499327881,0.01590333389562856,0.04704798062457227,0.13313406162095928,-4.39582666079142736,-0.85091152778958978,-0.31000000000000000,3.52000000000000002
-0.00355727499762432,0.01546308685205675,0.04696092096501642,0.13887006565146723,-4.40908317998163923,-0.89035560568669625,-0.31000000000000000,3.52000000000000002
-0.00354310013453508,0.01502152357984120,0.04686989460302583,0.14463143801642847,-4.42215008413772726,-0.93024670218925709,-0.31000000000000000,3.52000000000000002
-0.00352834785894824,0.01457866338961739,0.04677485649731324,0.15041834248061450,-4.43502034751221519,-0.97059162306068736,-0.31000000000000000,3.52000000000000002
-0.00351301560968038,0.01413452630769412,0.04667576092084915,0.15623093760024259,-4.44768668070333018,-1.01139727734954543,-0.31000000000000000,3.52000000000000002
-0.00349710080997627,0.01368913310293062,0.04657256145054636,0.16206937615731692,-4.46014152035248479,-1.05267067709651108,-0.31000000000000000,3.52000000000000002
-0.00348060086811620,0.01324250531466459,0.04646521095698355,0.16793380455589732,-4.47237701842805446,-1.09441893684415059,-0.31000000000000000,3.52000000000000002
-0.00346351317808560,0.01279466528173309,0.04635366159418854,0.17382436217792127,-4.48438503107989295,-1.13664927293071205,-0.31000000000000000,3.52000000000000002
-0.00344583512031127,0.01234563617263016,0.04623786478950372,0.17974118069606349,-4.49615710704866967,-1.17936900254771349,-0.31000000000000000,3.52000000000000002
-0.00342756406246854,0.01189544201684646,0.04611777123355860,0.18568438334096640,-4.50768447561374064,-1.22258554253950269,-0.31000000000000000,3.52000000000000002
-0.00340869736036410,0.01144410773743781,0.04599333087037611,0.19165408412001750,-4.51895803406294583,-1.26630640792126825,-0.31000000000000000,3.52000000000000002
-0.00338923235889957,0.01099165918487145,0.04586449288764229,0.19765038698468201,-4.52996833466742110,-1.31053921009015317,-0.31000000000000000,3.52000000000000002
-0.00336916639312091,0.01053812317220018,0.04573120570717137,0.20367338494322496,-4.54070557114426254,-1.35529165470217250,-0.31000000000000000,3.52000000000000002
-0.00334849678935959,0.01008352751161670,0.04559341697560105,0.20972315911547118,-4.55115956458966142,-1.40057153918553690,-0.31000000000000000,3.52000000000000002
-0.00332722086647118,0.00962790105244169,0.04545107355535596,0.21579977772605871,-4.56131974886497904,-1.44638674985874327,-0.31000000000000000,3.52000000000000002
-0.00330533593717792,0.00917127372060148,0.04530412151592042,0.22190329503243708,-4.57117515541812480,-1.49274525861939145,-0.31000000000000000,3.52000000000000002
-0.00328283930952194,0.00871367655965254,0.04515250612546539,0.22803375018364921,-4.58071439752260368,-1.53965511916711439,-0.31000000000000000,3.52000000000000002
-0.00325972828843615,0.00825514177341182,0.04499617184287797,0.23419116600571191,-4.58992565391665774,-1.58712446272126595,-0.31000000000000000,3.52000000000000002
-0.00323600017744056,0.00779570277025406,0.04483506231024619,0.24037554770917705,-4.59879665182509623,-1.63516149319107074,-0.31000000000000000,3.52000000000000002
-0.00321165228047179,0.00733539420913831,0.04466912034585601,0.24658688151421143,-4.60731464934671386,-1.68377448175280908,-0.31000000000000000,3.52000000000000002
-0.00318668190385454,0.00687425204742831,0.04449828793776229,0.25282513318828009,-4.61546641719060080,-1.73297176078526127,-0.31000000000000000,3.52000000000000002
-0.00316108635842379,0.00641231359057231,0.04432250623800046,0.25909024649125356,-4.62323821974524130,-1.78276171711107345,-0.31000000000000000,3.52000000000000002
-0.00313486296180734,0.00594961754371011,0.04414171555751108,0.26538214152248585,-4.63061579546503932,-1.83315278448790298,-0.31000000000000000,3.52000000000000002
-0.00310800904087883,0.00548620406527608,0.04395585536185529,0.27170071296412684,-4.63758433655984970,-1.88415343528916157,-0.31000000000000000,3.52000000000000002
-0.00308052193439187,0.00502211482266872,0.04376486426780534,0.27804582821464002,-4.64412846797428625,-1.93577217130986989,-0.31000000000000000,3.52000000000000002
-0.00305239899580648,0.00455739305005821,0.04356868004090122,0.28441732540619580,-4.65023222564497640,-1.98801751362857582,-0.31000000000000000,3.52000000000000002
-0.00302363759631998,0.00409208360840488,0.04336723959407125,0.29081501129930165,-4.65587903402566194,-2.04089799145143802,-0.31000000000000000,3.52000000000000002
-0.00299423512811481,0.00362623304776200,0.04316047898742250,0.29723865904771601,-4.66105168287205807,-2.09442212985944698,-0.31000000000000000,3.52000000000000002
-0.00296418900783659,0.00315988967193744,0.04294833342931480,0.30368800582637162,-4.66573230328078026,-2.14859843637432313,-0.31000000000000000,3.52000000000000002
-0.00293349668031665,0.00269310360558881,0.04273073727884096,0.31016275031471086,-4.66990234297943463,-2.20343538625289659,-0.31000000000000000,3.52000000000000002
-0.00290215562255369,0.00222592686382708,0.04250762404984509,0.31666255002750959,-4.67354254086821452,-2.25894140641371965,-0.31000000000000000,3.52000000000000002
-0.00287016334797040,0.00175841342440325,0.04227892641662095,0.32318701848494241,-4.67663290081707306,-2.31512485789330125,-0.31000000000000000,3.52000000000000002
-0.00283751741096141,0.00129061930255227,0.04204457622144266,0.32973572221332009,-4.67915266472686664,-2.37199401672265608,-0.31000000000000000,3.52000000000000002
-0.00280421541175005,0.00082260262856705,0.04180450448409160,0.33630817756761783,-4.68108028486776906,-2.42955705310786252,-0.31000000000000000,3.52000000000000002
-0.00277025500157212,0.00035442372817405,0.04155864141355517,0.34290384736660939,-4.68239339551387701,-2.48782200879098614,-0.31000000000000000,3.52000000000000002
-0.00273563388820590,-0.00011385479422046,0.04130691642208583,0.34952213733113646,-4.68306878389931480,-2.54679677246009817,-0.31000000000000000,3.52000000000000002
-0.00270034984186860,-0.00058216796934716,0.04104925814182252,0.35616239231577679,-4.68308236052836691,-2.60648905306918310,-0.31000000000000000,3.52000000000000002
-0.00266440070150043,-0.00105044837389073,0.04078559444419065,0.36282389232393819,-4.68240912888032401,-2.66690635092051709,-0.31000000000000000,3.52000000000000002
-0.00262778438145829,-0.00151862603824927,0.04051585246231219,0.36950584829620187,-4.68102315455892715,-2.72805592635363681,-0.31000000000000000,3.52000000000000002
-0.00259049887864254,-0.00198662835118326,0.04023995861667341,0.37620739766158051,-4.67889753394661678,-2.78994476587633855,-0.31000000000000000,3.52000000000000002
-0.00255254228008082,-0.00245437996130822,0.03995783864431452,0.38292759964125039,-4.67600436243535000,-2.85257954556428217,-0.31000000000000000,3.52000000000000002
-0.00251391277099438,-0.00292180267539263,0.03966941763182355,0.38966543029427470,-4.67231470231869217,-2.91596659154680538,-0.31000000000000000,3.52000000000000002
-0.00247460864337313,-0.00338881535343231,0.03937462005243526,0.39641977729486999,-4.66779855044428427,-2.98011183738750995,-0.31000000000000000,3.52000000000000002
-0.00243462830508684,-0.00385533380048272,0.03907336980755553,0.40318943443089306,-4.66242480574183737,-3.04502077815918559,-0.31000000000000000,3.52000000000000002
-0.00239397028956085,-0.00432127065524330,0.03876559027305231,0.40997309581345714,-4.65616123675959059,-3.11069842100375293,-0.31000000000000000,3.52000000000000002
-0.00235263326604568,-0.00478653527540219,0.03845120435067527,0.41676934978794300,-4.64897444936187920,-3.17714923195927934,-0.31000000000000000,3.52000000000000002
-0.00231061605051081,-0.00525103361976586,0.03813013452498884,0.42357667253717118,-4.64082985476223175,-3.24437707882787807,-0.31000000000000000,3.52000000000000002
-0.00226791761719395,-0.00571466812721710,0.03780230292622615,0.43039342136817060,-4.63169163809040629,-3.31238516985060238,-0.31000000000000000,3.52000000000000002
-0.00222453711083774,-0.00617733759256556,0.03746763139949510,0.43721782767483847,-4.62152272771815475,-3.38117598794850505,-0.31000000000000000,3.52000000000000002
-0.00218047385964673,-0.00663893703937925,0.03712604158079229,0.44404798956986791,-4.61028476559744682,-3.45075122028305614,-0.31000000000000000,3.52000000000000002
-0.00213572738899781,-0.00709935758991233,0.03677745498030541,0.45088186418065040,-4.59793807889653294,-3.52111168288437160,-0.31000000000000000,3.52000000000000002
-0.00209029743593817,-0.00755848633227448,0.03642179307351003,0.45771725960547632,-4.58444165325374531,-3.59225724009248726,-0.31000000000000000,3.52000000000000002
-0.00204418396450457,-0.00801620618502129,0.03605897740059223,0.46455182652829441,-4.56975310800651346,-3.66418671855558742,-0.31000000000000000,3.52000000000000002
-0.00199738718189829,-0.00847239575938275,0.03568892967475432,0.47138304949259019,-4.55382867379379253,-3.73689781553001721,-0.31000000000000000,3.52000000000000002
-0.00194990755554952,-0.00892692921938888,0.03531157189998583,0.47820823783764754,-4.53662317297413331,-3.81038700123055740,-0.31000000000000000,3.52000000000000002
-0.00190174583110486,-0.00937967614019811,0.03492682649890731,0.48502451630361548,-4.51809000334905519,-3.88464941498628047,-0.31000000000000000,3.52000000000000002
-0.00185290305137038,-0.00983050136498561,0.03453461645131797,0.49182881531546208,-4.49818112573225815,-3.95967875496793065,-0.31000000000000000,3.52000000000000002
-0.00180338057624180,-0.01027926486080537,0.03413486544410132,0.49861786096011229,-4.47684705595959453,-4.03546716126777838,-0.31000000000000000,3.52000000000000002
-0.00175318010365153,-0.01072582157390223,0.03372749803316350,0.50538816467589676,-4.45403686199253812,-4.11200509213299448,-0.31000000000000000,3.52000000000000002
-0.00170230369156012,-0.01117002128501846,0.03331243981809798,0.51213601267893516,-4.42969816682909290,-4.18928119317953573,-0.31000000000000000,3.52000000000000002
-0.00165075378101701,-0.01161170846531394,0.03288961763028583,0.51885745515730886,-4.40377715800044811,-4.26728215944616540,-0.31000000000000000,3.52000000000000002
-0.00159853322031188,-0.01205072213360024,0.03245895973515292,0.52554829527089764,-4.37621860449899902,-4.34599259018845085,-0.31000000000000000,3.52000000000000002
-0.00154564529023389,-0.01248689571567690,0.03202039604931319,0.53220407800262770,-4.34696588205314427,-4.42539483636138176,-0.31000000000000000,3.52000000000000002
-0.00149209373045098,-0.01292005690665337,0.03157385837332908,0.53882007891566153,-4.31596100773611724,-4.50546884079766663,-0.31000000000000000,3.52000000000000002
-0.00143788276701554,-0.01335002753724244,0.03111928064081655,0.54539129288080634,-4.28314468496922096,-4.58619197115791266,-0.31000000000000000,3.52000000000000002
-0.00138301714099574,-0.01377662344512060,0.03065659918461034,0.55191242284918052,-4.24845636005341554,-4.66753884580992739,-0.31000000000000000,3.52000000000000002
-0.00132750213822371,-0.01419965435256801,0.03018575302068474,0.55837786875698903,-4.21183429143614507,-4.74948115288848616,-0.31000000000000000,3.52000000000000002
-0.00127134362014264,-0.01461892375172486,0.02970668415049489,0.56478171666215782,-4.17321563299124776,-4.83198746289532899,-0.31000000000000000,3.52000000000000002
-0.00121454805572387,-0.01503422879893213,0.02921933788236150,0.57111772822656359,-4.13253653265719390,-4.91502303532302420,-0.31000000000000000,3.52000000000000002
-0.00115712255441318,-0.01544536021976253,0.02872366317246658,0.57737933067267122,-4.08973224784085154,-4.99854961992687485,-0.31000000000000000,3.52000000000000002
-0.00109907490005180,-0.01585210222649075,0.02821961298595770,0.58355960735951862,-4.04473727904822322,-5.08252525342729822,-0.31000000000000000,3.52000000000000002
-0.00104041358570203,-0.01625423244990074,0.02770714467857134,0.58965128914010323,-3.99748552324760675,-5.16690405260198560,-0.31000000000000000,3.52000000000000002
-0.00098114784929079,-0.01665152188747984,0.02718622039908017,0.59564674668022666,-3.94791044850138473,-5.25163600492342386,-0.31000000000000000,3.52000000000000002
-0.00092128770996493,-0.01704373487020406,0.02665680751274324,0.60153798393759572,-3.89594529141683976,-5.33666675811348057,-0.31000000000000000,3.52000000000000002
-0.00086084400503157,-0.01743062905027397,0.02611887904578876,0.60731663301926331,-3.84152327896022072,-5.42193741022282882,-0.31000000000000000,3.52000000000000002
-0.00079982842733403,-0.01781195541231324,0.02557241415078630,0.61297395065506377,-3.78457787614760655,-5.50738430209870078,-0.31000000000000000,3.52000000000000002
-0.00073825356288898,-0.01818745831069117,0.02501739859256483,0.61850081654422950,-3.72504306106635452,-5.59293881437891383,-0.31000000000000000,3.52000000000000002
-0.00067613292858377,-0.01855687553577097,0.02445382525410508,0.62388773385146756,-3.66285362858719932,-5.67852717144176644,-0.31000000000000000,3.52000000000000002
-0.00061348100970455,-0.01891993841201565,0.02388169466157646,0.62912483214694670,-3.59794552399416023,-5.76407025504787462,-0.31000000000000000,3.52000000000000002
-0.00055031329703526,-0.01927637193099736,0.02330101552739924,0.63420187310132170,-3.53025620758193881,-5.84948343072806765,-0.31000000000000000,3.52000000000000002
-0.00048664632323586,-0.01962589492245018,0.02271180530989125,0.63910825926143877,-3.45972505104292782,-5.93467639029669325,-0.31000000000000000,3.52000000000000002
-0.00042249769817494,-0.01996822026657495,0.02211409078770384,0.64383304624396032,-3.38629376618290356,-6.01955301419660405,-0.31000000000000000,3.52000000000000002
-0.00035788614285773,-0.02030305515084184,0.02150790864686531,0.64836495869196042,-3.30990686616073537,-6.10401125770376041,-0.31000000000000000,3.52000000000000002
-0.00029283152155576,-0.02063010137453602,0.02089330607783141,0.65269241034262704,-3.23051215903838473,-6.18794306532760974,-0.31000000000000000,3.52000000000000002
-0.00022735487170981,-0.02094905570424728,0.02027034137949455,0.65680352855152535,-3.14806127294915994,-6.27123431802827636,-0.31000000000000000,3.52000000000000002
-0.00016147843114350,-0.02125961028340809,0.01963908456662845,0.66068618360933828,-3.06251021164190673,-6.35376481812190619,-0.31000000000000000,3.52000000000000002
-0.00009522566209231,-0.02156145309882988,0.01899961797674705,0.66432802316945716,-2.97381993853524307,-6.43540831694833138,-0.31000000000000000,3.52000000000000002
-0.00002862127152185,-0.02185426850696668,0.01835203687184170,0.66771651207809357,-2.88195698671972744,-6.51603259051636474,-0.31000000000000000,3.52000000000000002
0.00003830877281761,-0.02213773782234102,0.01769645002993489,0.67083897786159552,-2.78689409157994294,-6.59549956840597851,-0.31000000000000000,3.52000000000000002
0.00010553723117720,-0.02241153997019340,0.01703298032086185,0.67368266207732019,-2.68861084187862476,-6.67366552117695111,-0.31000000000000000,3.52000000000000002
0.00017303558603004,-0.02267535220495704,0.01636176526017210,0.67623477767381956,-2.58709434426016127,-6.75038131139325071,-0.31000000000000000,3.52000000000000002
0.00024077404233172,-0.02292885089560907,0.01568295753454458,0.67848257243251286,-2.48233989520366016,-6.82549271310449956,-0.31000000000000000,3.52000000000000002
0.00030872153442875,-0.02317171237830512,0.01499672549164506,0.68041339847600035,-2.37435165350289878,-6.89884080421389978,-0.31000000000000000,3.52000000000000002
0.00037684574021688,-0.02340361387596383,0.01430325358693881,0.68201478772762369,-2.26314330539267905,-6.97026243559111247,-0.31000000000000000,3.52000000000000002
0.00044511310313382,-0.02362423448363271,0.01360274277962131,0.68327453309313646,-2.14873871350349166,-7.03959078004617478,-0.31000000000000000,3.52000000000000002
0.00051348886254212,-0.02383325621753992,0.01289541086956283,0.68418077500927443,-2.03117253993826141,-7.10665596335744976,-0.31000000000000000,3.52000000000000002
0.00058193709301517,-0.02403036512472492,0.01218149276699711,0.68472209286705932,-1.91049083295949096,-7.17128577843821269,-0.31000000000000000,3.52000000000000002
0.00065042075298348,-0.02421525244905419,0.01146124068663931,0.68488760067193033,-1.78675156608874097,-7.23330648243369367,-0.31000000000000000,3.52000000000000002
0.00071890174312644,-0.02438761584828065,0.01073492425801103,0.68466704615107221,-1.66002511789190921,-7.29254367507103041,-0.31000000000000000,3.52000000000000002
0.00078734097480852,-0.02454716065561421,0.01000283054399828,0.68405091236410087,-1.53039468039307236,-7.34882325495401467,-0.31000000000000000,3.52000000000000002
0.00085569844875670,-0.02469360117805855,0.00926526396008667,0.68303052072077031,-1.39795658396623712,-7.40197244872672133,-0.31000000000000000,3.52000000000000002
0.00092393334405873,-0.02482666202256060,0.00852254608731815,0.68159813416339832,-1.26282052673544354,-7.45182090615806469,-0.31000000000000000,3.52000000000000002
0.00099200411743115,-0.02494607943984420,0.00777501537280528,0.67974705913761779,-1.12510969700212571,-7.49820185226514102,-0.31000000000000000,3.52000000000000002
0.00105986861256194,-0.02505160267468930,0.00702302671262439,0.67747174485855444,-0.98496077804078175,-7.54095328564769751,-0.31000000000000000,3.52000000000000002
0.00112748417917882,-0.02514299531040804,0.00626695091308727,0.67476787828648488,-0.84252382577720653,-7.57991921030796156,-0.31000000000000000,3.52000000000000002
0.00119480780133202,-0.02522003659439398,0.00550717402775428,0.67163247316222963,-0.69796201139413616,-7.61495088644440177,-0.31000000000000000,3.52000000000000002
0.00126179623421363,-0.02528252273091636,0.00474409656908488,0.66806395142340136,-0.55145122279040470,-7.64590808410401301,-0.31000000000000000,3.52000000000000002
0.00132840614866795,-0.02533026812683198,0.00397813259530291,0.66406221533289500,-0.40317952103034349,-7.67266032222625149,-0.31000000000000000,3.52000000000000002
0.00139459428238267,-0.02536310657562374,0.00320970867485543,0.65962870870441515,-0.25334645042338844,-7.69508807458193989,-0.31000000000000000,3.52000000000000002
0.00146031759659362,-0.02538089236517427,0.00243926273272887,0.65476646570881780,-0.10216220361728315,-7.71308392346627247,-0.31000000000000000,3.52000000000000002
0.00152553343699155,-0.02538350129496629,0.00166724278481475,0.64948014589046399,0.05015335399550397,-7.72655364180162518,-0.31000000000000000,3.52000000000000002
0.00159019969739076,-0.02537083158898116,0.00089410556844142,0.64377605421370643,0.20337179325014221,-7.73541718458572891,-0.31000000000000000,3.52000000000000002
0.00165427498461352,-0.02534280469144877,0.00012031507906000,0.63766214519322184,0.35725735324334940,-7.73960957141070072,-0.31000000000000000,3.52000000000000002
0.00171771878296228,-0.02529936593378057,-0.00065365897516136,0.63114801043334823,0.51156828320004022,-7.73908164308654811,-0.31000000000000000,3.52000000000000002
0.00178049161659951,-0.02524048506247792,-0.00142734278747060,0.62424484920421985,0.66605827823133867,-7.73380067721676934,-0.31000000000000000,3.52000000000000002
0.00184255520813355,-0.02516615661952585,-0.00220026012062313,0.61696542200794480,0.82047799062853377,-7.72375084985986327,-0.31000000000000000,3.52000000000000002
0.00190387263172139,-0.02507640016872257,-0.00297193401300801,0.60932398742660232,0.97457659631461857,-7.70893353311419283,-0.31000000000000000,3.52000000000000002
0.00196440845904526,-0.02497126036351465,-0.00374188850601878,0.60133622288474853,1.12810339452399067,-7.68936742151060759,-0.31000000000000000,3.52000000000000002
0.00202412889660010,-0.02485080685415617,-0.00450965037533077,0.59301913029120279,1.28080941776615020,-7.66508848339662219,-0.31000000000000000,3.52000000000000002
0.00208300191284104,-0.02471513403433127,-0.00527475084853641,0.58439092783701418,1.43244902869519453,-7.63614973694430255,-0.31000000000000000,3.52000000000000002
0.00214099735388254,-0.02456436062971384,-0.00603672729172816,0.57547092950812828,1.58278148067524094,-7.60262085389974196,-0.31000000000000000,3.52000000000000002
0.00219808704660846,-0.02439862913322586,-0.00679512484810157,0.56627941411297222,1.73157241960012032,-7.56458759760100818,-0.31000000000000000,3.52000000000000002
0.00225424488824324,-0.02421810509393723,-0.00754949801246711,0.55683748581913439,1.87859530586712276,-7.52215110501246809,-0.31000000000000000,3.52000000000000002
0.00230944692164057,-0.02402297626857107,-0.00829941212668319,0.54716692833367675,2.02363273726978976,-7.47542702545359283,-0.31000000000000000,3.52000000000000002
0.00236367139576461,-0.02381345164638942,-0.00904444478242200,0.53729005494476301,2.16647765589415453,-7.42454453125000402,-0.31000000000000000,3.52000000000000002
0.00241689881106180,-0.02358976035979388,-0.00978418711931091,0.52722955666695348,2.30693442479048771,-7.36964521763123770,-0.31000000000000000,3.52000000000000002
0.00246911194964490,-0.02335215049425287,-0.01051824500830911,0.51700835069978468,2.44481976315081484,-7.31088191079116001,-0.31000000000000000,3.52000000000000002
0.00252029589042734,-0.02310088781213835,-0.01124624011212763,0.50664943132241591,2.57996353184684901,-7.24841740408281243,-0.31000000000000000,3.52000000000000002
0.00257043800955244,-0.02283625440571076,-0.01196781081652839,0.49617572521141062,2.71220936436766191,-7.18242314283147731,-0.31000000000000000,3.52000000000000002
0.00261952796665172,-0.02255854729482868,-0.01268261302838973,0.48560995299097143,2.84141514133913242,-7.11307787823123316,-0.31000000000000000,3.52000000000000002
0.00266755767763745,-0.02226807698498991,-0.01339032083845037,0.47497449861315538,2.96745330981365241,-7.04056631027374191,-0.31000000000000000,3.52000000000000002
0.00271452127488234,-0.02196516600105027,-0.01409062704859398,0.46429128792850877,3.09021105130621798,-6.96507773869269808,-0.31000000000000000,3.52000000000000002
0.00276041505576315,-0.02165014741144110,-0.01478324356537021,0.45358167755417611,3.20959030505389631,-6.88680473955528161,-0.31000000000000000,3.52000000000000002
0.00280523742064225,-0.02132336335694771,-0.01546790166312995,0.44286635488571868,3.32550765513797941,-6.80594188346425710,-0.31000000000000000,3.52000000000000002
0.00284898880143304,-0.02098516359715423,-0.01614435212165559,0.43216524983894944,3.43789409189722894,-6.72268450942726226,-0.31000000000000000,3.52000000000000002
0.00289167158194109,-0.02063590408654472,-0.01681236524446989,0.42149745865654686,3.54669465945852691,-6.63722756638071942,-0.31000000000000000,3.52000000000000002
0.00293329001119409,-0.02027594559101370,-0.01747173076509866,0.41088117987747325,3.65186800221576835,-6.54976453219985455,-0.31000000000000000,3.52000000000000002
0.00297385011097287,-0.01990565235422246,-0.01812225764943692,0.40033366235049922,3.75338582371073892,-6.46048641785355837,-0.31000000000000000,3.52000000000000002
0.00301335957873371,-0.01952539082187571,-0.01876377380302685,0.38987116498034780,3.85123227163460102,-6.36958086223579922,-0.31000000000000000,3.52000000000000002
0.00305182768707254,-0.01913552843062195,-0.01939612569250675,0.37950892772875067,3.94540326260835528,-6.27723132117745486,-0.31000000000000000,3.52000000000000002
0.00308926518082691,-0.01873643246692997,-0.02001917789074513,0.36926115325447778,4.03590576005490043,-6.18361635225721962,-0.31000000000000000,3.52000000000000002
0.00312568417284402,-0.01832846899999028,-0.02063281255524853,0.35914099846646180,4.12275701788793114,-6.08890899532072627,-0.31000000000000000,3.52000000000000002
0.00316109803936628,-0.01791200189145562,-0.02123692884934576,0.34916057518184734,4.20598380195966381,-5.99327624710602702,-0.31000000000000000,3.52000000000000002
0.00319552131590211,-0.01748739188368578,-0.02183144231542384,0.33933095902470589,4.28562160027584493,-5.89687862707454702,-0.31000000000000000,3.52000000000000002
0.00322896959436138,-0.01705499576711266,-0.02241628420914532,0.32966220566921395,4.36171383194641127,-5.79986983046422466,-0.31000000000000000,3.52000000000000002
0.00326145942214459,-0.01661516562639958,-0.02299140080313289,0.32016337352080060,4.43431106373408923,-5.70239646371323428,-0.31000000000000000,3.52000000000000002
0.00329300820378456,-0.01616824816423906,-0.02355675266808733,0.31084255193735066,4.50347024192750744,-5.60459785673973254,-0.31000000000000000,3.52000000000000002
0.00332363410565075,-0.01571458410091775,-0.02411231393872833,0.30170689411709861,4.56925394613163149,-5.50660594609194387,-0.31000000000000000,3.52000000000000002
0.00335335596414064,-0.01525450764717334,-0.02465807157133287,0.29276265381745209,4.63172967046307527,-5.40854522268675098,-0.31000000000000000,3.52000000000000002
0.00338219319770153,-0.01478834604737269,-0.02519402459900943,0.28401522511682453,4.69096913658246706,-5.31053273771446488,-0.31000000000000000,3.52000000000000002
0.00341016572294990,-0.01431641918964768,-0.02572018339020297,0.27546918448699331,4.74704764200702556,-5.21267816028222608,-0.31000000000000000,3.52000000000000002
0.00343729387508526,-0.01383903927932651,-0.02623656891528709,0.26712833450412349,4.80004344623571910,-5.11508388047777629,-0.31000000000000000,3.52000000000000002
0.00346359833273145,-0.01335651057178770,-0.02674321202547779,0.25899574859026553,4.85003719639454989,-5.01784515173874901,-0.31000000000000000,3.52000000000000002
0.00348910004728064,-0.01286912916073006,-0.02724015274770486,0.25107381624199521,4.89711139337474677,-4.92105026669090950,-0.31000000000000000,3.52000000000000002
0.00351382017676444,-0.01237718281778818,-0.02772743959850990,0.24336428826735459,4.94134989879298914,-4.82478076095393682,-0.31000000000000000,3.52000000000000002
0.00353778002423142,-0.01188095087941799,-0.02820512891950797,0.23586832161509652,4.98283748254876713,-4.72911163978926030,-0.31000000000000000,3.52000000000000002
0.00356100098057221,-0.01138070417702397,-0.02867328423645766,0.22858652344042699,5.02165941028613005,-4.63411162286674205,-0.31000000000000000,3.52000000000000002
0.00358350447170020,-0.01087670500638844,-0.02913197564353254,0.22151899410821538,5.05790106968044206,-4.53984340284330301,-0.31000000000000000,3.52000000000000002
0.00360531190996906,-0.01036920713258785,-0.02958127921397742,0.21466536888746410,5.09164763415932242,-4.44636391386639307,-0.31000000000000000,3.52000000000000002
0.00362644464968581,-0.00985845582673249,-0.03002127643796474,0.20802485813934835,5.12298376242405951,-4.35372460652989890,-0.31000000000000000,3.52000000000000002
0.00364692394656078,-0.00934468793103902,-0.03045205368813970,0.20159628584516784,5.15199333195631937,-4.26197172621273701,-0.31000000000000000,3.52000000000000002
0.00366677092092247,-0.00882813194893363,-0.03087370171305492,0.19537812636004862,5.17875920456790251,-4.17114659211559147,-0.31000000000000000,3.52000000000000002
0.00368600652451566,-0.00830900815708215,-0.03128631515844560,0.18936853931325609,5.20336302197153433,-4.08128587467510862,-0.31000000000000000,3.52000000000000002
0.00370465151069469,-0.00778752873644772,-0.03168999211608100,0.18356540260667725,5.22588502931154153,-3.99242186937453170,-0.31000000000000000,3.52000000000000002
0.00372272640782054,-0.00726389791968369,-0.03208483369974621,0.17796634348961374,5.24640392458841287,-3.90458276528356185,-0.31000000000000000,3.52000000000000002
0.00374025149566913,-0.00673831215237455,-0.03247094364775564,0.17256876771075702,5.26499673193480966,-3.81779290694728779,-0.31000000000000000,3.52000000000000002
0.00375724678465944,-0.00621096026584011,-0.03284842795127525,0.16736988676738038,5.28173869674730057,-3.73207304850420396,-0.31000000000000000,3.52000000000000002
0.00377373199771287,-0.00568202365941448,-0.03321739450763013,0.16236674328768616,5.29670320074308787,-3.64744059914706042,-0.31000000000000000,3.52000000000000002
0.00378972655455944,-0.00515167649030063,-0.03357795279769637,0.15755623459520310,5.30996169509014226,-3.56390985924840198,-0.31000000000000000,3.52000000000000002
0.00380524955831203,-0.00462008586928211,-0.03393021358641729,0.15293513451444604,5.32158364984866772,-3.48149224665639334,-0.31000000000000000,3.52000000000000002
0.00382031978413594,-0.00408741206074482,-0.03427428864544334,0.14850011348503178,5.33163651805856542,-3.40019651282728841,-0.31000000000000000,3.52000000000000002
0.00383495566984839,-0.00355380868562338,-0.03461029049686841,0.14424775705737403,5.34018571290881283,-3.32002894860029185,-0.31000000000000000,3.52000000000000002
0.00384917530828983,-0.00301942292603770,-0.03493833217702224,0.14017458284722989,5.34729459652814310,-3.24099357954024025,-0.31000000000000000,3.52000000000000002
0.00386299644131696,-0.00248439573052646,-0.03525852701927618,0.13627705602898796,5.35302447904021239,-3.16309235087520557,-0.31000000000000000,3.52000000000000002
0.00387643645527546,-0.00194886201891442,-0.03557098845482690,0.13255160344890352,5.35743462662908865,-3.08632530214150469,-0.31000000000000000,3.52000000000000002
0.00388951237781833,-0.00141295088597130,-0.03587582983043727,0.12899462643970797,5.36058227746108873,-3.01069073171930723,-0.31000000000000000,3.52000000000000002
0.00390224087594423,-0.00087678580312993,-0.03617316424213522,0.12560251241733267,5.36252266440589853,-2.93618535149968407,-0.31000000000000000,3.52000000000000002
0.00391463825513787,-0.00034048481763303,-0.03646310438389765,0.12237164533906035,5.36330904359269667,-2.86280443197001500,-0.31000000000000000,3.52000000000000002
0.00392672045950251,0.00019583925143064,-0.03674576241037708,0.11929841510039428,5.36299272792526516,-2.79054193804057249,-0.31000000000000000,3.52000000000000002
0.00393850307278221,0.00073207862065612,-0.03702124981276262,0.11637922594544692,5.36162312476340208,-2.71939065596212970,-0.31000000000000000,3.52000000000000002
0.00395000132017881,0.00126813035379857,-0.03728967730690242,0.11361050396280636,5.35924777705617839,-2.64934231170378620,-0.31000000000000000,3.52000000000000002
0.00396123007087569,0.00180389617750844,-0.03755115473285292,0.11098870373573613,5.35591240728561679,-2.58038768117294248,-0.31000000000000000,3.52000000000000002
0.00397220384118695,0.00233928230157732,-0.03780579096505832,0.10851031421228412,5.35166096364720367,-2.51251669266648037,-0.31000000000000000,3.52000000000000002
0.00398293679825724,0.00287419924389223,-0.03805369383240308,0.10617186385748871,5.34653566795640600,-2.44571852194457806,-0.31000000000000000,3.52000000000000002
0.00399344276424334,0.00340856166024772,-0.03829497004741918,0.10396992514643116,5.34057706482813188,-2.37998168031698931,-0.31000000000000000,3.52000000000000002
0.00400373522091451,0.00394228817912269,-0.03852972514396869,0.10190111845344239,5.33382407172908302,-2.31529409612676229,-0.31000000000000000,3.52000000000000002
0.00401382731461359,0.00447530124149122,-0.03875806342276036,0.09996211538936679,5.32631402955138356,-2.25164319000883539,-0.31000000000000000,3.52000000000000002
0.00402373186152639,0.00500752694570389,-0.03898008790409618,0.09814964163544806,5.31808275339999348,-2.18901594429128732,-0.31000000000000000,3.52000000000000002
0.00403346135321115,0.00553889489744724,-0.03919590028728011,0.09646047931915583,5.30916458332645558,-2.12739896689568697,-0.31000000000000000,3.52000000000000002
0.00404302796234447,0.00606933806476405,-0.03940560091615616,0.09489146897413681,5.29959243477776276,-2.06677855008038724,-0.31000000000000000,3.52000000000000002
0.00405244354864404,0.00659879263809597,-0.03960928875027680,0.09343951112346392,5.28939784856179962,-2.00714072435707358,-0.31000000000000000,3.52000000000000002
0.00406171966493246,0.00712719789529134,-0.03980706134123486,0.09210156752248122,5.27861104016021709,-1.94847130789670997,-0.31000000000000000,3.52000000000000002
0.00407086756330964,0.00765449607150554,-0.03999901481372320,0.09087466209480807,5.26726094824591584,-1.89075595172647959,-0.31000000000000000,3.52000000000000002
0.00407989820140489,0.00818063223390839,-0.04018524385091560,0.08975588159247656,5.25537528228587014,-1.83398018100456595,-0.31000000000000000,3.52000000000000002
0.00408882224868225,0.00870555416110177,-0.04036584168379040,0.08874237600873250,5.24298056913097632,-1.77812943264488488,-0.31000000000000000,3.52000000000000002
0.00409765009277603,0.00922921222714232,-0.04054090008404493,0.08783135876973218,5.23010219851324898,-1.72318908954925365,-0.31000000000000000,3.52000000000000002
0.00410639184583531,0.00975155929005645,-0.04071050936027371,0.08702010672921201,5.21676446738715338,-1.66914451169011757,-0.31000000000000000,3.52000000000000002
0.00411505735085911,0.01027255058472964,-0.04087475835710703,0.08630595998819236,5.20299062306640625,-1.61598106427291976,-0.31000000000000000,3.52000000000000002
0.00412365618800552,0.01079214362004760,-0.04103373445702884,0.08568632155989717,5.18880290512035369,-1.56368414319357441,-0.31000000000000000,3.52000000000000002
0.00413219768086046,0.01131029808016409,-0.04118752358461356,0.08515865689832032,5.17422258600521356,-1.51223919799334516,-0.31000000000000000,3.52000000000000002
0.00414069090265311,0.01182697572976778,-0.04133621021294124,0.08472049330724472,5.15927001041522360,-1.46163175250077337,-0.31000000000000000,3.52000000000000002
0.00414914468240697,0.01234214032322009,-0.04147987737196867,0.08436941924501283,5.14396463334718490,-1.41184742333817215,-0.31000000000000000,3.52000000000000002
0.00415756761101667,0.01285575751743501,-0.04161860665865141,0.08410308353895349,5.12832505687920115,-1.36287193645863014,-0.31000000000000000,3.52000000000000002
0.00416596804724239,0.01336779478837288,-0.04175247824862747,0.08391919452208187,5.11236906567066907,-1.31469114186844682,-0.31000000000000000,3.52000000000000002
0.00417435412361437,0.01387822135102068,-0.04188157090928857,0.08381551910350162,5.09611366119591658,-1.26729102667946281,-0.31000000000000000,3.52000000000000002
0.00418273375224173,0.01438700808273307,-0.04200596201407882,0.08378988178284473,5.07957509472840751,-1.22065772662584893,-0.31000000000000000,3.52000000000000002
0.00419111463052024,0.01489412744981020,-0.04212572755787353,0.08384016361807899,5.06276889909620564,-1.17477753617055614,-0.31000000000000000,3.52000000000000002
0.00419950424673491,0.01539955343719066,-0.04224094217330303,0.08396430115508943,5.04570991923253231,-1.12963691731781379,-0.31000000000000000,3.52000000000000002
0.00420790988555399,0.01590326148114028,-0.04235167914789756,0.08416028532659381,5.02841234154781702,-1.08522250723975833,-0.31000000000000000,3.52000000000000002
0.00421633863341153,0.01640522840482041,-0.04245801044193980,0.08442616032717631,5.01088972215169637,-1.04152112481747761,-0.31000000000000000,3.52000000000000002
0.00422479738377658,0.01690543235662219,-0.04256000670692107,0.08476002247051491,4.99315501395503514,-0.99851977618943932,-0.31000000000000000,3.52000000000000002
0.00423329284230742,0.01740385275115621,-0.04265773730450639,0.08516001903422935,4.97522059268326178,-0.95620565939342050,-0.31000000000000000,3.52000000000000002
0.00424183153188988,0.01790047021279054,-0.04275127032592169,0.08562434709718617,4.95709828183321388,-0.91456616818164316,-0.31000000000000000,3.52000000000000002
0.00425041979755913,0.01839526652163288,-0.04284067261168444,0.08615125237355775,4.93879937660627277,-0.87358889508283089,-0.31000000000000000,3.52000000000000002
0.00425906381130499,0.01888822456185626,-0.04292600977160550,0.08673902804744248,4.92033466685090115,-0.83326163377931239,-0.31000000000000000,3.52000000000000002
0.00426776957676073,0.01937932827227089,-0.04300734620499720,0.08738601361140673,4.90171445904783365,-0.79357238086208426,-0.31000000000000000,3.52000000000000002
0.00427654293377618,0.01986856259904794,-0.04308474512102826,0.08809059371190475,4.88294859737107778,-0.75450933702189049,-0.31000000000000000,3.52000000000000002
0.00428538956287575,0.02035591345050468,-0.04315826855917181,0.08885119700416505,4.86404648385767313,-0.71606090772985853,-0.31000000000000000,3.52000000000000002
0.00429431498960254,0.02084136765386337,-0.04322797740969803,0.08966629501879914,4.84501709771877742,-0.67821570345703075,-0.31000000000000000,3.52000000000000002
0.00430332458874974,0.02132491291389962,-0.04329393143416767,0.09053440104208747,4.82586901382417111,-0.64096253947822679,-0.31000000000000000,3.52000000000000002
0.00431242358848088,0.02180653777339924,-0.04335618928588688,0.09145406901162542,4.80661042039169839,-0.60429043530204851,-0.31000000000000000,3.52000000000000002
0.00432161707434045,0.02228623157534556,-0.04341480853028788,0.09242389242876649,4.78724913591250889,-0.56818861376547869,-0.31000000000000000,3.52000000000000002
0.00433090999315658,0.02276398442676229,-0.04346984566520398,0.09344250328907903,4.76779262534224824,-0.53264649982840651,-0.31000000000000000,3.52000000000000002
0.00434030715683785,0.02323978716414005,-0.04352135614101027,0.09450857103183359,4.74824801558757681,-0.49765371910052680,-0.31000000000000000,3.52000000000000002
0.00434981324606590,0.02371363132037753,-0.04356939438060493,0.09562080150935921,4.72862211031659729,-0.46320009613038410,-0.31000000000000000,3.52000000000000002
0.00435943281388610,0.02418550909317103,-0.04361401379920868,0.09677793597694699,4.70892140412093774,-0.42927565248386051,-0.31000000000000000,3.52000000000000002
0.00436917028919820,0.02465541331478887,-0.04365526682396261,0.09797875010383539,4.68915209605637617,-0.39587060463711560,-0.31000000000000000,3.52000000000000002
0.00437902998014914,0.02512333742316997,-0.04369320491330701,0.09922205300568392,4.66932010258803931,-0.36297536170687156,-0.31000000000000000,3.52000000000000002
0.00438901607743028,0.02558927543428816,-0.04372787857612590,0.10050668629882743,4.64943106996533118,-0.33058052303898311,-0.31000000000000000,3.52000000000000002
0.00439913265748105,0.02605322191572650,-0.04375933739064426,0.10183152317650175,4.62949038605087360,-0.29867687567442441,-0.31000000000000000,3.52000000000000002
0.00440938368560140,0.02651517196140819,-0.04378763002306631,0.10319546750714116,4.60950319162688160,-0.26725539171016049,-0.31000000000000000,3.52000000000000002
0.00441977301897512,0.02697512116743293,-0.04381280424594548,0.10459745295476876,4.58947439120152367,-0.23630722557083347,-0.31000000000000000,3.52000000000000002
0.00443030440960637,0.02743306560896978,-0.04383490695627747,0.10603644212143018,4.56940866333698459,-0.20582371120577517,-0.31000000000000000,3.52000000000000002
0.00444098150717151,0.02788900181815987,-0.04385398419331006,0.10751142571155980,4.54931047052010928,-0.17579635922455261,-0.31000000000000000,3.52000000000000002
0.00445180786178846,0.02834292676298407,-0.04387008115606376,0.10902142171811417,4.52918406859567924,-0.14621685398304851,-0.31000000000000000,3.52000000000000002
0.00446278692670576,0.02879483782705293,-0.04388324222055907,0.11056547463026074,4.50903351578159395,-0.11707705063097043,-0.31000000000000000,3.52000000000000002
0.00447392206091345,0.02924473279027806,-0.04389351095674707,0.11214265466236910,4.48886268128443611,-0.08836897213066286,-0.31000000000000000,3.52000000000000002
0.00448521653167795,0.02969260981038578,-0.04390093014514071,0.11375205700401683,4.46867525353314665,-0.06008480625615766,-0.31000000000000000,3.52000000000000002
0.00449667351700293,0.03013846740523576,-0.04390554179314542,0.11539280109069237,4.44847474804780152,-0.03221690258053533,-0.31000000000000000,3.52000000000000002
0.00450829610801825,0.03058230443590896,-0.04390738715108820,0.11706402989485166,4.42826451495976769,-0.00475776945887721,-0.31000000000000000,3.52000000000000002
0.00452008731129910,0.03102412009053088,-0.04390650672794501,0.11876490923696448,4.40804774619882700,0.02229992898664021,-0.31000000000000000,3.52000000000000002
0.00453205005111716,0.03146391386879742,-0.04390294030676704,0.12049462711616853,4.38782748236218545,0.04896337587362590,-0.31000000000000000,3.52000000000000002
0.00454418717162575,0.03190168556717232,-0.04389672695980693,0.12225239306013548,4.36760661927964478,0.07523960455306071,-0.31000000000000000,3.52000000000000002
0.00455650143898104,0.03233743526472656,-0.04388790506334649,0.12403743749374162,4.34738791428859539,0.10113550158488278,-0.31000000000000000,3.52000000000000002
0.00456899554340091,0.03277116330959132,-0.04387651231222793,0.12584901112612740,4.32717399223188437,0.12665780969138105,-0.31000000000000000,3.52000000000000002
0.00458167210116351,0.03320287030599722,-0.04386258573409103,0.12768638435572388,4.30696735119104446,0.15181313068467772,-0.31000000000000000,3.52000000000000002
0.00459453365654717,0.03363255710187441,-0.04384616170331894,0.12954884669281980,4.28677036796680699,0.17660792836501354,-0.31000000000000000,3.52000000000000002
0.00460758268371341,0.03406022477698831,-0.04382727595469586,0.13143570619924080,4.26658530331830654,0.20104853138694401,-0.31000000000000000,3.52000000000000002
0.00462082158853482,0.03448587463158780,-0.04380596359677964,0.13334628894471173,4.24641430697185651,0.22514113609091702,-0.31000000000000000,3.52000000000000002
0.00463425271036929,0.03490950817554320,-0.04378225912499323,0.13527993847947337,4.22625942240970076,0.24889180929803176,-0.31000000000000000,3.52000000000000002
0.00464787832378238,0.03533112711795246,-0.04375619643443842,0.13723601532272750,4.20612259144866840,0.27230649106607990,-0.31000000000000000,3.52000000000000002
0.00466170064021930,0.03575073335719518,-0.04372780883243604,0.13921389646648685,4.18600565861821217,0.29539099740524483,-0.31000000000000000,3.52000000000000002
0.00467572180962797,0.03616832897141473,-0.04369712905079672,0.14121297489441076,4.16591037534688802,0.31815102295208431,-0.31000000000000000,3.52000000000000002
0.00468994392203479,0.03658391620940985,-0.04366418925782629,0.14323265911521230,4.14583840396590464,0.34059214360064982,-0.31000000000000000,3.52000000000000002
0.00470436900907434,0.03699749748191780,-0.04362902107007031,0.14527237271022830,4.12579132153799844,0.36271981908980244,-0.31000000000000000,3.52000000000000002
0.00471899904547466,0.03740907535327193,-0.04359165556380209,0.14733155389474986,4.10577062351949795,0.38453939554597250,-0.31000000000000000,3.52000000000000002
0.00473383595049920,0.03781865253341749,-0.04355212328625865,0.14940965509271742,4.08577772726308819,0.40605610798078073,-0.31000000000000000,3.52000000000000002
0.00474888158934706,0.03822623187027004,-0.04351045426662924,0.15150614252439240,4.06581397536843880,0.42727508274309289,-0.31000000000000000,3.52000000000000002
0.00476413777451243,0.03863181634240163,-0.04346667802680090,0.15362049580662412,4.04588063888753524,0.44820133992521805,-0.31000000000000000,3.52000000000000002
0.00477960626710483,0.03903540905204042,-0.04342082359186574,0.15575220756533900,4.02597892039123373,0.46883979572308754,-0.31000000000000000,3.52000000000000002
0.00479528877813114,0.03943701321837041,-0.04337291950039449,0.15790078305988700,4.00610995690326011,0.48919526475036396,-0.31000000000000000,3.52000000000000002
0.00481118696974061,0.03983663217111810,-0.04332299381448093,0.16006573981888841,3.98627482270759703,0.50927246230653145,-0.31000000000000000,3.52000000000000002
0.00482730245643406,0.04023426934441380,-0.04327107412956181,0.16224660728723264,3.96647453203491596,0.52907600659910980,-0.31000000000000000,3.52000000000000002
0.00484363680623834,0.04062992827091584,-0.04321718758401685,0.16444292648388881,3.94671004163346018,0.54861042092021661,-0.31000000000000000,3.52000000000000002
0.00486019154184699,0.04102361257618621,-0.04316136086855335,0.16665424967019671,3.92698225322953443,0.56788013577777341,-0.31000000000000000,3.52000000000000002
0.00487696814172840,0.04141532597330698,-0.04310362023537991,0.16888014002831500,3.90729201588251795,0.58688949098171872,-0.31000000000000000,3.52000000000000002
0.00489396804120218,0.04180507225772715,-0.04304399150717377,0.17112017134951207,3.88764012823909022,0.60564273768564492,-0.31000000000000000,3.52000000000000002
0.00491119263348488,0.04219285530233006,-0.04298250008584625,0.17337392773199348,3.86802734069115006,0.62414404038432947,-0.31000000000000000,3.52000000000000002
0.00492864327070600,0.04257867905271194,-0.04291917096111050,0.17564100328796806,3.84845435744169384,0.64239747886767351,-0.31000000000000000,3.52000000000000002
0.00494632126489505,0.04296254752266265,-0.04285402871885614,0.17792100185966339,3.82892183848272927,0.66040705013160028,-0.31000000000000000,3.52000000000000002
0.00496422788894080,0.04334446478983996,-0.04278709754933489,0.18021353674400931,3.80943040148910983,0.67817667024649864,-0.31000000000000000,3.52000000000000002
0.00498236437752327,0.04372443499162913,-0.04271840125516140,0.18251823042571602,3.78998062363200150,0.69571017618382691,-0.31000000000000000,3.52000000000000002
0.00500073192801954,0.04410246232118004,-0.04264796325913357,0.18483471431848203,3.77057304331551935,0.71301132760151620,-0.31000000000000000,3.52000000000000002
0.00501933170138399,0.04447855102361424,-0.04257580661187631,0.18716262851407389,3.75120816183990957,0.73008380858883293,-0.31000000000000000,3.52000000000000002
0.00503816482300394,0.04485270539239474,-0.04250195399931284,0.18950162153902853,3.73188644499450106,0.74693122937137735,-0.31000000000000000,3.52000000000000002
0.00505723238353125,0.04522492976585180,-0.04242642774996743,0.19185135011873550,3.71260832458350398,0.76355712797690978,-0.31000000000000000,3.52000000000000002
0.00507653543969066,0.04559522852385800,-0.04234924984210349,0.19421147894866458,3.69337419988758597,0.77996497186270630,-0.31000000000000000,3.52000000000000002
0.00509607501506573,0.04596360608464639,-0.04227044191070085,0.19658168047251079,3.67418443906403169,0.79615815950515378,-0.31000000000000000,3.52000000000000002
0.00511585210086279,0.04633006690176573,-0.04219002525427590,0.19896163466703629,3.65503938048815735,0.81214002195230162,-0.31000000000000000,3.52000000000000002
0.00513586765665377,0.04669461546116697,-0.04210802084154832,0.20135102883339545,3.63593933403853420,0.82791382434008942,-0.31000000000000000,3.52000000000000002
0.00515612261109850,0.04705725627841562,-0.04202444931795796,0.20374955739473580,3.61688458232845678,0.84348276737297412,-0.31000000000000000,3.52000000000000002
0.00517661786264700,0.04741799389602463,-0.04193933101203542,0.20615692169987448,3.59787538188598388,0.85884998876967700,-0.31000000000000000,3.52000000000000002
0.00519735428022251,0.04777683288090281,-0.04185268594162976,0.20857282983285594,3.57891196428477221,0.87401856467477368,-0.31000000000000000,3.52000000000000002
0.00521833270388570,0.04813377782191396,-0.04176453381999671,0.21099699642820263,3.55999453722782411,0.88899151103684337,-0.31000000000000000,3.52000000000000002
0.00523955394548073,0.04848883332754213,-0.04167489406175077,0.21342914249167710,3.54112328558617717,0.90377178495389210,-0.31000000000000000,3.52000000000000002
0.00526101878926363,0.04884200402365849,-0.04158378578868430,0.21586899522637898,3.52229837239446653,0.91836228598675929,-0.31000000000000000,3.52000000000000002
0.00528272799251357,0.04919329455138583,-0.04149122783545690,0.21831628786400645,3.50351993980520859,0.93276585744120899,-0.31000000000000000,3.52000000000000002
0.00530468228612746,0.04954270956505633,-0.04139723875515806,0.22077075950111724,3.48478811000357469,0.94698528761940270,-0.31000000000000000,3.52000000000000002
0.00532688237519848,0.04989025373025901,-0.04130183682474622,0.22323215494022963,3.46610298608433354,0.96102331104144079,-0.31000000000000000,3.52000000000000002
0.00534932893957889,0.05023593172197304,-0.04120504005036712,0.22570022453560881,3.44746465289258097,0.97488260963765161,-0.31000000000000000,3.52000000000000002
0.00537202263442774,0.05057974822278335,-0.04110686617255434,0.22817472404358938,3.42887317782978895,0.98856581391229914,-0.31000000000000000,3.52000000000000002
0.00539496409074374,0.05092170792117514,-0.04100733267131491,0.23065541447728943,3.41032861162664780,1.00207550407936896,-0.31000000000000000,3.52000000000000002
0.00541815391588383,0.05126181550990418,-0.04090645677110266,0.23314206196557649,3.39183098908410763,1.01541421117108355,-0.31000000000000000,3.52000000000000002
0.00544159269406794,0.05160007568443955,-0.04080425544568212,0.23563443761614991,3.37338032978395752,1.02858441811978696,-0.31000000000000000,3.52000000000000002
0.00546528098687013,0.05193649314147608,-0.04070074542288546,0.23813231738260932,3.35497663877023244,1.04158856081382845,-0.31000000000000000,3.52000000000000002
0.00548921933369674,0.05227107257751345,-0.04059594318926518,0.24063548193538234,3.33661990720266743,1.05442902912806269,-0.31000000000000000,3.52000000000000002
0.00551340825225173,0.05260381868749932,-0.04048986499464496,0.24314371653638955,3.31831011298337897,1.06710816792957486,-0.31000000000000000,3.52000000000000002
0.00553784823898977,0.05293473616353382,-0.04038252685657116,0.24565681091732833,3.30004722135788953,1.07962827805922590,-0.31000000000000000,3.52000000000000002
0.00556253976955723,0.05326382969363293,-0.04027394456466737,0.24817455916146111,3.28183118549156960,1.09199161728960381,-0.31000000000000000,3.52000000000000002
0.00558748329922160,0.05359110396054830,-0.04016413368489428,0.25069675958879784,3.26366194702252388,1.10420040125995089,-0.31000000000000000,3.52000000000000002
0.00561267926328954,0.05391656364064119,-0.04005310956371718,0.25322321464456521,3.24553943659189992,1.11625680438863317,-0.31000000000000000,3.52000000000000002
0.00563812807751396,0.05424021340280843,-0.03994088733218342,0.25575373079085978,3.22746357435255726,1.12816296076369671,-0.31000000000000000,3.52000000000000002
0.00566383013849043,0.05456205790745813,-0.03982748190991173,0.25828811840138455,3.20943427045699625,1.13992096501205364,-0.31000000000000000,3.52000000000000002
0.00568978582404321,0.05488210180553321,-0.03971290800899577,0.26082619165917276,3.19145142552540095,1.15153287314782160,-0.31000000000000000,3.52000000000000002
0.00571599549360115,0.05520034973758078,-0.03959718013782385,0.26336776845720494,3.17351493109462268,1.16300070340033423,-0.31000000000000000,3.52000000000000002
0.00574245948856388,0.05551680633286550,-0.03948031260481684,0.26591267030182930,3.15562467004888303,1.17432643702232409,-0.31000000000000000,3.52000000000000002
0.00576917813265842,0.05583147620852509,-0.03936231952208621,0.26846072221889766,3.13778051703295402,1.18551201907877379,-0.31000000000000000,3.52000000000000002
0.00579615173228651,0.05614436396876636,-0.03924321480901415,0.27101175266253263,3.11998233884853038,1.19655935921691370,-0.31000000000000000,3.52000000000000002
0.00582338057686302,0.05645547420410006,-0.03912301219575764,0.27356559342644421,3.10222999483448669,1.20747033241783974,-0.31000000000000000,3.52000000000000002
0.00585086493914559,0.05676481149061294,-0.03900172522667821,0.27612207955771656,3.08452333723167449,1.21824677973020745,-0.31000000000000000,3.52000000000000002
0.00587860507555570,0.05707238038927557,-0.03887936726369922,0.27868104927298898,3.06686221153289162,1.22889050898645413,-0.31000000000000000,3.52000000000000002
0.00590660122649160,0.05737818544528445,-0.03875595148959241,0.28124234387695679,3.04924645681863016,1.23940329550198447,-0.31000000000000000,3.52000000000000002
0.00593485361663308,0.05768223118743700,-0.03863149091119530,0.28380580768312047,3.03167590607917692,1.24978688275774985,-0.31000000000000000,3.52000000000000002
0.00596336245523850,0.05798452212753807,-0.03850599836256122,0.28637128793671424,3.01415038652362544,1.26004298306663598,-0.31000000000000000,3.52000000000000002
0.00599212793643420,0.05828506275983678,-0.03837948650804346,0.28893863473974707,2.99666971987632413,1.27017327822406734,-0.31000000000000000,3.52000000000000002
0.00602115023949653,0.05858385756049232,-0.03825196784531507,0.29150770097809148,2.97923372266127551,1.28017942014322617,-0.31000000000000000,3.52000000000000002
0.00605042952912664,0.05888091098706770,-0.03812345470832602,0.29407834225055701,2.96184220647496410,1.29006303147527235,-0.31000000000000000,3.52000000000000002
0.00607996595571832,0.05917622747805015,-0.03799395927019897,0.29665041679988885,2.94449497824808892,1.29982570621494165,-0.31000000000000000,3.52000000000000002
0.00610975965561904,0.05946981145239719,-0.03786349354606521,0.29922378544563205,2.92719184049664038,1.30946901029189244,-0.31000000000000000,3.52000000000000002
0.00613981075138434,0.05976166730910727,-0.03773206939584221,0.30179831151880510,2.90993259156275075,1.31899448214815873,-0.31000000000000000,3.52000000000000002
0.00617011935202575,0.06005179942681402,-0.03759969852695409,0.30437386079832801,2.89271702584572976,1.32840363330205902,-0.31000000000000000,3.52000000000000002
0.00620068555325254,0.06034021216340315,-0.03746639249699629,0.30695030144915209,2.87554493402367850,1.33769794889890403,-0.31000000000000000,3.52000000000000002
0.00623150943770724,0.06062690985565101,-0.03733216271634592,0.30952750396203932,2.85841610326605400,1.34687888824883517,-0.31000000000000000,3.52000000000000002
0.00626259107519529,0.06091189681888398,-0.03719702045071890,0.31210534109494276,2.84133031743755238,1.35594788535211697,-0.31000000000000000,3.52000000000000002
0.00629393052290892,0.06119517734665787,-0.03706097682367519,0.31468368781593875,2.82428735729364933,1.36490634941220046,-0.31000000000000000,3.52000000000000002
0.00632552782564534,0.06147675571045641,-0.03692404281907329,0.31726242124766552,2.80728700066813497,1.37375566533686500,-0.31000000000000000,3.52000000000000002
0.00635738301601950,0.06175663615940816,-0.03678622928347531,0.31984142061322224,2.79032902265295846,1.38249719422773865,-0.31000000000000000,3.52000000000000002
0.00638949611467147,0.06203482292002099,-0.03664754692850349,0.32242056718348555,2.77341319577068779,1.39113227385848792,-0.31000000000000000,3.52000000000000002
0.00642186713046867,0.06231132019593347,-0.03650800633314962,0.32499974422580113,2.75653929013987753,1.39966221914196365,-0.31000000000000000,3.52000000000000002
0.00645449606070298,0.06258613216768250,-0.03636761794603817,0.32757883695400958,2.73970707363362598,1.40808832258657812,-0.31000000000000000,3.52000000000000002
0.00648738289128295,0.06285926299248631,-0.03622639208764437,0.33015773247976682,2.72291631203158646,1.41641185474218445,-0.31000000000000000,3.52000000000000002
0.00652052759692121,0.06313071680404259,-0.03608433895246820,0.33273631976512130,2.70616676916569698,1.42463406463572162,-0.31000000000000000,3.52000000000000002
0.00655393014131719,0.06340049771234062,-0.03594146861116533,0.33531448957631038,2.68945820705987160,1.43275618019688000,-0.31000000000000000,3.52000000000000002
0.00658759047733527,0.06366860980348732,-0.03579779101263593,0.33789213443874022,2.67279038606389108,1.44077940867403820,-0.31000000000000000,3.52000000000000002
0.00662150854717850,0.06393505713954624,-0.03565331598607244,0.34046914859311472,2.65616306498172294,1.44870493704071279,-0.31000000000000000,3.52000000000000002
0.00665568428255796,0.06419984375838916,-0.03550805324296709,0.34304542795267939,2.63957600119448665,1.45653393239275997,-0.31000000000000000,3.52000000000000002
0.00669011760485796,0.06446297367355978,-0.03536201237908021,0.34562087006154785,2.62302895077827714,1.46426754233655521,-0.31000000000000000,3.52000000000000002
0.00672480842529707,0.06472445087414888,-0.03521520287637012,0.34819537405407935,2.60652166861704426,1.47190689536838049,-0.31000000000000000,3.52000000000000002
0.00675975664508514,0.06498427932468055,-0.03506763410488552,0.35076884061527674,2.59005390851072415,1.47945310124523322,-0.31000000000000000,3.52000000000000002
0.00679496215557644,0.06524246296500900,-0.03491931532462125,0.35334117194217524,2.57362542327880739,1.48690725134727253,-0.31000000000000000,3.52000000000000002
0.00683042483841900,0.06549900571022553,-0.03477025568733817,0.35591227170619333,2.55723596485952109,1.49427041903210833,-0.31000000000000000,3.52000000000000002
0.00686614456570013,0.06575391145057516,-0.03462046423834805,0.35848204501641801,2.54088528440479688,1.50154365998113537,-0.31000000000000000,3.52000000000000002
0.00690212120008848,0.06600718405138260,-0.03446994991826421,0.36105039838379743,2.52457313237118841,1.50872801253810906,-0.31000000000000000,3.52000000000000002
0.00693835459497241,0.06625882735298710,-0.03431872156471861,0.36361723968621490,2.50829925860689551,1.51582449804015496,-0.31000000000000000,3.52000000000000002
0.00697484459459498,0.06650884517068578,-0.03416678791404635,0.36618247813441879,2.49206341243504914,1.52283412114139538,-0.31000000000000000,3.52000000000000002
0.00701159103418561,0.06675724129468515,-0.03401415760293804,0.36874602423878400,2.47586534273339698,1.52975787012937836,-0.31000000000000000,3.52000000000000002
0.00704859374008836,0.06700401949006043,-0.03386083917006096,0.37130778977688123,2.45970479801053576,1.53659671723448255,-0.31000000000000000,3.52000000000000002
0.00708585252988709,0.06724918349672231,-0.03370684105764955,0.37386768776183077,2.44358152647881877,1.54335161893247141,-0.31000000000000000,3.52000000000000002
0.00712336721252747,0.06749273702939076,-0.03355217161306607,0.37642563241141896,2.42749527612407112,1.55002351624036394,-0.31000000000000000,3.52000000000000002
0.00716113758843591,0.06773468377757587,-0.03339683909033191,0.37898153911795507,2.41144579477223386,1.55661333500578447,-0.31000000000000000,3.52000000000000002
0.00719916344963556,0.06797502740556495,-0.03324085165163038,0.38153532441884819,2.39543283015305919,1.56312198618995102,-0.31000000000000000,3.52000000000000002
0.00723744457985934,0.06821377155241604,-0.03308421736878141,0.38408690596788342,2.37945612996096667,1.56955036614445675,-0.31000000000000000,3.52000000000000002
0.00727598075466024,0.06845091983195727,-0.03292694422468895,0.38663620250717767,2.36351544191317231,1.57589935688199412,-0.31000000000000000,3.52000000000000002
0.00731477174151870,0.06868647583279198,-0.03276904011476157,0.38918313383979625,2.34761051380519836,1.58216982634116987,-0.31000000000000000,3.52000000000000002
0.00735381729994740,0.06892044311830919,-0.03261051284830686,0.39172762080301110,2.33174109356385983,1.58836262864555211,-0.31000000000000000,3.52000000000000002
0.00739311718159339,0.06915282522669927,-0.03245137014990023,0.39426958524218320,2.31590692929782982,1.59447860435709021,-0.31000000000000000,3.52000000000000002
0.00743267113033756,0.06938362567097457,-0.03229161966072863,0.39680894998525140,2.30010776934587424,1.60051858072404118,-0.31000000000000000,3.52000000000000002
0.00747247888239172,0.06961284793899476,-0.03213126893990973,0.39934563881781110,2.28434336232284796,1.60648337192353563,-0.31000000000000000,3.52000000000000002
0.00751254016639307,0.06984049549349663,-0.03197032546578713,0.40187957645876549,2.26861345716353835,1.61237377929891124,-0.31000000000000000,3.52000000000000002
0.00755285470349640,0.07006657177212819,-0.03180879663720210,0.40441068853653456,2.25291780316443768,1.61819059159193923,-0.31000000000000000,3.52000000000000002
0.00759342220746383,0.07029108018748685,-0.03164668977474230,0.40693890156580537,2.23725615002352551,1.62393458517006550,-0.31000000000000000,3.52000000000000002
0.00763424238475233,0.07051402412716148,-0.03148401212196811,0.40946414292480943,2.22162824787814062,1.62960652424878449,-0.31000000000000000,3.52000000000000002
0.00767531493459891,0.07073540695377818,-0.03132077084661686,0.41198634083311159,2.20603384734100993,1.63520716110926267,-0.31000000000000000,3.52000000000000002
0.00771663954910374,0.07095523200504950,-0.03115697304178556,0.41450542432989762,2.19047269953451229,1.64073723631132373,-0.31000000000000000,3.52000000000000002
0.00775821591331097,0.07117350259382706,-0.03099262572709262,0.41702132325274527,2.17494455612323989,1.64619747890190360,-0.31000000000000000,3.52000000000000002
0.00780004370528757,0.07139022200815738,-0.03082773584981889,0.41953396821686673,2.15944916934492870,1.65158860661908502,-0.31000000000000000,3.52000000000000002
0.00784212259620007,0.07160539351134064,-0.03066231028602851,0.42204329059480872,2.14398629203981406,1.65691132609181424,-0.31000000000000000,3.52000000000000002
0.00788445225038929,0.07181902034199232,-0.03049635584167001,0.42454922249659821,2.12855567767847953,1.66216633303540018,-0.31000000000000000,3.52000000000000002
0.00792703232544311,0.07203110571410759,-0.03032987925365808,0.42705169675032095,2.11315708038825134,1.66735431244289689,-0.31000000000000000,3.52000000000000002
0.00796986247226735,0.07224165281712822,-0.03016288719093642,0.42955064688312150,2.09779025497819882,1.67247593877246459,-0.31000000000000000,3.52000000000000002
0.00801294233515468,0.07245066481601198,-0.02999538625552195,0.43204600710261298,2.08245495696279237,1.67753187613080268,-0.31000000000000000,3.52000000000000002
0.00805627155185184,0.07265814485130430,-0.02982738298353104,0.43453771227868537,2.06715094258427312,1.68252277845274745,-0.31000000000000000,3.52000000000000002
0.00809984975362489,0.07286409603921208,-0.02965888384618781,0.43702569792570167,2.05187796883378226,1.68744928967712160,-0.31000000000000000,3.52000000000000002
0.00814367656532285,0.07306852147167965,-0.02948989525081511,0.43950990018507086,2.03663579347129842,1.69231204391892409,-0.31000000000000000,3.52000000000000002
0.00818775160543952,0.07327142421646655,-0.02932042354180844,0.44199025580818818,2.02142417504443239,1.69711166563794391,-0.31000000000000000,3.52000000000000002
0.00823207448617362,0.07347280731722722,-0.02915047500159318,0.44446670213973205,2.00624287290611836,1.70184876980388067,-0.31000000000000000,3.52000000000000002
0.00827664481348735,0.07367267379359231,-0.02898005585156551,0.44693917710130826,1.99109164723125143,1.70652396205805168,-0.31000000000000000,3.52000000000000002
0.00832146218716321,0.07387102664125178,-0.02880917225301726,0.44940761917543204,1.97597025903230494,1.71113783887176418,-0.31000000000000000,3.52000000000000002
0.00836652620085937,0.07406786883203928,-0.02863783030804519,0.45187196738983876,1.96087847017397410,1.71569098770142947,-0.31000000000000000,3.52000000000000002
0.00841183644216339,0.07426320331401813,-0.02846603606044478,0.45433216130211435,1.94581604338688052,1.72018398714049203,-0.31000000000000000,3.52000000000000002
0.00845739249264444,0.07445703301156854,-0.02829379549658913,0.45678814098463694,1.93078274228037450,1.72461740706824784,-0.31000000000000000,3.52000000000000002
0.00850319392790407,0.07464936082547612,-0.02812111454629302,0.45923984700982107,1.91577833135447295,1.72899180879561976,-0.31000000000000000,3.52000000000000002
0.00854924031762544,0.07484018963302144,-0.02794799908366259,0.46168722043565641,1.90080257601096325,1.73330774520796260,-0.31000000000000000,3.52000000000000002
0.00859553122562124,0.07502952228807080,-0.02777445492793088,0.46413020279153322,1.88585524256370940,1.73756576090496195,-0.31000000000000000,3.52000000000000002
0.00864206620988004,0.07521736162116789,-0.02760048784427954,0.46656873606434635,1.87093609824818996,1.74176639233769293,-0.31000000000000000,3.52000000000000002
0.00868884482261145,0.07540371043962638,-0.02742610354464693,0.46900276268487084,1.85604491123029880,1.74591016794290321,-0.31000000000000000,3.52000000000000002
0.00873586661028975,0.07558857152762340,-0.02725130768852293,0.47143222551440123,1.84118145061443750,1.74999760827458295,-0.31000000000000000,3.52000000000000002
0.00878313111369637,0.07577194764629376,-0.02707610588373082,0.47385706783164783,1.82634548645092876,1.75402922613288048,-0.31000000000000000,3.52000000000000002
0.00883063786796093,0.07595384153382488,-0.02690050368719626,0.47627723331988303,1.81153678974277543,1.75800552669042420,-0.31000000000000000,3.52000000000000002
0.00887838640260105,0.07613425590555237,-0.02672450660570386,0.47869266605433053,1.79675513245179519,1.76192700761610865,-0.31000000000000000,3.52000000000000002
0.00892637624156101,0.07631319345405620,-0.02654812009664145,0.48110331048979127,1.78200028750415140,1.76579415919639970,-0.31000000000000000,3.52000000000000002
0.00897460690324899,0.07649065684925738,-0.02637134956873240,0.48350911144849984,1.76727202879530809,1.76960746445421502,-0.31000000000000000,3.52000000000000002
0.00902307790057329,0.07666664873851510,-0.02619420038275606,0.48591001410820434,1.75257013119442995,1.77336739926543219,-0.31000000000000000,3.52000000000000002
0.00907178874097728,0.07684117174672436,-0.02601667785225683,0.48830596399046472,1.73789437054825147,1.77707443247307717,-0.31000000000000000,3.52000000000000002
0.00912073892647319,0.07701422847641382,-0.02583878724424172,0.49069690694916290,1.72324452368443493,1.78072902599924365,-0.31000000000000000,3.52000000000000002
0.00916992795367477,0.07718582150784406,-0.02566053377986704,0.49308278915921910,1.70862036841444054,1.78433163495479419,-0.31000000000000000,3.52000000000000002
0.00921935531382886,0.07735595339910613,-0.02548192263511407,0.49546355710550910,1.69402168353592542,1.78788270774688929,-0.31000000000000000,3.52000000000000002
0.00926902049284585,0.07752462668622022,-0.02530295894145417,0.49783915757197666,1.67944824883469424,1.79138268618439267,-0.31000000000000000,3.52000000000000002
0.00931892297132900,0.07769184388323459,-0.02512364778650338,0.50020953763093590,1.66489984508621736,1.79483200558120060,-0.31000000000000000,3.52000000000000002
0.00936906222460280,0.07785760748232456,-0.02494399421466691,0.50257464463255830,1.65037625405673571,1.79823109485753596,-0.31000000000000000,3.52000000000000002
0.00941943772274021,0.07802191995389167,-0.02476400322777347,0.50493442619453976,1.63587725850396892,1.80158037663925619,-0.31000000000000000,3.52000000000000002
0.00947004893058893,0.07818478374666277,-0.02458367978569984,0.50728883019194237,1.62140264217744434,1.80488026735521245,-0.31000000000000000,3.52000000000000002
0.00952089530779659,0.07834620128778930,-0.02440302880698576,0.50963780474720599,1.60695218981846066,1.80813117733270601,-0.31000000000000000,3.52000000000000002
0.00957197630883504,0.07850617498294639,-0.02422205516943945,0.51198129822032568,1.59252568715970466,1.81133351089108086,-0.31000000000000000,3.52000000000000002
0.00962329138302359,0.07866470721643198,-0.02404076371073373,0.51431925919918942,1.57812292092453244,1.81448766643349124,-0.31000000000000000,3.52000000000000002
0.00967483997455137,0.07882180035126585,-0.02385915922899316,0.51665163649007273,1.56374367882593268,1.81759403653688456,-0.31000000000000000,3.52000000000000002
0.00972662152249863,0.07897745672928846,-0.02367724648337225,0.51897837910828515,1.54938774956518288,1.82065300804023722,-0.31000000000000000,3.52000000000000002
0.00977863546085724,0.07913167867125981,-0.02349503019462489,0.52129943626896458,1.53505492283021328,1.82366496213107920,-0.31000000000000000,3.52000000000000002
0.00983088121855018,0.07928446847695789,-0.02331251504566523,0.52361475737801533,1.52074498929369084,1.82663027443034420,-0.31000000000000000,3.52000000000000002
0.00988335821945021,0.07943582842527713,-0.02312970568212021,0.52592429202318614,1.50645774061083570,1.82954931507558105,-0.31000000000000000,3.52000000000000002
0.00993606588239756,0.07958576077432651,-0.02294660671287377,0.52822798996528364,1.49219296941698110,1.83242244880255933,-0.31000000000000000,3.52000000000000002
0.00998900362121685,0.07973426776152744,-0.02276322271060300,0.53052580112951853,1.47795046932488927,1.83525003502530337,-0.31000000000000000,3.52000000000000002
0.01004217084473310,0.07988135160371133,-0.02257955821230642,0.53281767559697901,1.46373003492183318,1.83803242791458832,-0.31000000000000000,3.52000000000000002
0.01009556695678685,0.08002701449721697,-0.02239561771982442,0.53510356359622968,1.44953146176645542,1.84076997647492768,-0.31000000000000000,3.52000000000000002
0.01014919135624856,0.08017125861798738,-0.02221140570035209,0.53738341549503132,1.43535454638541382,1.84346302462008671,-0.31000000000000000,3.52000000000000002
0.01020304343703204,0.08031408612166654,-0.02202692658694460,0.53965718179217825,1.42119908626982427,1.84611191124714913,-0.31000000000000000,3.52000000000000002
0.01025712258810725,0.08045549914369560,-0.02184218477901519,0.54192481310944973,1.40706487987150841,1.84871697030916837,-0.31000000000000000,3.52000000000000002
0.01031142819351209,0.08059549979940875,-0.02165718464282604,0.54418626018367255,1.39295172659905808,1.85127853088643257,-0.31000000000000000,3.52000000000000002
0.01036595963236362,0.08073409018412872,-0.02147193051197203,0.54644147385889130,1.37885942681372220,1.85379691725637064,-0.31000000000000000,3.52000000000000002
0.01042071627886831,0.08087127237326182,-0.02128642668785756,0.54869040507864308,1.36478778182512661,1.85627244896212740,-0.31000000000000000,3.52000000000000002
0.01047569750233165,0.08100704842239255,-0.02110067744016662,0.55093300487833374,1.35073659388683365,1.85870544087983558,-0.31000000000000000,3.52000000000000002
0.01053090266716694,0.08114142036737779,-0.02091468700732619,0.55316922437771232,1.33670566619175069,1.86109620328460923,-0.31000000000000000,3.52000000000000002
0.01058633113290339,0.08127439022444045,-0.02072845959696309,0.55539901477344134,1.32269480286739238,1.86344504191528682,-0.31000000000000000,3.52000000000000002
0.01064198225419339,0.08140595999026276,-0.02054199938635442,0.55762232733175943,1.30870380897100813,1.86575225803794575,-0.31000000000000000,3.52000000000000002
0.01069785538081913,0.08153613164207892,-0.02035531052287168,0.55983911338123393,1.29473249048457628,1.86801814850821701,-0.31000000000000000,3.52000000000000002
0.01075394985769849,0.08166490713776735,-0.02016839712441883,0.56204932430560017,1.28078065430967714,1.87024300583241976,-0.31000000000000000,3.52000000000000002
0.01081026502489017,0.08179228841594241,-0.01998126327986411,0.56425291153668566,1.26684810826224670,1.87242711822754226,-0.31000000000000000,3.52000000000000002
0.01086680021759819,0.08191827739604556,-0.01979391304946610,0.56644982654741527,1.25293466106722073,1.87457076968009040,-0.31000000000000000,3.52000000000000002
0.01092355476617560,0.08204287597843593,-0.01960635046529382,0.56864002084489618,1.23904012235307226,1.87667424000382721,-0.31000000000000000,3.52000000000000002
0.01098052799612761,0.08216608604448049,-0.01941857953164122,0.57082344596357892,1.22516430264625109,1.87873780489642406,-0.31000000000000000,3.52000000000000002
0.01103771922811394,0.08228790945664348,-0.01923060422543593,0.57300005345849270,1.21130701336552749,1.88076173599504548,-0.31000000000000000,3.52000000000000002
0.01109512777795057,0.08240834805857543,-0.01904242849664264,0.57516979489855258,1.19746806681624918,1.88274630093088891,-0.31000000000000000,3.52000000000000002
0.01115275295661080,0.08252740367520146,-0.01885405626866097,0.57733262185993561,1.18364727618451271,1.88469176338269828,-0.31000000000000000,3.52000000000000002
0.01121059407022561,0.08264507811280913,-0.01866549143871809,0.57948848591952418,1.16984445553125749,1.88659838312927275,-0.31000000000000000,3.52000000000000002
0.01126865042008346,0.08276137315913555,-0.01847673787825617,0.58163733864841383,1.15605941978628546,1.88846641610098942,-0.31000000000000000,3.52000000000000002
0.01132692130262936,0.08287629058345400,-0.01828779943331460,0.58377913160548411,1.14229198474221105,1.89029611443035828,-0.31000000000000000,3.52000000000000002
0.01138540600946332,0.08298983213665993,-0.01809867992490740,0.58591381633102901,1.12854196704834631,1.89208772650162937,-0.31000000000000000,3.52000000000000002
0.01144410382733818,0.08310199955135630,-0.01790938314939549,0.58804134434044575,1.11480918420452424,1.89384149699946880,-0.31000000000000000,3.52000000000000002
0.01150301403815684,0.08321279454193831,-0.01771991287885435,0.59016166711797979,1.10109345455486696,1.89555766695672223,-0.31000000000000000,3.52000000000000002
0.01156213591896878,0.08332221880467751,-0.01753027286143680,0.59227473611052384,1.08739459728149912,1.89723647380128302,-0.31000000000000000,3.52000000000000002
0.01162146874196607,0.08343027401780533,-0.01734046682173118,0.59438050272146814,1.07371243239821279,1.89887815140208116,-0.31000000000000000,3.52000000000000002
0.01168101177447867,0.08353696184159587,-0.01715049846111502,0.59647891830460176,1.06004678074408676,1.90048293011421010,-0.31000000000000000,3.52000000000000002
0.01174076427896920,0.08364228391844815,-0.01696037145810419,0.59856993415806092,1.04639746397706301,1.90205103682320820,-0.31000000000000000,3.52000000000000002
0.01180072551302705,0.08374624187296766,-0.01677008946869765,0.60065350151832375,1.03276430456748480,1.90358269498850907,-0.31000000000000000,3.52000000000000002
0.01186089472936194,0.08384883731204726,-0.01657965612671795,0.60272957155424944,1.01914712579159894,1.90507812468607685,-0.31000000000000000,3.52000000000000002
0.01192127117579683,0.08395007182494747,-0.01638907504414748,0.60479809536115936,1.00554575172502458,1.90653754265024200,-0.31000000000000000,3.52000000000000002
0.01198185409526030,0.08404994698337606,-0.01619834981146055,0.60685902395495883,0.99196000723619338,1.90796116231475232,-0.31000000000000000,3.52000000000000002
0.01204264272577832,0.08414846434156702,-0.01600748399795145,0.60891230826629783,0.97838971797976182,1.90934919385305157,-0.31000000000000000,3.52000000000000002
0.01210363630046539,0.08424562543635883,-0.01581648115205849,0.61095789913476839,0.96483471038999979,1.91070184421780298,-0.31000000000000000,3.52000000000000002
0.01216483404751520,0.08434143178727210,-0.01562534480168414,0.61299574730313733,0.95129481167415719,1.91201931717966822,-0.31000000000000000,3.52000000000000002
0.01222623519019063,0.08443588489658656,-0.01543407845451130,0.61502580341161239,0.93776984980581179,1.91330181336535743,-0.31000000000000000,3.52000000000000002
0.01228783894681320,0.08452898624941729,-0.01524268559831586,0.61704801799214060,0.92425965351819994,1.91454953029496244,-0.31000000000000000,3.52000000000000002
0.01234964453075202,0.08462073731379045,-0.01505116970127548,0.61906234146273642,0.91076405229753332,1.91576266241858573,-0.31000000000000000,3.52000000000000002
0.01241165115041200,0.08471113954071817,-0.01485953421227483,0.62106872412183878,0.89728287637630300,1.91694140115227873,-0.31000000000000000,3.52000000000000002
0.01247385800922175,0.08480019436427284,-0.01466778256120718,0.62306711614269494,0.88381595672657420,1.91808593491330037,-0.31000000000000000,3.52000000000000002
0.01253626430562067,0.08488790320166080,-0.01447591815927261,0.62505746756776992,0.87036312505327196,1.91919644915470911,-0.31000000000000000,3.52000000000000002
0.01259886923304564,0.08497426745329521,-0.01428394439927264,0.62703972830317944,0.85692421378746175,1.92027312639929870,-0.31000000000000000,3.52000000000000002
0.01266167197991712,0.08505928850286838,-0.01409186465590166,0.62901384811314576,0.84349905607962539,1.92131614627289027,-0.31000000000000000,3.52000000000000002
0.01272467172962466,0.08514296771742336,-0.01389968228603496,0.63097977661447380,0.83008748579293468,1.92232568553699146,-0.31000000000000000,3.52000000000000002
0.01278786766051188,0.08522530644742485,-0.01370740062901357,0.63293746327104683,0.81668933749652450,1.92330191812083373,-0.31000000000000000,3.52000000000000002
0.01285125894586092,0.08530630602682951,-0.01351502300692587,0.63488685738833994,0.80330444645876686,1.92424501515279767,-0.31000000000000000,3.52000000000000002
0.01291484475387633,0.08538596777315551,-0.01332255272488619,0.63682790810795009,0.78993264864054746,1.92515514499123808,-0.31000000000000000,3.52000000000000002
0.01297862424766838,0.08546429298755144,-0.01312999307131022,0.63876056440214091,0.77657378068854654,1.92603247325471738,-0.31000000000000000,3.52000000000000002
0.01304259658523588,0.08554128295486459,-0.01293734731818760,0.64068477506840094,0.76322767992852558,1.92687716285165922,-0.31000000000000000,3.52000000000000002
0.01310676091944843,0.08561693894370848,-0.01274461872135137,0.64260048872401454,0.74989418435862054,1.92768937400943008,-0.31000000000000000,3.52000000000000002
0.01317111639802812,0.08569126220652978,-0.01255181052074474,0.64450765380064301,0.73657313264264368,1.92846926430285937,-0.31000000000000000,3.52000000000000002
0.01323566216353070,0.08576425397967459,-0.01235892594068486,0.64640621853891522,0.72326436410339512,1.92921698868220770,-0.31000000000000000,3.52000000000000002
0.01330039735332619,0.08583591548345391,-0.01216596819012396,0.64829613098302663,0.70996771871598519,1.92993269950059099,-0.31000000000000000,3.52000000000000002
0.01336532109957901,0.08590624792220862,-0.01197294046290767,0.65017733897534447,0.69668303710116908,1.93061654654087111,-0.31000000000000000,3.52000000000000002
0.01343043252922748,0.08597525248437365,-0.01177984593803078,0.65204979015101860,0.68341016051869441,1.93126867704202021,-0.31000000000000000,3.52000000000000002
0.01349573076396285,0.08604293034254162,-0.01158668777989028,0.65391343193259666,0.67014893086066318,1.93188923572496707,-0.31000000000000000,3.52000000000000002
0.01356121492020780,0.08610928265352567,-0.01139346913853589,0.65576821152464126,0.65689919064490920,1.93247836481793622,-0.31000000000000000,3.52000000000000002
0.01362688410909430,0.08617431055842174,-0.01120019314991815,0.65761407590834930,0.64366078300839180,1.93303620408128407,-0.31000000000000000,3.52000000000000002
0.01369273743644108,0.08623801518267016,-0.01100686293613390,0.65945097183617096,0.63043355170060655,1.93356289083184341,-0.31000000000000000,3.52000000000000002
0.01375877400273043,0.08630039763611655,-0.01081348160566950,0.66127884582642815,0.61721734107701498,1.93405855996678211,-0.31000000000000000,3.52000000000000002
0.01382499290308456,0.08636145901307210,-0.01062005225364160,0.66309764415792982,0.60401199609249234,1.93452334398698378,-0.31000000000000000,3.52000000000000002
0.01389139322724135,0.08642120039237319,-0.01042657796203561,0.66490731286458460,0.59081736229479631,1.93495737301995763,-0.31000000000000000,3.52000000000000002
0.01395797405952961,0.08647962283744036,-0.01023306179994193,0.66670779773000766,0.57763328581805540,1.93536077484228652,-0.31000000000000000,3.52000000000000002
0.01402473447884376,0.08653672739633660,-0.01003950682378991,0.66849904428212215,0.56445961337627981,1.93573367490161696,-0.31000000000000000,3.52000000000000002
0.01409167355861801,0.08659251510182502,-0.00984591607757972,0.67028099778775274,0.55129619225689386,1.93607619633820094,-0.31000000000000000,3.52000000000000002
0.01415879036679997,0.08664698697142588,-0.00965229259311195,0.67205360324721131,0.53814287031429187,1.93638846000599441,-0.31000000000000000,3.52000000000000002
0.01422608396582373,0.08670014400747296,-0.00945863939021528,0.67381680538887223,0.52499949596341700,1.93667058449332030,-0.31000000000000000,3.52000000000000002
0.01429355341258240,0.08675198719716930,-0.00926495947697198,0.67557054866373689,0.51186591817336480,1.93692268614310104,-0.31000000000000000,3.52000000000000002
0.01436119775840009,0.08680251751264229,-0.00907125584994147,0.67731477723998623,0.49874198646101170,1.93714487907266775,-0.31000000000000000,3.52000000000000002
0.01442901604900334,0.08685173591099812,-0.00887753149438191,0.67904943499751980,0.48562755088466858,1.93733727519315235,-0.31000000000000000,3.52000000000000002
0.01449700732449208,0.08689964333437565,-0.00868378938446987,0.68077446552248000,0.47252246203776060,1.93749998422846792,-0.31000000000000000,3.52000000000000002
0.01456517061930990,0.08694624070999954,-0.00849003248351809,0.68248981210176074,0.45942657104253337,1.93763311373388314,-0.31000000000000000,3.52000000000000002
0.01463350496221390,0.08699152895023286,-0.00829626374419150,0.68419541771749948,0.44633972954378659,1.93773676911419757,-0.31000000000000000,3.52000000000000002
0.01470200937624394,0.08703550895262906,-0.00810248610872128,0.68589122504155053,0.43326178970263485,1.93781105364152140,-0.31000000000000000,3.52000000000000002
0.01477068287869130,0.08707818159998321,-0.00790870250911735,0.68757717642993943,0.42019260419029653,1.93785606847266667,-0.31000000000000000,3.52000000000000002
0.01483952448106685,0.08711954776038279,-0.00771491586737898,0.68925321391729677,0.40713202618191136,1.93787191266615433,-0.31000000000000000,3.52000000000000002
0.01490853318906861,0.08715960828725772,-0.00752112909570381,0.69091927921127028,0.39407990935038695,1.93785868319884313,-0.31000000000000000,3.52000000000000002
0.01497770800254879,0.08719836401942983,-0.00732734509669520,0.69257531368691416,0.38103610786027431,1.93781647498218446,-0.31000000000000000,3.52000000000000002
0.01504704791548025,0.08723581578116175,-0.00713356676356799,0.69422125838105431,0.36800047636167343,1.93774538087810844,-0.31000000000000000,3.52000000000000002
0.01511655191592237,0.08727196438220515,-0.00693979698035263,0.69585705398662834,0.35497286998416883,1.93764549171454581,-0.31000000000000000,3.52000000000000002
0.01518621898598640,0.08730681061784837,-0.00674603862209784,0.69748264084699940,0.34195314433079577,1.93751689630059087,-0.31000000000000000,3.52000000000000002
0.01525604810180020,0.08734035526896346,-0.00655229455507179,0.69909795895024240,0.32894115547203706,1.93735968144130899,-0.31000000000000000,3.52000000000000002
0.01532603823347246,0.08737259910205267,-0.00635856763696169,0.70070294792340104,0.31593675993985126,1.93717393195219389,-0.31000000000000000,3.52000000000000002
0.01539618834505624,0.08740354286929426,-0.00616486071707215,0.70229754702671587,0.30293981472173237,1.93695973067327931,-0.31000000000000000,3.52000000000000002
0.01546649739451209,0.08743318730858778,-0.00597117663652191,0.70388169514782051,0.28995017725480116,1.93671715848290749,-0.31000000000000000,3.52000000000000002
0.01553696433367041,0.08746153314359870,-0.00577751822843945,0.70545533079590561,0.27696770541992899,1.93644629431116089,-0.31000000000000000,3.52000000000000002
0.01560758810819338,0.08748858108380254,-0.00558388831815709,0.70701839209585005,0.26399225753589373,1.93614721515295951,-0.31000000000000000,3.52000000000000002
0.01567836765753619,0.08751433182452838,-0.00539028972340387,0.70857081678231681,0.25102369235356858,1.93581999608082822,-0.31000000000000000,3.52000000000000002
0.01574930191490775,0.08753878604700169,-0.00519672525449719,0.71011254219381326,0.23806186905014373,1.93546471025733724,-0.31000000000000000,3.52000000000000002
0.01582038980723075,0.08756194441838677,-0.00500319771453320,0.71164350526671449,0.22510664722338153,1.93508142894722091,-0.31000000000000000,3.52000000000000002
0.01589163025510117,0.08758380759182850,-0.00480970989957594,0.71316364252924835,0.21215788688590495,1.93467022152917711,-0.31000000000000000,3.52000000000000002
0.01596302217274715,0.08760437620649350,-0.00461626459884543,0.71467289009544122,0.19921544845951997,1.93423115550735036,-0.31000000000000000,3.52000000000000002
0.01603456446798727,0.08762365088761082,-0.00442286459490453,0.71617118365902277,0.18627919276957181,1.93376429652250326,-0.31000000000000000,3.52000000000000002
0.01610625604218822,0.08764163224651196,-0.00422951266384472,0.71765845848728937,0.17334898103933569,1.93326970836287870,-0.31000000000000000,3.52000000000000002
0.01617809579022183,0.08765832088067044,-0.00403621157547088,0.71913464941492411,0.16042467488444184,1.93274745297475703,-0.31000000000000000,3.52000000000000002
0.01625008260042151,0.08767371737374070,-0.00384296409348490,0.72059969083777242,0.14750613630733542,1.93219759047270867,-0.31000000000000000,3.52000000000000002
0.01632221535453806,0.08768782229559656,-0.00364977297566839,0.72205351670657270,0.13459322769177132,1.93162017914954887,-0.31000000000000000,3.52000000000000002
0.01639449292769482,0.08770063620236905,-0.00345664097406436,0.72349606052063942,0.12168581179734414,1.93101527548599439,-0.31000000000000000,3.52000000000000002
0.01646691418834224,0.08771215963648371,-0.00326357083515797,0.72492725532149893,0.10878375175405371,1.93038293416002671,-0.31000000000000000,3.52000000000000002
0.01653947799821176,0.08772239312669738,-0.00307056530005634,0.72634703368647557,0.09588691105690607,1.92972320805596320,-0.31000000000000000,3.52000000000000002
0.01661218321226908,0.08773133718813446,-0.00287762710466746,0.72775532772222729,0.08299515356055046,1.92903614827324077,-0.31000000000000000,3.52000000000000002
0.01668502867866674,0.08773899232232252,-0.00268475897987828,0.72915206905822938,0.07010834347395230,1.92832180413491194,-0.31000000000000000,3.52000000000000002
0.01675801323869612,0.08774535901722755,-0.00249196365173192,0.73053718884020569,0.05722634535510252,1.92758022319585853,-0.31000000000000000,3.52000000000000002
0.01683113572673870,0.08775043774728858,-0.00229924384160407,0.73191061772350441,0.04434902410576340,1.92681145125072262,-0.31000000000000000,3.52000000000000002
0.01690439497021670,0.08775422897345177,-0.00210660226637867,0.73327228586641913,0.03147624496625110,1.92601553234155998,-0.31000000000000000,3.52000000000000002
0.01697778978954302,0.08775673314320404,-0.00191404163862277,0.73462212292345230,0.01860787351025524,1.92519250876521530,0.25000000000000000,4.51999999999999957
0.01705132886264661,0.08775802162147008,-0.00172149989716960,0.73615739755399745,0.00716238950947357,1.92563781129672429,0.25000000000000000,4.51999999999999957
0.01712502087968563,0.08775816575905192,-0.00152891497784378,0.73768099112963403,-0.00427895608379553,1.92605606937803131,0.25000000000000000,4.51999999999999957
0.01719886466939851,0.08775716596502729,-0.00133628958416448,0.73919284047518674,-0.01571625843027094,1.92644730130535957,0.25000000000000000,4.51999999999999957
0.01727285905419000,0.08775502263898775,-0.00114362641788742,0.74069288209141892,-0.02714961209279029,1.92681152405202005,0.25000000000000000,4.51999999999999957
0.01734700285009855,0.08775173617109835,-0.00095092817913692,0.74218105215094232,-0.03857911103979858,1.92714875327434632,0.25000000000000000,4.51999999999999957
0.01742129486676330,0.08774730694215685,-0.00075819756653724,0.74365728649411378,-0.05000484864875170,1.92745900331745568,0.25000000000000000,4.51999999999999957
0.01749573390739062,0.08774173532365268,-0.00056543727734347,0.74512152062491632,-0.06142691770943520,1.92774228722083474,0.25000000000000000,4.51999999999999957
0.01757031876872032,0.08773502167782553,-0.00037265000757181,0.74657368970682547,-0.07284541042719864,1.92799861672375550,0.25000000000000000,4.51999999999999957
0.01764504824099133,0.08772716635772368,-0.00017983845212932,0.74801372855865944,-0.08426041842610588,1.92822800227052116,0.25000000000000000,4.51999999999999957
0.01771992110790707,0.08771816970726191,0.00001299469505683,0.74944157165041259,-0.09567203275200134,1.92843045301554383,0.25000000000000000,4.51999999999999957
0.01779493614660033,0.08770803206127921,0.00020584674091063,0.75085715309907186,-0.10708034387549277,1.92860597682825663,0.25000000000000000,4.51999999999999957
0.01787009212759780,0.08769675374559614,0.00039871499307896,0.75226040666441607,-0.11848544169485049,1.92875458029786162,0.25000000000000000,4.51999999999999957
0.01794538781478409,0.08768433507707195,0.00059159675980380,0.75365126574479602,-0.12988741553882355,1.92887626873791462,0.25000000000000000,4.51999999999999957
0.01802082196536539,0.08767077636366137,0.00078448934979488,0.75502966337289645,-0.14128635416937280,1.92897104619074922,0.25000000000000000,4.51999999999999957
0.01809639332983273,0.08765607790447116,0.00097739007210279,0.75639553221147859,-0.15268234578432122,1.92903891543174155,0.25000000000000000,4.51999999999999957
0.01817210065192472,0.08764023998981639,0.00117029623599248,0.75774880454910210,-0.16407547801992153,1.92907987797341685,0.25000000000000000,4.51999999999999957
0.01824794266858992,0.08762326290127649,0.00136320515081717,0.75908941229582727,-0.17546583795334128,1.92909393406939955,0.25000000000000000,4.51999999999999957
0.01832391810994883,0.08760514691175103,0.00155611412589267,0.76041728697889543,-0.18685351210506554,1.92908108271820855,0.25000000000000000,4.51999999999999957
0.01840002569925532,0.08758589228551526,0.00174902047037202,0.76173235973838793,-0.19823858644121733,1.92904132166689934,0.25000000000000000,4.51999999999999957
0.01847626415285775,0.08756549927827545,0.00194192149312055,0.76303456132286307,-0.20962114637579585,1.92897464741455327,0.25000000000000000,4.51999999999999957
0.01855263218015957,0.08754396813722398,0.00213481450259125,0.76432382208496974,-0.22100127677283246,1.92888105521561615,0.25000000000000000,4.51999999999999957
0.01862912848357951,0.08752129910109424,0.00232769680670042,0.76560007197703772,-0.23237906194846469,1.92876053908308798,0.25000000000000000,4.51999999999999957
0.01870575175851133,0.08749749240021532,0.00252056571270376,0.76686324054664412,-0.24375458567292821,1.92861309179156315,0.25000000000000000,4.51999999999999957
0.01878250069328314,0.08747254825656647,0.00271341852707260,0.76811325693215537,-0.25512793117246657,1.92843870488012503,0.25000000000000000,4.51999999999999957
0.01885937396911623,0.08744646688383151,0.00290625255537052,0.76935004985824373,-0.26649918113115922,1.92823736865509354,0.25000000000000000,4.51999999999999957
0.01893637026008349,0.08741924848745282,0.00309906510213022,0.77057354763137798,-0.27786841769266718,1.92800907219262885,0.25000000000000000,4.51999999999999957
0.01901348823306733,0.08739089326468540,0.00329185347073060,0.77178367813528836,-0.28923572246189672,1.92775380334119073,0.25000000000000000,4.51999999999999957
0.01909072654771726,0.08736140140465061,0.00348461496327411,0.77298036882640409,-0.30060117650658091,1.92747154872385607,0.25000000000000000,4.51999999999999957
0.01916808385640682,0.08733077308838987,0.00367734688046434,0.77416354672926369,-0.31196486035877896,1.92716229374049464,0.25000000000000000,4.51999999999999957
0.01924555880419026,0.08729900848891806,0.00387004652148380,0.77533313843189700,-0.32332685401629313,1.92682602256980462,0.25000000000000000,4.51999999999999957
0.01932315002875858,0.08726610777127698,0.00406271118387188,0.77648907008117896,-0.33468723694400332,1.92646271817120862,0.25000000000000000,4.51999999999999957
0.01940085616039525,0.08723207109258854,0.00425533816340302,0.77763126737815358,-0.34604608807511900,1.92607236228661050,0.25000000000000000,4.51999999999999957
0.01947867582193133,0.08719689860210783,0.00444792475396504,0.77875965557332893,-0.35740348581234860,1.92565493544201627,0.25000000000000000,4.51999999999999957
0.01955660762870021,0.08716059044127618,0.00464046824743764,0.77987415946194072,-0.36875950802898572,1.92521041694901651,0.25000000000000000,4.51999999999999957
0.01963465018849186,0.08712314674377399,0.00483296593357101,0.78097470337918584,-0.38011423206991263,1.92473878490613459,0.25000000000000000,4.51999999999999957
0.01971280210150654,0.08708456763557357,0.00502541509986459,0.78206121119542382,-0.39146773475252028,1.92424001620003815,0.25000000000000000,4.51999999999999957
0.01979106196030814,0.08704485323499184,0.00521781303144594,0.78313360631134588,-0.40282009236754479,1.92371408650661846,0.25000000000000000,4.51999999999999957
0.01986942834977689,0.08700400365274294,0.00541015701094970,0.78419181165311203,-0.41417138067982046,1.92316097029193456,0.25000000000000000,4.51999999999999957
0.01994789984706173,0.08696201899199078,0.00560244431839668,0.78523574966745402,-0.42552167492894843,1.92258064081302549,0.25000000000000000,4.51999999999999957
0.02002647502153210,0.08691889934840157,0.00579467223107295,0.78626534231674461,-0.43687104982988145,1.92197307011859064,0.25000000000000000,4.51999999999999957
0.02010515243472925,0.08687464481019620,0.00598683802340907,0.78728051107403230,-0.44821957957342373,1.92133822904953888,0.25000000000000000,4.51999999999999957
0.02018393064031705,0.08682925545820272,0.00617893896685932,0.78828117691804089,-0.45956733782664616,1.92067608723940686,0.25000000000000000,4.51999999999999957
0.02026280818403231,0.08678273136590860,0.00637097232978096,0.78926726032813310,-0.47091439773321608,1.91998661311464658,0.25000000000000000,4.51999999999999957
0.02034178360363463,0.08673507259951312,0.00656293537731358,0.79023868127923802,-0.48226083191364177,1.91926977389478526,0.25000000000000000,4.51999999999999957
0.02042085542885564,0.08668627921797967,0.00675482537125833,0.79119535923674100,-0.49360671246543047,1.91852553559245509,0.25000000000000000,4.51999999999999957
0.02050002218134782,0.08663635127308802,0.00694663956995733,0.79213721315133689,-0.50495211096316062,1.91775386301329487,0.25000000000000000,4.51999999999999957
0.02057928237463278,0.08658528880948665,0.00713837522817288,0.79306416145384384,-0.51629709845846683,1.91695471975572418,0.25000000000000000,4.51999999999999957
0.02065863451404900,0.08653309186474500,0.00733002959696673,0.79397612204997914,-0.52764174547993792,1.91612806821059034,0.25000000000000000,4.51999999999999957
0.02073807709669904,0.08647976046940584,0.00752159992357934,0.79487301231509477,-0.53898612203292717,1.91527386956068790,0.25000000000000000,4.51999999999999957
0.02081760861139628,0.08642529464703753,0.00771308345130901,0.79575474908887367,-0.55033029759927432,1.91439208378015269,0.25000000000000000,4.51999999999999957
0.02089722753861104,0.08636969441428650,0.00790447741939101,0.79662124866998418,-0.56167434113693915,1.91348266963372926,0.25000000000000000,4.51999999999999957
0.02097693235041625,0.08631295978092955,0.00809577906287655,0.79747242681069408,-0.57301832107954542,1.91254558467591318,0.25000000000000000,4.51999999999999957
0.02105672151043251,0.08625509074992638,0.00828698561251176,0.79830819871144154,-0.58436230533583555,1.91158078524996777,0.25000000000000000,4.51999999999999957
0.02113659347377265,0.08619608731747207,0.00847809429461648,0.79912847901536410,-0.59570636128903487,1.91058822648681614,0.25000000000000000,4.51999999999999957
0.02121654668698571,0.08613594947304970,0.00866910233096297,0.79993318180278394,-0.60705055579612455,1.90956786230380926,0.25000000000000000,4.51999999999999957
0.02129657958800041,0.08607467719948299,0.00886000693865450,0.80072222058564879,-0.61839495518702359,1.90851964540336860,0.25000000000000000,4.51999999999999957
0.02137669060606799,0.08601227047298904,0.00905080533000378,0.80149550830192884,-0.62973962526367844,1.90744352727150601,0.25000000000000000,4.51999999999999957
0.02145687816170457,0.08594872926323123,0.00924149471241121,0.80225295730996760,-0.64108463129905968,1.90633945817621875,0.25000000000000000,4.51999999999999957
0.02153714066663286,0.08588405353337211,0.00943207228824304,0.80299447938278690,-0.65243003803606558,1.90520738716576243,0.25000000000000000,4.51999999999999957
0.02161747652372341,0.08581824324012652,0.00962253525470927,0.80371998570234526,-0.66377590968633093,1.90404726206679942,0.25000000000000000,4.51999999999999957
0.02169788412693513,0.08575129833381473,0.00981288080374142,0.80442938685374876,-0.67512230992894162,1.90285902948242480,0.25000000000000000,4.51999999999999957
0.02177836186125538,0.08568321875841578,0.01000310612187003,0.80512259281941345,-0.68646930190905298,1.90164263479006856,0.25000000000000000,4.51999999999999957
0.02185890810263937,0.08561400445162098,0.01019320839010202,0.80579951297317964,-0.69781694823641205,1.90039802213927644,0.25000000000000000,4.51999999999999957
0.02193952121794902,0.08554365534488748,0.01038318478379779,0.80646005607437576,-0.70916531098378255,1.89912513444936670,0.25000000000000000,4.51999999999999957
0.02202019956489122,0.08547217136349207,0.01057303247254802,0.80710413026183292,-0.72051445168527162,1.89782391340696477,0.25000000000000000,4.51999999999999957
0.02210094149195546,0.08539955242658515,0.01076274862005036,0.80773164304784784,-0.73186443133455792,1.89649429946341530,0.25000000000000000,4.51999999999999957
0.02218174533835086,0.08532579844724485,0.01095233038398567,0.80834250131209440,-0.74321531038301991,1.89513623183207169,0.25000000000000000,4.51999999999999957
0.02226260943394265,0.08525090933253134,0.01114177491589415,0.80893661129548255,-0.75456714873776298,1.89374964848546345,0.25000000000000000,4.51999999999999957
0.02234353209918794,0.08517488498354139,0.01133107936105110,0.80951387859396473,-0.76592000575954600,1.89233448615234012,0.25000000000000000,4.51999999999999957
0.02242451164507092,0.08509772529546313,0.01152024085834237,0.81007420815228759,-0.77727394026060415,1.89089068031459373,0.25000000000000000,4.51999999999999957
0.02250554637303746,0.08501943015763093,0.01170925654013950,0.81061750425768964,-0.78862901050236911,1.88941816520405825,0.25000000000000000,4.51999999999999957
0.02258663457492899,0.08493999945358070,0.01189812353217461,0.81114367053354330,-0.79998527419308441,1.88791687379918627,0.25000000000000000,4.51999999999999957
0.02266777453291581,0.08485943306110529,0.01208683895341483,0.81165260993294130,-0.81134278848531483,1.88638673782160304,0.25000000000000000,4.51999999999999957
0.02274896451942977,0.08477773085231015,0.01227539991593648,0.81214422473222547,-0.82270160997335007,1.88482768773253828,0.25000000000000000,4.51999999999999957
0.02283020279709622,0.08469489269366935,0.01246380352479879,0.81261841652445832,-0.83406179469049979,1.88323965272913396,0.25000000000000000,4.51999999999999957
0.02291148761866541,0.08461091844608180,0.01265204687791740,0.81307508621283642,-0.84542339810628031,1.88162256074062983,0.25000000000000000,4.51999999999999957
0.02299281722694311,0.08452580796492776,0.01284012706593727,0.81351413400404393,-0.85678647512349126,1.87997633842442569,0.25000000000000000,4.51999999999999957
0.02307418985472067,0.08443956110012567,0.01302804117210536,0.81393545940154688,-0.86815108007518127,1.87830091116201969,0.25000000000000000,4.51999999999999957
0.02315560372470433,0.08435217769618929,0.01321578627214280,0.81433896119882598,-0.87951726672150066,1.87659620305482311,0.25000000000000000,4.51999999999999957
0.02323705704944391,0.08426365759228514,0.01340335943411669,0.81472453747254825,-0.89088508824644119,1.87486213691985237,0.25000000000000000,4.51999999999999957
0.02331854803126075,0.08417400062229030,0.01359075771831142,0.81509208557567614,-0.90225459725446089,1.87309863428529466,0.25000000000000000,4.51999999999999957
0.02340007486217504,0.08408320661485051,0.01377797817709957,0.81544150213051314,-0.91362584576699224,1.87130561538595175,0.25000000000000000,4.51999999999999957
0.02348163572383236,0.08399127539343867,0.01396501785481233,0.81577268302168571,-0.92499888521883344,1.86948299915855709,0.25000000000000000,4.51999999999999957
0.02356322878742955,0.08389820677641370,0.01415187378760947,0.81608552338906037,-0.93637376645442039,1.86763070323696923,0.25000000000000000,4.51999999999999957
0.02364485221363995,0.08380400057707973,0.01433854300334879,0.81637991762059436,-0.94775053972397871,1.86574864394723883,0.25000000000000000,4.51999999999999957
0.02372650415253777,0.08370865660374578,0.01452502252145509,0.81665575934512036,-0.95912925467955401,1.86383673630255120,0.25000000000000000,4.51999999999999957
0.02380818274352183,0.08361217465978571,0.01471130935278865,0.81691294142506365,-0.97050996037091886,1.86189489399804198,0.25000000000000000,4.51999999999999957
0.02388988611523860,0.08351455454369872,0.01489740049951312,0.81715135594909050,-0.98189270524135519,1.85992302940548671,0.25000000000000000,4.51999999999999957
0.02397161238550439,0.08341579604917015,0.01508329295496295,0.81737089422468789,-0.99327753712331079,1.85792105356786341,0.25000000000000000,4.51999999999999957
0.02405335966122692,0.08331589896513286,0.01526898370351019,0.81757144677067273,-1.00466450323392764,1.85588887619378795,0.25000000000000000,4.51999999999999957
0.02413512603832601,0.08321486307582893,0.01545446972043083,0.81775290330963035,-1.01605365017044136,1.85382640565182188,0.25000000000000000,4.51999999999999957
0.02421690960165363,0.08311268816087192,0.01563974797177044,0.81791515276028059,-1.02744502390544912,1.85173354896465248,0.25000000000000000,4.51999999999999957
0.02429870842491311,0.08300937399530955,0.01582481541420935,0.81805808322977192,-1.03883866978204531,1.84961021180314300,0.25000000000000000,4.51999999999999957
0.02438052057057756,0.08290492034968694,0.01600966899492711,0.81818158200590085,-1.05023463250882254,1.84745629848025494,0.25000000000000000,4.51999999999999957
0.02446234408980763,0.08279932699011025,0.01619430565146641,0.81828553554925743,-1.06163295615473707,1.84527171194483985,0.25000000000000000,4.51999999999999957
0.02454417702236828,0.08269259367831099,0.01637872231159637,0.81836982948529446,-1.07303368414383549,1.84305635377530175,0.25000000000000000,4.51999999999999957
0.02462601739654498,0.08258472017171070,0.01656291589317516,0.81843434859632080,-1.08443685924984190,1.84081012417312806,0.25000000000000000,4.51999999999999957
0.02470786322905889,0.08247570622348631,0.01674688330401196,0.81847897681341664,-1.09584252359060419,1.83853292195628937,0.25000000000000000,4.51999999999999957
0.02478971252498141,0.08236555158263599,0.01693062144172831,0.81850359720827015,-1.10725071862239544,1.83622464455250745,0.25000000000000000,4.51999999999999957
0.02487156327764777,0.08225425599404561,0.01711412719361873,0.81850809198493546,-1.11866148513407082,1.83388518799239075,0.25000000000000000,4.51999999999999957
0.02495341346856991,0.08214181919855577,0.01729739743651061,0.81849234247150893,-1.13007486324107664,1.83151444690243581,0.25000000000000000,4.51999999999999957
0.02503526106734839,0.08202824093302946,0.01748042903662356,0.81845622911172500,-1.14149089237930945,1.82911231449789669,0.25000000000000000,4.51999999999999957
0.02511710403158361,0.08191352093042031,0.01766321884942778,0.81839963145646899,-1.15290961129882441,1.82667868257551791,0.25000000000000000,4.51999999999999957
0.02519894030678604,0.08179765891984152,0.01784576371950195,0.81832242815520639,-1.16433105805738846,1.82421344150613285,0.25000000000000000,4.51999999999999957
0.02528076782628566,0.08168065462663536,0.01802806048039022,0.81822449694732780,-1.17575527001387869,1.82171648022712684,0.25000000000000000,4.51999999999999957
0.02536258451114055,0.08156250777244349,0.01821010595445847,0.81810571465340787,-1.18718228382152224,1.81918768623476290,0.25000000000000000,4.51999999999999957
0.02544438827004451,0.08144321807527778,0.01839189695274986,0.81796595716637810,-1.19861213542097533,1.81662694557637017,0.25000000000000000,4.51999999999999957
0.02552617699923388,0.08132278524959198,0.01857343027483946,0.81780509944261148,-1.21004486003323941,1.81403414284239406,0.25000000000000000,4.51999999999999957
0.02560794858239345,0.08120120900635402,0.01875470270868825,0.81762301549291860,-1.22148049215241250,1.81140916115830786,0.25000000000000000,4.51999999999999957
0.02568970089056144,0.08107848905311907,0.01893571103049613,0.81741957837345358,-1.23291906553827246,1.80875188217638372,0.25000000000000000,4.51999999999999957
0.02577143178203355,0.08095462509410334,0.01911645200455423,0.81719466017652931,-1.24436061320869107,1.80606218606732405,0.25000000000000000,4.51999999999999957
0.02585313910226614,0.08082961683025869,0.01929692238309633,0.81694813202134009,-1.25580516743187398,1.80333995151175075,0.25000000000000000,4.51999999999999957
0.02593482068377845,0.08070346395934797,0.01947711890614940,0.81667986404459181,-1.26725275971842666,1.80058505569155236,0.25000000000000000,4.51999999999999957
0.02601647434605387,0.08057616617602117,0.01965703830138328,0.81638972539103671,-1.27870342081324129,1.79779737428108755,0.25000000000000000,4.51999999999999957
0.02609809789544025,0.08044772317189246,0.01983667728395953,0.81607758420391374,-1.29015718068720453,1.79497678143824535,0.25000000000000000,4.51999999999999957
0.02617968912504933,0.08031813463561793,0.02001603255637927,0.81574330761529135,-1.30161406852872097,1.79212314979535958,0.25000000000000000,4.51999999999999957
0.02626124581465504,0.08018740025297434,0.02019510080833021,0.81538676173631275,-1.31307411273505004,1.78923635044997753,0.25000000000000000,4.51999999999999957
0.02634276573059102,0.08005551970693864,0.02037387871653267,0.81500781164734226,-1.32453734090345532,1.78631625295548191,0.25000000000000000,4.51999999999999957
0.02642424662564695,0.07992249267776842,0.02055236294458472,0.81460632138801126,-1.33600377982216023,1.78336272531156426,0.25000000000000000,4.51999999999999957
0.02650568623896403,0.07978831884308331,0.02073055014280629,0.81418215394716265,-1.34747345546111008,1.78037563395455067,0.25000000000000000,4.51999999999999957
0.02658708229592940,0.07965299787794723,0.02090843694808239,0.81373517125269279,-1.35894639296253539,1.77735484374757591,0.25000000000000000,4.51999999999999957
0.02666843250806950,0.07951652945495168,0.02108601998370524,0.81326523416128937,-1.37042261663131404,1.77430021797060777,0.25000000000000000,4.51999999999999957
0.02674973457294245,0.07937891324429991,0.02126329585921552,0.81277220244806414,-1.38190214992513005,1.77121161831031926,0.25000000000000000,4.51999999999999957
0.02683098617402935,0.07924014891389224,0.02144026117024243,0.81225593479607960,-1.39338501544442295,1.76808890484980719,0.25000000000000000,4.51999999999999957
0.02691218498062460,0.07910023612941218,0.02161691249834292,0.81171628878576718,-1.40487123492212862,1.76493193605815679,0.25000000000000000,4.51999999999999957
0.02699332864772503,0.07895917455441380,0.02179324641083968,0.81115312088423730,-1.41636082921320350,1.76174056877985108,0.25000000000000000,4.51999999999999957
0.02707441481591809,0.07881696385040998,0.02196925946065817,0.81056628643447870,-1.42785381828393287,1.75851465822402431,0.25000000000000000,4.51999999999999957
0.02715544111126885,0.07867360367696190,0.02214494818616253,0.80995563964444639,-1.43935022120101719,1.75525405795355649,0.25000000000000000,4.51999999999999957
0.02723640514520598,0.07852909369176947,0.02232030911099046,0.80932103357603613,-1.45085005612043294,1.75195861987401069,0.25000000000000000,4.51999999999999957
0.02731730451440657,0.07838343355076303,0.02249533874388684,0.80866232013394557,-1.46235334027606600,1.74862819422240912,0.25000000000000000,4.51999999999999957
0.02739813680067984,0.07823662290819614,0.02267003357853637,0.80797935005441901,-1.47386008996811246,1.74526262955584910,0.25000000000000000,4.51999999999999957
0.02747889957084976,0.07808866141673947,0.02284439009339497,0.80727197289387542,-1.48537032055124252,1.74186177273995590,0.25000000000000000,4.51999999999999957
0.02755959037663645,0.07793954872757602,0.02301840475152009,0.80654003701741817,-1.49688404642252504,1.73842546893717209,0.25000000000000000,4.51999999999999957
0.02764020675453650,0.07778928449049752,0.02319207400039974,0.80578338958722473,-1.50840128100910853,1.73495356159488279,0.25000000000000000,4.51999999999999957
0.02772074622570208,0.07763786835400194,0.02336539427178043,0.80500187655081568,-1.51992203675565252,1.73144589243337332,0.25000000000000000,4.51999999999999957
0.02780120629581890,0.07748529996539247,0.02353836198149382,0.80419534262920045,-1.53144632511150824,1.72790230143362122,0.25000000000000000,4.51999999999999957
0.02788158445498293,0.07733157897087768,0.02371097352928223,0.80336363130489963,-1.54297415651764180,1.72432262682491744,0.25000000000000000,4.51999999999999957
0.02796187817757598,0.07717670501567302,0.02388322529862274,0.80250658480984116,-1.55450554039329658,1.72070670507231926,0.25000000000000000,4.51999999999999957
0.02804208492213999,0.07702067774410362,0.02405511365655024,0.80162404411313037,-1.56604048512239147,1.71705437086393098,0.25000000000000000,4.51999999999999957
0.02812220213125018,0.07686349679970864,0.02422663495347904,0.80071584890869052,-1.57757899803964730,1.71336545709801102,0.25000000000000000,4.51999999999999957
0.02820222723138686,0.07670516182534674,0.02439778552302323,0.79978183760277433,-1.58912108541644104,1.70963979486990625,0.25000000000000000,4.51999999999999957
0.02828215763280608,0.07654567246330327,0.02456856168181573,0.79882184730134320,-1.60066675244637913,1.70587721345881005,0.25000000000000000,4.51999999999999957
0.02836199072940894,0.07638502835539868,0.02473895972932604,0.79783571379731444,-1.61221600323058789,1.70207754031434266,0.25000000000000000,4.51999999999999957
0.02844172389860961,0.07622322914309856,0.02490897594767656,0.79682327155767274,-1.62376884076271533,1.69824060104295405,0.25000000000000000,4.51999999999999957
0.02852135450120215,0.07606027446762517,0.02507860660145760,0.79578435371044665,-1.63532526691363822,1.69436621939414622,0.25000000000000000,4.51999999999999957
0.02860087988122594,0.07589616397007046,0.02524784793754099,0.79471879203154638,-1.64688528241587107,1.69045421724651446,0.25000000000000000,4.51999999999999957
0.02868029736582974,0.07573089729151067,0.02541669618489231,0.79362641693146330,-1.65844888684767056,1.68650441459360501,0.25000000000000000,4.51999999999999957
0.02875960426513458,0.07556447407312265,0.02558514755438162,0.79250705744182792,-1.67001607861683099,1.68251662952958858,0.25000000000000000,4.51999999999999957
0.02883879787209512,0.07539689395630167,0.02575319823859284,0.79136054120182531,-1.68158685494416438,1.67849067823474862,0.25000000000000000,4.51999999999999957
0.02891787546235975,0.07522815658278095,0.02592084441163159,0.79018669444446687,-1.69316121184666080,1.67442637496078084,0.25000000000000000,4.51999999999999957
0.02899683429412927,0.07505826159475293,0.02608808222893164,0.78898534198271597,-1.70473914412032146,1.67032353201590400,0.25000000000000000,4.51999999999999957
0.02907567160801420,0.07488720863499221,0.02625490782705977,0.78775630719546641,-1.71632064532266160,1.66618195974978045,0.25000000000000000,4.51999999999999957
0.02915438462689065,0.07471499734698034,0.02642131732351915,0.78649941201337115,-1.72790570775487473,1.66200146653824388,0.25000000000000000,4.51999999999999957
0.02923297055575479,0.07454162737503228,0.02658730681655121,0.78521447690452117,-1.73949432244365298,1.65778185876783324,0.25000000000000000,4.51999999999999957
0.02931142658157587,0.07436709836442486,0.02675287238493592,0.78390132085997077,-1.75108647912265836,1.65352294082013107,0.25000000000000000,4.51999999999999957
0.02938974987314777,0.07419140996152693,0.02691801008779049,0.78255976137910954,-1.76268216621363694,1.64922451505590528,0.25000000000000000,4.51999999999999957
0.02946793758093912,0.07401456181393161,0.02708271596436651,0.78118961445487745,-1.77428137080717141,1.64488638179905067,0.25000000000000000,4.51999999999999957
0.02954598683694192,0.07383655357059031,0.02724698603384543,0.77979069455882299,-1.78588407864306409,1.64050833932033080,0.25000000000000000,4.51999999999999957
0.02962389475451860,0.07365738488194883,0.02741081629513244,0.77836281462600110,-1.79749027409034468,1.63609018382091809,0.25000000000000000,4.51999999999999957
0.02970165842824763,0.07347705540008545,0.02757420272664867,0.77690578603971028,-1.80909994012689457,1.63163170941572844,0.25000000000000000,4.51999999999999957
0.02977927493376761,0.07329556477885112,0.02773714128612173,0.77541941861606622,-1.82071305831868258,1.62713270811655164,0.25000000000000000,4.51999999999999957
0.02985674132761973,0.07311291267401161,0.02789962791037454,0.77390352058841072,-1.83232960879860407,1.62259296981497325,0.25000000000000000,4.51999999999999957
0.02993405464708870,0.07292909874339200,0.02806165851511245,0.77235789859155379,-1.84394957024491601,1.61801228226508798,0.25000000000000000,4.51999999999999957
0.03001121191004214,0.07274412264702317,0.02822322899470862,0.77078235764584679,-1.85557291985926054,1.61339043106600144,0.25000000000000000,4.51999999999999957
0.03008821011476832,0.07255798404729058,0.02838433522198762,0.76917670114108572,-1.86719963334427042,1.60872719964412014,0.25000000000000000,4.51999999999999957
0.03016504623981228,0.07237068260908537,0.02854497304800729,0.76754073082024166,-1.87882968488074820,1.60402236923522556,0.25000000000000000,4.51999999999999957
0.03024171724381031,0.07218221799995762,0.02870513830183878,0.76587424676301696,-1.89046304710441015,1.59927571886633246,0.25000000000000000,4.51999999999999957
0.03031822006532284,0.07199258989027210,0.02886482679034470,0.76417704736922576,-1.90209969108218879,1.59448702533732978,0.25000000000000000,4.51999999999999957
0.03039455162266558,0.07180179795336632,0.02902403429795556,0.76244892934199571,-1.91373958628808460,1.58965606320239972,0.25000000000000000,4.51999999999999957
0.03047070881373901,0.07160984186571105,0.02918275658644418,0.76068968767079015,-1.92538270057855843,1.58478260475121702,0.25000000000000000,4.51999999999999957
0.03054668851585616,0.07141672130707336,0.02934098939469837,0.75889911561424850,-1.93702900016745749,1.57986641998992217,0.25000000000000000,4.51999999999999957
0.03062248758556866,0.07122243596068210,0.02949872843849155,0.75707700468284211,-1.94867844960046388,1.57490727662187124,0.25000000000000000,4.51999999999999957
0.03069810285849105,0.07102698551339608,0.02965596941025153,0.75522314462134477,-1.96033101172905933,1.56990494002815661,0.25000000000000000,4.51999999999999957
0.03077353114912333,0.07083036965587473,0.02981270797882730,0.75333732339111492,-1.97198664768399468,1.56485917324789892,0.25000000000000000,4.51999999999999957
0.03084876925067170,0.07063258808275159,0.02996893978925383,0.75141932715218862,-1.98364531684825729,1.55976973695830767,0.25000000000000000,4.51999999999999957
0.03092381393486758,0.07043364049281045,0.03012466046251489,0.74946894024517974,-1.99530697682952352,1.55463638945450855,0.25000000000000000,4.51999999999999957
0.03099866195178468,0.07023352658916424,0.03027986559530379,0.74748594517298705,-2.00697158343209070,1.54945888662913567,0.25000000000000000,4.51999999999999957
0.03107331002965438,0.07003224607943681,0.03043455075978212,0.74547012258230494,-2.01863909062827496,1.54423698195168679,0.25000000000000000,4.51999999999999957
0.03114775487467910,0.06982979867594763,0.03058871150333642,0.74342125124493608,-2.03030945052926759,1.53897042644763959,0.25000000000000000,4.51999999999999957
0.03122199317084395,0.06962618409589931,0.03074234334833265,0.74133910803890424,-2.04198261335543751,1.53365896867732654,0.25000000000000000,4.51999999999999957
0.03129602157972634,0.06942140206156823,0.03089544179186871,0.73922346792936522,-2.05365852740607124,1.52830235471456777,0.25000000000000000,4.51999999999999957
0.03136983674030375,0.06921545230049818,0.03104800230552462,0.73707410394931283,-2.06533713902853799,1.52290032812505904,0.25000000000000000,4.51999999999999957
0.03144343526875955,0.06900833454569712,0.03120002033511068,0.73489078718007916,-2.07701839258686904,1.51745262994451169,0.25000000000000000,4.51999999999999957
0.03151681375828681,0.06880004853583709,0.03135149130041331,0.73267328673162657,-2.08870223042974290,1.51195899865654604,0.25000000000000000,4.51999999999999957
0.03158996877889024,0.06859059401545740,0.03150241059493877,0.73042136972262883,-2.10038859285785939,1.50641917017033222,0.25000000000000000,4.51999999999999957
0.03166289687718598,0.06837997073517108,0.03165277358565460,0.72813480126033947,-2.11207741809069693,1.50083287779797958,0.25000000000000000,4.51999999999999957
0.03173559457619950,0.06816817845187464,0.03180257561272871,0.72581334442024636,-2.12376864223263651,1.49519985223167140,0.25000000000000000,4.51999999999999957
0.03180805837516136,0.06795521692896141,0.03195181198926629,0.72345676022550820,-2.13546219923844260,1.48951982152054296,0.25000000000000000,4.51999999999999957
0.03188028474930097,0.06774108593653813,0.03210047800104431,0.72106480762617287,-2.14715802087808827,1.48379251104730092,0.25000000000000000,4.51999999999999957
0.03195227014963820,0.06752578525164529,0.03224856890624370,0.71863724347817448,-2.15885603670090953,1.47801764350458353,0.25000000000000000,4.51999999999999957
0.03202401100277294,0.06730931465848101,0.03239607993517916,0.71617382252210704,-2.17055617399908041,1.47219493887105712,0.25000000000000000,4.51999999999999957
0.03209550371067246,0.06709167394862860,0.03254300629002657,0.71367429736177268,-2.18225835777038979,1.46632411438724941,0.25000000000000000,4.51999999999999957
0.03216674465045667,0.06687286292128784,0.03268934314454792,0.71113841844250236,-2.19396251068031178,1.46040488453111683,0.25000000000000000,4.51999999999999957
0.03223773017418120,0.06665288138351025,0.03283508564381384,0.70856593402924717,-2.20566855302335130,1.45443696099334296,0.25000000000000000,4.51999999999999957
0.03230845660861822,0.06643172915043805,0.03298022890392362,0.70595659018443724,-2.21737640268365555,1.44842005265236806,0.25000000000000000,4.51999999999999957
0.03237892025503509,0.06620940604554724,0.03312476801172275,0.70331013074560678,-2.22908597509487016,1.44235386554914657,0.25000000000000000,4.51999999999999957
0.03244911738897072,0.06598591190089470,0.03326869802451786,0.70062629730278336,-2.24079718319923238,1.43623810286163067,0.25000000000000000,4.51999999999999957
0.03251904426000971,0.06576124655736935,0.03341201396978917,0.69790482917563834,-2.25250993740588124,1.43007246487897910,0.25000000000000000,4.51999999999999957
0.03258869709155416,0.06553540986494766,0.03355471084490028,0.69514546339039718,-2.26422414554837248,1.42385664897548803,0.25000000000000000,4.51999999999999957
0.03265807208059313,0.06530840168295329,0.03369678361680537,0.69234793465650690,-2.27593971284137808,1.41759034958424390,0.25000000000000000,4.51999999999999957
0.03272716539746981,0.06508022188032124,0.03383822722175378,0.68951197534305897,-2.28765654183656064,1.41127325817049432,0.25000000000000000,4.51999999999999957
0.03279597318564630,0.06485087033586634,0.03397903656499186,0.68663731545496520,-2.29937453237760003,1.40490506320473685,0.25000000000000000,4.51999999999999957
0.03286449156146596,0.06462034693855638,0.03411920652046212,0.68372368260888494,-2.31109358155435851,1.39848545013552417,0.25000000000000000,4.51999999999999957
0.03293271661391341,0.06438865158778978,0.03425873193049970,0.68077080200890072,-2.32281358365616741,1.39201410136198200,0.25000000000000000,4.51999999999999957
0.03300064440437201,0.06415578419367804,0.03439760760552603,0.67777839642194093,-2.33453443012421680,1.38549069620604071,0.25000000000000000,4.51999999999999957
0.03306827096637895,0.06392174467733297,0.03453582832373970,0.67474618615294735,-2.34625600950302982,1.37891491088437701,0.25000000000000000,4.51999999999999957
0.03313559230537773,0.06368653297115881,0.03467338883080451,0.67167388901978509,-2.35797820739100450,1.37228641848006472,0.25000000000000000,4.51999999999999957
0.03320260439846826,0.06345014901914937,0.03481028383953473,0.66856122032789334,-2.36970090639000341,1.36560488891393383,0.25000000000000000,4.51999999999999957
0.03326930319415428,0.06321259277719024,0.03494650802957736,0.66540789284467428,-2.38142398605397254,1.35886998891563460,0.25000000000000000,4.51999999999999957
0.03333568461208833,0.06297386421336618,0.03508205604709162,0.66221361677361923,-2.39314732283656850,1.35208138199440753,0.25000000000000000,4.51999999999999957
0.03340174454281398,0.06273396330827381,0.03521692250442537,0.65897809972816856,-2.40487079003777726,1.34523872840955616,0.25000000000000000,4.51999999999999957
0.03346747884750555,0.06249289005533973,0.03535110197978868,0.65570104670530471,-2.41659425774949899,1.33834168514062157,0.25000000000000000,4.51999999999999957
0.03353288335770514,0.06225064446114403,0.03548458901692435,0.65238216005887584,-2.42831759280008397,1.33138990585725758,0.25000000000000000,4.51999999999999957
0.03359795387505694,0.06200722654574950,0.03561737812477537,0.64902113947264795,-2.44004065869779163,1.32438304088880576,0.25000000000000000,4.51999999999999957
0.03366268617103887,0.06176263634303653,0.03574946377714935,0.64561768193308400,-2.45176331557315663,1.31732073719356824,0.25000000000000000,4.51999999999999957
0.03372707598669153,0.06151687390104374,0.03588084041237991,0.64217148170184812,-2.46348542012023763,1.31020263832777806,0.25000000000000000,4.51999999999999957
0.03379111903234424,0.06126993928231470,0.03601150243298488,0.63868223028803306,-2.47520682553672300,1.30302838441426516,0.25000000000000000,4.51999999999999957
0.03385481098733847,0.06102183256425055,0.03614144420532139,0.63514961642010870,-2.48692738146287606,1.29579761211081812,0.25000000000000000,4.51999999999999957
0.03391814749974830,0.06077255383946888,0.03627066005923776,0.63157332601759097,-2.49864693391928983,1.28850995457823969,0.25000000000000000,4.51999999999999957
0.03398112418609814,0.06052210321616881,0.03639914428772219,0.62795304216242809,-2.51036532524343103,1.28116504144809595,0.25000000000000000,4.51999999999999957
0.03404373663107751,0.06027048081850259,0.03652689114654825,0.62428844507010384,-2.52208239402494749,1.27376249879015835,0.25000000000000000,4.51999999999999957
0.03410598038725293,0.06001768678695363,0.03665389485391700,0.62057921206045497,-2.53379797503971194,1.26630194907953797,0.25000000000000000,4.51999999999999957
0.03416785097477692,0.05976372127872124,0.03678014959009590,0.61682501752820296,-2.54551189918257803,1.25878301116351188,0.25000000000000000,4.51999999999999957
0.03422934388109394,0.05950858446811214,0.03690564949705437,0.61302553291319650,-2.55722399339882056,1.25120530022803966,0.25000000000000000,4.51999999999999957
0.03429045456064348,0.05925227654693890,0.03703038867809593,0.60918042667036532,-2.56893408061423401,1.24356842776397203,0.25000000000000000,4.51999999999999957
0.03435117843455999,0.05899479772492548,0.03715436119748704,0.60528936423938273,-2.58064197966386022,1.23587200153295007,0.25000000000000000,4.51999999999999957
0.03441151089036985,0.05873614823011987,0.03727756108008240,0.60135200801403610,-2.59234750521931767,1.22811562553299525,0.25000000000000000,4.51999999999999957
0.03447144728168524,0.05847632830931415,0.03739998231094690,0.59736801731130407,-2.60405046771470206,1.22029889996378982,0.25000000000000000,4.51999999999999957
0.03453098292789491,0.05821533822847202,0.03752161883497403,0.59333704834013945,-2.61575067327102984,1.21242142119164908,0.25000000000000000,4.51999999999999957
0.03459011311385177,0.05795317827316394,0.03764246455650076,0.58925875416995688,-2.62744792361919366,1.20448278171418521,0.25000000000000000,4.51999999999999957
0.03464883308955741,0.05768984874901004,0.03776251333891890,0.58513278469882346,-2.63914201602139942,1.19648257012466175,0.25000000000000000,4.51999999999999957
0.03470713806984326,0.05742534998213099,0.03788175900428289,0.58095878662135314,-2.65083274319104945,1.18842037107604237,0.25000000000000000,4.51999999999999957
0.03476502323404875,0.05715968231960698,0.03800019533291393,0.57673640339630250,-2.66251989321104476,1.18029576524473256,0.25000000000000000,4.51999999999999957
0.03482248372569600,0.05689284612994489,0.03811781606300050,0.57246527521386870,-2.67420324945046994,1.17210832929401554,0.25000000000000000,4.51999999999999957
0.03487951465216136,0.05662484180355391,0.03823461489019524,0.56814503896268786,-2.68588259047962596,1.16385763583718416,0.25000000000000000,4.51999999999999957
0.03493611108434357,0.05635566975322974,0.03835058546720805,0.56377532819653409,-2.69755768998337775,1.15554325340037001,0.25000000000000000,4.51999999999999957
0.03499226805632860,0.05608533041464756,0.03846572140339555,0.55935577310071949,-2.70922831667278130,1.14716474638507071,0.25000000000000000,4.51999999999999957
0.03504798056505114,0.05581382424686385,0.03858001626434668,0.55488600045819347,-2.72089423419495047,1.13872167503037836,0.25000000000000000,4.51999999999999957
0.03510324356995262,0.05554115173282743,0.03869346357146460,0.55036563361534330,-2.73255520104113225,1.13021359537490995,0.25000000000000000,4.51999999999999957
0.03515805199263583,0.05526731337989967,0.03880605680154470,0.54579429244749400,-2.74421097045294582,1.12164005921844323,0.25000000000000000,4.51999999999999957
0.03521240071651612,0.05499230972038426,0.03891778938634881,0.54117159332410980,-2.75586129032675142,1.11300061408325890,0.25000000000000000,4.51999999999999957
0.03526628458646901,0.05471614131206653,0.03902865471217548,0.53649714907369639,-2.76750590311610578,1.10429480317519313,0.25000000000000000,4.51999999999999957
0.03531969840847436,0.05443880873876277,0.03913864611942639,0.53177056894840480,-2.77914454573226655,1.09552216534440316,0.25000000000000000,4.51999999999999957
0.03537263694925694,0.05416031261087947,0.03924775690216881,0.52699145858833840,-2.79077694944270105,1.08668223504584938,0.25000000000000000,4.51999999999999957
0.03542509493592341,0.05388065356598284,0.03935598030769409,0.52215941998556326,-2.80240283976755800,1.07777454229949687,0.25000000000000000,4.51999999999999957
0.03547706705559576,0.05359983226937889,0.03946330953607215,0.51727405144782324,-2.81402193637406040,1.06879861265024045,0.25000000000000000,4.51999999999999957
0.03552854795504098,0.05331784941470397,0.03956973773970198,0.51233494756196152,-2.82563395296877040,1.05975396712755821,0.25000000000000000,4.51999999999999957
0.03557953224029720,0.05303470572452643,0.03967525802285804,0.50734169915705019,-2.83723859718768523,1.05064012220489666,0.25000000000000000,4.51999999999999957
0.03563001447629600,0.05275040195095918,0.03977986344123263,0.50229389326722917,-2.84883557048411529,1.04145658975879418,0.25000000000000000,4.51999999999999957
0.03567998918648106,0.05246493887628370,0.03988354700147417,0.49719111309425734,-2.86042456801429701,1.03220287702774538,0.25000000000000000,4.51999999999999957
0.03572945085242305,0.05217831731358555,0.03998630166072127,0.49203293796977754,-2.87200527852069021,1.02287848657081537,0.25000000000000000,4.51999999999999957
0.03577839391343074,0.05189053810740168,0.04008812032613277,0.48681894331729852,-2.88357738421291376,1.01348291622600639,0.25000000000000000,4.51999999999999957
0.03582681276615822,0.05160160213437980,0.04018899585441350,0.48154870061389682,-2.89514056064626368,1.00401565906838597,0.25000000000000000,4.51999999999999957
0.03587470176420838,0.05131151030394990,0.04028892105133590,0.47622177735164095,-2.90669447659776559,0.99447620336798170,0.25000000000000000,4.51999999999999957
0.03592205521773243,0.05102026355900851,0.04038788867125739,0.47083773699874237,-2.91823879393970387,0.98486403254745114,0.25000000000000000,4.51999999999999957
0.03596886739302560,0.05072786287661548,0.04048589141663353,0.46539613896043613,-2.92977316751057737,0.97517862513953335,0.25000000000000000,4.51999999999999957
0.03601513251211884,0.05043430926870401,0.04058292193752686,0.45989653853959611,-2.94129724498342293,0.96541945474429125,0.25000000000000000,4.51999999999999957
0.03606084475236662,0.05013960378280383,0.04067897283111153,0.45433848689708872,-2.95281066673144865,0.95558598998615296,0.25000000000000000,4.51999999999999957
0.03610599824603073,0.04984374750277808,0.04077403664117352,0.44872153101187012,-2.96431306569091957,0.94567769447076211,0.25000000000000000,4.51999999999999957
0.03615058707986012,0.04954674154957388,0.04086810585760665,0.44304521364083194,-2.97580406722123714,0.93569402674164581,0.25000000000000000,4.51999999999999957
0.03619460529466659,0.04924858708198726,0.04096117291590417,0.43730907327840163,-2.98728328896214901,0.92563444023671149,0.25000000000000000,4.51999999999999957
0.03623804688489662,0.04894928529744226,0.04105323019664602,0.43151264411590279,-2.99875034068802604,0.91549838324458377,0.25000000000000000,4.51999999999999957
0.03628090579819893,0.04864883743278496,0.04114427002498173,0.42565545600068233,-3.01020482415914525,0.90528529886079201,0.25000000000000000,4.51999999999999957
0.03632317593498809,0.04834724476509243,0.04123428467010887,0.41973703439501109,-3.02164633296990903,0.89499462494382165,0.25000000000000000,4.51999999999999957
0.03636485114800388,0.04804450861249703,0.04132326634474720,0.41375690033476564,-3.03307445239393836,0.88462579407104236,0.25000000000000000,4.51999999999999957
0.03640592524186667,0.04774063033502638,0.04141120720460829,0.40771457038789866,-3.04448875922596374,0.87417823349452561,0.25000000000000000,4.51999999999999957
0.03644639197262847,0.04743561133545926,0.04149809934786082,0.40160955661270659,-3.05588882162045339,0.86365136509676754,0.25000000000000000,4.51999999999999957
0.03648624504731987,0.04712945306019789,0.04158393481459141,0.39544136651590328,-3.06727419892689790,0.85304460534633098,0.25000000000000000,4.51999999999999957
0.03652547812349283,0.04682215700015676,0.04166870558626097,0.38920950301050922,-3.07864444152168115,0.84235736525342342,0.25000000000000000,4.51999999999999957
0.03656408480875915,0.04651372469166853,0.04175240358515666,0.38291346437356638,-3.08999909063646472,0.83158905032542763,0.25000000000000000,4.51999999999999957
0.03660205866032477,0.04620415771740720,0.04183502067383939,0.37655274420368923,-3.10133767818300266,0.82073906052240209,0.25000000000000000,4.51999999999999957
0.03663939318451979,0.04589345770732904,0.04191654865458685,0.37012683137846325,-3.11265972657431522,0.80980679021257040,0.25000000000000000,4.51999999999999957
0.03667608183632426,0.04558162633963154,0.04199697926883211,0.36363521001170312,-3.12396474854213180,0.79879162812781945,0.25000000000000000,4.51999999999999957
0.03671211801888961,0.04526866534173082,0.04207630419659777,0.35707735941058294,-3.13525224695052929,0.78769295731922540,0.25000000000000000,4.51999999999999957
0.03674749508305587,0.04495457649125789,0.04215451505592561,0.35045275403265208,-3.14652171460567631,0.77651015511263144,0.25000000000000000,4.51999999999999957
0.03678220632686455,0.04463936161707413,0.04223160340230193,0.34376086344275075,-3.15777263406159703,0.76524259306429754,0.25000000000000000,4.51999999999999957
0.03681624499506723,0.04432302260030636,0.04230756072807830,0.33700115226984034,-3.16900447742186886,0.75388963691664768,0.25000000000000000,4.51999999999999957
0.03684960427862977,0.04400556137540197,0.04238237846188801,0.33017308016376395,-3.18021670613715868,0.74245064655413828,0.25000000000000000,4.51999999999999957
0.03688227731423226,0.04368697993120455,0.04245604796805807,0.32327610175195437,-3.19140877079851215,0.73092497595927541,0.25000000000000000,4.51999999999999957
0.03691425718376459,0.04336728031205032,0.04252856054601682,0.31630966659610626,-3.20258011092629280,0.71931197316880613,0.25000000000000000,4.51999999999999957
0.03694553691381777,0.04304646461888598,0.04259990742969714,0.30927321914883188,-3.21373015475468149,0.70761098023011471,0.25000000000000000,4.51999999999999957
0.03697610947517076,0.04272453501040824,0.04267007978693541,0.30216619871031897,-3.22485831901163289,0.69582133315785266,0.25000000000000000,4.51999999999999957
0.03700596778227316,0.04240149370422569,0.04273906871886603,0.29498803938501189,-3.23596400869418810,0.68394236189083402,0.25000000000000000,4.51999999999999957
0.03703510469272338,0.04207734297804330,0.04280686525931168,0.28773817003833729,-3.24704661683903995,0.67197339024922964,0.25000000000000000,4.51999999999999957
0.03706351300674266,0.04175208517087013,0.04287346037416939,0.28041601425349699,-3.25810552428824529,0.65991373589209434,0.25000000000000000,4.51999999999999957
0.03709118546664462,0.04142572268425070,0.04293884496079226,0.27302099028835186,-3.26914009944997508,0.64776271027526322,0.25000000000000000,4.51999999999999957
0.03711811475630063,0.04109825798352059,0.04300300984736709,0.26555251103242183,-3.28014969805419110,0.63551961860965522,0.25000000000000000,4.51999999999999957
0.03714429350060081,0.04076969359908664,0.04306594579228778,0.25800998396402824,-3.29113366290313580,0.62318375982002328,0.25000000000000000,4.51999999999999957
0.03716971426491073,0.04044003212773247,0.04312764348352472,0.25039281110760603,-3.30209132361651836,0.61075442650419209,0.25000000000000000,4.51999999999999957
0.03719436955452400,0.04010927623394966,0.04318809353799005,0.24270038899121499,-3.31302199637127881,0.59823090489282793,0.25000000000000000,4.51999999999999957
0.03721825181411041,0.03977742865129531,0.04324728650089897,0.23493210860428027,-3.32392498363580868,0.58561247480978396,0.25000000000000000,4.51999999999999957
0.03724135342716003,0.03944449218377635,0.04330521284512708,0.22708735535559404,-3.33479957389850235,0.57289840963307048,0.25000000000000000,4.51999999999999957
0.03726366671542304,0.03911046970726144,0.04336186297056391,0.21916550903161186,-3.34564504139051211,0.56008797625649742,0.25000000000000000,4.51999999999999957
0.03728518393834541,0.03877536417092074,0.04341722720346256,0.21116594375507863,-3.35646064580258008,0.54718043505204217,0.25000000000000000,4.51999999999999957
0.03730589729250049,0.03843917859869440,0.04347129579578572,0.20308802794402106,-3.36724563199580729,0.53417503983299630,0.25000000000000000,4.51999999999999957
0.03732579891101653,0.03810191609079019,0.04352405892454797,0.19493112427114515,-3.37799922970623001,0.52107103781794717,0.25000000000000000,4.51999999999999957
0.03734488086300006,0.03776357982521113,0.04357550669115454,0.18669458962367869,-3.38872065324306027,0.50786766959565388,0.25000000000000000,4.51999999999999957
0.03736313515295547,0.03742417305931341,0.04362562912073661,0.17837777506370162,-3.39940910118044926,0.49456416909087847,0.25000000000000000,4.51999999999999957
0.03738055372020040,0.03708369913139570,0.04367441616148326,0.16998002578900778,-3.41006375604262901,0.48115976353123718,0.25000000000000000,4.51999999999999957
0.03739712843827748,0.03674216146232011,0.04372185768397015,0.16150068109454507,-3.42068378398228212,0.46765367341513814,0.25000000000000000,4.51999999999999957
0.03741285111436211,0.03639956355716568,0.04376794348048498,0.15293907433448178,-3.43126833445198631,0.45404511248087581,0.25000000000000000,4.51999999999999957
0.03742771348866650,0.03605590900691521,0.04381266326435009,0.14429453288495045,-3.44181653986858160,0.44033328767695512,0.25000000000000000,4.51999999999999957
0.03744170723384007,0.03571120149017581,0.04385600666924194,0.13556637810752195,-3.45232751527029702,0.42651739913372144,0.25000000000000000,4.51999999999999957
0.03745482395436615,0.03536544477493429,0.04389796324850803,0.12675392531346530,-3.46280035796647789,0.41259664013637587,0.25000000000000000,4.51999999999999957
0.03746705518595523,0.03501864272034783,0.04393852247448102,0.11785648372885153,-3.47323414717974410,0.39857019709945890,0.25000000000000000,4.51999999999999957
0.03747839239493474,0.03467079927857089,0.04397767373779052,0.10887335646056200,-3.48362794368041095,0.38443724954288877,0.25000000000000000,4.51999999999999957
0.03748882697763545,0.03432191849661906,0.04401540634667242,0.09980384046326485,-3.49398078941299994,0.37019697006964497,0.25000000000000000,4.51999999999999957
0.03749835025977465,0.03397200451827061,0.04405170952627624,0.09064722650742595,-3.50429170711466131,0.35584852434519104,0.25000000000000000,4.51999999999999957
0.03750695349583617,0.03362106158600667,0.04408657241797035,0.08140279914842351,-3.51455969992532502,0.34139107107873451,0.25000000000000000,4.51999999999999957
0.03751462786844738,0.03326909404299083,0.04411998407864554,0.07206983669683907,-3.52478375098939756,0.32682376200642682,0.25000000000000000,4.51999999999999957
0.03752136448775328,0.03291610633508888,0.04415193348001692,0.06264761119000049,-3.53496282304881460,0.31214574187660982,0.25000000000000000,4.51999999999999957
0.03752715439078782,0.03256210301292988,0.04418240950792453,0.05313538836485606,-3.54509585802725580,0.29735614843721980,0.25000000000000000,4.51999999999999957
0.03753198854084252,0.03220708873400908,0.04421140096163273,0.04353242763226243,-3.55518177660532464,0.28245411242546581,0.25000000000000000,4.51999999999999957
0.03753585782683268,0.03185106826483385,0.04423889655312873,0.03383798205277271,-3.56521947778649029,0.26743875755990226,0.25000000000000000,4.51999999999999957
0.03753875306266120,0.03149404648311355,0.04426488490642042,0.02405129831401496,-3.57520783845358858,0.25230920053502315,0.25000000000000000,4.51999999999999957
0.03754066498658020,0.03113602837999408,0.04428935455683382,0.01417161670975506,-3.58514571291566853,0.23706455101850785,0.25000000000000000,4.51999999999999957
0.03754158426055069,0.03077701906233842,0.04431229395031035,0.00419817112074255,-3.59503193244497243,0.22170391165125683,0.25000000000000000,4.51999999999999957
0.03754150146960036,0.03041702375505381,0.04433369144270432,-0.00586981100255811,-3.60486530480382728,0.20622637805035912,0.25000000000000000,4.51999999999999957
0.03754040712117981,0.03005604780346685,0.04435353529908077,-0.01603310865524367,-3.61464461376122870,0.19063103881514049,0.25000000000000000,4.51999999999999957
0.03753829164451728,0.02969409667574747,0.04437181369301416,-0.02629250729114356,-3.62436861859888459,0.17491697553644750,0.25000000000000000,4.51999999999999957
0.03753514538997223,0.02933117596538274,0.04438851470588815,-0.03664879883377027,-3.63403605360648774,0.15908326280932880,0.25000000000000000,4.51999999999999957
0.03753095862838791,0.02896729139370184,0.04440362632619675,-0.04710278168492648,-3.64364562756598032,0.14312896824928167,0.25000000000000000,4.51999999999999957
0.03752572155044321,0.02860244881245303,0.04441713644884737,-0.05765526073084200,-3.65319602322456705,0.12705315251223948,0.25000000000000000,4.51999999999999957
0.03751942426600402,0.02823665420643398,0.04442903287446601,-0.06830704734570781,-3.66268589675623168,0.11085486931848224,0.25000000000000000,4.51999999999999957
0.03751205680347437,0.02786991369617651,0.04443930330870507,-0.07905895939246867,-3.67211387721150340,0.09453316548066071,0.25000000000000000,4.51999999999999957
0.03750360910914764,0.02750223354068693,0.04444793536155416,-0.08991182122073013,-3.68147856595521672,0.07808708093613194,0.25000000000000000,4.51999999999999957
0.03749407104655809,0.02713362014024323,0.04445491654665438,-0.10086646366162909,-3.69077853609200490,0.06151564878381257,0.25000000000000000,4.51999999999999957
0.03748343239583315,0.02676408003925036,0.04446023428061650,-0.11192372401951081,-3.70001233187925971,0.04481789532576487,0.25000000000000000,4.51999999999999957
0.03747168285304661,0.02639361992915482,0.04446387588234359,-0.12308444606024875,-3.70917846812728413,0.02799284011373908,0.25000000000000000,4.51999999999999957
0.03745881202957323,0.02602224665141995,0.04446582857235851,-0.13434947999603594,-3.71827542958636625,0.01103949600090521,0.25000000000000000,4.51999999999999957
0.03744480945144500,0.02564996720056307,0.04446607947213684,-0.14571968246646999,-3.72730167032048865,-0.00604313080098320,0.25000000000000000,4.51999999999999957
0.03742966455870951,0.02527678872725602,0.04446461560344590,-0.15719591651574574,-3.73625561306739007,-0.02325604065874069,0.25000000000000000,4.51999999999999957
0.03741336670479081,0.02490271854149040,0.04446142388769021,-0.16877905156576173,-3.74513564858468628,-0.04060024044895387,0.25000000000000000,4.51999999999999957
0.03739590515585314,0.02452776411580880,0.04445649114526425,-0.18046996338493859,-3.75394013498175427,-0.05807674348296386,0.25000000000000000,4.51999999999999957
0.03737726909016806,0.02415193308860367,0.04444980409491300,-0.19226953405253869,-3.76266739703708009,-0.07568656942534226,0.25000000000000000,4.51999999999999957
0.03735744759748531,0.02377523326748518,0.04444134935310098,-0.20417865191826734,-3.77131572550076211,-0.09343074420556373,0.25000000000000000,4.51999999999999957
0.03733642967840803,0.02339767263271950,0.04443111343339046,-0.21619821155692689,-3.77988337638186156,-0.11131029992256629,0.25000000000000000,4.51999999999999957
0.03731420424377267,0.02301925934073926,0.04441908274582957,-0.22832911371788500,-3.78836857022027917,-0.12932627474187783,0.25000000000000000,4.51999999999999957
0.03729076011403436,0.02264000172772745,0.04440524359635118,-0.24057226526910844,-3.79676949134284492,-0.14747971278497402,0.25000000000000000,4.51999999999999957
0.03726608601865802,0.02225990831327666,0.04438958218618310,-0.25292857913550343,-3.80508428710328905,-0.16577166401051935,0.25000000000000000,4.51999999999999957
0.03724017059551604,0.02187898780412504,0.04437208461127068,-0.26539897423129244,-3.81331106710576639,-0.18420318408712871,0.25000000000000000,4.51999999999999957
0.03721300239029296,0.02149724909797076,0.04435273686171255,-0.27798437538614573,-3.82144790241160148,-0.20277533425727215,0.25000000000000000,4.51999999999999957
0.03718456985589792,0.02111470128736673,0.04433152482121042,-0.29068571326477510,-3.82949282472891284,-0.22148918119193015,0.25000000000000000,4.51999999999999957
0.03715486135188544,0.02073135366369710,0.04430843426653389,-0.30350392427968353,-3.83744382558477293,-0.24034579683559104,0.25000000000000000,4.51999999999999957
0.03712386514388530,0.02034721572123753,0.04428345086700127,-0.31643995049675311,-3.84529885547956018,-0.25934625824116514,0.25000000000000000,4.51999999999999957
0.03709156940304222,0.01996229716130091,0.04425656018397743,-0.32949473953333919,-3.85305582302314642,-0.27849164739437343,0.25000000000000000,4.51999999999999957
0.03705796220546618,0.01957660789647033,0.04422774767038976,-0.34266924444852576,-3.86071259405256928,-0.29778305102715030,0.25000000000000000,4.51999999999999957
0.03702303153169402,0.01919015805492131,0.04419699867026333,-0.35596442362518171,-3.86826699073082558,-0.31722156041958205,0.25000000000000000,4.51999999999999957
0.03698676526616335,0.01880295798483501,0.04416429841827653,-0.36938124064344396,-3.87571679062643115,-0.33680827118988249,0.25000000000000000,4.51999999999999957
0.03694915119669951,0.01841501825890460,0.04412963203933821,-0.38292066414523618,-3.88305972577337233,-0.35654428307188779,0.25000000000000000,4.51999999999999957
0.03691017701401655,0.01802634967893644,0.04409298454818782,-0.39658366768941755,-3.89029348171109080,-0.37643069967953147,0.25000000000000000,4.51999999999999957
0.03686983031123318,0.01763696328054848,0.04405434084901974,-0.41037122959713762,-3.89741569650412334,-0.39646862825773904,0.25000000000000000,4.51999999999999957
0.03682809858340474,0.01724687033796755,0.04401368573513321,-0.42428433278695654,-3.90442395974102974,-0.41665917941915920,0.25000000000000000,4.51999999999999957
0.03678496922707207,0.01685608236892795,0.04397100388860934,-0.43832396459927214,-3.91131581151223129,-0.43700346686612501,0.25000000000000000,4.51999999999999957
0.03674042953982864,0.01646461113967322,0.04392627988001669,-0.45249111660957525,-3.91808874136638474,-0.45750260709721496,0.25000000000000000,4.51999999999999957
0.03669446671990682,0.01607246867006344,0.04387949816814697,-0.46678678443003641,-3.92474018724491858,-0.47815771909775751,0.25000000000000000,4.51999999999999957
0.03664706786578466,0.01567966723879013,0.04383064309978255,-0.48121196749890577,-3.93126753439434884,-0.49896992401359797,0.25000000000000000,4.51999999999999957
0.03659821997581433,0.01528621938870106,0.04377969890949741,-0.49576766885718704,-3.93766811425600460,-0.51994034480741824,0.25000000000000000,4.51999999999999957
0.03654790994787357,0.01489213793223727,0.04372664971949346,-0.51045489491202445,-3.94393920333278203,-0.54107010589687299,0.25000000000000000,4.51999999999999957
0.03649612457904145,0.01449743595698450,0.04367147953947386,-0.52527465518621896,-3.95007802203255842,-0.56236033277377562,0.25000000000000000,4.51999999999999957
0.03644285056529999,0.01410212683134155,0.04361417226655548,-0.54022796205326529,-3.95608173348788839,-0.58381215160353794,0.25000000000000000,4.51999999999999957
0.03638807450126291,0.01370622421030781,0.04355471168522244,-0.55531583045727817,-3.96194744235161700,-0.60542668880403594,0.25000000000000000,4.51999999999999957
0.03633178287993325,0.01330974204139247,0.04349308146732279,-0.57053927761714884,-3.96767219356804368,-0.62720507060304065,0.25000000000000000,4.51999999999999957
0.03627396209249137,0.01291269457064782,0.04342926517211058,-0.58589932271424849,-3.97325297111927789,-0.64914842257332084,0.25000000000000000,4.51999999999999957
0.03621459842811501,0.01251509634882928,0.04336324624633560,-0.60139698656296470,-3.97868669674642783,-0.67125786914448848,0.25000000000000000,4.51999999999999957
0.03615367807383323,0.01211696223768441,0.04329500802438305,-0.61703329126333117,-3.98397022864527761,-0.69353453309062107,0.25000000000000000,4.51999999999999957
0.03609118711441598,0.01171830741637378,0.04322453372846580,-0.63280925983497982,-3.98910036013611080,-0.71597953499265865,0.25000000000000000,4.51999999999999957
0.03602711153230124,0.01131914738802611,0.04315180646887169,-0.64872591583161388,-3.99407381830734964,-0.73859399267453363,0.25000000000000000,4.51999999999999957
0.03596143720756173,0.01091949798643040,0.04307680924426849,-0.66478428293516767,-3.99888726263268701,-0.76137902061195062,0.25000000000000000,4.51999999999999957
0.03589414991791328,0.01051937538286760,0.04299952494206954,-0.68098538452878787,-4.00353728356140426,-0.78433572931269413,0.25000000000000000,4.51999999999999957
0.03582523533876696,0.01011879609308476,0.04291993633886274,-0.69733024324773407,-4.00802040108157609,-0.80746522466729487,0.25000000000000000,4.51999999999999957
0.03575467904332728,0.00971777698441402,0.04283802610090596,-0.71381988050726242,-4.01233306325588401,-0.83076860726884472,0.25000000000000000,4.51999999999999957
0.03568246650273880,0.00931633528303961,0.04275377678469221,-0.73045531600651858,-4.01647164472976481,-0.85424697170070096,0.25000000000000000,4.51999999999999957
0.03560858308628356,0.00891448858141525,0.04266717083758759,-0.74723756720742851,-4.02043244521166176,-0.87790140579077447,0.25000000000000000,4.51999999999999957
0.03553301406163198,0.00851225484583507,0.04257819059854553,-0.76416764878753496,-4.02421168792513750,-0.90173298983104599,0.25000000000000000,4.51999999999999957
0.03545574459514973,0.00810965242416064,0.04248681829890093,-0.78124657206568748,-4.02780551803264952,-0.92574279576090357,0.25000000000000000,4.51999999999999957
0.03537675975226353,0.00770670005370706,0.04239303606324782,-0.79847534439945100,-4.03121000103081428,-0.94993188631284142,0.25000000000000000,4.51999999999999957
0.03529604449788863,0.00730341686929103,0.04229682591040440,-0.81585496855305373,-4.03442112111699558,-0.97430131411900600,0.25000000000000000,4.51999999999999957
0.03521358369692099,0.00689982241144360,0.04219816975446940,-0.83338644203464995,-4.03743477952710528,-0.99885212077701802,0.25000000000000000,4.51999999999999957
0.03512936211479738,0.00649593663479065,0.04209704940597405,-0.85107075640162655,-4.04024679284451693,-1.02358533587344103,0.25000000000000000,4.51999999999999957
0.03504336441812654,0.00609177991660388,0.04199344657313379,-0.86890889653263270,-4.04285289128004166,-1.04850197596320727,0.25000000000000000,4.51999999999999957
0.03495557517539493,0.00568737306552531,0.04188734286320438,-0.88690183986496329,-4.04524871692294674,-1.07360304350324931,0.25000000000000000,4.51999999999999957
0.03486597885775047,0.00528273733046806,0.04177871978394702,-0.90505055559587255,-4.04742982196303913,-1.09888952573852183,0.25000000000000000,4.51999999999999957
0.03477455983986802,0.00487789440969640,0.04166755874520726,-0.92335600384634364,-4.04939166688388852,-1.12436239353853096,0.25000000000000000,4.51999999999999957
0.03468130240090048,0.00447286646008793,0.04155384106061290,-0.94181913478578261,-4.05112961862730447,-1.15002260018242430,0.25000000000000000,4.51999999999999957
0.03458619072551938,0.00406767610658071,0.04143754794939595,-0.96044088771604830,-4.05263894872923647,-1.17587108009061891,0.25000000000000000,4.51999999999999957
0.03448920890504917,0.00366234645180820,0.04131866053834422,-0.97922219011317269,-4.05391483142732945,-1.20190874750087784,0.25000000000000000,4.51999999999999957
0.03439034093869959,0.00325690108592496,0.04119715986388824,-0.99816395662506352,-4.05495234174042540,-1.22813649508667022,0.25000000000000000,4.51999999999999957
0.03428957073490044,0.00285136409662563,0.04107302687432917,-1.01726708802342025,-4.05574645352035912,-1.25455519251557224,0.25000000000000000,4.51999999999999957
0.03418688211274363,0.00244576007936024,0.04094624243221414,-1.03653247010802896,-4.05629203747648859,-1.28116568494538963,0.25000000000000000,4.51999999999999957
0.03408225880353719,0.00204011414774832,0.04081678731686506,-1.05596097256153820,-4.05658385917345488,-1.30796879145560396,0.25000000000000000,4.51999999999999957
0.03397568445247639,0.00163445194419457,0.04068464222706768,-1.07555344775274597,-4.05661657700276379,-1.33496530341165931,0.25000000000000000,4.51999999999999957
0.03386714262043716,0.00122879965070869,0.04054978778392764,-1.09531072948636377,-4.05638474012886618,-1.36215598275952376,0.25000000000000000,4.51999999999999957
0.03375661678589736,0.00082318399993177,0.04041220453390077,-1.11523363169714695,-4.05588278641050870,-1.38954156024787601,0.25000000000000000,4.51999999999999957
0.03364409034699144,0.00041763228637185,0.04027187295200475,-1.13532294708621140,-4.05510504029822805,-1.41712273357517526,0.25000000000000000,4.51999999999999957
0.03352954662370447,0.00001217237785078,0.04012877344522005,-1.15557944569727855,-4.05404571070897379,-1.44490016545878630,0.25000000000000000,4.51999999999999957
0.03341296886021169,-0.00039316727283525,0.03998288635608795,-1.17600387343051738,-4.05269888887896368,-1.47287448162323842,0.25000000000000000,4.51999999999999957
0.03329434022736984,-0.00079835761603937,0.03983419196651386,-1.19659695049157055,-4.05105854619599182,-1.50104626870460356,0.25000000000000000,4.51999999999999957
0.03317364382536699,-0.00120336899317003,0.03968267050178460,-1.21735936977327253,-4.04911853201255667,-1.52941607206788488,0.25000000000000000,4.51999999999999957
0.03305086268653756,-0.00160817112437738,0.03952830213480833,-1.23829179516748722,-4.04687257144131252,-1.55798439353420992,0.25000000000000000,4.51999999999999957
0.03292597977834991,-0.00201273309601840,0.03937106699058650,-1.25939485980440846,-4.04431426313449460,-1.58675168901452368,0.25000000000000000,4.51999999999999957
0.03279897800657367,-0.00241702334789917,0.03921094515092723,-1.28066916421658195,-4.04143707704914323,-1.61571836604638075,0.25000000000000000,4.51999999999999957
0.03266984021863448,-0.00282100966029317,0.03904791665940988,-1.30211527442482145,-4.03823435220012161,-1.64488478123033088,0.25000000000000000,4.51999999999999957
0.03253854920716427,-0.00322465914073425,0.03888196152661135,-1.32373371994310562,-4.03469929440310171,-1.67425123756229643,0.25000000000000000,4.51999999999999957
0.03240508771375521,-0.00362793821058350,0.03871305973560438,-1.34552499169945272,-4.03082497400989492,-1.70381798165823350,0.25000000000000000,4.51999999999999957
0.03226943843292585,-0.00403081259136949,0.03854119124773887,-1.36748953986968336,-4.02660432363871479,-1.73358520086727097,0.25000000000000000,4.51999999999999957
0.03213158401630838,-0.00443324729090121,0.03836633600871781,-1.38962777162088802,-4.02203013590217662,-1.76355302026941541,0.25000000000000000,4.51999999999999957
0.03199150707706626,-0.00483520658915403,0.03818847395497915,-1.41194004876133050,-4.01709506113608494,-1.79372149955380933,0.25000000000000000,4.51999999999999957
0.03184919019455161,-0.00523665402392854,0.03800758502039622,-1.43442668529342554,-4.01179160513229416,-1.82409062977342962,0.25000000000000000,4.51999999999999957
0.03170461591921232,-0.00563755237628316,0.03782364914330882,-1.45708794486633741,-4.00611212687922169,-1.85466032997201080,0.25000000000000000,4.51999999999999957
0.03155776677775905,-0.00603786365574122,0.03763664627389836,-1.47992403812465989,-4.00004883631384445,-1.88543044367887846,0.25000000000000000,4.51999999999999957
0.03140862527860271,-0.00643754908527412,0.03744655638192016,-1.50293511994954443,-3.99359379208933918,-1.91640073526728094,0.25000000000000000,4.51999999999999957
0.03125717391757340,-0.00683656908606208,0.03725335946480705,-1.52612128658855806,-3.98673889936282100,-1.94757088617171181,0.25000000000000000,4.51999999999999957
0.03110339518393204,-0.00723488326203499,0.03705703555615842,-1.54948257267046507,-3.97947590760799041,-1.97894049095962532,0.25000000000000000,4.51999999999999957
0.03094727156668644,-0.00763245038419592,0.03685756473462954,-1.57301894810104059,-3.97179640845784254,-2.01050905325285267,0.25000000000000000,4.51999999999999957
0.03078878556122391,-0.00802922837473061,0.03665492713323654,-1.59673031483594152,-3.96369183358297406,-2.04227598149394884,0.25000000000000000,4.51999999999999957
0.03062791967627295,-0.00842517429090691,0.03644910294909263,-1.62061650352658249,-3.95515345261142226,-2.07424058455261662,0.25000000000000000,4.51999999999999957
0.03046465644120676,-0.00882024430876841,0.03624007245359195,-1.64467727003488684,-3.94617237109639118,-2.10640206716727896,0.25000000000000000,4.51999999999999957
0.03029897841370212,-0.00921439370662767,0.03602781600305763,-1.66891229181271084,-3.93673952853865972,-2.13875952521680812,0.25000000000000000,4.51999999999999957
0.03013086818776720,-0.00960757684836459,0.03581231404987146,-1.69332116414167255,-3.92684569647093884,-2.17131194081735535,0.25000000000000000,4.51999999999999957
0.02996030840215259,-0.00999974716653671,0.03559354715410278,-1.71790339622905730,-3.91648147661193802,-2.20405817723918052,0.25000000000000000,4.51999999999999957
0.02978728174916008,-0.01039085714530875,0.03537149599565494,-1.74265840715541453,-3.90563729909841806,-2.23699697363833083,0.25000000000000000,4.51999999999999957
0.02961177098386431,-0.01078085830320954,0.03514614138694800,-1.76758552166941496,-3.89430342080405634,-2.27012693959799972,0.25000000000000000,4.51999999999999957
0.02943375893376275,-0.01116970117572568,0.03491746428615714,-1.79268396582549983,-3.88246992375452216,-2.30344654947437011,0.25000000000000000,4.51999999999999957
0.02925322850886994,-0.01155733529774185,0.03468544581102637,-1.81795286245982290,-3.87012671364877114,-2.33695413654174589,0.25000000000000000,4.51999999999999957
0.02907016271227246,-0.01194370918583903,0.03445006725327800,-1.84339122649997056,-3.85726351849719018,-2.37064788693179507,0.25000000000000000,4.51999999999999957
0.02888454465116137,-0.01232877032046283,0.03421131009363876,-1.86899796010393726,-3.84386988738790158,-2.40452583336174452,0.25000000000000000,4.51999999999999957
0.02869635754835952,-0.01271246512797540,0.03396915601750379,-1.89477184762384487,-3.82993518939322275,-2.43858584864642713,0.25000000000000000,4.51999999999999957
0.02850558475436140,-0.01309473896260544,0.03372358693126049,-1.92071155038991326,-3.81544861262901014,-2.47282563898914587,0.25000000000000000,4.51999999999999957
0.02831220975990382,-0.01347553608831243,0.03347458497929449,-1.94681560131023357,-3.80039916348038309,-2.50724273704641742,0.25000000000000000,4.51999999999999957
0.02811621620908596,-0.01385479966058229,0.03322213256170077,-1.97308239928195150,-3.78477566600811421,-2.54183449476177037,0.25000000000000000,4.51999999999999957
0.02791758791305790,-0.01423247170817339,0.03296621235272298,-1.99951020340954777,-3.76856676155080628,-2.57659807596392909,0.25000000000000000,4.51999999999999957
0.02771630886429721,-0.01460849311483315,0.03270680731994506,-2.02609712702600353,-3.75176090853885080,-2.61153044872488538,0.25000000000000000,4.51999999999999957
0.02751236325149339,-0.01498280360100739,0.03244390074425916,-2.05284113151276593,-3.73434638253705087,-2.64662837747357171,0.25000000000000000,4.51999999999999957
0.02730573547506056,-0.01535534170556612,0.03217747624063458,-2.07974001991457857,-3.71631127653374804,-2.68188841486110485,0.25000000000000000,4.51999999999999957
0.02709641016329905,-0.01572604476757129,0.03190751777971280,-2.10679143034542937,-3.69764350149525267,-2.71730689337384534,0.25000000000000000,4.51999999999999957
0.02688437218922705,-0.01609484890811413,0.03163400971025395,-2.13399282918207511,-3.67833078720539941,-2.75287991669085885,0.25000000000000000,4.51999999999999957
0.02666960668810365,-0.01646168901225151,0.03135693678246039,-2.16134150404186043,-3.65836068341108955,-2.78860335078273502,0.25000000000000000,4.51999999999999957
0.02645209907566492,-0.01682649871107313,0.03107628417220354,-2.18883455654182413,-3.63772056129576882,-2.82447281474915091,0.25000000000000000,4.51999999999999957
0.02623183506709525,-0.01718921036393333,0.03079203750618003,-2.21646889483642573,-3.61639761530390302,-2.86048367139304771,0.25000000000000000,4.51999999999999957
0.02600880069675605,-0.01754975504088399,0.03050418288802372,-2.24424122593158959,-3.59437886534066475,-2.89663101752982666,0.25000000000000000,4.51999999999999957
0.02578298233869424,-0.01790806250534714,0.03021270692540004,-2.27214804777318369,-3.57165115937222888,-2.93290967403057712,0.25000000000000000,4.51999999999999957
0.02555436672795333,-0.01826406119706878,0.02991759675810941,-2.30018564110852841,-3.54820117645328370,-2.96931417559901645,0.25000000000000000,4.51999999999999957
0.02532294098270966,-0.01861767821539791,0.02961884008722616,-2.32835006112004894,-3.52401543020960473,-3.00583876028256958,0.25000000000000000,4.51999999999999957
0.02508869262725672,-0.01896883930293788,0.02931642520529968,-2.35663712883077592,-3.49908027280480916,-3.04247735871882874,0.25000000000000000,4.51999999999999957
0.02485160961586036,-0.01931746882961976,0.02901034102764398,-2.38504242228204744,-3.47338189942169251,-3.07922358311954891,0.25000000000000000,4.51999999999999957
0.02461168035750742,-0.01966348977725098,0.02870057712474194,-2.41356126748448752,-3.44690635328985140,-3.11607071599531293,0.25000000000000000,4.51999999999999957
0.02436889374157076,-0.02000682372459541,0.02838712375578983,-2.44218872914411689,-3.41963953129262999,-3.15301169862509401,0.25000000000000000,4.51999999999999957
0.02412323916441257,-0.02034739083304446,0.02806997190340743,-2.47091960116633125,-3.39156719018774266,-3.19003911927612593,0.25000000000000000,4.51999999999999957
0.02387470655694843,-0.02068510983294248,0.02774911330953832,-2.49974839694142714,-3.36267495347726797,-3.22714520118078196,0.25000000000000000,4.51999999999999957
0.02362328641319345,-0.02101989801063313,0.02742454051256443,-2.52866933941639038,-3.33294831896403654,-3.26432179027856151,0.25000000000000000,4.51999999999999957
0.02336896981981168,-0.02135167119629731,0.02709624688565758,-2.55767635095880008,-3.30237266703275489,-3.30156034273280996,0.25000000000000000,4.51999999999999957
0.02311174848668928,-0.02168034375265710,0.02676422667639028,-2.58676304301992310,-3.27093326969550757,-3.33885191223343591,0.25000000000000000,4.51999999999999957
0.02285161477855106,-0.02200582856462412,0.02642847504762633,-2.61592270560540552,-3.23861530044255330,-3.37618713709866247,0.25000000000000000,4.51999999999999957
0.02258856174763912,-0.02232803702997505,0.02608898811971076,-2.64514829656340966,-3.20540384494056818,-3.41355622719076601,0.25000000000000000,4.51999999999999957
0.02232258316747142,-0.02264687905114108,0.02574576301397674,-2.67443243070159742,-3.17128391262166698,-3.45094895066280039,0.25000000000000000,4.51999999999999957
0.02205367356769659,-0.02296226302820275,0.02539879789758548,-2.70376736874602619,-3.13624044920766254,-3.48835462055551115,0.25000000000000000,4.51999999999999957
0.02178182827006021,-0.02327409585318571,0.02504809202971307,-2.73314500615683187,-3.10025835021506291,-3.52576208126599733,0.25000000000000000,4.51999999999999957
0.02150704342549595,-0.02358228290575815,0.02469364580909586,-2.76255686181748183,-3.06332247548726322,-3.56315969491219242,0.25000000000000000,4.51999999999999957
0.02122931605235332,-0.02388672805043458,0.02433546082294351,-2.79199406661645400,-3.02541766480123009,-3.60053532761991679,0.25000000000000000,4.51999999999999957
0.02094864407577183,-0.02418733363539613,0.02397353989722594,-2.82144735194237972,-2.98652875459669520,-3.63787633576210157,0.25000000000000000,4.51999999999999957
0.02066502636820890,-0.02448400049304188,0.02360788714833745,-2.85090703811603507,-2.94664059587644456,-3.67516955218280428,0.25000000000000000,4.51999999999999957
0.02037846279112677,-0.02477662794239082,0.02323850803613774,-2.88036302278504452,-2.90573807332668732,-3.71240127244183382,0.25000000000000000,4.51999999999999957
0.02008895423784052,-0.02506511379345885,0.02286540941836573,-2.90980476930978549,-2.86380612570670490,-3.74955724111917954,0.25000000000000000,4.51999999999999957
0.01979650267752674,-0.02534935435374036,0.02248859960641827,-2.93922129517177222,-2.82082976755696357,-3.78662263822199208,0.25000000000000000,4.51999999999999957
0.01950111120038876,-0.02562924443692847,0.02210808842248106,-2.96860116043871880,-2.77679411227462669,-3.82358206574059656,0.25000000000000000,4.51999999999999957
0.01920278406397104,-0.02590467737401331,0.02172388725799444,-2.99793245632356653,-2.73168439660488227,-3.86041953440393604,0.25000000000000000,4.51999999999999957
0.01890152674061128,-0.02617554502690215,0.02133600913343144,-3.02720279387799351,-2.68548600659566761,-3.89711845068892249,0.25000000000000000,4.51999999999999957
0.01859734596601461,-0.02644173780471014,0.02094446875935970,-3.05639929286430156,-2.63818450506221680,-3.93366160414243415,0.25000000000000000,4.51999999999999957
0.01829024978892974,-0.02670314468287484,0.02054928259875304,-3.08550857085310248,-2.58976566060632774,-3.97003115507911764,0.25000000000000000,4.51999999999999957
0.01798024762190194,-0.02695965322525228,0.02015046893051155,-3.11451673259787620,-2.54021547823330973,-4.00620862272272138,0.25000000000000000,4.51999999999999957
0.01766735029307242,-0.02721114960935621,0.01974804791414250,-3.14340935974128000,-2.48952023160720604,-4.04217487386341023,0.25000000000000000,4.51999999999999957
0.01735157009898810,-0.02745751865490647,0.01934204165554638,-3.17217150091198841,-2.43766649698202542,-4.07791011210834409,0.25000000000000000,4.51999999999999957
0.01703292085837956,-0.02769864385585565,0.01893247427384493,-3.20078766227486344,-2.38464118884336074,-4.11339386780776373,0.25000000000000000,4.51999999999999957
0.01671141796685850,-0.02793440741606672,0.01851937196917911,-3.22924179860138150,-2.33043159729083227,-4.14860498874386074,0.25000000000000000,4.51999999999999957
0.01638707845247924,-0.02816469028881716,0.01810276309139621,-3.25751730493141833,-2.27502542718728007,-4.18352163167481628,0.25000000000000000,4.51999999999999957
0.01605992103210132,-0.02838937222030708,0.01768267820953580,-3.28559700890175144,-2.21841083909545933,-4.21812125483153544,0.25000000000000000,4.51999999999999957
0.01572996616848266,-0.02860833179735110,0.01725915018201406,-3.31346316382091510,-2.16057649201714286,-4.25238061146973401,0.25000000000000000,4.51999999999999957
0.01539723612802438,-0.02882144649943469,0.01683221422739574,-3.34109744257432517,-2.10151158794297777,-4.28627574458516136,0.25000000000000000,4.51999999999999957
0.01506175503907999,-0.02902859275531603,0.01640190799563165,-3.36848093244784907,-2.04120591821410269,-4.31978198290474857,0.25000000000000000,4.51999999999999957
0.01472354895073243,-0.02922964600435436,0.01596827163962850,-3.39559413096219176,-1.97964991168841542,-4.35287393827140079,0.25000000000000000,4.51999999999999957
0.01438264589193312,-0.02942448076274465,0.01553134788700532,-3.42241694281456654,-1.91683468469541030,-4.38552550454485868,0.25000000000000000,4.51999999999999957
0.01403907593088740,-0.02961297069483601,0.01509118211187892,-3.44892867802806036,-1.85275209275368558,-4.41770985814556649,0.25000000000000000,4.51999999999999957
0.01369287123456018,-0.02979498868970864,0.01464782240650716,-3.47510805141287316,-1.78739478401449037,-4.44939946037267031,0.25000000000000000,4.51999999999999957
0.01334406612816554,-0.02997040694317939,0.01420131965260630,-3.50093318344710891,-1.72075625438304791,-4.48056606163110516,0.25000000000000000,4.51999999999999957
0.01299269715449256,-0.03013909704540086,0.01375172759214427,-3.52638160268801926,-1.65283090425681078,-4.51118070770611990,0.25000000000000000,4.51999999999999957
0.01263880313290884,-0.03030093007421221,0.01329910289739834,-3.55143024982743194,-1.58361409680628196,-4.54121374822644963,0.25000000000000000,4.51999999999999957
0.01228242521787138,-0.03045577669439146,0.01284350524005105,-3.57605548350751645,-1.51310221770956810,-4.57063484745962523,0.25000000000000000,4.51999999999999957
0.01192360695676304,-0.03060350726294967,0.01238499735908394,-3.60023308801495023,-1.44129273623641407,-4.59941299758445954,0.25000000000000000,4.51999999999999957
0.01156239434686059,-0.03074399194059610,0.01192364512721415,-3.62393828297287790,-1.36818426756113265,-4.62751653458653323,0.25000000000000000,4.51999999999999957
0.01119883589122874,-0.03087710080949036,0.01145951761560414,-3.64714573515073548,-1.29377663616660987,-4.65491315692238405,0.25000000000000000,4.51999999999999957
0.01083298265332228,-0.03100270399738315,0.01099268715656067,-3.66982957251194941,-1.21807094018348128,-4.68156994709700491,0.25000000000000000,4.51999999999999957
0.01046488831006657,-0.03112067180823047,0.01052322940392431,-3.69196340061863859,-1.14106961648968896,-4.70745339629702642,0.25000000000000000,4.51999999999999957
0.01009460920317483,-0.03123087485934776,0.01005122339083705,-3.71352032151064559,-1.06277650637602950,-4.73252943221856626,0.25000000000000000,4.51999999999999957
0.00972220438844899,-0.03133318422515005,0.00957675158456185,-3.73447295517343347,-0.98319692156305938,-4.75676345022398994,0.25000000000000000,4.51999999999999957
0.00934773568279974,-0.03142747158750166,0.00909989993801460,-3.75479346370550626,-0.90233771033396304,-4.78012034795566976,0.25000000000000000,4.51999999999999957
0.00897126770871036,-0.03151360939267439,0.00862075793765689,-3.77445357829094563,-0.82020732352682690,-4.80256456352716832,0.25000000000000000,4.51999999999999957
0.00859286793585893,-0.03159147101488637,0.00813941864738603,-3.79342462907635047,-0.73681588010835219,-4.82406011740295870,0.25000000000000000,4.51999999999999957
0.00821260671960375,-0.03166093092636502,0.00765597874804853,-3.81167757804380036,-0.65217523202954686,-4.84457065806676646,0.25000000000000000,4.51999999999999957
0.00783055733602820,-0.03172186487384637,0.00717053857219360,-3.82918305496239597,-0.56629902804255705,-4.86405951156580496,0.25000000000000000,4.51999999999999957
0.00744679601323343,-0.03177415006138996,0.00668320213367527,-3.84591139649036107,-0.47920277613673828,-4.88248973500343819,0.25000000000000000,4.51999999999999957
0.00706140195856080,-0.03181766533935329,0.00619407715170556,-3.86183268848759242,-0.39090390423156723,-4.89982417403616033,0.25000000000000000,4.51999999999999957
0.00667445738142055,-0.03185229139933260,0.00570327506895593,-3.87691681158483137,-0.30142181874430224,-4.91602552441211582,0.25000000000000000,4.51999999999999957
0.00628604751139936,-0.03187791097483746,0.00521091106330217,-3.89113349004031006,-0.21077796063170140,-4.93105639756771374,0.25000000000000000,4.51999999999999957
0.00589626061131719,-0.03189440904742596,0.00471710405280682,-3.90445234389773699,-0.11899585848788725,-4.94487939027617163,0.25000000000000000,4.51999999999999957
0.00550518798490344,-0.03190167305798446,0.00422197669353528,-3.91684294444085745,-0.02610117826492114,-4.95745715831710410,0.25000000000000000,4.51999999999999957
0.00511292397876374,-0.03189959312279195,0.00372565536980625,-3.92827487291955935,0.06787823083085316,-4.96875249410956510,0.25000000000000000,4.51999999999999957
0.00471956597831237,-0.03188806225396381,0.00322827017648415,-3.93871778250063498,0.16291229472478641,-4.97872840822236018,0.25000000000000000,4.51999999999999957
0.00432521439735128,-0.03186697658382344,0.00272995489293134,-3.94814146337292549,0.25896867760875569,-4.98734821464502520,0.25000000000000000,4.51999999999999957
0.00392997266098466,-0.03183623559270329,0.00223084694825129,-3.95651591091175447,0.35601275029678175,-4.99457561967082420,0.25000000000000000,4.51999999999999957
0.00353394718156911,-0.03179574233962956,0.00173108737747033,-3.96381139678141414,0.45400756427535999,-5.00037481420953611,0.25000000000000000,4.51999999999999957
0.00313724732741264,-0.03174540369529744,0.00123082076832541,-3.96999854282716269,0.55291383192069676,-5.00471056931299429,0.25000000000000000,4.51999999999999957
0.00273998538395235,-0.03168513057669683,0.00073019519834924,-3.97504839757989625,0.65268991334924420,-5.00754833466044058,0.25000000000000000,4.51999999999999957
0.00234227650715935,-0.03161483818270222,0.00022936216197063,-3.97893251516758140,0.75329181035776005,-5.00885433971416560,0.25000000000000000,4.51999999999999957
0.00194423866894203,-0.03153444622989566,-0.00027152351262069,-3.98162303639792237,0.85467316789430925,-5.00859569721886277,0.25000000000000000,4.51999999999999957
0.00154599259434326,-0.03144387918784843,-0.00077230375706138,-3.98309277174686072,0.95678528348192382,-5.00674050868102416,0.25000000000000000,4.51999999999999957
0.00114766169035581,-0.03134306651304603,-0.00127281736703224,-3.98331528595766304,1.05957712499184753,-5.00325797142796347,0.25000000000000000,4.51999999999999957
0.00074937196621058,-0.03123194288060292,-0.00177290011724280,-3.98226498392587347,1.16299535713326030,-4.99811848681005344,0.25000000000000000,4.51999999999999957
0.00035125194502677,-0.03111044841287854,-0.00227238488727378,-3.97991719751666206,1.26698437699100830,-4.99129376907502742,0.25000000000000000,4.51999999999999957
-0.00004656743325058,-0.03097852890407483,-0.00277110179831973,-3.97624827293342475,1.37148635890213466,-4.98275695441012711,0.25000000000000000,4.51999999999999957
-0.00044395291766064,-0.03083613603986873,-0.00326887836082213,-3.97123565823033697,1.47644130891594672,-4.97248270961707117,0.25000000000000000,4.51999999999999957
-0.00084076906077735,-0.03068322761111123,-0.00376553963292815,-3.96485799053726984,1.58178712903109719,-4.96044733985668529,0.25000000000000000,4.51999999999999957
-0.00123687834194929,-0.03051976772060792,-0.00426090838965317,-3.95709518254352144,1.68745969134689067,-4.94662889487519575,0.25000000000000000,4.51999999999999957
-0.00163214129913126,-0.03034572698198520,-0.00475480530256444,-3.94792850776755788,1.79339292220505109,-4.93100727310305054,0.25000000000000000,4.51999999999999957
-0.00202641666916180,-0.03016108270964211,-0.00524704912974248,-3.93734068412384008,1.89951889633286775,-4.91356432300028434,0.25000000000000000,4.51999999999999957
-0.00241956153629137,-0.02996581909878985,-0.00573745691571259,-3.92531595528520194,2.00576794092944999,-4.89428394101029607,0.25000000000000000,4.51999999999999957
-0.00281143148871539,-0.02975992739459071,-0.00622584420097541,-3.91184016933052936,2.11206874956431490,-4.87315216547695318,0.25000000000000000,4.51999999999999957
-0.00320188078281476,-0.02954340604942476,-0.00671202524070040,-3.89690085416299681,2.21834850568235087,-4.85015726587850526,0.25000000000000000,4.51999999999999957
-0.00359076251475537,-0.02931626086733719,-0.00719581323208166,-3.88048728918415264,2.32453301543206203,-4.82528982673631734,0.25000000000000000,4.51999999999999957
-0.00397792879904645,-0.02907850513475140,-0.00767702054979219,-3.86259057271396111,2.43054684945570587,-4.79854282556710121,0.25000000000000000,4.51999999999999957
-0.00436323095360742,-0.02883015973657300,-0.00815545898890965,-3.84320368465671258,2.53631349320134358,-4.76991170426441791,0.25000000000000000,4.51999999999999957
-0.00474651969084324,-0.02857125325685775,-0.00863094001462717,-3.82232154392762746,2.64175550523884795,-4.73939443331882071,0.25000000000000000,4.51999999999999957
-0.00512764531418106,-0.02830182206327218,-0.00910327501800456,-3.79994106017510003,2.74679468298551788,-4.70699156831616428,0.25000000000000000,4.51999999999999957
-0.00550645791947535,-0.02802191037463866,-0.00957227557696119,-3.77606117935882946,2.85135223517311243,-4.67270629819025984,0.25000000000000000,4.51999999999999957
-0.00588280760064653,-0.02773157031092724,-0.01003775372166178,-3.75068292277450377,2.95534896031782779,-4.63654448474905045,0.25000000000000000,4.51999999999999957
-0.00625654465887861,-0.02743086192513358,-0.01049952220340010,-3.72380941915108332,3.05870543038900689,-4.59851469304255112,0.25000000000000000,4.51999999999999957
-0.00662751981466606,-0.02711985321656583,-0.01095739476604571,-3.69544592948681894,3.16134217881213075,-4.55862821219559677,0.25000000000000000,4.51999999999999957
-0.00699558442196904,-0.02679862012515257,-0.01141118641908373,-3.66559986433463525,3.26317989188783075,-4.51689906638848893,0.25000000000000000,4.51999999999999957
-0.00736059068370934,-0.02646724650647810,-0.01186071371124927,-3.63428079329601239,3.36413960266214129,-4.47334401573339235,0.25000000000000000,4.51999999999999957
-0.00772239186781807,-0.02612582408734979,-0.01230579500373633,-3.60150044653453394,3.46414288624474054,-4.42798254686315929,0.25000000000000000,4.51999999999999957
-0.00808084252302982,-0.02577445240180409,-0.01274625074194631,-3.56727270817530462,3.56311205554222754,-4.38083685312139348,0.25000000000000000,4.51999999999999957
-0.00843579869360771,-0.02541323870756242,-0.01318190372473372,-3.53161360151388459,3.66097035635306867,-4.33193180431726521,0.25000000000000000,4.51999999999999957
-0.00878711813217877,-0.02504229788305367,-0.01361257937010695,-3.49454126601757675,3.75764216076022173,-4.28129490608495100,0.25000000000000000,4.51999999999999957
-0.00913466050986066,-0.02466175230522702,-0.01403810597634979,-3.45607592616217829,3.85305315775688006,-4.22895624896471745,0.25000000000000000,4.51999999999999957
-0.00947828762286788,-0.02427173170848449,-0.01445831497754489,-3.41623985220790960,3.94713054005043773,-4.17494844739968229,0.25000000000000000,4.51999999999999957
-0.00981786359479913,-0.02387237302516752,-0.01487304119250359,-3.37505731307848134,4.03980318600969746,-4.11930656891819957,0.25000000000000000,4.51999999999999957
-0.01015325507382680,-0.02346382020813352,-0.01528212306613737,-3.33255452156636167,4.13100183575034663,-4.06206805384571812,0.25000000000000000,4.51999999999999957
-0.01048433142403469,-0.02304622403605757,-0.01568540290234391,-3.28875957214458259,4.22065926039356132,-4.00327262596093014,0.25000000000000000,4.51999999999999957
-0.01081096491018102,-0.02261974190218783,-0.01608272708752575,-3.24370237172014164,4.30871042358175771,-3.94296219457819896,0.25000000000000000,4.51999999999999957
-0.01113303087519978,-0.02218453758737264,-0.01647394630391105,-3.19741456371555843,4.39509263439349063,-3.88118074860076501,0.25000000000000000,4.51999999999999957
-0.01145040790979454,-0.02174078101825941,-0.01685891573190296,-3.14992944591280910,4.47974569086551444,-3.81797424314641143,0.25000000000000000,4.51999999999999957
-0.01176297801352443,-0.02128864801164122,-0.01723749524074727,-3.10128188253714221,4.56261201340325417,-3.75339047939835790,0.25000000000000000,4.51999999999999957
-0.01207062674683194,-0.02082832000599499,-0.01760954956687523,-3.05150821109665893,4.64363676744048703,-3.68747897837865057,0.25000000000000000,4.51999999999999957
-0.01237324337351520,-0.02035998378131459,-0.01797494847935034,-3.00064614452662948,4.72276797479383159,-3.62029084937870627,0.25000000000000000,4.51999999999999957
-0.01267072099320378,-0.01988383116839366,-0.01833356693192277,-2.94873466921497585,4.79995661324662404,-3.55187865381162293,0.25000000000000000,4.51999999999999957
-0.01296295666345603,-0.01940005874875435,-0.01868528520127292,-2.89581393950693933,4.87515670398880285,-3.48229626527312019,0.25000000000000000,4.51999999999999957
-0.01324985151115630,-0.01890886754645151,-0.01902998901110469,-2.84192516930251848,4.94832538663335253,-3.41159872661241570,0.25000000000000000,4.51999999999999957
-0.01353131083295251,-0.01841046271300431,-0.01936756964183016,-2.78711052136975024,5.01942298162452971,-3.33984210482095545,0.25000000000000000,4.51999999999999957
-0.01380724418453697,-0.01790505320672175,-0.01969792402566754,-2.73141299500035428,5.08841303994737526,-3.26708334454581717,0.25000000000000000,4.51999999999999957
-0.01407756545863581,-0.01739285146769238,-0.02002095482705510,-2.67487631263176517,5.15526238014076998,-3.19338012102599889,0.25000000000000000,4.51999999999999957
-0.01434219295163479,-0.01687407308970403,-0.02033657050836254,-2.61754480605137596,5.21994111270653427,-3.11879069323402325,0.25000000000000000,4.51999999999999957
-0.01460104941882969,-0.01634893649034575,-0.02064468538095851,-2.55946330278514411,5.28242265209375894,-3.04337375798272847,0.25000000000000000,4.51999999999999957
-0.01485406211834922,-0.01581766258052201,-0.02094521964176774,-2.50067701325395086,5.34268371651984797,-2.96718830572829395,0.25000000000000000,4.51999999999999957
-0.01510116284385541,-0.01528047443457906,-0.02123809939552240,-2.44123141925764209,5.40070431596685019,-2.89029347876599463,0.25000000000000000,4.51999999999999957
-0.01534228794618102,-0.01473759696220622,-0.02152325666298025,-2.38117216431896184,5.45646772876285802,-2.81274843247556250,0.25000000000000000,4.51999999999999957
-0.01557737834411548,-0.01418925658323019,-0.02180062937544555,-2.32054494638814068,5.50996046722300381,-2.73461220022896079,0.25000000000000000,4.51999999999999957
-0.01580637952459871,-0.01363568090637027,-0.02207016135598759,-2.25939541337420646,5.56117223288244045,-2.65594356252561559,0.25000000000000000,4.51999999999999957
-0.01602924153262760,-0.01307709841296672,-0.02233180228780574,-2.19776906193172472,5.61009586190430021,-2.57680092086934032,0.25000000000000000,4.51999999999999957
-0.01624591895122024,-0.01251373814663352,-0.02258550767023881,-2.13571113989216821,5.65672726128878622,-2.49724217684811256,0.25000000000000000,4.51999999999999957
-0.01645637087182017,-0.01194582940972277,-0.02283123876295958,-2.07326655268803339,5.70106533654516578,-2.41732461682318966,0.25000000000000000,4.51999999999999957
-0.01666056085555570,-0.01137360146742007,-0.02306896251893365,-2.01047977407569611,5.74311191151648792,-2.33710480257848596,0.25000000000000000,4.51999999999999957
-0.01685845688579749,-0.01079728326022030,-0.02329865150675373,-1.94739476142035262,5.78287164106749962,-2.25663846822534442,0.25000000000000000,4.51999999999999957
-0.01705003131248221,-0.01021710312546131,-0.02352028382298742,-1.88405487576371522,5.82035191735962432,-2.17598042360243182,0.25000000000000000,4.51999999999999957
-0.01723526078868964,-0.00963328852852028,-0.02373384299519763,-1.82050280685291144,5.85556277044334639,-2.09518446435606087,0.25000000000000000,4.51999999999999957
-0.01741412619997664,-0.00904606580420462,-0.02393931787631086,-1.75678050326766377,5.88851676389822565,-2.01430328883330567,0.25000000000000000,4.51999999999999957
-0.01758661258698290,-0.00845565990879621,-0.02413670253101895,-1.69292910774271999,5.91922888624450838,-1.93338842186931159,0.25000000000000000,4.51999999999999957
-0.01775270906183138,-0.00786229418313618,-0.02432599611490590,-1.62898889774399280,5.94771643883833789,-1.85249014550160807,0.25000000000000000,4.51999999999999957
-0.01791240871885004,-0.00726619012706699,-0.02450720274699206,-1.56499923132024454,5.97399892094545759,-1.77165743659837527,0.25000000000000000,4.51999999999999957
-0.01806570854014210,-0.00666756718548003,-0.02468033137638470,-1.50099849821767228,5.99809791266653747,-1.69093791134475757,0.25000000000000000,4.51999999999999957
-0.01821260929652928,-0.00606664254615098,-0.02484539564371633,-1.43702407621261830,6.02003695636142844,-1.61037777649171399,0.25000000000000000,4.51999999999999957
-0.01835311544438608,-0.00546363094948203,-0.02500241373804061,-1.37311229258799217,6.03984143719029642,-1.53002178723569515,0.25000000000000000,4.51999999999999957
-0.01848723501887489,-0.00485874451020949,-0.02515140824984111,-1.30929839065197906,6.05753846335731083,-1.44991321156475728,0.25000000000000000,4.51999999999999957
-0.01861497952407988,-0.00425219255107884,-0.02529240602079003,-1.24561650117327050,6.07315674660784932,-1.37009380087762467,0.25000000000000000,4.51999999999999957
-0.01873636382052422,-0.00364418144843581,-0.02542543799087342,-1.18209961858544155,6.08672648349362611,-1.29060376665670340,0.25000000000000000,4.51999999999999957
-0.01885140601053928,-0.00303491448963251,-0.02555053904347650,-1.11877958179419723,6.09827923788224080,-1.21148176295409193,0.25000000000000000,4.51999999999999957
-0.01896012732193718,-0.00242459174210197,-0.02566774784899742,-1.05568705940498364,6.10784782514884039,-1.13276487443115603,0.25000000000000000,4.51999999999999957
-0.01906255199041905,-0.00181340993391269,-0.02577710670753133,-0.99285153917485214,6.11546619844836403,-1.05448860967713132,0.25000000000000000,4.51999999999999957
-0.01915870714113102,-0.00120156234557677,-0.02587866139113831,-0.93030132148136979,6.12116933742761482,-0.97668689952033760,0.25000000000000000,4.51999999999999957
-0.01924862266975902,-0.00058923871285135,-0.02597246098617987,-0.86806351659269554,6.12499313969750769,-0.89939210003677905,0.25000000000000000,4.51999999999999957
-0.01933233112353140,0.00002337485975714,-0.02605855773617853,-0.80616404551654475,6.12697431534765435,-0.82263499995497691,0.25000000000000000,4.51999999999999957
-0.01940986758247598,0.00063609597510258,-0.02613700688562511,-0.74462764420151062,6.12715028474825196,-0.74644483215263557,0.25000000000000000,4.51999999999999957
-0.01948126954125530,0.00124874600946225,-0.02620786652512751,-0.68347787086194556,6.12555907984824799,-0.67084928893997031,0.25000000000000000,4.51999999999999957
-0.01954657679188099,0.00186115016891193,-0.02627119743826456,-0.62273711619716765,6.12223924914426476,-0.59587454082600799,0.25000000000000000,4.51999999999999957
-0.01960583130758526,0.00247313753638744,-0.02632706295047799,-0.56242661627698720,6.11722976646186023,-0.52154525846769118,0.25000000000000000,4.51999999999999957
-0.01965907712810490,0.00308454110981968,-0.02637552878030628,-0.50256646786827097,6.11056994365959216,-0.44788463750694663,0.25000000000000000,4.51999999999999957
-0.01970636024661065,0.00369519783173968,-0.02641666289323450,-0.44317564598132608,6.10229934733712032,-0.37491442600781122,0.25000000000000000,4.51999999999999957
-0.01974772849849331,0.00430494861075710,-0.02645053535840623,-0.38427202342011613,6.09245771960127769,-0.30265495421402205,0.25000000000000000,4.51999999999999957
-0.01978323145219617,0.00491363833531943,-0.02647721820841590,-0.32587239212656910,6.08108490291877946,-0.23112516635697400,0.25000000000000000,4.51999999999999957
-0.01981292030226318,0.00552111588016115,-0.02649678530237363,-0.26799248611634896,6.06822076906095997,-0.16034265425442873,0.25000000000000000,4.51999999999999957
-0.01983684776475212,0.00612723410585142,-0.02650931219240912,-0.21064700581128887,6.05390515212469271,-0.09032369245164139,0.25000000000000000,4.51999999999999957
-0.01985506797514296,0.00673184985184623,-0.02651487599375673,-0.15384964358209852,6.03817778559440388,-0.02108327466848153,0.25000000000000000,4.51999999999999957
-0.01986763638885369,0.00733482392344673,-0.02651355525854138,-0.09761311032382455,6.02107824339279496,0.04736484867149746,0.25000000000000000,4.51999999999999957
-0.01987460968445817,0.00793602107305928,-0.02650542985336243,-0.04194916289574852,6.00264588485251505,0.11500813204138872,0.25000000000000000,4.51999999999999957
-0.01987604566968462,0.00853530997614536,-0.02649058084075279,0.01313136773315755,5.98291980352745423,0.18183519573912602,0.25000000000000000,4.51999999999999957
-0.01987200319025761,0.00913256320224086,-0.02646909036457108,0.06761854778253065,5.96193877975054853,0.24783578632905806,0.25000000000000000,4.51999999999999957
-0.01986254204163223,0.00972765718141402,-0.02644104153936667,0.12150331154237479,5.93974123683483501,0.31300073676951506,0.25000000000000000,4.51999999999999957
-0.01984772288365535,0.01032047216652123,-0.02640651834374091,0.17477743196840598,5.91636520080594774,0.37732192638621420,0.25000000000000000,4.51999999999999957
-0.01982760715817675,0.01091089219160753,-0.02636560551771265,0.22743349111164551,5.89184826354716584,0.44079224083880936,0.25000000000000000,4.51999999999999957
-0.01980225700962075,0.01149880502678723,-0.02631838846408168,0.27946485049361974,5.86622754923241096,0.50340553221564266,0.25000000000000000,4.51999999999999957
-0.01977173520851883,0.01208410212992674,-0.02626495315377111,0.33086562152944227,5.83953968391816947,0.56515657937986397,0.25000000000000000,4.51999999999999957
-0.01973610507799358,0.01266667859543910,-0.02620538603511794,0.38163063609223336,5.81182076816205395,0.62604104867859878,0.25000000000000000,4.51999999999999957
-0.01969543042317561,0.01324643310048613,-0.02613977394707022,0.43175541730381073,5.78310635253354288,0.68605545511580779,0.25000000000000000,4.51999999999999957
-0.01964977546352681,0.01382326784887052,-0.02606820403624003,0.48123615062839470,5.75343141588121654,0.74519712407892125,0.25000000000000000,4.51999999999999957
-0.01959920476803616,0.01439708851288690,-0.02599076367775270,0.53006965533823103,5.72283034622050479,0.80346415369927993,0.25000000000000000,4.51999999999999957
-0.01954378319324786,0.01496780417338700,-0.02590754039982531,0.57825335641256770,5.69133692410639735,0.86085537791687772,0.25000000000000000,4.51999999999999957
-0.01948357582407557,0.01553532725830071,-0.02581862181200090,0.62578525692433418,5.65898430835675903,0.91737033031090254,0.25000000000000000,4.51999999999999957
-0.01941864791735157,0.01609957347984155,-0.02572409553695913,0.67266391096217970,5.62580502399364590,0.97300920874910579,0.25000000000000000,4.51999999999999957
-0.01934906484805519,0.01666046177061164,-0.02562404914581911,0.71888839712922070,5.59183095227236304,1.02777284090110133,0.25000000000000000,4.51999999999999957
-0.01927489205816112,0.01721791421880871,-0.02551857009684613,0.76445829265394472,5.55709332267077105,1.08166265065330047,0.25000000000000000,4.51999999999999957
-0.01919619500804460,0.01777185600272477,-0.02540774567747047,0.80937364814319601,5.52162270671454269,1.13468062545631265,0.25000000000000000,4.51999999999999957
-0.01911303913037829,0.01832221532471420,-0.02529166294952385,0.85363496300203701,5.48544901351757641,1.18682928462928228,0.25000000000000000,4.51999999999999957
-0.01902548978645291,0.01886892334479655,-0.02517040869759674,0.89724316154051953,5.44860148692056345,1.23811164863976342,0.25000000000000000,4.51999999999999957
-0.01893361222485215,0.01941191411404861,-0.02504406938041841,0.94019956978300723,5.41110870411472078,1.28853120937235399,0.25000000000000000,4.51999999999999957
-0.01883747154241107,0.01995112450792833,-0.02491273108516024,0.98250589299165092,5.37299857564185679,1.33809190139438328,0.25000000000000000,4.51999999999999957
-0.01873713264738611,0.02048649415966336,-0.02477647948456249,1.02416419391191593,5.33429834666626768,1.38679807422247214,0.25000000000000000,4.51999999999999957
-0.01863266022476416,0.02101796539382612,-0.02463539979678430,1.06517687174468700,5.29503459941832944,1.43465446558972221,0.25000000000000000,4.51999999999999957
-0.01852411870363814,0.02154548316020778,-0.02448957674787717,1.10554664184641038,5.25523325671409580,1.48166617570963588,0.25000000000000000,4.51999999999999957
-0.01841157222657611,0.02206899496809421,-0.02433909453678242,1.14527651615596326,5.21491958645966580,1.52783864252958690,0.25000000000000000,4.51999999999999957
-0.01829508462091153,0.02258845082103800,-0.02418403680275430,1.18436978434444851,5.17411820705353076,1.57317761796374045,0.25000000000000000,4.51999999999999957
-0.01817471937188268,0.02310380315221210,-0.02402448659511129,1.22282999568188555,5.13285309360451159,1.61768914509273354,0.25000000000000000,4.51999999999999957
-0.01805053959754982,0.02361500676042280,-0.02386052634521978,1.26066094161278541,5.09114758488725716,1.66137953631514823,0.25000000000000000,4.51999999999999957
-0.01792260802541983,0.02412201874685205,-0.02369223784061564,1.29786663903085175,5.04902439096153532,1.70425535243383286,0.25000000000000000,4.51999999999999957
-0.01779098697070880,0.02462479845259197,-0.02351970220117125,1.33445131424151175,5.00650560138574185,1.74632338265840703,0.25000000000000000,4.51999999999999957
-0.01765573831617458,0.02512330739702769,-0.02334299985721723,1.37041938759965132,4.96361269395912075,1.78759062550383097,0.25000000000000000,4.51999999999999957
-0.01751692349345229,0.02561750921711823,-0.02316221052953050,1.40577545880877963,4.92036654393115747,1.82806427056368626,0.25000000000000000,4.51999999999999957
-0.01737460346582754,0.02610736960761930,-0.02297741321110211,1.44052429286687711,4.87678743362043132,1.86775168113579881,0.25000000000000000,4.51999999999999957
-0.01722883871238328,0.02659285626228621,-0.02278868615060088,1.47467080664336048,4.83289506238892486,1.90666037767701391,0.25000000000000000,4.51999999999999957
-0.01707968921345813,0.02707393881608977,-0.02259610683745113,1.50822005607093179,4.78870855692135411,1.94479802206328811,0.25000000000000000,4.51999999999999957
-0.01692721443735549,0.02755058878847352,-0.02239975198844507,1.54117722393553924,4.74424648176249786,1.98217240263078209,0.25000000000000000,4.51999999999999957
-0.01677147332824441,0.02802277952767569,-0.02219969753581319,1.57354760824726125,4.69952685006880166,2.01879141997330347,0.25000000000000000,4.51999999999999957
-0.01661252429519512,0.02849048615613533,-0.02199601861667795,1.60533661117462079,4.65456713453365190,2.05466307347124610,0.25000000000000000,4.51999999999999957
-0.01645042520229360,0.02895368551699810,-0.02178878956381921,1.63654972852463176,4.60938427844872045,2.08979544852708887,0.25000000000000000,4.51999999999999957
-0.01628523335978171,0.02941235612173353,-0.02157808389768167,1.66719253975075987,4.56399470686662223,2.12419670448254205,0.25000000000000000,4.51999999999999957
-0.01611700551617081,0.02986647809887223,-0.02136397431955767,1.69727069847095113,4.51841433783283275,2.15787506319254652,0.25000000000000000,4.51999999999999957
-0.01594579785127880,0.03031603314386859,-0.02114653270588070,1.72678992347791382,4.47265859365738105,2.19083879823153449,0.25000000000000000,4.51999999999999957
-0.01577166597014229,0.03076100447009141,-0.02092583010356772,1.75575599022394258,4.42674241219925602,2.22309622470763690,0.25000000000000000,4.51999999999999957
-0.01559466489775732,0.03120137676094266,-0.02070193672635060,1.78417472276273292,4.38068025813876982,2.25465568966086449,0.25000000000000000,4.51999999999999957
-0.01541484907460372,0.03163713612310182,-0.02047492195203966,1.81205198613084173,4.33448613421527007,2.28552556302168286,0.25000000000000000,4.51999999999999957
-0.01523227235291003,0.03206827004089149,-0.02024485432066413,1.83939367915170049,4.28817359240963913,2.31571422910685776,0.25000000000000000,4.51999999999999957
-0.01504698799361773,0.03249476733175766,-0.02001180153343726,1.86620572764537873,4.24175574505292730,2.34523007862991895,0.25000000000000000,4.51999999999999957
-0.01485904866400470,0.03291661810285643,-0.01977583045249546,1.89249407802761693,4.19524527584427531,2.37408150120412476,0.25000000000000000,4.51999999999999957
-0.01466850643593015,0.03333381370873735,-0.01953700710136350,1.91826469128199628,4.14865445076295014,2.40227687831635173,0.25000000000000000,4.51999999999999957
-0.01447541278466427,0.03374634671011215,-0.01929539666609958,1.94352353728948724,4.10199512886089757,2.42982457675090791,0.25000000000000000,4.51999999999999957
-0.01427981858826767,0.03415421083369617,-0.01905106349707649,1.96827658950000783,4.05527877292369965,2.45673294244285723,0.25000000000000000,4.51999999999999957
-0.01408177412748724,0.03455740093310888,-0.01880407111135664,1.99252981993103062,4.00851645998917050,2.48301029474104951,0.25000000000000000,4.51999999999999957
-0.01388132908613639,0.03495591295081874,-0.01855448219562123,2.01628919447869492,3.96171889171412994,2.50866492106165806,0.25000000000000000,4.51999999999999957
-0.01367853255192910,0.03534974388111684,-0.01830235860961522,2.03956066852730622,3.91489640458105859,2.53370507191364913,0.25000000000000000,4.51999999999999957
-0.01347343301773876,0.03573889173410278,-0.01804776139007202,2.06235018284354465,3.86805897993745296,2.55813895627823085,0.25000000000000000,4.51999999999999957
-0.01326607838325383,0.03612335550066602,-0.01779075075508314,2.08466365974212753,3.82121625386171671,2.58197473732494531,0.25000000000000000,4.51999999999999957
-0.01305651595700392,0.03650313511844476,-0.01753138610888017,2.10650699951012665,3.77437752685036676,2.60522052844768881,0.25000000000000000,4.51999999999999957
-0.01284479245873104,0.03687823143874457,-0.01726972604699785,2.12788607707756494,3.72755177332220633,2.62788438960456050,0.25000000000000000,4.51999999999999957
-0.01263095402208196,0.03724864619439802,-0.01700582836178852,2.14880673892235663,3.68074765093592049,2.64997432394604360,0.25000000000000000,4.51999999999999957
-0.01241504619759881,0.03761438196854668,-0.01673975004826008,2.16927480019809282,3.63397350971828992,2.67149827471662116,0.25000000000000000,4.51999999999999957
-0.01219711395598633,0.03797544216432636,-0.01647154731021061,2.18929604207359274,3.58723740100089383,2.69246412241551925,0.25000000000000000,4.51999999999999957
-0.01197720169163487,0.03833183097543642,-0.01620127556663459,2.20887620927356787,3.54054708616380021,2.71287968220284670,0.25000000000000000,4.51999999999999957
-0.01175535322637979,0.03868355335757368,-0.01592898945837680,2.22802100781015655,3.49391004518530623,2.73275270153796113,0.25000000000000000,4.51999999999999957
-0.01153161181347860,0.03903061500071167,-0.01565474285501124,2.24673610289549730,3.44733348499730807,2.75209085803744813,0.25000000000000000,4.51999999999999957
-0.01130602014178810,0.03937302230220563,-0.01537858886192383,2.26502711702589865,3.40082434764636243,2.77090175754063495,0.25000000000000000,4.51999999999999957
-0.01107862034012495,0.03971078234070397,-0.01510057982757865,2.28289962822856207,3.35438931826091258,2.78919293237108512,0.25000000000000000,4.51999999999999957
-0.01084945398179382,0.04004390285084675,-0.01482076735094867,2.30035916846218180,3.30803483282555622,2.80697183978302389,0.25000000000000000,4.51999999999999957
-0.01061856208926808,0.04037239219873207,-0.01453920228909308,2.31741122216312467,3.26176708576357166,2.82424586058214588,0.25000000000000000,4.51999999999999957
-0.01038598513900899,0.04069625935813106,-0.01425593476486423,2.33406122492924117,3.21559203732923349,2.84102229791072736,0.25000000000000000,4.51999999999999957
-0.01015176306640989,0.04101551388743278,-0.01397101417472816,2.35031456233371783,3.16951542081173709,2.85730837618743028,0.25000000000000000,4.51999999999999957
-0.00991593527085282,0.04133016590730013,-0.01368448919668395,2.36617656886170380,3.12354274955279276,2.87311124019263353,0.25000000000000000,4.51999999999999957
-0.00967854062086568,0.04164022607901830,-0.01339640779826751,2.38165252696278840,3.07767932378017717,2.88843795429055605,0.25000000000000000,4.51999999999999957
-0.00943961745936854,0.04194570558351747,-0.01310681724462671,2.39674766621270230,3.03193023725972877,2.90329550177985185,0.25000000000000000,4.51999999999999957
-0.00919920360899864,0.04224661610105176,-0.01281576410665535,2.41146716257793869,2.98630038376843610,2.91769078436476192,0.25000000000000000,4.51999999999999957
-0.00895733637750402,0.04254296979151666,-0.01252329426917429,2.42581613777726979,2.94079446339143091,2.93163062173928690,0.25000000000000000,4.51999999999999957
-0.00871405256319642,0.04283477927538745,-0.01222945293914886,2.43979965873442417,2.89541698864581054,2.94512175127722298,0.25000000000000000,4.51999999999999957
-0.00846938846045453,0.04312205761526145,-0.01193428465393219,2.45342273711646630,2.85017229043434028,2.95817082782125196,0.25000000000000000,4.51999999999999957
-0.00822337986526935,0.04340481829798740,-0.01163783328952501,2.46669032895267204,2.80506452383216498,2.97078442356462302,0.25000000000000000,4.51999999999999957
-0.00797606208082389,0.04368307521736511,-0.01134014206884284,2.47960733432895752,2.76009767370974224,2.98296902801929020,0.25000000000000000,4.51999999999999957
-0.00772746992309980,0.04395684265739946,-0.01104125356998240,2.49217859715315448,2.71527556019527161,2.99473104806468449,0.25000000000000000,4.51999999999999957
-0.00747763772650414,0.04422613527609275,-0.01074120973447920,2.50440890498665825,2.67060184397993705,3.00607680807159872,0.25000000000000000,4.51999999999999957
-0.00722659934950980,0.04449096808975978,-0.01044005187554932,2.51630298893820159,2.62608003146931823,3.01701255009595215,0.25000000000000000,4.51999999999999957
-0.00697438818030370,0.04475135645785068,-0.01013782068630846,2.52786552361571548,2.58171347978435373,3.02754443413747909,0.25000000000000000,4.51999999999999957
-0.00672103714243695,0.04500731606826625,-0.00983455624796211,2.53910112713245084,2.53750540161524762,3.03767853845864666,0.25000000000000000,4.51999999999999957
-0.00646657870047189,0.04525886292315163,-0.00953029803796099,2.55001436116372249,2.49345886993171995,3.04742085995935730,0.25000000000000000,4.51999999999999957
-0.00621104486562112,0.04550601332515392,-0.00922508493811641,2.56060973105083178,2.44957682255299503,3.05677731460323843,0.25000000000000000,4.51999999999999957
-0.00595446720137379,0.04574878386412987,-0.00891895524267054,2.57089168594890083,2.40586206658091539,3.06575373789154160,0.25000000000000000,4.51999999999999957
-0.00569687682910518,0.04598719140429025,-0.00861194666631719,2.58086461901551933,2.36231728269954511,3.07435588538089899,0.25000000000000000,4.51999999999999957
-0.00543830443366538,0.04622125307176762,-0.00830409635216860,2.59053286763727586,2.31894502934460611,3.08258943324138990,0.25000000000000000,4.51999999999999957
-0.00517878026894361,0.04645098624259463,-0.00799544087966471,2.59990071369139919,2.27574774674606406,3.09045997885157098,0.25000000000000000,4.51999999999999957
-0.00491833416340471,0.04667640853108046,-0.00768601627242109,2.60897238383987951,2.23272776084713875,3.09797304142731189,0.25000000000000000,4.51999999999999957
-0.00465699552559471,0.04689753777857304,-0.00737585800601253,2.61775204985358823,2.18988728710298197,3.10513406268145609,0.25000000000000000,4.51999999999999957
-0.00439479334961253,0.04711439204259529,-0.00706500101568910,2.62624382896405084,2.14722843416222320,3.11194840751150048,0.25000000000000000,4.51999999999999957
-0.00413175622054532,0.04732698958634377,-0.00675347970402230,2.63445178424065052,2.10475320743453143,3.11842136471265130,0.25000000000000000,4.51999999999999957
-0.00386791231986478,0.04753534886853855,-0.00644132794847864,2.64237992499117036,2.06246351254730342,3.12455814771376339,0.25000000000000000,4.51999999999999957
-0.00360328943078244,0.04773948853361332,-0.00612857910891863,2.65003220718369326,2.02036115869452582,3.13036389533382353,0.25000000000000000,4.51999999999999957
-0.00333791494356166,0.04793942740223508,-0.00581526603501915,2.65741253388799770,1.97844786188081723,3.13584367255677465,0.25000000000000000,4.51999999999999957
-0.00307181586078470,0.04813518446214315,-0.00550142107361756,2.66452475573468517,1.93672524806359103,3.14100247132260835,0.25000000000000000,4.51999999999999957
-0.00280501880257298,0.04832677885929745,-0.00518707607597588,2.67137267139038359,1.89519485619623063,3.14584521133278772,0.25000000000000000,4.51999999999999957
-0.00253755001175910,0.04851422988932624,-0.00487226240496391,2.67796002804746403,1.85385814117510828,3.15037674086816999,0.25000000000000000,4.51999999999999957
-0.00226943535900924,0.04869755698926382,-0.00455701094215988,2.68429052192679585,1.81271647669322045,3.15460183761772095,0.25000000000000000,4.51999999999999957
-0.00200070034789468,0.04887677972956913,-0.00424135209486787,2.69036779879216015,1.77177115800315299,3.15852520951641980,0.25000000000000000,4.51999999999999957
-0.00173137011991135,0.04905191780641616,-0.00392531580305092,2.69619545447501796,1.73102340459203097,3.16215149559084718,0.25000000000000000,4.51999999999999957
-0.00146146945944643,0.04922299103424759,-0.00360893154617938,2.70177703540840719,1.69047436277104768,3.16548526681105757,0.25000000000000000,4.51999999999999957
-0.00119102279869120,0.04939001933858320,-0.00329222834999374,2.70711603916882337,1.65012510818210578,3.16853102694741828,0.25000000000000000,4.51999999999999957
-0.00092005422249924,0.04955302274907493,-0.00297523479318159,2.71221591502499892,1.60997664822404518,3.17129321343118908,0.25000000000000000,4.51999999999999957
-0.00064858747318959,0.04971202139280059,-0.00265797901396838,2.71708006449257455,1.57002992440087152,3.17377619821769796,0.25000000000000000,4.51999999999999957
-0.00037664595529404,0.04986703548778867,-0.00234048871662182,2.72171184189370985,1.53028581459433988,3.17598428865104276,0.25000000000000000,4.51999999999999957
-0.00010425274024842,0.05001808533676665,-0.00202279117786969,2.72611455492074750,1.49074513526318864,3.17792172832932796,0.25000000000000000,4.51999999999999957
0.00016856942897285,0.05016519132112569,-0.00170491325323125,2.73029146520309407,1.45140864357125943,3.17959269796950750,0.25000000000000000,4.51999999999999957
0.00044179813327881,0.05030837389509468,-0.00138688138326212,2.73424578887654635,1.41227703944668193,3.18100131627097760,0.25000000000000000,4.51999999999999957
0.00071541127294120,0.05044765358011680,-0.00106872159971295,2.73798069715432923,1.37335096757424502,3.18215164077711599,0.25000000000000000,4.51999999999999957
0.00098938706313081,0.05058305095942218,-0.00075045953160205,2.74149931689917148,1.33463101932301709,3.18304766873403455,0.25000000000000000,4.51999999999999957
0.00126370402951101,0.05071458667278997,-0.00043212041120234,2.74480473119578461,1.29611773461122426,3.18369333794585518,0.25000000000000000,4.51999999999999957
0.00153834100388859,0.05084228141149405,-0.00011372907994294,2.74789997992315493,1.25781160371034018,3.18409252762588135,0.25000000000000000,4.51999999999999957
0.00181327711992177,0.05096615591342606,0.00020469000577411,2.75078806032609879,1.21971306899028686,3.18424905924307566,0.25000000000000000,4.51999999999999957
0.00208849180888533,0.05108623095839014,0.00052311276884152,2.75347192758557524,1.18182252660759035,3.18416669736331182,0.25000000000000000,4.51999999999999957
0.00236396479549262,0.05120252736356366,0.00084151550579827,2.75595449538727744,1.14414032813828825,3.18384915048490447,0.25000000000000000,4.51999999999999957
0.00263967609377444,0.05131506597911858,0.00115987488126440,2.75823863648806800,1.10666678215732928,3.18330007186796538,0.25000000000000000,4.51999999999999957
0.00291560600301432,0.05142386768399822,0.00147816792245833,2.76032718327984705,1.06940215576615794,3.18252306035716881,0.25000000000000000,4.51999999999999957
0.00319173510374014,0.05152895338184407,0.00179637201379622,2.76222292835048400,1.03234667607012831,3.18152166119755497,0.25000000000000000,4.51999999999999957
0.00346804425377158,0.05163034399706811,0.00211446489157246,2.76392862504145898,0.99550053160734175,3.18029936684301928,0.25000000000000000,4.51999999999999957
0.00374451458432329,0.05172806047106555,0.00243242463872067,2.76544698800190192,0.95886387373045656,3.17885961775718462,0.25000000000000000,4.51999999999999957
0.00402112749616312,0.05182212375856343,0.00275022967965440,2.76678069373873070,0.92243681794297294,3.17720580320637058,0.25000000000000000,4.51999999999999957
0.00429786465582528,0.05191255482410071,0.00306785877518671,2.76793238116262152,0.88621944519144980,3.17534126204440792,0.25000000000000000,4.51999999999999957
0.00457470799187783,0.05199937463863542,0.00338529101752779,2.76890465212956549,0.85021180311506839,3.17326928348907256,0.25000000000000000,4.51999999999999957
0.00485163969124407,0.05208260417627465,0.00370250582535984,2.76970007197778756,0.81441390725391327,3.17099310788993982,0.25000000000000000,4.51999999999999957
0.00512864219557744,0.05216226441112334,0.00401948293898828,2.77032117005982226,0.77882574221730005,3.16851592748747901,0.25000000000000000,4.51999999999999957
0.00540569819768932,0.05223837631424812,0.00433620241556841,2.77077044026956276,0.74344726281343931,3.16584088716323286,0.25000000000000000,4.51999999999999957
0.00568279063802932,0.05231096085075199,0.00465264462440665,2.77105034156411634,0.70827839514168622,3.16297108518095182,0.25000000000000000,4.51999999999999957
0.00595990270121745,0.05238003897695664,0.00496879024233546,2.77116329848031562,0.67331903764858658,3.15990957391855964,0.25000000000000000,4.51999999999999957
0.00623701781262773,0.05244563163768842,0.00528462024916094,2.77111170164575071,0.63856906214889309,3.15665936059086016,0.25000000000000000,4.51999999999999957
0.00651411963502255,0.05250775976366484,0.00560011592318228,2.77089790828420801,0.60402831481268859,3.15322340796290090,0.25000000000000000,4.51999999999999957
0.00679119206523732,0.05256644426897811,0.00591525883678205,2.77052424271540332,0.56969661711971875,3.14960463505392818,0.25000000000000000,4.51999999999999957
0.00706821923091484,0.05262170604867246,0.00623003085208646,2.76999299684892408,0.53557376678200075,3.14580591783188757,0.25000000000000000,4.51999999999999957
0.00734518548728872,0.05267356597641220,0.00654441411669448,2.76930643067229720,0.50165953863574164,3.14183008989842794,0.25000000000000000,4.51999999999999957
0.00762207541401533,0.05272204490223754,0.00685839105947517,2.76846677273311625,0.46795368550356831,3.13767994316438958,0.25000000000000000,4.51999999999999957
0.00789887381205368,0.05276716365040511,0.00717194438643189,2.76747622061517040,0.43445593902803753,3.13335822851576351,0.25000000000000000,4.51999999999999957
0.00817556570059255,0.05280894301731049,0.00748505707663274,2.76633694140852926,0.40116601047736600,3.12886765647011877,0.25000000000000000,4.51999999999999957
0.00845213631402443,0.05284740376948991,0.00779771237820619,2.76505107217354329,0.36808359152428871,3.12421089782351258,0.25000000000000000,4.51999999999999957
0.00872857109896546,0.05288256664169859,0.00810989380440079,2.76362072039873574,0.33520835499892582,3.11939058428789595,0.25000000000000000,4.51999999999999957
0.00900485571132086,0.05291445233506305,0.00842158512970831,2.76204796445255996,0.30253995561651031,3.11440930911904834,0.25000000000000000,4.51999999999999957
0.00928097601339533,0.05294308151530499,0.00873277038604910,2.76033485402901491,0.27007803068080072,3.10926962773507398,0.25000000000000000,4.51999999999999957
0.00955691807104755,0.05296847481103435,0.00904343385901885,2.75848341058711100,0.23782220076397759,3.10397405832550533,0.25000000000000000,4.51999999999999957
0.00983266815088845,0.05299065281210917,0.00935356008419581,2.75649562778418566,0.20577207036379613,3.09852508245106151,0.25000000000000000,4.51999999999999957
0.01010821271752242,0.05300963606806011,0.00966313384350747,2.75437347190307946,0.17392722853874279,3.09292514563412357,0.25000000000000000,4.51999999999999957
0.01038353843083098,0.05302544508657738,0.00997214016165595,2.75211888227318280,0.14228724952191932,3.08717665793998242,0.25000000000000000,4.51999999999999957
0.01065863214329825,0.05303810033205803,0.01028056430260088,2.74973377168537558,0.11085169331435485,3.08128199454893537,0.25000000000000000,4.51999999999999957
0.01093348089737756,0.05304762222421159,0.01058839176609918,2.74722002680087884,0.07962010625842331,3.07524349631929717,0.25000000000000000,4.51999999999999957
0.01120807192289867,0.05305403113672205,0.01089560828430064,2.74457950855404986,0.04859202159202199,3.06906347034140881,0.25000000000000000,4.51999999999999957
0.01148239263451503,0.05305734739596438,0.01120219981839839,2.74181405254915100,0.01776695998414552,3.06274419048272284,0.25000000000000000,4.51999999999999957
0.01175643062919028,0.05305759127977362,0.01150815255533360,2.73892546945112914,-0.01285556994753086,3.05628789792405042,0.25000000000000000,4.51999999999999957
0.01203017368372367,0.05305478301626493,0.01181345290455314,2.73591554537044646,-0.04327607113646517,3.04969680168706025,0.25000000000000000,4.51999999999999957
0.01230360975231358,0.05304894278270279,0.01211808749481981,2.73278604224200539,-0.07349505758388494,3.04297307915312132,0.25000000000000000,4.51999999999999957
0.01257672696415866,0.05304009070441768,0.01242204317107377,2.72953869819821016,-0.10351305389169051,3.03611887657358093,0.25000000000000000,4.51999999999999957
0.01284951362109603,0.05302824685376875,0.01272530699134480,2.72617522793622147,-0.13333059481108747,3.02913630957157931,0.25000000000000000,4.51999999999999957
0.01312195819527582,0.05301343124915078,0.01302786622371415,2.72269732307944690,-0.16294822480642851,3.02202746363549490,0.25000000000000000,4.51999999999999957
0.01339404932687167,0.05299566385404407,0.01332970834332545,2.71910665253332873,-0.19236649763376146,3.01479439460412735,0.25000000000000000,4.51999999999999957
0.01366577582182648,0.05297496457610579,0.01363082102944360,2.71540486283547855,-0.22158597593359711,3.00743912914371236,0.25000000000000000,4.51999999999999957
0.01393712664963291,0.05295135326630125,0.01393119216256110,2.71159357850022031,-0.25060723083742631,2.99996366521687996,0.25000000000000000,4.51999999999999957
0.01420809094114802,0.05292484971807399,0.01423080982155077,2.70767440235759915,-0.27943084158753095,2.99236997254365678,0.25000000000000000,4.51999999999999957
0.01447865798644159,0.05289547366655310,0.01452966228086421,2.70364891588691902,-0.30805739516964875,2.98465999305461960,0.25000000000000000,4.51999999999999957
0.01474881723267748,0.05286324478779681,0.01482773800777519,2.69951867954486691,-0.33648748595806605,2.97683564133630663,0.25000000000000000,4.51999999999999957
0.01501855828202756,0.05282818269807080,0.01512502565966721,2.69528523308829238,-0.36472171537272674,2.96889880506899440,0.25000000000000000,4.51999999999999957
0.01528787088961766,0.05279030695316032,0.01542151408136446,2.69095009589170298,-0.39276069154795923,2.96085134545694650,0.25000000000000000,4.51999999999999957
0.01555674496150495,0.05274963704771487,0.01571719230250537,2.68651476725954153,-0.42060502901243602,2.95269509765124472,0.25000000000000000,4.51999999999999957
0.01582517055268638,0.05270619241462427,0.01601204953495820,2.68198072673331334,-0.44825534837999359,2.94443187116530858,0.25000000000000000,4.51999999999999957
0.01609313786513749,0.05265999242442521,0.01630607517027767,2.67734943439362505,-0.47571227605095234,2.93606345028321325,0.25000000000000000,4.51999999999999957
0.01636063724588127,0.05261105638473707,0.01659925877720222,2.67262233115720882,-0.50297644392358798,2.92759159446091299,0.25000000000000000,4.51999999999999957
0.01662765918508634,0.05255940353972616,0.01689159009919093,2.66780083906899312,-0.53004848911541791,2.91901803872047827,0.25000000000000000,4.51999999999999957
0.01689419431419422,0.05250505306959733,0.01718305905199955,2.66288636158929393,-0.55692905369397616,2.91034449403745432,0.25000000000000000,4.51999999999999957
0.01716023340407503,0.05244802409011206,0.01747365572129496,2.65788028387618702,-0.58361878441676229,2.90157264772144963,0.25000000000000000,4.51999999999999957
0.01742576736321115,0.05238833565213207,0.01776337036030728,2.65278397306313884,-0.61011833248005964,2.89270416379005813,0.25000000000000000,4.51999999999999957
0.01769078723590850,0.05232600674118768,0.01805219338751916,2.64759877853195391,-0.63642835327632752,2.88374068333622580,0.25000000000000000,4.51999999999999957
0.01795528420053476,0.05226105627706991,0.01834011538439135,2.64232603218111706,-0.66254950615988362,2.87468382488916374,0.25000000000000000,4.51999999999999957
0.01821924956778434,0.05219350311344576,0.01862712709312416,2.63696704868958998,-0.68848245422059995,2.86553518476891300,0.25000000000000000,4.51999999999999957
0.01848267477896936,0.05212336603749559,0.01891321941445396,2.63152312577613667,-0.71422786406534622,2.85629633743466682,0.25000000000000000,4.51999999999999957
0.01874555140433647,0.05205066376957203,0.01919838340548428,2.62599554445424177,-0.73978640560692399,2.84696883582695337,0.25000000000000000,4.51999999999999957
0.01900787114140886,0.05197541496287968,0.01948261027755083,2.62038556928268918,-0.76515875186024052,2.83755421170377931,0.25000000000000000,4.51999999999999957
0.01926962581335312,0.05189763820317476,0.01976589139411974,2.61469444861187128,-0.79034557874548328,2.82805397597083896,0.25000000000000000,4.51999999999999957
0.01953080736737060,0.05181735200848415,0.02004821826871866,2.60892341482589263,-0.81534756489806104,2.81846961900588555,0.25000000000000000,4.51999999999999957
0.01979140787311266,0.05173457482884313,0.02032958256289992,2.60307368458053556,-0.84016539148508651,2.80880261097736872,0.25000000000000000,4.51999999999999957
0.02005141952111957,0.05164932504605105,0.02060997608423526,2.59714645903715269,-0.86479974202818277,2.79905440215743262,0.25000000000000000,4.51999999999999957
0.02031083462128265,0.05156162097344456,0.02088939078434169,2.59114292409255498,-0.88925130223240312,2.78922642322937397,0.25000000000000000,4.51999999999999957
0.02056964560132906,0.05147148085568753,0.02116781875693770,2.58506425060495593,-0.91352075982105974,2.77932008558965604,0.25000000000000000,4.51999999999999957
0.02082784500532915,0.05137892286857723,0.02144525223592946,2.57891159461603792,-0.93760880437626526,2.76933678164457353,0.25000000000000000,4.51999999999999957
0.02108542549222571,0.05128396511886625,0.02172168359352645,2.57268609756920741,-0.96151612718499646,2.75927788510166216,0.25000000000000000,4.51999999999999957
0.02134237983438491,0.05118662564409943,0.02199710533838588,2.56638888652409802,-0.98524342109049523,2.74914475125594615,0.25000000000000000,4.51999999999999957
0.02159870091616849,0.05108692241246549,0.02227151011378560,2.56002107436738546,-1.00879138034882954,2.73893871727111504,0.25000000000000000,4.51999999999999957
0.02185438173252686,0.05098487332266265,0.02254489069582478,2.55358376001997778,-1.03216070049044228,2.72866110245571925,0.25000000000000000,4.51999999999999957
0.02210941538761275,0.05088049620377801,0.02281723999165200,2.54707802864064004,-1.05535207818652066,2.71831320853447567,0.25000000000000000,4.51999999999999957
0.02236379509341499,0.05077380881517988,0.02308855103772028,2.54050495182611602,-1.07836621112002518,2.70789631991476876,0.25000000000000000,4.51999999999999957
0.02261751416841220,0.05066482884642287,0.02335881699806840,2.53386558780780424,-1.10120379786122413,2.69741170394843577,0.25000000000000000,4.51999999999999957
0.02287056603624592,0.05055357391716526,0.02362803116262830,2.52716098164504999,-1.12386553774758102,2.68686061118892061,0.25000000000000000,4.51999999999999957
0.02312294422441300,0.05044006157709804,0.02389618694555789,2.52039216541511024,-1.14635213076784948,2.67624427564387979,0.25000000000000000,4.51999999999999957
0.02337464236297665,0.05032430930588545,0.02416327788359890,2.51356015839985059,-1.16866427745023715,2.66556391502332568,0.25000000000000000,4.51999999999999957
0.02362565418329619,0.05020633451311644,0.02442929763445937,2.50666596726922908,-1.19080267875449985,2.65482073098338800,0.25000000000000000,4.51999999999999957
0.02387597351677485,0.05008615453826678,0.02469423997522026,2.49971058626162534,-1.21276803596783544,2.64401590936577069,0.25000000000000000,4.51999999999999957
0.02412559429362553,0.04996378665067132,0.02495809880076576,2.49269499736106948,-1.23456105060444954,2.63315062043298864,0.25000000000000000,4.51999999999999957
0.02437451054165408,0.04983924804950621,0.02522086812223704,2.48562017047142403,-1.25618242430867233,2.62222601909945974,0.25000000000000000,4.51999999999999957
0.02462271638505985,0.04971255586378056,0.02548254206550876,2.47848706358757642,-1.27763285876150334,2.61124324515852724,0.25000000000000000,4.51999999999999957
0.02487020604325330,0.04958372715233732,0.02574311486968817,2.47129662296369190,-1.29891305559047376,2.60020342350549249,0.25000000000000000,4.51999999999999957
0.02511697382969013,0.04945277890386300,0.02600258088563632,2.46404978327858037,-1.32002371628271042,2.58910766435672679,0.25000000000000000,4.51999999999999957
0.02536301415072197,0.04931972803690592,0.02626093457451089,2.45674746779822994,-1.34096554210109842,2.57795706346494047,0.25000000000000000,4.51999999999999957
0.02560832150446304,0.04918459139990269,0.02651817050633052,2.44939058853555514,-1.36173923400343444,2.56675270233067820,0.25000000000000000,4.51999999999999957
0.02585289047967278,0.04904738577121267,0.02677428335855995,2.44198004640741440,-1.38234549256447292,2.55549564841011057,0.25000000000000000,4.51999999999999957
0.02609671575465394,0.04890812785916004,0.02702926791471583,2.43451673138894176,-1.40278501790076615,2.54418695531919559,0.25000000000000000,4.51999999999999957
0.02633979209616604,0.04876683430208326,0.02728311906299279,2.42700152266524372,-1.42305850959820512,2.53282766303427387,0.25000000000000000,4.51999999999999957
0.02658211435835382,0.04862352166839166,0.02753583179490932,2.41943528878050840,-1.44316666664217008,2.52141879808916514,0.25000000000000000,4.51999999999999957
0.02682367748169052,0.04847820645662886,0.02778740120397327,2.41181888778457454,-1.46311018735020237,2.50996137376883643,0.25000000000000000,4.51999999999999957
0.02706447649193566,0.04833090509554286,0.02803782248436646,2.40415316737700735,-1.48288976930711347,2.49845639029970146,0.25000000000000000,4.51999999999999957
0.02730450649910711,0.04818163394416240,0.02828709092964826,2.39643896504872433,-1.50250610930244810,2.48690483503661763,0.25000000000000000,4.51999999999999957
0.02754376269646721,0.04803040929187956,0.02853520193147760,2.38867710822121726,-1.52195990327022224,2.47530768264664225,0.25000000000000000,4.51999999999999957
0.02778224035952269,0.04787724735853822,0.02878215097835326,2.38086841438341779,-1.54125184623085998,2.46366589528961111,0.25000000000000000,4.51999999999999957
0.02801993484503816,0.04772216429452826,0.02902793365437205,2.37301369122624273,-1.56038263223525298,2.45198042279559747,0.25000000000000000,4.51999999999999957
0.02825684159006295,0.04756517618088517,0.02927254563800459,2.36511373677486869,-1.57935295431087330,2.44025220283931299,0.25000000000000000,4.51999999999999957
0.02849295611097103,0.04740629902939504,0.02951598270088835,2.35716933951877472,-1.59816350440986832,2.42848216111150705,0.25000000000000000,4.51999999999999957
0.02872827400251390,0.04724554878270462,0.02975824070663771,2.34918127853959513,-1.61681497335907065,2.41667121148742226,0.25000000000000000,4.51999999999999957
0.02896279093688604,0.04708294131443624,0.02999931560967070,2.34115032363682074,-1.63530805081185915,2.40482025619236284,0.25000000000000000,4.51999999999999957
0.02919650266280296,0.04691849242930752,0.03023920345405219,2.33307723545139245,-1.65364342520180774,2.39293018596443030,0.25000000000000000,4.51999999999999957
0.02942940500459140,0.04675221786325555,0.03047790037235317,2.32496276558722448,-1.67182178369806045,2.38100188021448078,0.25000000000000000,4.51999999999999957
0.02966149386129161,0.04658413328356555,0.03071540258452592,2.31680765673069278,-1.68984381216237622,2.36903620718335750,0.25000000000000000,4.51999999999999957
0.02989276520577154,0.04641425428900364,0.03095170639679474,2.30861264276813172,-1.70771019510778399,2.35703402409645024,0.25000000000000000,4.51999999999999957
0.03012321508385256,0.04624259640995378,0.03118680820056205,2.30037844890137322,-1.72542161565879626,2.34499617731563204,0.25000000000000000,4.51999999999999957
0.03035283961344675,0.04606917510855845,0.03142070447132952,2.29210579176136386,-1.74297875551312464,2.33292350248862412,0.25000000000000000,4.51999999999999957
0.03058163498370542,0.04589400577886328,0.03165339176763400,2.28379537951989908,-1.76038229490484976,2.32081682469584027,0.25000000000000000,4.51999999999999957
0.03080959745417866,0.04571710374696514,0.03188486672999805,2.27544791199950636,-1.77763291256899358,2.30867695859475441,0.25000000000000000,4.51999999999999957
0.03103672335398589,0.04553848427116379,0.03211512607989476,2.26706408078151433,-1.79473128570744600,2.29650470856184352,0.25000000000000000,4.51999999999999957
0.03126300908099702,0.04535816254211680,0.03234416661872663,2.25864456931234070,-1.81167808995620261,2.28430086883214845,0.25000000000000000,4.51999999999999957
0.03148845110102420,0.04517615368299777,0.03257198522681833,2.25019005300803121,-1.82847399935386390,2.27206622363650279,0.25000000000000000,4.51999999999999957
0.03171304594702401,0.04499247274965758,0.03279857886242302,2.24170119935708678,-1.84511968631135792,2.25980154733646943,0.25000000000000000,4.51999999999999957
0.03193679021830968,0.04480713473078862,0.03302394456074211,2.23317866802160436,-1.86161582158284045,2.24750760455703213,0.25000000000000000,4.51999999999999957
0.03215968057977350,0.04462015454809185,0.03324807943295812,2.22462311093676979,-1.87796307423773445,2.23518515031708542,0.25000000000000000,4.51999999999999957
0.03238171376111901,0.04443154705644668,0.03347098066528050,2.21603517240872794,-1.89416211163386872,2.22283493015776212,0.25000000000000000,4.51999999999999957
0.03260288655610295,0.04424132704408338,0.03369264551800421,2.20741548921086439,-1.91021359939167934,2.21045768026864264,0.25000000000000000,4.51999999999999957
0.03282319582178667,0.04404950923275807,0.03391307132458075,2.19876469067852787,-1.92611820136943579,2.19805412761188679,0.25000000000000000,4.51999999999999957
0.03304263847779709,0.04385610827793017,0.03413225549070158,2.19008339880222014,-1.94187657963945748,2.18562499004432542,0.38000000000000000,5.40000000000000036
0.03326118815272779,0.04366114289973885,0.03435014233809022,2.18090517158752650,-1.95740676786162204,2.17210786997941829,0.38000000000000000,5.40000000000000036
0.03347881853611769,0.04346463175568152,0.03456667625866922,2.17169766432813294,-1.97279201625295619,2.15856656885691844,0.38000000000000000,5.40000000000000036
0.03369552672873033,0.04326658930399840,0.03478185486866758,2.16246145104101695,-1.98803303921927221,2.14500177170681505,0.38000000000000000,5.40000000000000036
0.03391130988832977,0.04306702993162539,0.03499567585232015,2.15319709773775081,-2.00313054843333216,2.13141415364036435,0.38000000000000000,5.40000000000000036
0.03412616522888551,0.04286596795446961,0.03520813696088294,2.14390516253330032,-2.01808525279083639,2.11780437999286208,0.38000000000000000,5.40000000000000036
0.03434009001978817,0.04266341761768922,0.03541923601166257,2.13458619575332698,-2.03289785836830283,2.10417310646436739,0.38000000000000000,5.40000000000000036
0.03455308158507590,0.04245939309597738,0.03562897088705966,2.12524074004000596,-2.04756906838277875,2.09052097925840830,0.38000000000000000,5.40000000000000036
0.03476513730267126,0.04225390849385013,0.03583733953362611,2.11586933045638270,-2.06209958315333175,2.07684863521869278,0.38000000000000000,5.40000000000000036
0.03497625460362842,0.04204697784593804,0.03604433996113578,2.10647249458928165,-2.07649010006427037,2.06315670196385659,0.38000000000000000,5.40000000000000036
0.03518643097139069,0.04183861511728146,0.03624997024166871,2.09705075265079133,-2.09074131353003745,2.04944579802027027,0.38000000000000000,5.40000000000000036
0.03539566394105800,0.04162883420362919,0.03645422850870839,2.08760461757833760,-2.10485391496173158,2.03571653295293320,0.38000000000000000,5.40000000000000036
0.03560395109866441,0.04141764893174042,0.03665711295625216,2.07813459513336651,-2.11882859273520685,2.02196950749448323,0.38000000000000000,5.40000000000000036
0.03581129008046541,0.04120507305968979,0.03685862183793430,2.06864118399865404,-2.13266603216070294,2.00820531367234434,0.38000000000000000,5.40000000000000036
0.03601767857223482,0.04099112027717541,0.03705875346616180,2.05912487587426041,-2.14636691545395886,1.99442453493403993,0.38000000000000000,5.40000000000000036
0.03622311430857127,0.04077580420582968,0.03725750621126255,2.04958615557214463,-2.15993192170876958,1.98062774627069782,0.38000000000000000,5.40000000000000036
0.03642759507221410,0.04055913839953282,0.03745487850064583,2.04002550110945968,-2.17336172687093843,1.96681551433877067,0.38000000000000000,5.40000000000000036
0.03663111869336842,0.04034113634472890,0.03765086881797483,2.03044338380054290,-2.18665700371358396,1.95298839757999776,0.38000000000000000,5.40000000000000036
0.03683368304903947,0.04012181146074429,0.03784547570235110,2.02084026834762165,-2.19981842181376175,1.93914694633963358,0.38000000000000000,5.40000000000000036
0.03703528606237580,0.03990117710010838,0.03803869774751078,2.01121661293024667,-2.21284664753035942,1.92529170298296504,0.38000000000000000,5.40000000000000036
0.03723592570202148,0.03967924654887647,0.03823053360103230,2.00157286929347578,-2.22574234398322757,1.91142320201014559,0.38000000000000000,5.40000000000000036
0.03743559998147698,0.03945603302695464,0.03842098196355560,1.99190948283481917,-2.23850617103350658,1.89754197016936632,0.38000000000000000,5.40000000000000036
0.03763430695846872,0.03923154968842656,0.03861004158801248,1.98222689268996644,-2.25113878526511524,1.88364852656839044,0.38000000000000000,5.40000000000000036
0.03783204473432714,0.03900580962188212,0.03879771127886807,1.97252553181731005,-2.26364083996736420,1.86974338278447338,0.38000000000000000,5.40000000000000036
0.03802881145337311,0.03877882585074766,0.03898398989137325,1.96280582708128204,-2.27601298511865835,1.85582704297269196,0.38000000000000000,5.40000000000000036
0.03822460530231268,0.03855061133361790,0.03916887633082772,1.95306819933451981,-2.28825586737125652,1.84190000397270603,0.38000000000000000,5.40000000000000036
0.03841942450963996,0.03832117896458920,0.03935236955185380,1.94331306349887734,-2.30037013003705448,1.82796275541397368,0.38000000000000000,5.40000000000000036
0.03861326734504805,0.03809054157359436,0.03953446855768056,1.93354082864529619,-2.31235641307435857,1.81401577981944495,0.38000000000000000,5.40000000000000036
0.03880613211884786,0.03785871192673848,0.03971517239943827,1.92375189807255431,-2.32421535307561866,1.80005955270775408,0.38000000000000000,5.40000000000000036
0.03899801718139483,0.03762570272663623,0.03989448017546311,1.91394666938490543,-2.33594758325609320,1.78609454269393297,0.38000000000000000,5.40000000000000036
0.03918892092252326,0.03739152661275002,0.04007239103061168,1.90412553456862588,-2.34755373344341356,1.77212121158866709,0.38000000000000000,5.40000000000000036
0.03937884177098838,0.03715619616172931,0.04024890415558553,1.89428888006748419,-2.35903443006801972,1.75814001449611634,0.38000000000000000,5.40000000000000036
0.03956777819391572,0.03691972388775071,0.04042401878626532,1.88443708685714650,-2.37039029615444052,1.74415139991032042,0.38000000000000000,5.40000000000000036
0.03975572869625808,0.03668212224285905,0.04059773420305456,1.87457053051853495,-2.38162195131339027,1.73015580981021033,0.38000000000000000,5.40000000000000036
0.03994269182025961,0.03644340361730903,0.04077004973023284,1.86468958131015161,-2.39273001173465616,1.71615367975324640,0.38000000000000000,5.40000000000000036
0.04012866614492715,0.03620358033990771,0.04094096473531824,1.85479460423938414,-2.40371509018075047,1.70214543896770309,0.38000000000000000,5.40000000000000036
0.04031365028550870,0.03596266467835751,0.04111047862843901,1.84488595913280529,-2.41457779598130307,1.68813151044362142,0.38000000000000000,5.40000000000000036
0.04049764289297872,0.03572066883959971,0.04127859086171424,1.83496400070548282,-2.42531873502816797,1.67411231102244695,0.38000000000000000,5.40000000000000036
0.04068064265353048,0.03547760497015849,0.04144530092864342,1.82502907862931218,-2.43593850977122450,1.66008825148537498,0.38000000000000000,5.40000000000000036
0.04086264828807509,0.03523348515648529,0.04161060836350477,1.81508153760038504,-2.44643771921484587,1.64605973664042016,0.38000000000000000,5.40000000000000036
0.04104365855174725,0.03498832142530351,0.04177451274076224,1.80512171740540994,-2.45681695891501484,1.63202716540823212,0.38000000000000000,5.40000000000000036
0.04122367223341758,0.03474212574395345,0.04193701367448102,1.79514995298719526,-2.46707682097706593,1.61799093090667245,0.38000000000000000,5.40000000000000036
0.04140268815521150,0.03449491002073751,0.04209811081775141,1.78516657450921090,-2.47721789405402992,1.60395142053417517,0.38000000000000000,5.40000000000000036
0.04158070517203446,0.03424668610526543,0.04225780386212100,1.77517190741923847,-2.48724076334556266,1.58990901605190604,0.38000000000000000,5.40000000000000036
0.04175772217110350,0.03399746578879968,0.04241609253703504,1.76516627251212599,-2.49714601059743968,1.57586409366474056,0.38000000000000000,5.40000000000000036
0.04193373807148512,0.03374726080460085,0.04257297660928475,1.75514998599165795,-2.50693421410159134,1.56181702410107759,0.38000000000000000,5.40000000000000036
0.04210875182363916,0.03349608282827301,0.04272845588246368,1.74512335953155406,-2.51660594869666721,1.54776817269150579,0.38000000000000000,5.40000000000000036
0.04228276240896885,0.03324394347810897,0.04288253019643178,1.73508670033560919,-2.52616178576910455,1.53371789944634185,0.38000000000000000,5.40000000000000036
0.04245576883937677,0.03299085431543548,0.04303519942678717,1.72504031119698586,-2.53560229325468978,1.51966655913205528,0.38000000000000000,5.40000000000000036
0.04262777015682673,0.03273682684495811,0.04318646348434561,1.71498449055667312,-2.54492803564058834,1.50561450134659802,0.38000000000000000,5.40000000000000036
0.04279876543291142,0.03248187251510609,0.04333632231462732,1.70491953256112239,-2.55413957396783253,1.49156207059365542,0.38000000000000000,5.40000000000000036
0.04296875376842586,0.03222600271837671,0.04348477589735121,1.69484572711907244,-2.56323746583424716,1.47750960635583417,0.38000000000000000,5.40000000000000036
0.04313773429294635,0.03196922879167950,0.04363182424593642,1.68476335995757531,-2.57222226539779797,1.46345744316680437,0.38000000000000000,5.40000000000000036
0.04330570616441514,0.03171156201668003,0.04377746740701099,1.67467271267723428,-2.58109452338034906,1.44940591068241020,0.38000000000000000,5.40000000000000036
0.04347266856873049,0.03145301362014333,0.04392170545992755,1.66457406280666631,-2.58985478707181072,1.43535533375076585,0.38000000000000000,5.40000000000000036
0.04363862071934214,0.03119359477427685,0.04406453851628605,1.65446768385619891,-2.59850360033466776,1.42130603248135290,0.38000000000000000,5.40000000000000036
0.04380356185685218,0.03093331659707295,0.04420596671946331,1.64435384537081286,-2.60704150360886899,1.40725832231313186,0.38000000000000000,5.40000000000000036
0.04396749124862112,0.03067219015265089,0.04434599024414931,1.63423281298234180,-2.61546903391706831,1.39321251408168600,0.38000000000000000,5.40000000000000036
0.04413040818837911,0.03041022645159834,0.04448460929589017,1.62410484846094016,-2.62378672487020204,1.37916891408540931,0.38000000000000000,5.40000000000000036
0.04429231199584238,0.03014743645131218,0.04462182411063775,1.61397020976582817,-2.63199510667338954,1.36512782415075584,0.38000000000000000,5.40000000000000036
0.04445320201633460,0.02988383105633883,0.04475763495430561,1.60382915109532620,-2.64009470613214425,1.35108954169656248,0.38000000000000000,5.40000000000000036
0.04461307762041331,0.02961942111871386,0.04489204212233146,1.59368192293618804,-2.64808604665888447,1.33705435979746112,0.38000000000000000,5.40000000000000036
0.04477193820350113,0.02935421743830098,0.04502504593924589,1.58352877211224352,-2.65596964827972881,1.32302256724639244,0.38000000000000000,5.40000000000000036
0.04492978318552197,0.02908823076313031,0.04515664675824725,1.57336994183235968,-2.66374602764156831,1.30899444861623726,0.38000000000000000,5.40000000000000036
0.04508661201054184,0.02882147178973592,0.04528684496078272,1.56320567173773139,-2.67141569801940060,1.29497028432057659,0.38000000000000000,5.40000000000000036
0.04524242414641440,0.02855395116349268,0.04541564095613539,1.55303619794851100,-2.67897916932391800,1.28095035067359575,0.38000000000000000,5.40000000000000036
0.04539721908443122,0.02828567947895227,0.04554303518101722,1.54286175310978613,-2.68643694810933642,1.26693491994914464,0.38000000000000000,5.40000000000000036
0.04555099633897652,0.02801666728017844,0.04566902809916801,1.53268256643691503,-2.69378953758145689,1.25292426043896654,0.38000000000000000,5.40000000000000036
0.04570375544718643,0.02774692506108144,0.04579362020096000,1.52249886376023058,-2.70103743760594694,1.23891863651011036,0.38000000000000000,5.40000000000000036
0.04585549596861268,0.02747646326575161,0.04591681200300828,1.51231086756911837,-2.70818114471683558,1.22491830866153673,0.38000000000000000,5.40000000000000036
0.04600621748489073,0.02720529228879209,0.04603860404778674,1.50211879705548301,-2.71522115212520854,1.21092353357993132,0.38000000000000000,5.40000000000000036
0.04615591959941215,0.02693342247565070,0.04615899690324965,1.49192286815660680,-2.72215794972809766,1.19693456419473732,0.38000000000000000,5.40000000000000036
0.04630460193700123,0.02666086412295088,0.04627799116245859,1.48172329359741273,-2.72899202411755404,1.18295164973241951,0.38000000000000000,5.40000000000000036
0.04645226414359593,0.02638762747882175,0.04639558744321489,1.47152028293213943,-2.73572385858989531,1.16897503576997197,0.38000000000000000,5.40000000000000036
0.04659890588593276,0.02611372274322716,0.04651178638769732,1.46131404258543673,-2.74235393315512033,1.15500496428767918,0.38000000000000000,5.40000000000000036
0.04674452685123594,0.02583916006829390,0.04662658866210499,1.45110477589288989,-2.74888272454648286,1.14104167372114507,0.38000000000000000,5.40000000000000036
0.04688912674691046,0.02556394955863885,0.04673999495630548,1.44089268314098096,-2.75531070623021401,1.12708539901259908,0.38000000000000000,5.40000000000000036
0.04703270530023913,0.02528810127169523,0.04685200598348805,1.43067796160649685,-2.76163834841538947,1.11313637166149082,0.38000000000000000,5.40000000000000036
0.04717526225808360,0.02501162521803777,0.04696262247982184,1.42046080559539023,-2.76786611806392990,1.09919481977438549,0.38000000000000000,5.40000000000000036
0.04731679738658914,0.02473453136170697,0.04707184520411906,1.41024140648110152,-2.77399447890073025,1.08526096811416872,0.38000000000000000,5.40000000000000036
0.04745731047089335,0.02445682962053224,0.04717967493750304,1.40001995274235180,-2.78002389142390838,1.07133503814857445,0.38000000000000000,5.40000000000000036
0.04759680131483850,0.02417852986645410,0.04728611248308112,1.38979663000041165,-2.78595481291516922,1.05741724809804283,0.38000000000000000,5.40000000000000036
0.04773526974068766,0.02389964192584528,0.04739115866562230,1.37957162105585529,-2.79178769745027422,1.04350781298292183,0.38000000000000000,5.40000000000000036
0.04787271558884442,0.02362017557983079,0.04749481433123956,1.36934510592480718,-2.79752299590961240,1.02960694467002112,0.38000000000000000,5.40000000000000036
0.04800913871757626,0.02334014056460694,0.04759708034707678,1.35911726187468829,-2.80316115598886428,1.01571485191852773,0.38000000000000000,5.40000000000000036
0.04814453900274145,0.02305954657175923,0.04769795760100027,1.34888826345946944,-2.80870262220975508,1.00183174042529455,0.38000000000000000,5.40000000000000036
0.04827891633751940,0.02277840324857927,0.04779744700129478,1.33865828255443864,-2.81414783593088780,0.98795781286951112,0.38000000000000000,5.40000000000000036
0.04841227063214459,0.02249672019838048,0.04789554947636394,1.32842748839049052,-2.81949723535865537,0.97409326895676618,0.38000000000000000,5.40000000000000036
0.04854460181364375,0.02221450698081281,0.04799226597443507,1.31819604758794262,-2.82475125555822082,0.96023830546251110,0.38000000000000000,5.40000000000000036
0.04867590982557651,0.02193177311217630,0.04808759746326829,1.30796412418988828,-2.82991032846456259,0.94639311627493450,0.38000000000000000,5.40000000000000036
0.04880619462777934,0.02164852806573352,0.04818154492986997,1.29773187969509141,-2.83497488289358079,0.93255789243725573,0.38000000000000000,5.40000000000000036
0.04893545619611269,0.02136478127202096,0.04827410938021030,1.28749947309042856,-2.83994534455325720,0.91873282218944818,0.38000000000000000,5.40000000000000036
0.04906369452221147,0.02108054211915922,0.04836529183894500,1.27726706088288755,-2.84482213605486489,0.90491809100939946,0.38000000000000000,5.40000000000000036
0.04919090961323858,0.02079581995316216,0.04845509334914117,1.26703479713112732,-2.84960567692422195,0.89111388165351813,0.38000000000000000,5.40000000000000036
0.04931710149164171,0.02051062407824485,0.04854351497200717,1.25680283347660593,-2.85429638361298554,0.87732037419679609,0.38000000000000000,5.40000000000000036
0.04944227019491308,0.02022496375713043,0.04863055778662641,1.24657131917428265,-2.85889466950998106,0.86353774607233424,0.38000000000000000,5.40000000000000036
0.04956641577535235,0.01993884821135583,0.04871622288969517,1.23634040112290089,-2.86340094495256281,0.84976617211034000,0.38000000000000000,5.40000000000000036
0.04968953829983250,0.01965228662157634,0.04880051139526418,1.22611022389485780,-2.86781561723799960,0.83600582457660533,0.38000000000000000,5.40000000000000036
0.04981163784956867,0.01936528812786906,0.04888342443448414,1.21588092976566631,-2.87213909063488426,0.82225687321047336,0.38000000000000000,5.40000000000000036
0.04993271451988990,0.01907786183003516,0.04896496315535492,1.20565265874301608,-2.87637176639456049,0.80851948526230089,0.38000000000000000,5.40000000000000036
0.05005276842001381,0.01879001678790111,0.04904512872247851,1.19542554859543859,-2.88051404276256351,0.79479382553042610,0.38000000000000000,5.40000000000000036
0.05017179967282409,0.01850176202161859,0.04912392231681565,1.18519973488058272,-2.88456631499007221,0.78108005639764733,0.38000000000000000,5.40000000000000036
0.05028980841465084,0.01821310651196345,0.04920134513544610,1.17497535097310557,-2.88852897534536757,0.76737833786722276,0.38000000000000000,5.40000000000000036
0.05040679479505359,0.01792405920063333,0.04927739839133245,1.16475252809218599,-2.89240241312529367,0.75368882759839650,0.38000000000000000,5.40000000000000036
0.05052275897660717,0.01763462899054432,0.04935208331308746,1.15453139532866333,-2.89618701466671924,0.74001168094146019,0.38000000000000000,5.40000000000000036
0.05063770113469018,0.01734482474612633,0.04942540114474493,1.14431207967180959,-2.89988316335799290,0.72634705097235630,0.38000000000000000,5.40000000000000036
0.05075162145727619,0.01705465529361738,0.04949735314553395,1.13409470603573959,-2.90349123965039535,0.71269508852683083,0.38000000000000000,5.40000000000000036
0.05086452014472748,0.01676412942135673,0.04956794058965661,1.12387939728546282,-2.90701162106957645,0.69905594223414258,0.38000000000000000,5.40000000000000036
0.05097639740959146,0.01647325588007691,0.04963716476606895,1.11366627426258469,-2.91044468222698294,0.68542975855033605,0.38000000000000000,5.40000000000000036
0.05108725347639962,0.01618204338319451,0.04970502697826535,1.10345545581065974,-2.91379079483126624,0.67181668179108434,0.38000000000000000,5.40000000000000036
0.05119708858146890,0.01589050060709995,0.04977152854406608,1.09324705880020434,-2.91705032769967287,0.65821685416410969,0.38000000000000000,5.40000000000000036
0.05130590297270569,0.01559863619144598,0.04983667079540813,1.08304119815337208,-2.92022364676941226,0.64463041580118741,0.38000000000000000,5.40000000000000036
0.05141369690941219,0.01530645873943519,0.04990045507813917,1.07283798686829623,-2.92331111510899833,0.63105750478974099,0.38000000000000000,5.40000000000000036
0.05152047066209523,0.01501397681810629,0.04996288275181472,1.06263753604310685,-2.92631309292956443,0.61749825720403340,0.38000000000000000,5.40000000000000036
0.05162622451227742,0.01472119895861924,0.05002395518949834,1.05243995489962439,-2.92922993759614769,0.60395280713596267,0.38000000000000000,5.40000000000000036
0.05173095875231071,0.01442813365653936,0.05008367377756492,1.04224535080673530,-2.93206200363893910,0.59042128672546690,0.38000000000000000,5.40000000000000036
0.05183467368519228,0.01413478937212022,0.05014203991550702,1.03205382930345557,-2.93480964276450074,0.57690382619054503,0.38000000000000000,5.40000000000000036
0.05193736962438264,0.01384117453058544,0.05019905501574412,1.02186549412168448,-2.93747320386694266,0.56340055385690002,0.38000000000000000,5.40000000000000036
0.05203904689362609,0.01354729752240940,0.05025472050343490,1.01168044720865513,-2.94005303303906196,0.54991159618721031,0.38000000000000000,5.40000000000000036
0.05213970582677332,0.01325316670359679,0.05030903781629234,1.00149878874908427,-2.94254947358343744,0.53643707781003536,0.38000000000000000,5.40000000000000036
0.05223934676760632,0.01295879039596111,0.05036200840440177,0.99132061718702769,-2.94496286602348123,0.52297712154836107,0.38000000000000000,5.40000000000000036
0.05233797006966530,0.01266417688740201,0.05041363373004171,0.98114602924744365,-2.94729354811444288,0.50953184844779142,0.38000000000000000,5.40000000000000036
0.05243557609607794,0.01236933443218155,0.05046391526750755,0.97097511995746955,-2.94954185485436593,0.49610137780439129,0.38000000000000000,5.40000000000000036
0.05253216521939060,0.01207427125119941,0.05051285450293793,0.96080798266741585,-2.95170811849499248,0.48268582719218667,0.38000000000000000,5.40000000000000036
0.05262773782140170,0.01177899553226697,0.05056045293414395,0.95064470907148124,-2.95379266855261635,0.46928531249032773,0.38000000000000000,5.40000000000000036
0.05272229429299712,0.01148351543038027,0.05060671207044098,0.94048538922819269,-2.95579583181888106,0.45589994790991983,0.38000000000000000,5.40000000000000036
0.05281583503398764,0.01118783906799199,0.05065163343248323,0.93033011158057510,-2.95771793237152147,0.44252984602052853,0.38000000000000000,5.40000000000000036
0.05290836045294844,0.01089197453528229,0.05069521855210085,0.92017896297605406,-2.95955929158504816,0.42917511777636308,0.38000000000000000,5.40000000000000036
0.05299987096706045,0.01059592989042860,0.05073746897213974,0.91003202868609501,-2.96132022814137130,0.41583587254214460,0.38000000000000000,5.40000000000000036
0.05309036700195375,0.01029971315987432,0.05077838624630386,0.89988939242558375,-2.96300105804036384,0.40251221811866322,0.38000000000000000,5.40000000000000036
0.05317984899155289,0.01000333233859656,0.05081797193900011,0.88975113637195113,-2.96460209461036017,0.38920426076802994,0.38000000000000000,5.40000000000000036
0.05326831737792408,0.00970679539037272,0.05085622762518571,0.87961734118404578,-2.96612364851859267,0.37591210523862795,0.38000000000000000,5.40000000000000036
0.05335577261112427,0.00941011024804611,0.05089315489021804,0.86948808602075878,-2.96756602778155987,0.36263585478976817,0.38000000000000000,5.40000000000000036
0.05344221514905205,0.00911328481379049,0.05092875532970700,0.85936344855940339,-2.96892953777532753,0.34937561121605470,0.38000000000000000,5.40000000000000036
0.05352764545730043,0.00881632695937361,0.05096303054936972,0.84924350501385393,-2.97021448124576226,0.33613147487146372,0.38000000000000000,5.40000000000000036
0.05361206400901136,0.00851924452641972,0.05099598216488765,0.83912833015244659,-2.97142115831869269,0.32290354469314203,0.38000000000000000,5.40000000000000036
0.05369547128473213,0.00822204532667107,0.05102761180176615,0.82901799731564640,-2.97254986650999964,0.30969191822492870,0.38000000000000000,5.40000000000000036
0.05377786777227337,0.00792473714224841,0.05105792109519623,0.81891257843348264,-2.97360090073563299,0.29649669164060533,0.38000000000000000,5.40000000000000036
0.05385925396656893,0.00762732772591044,0.05108691168991875,0.80881214404275736,-2.97457455332155529,0.28331795976687907,0.38000000000000000,5.40000000000000036
0.05393963036953738,0.00732982480131241,0.05111458524009081,0.79871676330402896,-2.97547111401360853,0.27015581610610284,0.38000000000000000,5.40000000000000036
0.05401899748994522,0.00703223606326353,0.05114094340915451,0.78862650401837497,-2.97629086998730408,0.25701035285873763,0.38000000000000000,5.40000000000000036
0.05409735584327181,0.00673456917798360,0.05116598786970779,0.77854143264393671,-2.97703410585753581,0.24388166094556071,0.38000000000000000,5.40000000000000036
0.05417470595157581,0.00643683178335856,0.05118972030337761,0.76846161431224935,-2.97770110368821239,0.23076983002962459,0.38000000000000000,5.40000000000000036
0.05425104834336342,0.00613903148919509,0.05121214240069526,0.75838711284435978,-2.97829214300181055,0.21767494853797073,0.38000000000000000,5.40000000000000036
0.05432638355345806,0.00584117587747432,0.05123325586097382,0.74831799076673644,-2.97880750078884704,0.20459710368310219,0.38000000000000000,5.40000000000000036
0.05440071212287173,0.00554327250260453,0.05125306239218779,0.73825430932697267,-2.97924745151726800,0.19153638148421959,0.38000000000000000,5.40000000000000036
0.05447403459867789,0.00524532889167293,0.05127156371085480,0.72819612850928805,-2.97961226714175398,0.17849286678822432,0.38000000000000000,5.40000000000000036
0.05454635153388589,0.00494735254469656,0.05128876154191941,0.71814350704982932,-2.97990221711294234,0.16546664329049315,0.38000000000000000,5.40000000000000036
0.05461766348731692,0.00464935093487221,0.05130465761863901,0.70809650245177458,-2.98011756838656350,0.15245779355542821,0.38000000000000000,5.40000000000000036
0.05468797102348148,0.00435133150882546,0.05131925368247173,0.69805517100024339,-2.98025858543248923,0.13946639903678629,0.38000000000000000,5.40000000000000036
0.05475727471245826,0.00405330168685884,0.05133255148296637,0.68801956777701534,-2.98032553024369751,0.12649254009779140,0.38000000000000000,5.40000000000000036
0.05482557512977460,0.00375526886319903,0.05134455277765436,0.67798974667506018,-2.98031866234514498,0.11353629603103452,0.38000000000000000,5.40000000000000036
0.05489287285628828,0.00345724040624326,0.05135525933194370,0.66796576041288191,-2.98023823880255367,0.10059774507816414,0.38000000000000000,5.40000000000000036
0.05495916847807079,0.00315922365880481,0.05136467291901478,0.65794766054867948,-2.98008451423110676,0.08767696444937161,0.38000000000000000,5.40000000000000036
0.05502446258629202,0.00286122593835757,0.05137279531971829,0.64793549749432744,-2.97985774080405275,0.07477403034267484,0.38000000000000000,5.40000000000000036
0.05508875577710630,0.00256325453727987,0.05137962832247486,0.63792932052917795,-2.97955816826121955,0.06188901796300415,0.38000000000000000,5.40000000000000036
0.05515204865153985,0.00226531672309738,0.05138517372317677,0.62792917781368796,-2.97918604391743536,0.04902200154109380,0.38000000000000000,5.40000000000000036
0.05521434181537953,0.00196741973872518,0.05138943332509146,0.61793511640287280,-2.97874161267085702,0.03617305435218288,0.38000000000000000,5.40000000000000036
0.05527563587906301,0.00166957080270902,0.05139240893876686,0.60794718225959010,-2.97822511701120485,0.02334224873452906,0.38000000000000000,5.40000000000000036
0.05533593145757016,0.00137177710946577,0.05139410238193867,0.59796542026765498,-2.97763679702790141,0.01052965610773868,0.38000000000000000,5.40000000000000036
0.05539522917031584,0.00107404582952304,0.05139451547943934,0.58798987424479032,-2.97697689041811753,-0.00226465300908321,0.13000000000000000,2.64000000000000012
0.05545356701600949,0.00077631783906538,0.05139371768589476,0.57876804681376304,-2.97757106862111698,-0.01368815015703187,0.13000000000000000,2.64000000000000012
0.05551098298275291,0.00047853398247521,0.05139177846471818,0.56955231162830422,-2.97809424655054844,-0.02509318799805866,0.13000000000000000,2.64000000000000012
0.05556747768468046,0.00018070134975229,0.05138869966712849,0.56034276681759176,-2.97854662458808939,-0.03647966083976260,0.13000000000000000,2.64000000000000012
0.05562305174571930,-0.00011717298909081,0.05138448315489234,0.55113951010849416,-2.97892840209675747,-0.04784746341959849,0.13000000000000000,2.64000000000000012
0.05567770579954922,-0.00041508198392732,0.05137913080028119,0.54194263882639615,-2.97923977743264246,-0.05919649090266670,0.13000000000000000,2.64000000000000012
0.05573144048956248,-0.00071301860441627,0.05137264448602874,0.53275224989596837,-2.97948094795639085,-0.07052663887955427,0.13000000000000000,2.64000000000000012
0.05578425646882382,-0.00101097583990340,0.05136502610528842,0.52356843984188095,-2.97965211004444308,-0.08183780336422516,0.13000000000000000,2.64000000000000012
0.05583615440003045,-0.00130894669932339,0.05135627756159121,0.51439130478946404,-2.97975345910002920,-0.09312988079195764,0.13000000000000000,2.64000000000000012
0.05588713495547220,-0.00160692421110299,0.05134640076880354,0.50522094046531663,-2.97978518956392247,-0.10440276801732673,0.13000000000000000,2.64000000000000012
0.05593719881699163,-0.00190490142306536,0.05133539765108553,0.49605744219786496,-2.97974749492495583,-0.11565636231222998,0.13000000000000000,2.64000000000000012
0.05598634667594426,-0.00220287140233540,0.05132327014284932,0.48690090491787236,-2.97964056773030705,-0.12689056136395432,0.13000000000000000,2.64000000000000012
0.05603457923315882,-0.00250082723524602,0.05131002018871762,0.47775142315890212,-2.97946459959554888,-0.13810526327328243,0.13000000000000000,2.64000000000000012
0.05608189719889756,-0.00279876202724556,0.05129564974348247,0.46860909105773518,-2.97921978121447184,-0.14930036655263637,0.13000000000000000,2.64000000000000012
0.05612830129281658,-0.00309666890280601,0.05128016077206417,0.45947400235474339,-2.97890630236868281,-0.16047577012425712,0.13000000000000000,2.64000000000000012
0.05617379224392621,-0.00339454100533233,0.05126355524947036,0.45034625039422088,-2.97852435193697795,-0.17163137331841785,0.13000000000000000,2.64000000000000012
0.05621837079055141,-0.00369237149707261,0.05124583516075535,0.44122592812467415,-2.97807411790449761,-0.18276707587166927,0.13000000000000000,2.64000000000000012
0.05626203768029225,-0.00399015355902911,0.05122700250097954,0.43211312809907282,-2.97755578737166227,-0.19388277792511541,0.13000000000000000,2.64000000000000012
0.05630479366998427,-0.00428788039087028,0.05120705927516905,0.42300794247506229,-2.97696954656289359,-0.20497838002271801,0.13000000000000000,2.64000000000000012
0.05634663952565906,-0.00458554521084359,0.05118600749827555,0.41391046301513973,-2.97631558083512315,-0.21605378310962786,0.13000000000000000,2.64000000000000012
0.05638757602250469,-0.00488314125568913,0.05116384919513620,0.40482078108679470,-2.97559407468609161,-0.22710888853054156,0.13000000000000000,2.64000000000000012
0.05642760394482624,-0.00518066178055417,0.05114058640043378,0.39573898766261606,-2.97480521176244084,-0.23814359802808191,0.13000000000000000,2.64000000000000012
0.05646672408600631,-0.00547810005890842,0.05111622115865697,0.38666517332036604,-2.97394917486759969,-0.24915781374120036,0.13000000000000000,2.64000000000000012
0.05650493724846552,-0.00577544938246009,0.05109075552406080,0.37759942824302317,-2.97302614596946979,-0.26015143820360015,0.13000000000000000,2.64000000000000012
0.05654224424362307,-0.00607270306107270,0.05106419156062729,0.36854184221879516,-2.97203630620790937,-0.27112437434217840,0.13000000000000000,2.64000000000000012
0.05657864589185723,-0.00636985442268268,0.05103653134202614,0.35949250464110294,-2.97097983590202075,-0.28207652547548551,0.13000000000000000,2.64000000000000012
0.05661414302246588,-0.00666689681321763,0.05100777695157568,0.35045150450853740,-2.96985691455724243,-0.29300779531220095,0.13000000000000000,2.64000000000000012
0.05664873647362699,-0.00696382359651527,0.05097793048220396,0.34141893042478971,-2.96866772087224806,-0.30391808794962316,0.13000000000000000,2.64000000000000012
0.05668242709235918,-0.00726062815424317,0.05094699403640988,0.33239487059855655,-2.96741243274565569,-0.31480730787217293,0.13000000000000000,2.64000000000000012
0.05671521573448218,-0.00755730388581899,0.05091496972622465,0.32337941284342148,-2.96609122728254748,-0.32567535994990804,0.13000000000000000,2.64000000000000012
0.05674710326457730,-0.00785384420833152,0.05088185967317323,0.31437264457771363,-2.96470428080080595,-0.33652214943704861,0.13000000000000000,2.64000000000000012
0.05677809055594794,-0.00815024255646222,0.05084766600823602,0.30537465282434478,-2.96325176883726416,-0.34734758197051119,0.13000000000000000,2.64000000000000012
0.05680817849057997,-0.00844649238240743,0.05081239087181064,0.29638552421062575,-2.96173386615367473,-0.35815156356845029,0.13000000000000000,2.64000000000000012
0.05683736795910226,-0.00874258715580115,0.05077603641367392,0.28740534496806375,-2.96015074674250078,-0.36893400062880644,0.13000000000000000,2.64000000000000012
0.05686565986074697,-0.00903852036363842,0.05073860479294394,0.27843420093214127,-2.95850258383252873,-0.37969479992785893,0.13000000000000000,2.64000000000000012
0.05689305510331006,-0.00933428551019916,0.05070009817804231,0.26947217754207775,-2.95678954989430576,-0.39043386861878243,0.13000000000000000,2.64000000000000012
0.05691955460311154,-0.00962987611697270,0.05066051874665653,0.26051935984057506,-2.95501181664540624,-0.40115111423020577,0.13000000000000000,2.64000000000000012
0.05694515928495586,-0.00992528572258265,0.05061986868570253,0.25157583247354792,-2.95316955505552414,-0.41184644466477222,0.13000000000000000,2.64000000000000012
0.05696987008209223,-0.01022050788271243,0.05057815019128735,0.24264167968984005,-2.95126293535139839,-0.42251976819769926,0.13000000000000000,2.64000000000000012
0.05699368793617487,-0.01051553617003117,0.05053536546867190,0.23371698534092736,-2.94929212702157217,-0.43317099347533755,0.13000000000000000,2.64000000000000012
0.05701661379722327,-0.01081036417412015,0.05049151673223399,0.22480183288060879,-2.94725729882098531,-0.44380002951372716,0.13000000000000000,2.64000000000000012
0.05703864862358239,-0.01110498550139963,0.05044660620543140,0.21589630536468610,-2.94515861877540530,-0.45440678569715037,0.13000000000000000,2.64000000000000012
0.05705979338188286,-0.01139939377505619,0.05040063612076511,0.20700048545063332,-2.94299625418569644,-0.46499117177667953,0.13000000000000000,2.64000000000000012
0.05708004904700114,-0.01169358263497040,0.05035360871974274,0.19811445539725689,-2.94077037163193067,-0.47555309786871924,0.13000000000000000,2.64000000000000012
0.05709941660201961,-0.01198754573764498,0.05030552625284204,0.18923829706434742,-2.93848113697733959,-0.48609247445354142,0.13000000000000000,2.64000000000000012
0.05711789703818666,-0.01228127675613327,0.05025639097947462,0.18037209191232387,-2.93612871537211406,-0.49660921237381234,0.13000000000000000,2.64000000000000012
0.05713549135487676,-0.01257476937996816,0.05020620516794976,0.17151592100187113,-2.93371327125704662,-0.50710322283311060,0.13000000000000000,2.64000000000000012
0.05715220055955041,-0.01286801731509127,0.05015497109543839,0.16266986499357183,-2.93123496836702646,-0.51757441739443477,0.13000000000000000,2.64000000000000012
0.05716802566771419,-0.01316101428378257,0.05010269104793725,0.15383400414753326,-2.92869396973437990,-0.52802270797869988,0.13000000000000000,2.64000000000000012
0.05718296770288063,-0.01345375402459025,0.05004936732023313,0.14500841832301009,-2.92609043769206689,-0.53844800686322158,0.13000000000000000,2.64000000000000012
0.05719702769652812,-0.01374623029226097,0.04999500221586735,0.13619318697802399,-2.92342453387672840,-0.54885022668018701,0.13000000000000000,2.64000000000000012
0.05721020668806078,-0.01403843685767036,0.04993959804710033,0.12738838916898063,-2.92069641923159118,-0.55922928041511144,0.13000000000000000,2.64000000000000012
0.05722250572476829,-0.01433036750775381,0.04988315713487632,0.11859410355028516,-2.91790625400922732,-0.56958508140527975,0.13000000000000000,2.64000000000000012
0.05723392586178562,-0.01462201604543754,0.04982568180878836,0.10981040837395672,-2.91505419777417485,-0.57991754333817169,0.13000000000000000,2.64000000000000012
0.05724446816205284,-0.01491337628956995,0.04976717440704325,0.10103738148924288,-2.91214040940541796,-0.59022658024986974,0.13000000000000000,2.64000000000000012
0.05725413369627479,-0.01520444207485313,0.04970763727642685,0.09227510034223466,-2.90916504709872825,-0.60051210652344922,0.13000000000000000,2.64000000000000012
0.05726292354288071,-0.01549520725177469,0.04964707277226942,0.08352364197548298,-2.90612826836887139,-0.61077403688734899,0.13000000000000000,2.64000000000000012
0.05727083878798393,-0.01578566568653976,0.04958548325841118,0.07478308302761720,-2.90303023005167882,-0.62101228641372275,0.13000000000000000,2.64000000000000012
0.05727788052534143,-0.01607581126100318,0.04952287110716801,0.06605349973296643,-2.89987108830598439,-0.63122677051676923,0.13000000000000000,2.64000000000000012
0.05728404985631338,-0.01636563787260190,0.04945923869929734,0.05733496792118437,-2.89665099861543185,-0.64141740495104049,0.13000000000000000,2.64000000000000012
0.05728934788982269,-0.01665513943428754,0.04939458842396422,0.04862756301687840,-2.89337011579015169,-0.65158410580972825,0.13000000000000000,2.64000000000000012
0.05729377574231444,-0.01694430987445915,0.04932892267870749,0.03993136003924349,-2.89002859396830925,-0.66172678952292607,0.13000000000000000,2.64000000000000012
0.05729733453771534,-0.01723314313689602,0.04926224386940622,0.03124643360170164,-2.88662658661752536,-0.67184537285586787,0.13000000000000000,2.64000000000000012
0.05730002540739317,-0.01752163318069075,0.04919455441024629,0.02257285791154755,-2.88316424653617220,-0.68193977290714136,0.13000000000000000,2.64000000000000012
0.05730184949011607,-0.01780977398018236,0.04912585672368711,0.01391070676960109,-2.87964172585454525,-0.69200990710687493,0.13000000000000000,2.64000000000000012
0.05730280793201199,-0.01809755952488954,0.04905615324042857,0.00526005356986724,-2.87605917603591266,-0.70205569321489880,0.13000000000000000,2.64000000000000012
0.05730290188652785,-0.01838498381944401,0.04898544639937820,-0.00337902870079591,-2.87241674787744250,-0.71207704931887772,0.13000000000000000,2.64000000000000012
0.05730213251438895,-0.01867204088352390,0.04891373864761842,-0.01200646746300049,-2.86871459151101194,-0.72207389383241605,0.13000000000000000,2.64000000000000012
0.05730050098355811,-0.01895872475178732,0.04884103244037410,-0.02062219054514289,-2.86495285640389596,-0.73204614549313352,0.13000000000000000,2.64000000000000012
0.05729800846919490,-0.01924502947380590,0.04876733024098019,-0.02922612618370797,-2.86113169135934164,-0.74199372336071123,0.13000000000000000,2.64000000000000012
0.05729465615361486,-0.01953094911399841,0.04869263452084970,-0.03781820302356281,-2.85725124451702550,-0.75191654681490694,0.13000000000000000,2.64000000000000012
0.05729044522624857,-0.01981647775156441,0.04861694775944170,-0.04639835011823955,-2.85331166335339503,-0.76181453555353917,0.13000000000000000,2.64000000000000012
0.05728537688360085,-0.02010160948041798,0.04854027244422969,-0.05496649693020658,-2.84931309468190097,-0.77168760959043947,0.13000000000000000,2.64000000000000012
0.05727945232920979,-0.02038633840912137,0.04846261107067006,-0.06352257333112778,-2.84525568465311407,-0.78153568925337125,0.13000000000000000,2.64000000000000012
0.05727267277360586,-0.02067065866081877,0.04838396614217082,-0.07206650960210903,-2.84113957875473444,-0.79135869518191571,0.13000000000000000,2.64000000000000012
0.05726503943427093,-0.02095456437316999,0.04830434017006051,-0.08059823643393174,-2.83696492181149029,-0.80115654832532346,0.13000000000000000,2.64000000000000012
0.05725655353559728,-0.02123804969828413,0.04822373567355737,-0.08911768492727257,-2.83273185798492877,-0.81092916994033115,0.13000000000000000,2.64000000000000012
0.05724721630884666,-0.02152110880265331,0.04814215517973866,-0.09762478659290913,-2.82844053077310065,-0.82067648158894235,0.13000000000000000,2.64000000000000012
0.05723702899210920,-0.02180373586708623,0.04805960122351030,-0.10611947335191106,-2.82409108301013978,-0.83039840513617258,0.13000000000000000,2.64000000000000012
0.05722599283026240,-0.02208592508664181,0.04797607634757663,-0.11460167753581593,-2.81968365686573774,-0.84009486274775702,0.13000000000000000,2.64000000000000012
0.05721410907493009,-0.02236767067056268,0.04789158310241049,-0.12307133188678958,-2.81521839384451589,-0.84976577688782073,0.13000000000000000,2.64000000000000012
0.05720137898444135,-0.02264896684220865,0.04780612404622347,-0.13152836955777045,-2.81069543478529527,-0.85941107031651054,0.13000000000000000,2.64000000000000012
0.05718780382378939,-0.02292980783899009,0.04771970174493648,-0.13997272411259734,-2.80611491986026618,-0.86903066608758828,0.13000000000000000,2.64000000000000012
0.05717338486459052,-0.02321018791230121,0.04763231877215042,-0.14840432952612032,-2.80147698857405736,-0.87862448754598421,0.13000000000000000,2.64000000000000012
0.05715812338504300,-0.02349010132745328,0.04754397770911729,-0.15682312018429420,-2.79678177976270703,-0.88819245832531002,0.13000000000000000,2.64000000000000012
0.05714202066988594,-0.02376954236360769,0.04745468114471139,-0.16522903088425414,-2.79202943159253758,-0.89773450234533159,0.13000000000000000,2.64000000000000012
0.05712507801035816,-0.02404850531370891,0.04736443167540082,-0.17362199683437313,-2.78722008155893208,-0.90725054380939985,0.13000000000000000,2.64000000000000012
0.05710729670415710,-0.02432698448441737,0.04727323190521929,-0.18200195365430075,-2.78235386648501715,-0.91674050720183953,0.13000000000000000,2.64000000000000012
0.05708867805539764,-0.02460497419604214,0.04718108444573815,-0.19036883737498295,-2.77743092252024981,-0.92620431728529562,0.13000000000000000,2.64000000000000012
0.05706922337457104,-0.02488246878247346,0.04708799191603866,-0.19872258443866231,-2.77245138513891343,-0.93564189909803597,0.13000000000000000,2.64000000000000012
0.05704893397850374,-0.02515946259111522,0.04699395694268460,-0.20706313169885857,-2.76741538913851937,-0.94505317795121024,0.13000000000000000,2.64000000000000012
0.05702781119031628,-0.02543594998281711,0.04689898215969510,-0.21539041642032883,-2.76232306863811861,-0.95443807942606473,0.13000000000000000,2.64000000000000012
0.05700585633938216,-0.02571192533180675,0.04680307020851780,-0.22370437627900724,-2.75717455707652270,-0.96379652937111149,0.13000000000000000,2.64000000000000012
0.05698307076128674,-0.02598738302562156,0.04670622373800220,-0.23200494936192376,-2.75196998721043595,-0.97312845389925173,0.13000000000000000,2.64000000000000012
0.05695945579778611,-0.02626231746504041,0.04660844540437345,-0.24029207416710158,-2.74670949111249785,-0.98243377938485377,0.13000000000000000,2.64000000000000012
0.05693501279676604,-0.02653672306401519,0.04650973787120630,-0.24856568960343287,-2.74139320016924071,-0.99171243246078311,0.13000000000000000,2.64000000000000012
0.05690974311220083,-0.02681059424960201,0.04641010380939943,-0.25682573499053257,-2.73602124507895761,-1.00096434001538581,0.13000000000000000,2.64000000000000012
0.05688364810411233,-0.02708392546189233,0.04630954589715001,-0.26507215005856982,-2.73059375584948727,-1.01018942918942312,0.13000000000000000,2.64000000000000012
0.05685672913852884,-0.02735671115394377,0.04620806681992867,-0.27330487494807670,-2.72511086179591322,-1.01938762737295874,0.13000000000000000,2.64000000000000012
0.05682898758744410,-0.02762894579171072,0.04610566927045467,-0.28152385020973403,-2.71957269153817949,-1.02855886220219550,0.13000000000000000,2.64000000000000012
0.05680042482877627,-0.02790062385397470,0.04600235594867150,-0.28972901680413388,-2.71397937299862146,-1.03770306155626302,0.13000000000000000,2.64000000000000012
0.05677104224632697,-0.02817173983227448,0.04589812956172274,-0.29792031610151837,-2.70833103339941772,-1.04682015355395541,0.13000000000000000,2.64000000000000012
0.05674084122974035,-0.02844228823083594,0.04579299282392821,-0.30609768988149455,-2.70262779925995789,-1.05591006655041753,0.13000000000000000,2.64000000000000012
0.05670982317446212,-0.02871226356650164,0.04568694845676055,-0.31426108033272526,-2.69686979639413149,-1.06497272913378027,0.13000000000000000,2.64000000000000012
0.05667798948169868,-0.02898166036866013,0.04557999918882209,-0.32241043005259507,-2.69105714990753553,-1.07400807012174337,0.13000000000000000,2.64000000000000012
0.05664534155837628,-0.02925047317917500,0.04547214775582205,-0.33054568204685192,-2.68518998419460431,-1.08301601855810614,0.13000000000000000,2.64000000000000012
0.05661188081710021,-0.02951869655231360,0.04536339690055410,-0.33866677972922332,-2.67926842293566025,-1.09199650370924539,0.13000000000000000,2.64000000000000012
0.05657760867611397,-0.02978632505467546,0.04525374937287432,-0.34677366692100720,-2.67329258909388745,-1.10094945506053876,0.13000000000000000,2.64000000000000012
0.05654252655925860,-0.03005335326512048,0.04514320792967944,-0.35486628785063740,-2.66726260491222789,-1.10987480231273494,0.13000000000000000,2.64000000000000012
0.05650663589593194,-0.03031977577469667,0.04503177533488547,-0.36294458715322298,-2.66117859191020267,-1.11877247537826841,0.13000000000000000,2.64000000000000012
0.05646993812104802,-0.03058558718656772,0.04491945435940679,-0.37100850987006145,-2.65504067088065598,-1.12764240437751950,0.13000000000000000,2.64000000000000012
0.05643243467499643,-0.03085078211594010,0.04480624778113550,-0.37905800144812579,-2.64884896188642571,-1.13648451963501751,0.13000000000000000,2.64000000000000012
0.05639412700360183,-0.03111535518998997,0.04469215838492117,-0.38709300773952443,-2.64260358425693909,-1.14529875167558925,0.13000000000000000,2.64000000000000012
0.05635501655808341,-0.03137930104778956,0.04457718896255105,-0.39511347500093469,-2.63630465658473545,-1.15408503122044870,0.13000000000000000,2.64000000000000012
0.05631510479501452,-0.03164261434023339,0.04446134231273063,-0.40311934989300890,-2.62995229672191533,-1.16284328918323054,0.13000000000000000,2.64000000000000012
0.05627439317628222,-0.03190528972996402,0.04434462124106456,-0.41111057947975305,-2.62354662177651754,-1.17157345666596524,0.13000000000000000,2.64000000000000012
0.05623288316904709,-0.03216732189129747,0.04422702856003805,-0.41908711122787801,-2.61708774810882483,-1.18027546495499491,0.13000000000000000,2.64000000000000012
0.05619057624570289,-0.03242870551014820,0.04410856708899862,-0.42704889300612275,-2.61057579132759798,-1.18894924551683090,0.13000000000000000,2.64000000000000012
0.05614747388383645,-0.03268943528395385,0.04398923965413833,-0.43499587308454973,-2.60401086628623890,-1.19759472999395133,0.13000000000000000,2.64000000000000012
0.05610357756618755,-0.03294950592159946,0.04386904908847634,-0.44292800013381151,-2.59739308707888394,-1.20621185020053812,0.13000000000000000,2.64000000000000012
0.05605888878060891,-0.03320891214334135,0.04374799823184201,-0.45084522322438947,-2.59072256703642889,-1.21480053811815281,0.13000000000000000,2.64000000000000012
0.05601340902002625,-0.03346764868073061,0.04362608993085835,-0.45874749182580332,-2.58399941872248240,-1.22336072589135236,0.13000000000000000,2.64000000000000012
0.05596713978239842,-0.03372571027653613,0.04350332703892595,-0.46663475580579189,-2.57722375392925196,-1.23189234582324136,0.13000000000000000,2.64000000000000012
0.05592008257067759,-0.03398309168466730,0.04337971241620734,-0.47450696542946474,-2.57039568367336324,-1.24039533037096228,0.13000000000000000,2.64000000000000012
0.05587223889276964,-0.03423978767009622,0.04325524892961184,-0.48236407135842452,-2.56351531819160838,-1.24886961214112291,0.13000000000000000,2.64000000000000012
0.05582361026149446,-0.03449579300877947,0.04312993945278082,-0.49020602464985946,-2.55658276693663078,-1.25731512388515920,0.13000000000000000,2.64000000000000012
0.05577419819454650,-0.03475110248757955,0.04300378686607346,-0.49803277675560670,-2.54959813857253970,-1.26573179849463480,0.13000000000000000,2.64000000000000012
0.05572400421445533,-0.03500571090418570,0.04287679405655298,-0.50584427952118494,-2.54256154097046005,-1.27411956899647438,0.13000000000000000,2.64000000000000012
0.05567302984854632,-0.03525961306703449,0.04274896391797334,-0.51364048518479766,-2.53547308120401693,-1.28247836854813313,0.13000000000000000,2.64000000000000012
0.05562127662890143,-0.03551280379522975,0.04262029935076642,-0.52142134637630544,-2.52833286554475212,-1.29080813043269838,0.13000000000000000,2.64000000000000012
0.05556874609232011,-0.03576527791846219,0.04249080326202975,-0.52918681611616836,-2.52114099945747672,-1.29910878805392560,0.13000000000000000,2.64000000000000012
0.05551543978028026,-0.03601703027692846,0.04236047856551461,-0.53693684781435691,-2.51389758759555937,-1.30738027493120623,0.13000000000000000,2.64000000000000012
0.05546135923889936,-0.03626805572124977,0.04222932818161480,-0.54467139526923303,-2.50660273379614695,-1.31562252469446861,0.13000000000000000,2.64000000000000012
0.05540650601889568,-0.03651834911239003,0.04209735503735584,-0.55239041266639899,-2.49925654107532447,-1.32383547107900945,0.13000000000000000,2.64000000000000012
0.05535088167554963,-0.03676790532157353,0.04196456206638461,-0.56009385457751593,-2.49185911162320783,-1.33201904792025583,0.13000000000000000,2.64000000000000012
0.05529448776866519,-0.03701671923020203,0.04183095220895972,-0.56778167595909046,-2.48441054679897455,-1.34017318914845829,0.13000000000000000,2.64000000000000012
0.05523732586253149,-0.03726478572977146,0.04169652841194219,-0.57545383215122980,-2.47691094712582860,-1.34829782878331272,0.13000000000000000,2.64000000000000012
0.05517939752588455,-0.03751209972178808,0.04156129362878687,-0.58311027887636535,-2.46936041228590542,-1.35639290092851095,0.13000000000000000,2.64000000000000012
0.05512070433186905,-0.03775865611768408,0.04142525081953424,-0.59075097223794359,-2.46175904111510935,-1.36445833976621977,0.13000000000000000,2.64000000000000012
0.05506124785800036,-0.03800444983873270,0.04128840295080287,-0.59837586871908599,-2.45410693159789073,-1.37249407955148772,0.13000000000000000,2.64000000000000012
0.05500102968612659,-0.03824947581596286,0.04115075299578244,-0.60598492518121538,-2.44640418086195988,-1.38050005460657776,0.13000000000000000,2.64000000000000012
0.05494005140239087,-0.03849372899007316,0.04101230393422726,-0.61357809886265080,-2.43865088517293760,-1.38847619931522681,0.13000000000000000,2.64000000000000012
0.05487831459719369,-0.03873720431134546,0.04087305875245046,-0.62115534737716915,-2.43084713992894308,-1.39642244811683036,0.13000000000000000,2.64000000000000012
0.05481582086515548,-0.03897989673955782,0.04073302044331865,-0.62871662871253420,-2.42299303965511958,-1.40433873550055166,0.13000000000000000,2.64000000000000012
0.05475257180507923,-0.03922180124389692,0.04059219200624734,-0.63626190122899262,-2.41508867799809757,-1.41222499599935558,0.13000000000000000,2.64000000000000012
0.05468856901991335,-0.03946291280286997,0.04045057644719675,-0.64379112365773650,-2.40713414772039602,-1.42008116418396435,0.13000000000000000,2.64000000000000012
0.05462381411671467,-0.03970322640421598,0.04030817677866843,-0.65130425509933321,-2.39912954069476037,-1.42790717465673689,0.13000000000000000,2.64000000000000012
0.05455830870661153,-0.03994273704481650,0.04016499601970236,-0.65880125502212095,-2.39107494789843900,-1.43570296204546954,0.13000000000000000,2.64000000000000012
0.05449205440476715,-0.04018143973060579,0.04002103719587472,-0.66628208326057115,-2.38297045940739727,-1.44346846099711779,0.13000000000000000,2.64000000000000012
0.05442505283034303,-0.04041932947648041,0.03987630333929633,-0.67374670001361658,-2.37481616439046972,-1.45120360617143729,0.13000000000000000,2.64000000000000012
0.05435730560646265,-0.04065640130620819,0.03973079748861162,-0.68119506584294576,-2.36661215110344880,-1.45890833223454619,0.13000000000000000,2.64000000000000012
0.05428881436017526,-0.04089265025233664,0.03958452268899840,-0.68862714167126304,-2.35835850688311366,-1.46658257385240365,0.13000000000000000,2.64000000000000012
0.05421958072241982,-0.04112807135610076,0.03943748199216815,-0.69604288878051390,-2.35005531814119362,-1.47422626568420845,0.13000000000000000,2.64000000000000012
0.05414960632798926,-0.04136265966733020,0.03928967845636704,-0.70344226881007621,-2.34170267035827129,-1.48183934237571235,0.13000000000000000,2.64000000000000012
0.05407889281549476,-0.04159641024435586,0.03914111514637764,-0.71082524375491618,-2.33330064807762305,-1.48942173855245108,0.13000000000000000,2.64000000000000012
0.05400744182733028,-0.04182931815391585,0.03899179513352123,-0.71819177596370987,-2.32484933489899603,-1.49697338881288999,0.13000000000000000,2.64000000000000012
0.05393525500963734,-0.04206137847106080,0.03884172149566092,-0.72554182813692880,-2.31634881347232291,-1.50449422772148345,0.13000000000000000,2.64000000000000012
0.05386233401226988,-0.04229258627905859,0.03869089731720534,-0.73287536332489123,-2.30779916549137409,-1.51198418980164861,0.13000000000000000,2.64000000000000012
0.05378868048875941,-0.04252293666929841,0.03853932568911315,-0.74019234492577679,-2.29920047168734598,-1.51944320952865142,0.13000000000000000,2.64000000000000012
0.05371429609628031,-0.04275242474119414,0.03838700970889817,-0.74749273668360616,-2.29055281182238701,-1.52687122132240338,0.13000000000000000,2.64000000000000012
0.05363918249561535,-0.04298104560208720,0.03823395248063532,-0.75477650268618457,-2.28185626468305847,-1.53426815954017037,0.13000000000000000,2.64000000000000012
0.05356334135112143,-0.04320879436714857,0.03808015711496721,-0.76204360736300902,-2.27311090807373395,-1.54163395846919005,0.13000000000000000,2.64000000000000012
0.05348677433069548,-0.04343566615928030,0.03792562672911156,-0.76929401548313914,-2.26431681880993363,-1.54896855231919783,0.13000000000000000,2.64000000000000012
0.05340948310574065,-0.04366165610901626,0.03777036444686929,-0.77652769215303186,-2.25547407271159361,-1.55627187521486210,0.13000000000000000,2.64000000000000012
0.05333146935113266,-0.04388675935442226,0.03761437339863344,-0.78374460281433900,-2.24658274459627139,-1.56354386118812383,0.13000000000000000,2.64000000000000012
0.05325273474518642,-0.04411097104099545,0.03745765672139880,-0.79094471324166782,-2.23764290827228773,-1.57078444417044394,0.13000000000000000,2.64000000000000012
0.05317328096962280,-0.04433428632156307,0.03730021755877237,-0.79812798954030451,-2.22865463653180118,-1.57799355798495333,0.13000000000000000,2.64000000000000012
0.05309310970953571,-0.04455670035618048,0.03714205906098460,-0.80529439814390025,-2.21961800114381846,-1.58517113633850859,0.13000000000000000,2.64000000000000012
0.05301222265335939,-0.04477820831202848,0.03698318438490137,-0.81244390581211956,-2.21053307284713751,-1.59231711281364752,0.13000000000000000,2.64000000000000012
0.05293062149283589,-0.04499880536330995,0.03682359669403689,-0.81957647962825064,-2.20139992134322648,-1.59943142086044854,0.13000000000000000,2.64000000000000012
0.05284830792298286,-0.04521848669114576,0.03666329915856732,-0.82669208699677788,-2.19221861528903350,-1.60651399378828841,0.13000000000000000,2.64000000000000012
0.05276528364206155,-0.04543724748346992,0.03650229495534526,-0.83379069564091546,-2.18298922228973202,-1.61356476475749910,0.13000000000000000,2.64000000000000012
0.05268155035154505,-0.04565508293492409,0.03634058726791508,-0.84087227360010308,-2.17371180889139470,-1.62058366677092347,0.13000000000000000,2.64000000000000012
0.05259710975608680,-0.04587198824675125,0.03617817928652910,-0.84793678922746207,-2.16438644057360330,-1.62757063266536672,0.13000000000000000,2.64000000000000012
0.05251196356348936,-0.04608795862668873,0.03601507420816463,-0.85498421118721246,-2.15501318174198619,-1.63452559510294271,0.13000000000000000,2.64000000000000012
0.05242611348467341,-0.04630298928886040,0.03585127523654184,-0.86201450845205119,-2.14559209572069021,-1.64144848656231557,0.13000000000000000,2.64000000000000012
0.05233956123364705,-0.04651707545366814,0.03568678558214260,-0.86902765030048978,-2.13612324474477955,-1.64833923932983328,0.13000000000000000,2.64000000000000012
0.05225230852747537,-0.04673021234768258,0.03552160846223014,-0.87602360631415288,-2.12660668995256552,-1.65519778549055241,0.13000000000000000,2.64000000000000012
0.05216435708625022,-0.04694239520353303,0.03535574710086960,-0.88300234637503561,-2.11704249137786737,-1.66202405691915334,0.13000000000000000,2.64000000000000012
0.05207570863306037,-0.04715361925979660,0.03518920472894957,-0.88996384066272116,-2.10743070794219722,-1.66881798527074476,0.13000000000000000,2.64000000000000012
0.05198636489396187,-0.04736387976088664,0.03502198458420450,-0.89690805965155707,-2.09777139744687702,-1.67557950197155470,0.13000000000000000,2.64000000000000012
0.05189632759794872,-0.04757317195694028,0.03485408991123803,-0.90383497410779023,-2.08806461656508047,-1.68230853820950688,0.13000000000000000,2.64000000000000012
0.05180559847692380,-0.04778149110370521,0.03468552396154737,-0.91074455508666097,-2.07831042083380080,-1.68900502492468352,0.13000000000000000,2.64000000000000012
0.05171417926567017,-0.04798883246242570,0.03451628999354844,-0.91763677392945431,-2.06850886464574613,-1.69566889279966881,0.13000000000000000,2.64000000000000012
0.05162207170182255,-0.04819519129972772,0.03434639127260226,-0.92451160226051010,-2.05866000124115889,-1.70230007224977520,0.13000000000000000,2.64000000000000012
0.05152927752583923,-0.04840056288750330,0.03417583107104204,-0.93136901198418964,-2.04876388269955756,-1.70889849341314948,0.13000000000000000,2.64000000000000012
0.05143579848097418,-0.04860494250279403,0.03400461266820147,-0.93820897528180025,-2.03882055993140554,-1.71546408614075618,0.13000000000000000,2.64000000000000012
0.05134163631324950,-0.04880832542767377,0.03383273935044393,-0.94503146460847598,-2.02883008266969922,-1.72199677998623835,0.13000000000000000,2.64000000000000012
0.05124679277142825,-0.04901070694913042,0.03366021441119273,-0.95183645269001504,-2.01879249946147876,-1.72849650419565348,0.13000000000000000,2.64000000000000012
0.05115126960698750,-0.04921208235894695,0.03348704115096236,-0.95862391251967316,-2.00870785765926074,-1.73496318769708213,0.13000000000000000,2.64000000000000012
0.05105506857409174,-0.04941244695358149,0.03331322287739088,-0.96539381735491203,-1.99857620341238951,-1.74139675909010849,0.13000000000000000,2.64000000000000012
0.05095819142956666,-0.04961179603404658,0.03313876290527322,-0.97214614071410388,-1.98839758165830727,-1.74779714663517094,0.13000000000000000,2.64000000000000012
0.05086063993287320,-0.04981012490578755,0.03296366455659570,-0.97888085637319000,-1.97817203611374315,-1.75416427824277954,0.13000000000000000,2.64000000000000012
0.05076241584608197,-0.05000742887855999,0.03278793116057152,-0.98559793836229381,-1.96789960926581875,-1.76049808146260123,0.13000000000000000,2.64000000000000012
0.05066352093384800,-0.05020370326630635,0.03261156605367743,-0.99229736096228782,-1.95758034236306999,-1.76679848347240820,0.13000000000000000,2.64000000000000012
0.05056395696338584,-0.05039894338703162,0.03243457257969146,-0.99897909870131418,-1.94721427540638325,-1.77306541106688886,0.13000000000000000,2.64000000000000012
0.05046372570444500,-0.05059314456267813,0.03225695408973180,-1.00564312635125797,-1.93680144713984670,-1.77929879064631913,0.13000000000000000,2.64000000000000012
0.05036282892928579,-0.05078630211899939,0.03207871394229678,-1.01228941892417268,-1.92634189504151299,-1.78549854820509224,0.13000000000000000,2.64000000000000012
0.05026126841265541,-0.05097841138543301,0.03189985550330612,-1.01891795166865862,-1.91583565531407451,-1.79166460932010541,0.13000000000000000,2.64000000000000012
0.05015904593176459,-0.05116946769497273,0.03172038214614317,-1.02552870006619190,-1.90528276287544895,-1.79779689913899898,0.13000000000000000,2.64000000000000012
0.05005616326626436,-0.05135946638403944,0.03154029725169850,-1.03212163982740401,-1.89468325134927462,-1.80389534236825000,0.13000000000000000,2.64000000000000012
0.04995262219822343,-0.05154840279235127,0.03135960420841459,-1.03869674688831348,-1.88403715305531283,-1.80995986326111380,0.13000000000000000,2.64000000000000012
0.04984842451210576,-0.05173627226279275,0.03117830641233174,-1.04525399740650538,-1.87334449899975852,-1.81599038560541381,0.13000000000000000,2.64000000000000012
0.04974357199474869,-0.05192307014128293,0.03099640726713529,-1.05179336775726151,-1.86260531886545566,-1.82198683271117745,0.13000000000000000,2.64000000000000012
0.04963806643534124,-0.05210879177664256,0.03081391018420396,-1.05831483452963870,-1.85181964100201712,-1.82794912739811388,0.13000000000000000,2.64000000000000012
0.04953190962540306,-0.05229343252046029,0.03063081858265955,-1.06481837452249528,-1.84098749241584803,-1.83387719198293375,0.13000000000000000,2.64000000000000012
0.04942510335876356,-0.05247698772695782,0.03044713588941788,-1.07130396474046496,-1.83010889876006955,-1.83977094826650567,0.13000000000000000,2.64000000000000012
0.04931764943154158,-0.05265945275285407,0.03026286553924101,-1.07777158238987791,-1.81918388432434419,-1.84563031752084949,0.13000000000000000,2.64000000000000012
0.04920954964212540,-0.05284082295722833,0.03007801097479079,-1.08422120487462736,-1.80821247202459978,-1.85145522047596245,0.13000000000000000,2.64000000000000012
0.04910080579115322,-0.05302109370138239,0.02989257564668374,-1.09065280979198209,-1.79719468339264954,-1.85724557730647577,0.13000000000000000,2.64000000000000012
0.04899141968149403,-0.05320026034870153,0.02970656301354721,-1.09706637492834425,-1.78613053856570958,-1.86300130761813931,0.13000000000000000,2.64000000000000012
0.04888139311822888,-0.05337831826451463,0.02951997654207704,-1.10346187825495012,-1.77502005627580961,-1.86872233043413183,0.13000000000000000,2.64000000000000012
0.04877072790863265,-0.05355526281595302,0.02933281970709641,-1.10983929792351566,-1.76386325383909703,-1.87440856418119228,0.13000000000000000,2.64000000000000012
0.04865942586215619,-0.05373108937180845,0.02914509599161627,-1.11619861226182304,-1.75266014714503138,-1.88005992667557265,0.13000000000000000,2.64000000000000012
0.04854748879040899,-0.05390579330238979,0.02895680888689704,-1.12253979976925100,-1.74141075064546924,-1.88567633510880572,0.13000000000000000,2.64000000000000012
0.04843491850714217,-0.05407936997937877,0.02876796189251182,-1.12886283911224439,-1.73011507734363645,-1.89125770603328758,0.13000000000000000,2.64000000000000012
0.04832171682823207,-0.05425181477568455,0.02857855851641106,-1.13516770911972498,-1.71877313878298676,-1.89680395534767077,0.13000000000000000,2.64000000000000012
0.04820788557166419,-0.05442312306529717,0.02838860227498862,-1.14145438877844185,-1.70738494503594440,-1.90231499828206441,0.13000000000000000,2.64000000000000012
0.04809342655751769,-0.05459329022313991,0.02819809669314941,-1.14772285722825984,-1.69595050469252939,-1.90779074938303927,0.13000000000000000,2.64000000000000012
0.04797834160795025,-0.05476231162492042,0.02800704530437850,-1.15397309375738577,-1.68446982484886409,-1.91323112249843374,0.13000000000000000,2.64000000000000012
0.04786263254718354,-0.05493018264698080,0.02781545165081174,-1.16020507779753168,-1.67294291109555826,-1.91863603076195788,0.13000000000000000,2.64000000000000012
0.04774630120148906,-0.05509689866614645,0.02762331928330797,-1.16641878891901341,-1.66136976750597132,-1.92400538657759168,0.13000000000000000,2.64000000000000012
0.04762934939917458,-0.05526245505957375,0.02743065176152279,-1.17261420682578477,-1.64975039662434964,-1.92933910160377486,0.13000000000000000,2.64000000000000012
0.04751177897057100,-0.05542684720459654,0.02723745265398388,-1.17879131135040516,-1.63808479945383723,-1.93463708673738322,0.13000000000000000,2.64000000000000012
0.04739359174801974,-0.05559007047857143,0.02704372553816799,-1.18495008244893985,-1.62637297544435677,-1.93989925209748959,0.13000000000000000,2.64000000000000012
0.04727478956586063,-0.05575212025872184,0.02684947400057955,-1.19109050019579299,-1.61461492248036120,-1.94512550700890552,0.13000000000000000,2.64000000000000012
0.04715537426042041,-0.05591299192198085,0.02665470163683089,-1.19721254477847050,-1.60281063686845027,-1.95031575998549722,0.13000000000000000,2.64000000000000012
0.04703534767000160,-0.05607268084483278,0.02645941205172425,-1.20331619649227251,-1.59096011332485365,-1.95546991871327669,0.13000000000000000,2.64000000000000012
0.04691471163487203,-0.05623118240315354,0.02626360885933533,-1.20940143573491565,-1.57906334496277623,-1.96058789003325917,0.13000000000000000,2.64000000000000012
0.04679346799725487,-0.05638849197204966,0.02606729568309871,-1.21546824300108147,-1.56712032327960338,-1.96566957992408664,0.13000000000000000,2.64000000000000012
0.04667161860131920,-0.05654460492569610,0.02587047615589498,-1.22151659887689124,-1.55513103814396447,-1.97071489348441076,0.13000000000000000,2.64000000000000012
0.04654916529317115,-0.05669951663717269,0.02567315392013959,-1.22754648403430666,-1.54309547778265310,-1.97572373491503273,0.13000000000000000,2.64000000000000012
0.04642610992084559,-0.05685322247829929,0.02547533262787356,-1.23355787922545290,-1.53101362876739944,-1.98069600750079444,0.13000000000000000,2.64000000000000012
0.04630245433429843,-0.05700571781946964,0.02527701594085598,-1.23955076527686514,-1.51888547600149471,-1.98563161359221674,0.13000000000000000,2.64000000000000012
0.04617820038539942,-0.05715699802948380,0.02507820753065839,-1.24552512308365637,-1.50671100270626401,-1.99053045458688160,0.13000000000000000,2.64000000000000012
0.04605334992792564,-0.05730705847537932,0.02487891107876100,-1.25148093360360346,-1.49449019040738507,-1.99539243091055196,0.13000000000000000,2.64000000000000012
0.04592790481755549,-0.05745589452226095,0.02467913027665084,-1.25741817785115373,-1.48222301892105079,-2.00021744199802498,0.13000000000000000,2.64000000000000012
0.04580186691186337,-0.05760350153312899,0.02447886882592179,-1.26333683689134646,-1.46990946633997255,-2.00500538627371450,0.13000000000000000,2.64000000000000012
0.04567523807031486,-0.05774987486870627,0.02427813043837665,-1.26923689183365118,-1.45754950901922231,-2.00975616113195654,0.13000000000000000,2.64000000000000012
0.04554802015426269,-0.05789500988726364,0.02407691883613112,-1.27511832382571932,-1.44514312156190972,-2.01446966291703466,0.13000000000000000,2.64000000000000012
0.04542021502694314,-0.05803890194444405,0.02387523775171982,-1.28098111404704840,-1.43269027680469252,-2.01914578690291702,0.13000000000000000,2.64000000000000012
0.04529182455347320,-0.05818154639308519,0.02367309092820432,-1.28682524370255735,-1.42019094580311722,-2.02378442727270391,0.13000000000000000,2.64000000000000012
0.04516285060084841,-0.05832293858304064,0.02347048211928332,-1.29265069401606980,-1.40764509781678604,-2.02838547709777695,0.13000000000000000,2.64000000000000012
0.04503329503794123,-0.05846307386099951,0.02326741508940484,-1.29845744622370640,-1.39505270029434958,-2.03294882831664481,0.13000000000000000,2.64000000000000012
0.04490315973550019,-0.05860194757030459,0.02306389361388057,-1.30424548156718179,-1.38241371885831965,-2.03747437171348222,0.13000000000000000,2.64000000000000012
0.04477244656614964,-0.05873955505076899,0.02285992147900243,-1.31001478128700621,-1.36972811728970068,-2.04196199689635405,0.13000000000000000,2.64000000000000012
0.04464115740439022,-0.05887589163849118,0.02265550248216123,-1.31576532661558843,-1.35699585751243723,-2.04641159227511826,0.13000000000000000,2.64000000000000012
0.04450929412660005,-0.05901095266566853,0.02245064043196767,-1.32149709877023991,-1.34421689957767221,-2.05082304503900481,0.13000000000000000,2.64000000000000012
0.04437685861103653,-0.05914473346040922,0.02224533914837548,-1.32721007894607634,-1.33139120164781510,-2.05519624113386135,0.13000000000000000,2.64000000000000012
0.04424385273783900,-0.05927722934654256,0.02203960246280694,-1.33290424830881671,-1.31851871998041559,-2.05953106523905838,0.13000000000000000,2.64000000000000012
0.04411027838903197,-0.05940843564342769,0.02183343421828071,-1.33857958798747556,-1.30559940891183879,-2.06382740074405202,0.13000000000000000,2.64000000000000012
0.04397613744852921,-0.05953834766576064,0.02162683826954196,-1.34423607906694809,-1.29263322084074095,-2.06808512972459368,0.13000000000000000,2.64000000000000012
0.04384143180213850,-0.05966696072337973,0.02141981848319499,-1.34987370258048545,-1.27962010621133881,-2.07230413291858095,0.13000000000000000,2.64000000000000012
0.04370616333756723,-0.05979427012106927,0.02121237873783823,-1.35549243950205733,-1.26656001349647274,-2.07648428970154253,0.13000000000000000,2.64000000000000012
0.04357033394442865,-0.05992027115836157,0.02100452292420170,-1.36109227073860151,-1.25345288918045683,-2.08062547806175102,0.13000000000000000,2.64000000000000012
0.04343394551424900,-0.06004495912933722,0.02079625494528702,-1.36667317712215497,-1.24029867774171509,-2.08472757457495650,0.13000000000000000,2.64000000000000012
0.04329699994047540,-0.06016832932242365,0.02058757871650990,-1.37223513940186748,-1.22709732163519725,-2.08879045437873012,0.13000000000000000,2.64000000000000012
0.04315949911848454,-0.06029037702019183,0.02037849816584532,-1.37777813823589335,-1.21384876127457364,-2.09281399114641520,0.13000000000000000,2.64000000000000012
0.04302144494559217,-0.06041109749915132,0.02016901723397521,-1.38330215418315849,-1.20055293501420213,-2.09679805706067413,0.13000000000000000,2.64000000000000012
0.04288283932106348,-0.06053048602954336,0.01995913987443891,-1.38880716769500157,-1.18720977913086512,-2.10074252278662410,0.13000000000000000,2.64000000000000012
0.04274368414612423,-0.06064853787513225,0.01974887005378624,-1.39429315910668605,-1.17381922780527215,-2.10464725744455405,0.13000000000000000,2.64000000000000012
0.04260398132397285,-0.06076524829299475,0.01953821175173339,-1.39976010862878031,-1.16038121310332420,-2.10851212858221482,0.13000000000000000,2.64000000000000012
0.04246373275979329,-0.06088061253330769,0.01932716896132159,-1.40520799633840210,-1.14689566495713446,-2.11233700214667186,0.13000000000000000,2.64000000000000012
0.04232294036076882,-0.06099462583913363,0.01911574568907856,-1.41063680217032661,-1.13336251114580389,-2.11612174245571349,0.13000000000000000,2.64000000000000012
0.04218160603609675,-0.06110728344620458,0.01890394595518293,-1.41604650590795367,-1.11978167727594391,-2.11986621216880522,0.13000000000000000,2.64000000000000012
0.04203973169700400,-0.06121858058270374,0.01869177379363153,-1.42143708717413109,-1.10615308676194468,-2.12357027225758177,0.13000000000000000,2.64000000000000012
0.04189731925676360,-0.06132851246904534,0.01847923325240966,-1.42680852542183145,-1.09247666080598327,-2.12723378197586621,0.13000000000000000,2.64000000000000012
0.04175437063071218,-0.06143707431765235,0.01826632839366438,-1.43216079992467948,-1.07875231837776653,-2.13085659882920497,0.13000000000000000,2.64000000000000012
0.04161088773626839,-0.06154426133273224,0.01805306329388092,-1.43749388976732551,-1.06497997619400619,-2.13443857854391439,0.13000000000000000,2.64000000000000012
0.04146687249295224,-0.06165006871005065,0.01783944204406215,-1.44280777383566328,-1.05115954869761929,-2.13797957503562142,0.13000000000000000,2.64000000000000012
0.04132232682240554,-0.06175449163670291,0.01762546874991121,-1.44810243080688728,-1.03729094803665012,-2.14147944037729410,0.13000000000000000,2.64000000000000012
0.04117725264841320,-0.06185752529088356,0.01741114753201747,-1.45337783913938678,-1.02337408404290842,-2.14493802476674800,0.13000000000000000,2.64000000000000012
0.04103165189692569,-0.06195916484165359,0.01719648252604562,-1.45863397706247233,-1.00940886421032050,-2.14835517649361796,0.13000000000000000,2.64000000000000012
0.04088552649608240,-0.06205940544870558,0.01698147788292820,-1.46387082256593226,-0.99539519367298479,-2.15173074190578584,0.13000000000000000,2.64000000000000012
0.04073887837623620,-0.06215824226212659,0.01676613776906148,-1.46908835338941368,-0.98133297518293039,-2.15506456537525048,0.13000000000000000,2.64000000000000012
0.04059170946997893,-0.06225567042215887,0.01655046636650475,-1.47428654701162443,-0.96722210908757134,-2.15835648926342927,0.13000000000000000,2.64000000000000012
0.04044402171216806,-0.06235168505895820,0.01633446787318316,-1.47946538063935340,-0.95306249330685100,-2.16160635388588140,0.13000000000000000,2.64000000000000012
0.04029581703995445,-0.06244628129235003,0.01611814650309410,-1.48462483119630329,-0.93885402331007284,-2.16481399747643444,0.13000000000000000,2.64000000000000012
0.04014709739281121,-0.06253945423158323,0.01590150648651718,-1.48976487531173207,-0.92459659209241007,-2.16797925615070985,0.13000000000000000,2.64000000000000012
0.03999786471256373,-0.06263119897508150,0.01568455207022788,-1.49488548930889831,-0.91029009015109019,-2.17110196386902787,0.13000000000000000,2.64000000000000012
0.03984812094342087,-0.06272151061019234,0.01546728751771500,-1.49998664919330760,-0.89593440546124758,-2.17418195239868162,0.13000000000000000,2.64000000000000012
0.03969786803200732,-0.06281038421293364,0.01524971710940186,-1.50506833064075329,-0.88152942345143848,-2.17721905127556647,0.13000000000000000,2.64000000000000012
0.03954710792739717,-0.06289781484773781,0.01503184514287137,-1.51013050898514778,-0.86707502697881311,-2.18021308776515088,0.13000000000000000,2.64000000000000012
0.03939584258114875,-0.06298379756719333,0.01481367593309509,-1.51517315920613860,-0.85257109630393801,-2.18316388682277296,0.13000000000000000,2.64000000000000012
0.03924407394734064,-0.06306832741178386,0.01459521381266621,-1.52019625591650653,-0.83801750906526273,-2.18607127105325239,0.13000000000000000,2.64000000000000012
0.03909180398260904,-0.06315139940962472,0.01437646313203667,-1.52519977334933721,-0.82341414025322490,-2.18893506066979526,0.13000000000000000,2.64000000000000012
0.03893903464618634,-0.06323300857619678,0.01415742825975844,-1.53018368534496396,-0.80876086218398657,-2.19175507345218623,0.13000000000000000,2.64000000000000012
0.03878576789994113,-0.06331314991407769,0.01393811358272891,-1.53514796533767384,-0.79405754447279608,-2.19453112470424294,0.13000000000000000,2.64000000000000012
0.03863200570841940,-0.06339181841267048,0.01371852350644073,-1.54009258634217328,-0.77930405400696834,-2.19726302721052313,0.13000000000000000,2.64000000000000012
0.03847775003888725,-0.06346900904792936,0.01349866245523585,-1.54501752093980649,-0.76450025491847684,-2.19995059119226477,0.13000000000000000,2.64000000000000012
0.03832300286137486,-0.06354471678208282,0.01327853487256416,-1.54992274126452068,-0.74964600855615049,-2.20259362426254324,0.13000000000000000,2.64000000000000012
0.03816776614872201,-0.06361893656335388,0.01305814522124654,-1.55480821898857213,-0.73474117345746837,-2.20519193138062786,0.13000000000000000,2.64000000000000012
0.03801204187662494,-0.06369166332567758,0.01283749798374254,-1.55967392530796722,-0.71978560531994540,-2.20774531480552128,0.13000000000000000,2.64000000000000012
0.03785583202368471,-0.06376289198841549,0.01261659766242283,-1.56451983092763092,-0.70477915697210103,-2.21025357404866085,0.13000000000000000,2.64000000000000012
0.03769913857145707,-0.06383261745606736,0.01239544877984628,-1.56934590604629709,-0.68972167834400433,-2.21271650582576518,0.13000000000000000,2.64000000000000012
0.03754196350450386,-0.06390083461797977,0.01217405587904206,-1.57415212034111329,-0.67461301643738758,-2.21513390400780752,0.13000000000000000,2.64000000000000012
0.03738430881044592,-0.06396753834805181,0.01195242352379650,-1.57893844295195329,-0.65945301529532041,-2.21750555957109308,0.13000000000000000,2.64000000000000012
0.03722617648001765,-0.06403272350443767,0.01173055629894520,-1.58370484246542920,-0.64424151597143720,-2.21983126054642366,0.13000000000000000,2.64000000000000012
0.03706756850712311,-0.06409638492924612,0.01150845881067006,-1.58845128689859694,-0.62897835649870937,-2.22211079196732531,0.13000000000000000,2.64000000000000012
0.03690848688889383,-0.06415851744823686,0.01128613568680173,-1.59317774368234710,-0.61366337185775477,-2.22434393581732248,0.13000000000000000,2.64000000000000012
0.03674893362574828,-0.06421911587051372,0.01106359157712720,-1.59788417964447249,-0.59829639394467549,-2.22653047097623125,0.13000000000000000,2.64000000000000012
0.03658891072145299,-0.06427817498821456,0.01084083115370296,-1.60257056099240480,-0.58287725153841641,-2.22867017316545279,0.13000000000000000,2.64000000000000012
0.03642842018318553,-0.06433568957619787,0.01061785911117361,-1.60723685329561294,-0.56740577026763483,-2.23076281489224471,0.13000000000000000,2.64000000000000012
0.03626746402159913,-0.06439165439172612,0.01039468016709607,-1.61188302146765206,-0.55188177257707349,-2.23280816539294236,0.13000000000000000,2.64000000000000012
0.03610604425088927,-0.06444606417414561,0.01017129906226959,-1.61650902974785771,-0.53630507769342795,-2.23480599057511098,0.13000000000000000,2.64000000000000012
0.03594416288886195,-0.06449891364456301,0.00994772056107155,-1.62111484168267261,-0.52067550159069820,-2.23675605295860125,0.13000000000000000,2.64000000000000012
0.03578182195700397,-0.06455019750551824,0.00972394945179922,-1.62570042010660010,-0.50499285695501739,-2.23865811161548223,0.13000000000000000,2.64000000000000012
0.03561902348055507,-0.06459991044065401,0.00949999054701762,-1.63026572712277074,-0.48925695314894579,-2.24051192210882721,0.13000000000000000,2.64000000000000012
0.03545576948858212,-0.06464804711438155,0.00927584868391349,-1.63481072408311645,-0.47346759617522272,-2.24231723643032366,0.13000000000000000,2.64000000000000012
0.03529206201405513,-0.06469460217154285,0.00905152872465563,-1.63933537156813802,-0.45762458863996530,-2.24407380293668091,0.13000000000000000,2.64000000000000012
0.03512790309392554,-0.06473957023706917,0.00882703555676158,-1.64383962936625849,-0.44172772971530461,-2.24578136628480829,0.13000000000000000,2.64000000000000012
0.03496329476920641,-0.06478294591563563,0.00860237409347096,-1.64832345645275002,-0.42577681510144921,-2.24743966736573109,0.13000000000000000,2.64000000000000012
0.03479823908505483,-0.06482472379131225,0.00837754927412539,-1.65278681096822289,-0.40977163698816588,-2.24904844323721775,0.13000000000000000,2.64000000000000012
0.03463273809085646,-0.06486489842721083,0.00815256606455520,-1.65722965019666679,-0.39371198401566676,-2.25060742705508687,0.13000000000000000,2.64000000000000012
0.03446679384031234,-0.06490346436512806,0.00792742945747316,-1.66165193054303084,-0.37759764123489259,-2.25211634800316007,0.13000000000000000,2.64000000000000012
0.03430040839152791,-0.06494041612518463,0.00770214447287525,-1.66605360751033116,-0.36142839006718142,-2.25357493122183206,0.13000000000000000,2.64000000000000012
0.03413358380710439,-0.06497574820546011,0.00747671615844859,-1.67043463567627293,-0.34520400826331105,-2.25498289773522220,0.13000000000000000,2.64000000000000012
0.03396632215423248,-0.06500945508162394,0.00725114958998679,-1.67479496866937438,-0.32892426986190493,-2.25633996437687268,0.13000000000000000,2.64000000000000012
0.03379862550478850,-0.06504153120656204,0.00702544987181279,-1.67913455914458054,-0.31258894514718943,-2.25764584371396060,0.13000000000000000,2.64000000000000012
0.03363049593543298,-0.06507197100999927,0.00679962213720935,-1.68345335875834934,-0.29619780060609113,-2.25890024396998612,0.13000000000000000,2.64000000000000012
0.03346193552771182,-0.06510076889811746,0.00657367154885735,-1.68775131814320156,-0.27975059888466247,-2.26010286894589907,0.13000000000000000,2.64000000000000012
0.03329294636815990,-0.06512791925316920,0.00634760329928203,-1.69202838688171475,-0.26324709874382340,-2.26125341793962731,0.13000000000000000,2.64000000000000012
0.03312353054840747,-0.06515341643308703,0.00612142261130741,-1.69628451347994935,-0.24668705501440699,-2.26235158566396688,0.13000000000000000,2.64000000000000012
0.03295369016528914,-0.06517725477108816,0.00589513473851898,-1.70051964534029110,-0.23007021855149665,-2.26339706216279346,0.13000000000000000,2.64000000000000012
0.03278342732095559,-0.06519942857527461,0.00566874496573484,-1.70473372873369255,-0.21339633618804218,-2.26438953272555388,0.13000000000000000,2.64000000000000012
0.03261274412298819,-0.06521993212822862,0.00544225860948549,-1.70892670877129915,-0.19666515068774165,-2.26532867779999325,0.13000000000000000,2.64000000000000012
0.03244164268451636,-0.06523875968660334,0.00521568101850245,-1.71309852937544127,-0.17987640069717623,-2.26621417290307869,0.13000000000000000,2.64000000000000012
0.03227012512433798,-0.06525590548070870,0.00498901757421585,-1.71724913324997619,-0.16302982069718447,-2.26704568853006849,0.13000000000000000,2.64000000000000012
0.03209819356704272,-0.06527136371409240,0.00476227369126127,-1.72137846184996102,-0.14612514095346252,-2.26782289006168369,0.13000000000000000,2.64000000000000012
0.03192585014313849,-0.06528512856311582,0.00453545481799584,-1.72548645535063883,-0.12916208746637653,-2.26854543766933547,0.13000000000000000,2.64000000000000012
0.03175309698918095,-0.06529719417652501,0.00430856643702409,-1.72957305261571803,-0.11214038191997305,-2.26921298621835454,0.13000000000000000,2.64000000000000012
0.03157993624790634,-0.06530755467501646,0.00408161406573338,-1.73363819116492723,-0.09505974163017326,-2.26982518516917819,0.13000000000000000,2.64000000000000012
0.03140637006836752,-0.06531620415079765,0.00385460325683950,-1.73768180714082154,-0.07791987949213658,-2.27038167847643679,0.13000000000000000,2.64000000000000012
0.03123240060607334,-0.06532313666714232,0.00362753959894235,-1.74170383527482464,-0.06072050392677861,-2.27088210448589267,0.13000000000000000,2.64000000000000012
0.03105803002313151,-0.06532834625794032,0.00340042871709206,-1.74570420885247990,-0.04346131882642885,-2.27132609582916922,0.13000000000000000,2.64000000000000012
0.03088326048839496,-0.06533182692724200,0.00317327627336577,-1.74968285967789128,-0.02614202349961238,-2.27171327931622047,0.13000000000000000,2.64000000000000012
0.03070809417761181,-0.06533357264879705,0.00294608796745531,-1.75363971803733087,-0.00876231261494047,-2.27204327582547849,0.13000000000000000,2.64000000000000012
0.03053253327357898,-0.06533357736558765,0.00271886953726587,-1.75757471266198761,0.00867812385590596,-2.27231570019161966,0.13000000000000000,2.64000000000000012
0.03035657996629960,-0.06533183498935589,0.00249162675952615,-1.76148777068983442,0.02617960069611593,-2.27253016109088701,0.13000000000000000,2.64000000000000012
0.03018023645314432,-0.06532833940012536,0.00226436545041001,-1.76537881762658833,0.04374243750262730,-2.27268626092390980,0.13000000000000000,2.64000000000000012
0.03000350493901644,-0.06532308444571676,0.00203709146617002,-1.76924777730573646,0.06136695874596165,-2.27278359569594723,0.13000000000000000,2.64000000000000012
0.02982638763652128,-0.06531606394125754,0.00180981070378306,-1.77309457184760100,0.07905349383103187,-2.27282175489449489,0.13000000000000000,2.64000000000000012
0.02964888676613949,-0.06530727166868536,0.00158252910160837,-1.77691912161741783,0.09680237715893948,-2.27280032136418209,0.13000000000000000,2.64000000000000012
0.02947100455640476,-0.06529670137624537,0.00135525264005817,-1.78072134518239622,0.11461394818977920,-2.27271887117888882,0.13000000000000000,2.64000000000000012
0.02929274324408577,-0.06528434677798108,0.00112798734228128,-1.78450115926773289,0.13248855150646813,-2.27257697351100862,0.13000000000000000,2.64000000000000012
0.02911410507437267,-0.06527020155321887,0.00090073927485991,-1.78825847871154897,0.15042653687961771,-2.27237419049778078,0.13000000000000000,2.64000000000000012
0.02893509230106804,-0.06525425934604596,0.00067351454851996,-1.79199321641871778,0.16842825933346631,-2.27211007710461566,0.13000000000000000,2.64000000000000012
0.02875570718678266,-0.06523651376478165,0.00044631931885524,-1.79570528331355117,0.18649407921289107,-2.27178418098533008,0.13000000000000000,2.64000000000000012
0.02857595200313585,-0.06521695838144190,0.00021915978706565,-1.79939458829131094,0.20462436225151764,-2.27139604233921055,0.13000000000000000,2.64000000000000012
0.02839582903096099,-0.06519558673119698,-0.00000795779929000,-1.80306103816850993,0.22281947964094664,-2.27094519376482040,0.13000000000000000,2.64000000000000012
0.02821534056051581,-0.06517239231182217,-0.00023502714552653,-1.80670453763196681,0.24107980810111621,-2.27043116011045942,0.13000000000000000,2.64000000000000012
0.02803448889169805,-0.06514736858314139,-0.00046204190904968,-1.81032498918657803,0.25940572995182004,-2.26985345832118757,0.13000000000000000,2.64000000000000012
0.02785327633426625,-0.06512050896646354,-0.00068899569855808,-1.81392229310176756,0.27779763318540085,-2.26921159728231681,0.13000000000000000,2.64000000000000012
0.02767170520806610,-0.06509180684401160,-0.00091588207322919,-1.81749634735657550,0.29625591154063874,-2.26850507765927834,0.13000000000000000,2.64000000000000012
0.02748977784326222,-0.06506125555834420,-0.00114269454188926,-1.82104704758334313,0.31478096457785559,-2.26773339173375854,0.13000000000000000,2.64000000000000012
0.02730749658057574,-0.06502884841176972,-0.00136942656216651,-1.82457428700995328,0.33337319775525515,-2.26689602323600869,0.13000000000000000,2.64000000000000012
0.02712486377152768,-0.06499457866575256,-0.00159607153962750,-1.82807795640058157,0.35203302250652024,-2.26599244717321691,0.13000000000000000,2.64000000000000012
0.02694188177868836,-0.06495843954031175,-0.00182262282689605,-1.83155794399491234,0.37076085631968769,-2.26502212965383398,0.13000000000000000,2.64000000000000012
0.02675855297593296,-0.06492042421341140,-0.00204907372275440,-1.83501413544577341,0.38955712281732258,-2.26398452770774128,0.13000000000000000,2.64000000000000012
0.02657487974870335,-0.06488052582034330,-0.00227541747122623,-1.83844641375514017,0.40842225183801312,-2.26287908910214419,0.13000000000000000,2.64000000000000012
0.02639086449427649,-0.06483873745310111,-0.00250164726064092,-1.84185465920845881,0.42735667951920792,-2.26170525215306828,0.13000000000000000,2.64000000000000012
0.02620650962203943,-0.06479505215974628,-0.00272775622267892,-1.84523874930723686,0.44636084838141776,-2.26046244553233855,0.13000000000000000,2.64000000000000012
0.02602181755377115,-0.06474946294376553,-0.00295373743139741,-1.84859855869984657,0.46543520741380395,-2.25915008806990869,0.13000000000000000,2.64000000000000012
0.02583679072393136,-0.06470196276341961,-0.00317958390223607,-1.85193395911048664,0.48458021216117564,-2.25776758855141280,0.13000000000000000,2.64000000000000012
0.02565143157995665,-0.06465254453108331,-0.00340528859100227,-1.85524481926624207,0.50379632481241876,-2.25631434551079835,0.13000000000000000,2.64000000000000012
0.02546574258256381,-0.06460120111257660,-0.00363084439283542,-1.85853100482218547,0.52308401429037943,-2.25478974701790502,0.13000000000000000,2.64000000000000012
0.02527972620606096,-0.06454792532648665,-0.00385624414114963,-1.86179237828445499,0.54244375634322428,-2.25319317046083656,0.13000000000000000,2.64000000000000012
0.02509338493866632,-0.06449270994348072,-0.00408148060655445,-1.86502879893124707,0.56187603363730187,-2.25152398232298401,0.13000000000000000,2.64000000000000012
0.02490672128283507,-0.06443554768560956,-0.00430654649575308,-1.86824012273165585,0.58138133585152707,-2.24978153795453606,0.13000000000000000,2.64000000000000012
0.02471973775559438,-0.06437643122560144,-0.00453143445041730,-1.87142620226229184,0.60096015977331307,-2.24796518133832413,0.13000000000000000,2.64000000000000012
0.02453243688888697,-0.06431535318614638,-0.00475613704603887,-1.87458688662160777,0.62061300939607367,-2.24607424484982987,0.13000000000000000,2.64000000000000012
0.02434482122992326,-0.06425230613917066,-0.00498064679075648,-1.87772202134185728,0.64034039601831949,-2.24410804901118910,0.13000000000000000,2.64000000000000012
0.02415689334154253,-0.06418728260510125,-0.00520495612415789,-1.88083144829861215,0.66014283834437237,-2.24206590223901037,0.13000000000000000,2.64000000000000012
0.02396865580258318,-0.06412027505212015,-0.00542905741605651,-1.88391500561775560,0.68002086258672079,-2.23994710058583024,0.13000000000000000,2.64000000000000012
0.02378011120826250,-0.06405127589540836,-0.00565294296524177,-1.88697252757987277,0.69997500257004053,-2.23775092747501025,0.13000000000000000,2.64000000000000012
0.02359126217056607,-0.06398027749637944,-0.00587660499820268,-1.89000384452195047,0.72000579983690405,-2.23547665342888635,0.13000000000000000,2.64000000000000012
0.02340211131864714,-0.06390727216190228,-0.00610003566782386,-1.89300878273629913,0.74011380375520264,-2.23312353578996436,0.13000000000000000,2.64000000000000012
0.02321266129923627,-0.06383225214351322,-0.00632322705205328,-1.89598716436660575,0.76029957162730377,-2.23069081843495320,0.13000000000000000,2.64000000000000012
0.02302291477706157,-0.06375520963661700,-0.00654617115254112,-1.89893880730102205,0.78056366880096839,-2.22817773148142084,0.13000000000000000,2.64000000000000012
0.02283287443527962,-0.06367613677967664,-0.00676885989324885,-1.90186352506218914,0.80090666878205097,-2.22558349098684749,0.13000000000000000,2.64000000000000012
0.02264254297591776,-0.06359502565339187,-0.00699128511902783,-1.90476112669409714,0.82132915334900458,-2.22290729863984771,0.13000000000000000,2.64000000000000012
0.02245192312032769,-0.06351186827986614,-0.00721343859416670,-1.90763141664567404,0.84183171266921530,-2.22014834144331852,0.13000000000000000,2.64000000000000012
0.02226101760965093,-0.06342665662176181,-0.00743531200090657,-1.91047419465099177,0.86241494541718744,-2.21730579138926798,0.13000000000000000,2.64000000000000012
0.02206982920529647,-0.06333938258144341,-0.00765689693792335,-1.91328925560597751,0.88307945889460171,-2.21437880512506657,0.13000000000000000,2.64000000000000012
0.02187836068943088,-0.06325003800010888,-0.00787818491877621,-1.91607638944151093,0.90382586915226892,-2.21136652361085728,0.13000000000000000,2.64000000000000012
0.02168661486548134,-0.06315861465690846,-0.00809916737032135,-1.91883538099278272,0.92465480111399978,-2.20826807176785023,0.13000000000000000,2.64000000000000012
0.02149459455865186,-0.06306510426805115,-0.00831983563109016,-1.92156600986478932,0.94556688870241201,-2.20508255811721376,0.13000000000000000,2.64000000000000012
0.02130230261645322,-0.06296949848589840,-0.00854018094963072,-1.92426805029382852,0.96656277496669463,-2.20180907440927198,0.13000000000000000,2.64000000000000012
0.02110974190924695,-0.06287178889804505,-0.00876019448281177,-1.92694127100485990,0.98764311221234891,-2.19844669524270087,0.13000000000000000,2.64000000000000012
0.02091691533080374,-0.06277196702638706,-0.00897986729408810,-1.92958543506458491,1.00880856213292525,-2.19499447767340827,0.13000000000000000,2.64000000000000012
0.02072382579887679,-0.06267002432617608,-0.00919919035172625,-1.93220029973010021,1.03005979594377273,-2.19145146081276865,0.13000000000000000,2.64000000000000012
0.02053047625579058,-0.06256595218506050,-0.00941815452698952,-1.93478561629296752,1.05139749451781972,-2.18781666541487763,0.13000000000000000,2.64000000000000012
0.02033686966904538,-0.06245974192211280,-0.00963675059228112,-1.93734112991853946,1.07282234852339942,-2.18408909345246860,0.13000000000000000,2.64000000000000012
0.02014300903193809,-0.06235138478684302,-0.00985496921924438,-1.93986657948037555,1.09433505856413693,-2.18026772768113419,0.13000000000000000,2.64000000000000012
0.01994889736419997,-0.06224087195819817,-0.01007280097681871,-1.94236169738957276,1.11593633532091019,-2.17635153119146763,0.13000000000000000,2.64000000000000012
0.01975453771265157,-0.06212819454354734,-0.01029023632925021,-1.94482620941883200,1.13762689969589648,-2.17233944694873937,0.13000000000000000,2.64000000000000012
0.01955993315187563,-0.06201334357765222,-0.01050726563405557,-1.94725983452107032,1.15940748295871532,-2.16823039731970013,0.13000000000000000,2.64000000000000012
0.01936508678490837,-0.06189631002162304,-0.01072387913993803,-1.94966228464238545,1.18127882689467700,-2.16402328358608775,0.13000000000000000,2.64000000000000012
0.01917000174394974,-0.06177708476185943,-0.01094006698465393,-1.95203326452916692,1.20324168395514119,-2.15971698544440427,0.13000000000000000,2.64000000000000012
0.01897468119109331,-0.06165565860897623,-0.01115581919282869,-1.95437247152914528,1.22529681740999319,-2.15531036049151004,0.13000000000000000,2.64000000000000012
0.01877912831907634,-0.06153202229671395,-0.01137112567372039,-1.95667959538615599,1.24744500150223936,-2.15080224369556205,0.13000000000000000,2.64000000000000012
0.01858334635205067,-0.06140616648083363,-0.01158597621892992,-1.95895431802839015,1.26968702160472002,-2.14619144685181418,0.13000000000000000,2.64000000000000012
0.01838733854637519,-0.06127808173799591,-0.01180036050005577,-1.96119631334989397,1.29202367437893972,-2.14147675802276849,0.13000000000000000,2.64000000000000012
0.01819110819143049,-0.06114775856462415,-0.01201426806629211,-1.96340524698506713,1.31445576793600849,-2.13665694096215608,0.13000000000000000,2.64000000000000012
0.01799465861045632,-0.06101518737575134,-0.01222768834196844,-1.96558077607590165,1.33698412199968431,-2.13173073452219919,0.13000000000000000,2.64000000000000012
0.01779799316141287,-0.06088035850385058,-0.01244061062402904,-1.96772254903169164,1.35960956807150768,-2.12669685204359116,0.13000000000000000,2.64000000000000012
0.01760111523786631,-0.06074326219764898,-0.01265302407945060,-1.96983020528093267,1.38233294959800923,-2.12155398072760537,0.13000000000000000,2.64000000000000012
0.01740402826989967,-0.06060388862092470,-0.01286491774259613,-1.97190337501511892,1.40515512213997340,-2.11630078098972296,0.13000000000000000,2.64000000000000012
0.01720673572504964,-0.06046222785128698,-0.01307628051250322,-1.97394167892413153,1.42807695354373410,-2.11093588579414293,0.13000000000000000,2.64000000000000012
0.01700924110927038,-0.06031826987893893,-0.01328710115010489,-1.97594472792290055,1.45109932411447184,-2.10545789996852095,0.13000000000000000,2.64000000000000012
0.01681154796792502,-0.06017200460542291,-0.01349736827538074,-1.97791212286900997,1.47422312679148160,-2.09986539949824635,0.13000000000000000,2.64000000000000012
0.01661365988680592,-0.06002342184234829,-0.01370707036443662,-1.97984345427089781,1.49744926732537120,-2.09415693079954801,0.13000000000000000,2.64000000000000012
0.01641558049318458,-0.05987251131010132,-0.01391619574651044,-1.98173830198629197,1.52077866445714571,-2.08833100997069110,0.13000000000000000,2.64000000000000012
0.01621731345689219,-0.05971926263653712,-0.01412473260090198,-1.98359623491050585,1.54421225009912666,-2.08238612202049422,0.13000000000000000,2.64000000000000012
0.01601886249143194,-0.05956366535565340,-0.01433266895382441,-1.98541681065419917,1.56775096951764903,-2.07632072007336488,0.13000000000000000,2.64000000000000012
0.01582023135512400,-0.05940570890624589,-0.01453999267517508,-1.98719957521019586,1.59139578151747130,-2.07013322455002680,0.13000000000000000,2.64000000000000012
0.01562142385228446,-0.05924538263054513,-0.01474669147522317,-1.98894406260893053,1.61514765862782483,-2.06382202232306833,0.13000000000000000,2.64000000000000012
0.01542244383443929,-0.05908267577283473,-0.01495275290121154,-1.99064979456207647,1.63900758729002183,-2.05738546584641702,0.13000000000000000,2.64000000000000012
0.01522329520157454,-0.05891757747805070,-0.01515816433387021,-1.99231628009389028,1.66297656804653160,-2.05082187225780066,0.13000000000000000,2.64000000000000012
0.01502398190342405,-0.05875007679036179,-0.01536291298383875,-1.99394301515978301,1.68705561573142537,-2.04412952245322055,0.13000000000000000,2.64000000000000012
0.01482450794079592,-0.05858016265173079,-0.01556698588799458,-1.99552948225161209,1.71124575966207848,-2.03730666013242390,0.13000000000000000,2.64000000000000012
0.01462487736693924,-0.05840782390045657,-0.01577036990568438,-1.99707514998916058,1.73554804383200789,-2.03035149081431943,0.13000000000000000,2.64000000000000012
0.01442509428895227,-0.05823304926969677,-0.01597305171485550,-1.99857947269724745,1.75996352710471182,-2.02326218082123299,0.13000000000000000,2.64000000000000012
0.01422516286923371,-0.05805582738597104,-0.01617501780808416,-2.00004188996788912,1.78449328340836377,-2.01603685623086326,0.13000000000000000,2.64000000000000012
0.01402508732697854,-0.05787614676764486,-0.01637625448849720,-2.00146182620690416,1.80913840193119868,-2.00867360179474019,0.13000000000000000,2.64000000000000012
0.01382487193971994,-0.05769399582339374,-0.01657674786558393,-2.00283869016432581,1.83389998731741688,-2.00117045982194597,0.13000000000000000,2.64000000000000012
0.01362452104491909,-0.05750936285064778,-0.01677648385089460,-2.00417187444795797,1.85877915986341202,-1.99352542902680296,0.13000000000000000,2.64000000000000012
0.01342403904160443,-0.05732223603401664,-0.01697544815362173,-2.00546075501937970,1.88377705571411158,-1.98573646333917808,0.13000000000000000,2.64000000000000012
0.01322343039206223,-0.05713260344369489,-0.01717362627606060,-2.00670469067167057,1.90889482705920499,-1.97780147067599876,0.13000000000000000,2.64000000000000012
0.01302269962358034,-0.05694045303384775,-0.01737100350894484,-2.00790302248809516,1.93413364232900475,-1.96971831167251166,0.13000000000000000,2.64000000000000012
0.01282185133024708,-0.05674577264097722,-0.01756756492665307,-2.00905507328094846,1.95949468638967561,-1.96148479837175738,0.13000000000000000,2.64000000000000012
0.01262089017480724,-0.05654854998226879,-0.01776329538228241,-2.01016014700973189,1.98497916073753311,-1.95309869287066395,0.13000000000000000,2.64000000000000012
0.01241982089057737,-0.05634877265391877,-0.01795817950258425,-2.01121752817777777,2.01058828369209497,-1.94455770592109656,0.13000000000000000,2.64000000000000012
0.01221864828342244,-0.05614642812944236,-0.01815220168275787,-2.01222648120641567,2.03632329058754014,-1.93585949548412817,0.13000000000000000,2.64000000000000012
0.01201737723379636,-0.05594150375796273,-0.01834534608109709,-2.01318624978571270,2.06218543396219678,-1.92700166523571936,0.13000000000000000,2.64000000000000012
0.01181601269884856,-0.05573398676248117,-0.01853759661348489,-2.01409605620078702,2.08817598374565883,-1.91798176302191559,0.13000000000000000,2.64000000000000012
0.01161455971459922,-0.05552386423812879,-0.01872893694773104,-2.01495510063263783,2.11429622744308743,-1.90879727926159126,0.13000000000000000,2.64000000000000012
0.01141302339818576,-0.05531112315039981,-0.01891935049774726,-2.01576256043238544,2.14054747031622483,-1.89944564529467863,0.13000000000000000,2.64000000000000012
0.01121140895018326,-0.05509575033336708,-0.01910882041755435,-2.01651758936776559,2.16693103556060773,-1.88992423167372858,0.13000000000000000,2.64000000000000012
0.01100972165700168,-0.05487773248787996,-0.01929732959511564,-2.01721931684065536,2.19344826447842323,-1.88023034639655973,0.13000000000000000,2.64000000000000012
0.01080796689336280,-0.05465705617974526,-0.01948486064599054,-2.01786684707435882,2.22010051664640917,-1.87036123307764446,0.13000000000000000,2.64000000000000012
0.01060615012486005,-0.05443370783789158,-0.01967139590680219,-2.01845925826931083,2.24688917007815325,-1.86031406905578112,0.13000000000000000,2.64000000000000012
0.01040427691060439,-0.05420767375251782,-0.01985691742851250,-2.01899560172579262,2.27381562138009219,-1.85008596343548715,0.13000000000000000,2.64000000000000012
0.01020235290595957,-0.05397894007322634,-0.02004140696949792,-2.01947490093217974,2.30088128590045615,-1.83967395505943609,0.13000000000000000,2.64000000000000012
0.01000038386537045,-0.05374749280714166,-0.02022484598841891,-2.01989615061717531,2.32808759787034658,-1.82907501040913401,0.13000000000000000,2.64000000000000012
0.00979837564528791,-0.05351331781701552,-0.02040721563687578,-2.02025831576439430,2.35543601053607343,-1.81828602143090867,0.13000000000000000,2.64000000000000012
0.00959633420719424,-0.05327640081931910,-0.02058849675184320,-2.02056033058758677,2.38292799628180374,-1.80730380328414664,0.13000000000000000,2.64000000000000012
0.00939426562073309,-0.05303672738232356,-0.02076866984787558,-2.02080109746470304,2.41056504674150540,-1.79612509200857295,0.13000000000000000,2.64000000000000012
0.00919217606694812,-0.05279428292416996,-0.02094771510907499,-2.02097948582890163,2.43834867289908486,-1.78474654210722261,0.13000000000000000,2.64000000000000012
0.00899007184163481,-0.05254905271092977,-0.02112561238081297,-2.02109433101451552,2.46628040517554181,-1.77316472404159375,0.13000000000000000,2.64000000000000012
0.00878795935881001,-0.05230102185465740,-0.02130234116119734,-2.02114443305587654,2.49436179350186027,-1.76137612163531032,0.13000000000000000,2.64000000000000012
0.00858584515430401,-0.05205017531143624,-0.02147788059227464,-2.02112855543679837,2.52259440737626406,-1.74937712938245049,0.13000000000000000,2.64000000000000012
0.00838373588948029,-0.05179649787941972,-0.02165220945095848,-2.02104542378839769,2.55097983590436028,-1.73716404965651705,0.13000000000000000,2.64000000000000012
0.00818163835508812,-0.05153997419686937,-0.02182530613967364,-2.02089372453281113,2.57951968782057239,-1.72473308981583151,0.13000000000000000,2.64000000000000012
0.00797955947525365,-0.05128058874019171,-0.02199714867670529,-2.02067210347023840,2.60821559148914828,-1.71208035920094126,0.13000000000000000,2.64000000000000012
0.00777750631161519,-0.05101832582197612,-0.02216771468624249,-2.02037916430660180,2.63706919488289326,-1.69920186601941081,0.13000000000000000,2.64000000000000012
0.00757548606760885,-0.05075316958903608,-0.02233698138810420,-2.02001346711896979,2.66608216553763411,-1.68609351411315411,0.13000000000000000,2.64000000000000012
0.00737350609291086,-0.05048510402045622,-0.02250492558713601,-2.01957352675573754,2.69525619048027076,-1.67275109960322688,0.13000000000000000,2.64000000000000012
0.00717157388804323,-0.05021411292564797,-0.02267152366226500,-2.01905781116839478,2.72459297612810003,-1.65917030740675786,0.13000000000000000,2.64000000000000012
0.00696969710914991,-0.04994017994241690,-0.02283675155519964,-2.01846473967153894,2.75409424815692416,-1.64534670762043600,0.13000000000000000,2.64000000000000012
0.00676788357295049,-0.04966328853504481,-0.02300058475876116,-2.01779268112760546,2.78376175133525861,-1.63127575176470274,0.13000000000000000,2.64000000000000012
0.00656614126187955,-0.04938342199239031,-0.02316299830483211,-2.01703995205259989,2.81359724932174826,-1.61695276888251427,0.13000000000000000,2.64000000000000012
0.00636447832941940,-0.04910056342601156,-0.02332396675190720,-2.01620481463890489,2.84360252442267925,-1.60237296148623320,0.13000000000000000,2.64000000000000012
0.00616290310563495,-0.04881469576831542,-0.02348346417223108,-2.01528547469101715,2.87377937730622834,-1.58753140134590032,0.13000000000000000,2.64000000000000012
0.00596142410291945,-0.04852580177073752,-0.02364146413850656,-2.01428007946984344,2.90412962666983310,-1.57242302511179810,0.13000000000000000,2.64000000000000012
0.00576005002196068,-0.04823386400195800,-0.02379793971015667,-2.01318671544092975,2.93465510885678382,-1.55704262976387331,0.13000000000000000,2.64000000000000012
0.00555878975793721,-0.04793886484615843,-0.02395286341912252,-2.01200340592174687,2.96535767741783607,-1.54138486788021001,0.13000000000000000,2.64000000000000012
0.00535765240695526,-0.04764078650132540,-0.02410620725517872,-2.01072810862286921,2.99623920261331245,-1.52544424271636525,0.13000000000000000,2.64000000000000012
0.00515664727273696,-0.04733961097760715,-0.02425794265074692,-2.00935871307759584,3.02730157085081020,-1.50921510308696183,0.13000000000000000,2.64000000000000012
0.00495578387357146,-0.04703532009572981,-0.02440804046518716,-2.00789303795424701,3.05854668405324404,-1.49269163804050842,0.13000000000000000,2.64000000000000012
0.00475507194954093,-0.04672789548548062,-0.02455647096854607,-2.00632882824503600,3.08997645895154571,-1.47586787131796027,0.13000000000000000,2.64000000000000012
0.00455452147003409,-0.04641731858426580,-0.02470320382473967,-2.00466375232506344,3.12159282629588875,-1.45873765558505841,0.13000000000000000,2.64000000000000012
0.00435414264156066,-0.04610357063575177,-0.02484820807414760,-2.00289539887460721,3.15339772997882495,-1.44129466642798154,0.13000000000000000,2.64000000000000012
0.00415394591588070,-0.04578663268859866,-0.02499145211559472,-2.00102127365747551,3.18539312606319669,-1.42353239610131377,0.13000000000000000,2.64000000000000012
0.00395394199846359,-0.04546648559529612,-0.02513290368769458,-1.99903879614777180,3.21758098170711948,-1.40544414701677800,0.13000000000000000,2.64000000000000012
0.00375414185729232,-0.04514311001111219,-0.02527252984952831,-1.99694529599696136,3.24996327397771978,-1.38702302496059193,0.13000000000000000,2.64000000000000012
0.00355455673202935,-0.04481648639316667,-0.02541029696063117,-1.99473800933265033,3.28254198854464097,-1.36826193202669200,0.13000000000000000,2.64000000000000012
0.00335519814356141,-0.04448659499964151,-0.02554617066025762,-1.99241407487997235,3.31531911824362124,-1.34915355925241331,0.13000000000000000,2.64000000000000012
0.00315607790394143,-0.04415341588914191,-0.02568011584589455,-1.98997052989593248,3.34829666149965766,-1.32969037894253406,0.13000000000000000,2.64000000000000012
0.00295720812674685,-0.04381692892022244,-0.02581209665099065,-1.98740430590647432,3.38147662059843013,-1.30986463666687092,0.13000000000000000,2.64000000000000012
0.00275860123787441,-0.04347711375109423,-0.02594207642186864,-1.98471222423541560,3.41486099979374114,-1.28966834291584975,0.13000000000000000,2.64000000000000012
0.00256026998679313,-0.04313394983953008,-0.02607001769378525,-1.98189099131373303,3.44845180323773004,-1.26909326439768644,0.13000000000000000,2.64000000000000012
0.00236222745827764,-0.04278741644298603,-0.02619588216610224,-1.97893719375697619,3.48225103271954550,-1.24813091495996464,0.13000000000000000,2.64000000000000012
0.00216448708464605,-0.04243749261895933,-0.02631963067653017,-1.97584729319783259,3.51626068519698443,-1.22677254611752451,0.13000000000000000,2.64000000000000012
0.00196706265852731,-0.04208415722560418,-0.02644122317440430,-1.97261762086006609,3.55048275010433478,-1.20500913716764302,0.13000000000000000,2.64000000000000012
0.00176996834618474,-0.04172738892262874,-0.02656061869295074,-1.96924437185919365,3.58491920641827644,-1.18283138487251849,0.13000000000000000,2.64000000000000012
0.00157321870142378,-0.04136716617249839,-0.02667777532049821,-1.96572359921435069,3.61957201946219209,-1.16022969268804821,0.13000000000000000,2.64000000000000012
0.00137682868011365,-0.04100346724197254,-0.02679265017058913,-1.96205120755482310,3.65444313742760807,-1.13719415951681824,0.13000000000000000,2.64000000000000012
0.00118081365535446,-0.04063627020400437,-0.02690519935094124,-1.95822294650367801,3.68953448758970648,-1.11371456796209900,0.13000000000000000,2.64000000000000012
0.00098518943332274,-0.04026555294003541,-0.02701537793120869,-1.95423440371981916,3.72484797219191943,-1.08978037205846623,0.13000000000000000,2.64000000000000012
0.00078997226983075,-0.03989129314271925,-0.02712313990948889,-1.95008099757860398,3.76038546397251006,-1.06538068445343237,0.13000000000000000,2.64000000000000012
0.00059517888763666,-0.03951346831911175,-0.02722843817751906,-1.94575796946989166,3.79614880130375720,-1.04050426301318777,0.13000000000000000,2.64000000000000012
0.00040082649454494,-0.03913205579436799,-0.02733122448450329,-1.94126037569104137,3.83213978291186264,-1.01513949682420268,0.13000000000000000,2.64000000000000012
0.00020693280233879,-0.03874703271598971,-0.02743144939950840,-1.93658307891093129,3.86836016214298395,-0.98927439156103925,0.13000000000000000,2.64000000000000012
0.00001351604658857,-0.03835837605867022,-0.02752906227236356,-1.93172073917952969,3.90481164073782816,-0.96289655418925968,0.13000000000000000,2.64000000000000012
-0.00017940499261685,-0.03796606262978831,-0.02762401119299560,-1.92666780445589669,3.94149586207401459,-0.93599317697079387,0.13000000000000000,2.64000000000000012
-0.00037181096896622,-0.03757006907560619,-0.02771624294912858,-1.92141850062573782,3.97841440383188116,-0.90855102073755067,0.13000000000000000,2.64000000000000012
-0.00056368194719705,-0.03717037188823182,-0.02780570298227265,-1.91596682097774673,4.01556877003556512,-0.88055639739742086,0.13000000000000000,2.64000000000000012
-0.00075499737928596,-0.03676694741341038,-0.02789233534192354,-1.91030651510597016,4.05296038241698486,-0.85199515163512551,0.13000000000000000,2.64000000000000012
-0.00094573607949911,-0.03635977185921572,-0.02797608263789030,-1.90443107720327531,4.09059057104575530,-0.82285264176862116,0.13000000000000000,2.64000000000000012
-0.00113587619824001,-0.03594882130571789,-0.02805688599066469,-1.89833373370871694,4.12846056416306073,-0.79311371971997813,0.13000000000000000,2.64000000000000012
-0.00132539519462806,-0.03553407171571006,-0.02813468497974166,-1.89200743026914875,4.16657147715201059,-0.76276271005781549,0.13000000000000000,2.64000000000000012
-0.00151426980773733,-0.03511549894658447,-0.02820941758979575,-1.88544481797281738,4.20492430057102595,-0.73178338806650167,0.13000000000000000,2.64000000000000012
-0.00170247602642031,-0.03469307876345527,-0.02828102015461386,-1.87863823880988745,4.24351988717021911,-0.70015895679543405,0.13000000000000000,2.64000000000000012
-0.00188998905763713,-0.03426678685363416,-0.02834942729867984,-1.87157971031187542,4.28235893780357468,-0.66787202303979742,0.13000000000000000,2.64000000000000012
-0.00207678329320557,-0.03383659884257396,-0.02841457187630179,-1.86426090931879918,4.32144198614184649,-0.63490457220228413,0.13000000000000000,2.64000000000000012
-0.00226283227488189,-0.03340249031140509,-0.02847638490816722,-1.85667315481947370,4.36076938208250198,-0.60123794198336356,0.13000000000000000,2.64000000000000012
-0.00244810865767687,-0.03296443681620091,-0.02853479551520654,-1.84880738980678028,4.40034127374359230,-0.56685279484582385,0.13000000000000000,2.64000000000000012
-0.00263258417130572,-0.03252241390911959,-0.02858973084963938,-1.84065416208591093,4.44015758791808590,-0.53172908919751061,0.13000000000000000,2.64000000000000012
-0.00281622957966356,-0.03207639716158307,-0.02864111602307262,-1.83220360396950910,4.48021800885386767,-0.49584604923448217,0.13000000000000000,2.64000000000000012
-0.00299901463821192,-0.03162636218966781,-0.02868887403151333,-1.82344541078930167,4.52052195521216138,-0.45918213338522423,0.13000000000000000,2.64000000000000012
-0.00318090804915418,-0.03117228468189740,-0.02873292567715369,-1.81436881814921525,4.56106855504349262,-0.42171500129516543,0.13000000000000000,2.64000000000000012
-0.00336187741426995,-0.03071414042964405,-0.02877318948677876,-1.80496257784009972,4.60185661860532669,-0.38342147928956150,0.13000000000000000,2.64000000000000012
-0.00354188918527060,-0.03025190536036405,-0.02880958162664186,-1.79521493233101537,4.64288460882906318,-0.34427752425193059,0.13000000000000000,2.64000000000000012
-0.00372090861152895,-0.02978555557391283,-0.02884201581364591,-1.78511358774658779,4.68415060922603654,-0.30425818585470071,0.13000000000000000,2.64000000000000012
-0.00389889968502702,-0.02931506738220694,-0.02887040322266281,-1.77464568523417721,4.72565228900230583,-0.26333756707866007,0.13000000000000000,2.64000000000000012
-0.00407582508235577,-0.02884041735252457,-0.02889465238981664,-1.76379777061854770,4.76738686513024756,-0.22148878295828681,0.13000000000000000,2.64000000000000012
-0.00425164610359011,-0.02836158235476232,-0.02891466911155000,-1.75255576223536003,4.80935106110101174,-0.17868391749119483,0.13000000000000000,2.64000000000000012
-0.00442632260785155,-0.02787853961299537,-0.02893035633928708,-1.74090491682815185,4.85154106205558389,-0.13489397865191599,0.13000000000000000,2.64000000000000012
-0.00459981294535854,-0.02739126676171907,-0.02894161406950092,-1.72882979338651754,4.89395246596326317,-0.09008885145321002,0.13000000000000000,2.64000000000000012
-0.00477207388575236,-0.02689974190718547,-0.02894833922898695,-1.71631421479598689,4.93658023048457650,-0.04423724900225449,0.13000000000000000,2.64000000000000012
-0.00494306054247293,-0.02640394369428564,-0.02895042555513992,-1.70334122716263892,4.97941861512068762,0.00269333849535210,0.13000000000000000,2.64000000000000012
-0.00511272629294483,-0.02590385137947080,-0.02894776347102690,-1.68989305666782474,5.02246111821292018,0.05073669682356501,0.13000000000000000,2.64000000000000012
-0.00528102269431891,-0.02539944491025073,-0.02894023995504566,-1.67595106380056191,5.06570040831379043,0.09992794296634694,0.13000000000000000,2.64000000000000012
-0.00544789939449947,-0.02489070501185819,-0.02892773840495487,-1.66149569480726056,5.10912824940451138,0.15030358245942305,0.13000000000000000,2.64000000000000012
-0.00561330403817022,-0.02437761328172298,-0.02891013849606201,-1.64650643019055609,5.15273541938290691,0.20190156888765456,0.13000000000000000,2.64000000000000012
-0.00577718216751534,-0.02386015229245989,-0.02888731603335457,-1.63096173008125711,5.19651162118966603,0.25476136551450418,0.13000000000000000,2.64000000000000012
-0.00593947711731374,-0.02333830570414059,-0.02885914279736318,-1.61483897629991890,5.24044538587930653,0.30892400900828487,0.13000000000000000,2.64000000000000012
-0.00610012990406605,-0.02281205838669275,-0.02882548638354967,-1.59811441091751294,5.28452396687472170,0.36443217520346799,0.13000000000000000,2.64000000000000012
-0.00625907910879448,-0.02228139655334887,-0.02878621003502102,-1.58076307111830072,5.32873322457010179,0.42133024680346043,0.13000000000000000,2.64000000000000012
-0.00641626075313561,-0.02174630790615533,-0.02874117246838127,-1.56275872016262585,5.37305750036588403,0.47966438289299357,0.13000000000000000,2.64000000000000012
-0.00657160816832595,-0.02120678179464776,-0.02869022769254888,-1.54407377424326531,5.41747947913051942,0.53948259008249488,0.13000000000000000,2.64000000000000012
-0.00672505185665906,-0.02066280938890444,-0.02863322482038750,-1.52467922502664788,5.46198003898668905,0.60083479505224435,0.13000000000000000,2.64000000000000012
-0.00687651934497236,-0.02011438386830468,-0.02857000787302440,-1.50454455767018924,5.50653808721349147,0.66377291819925444,0.13000000000000000,2.64000000000000012
-0.00702593502970084,-0.01956150062744596,-0.02850041557676431,-1.48363766410984921,5.55113038094044597,0.72835094801291245,0.13000000000000000,2.64000000000000012
-0.00717322001301476,-0.01900415750081180,-0.02842428115254819,-1.46192475141855538,5.59573133118329835,0.79462501571446076,0.13000000000000000,2.64000000000000012
-0.00731829192953878,-0.01844235500793457,-0.02834143209795821,-1.43937024504731270,5.64031278863498109,0.86265346958801914,0.13000000000000000,2.64000000000000012
-0.00746106476313212,-0.01787609662096307,-0.02825168996183364,-1.41593668677775519,5.68484380947719448,0.93249694830435037,0.13000000000000000,2.64000000000000012
-0.00760144865319330,-0.01730538905672604,-0.02815487011163926,-1.39158462723897713,5.72929039931851136,1.00421845238979213,0.13000000000000000,2.64000000000000012
-0.00773934968993988,-0.01673024259558103,-0.02805078149382147,-1.36627251287434404,5.77361523319346226,1.07788341281808298,0.13000000000000000,2.64000000000000012
-0.00787466969810413,-0.01615067142955301,-0.02793922638749925,-1.33995656728761237,5.81777734937369839,1.15355975549801459,0.13000000000000000,2.64000000000000012
-0.00800730600848156,-0.01556669404250241,-0.02782000015197158,-1.31259066695445292,5.86173181454742309,1.23131796019011208,0.13000000000000000,2.64000000000000012
-0.00813715121677083,-0.01497833362531627,-0.02769289096868320,-1.28412621135819527,5.90542935771751143,1.31123111210535948,0.13000000000000000,2.64000000000000012
-0.00826409292915438,-0.01438561852939201,-0.02755767957848137,-1.25451198770067229,5.94881596995351813,1.39337494411199958,0.13000000000000000,2.64000000000000012
-0.00838801349408942,-0.01378858276198113,-0.02741413901522206,-1.22369403045445035,5.99183246691009508,1.47782786709544789,0.13000000000000000,2.64000000000000012
-0.00850878971981256,-0.01318726652727983,-0.02726203433705117,-1.19161547616623675,6.03441401079734785,1.56467098557314954,0.13000000000000000,2.64000000000000012
-0.00862629257711105,-0.01258171681749662,-0.02710112235700146,-1.15821641409848297,6.07648958826163810,1.65398809515154421,0.13000000000000000,2.64000000000000012
-0.00874038688698246,-0.01197198805849226,-0.02693115137491592,-1.12343373351379272,6.11798144041425562,1.74586565781576963,0.13000000000000000,2.64000000000000012
-0.00885093099289840,-0.01135814281497399,-0.02675186091314321,-1.08720096867246041,6.15880444103824143,1.84039275035275818,0.13000000000000000,2.64000000000000012
-0.00895777641751010,-0.01074025256063253,-0.02656298145895948,-1.04944814293644817,6.19886541882105391,1.93766098041215717,0.13000000000000000,2.64000000000000012
-0.00906076750379229,-0.01011839851903312,-0.02636423421726522,-1.01010161376394048,6.23806241931655503,2.03776436379305848,0.13000000000000000,2.64000000000000012
-0.00915974104082269,-0.00949267258150631,-0.02615533087779827,-0.96908392084959938,6.27628390225190280,2.14079915549281496,0.13000000000000000,2.64000000000000012
-0.00925452587464786,-0.00886317830872426,-0.02593597340190959,-0.92631364023090712,6.31340786978625079,2.24686362585136479,0.13000000000000000,2.64000000000000012
-0.00934494250500032,-0.00823003202308308,-0.02570585383488180,-0.88170524785667559,6.34930092142779401,2.35605777175414488,0.13000000000000000,2.64000000000000012
-0.00943080266902126,-0.00759336399943089,-0.02546465415085040,-0.83516899691818347,6.38381723156032344,2.46848295130264539,0.13000000000000000,2.64000000000000012
-0.00951190891361878,-0.00695331976206567,-0.02521204613863276,-0.78661081419689016,6.41679744596583124,2.58424142860880979,0.13000000000000000,2.64000000000000012
-0.00958805415867251,-0.00631006149625690,-0.02494769133820045,-0.73593222180778162,6.44806749441270632,2.70343581340501160,0.13000000000000000,2.64000000000000012
-0.00965902125399697,-0.00566376958279065,-0.02467124103916900,-0.68303029203845245,6.47743731737954054,2.82616837797661802,0.13000000000000000,2.64000000000000012
-0.00972458253382168,-0.00501464426416464,-0.02438233635454686,-0.62779764452668496,6.50469950638797467,2.95254023151723510,0.13000000000000000,2.64000000000000012
-0.00978449937355750,-0.00436290745102153,-0.02408060838510451,-0.57012249680964777,6.52962785932751899,3.08265032938572947,0.13000000000000000,2.64000000000000012
-0.00983852175482272,-0.00370880467714933,-0.02376567849211625,-0.50988878134105475,6.55197585469466492,3.21659429193170165,0.13000000000000000,2.64000000000000012
-0.00988638784612757,-0.00305260721082686,-0.02343715869890729,-0.44697634443083423,6.57147505198426352,3.35446300459529390,0.13000000000000000,2.64000000000000012
-0.00992782360829193,-0.00239461432936404,-0.02309465224462002,-0.38126124523114469,6.58783342973421515,3.49634096794902227,0.13000000000000000,2.64000000000000012
-0.00996254243563035,-0.00173515576227666,-0.02273775431689767,-0.31261617587877111,6.60073367813156864,3.64230436334211571,0.13000000000000000,2.64000000000000012
-0.00999024484621122,-0.00107459430651828,-0.02236605299376079,-0.24091102719685231,6.60983146986057157,3.79241879698915163,0.13000000000000000,2.64000000000000012
-0.01001061823711417,-0.00041332861441921,-0.02197913042879311,-0.16601362792459357,6.61475374125368898,3.94673668293550772,0.13000000000000000,2.64000000000000012
-0.01002333672359307,0.00024820384871911,-0.02157656431780194,-0.08779068921439823,6.61509702605175320,4.10529422363331076,0.13000000000000000,2.64000000000000012
-0.01002806108441957,0.00090952368525641,-0.02115792968928611,-0.00610898999739949,6.61042589644652878,4.26810794627335088,0.13000000000000000,2.64000000000000012
-0.01002443883943222,0.00157010629813752,-0.02072280106519349,0.07916315740606666,6.60027158080498566,4.43517075406068084,0.13000000000000000,2.64000000000000012
-0.01001210448942992,0.00222937849795489,-0.02027075504238725,0.16815411862317531,6.58413084474395927,4.60644745495468033,0.13000000000000000,2.64000000000000012
-0.00999067995297309,0.00288671501563614,-0.01980137334869538,0.26098677997919628,6.56146524212267668,4.78186973683701222,0.13000000000000000,2.64000000000000012
-0.00995977523929810,0.00354143496400258,-0.01931424643003353,0.35777597559801816,6.53170086497310898,4.96133056861222332,0.13000000000000000,2.64000000000000012
-0.00991898940126054,0.00419279830556412,-0.01880897762639979,0.45862545209306488,6.49422874607242040,5.14467802254380224,0.13000000000000000,2.64000000000000012
-0.00986791181677657,0.00484000240058967,-0.01828518799395221,0.56362432704033572,6.44840609410279519,5.33170853548806356,0.13000000000000000,2.64000000000000012
-0.00980612385131841,0.00548217872882180,-0.01774252182717001,0.67284300401887087,6.39355856798291633,5.52215965700547784,0.13000000000000000,2.64000000000000012
-0.00973320095721602,0.00611838990014622,-0.01718065292840172,0.78632851841371809,6.32898382220042777,5.71570237198913844,0.13000000000000000,2.64000000000000012
-0.00964871526727731,0.00674762709381938,-0.01659929166092092,0.90409930572221242,6.25395657624313106,5.91193313566101342,0.13000000000000000,2.64000000000000012
-0.00955223873988004,0.00736880809193591,-0.01599819280484391,1.02613940917745139,6.16773547499898278,6.11036582033243292,0.13000000000000000,2.64000000000000012
-0.00944334690938922,0.00798077609971286,-0.01537716421177062,1.15239217743409261,6.06957200871550384,6.31042384622480501,0.13000000000000000,2.64000000000000012
-0.00932162328857262,0.00858229957140373,-0.01473607622270252,1.28275354691475130,5.95872174518246656,6.51143285171391906,0.13000000000000000,2.64000000000000012
-0.00918666445760004,0.00917207328414857,-0.01407487177378141,1.41706505769281632,5.83445808675280908,6.71261434868136764,0.13000000000000000,2.64000000000000012
-0.00903808585618893,0.00974872092006014,-0.01339357706519412,1.55510681604572443,5.69608869369779836,6.91308090102007622,0.13000000000000000,2.64000000000000012
-0.00887552827058171,0.01031079942589160,-0.01269231261037267,1.69659068920156431,5.54297460652097040,7.11183345072298323,0.13000000000000000,2.64000000000000012
-0.00869866497466357,0.01085680541567208,-0.01197130441651667,1.84115409457450330,5.37455194795481450,7.30776148520767244,0.13000000000000000,2.64000000000000012
-0.00850720944449987,0.01138518386028286,-0.01123089497588187,1.98835482086260895,5.19035588812659032,7.49964677730601981,0.13000000000000000,2.64000000000000012
-0.00830092351846882,0.01189433926462273,-0.01047155367418079,2.13766738310821314,4.99004631637787277,7.68617141892769418,0.13000000000000000,2.64000000000000012
-0.00807962582256169,0.01238264946391122,-0.00969388615353643,2.28848145707566886,4.77343438995277580,7.86593079308112664,0.13000000000000000,2.64000000000000012
-0.00784320022510086,0.01284848207330575,-0.00889864211014054,2.44010294717110909,4.54050884142776034,8.03745197054925598,0.13000000000000000,2.64000000000000012
-0.00759160403119528,0.01329021349916782,-0.00808672096991558,2.59175820329780349,4.29146065115842212,8.19921776597709417,0.13000000000000000,2.64000000000000012
-0.00732487558008613,0.01370625026905243,-0.00725917487856522,2.74260180395954345,4.02670446496972723,8.34969634160743546,0.13000000000000000,2.64000000000000012
-0.00704314087445751,0.01409505226788226,-0.00641720847446596,2.89172815862684107,3.74689500374675122,8.48737581704509836,0.13000000000000000,2.64000000000000012
-0.00674661885646051,0.01445515729125728,-0.00556217499096912,3.03818695254982707,3.45293671408489278,8.61080285848741056,0.13000000000000000,2.64000000000000012
-0.00643562495672376,0.01478520615896423,-0.00469556836221521,3.18100217280611419,3.14598508411740863,8.71862372642359951,0.13000000000000000,2.64000000000000012
-0.00611057258442232,0.01508396749090804,-0.00381901118155392,3.31919413799192276,2.82743841600350132,8.80962581695023061,0.13000000000000000,2.64000000000000012
-0.00577197230016117,0.01535036115311051,-0.00293423857570440,3.45180363894626074,2.49891940116925504,8.88277740599466981,0.13000000000000000,2.64000000000000012
-0.00542042851687175,0.01558347935030521,-0.00204307829580796,3.57791702479728180,2.16224655036110480,8.93726316167528090,0.13000000000000000,2.64000000000000012
-0.00505663370082589,0.01578260438604125,-0.00114742756779249,3.69669087905706784,1.81939632119607420,8.97251307484556371,0.13000000000000000,2.64000000000000012
-0.00468136018505273,0.01594722223517866,-0.00024922746490482,3.80737485936879994,1.47245757057611337,8.98822278973914912,0.13000000000000000,2.64000000000000012
-0.00429544984788310,0.01607703127159146,0.00064956425921890,3.90933134231430035,1.12358063722368162,8.98436387689362981,0.13000000000000000,2.64000000000000012
-0.00389980203594741,0.01617194575031197,0.00154700082830532,4.00205072192775813,0.77492383754161565,8.96118332296516584,0.13000000000000000,2.64000000000000012
-0.00349536021065336,0.01623209393460960,0.00244117351145942,4.08516153609012100,0.42860036868161400,8.91919233048878901,0.13000000000000000,2.64000000000000012
-0.00308309786000161,0.01625781105611387,0.00333023707089835,4.15843499901146529,0.08662852824687545,8.85914532372415309,0.13000000000000000,2.64000000000000012
-0.00266400423821440,0.01624962757103109,0.00421243268426074,4.22178394926365819,-0.24911220257737893,8.78201074633827439,0.13000000000000000,2.64000000000000012
-0.00223907047402076,0.01620825340253071,0.00508610762169122,4.27525662805485940,-0.57691724891346019,8.68893573551439857,0.13000000000000000,2.64000000000000012
-0.00180927652954750,0.01613455902054622,0.00594973118159236,4.31902603592002166,-0.89528395979130049,8.58120702102847055,0.13000000000000000,2.64000000000000012
-0.00137557940447544,0.01602955429685106,0.00680190662686319,4.35337584672119249,-1.20292906500829666,8.46021042054763583,0.13000000000000000,2.64000000000000012
-0.00093890287551090,0.01589436608607608,0.00764137909262195,4.37868397291834288,-1.49879678856767806,8.32739111178695879,0.13000000000000000,2.64000000000000012
-0.00050012895075921,0.01573021543111995,0.00846703963798259,4.39540488012827080,-1.78205842130420211,8.18421651073087730,0.13000000000000000,2.64000000000000012
-0.00006009111254557,0.01553839518854066,0.00927792577551486,4.40405166041187268,-2.05210457848792194,8.03214313739249341,0.13000000000000000,2.64000000000000012
0.00038043067141223,0.01532024873309115,0.01007321892619556,4.40517871907751069,-2.30853161629112780,7.87258837074479167,0.13000000000000000,2.64000000000000012
0.00082071326465859,0.01507715024769283,0.01085223931457249,4.39936573804681785,-2.55112376530077256,7.70690753691479902,0.13000000000000000,2.64000000000000012
0.00126009215884737,0.01481048695090815,0.01161443884283763,4.38720337666174043,-2.77983248786827053,7.53637637861616128,0.13000000000000000,2.64000000000000012
0.00169796193950672,0.01452164347014908,0.01235939247094055,4.36928097945601834,-2.99475441569607836,7.36217864147951939,0.13000000000000000,2.64000000000000012
0.00213377562784258,0.01421198844343032,0.01308678859162058,4.34617639433192160,-3.19610901266542413,7.18539829164248722,0.13000000000000000,2.64000000000000012
0.00256704310910380,0.01388286332979251,0.01379641883325590,4.31844787155389032,-3.38421686954692724,7.00701574419995499,0.13000000000000000,2.64000000000000012
0.00299732884989154,0.01353557332986203,0.01448816765781507,4.28662791614757399,-3.55947929894933068,6.82790742180185362,0.13000000000000000,2.64000000000000012
0.00342424909056488,0.01317138026235495,0.01516200205262008,4.25121890170953964,-3.72235967966464054,6.64884796095569985,0.13000000000000000,2.64000000000000012
0.00384746867768521,0.01279149720713525,0.01581796154811577,4.21269021776450625,-3.87336681085663015,6.47051442385454134,0.13000000000000000,2.64000000000000012
0.00426669767784499,0.01239708470735444,0.01645614873280732,4.17147670992036890,-4.01304038336272395,6.29349194056740391,0.13000000000000000,2.64000000000000012
0.00468168789024150,0.01198924831862948,0.01707672038299118,4.12797817624562580,-4.14193855805656330,6.11828028747297292,0.13000000000000000,2.64000000000000012
0.00509222935241220,0.01156903729869279,0.01767987927975527,4.08255969909070693,-4.26062755694297035,5.94530099310772453,0.13000000000000000,2.64000000000000012
0.00549814691256985,0.01113744424338642,0.01826586674901577,4.03555261440276247,-4.36967311686696380,5.77490464523009805,0.13000000000000000,2.64000000000000012
0.00589929692347636,0.01069540549168399,0.01883495593158848,3.98725594683099827,-4.46963362315091306,5.60737814847014704,0.13000000000000000,2.64000000000000012
0.00629556409697735,0.01024380214155062,0.01938744576861890,3.93793816593041512,-4.56105472589255978,5.44295174804317394,0.13000000000000000,2.64000000000000012
0.00668685854516200,0.00978346153833826,0.01992365567211741,3.88783914473163117,-4.64446524029807062,5.28180569075011519,0.13000000000000000,2.64000000000000012
0.00707311302345038,0.00931515911694759,0.02044392083982626,3.83717222572695382,-4.72037414022490243,5.12407643998595574,0.13000000000000000,2.64000000000000012
0.00745428038248977,0.00883962049742430,0.02094858816719224,3.78612632032967511,-4.78926846777709869,4.96986239749119374,0.13000000000000000,2.64000000000000012
0.00783033122927356,0.00835752375054265,0.02143801270593918,3.73486798587757907,-4.85161199878325355,4.81922911221973393,0.13000000000000000,2.64000000000000012
0.00820125179307984,0.00786950176503109,0.02191255461785165,3.68354343931398498,-4.90784452240949687,4.67221397720758436,0.13000000000000000,2.64000000000000012
0.00856704198837791,0.00737614466133946,0.02237257657324467,3.63228047899221673,-4.95838161168641722,4.52883042995664642,0.13000000000000000,2.64000000000000012
0.00892771366450737,0.00687800220827311,0.02281844154567648,3.58119029590244908,-5.00361477947436573,4.38907168175621010,0.13000000000000000,2.64000000000000012
0.00928328903046642,0.00637558620853334,0.02325051095734089,3.53036916334050410,-5.04391193081225619,4.25291400757839089,0.13000000000000000,2.64000000000000012
0.00963379924235789,0.00586937282735442,0.02366914313292969,3.47989999995612376,-5.07961803739967088,4.12031963157966974,0.13000000000000000,2.64000000000000012
0.00997928314076771,0.00535980484518429,0.02407469202333855,3.42985380554455910,-5.11105597303908432,3.99123924454572521,0.13000000000000000,2.64000000000000012
0.01031978612545654,0.00484729382089138,0.02446750616422439,3.38029097216066488,-5.13852746022440865,3.86561418941847768,0.13000000000000000,2.64000000000000012
0.01065535915512294,0.00433222215646180,0.02484792783798106,3.33126247538409448,-5.16231408779151835,3.74337834980700368,0.13000000000000000,2.64000000000000012
0.01098605786055959,0.00381494505773586,0.02521629241109889,3.28281095205616991,-5.18267836777911750,3.62445977446682210,0.13000000000000000,2.64000000000000012
0.01131194176020541,0.00329579238856355,0.02557292782205847,3.23497167171733535,-5.19986480653953365,3.50878206840693974,0.13000000000000000,2.64000000000000012
0.01163307356784617,0.00277507041795919,0.02591815419784932,3.18777340944105037,-5.21410097085079283,3.39626557875208990,0.13000000000000000,2.64000000000000012
0.01194951858299497,0.00225306346151854,0.02625228357988722,3.14123922790014865,-5.22559853447173239,3.28682840089386996,0.13000000000000000,2.64000000000000012
0.01226134415526432,0.00173003541961948,0.02657561974252890,3.09538717640613026,-5.23455429439913011,3.18038722791021389,0.68999999999999995,2.64000000000000012
0.01256850833764017,0.00120620528056800,0.02688850539755923,3.04801342018223709,-5.24166976464639500,3.07780418485625029,0.68999999999999995,2.64000000000000012
0.01287097038516879,0.00068177443769131,0.02719127482490585,3.00134594630794593,-5.24659563249681771,2.97804860498963597,0.68999999999999995,2.64000000000000012
0.01316880131128476,0.00015695386999215,0.02748420656015040,2.95539192518258975,-5.24948958418144151,2.88103638374926785,0.68999999999999995,2.64000000000000012
0.01346207269358550,-0.00036806064438123,0.02776757076776254,2.91015553985870756,-5.25049808635441817,2.78668426387044654,0.68999999999999995,2.64000000000000012
0.01375085639533422,-0.00089308744610516,0.02804162934275890,2.86563838278107141,-5.24975717656646879,2.69491016241165671,0.68999999999999995,2.64000000000000012
0.01403522432431897,-0.00141795798928196,0.02830663604177095,2.82183980701446213,-5.24739320552962507,2.60563343359423927,0.68999999999999995,2.64000000000000012
0.01431524822476255,-0.00194251590789577,0.02856283663758623,2.77875723680414355,-5.24352353214884292,2.51877507689323155,0.68999999999999995,2.64000000000000012
0.01459099949844003,-0.00246661614946925,0.02881046909210742,2.73638644186044555,-5.23825717278402170,2.43425789857308672,0.68999999999999995,2.64000000000000012
0.01486254905157777,-0.00299012417143212,0.02904976374343704,2.69472177933313173,-5.23169540654818466,2.35200663376432217,0.68999999999999995,2.64000000000000012
0.01512996716448468,-0.00351291519590541,0.02928094350345607,2.65375640704507365,-5.22393233867479179,2.27194803521281585,0.68999999999999995,2.64000000000000012
0.01539332338120477,-0.00403487351881590,0.02950422406283462,2.61348247118931409,-5.21505542412452083,2.19401093398915892,0.68999999999999995,2.64000000000000012
0.01565268641678347,-0.00455589186947635,0.02971981410090403,2.57389127135885598,-5.20514595366967825,2.11812627670839415,0.68999999999999995,2.64000000000000012
0.01590812408001153,-0.00507587081699205,0.02992791549824162,2.53497340547366390,-5.19427950470918720,2.04422714316863585,0.68999999999999995,2.64000000000000012
0.01615970320975301,-0.00559471822007829,0.03012872355018211,2.49671889689304782,-5.18252635904200787,1.97224874775942549,0.68999999999999995,2.64000000000000012
0.01640748962317957,-0.00611234871709406,0.03032242717977959,2.45911730575215204,-5.16995188977248255,1.90212842750713107,0.68999999999999995,2.64000000000000012
0.01665154807442620,-0.00662868325331060,0.03050920914900949,2.42215782633681087,-5.15661691944574319,1.83380561920615492,0.68999999999999995,2.64000000000000012
0.01689194222235424,-0.00714364864263907,0.03068924626722638,2.38582937210964374,-5.14257805142164059,1.76722182772300562,0.68999999999999995,2.64000000000000012
0.01712873460626001,-0.00765717716123760,0.03086270959608585,2.35012064981996849,-5.12788797639675664,1.70232058724816349,0.68999999999999995,2.64000000000000012
0.01736198662850226,-0.00816920617060354,0.03102976465030277,2.31502022396904428,-5.11259575587992376,1.63904741700169621,0.68999999999999995,2.64000000000000012
0.01759175854314134,-0.00867967776793218,0.03119057159375681,2.28051657275848951,-5.09674708432041257,1.57734977266709087,0.68999999999999995,2.64000000000000012
0.01781810944978965,-0.00918853846168784,0.03134528543057327,2.24659813652176910,-5.08038453148175861,1.51717699462879274,0.68999999999999995,2.64000000000000012
0.01804109729196669,-0.00969573887048690,0.03149405619090619,2.21325335952480540,-5.06354776654991223,1.45848025391811875,0.68999999999999995,2.64000000000000012
0.01826077885933575,-0.01020123344353676,0.03163702911123366,2.18047072592060109,-5.04627376536314731,1.40121249662573844,0.68999999999999995,2.64000000000000012
0.01847720979327301,-0.01070498020100792,0.03177434480904448,2.14823879055291744,-5.02859700205389082,1.34532838741348115,0.68999999999999995,2.64000000000000012
0.01869044459528547,-0.01120694049284113,0.03190613945185331,2.11654620522432824,-5.01054962629986367,1.29078425265094410,0.68999999999999995,2.64000000000000012
0.01890053663785188,-0.01170707877460670,0.03203254492052913,2.08538174097325157,-4.99216162729405610,1.23753802361074872,0.68999999999999995,2.64000000000000012
0.01910753817731205,-0.01220536239913989,0.03215368896696124,2.05473430684187219,-4.97346098546021143,1.18554918007814680,0.68999999999999995,2.64000000000000012
0.01931150036847557,-0.01270176142277491,0.03226969536611932,2.02459296556131818,-4.95447381286278166,1.13477869466413739,0.68999999999999995,2.64000000000000012
0.01951247328066076,-0.01319624842509151,0.03238068406258977,1.99494694653122462,-4.93522448318762574,1.08518897805470171,0.68999999999999995,2.64000000000000012
0.01971050591491041,-0.01368879834117209,0.03248677131169174,1.96578565642722847,-4.91573575210198843,1.03674382538078258,0.68999999999999995,2.64000000000000012
0.01990564622216203,-0.01417938830544507,0.03258806981529232,1.93709868773132099,-4.89602886873929766,0.98940836385302133,0.68999999999999995,2.64000000000000012
0.02009794112217835,-0.01466799750626192,0.03268468885245313,1.90887582544579804,-4.87612367899588595,0.94314900177097905,0.68999999999999995,2.64000000000000012
0.02028743652306807,-0.01515460705042094,0.03277673440505000,1.88110705222126828,-4.85603872127261305,0.89793337898769066,0.68999999999999995,2.64000000000000012
0.02047417734124872,-0.01563919983691203,0.03286430927851444,1.85378255210238074,-4.83579131524434036,0.85373031888617434,0.68999999999999995,2.64000000000000012
0.02065820752172253,-0.01612176043921228,0.03294751321784981,1.82689271307119361,-4.81539764419397809,0.81050978190426093,0.68999999999999995,2.64000000000000012
0.02083957005855330,-0.01660227499551399,0.03302644301907832,1.80042812854709666,-4.79487283140522447,0.76824282062724436,0.68999999999999995,2.64000000000000012
0.02101830701544691,-0.01708073110631398,0.03310119263627604,1.77437959798359102,-4.77423101106882264,0.72690153645389766,0.68999999999999995,2.64000000000000012
0.02119445954635166,-0.01755711773883681,0.03317185328435281,1.74873812668575912,-4.75348539412098336,0.68645903782990958,0.68999999999999995,2.64000000000000012
0.02136806791600596,-0.01803142513780459,0.03323851353773345,1.72349492495766832,-4.73264832939935420,0.64688940003341910,0.68999999999999995,2.64000000000000012
0.02153917152037128,-0.01850364474210325,0.03330125942509402,1.69864140667603647,-4.71173136047127183,0.60816762648973932,0.68999999999999995,2.64000000000000012
0.02170780890689746,-0.01897376910692890,0.03336017452030501,1.67416918737504883,-4.69074527846090206,0.57026961158629486,0.68999999999999995,2.64000000000000012
0.02187401779457512,-0.01944179183102948,0.03341534002972947,1.65007008191708815,-4.66970017117598690,0.53317210495402367,0.68999999999999995,2.64000000000000012
0.02203783509373726,-0.01990770748868575,0.03346683487602117,1.62633610181517141,-4.64860546881113645,0.49685267717780640,0.68999999999999995,2.64000000000000012
0.02219929692557813,-0.02037151156610211,0.03351473577856355,1.60295945226494396,-4.62746998648277241,0.46128968689572070,0.68999999999999995,2.64000000000000012
0.02235843864136291,-0.02083320040190237,0.03355911733068630,1.57993252893704628,-4.60630196383073987,0.42646224924492337,0.68999999999999995,2.64000000000000012
0.02251529484130652,-0.02129277113144813,0.03360005207379203,1.55724791457444822,-4.58510910190318732,0.39235020561061645,0.68999999999999995,2.64000000000000012
0.02266989939310409,-0.02175022163471818,0.03363761056852115,1.53489837543382412,-4.56389859752436156,0.35893409463374604,0.68999999999999995,2.64000000000000012
0.02282228545009918,-0.02220555048750659,0.03367186146307861,1.51287685760516721,-4.54267717532941440,0.32619512443272414,0.68999999999999995,2.64000000000000012
0.02297248546907914,-0.02265875691571469,0.03370287155884163,1.49117648323951890,-4.52145111763601815,0.29411514599447558,0.68999999999999995,2.64000000000000012
0.02312053122768980,-0.02310984075252873,0.03373070587336317,1.46979054671086318,-4.50022629230945803,0.26267662769042593,0.68999999999999995,2.64000000000000012
0.02326645384146392,-0.02355880239828969,0.03375542770088139,1.44871251073485907,-4.47900817876578117,0.23186263087360834,0.68999999999999995,2.64000000000000012
0.02341028378046028,-0.02400564278287602,0.03377709867044110,1.42793600246408392,-4.45780189224650503,0.20165678651382593,0.68999999999999995,2.64000000000000012
0.02355205088551180,-0.02445036333043253,0.03379577880172887,1.40745480957682023,-4.43661220648817523,0.17204327282872417,0.68999999999999995,2.64000000000000012
0.02369178438408280,-0.02489296592629079,0.03381152655871932,1.38726287637407775,-4.41544357490067796,0.14300679386966572,0.68999999999999995,2.64000000000000012
0.02382951290573699,-0.02533345288593719,0.03382439890122604,1.36735429989747548,-4.39430015035958910,0.11453255902243381,0.68999999999999995,2.64000000000000012
0.02396526449721867,-0.02577182692589508,0.03383445133444679,1.34772332607878376,-4.37318580370990606,0.08660626338399102,0.68999999999999995,2.64000000000000012
0.02409906663715090,-0.02620809113639661,0.03384173795658846,1.32836434593031760,-4.35210414107118471,0.05921406897776968,0.68999999999999995,2.64000000000000012
0.02423094625035511,-0.02664224895572859,0.03384631150465411,1.30927189178395076,-4.33105852002739322,0.03234258677124960,0.68999999999999995,2.64000000000000012
0.02436092972179719,-0.02707430414614491,0.03384822339847039,1.29044063358527050,-4.31005206477859204,0.00597885946087523,0.68999999999999995,2.64000000000000012
0.02448904291016617,-0.02750426077124517,0.03384752378303031,1.27186537524828958,-4.28908768032584131,-0.01988965500933596,0.68999999999999995,2.64000000000000012
0.02461531116109143,-0.02793212317472619,0.03384426156922337,1.25354105107516589,-4.26816806575548213,-0.04527509922784720,0.68999999999999995,2.64000000000000012
0.02473975932000535,-0.02835789596041958,0.03383848447302130,1.23546272224452691,-4.24729572668408650,-0.07018923142539028,0.68999999999999995,2.64000000000000012
0.02486241174465838,-0.02878158397353418,0.03383023905318517,1.21762557337125199,-4.22647298692090256,-0.09464343994429923,0.68999999999999995,2.64000000000000012
0.02498329231729366,-0.02920319228302781,0.03381957074755639,1.20002490913991133,-4.20570199940049250,-0.11864875709596499,0.68999999999999995,2.64000000000000012
0.02510242445648883,-0.02962272616503787,0.03380652390799135,1.18265615101349031,-4.18498475643447065,-0.14221587243378023,0.68999999999999995,2.64000000000000012
0.02521983112867250,-0.03004019108730500,0.03379114183399702,1.16551483401852685,-4.16432309932771361,-0.16535514546776911,0.68999999999999995,2.64000000000000012
0.02533553485932303,-0.03045559269452829,0.03377346680512179,1.14859660360736049,-4.14371872740118530,-0.18807661784595756,0.68999999999999995,2.64000000000000012
0.02544955774385747,-0.03086893679459481,0.03375354011215397,1.13189721259781151,-4.12317320646052465,-0.21039002502643636,0.68999999999999995,2.64000000000000012
0.02556192145821833,-0.03128022934562976,0.03373140208717751,1.11541251819028431,-4.10268797674676211,-0.23230480746300447,0.68999999999999995,2.64000000000000012
0.02567264726916589,-0.03168947644381726,0.03370709213253264,1.09913847906200979,-4.08226436040298069,-0.25383012132625188,0.68999999999999995,2.64000000000000012
0.02578175604428379,-0.03209668431194490,0.03368064874872666,1.08307115253789865,-4.06190356848835865,-0.27497484878095318,0.68999999999999995,2.64000000000000012
0.02588926826170554,-0.03250185928862828,0.03365210956133840,1.06720669183727246,-4.04160670756885665,-0.29574760783969201,0.68999999999999995,2.64000000000000012
0.02599520401956937,-0.03290500781817465,0.03362151134695771,1.05154134339556515,-4.02137478591176567,-0.31615676181172442,0.68999999999999995,2.64000000000000012
0.02609958304520907,-0.03330613644104715,0.03358889005819954,1.03607144425993902,-4.00120871930946187,-0.33621042836521364,0.68999999999999995,2.64000000000000012
0.02620242470408791,-0.03370525178489403,0.03355428084783036,1.02079341955763803,-3.98110933655597732,-0.35591648822013167,0.68999999999999995,2.64000000000000012
0.02630374800848313,-0.03410236055610895,0.03351771809204315,1.00570378003579641,-3.96107738459838243,-0.37528259348831972,0.68999999999999995,2.64000000000000012
0.02640357162592777,-0.03449746953189108,0.03347923541291527,0.99079911967134116,-3.94111353338347614,-0.39431617567643334,0.68999999999999995,2.64000000000000012
0.02650191388741706,-0.03489058555277545,0.03343886570008236,0.97607611334955624,-3.92121838041890225,-0.41302445336676435,0.68999999999999995,2.64000000000000012
0.02659879279538598,-0.03528171551560588,0.03339664113165960,0.96153151460982800,-3.90139245506651777,-0.43141443959023235,0.68999999999999995,2.64000000000000012
0.02669422603146468,-0.03567086636692447,0.03335259319444049,0.94716215345704935,-3.88163622258465235,-0.44949294890516911,0.68999999999999995,2.64000000000000012
0.02678823096401831,-0.03605804509675358,0.03330675270340198,0.93296493423713234,-3.86195008793478367,-0.46726660419488325,0.68999999999999995,2.64000000000000012
0.02688082465547748,-0.03644325873274713,0.03325914982054330,0.91893683357506017,-3.84233439936713239,-0.48474184319638242,0.68999999999999995,2.64000000000000012
0.02697202386946562,-0.03682651433469007,0.03320981407308497,0.90507489837389943,-3.82278945179871599,-0.50192492477205275,0.68999999999999995,2.64000000000000012
0.02706184507772925,-0.03720781898932585,0.03315877437105289,0.89137624387319025,-3.80331548999652069,-0.51882193493554130,0.68999999999999995,2.64000000000000012
0.02715030446687693,-0.03758717980549280,0.03310605902427184,0.87783805176513452,-3.78391271157761722,-0.53543879264256211,0.68999999999999995,2.64000000000000012
0.02723741794493268,-0.03796460390955203,0.03305169575879108,0.86445756836701215,-3.76458126983728558,-0.55178125535684452,0.68999999999999995,2.64000000000000012
0.02732320114770944,-0.03834009844108981,0.03299571173276427,0.85123210284826778,-3.74532127641548973,-0.56785492440096530,0.68999999999999995,2.64000000000000012
0.02740766944500779,-0.03871367054887905,0.03293813355180467,0.83815902551072774,-3.72613280381138878,-0.58366525010135162,0.68999999999999995,2.64000000000000012
0.02749083794664544,-0.03908532738708488,0.03287898728383576,0.82523576612042826,-3.70701588775493951,-0.59921753673631040,0.68999999999999995,2.64000000000000012
0.02757272150832225,-0.03945507611170077,0.03281829847345649,0.81245981228955866,-3.68797052944407966,-0.61451694729552520,0.68999999999999995,2.64000000000000012
0.02765333473732603,-0.03982292387720181,0.03275609215583976,0.79982870790704930,-3.66899669765543335,-0.62956850805907294,0.68999999999999995,2.64000000000000012
0.02773269199808371,-0.04018887783340314,0.03269239287018166,0.78734005161636178,-3.65009433073598721,-0.64437711300363809,0.68999999999999995,2.64000000000000012
0.02781080741756259,-0.04055294512251190,0.03262722467271842,0.77499149533906841,-3.63126333848270999,-0.65894752804324674,0.68999999999999995,2.64000000000000012
0.02788769489052616,-0.04091513287636177,0.03256061114932724,0.76278074284283792,-3.61250360391666225,-0.67328439511150684,0.68999999999999995,2.64000000000000012
0.02796336808464897,-0.04127544821381993,0.03249257542772663,0.75070554835247660,-3.59381498495772345,-0.68739223609201816,0.68999999999999995,2.64000000000000012
0.02803784044549457,-0.04163389823835670,0.03242314018929093,0.73876371520270523,-3.57519731600569735,-0.70127545660331059,0.68999999999999995,2.64000000000000012
0.02811112520136089,-0.04199049003576898,0.03235232768049340,0.72695309453138612,-3.55665040943319077,-0.71493834964437741,0.68999999999999995,2.64000000000000012
0.02818323536799681,-0.04234523067204862,0.03228015972399156,0.71527158401194602,-3.53817405699533616,-0.72838509910659499,0.68999999999999995,2.64000000000000012
0.02825418375319395,-0.04269812719138791,0.03220665772936761,0.70371712662377517,-3.51976803116111547,-0.74161978315755506,0.68999999999999995,2.64000000000000012
0.02832398296125732,-0.04304918661431441,0.03213184270353683,0.69228770945941476,-3.50143208637075531,-0.75464637750208674,0.68999999999999995,2.64000000000000012
0.02839264539735848,-0.04339841593594802,0.03205573526083571,0.68098136256737885,-3.48316596022339287,-0.76746875852550511,0.68999999999999995,2.64000000000000012
0.02846018327177472,-0.04374582212437353,0.03197835563280145,0.66979615782948854,-3.46496937459895760,-0.78009070632389743,0.68999999999999995,2.64000000000000012
0.02852660860401765,-0.04409141211912215,0.03189972367765394,0.65873020787162972,-3.44684203671797640,-0.79251590762604185,0.68999999999999995,2.64000000000000012
0.02859193322685451,-0.04443519282975615,0.03181985888949070,0.64778166500687651,-3.42878364014279358,-0.80474795861134640,0.68999999999999995,2.64000000000000012
0.02865616879022536,-0.04477717113455074,0.03173878040720514,0.63694872020995463,-3.41079386572348042,-0.81679036762800195,0.68999999999999995,2.64000000000000012
0.02871932676505920,-0.04511735387926796,0.03165650702313774,0.62622960212205037,-3.39287238249152656,-0.82864655781535490,0.68999999999999995,2.64000000000000012
0.02878141844699213,-0.04545574787601749,0.03157305719146968,0.61562257608499960,-3.37501884850420897,-0.84031986963432881,0.68999999999999995,2.64000000000000012
0.02884245495999029,-0.04579235990219942,0.03148844903636786,0.60512594320392299,-3.35723291164238047,-0.85181356330955393,0.68999999999999995,2.64000000000000012
0.02890244725988046,-0.04612719669952470,0.03140270035988998,0.59473803943740111,-3.33951421036424367,-0.86313082118670426,0.68999999999999995,2.64000000000000012
0.02896140613779107,-0.04646026497310882,0.03131582864965796,0.58445723471431299,-3.32186237441753951,-0.87427475000838650,0.68999999999999995,2.64000000000000012
0.02901934222350610,-0.04679157139063468,0.03122785108630769,0.57428193207648781,-3.30427702551242941,-0.88524838311178011,0.68999999999999995,2.64000000000000012
0.02907626598873460,-0.04712112258158100,0.03113878455072292,0.56421056684634852,-3.28675777795722501,-0.89605468255108844,0.68999999999999995,2.64000000000000012
0.02913218775029810,-0.04744892513651238,0.03104864563106038,0.55424160581875026,-3.26930423925899083,-0.90669654114772802,0.68999999999999995,2.64000000000000012
0.02918711767323846,-0.04777498560642784,0.03095745062957351,0.54437354647624503,-3.25191601069093261,-0.91717678447105666,0.68999999999999995,2.64000000000000012
0.02924106577384832,-0.04809931050216450,0.03086521556924136,0.53460491622702533,-3.23459268782837217,-0.92749817275232060,0.68999999999999995,2.64000000000000012
0.02929404192262651,-0.04842190629385331,0.03077195620020948,0.52493427166482798,-3.21733386105500863,-0.93766340273438575,0.68999999999999995,2.64000000000000012
0.02934605584716046,-0.04874277941042406,0.03067768800604876,0.51536019785009901,-3.20013911604107015,-0.94767510945970923,0.68999999999999995,2.64000000000000012
0.02939711713493781,-0.04906193623915681,0.03058242620983863,0.50588130761174654,-3.18300803419486833,-0.95753586799890178,0.68999999999999995,2.64000000000000012
0.02944723523608917,-0.04937938312527723,0.03048618578008015,0.49649624086882843,-3.16594019308918462,-0.96724819512213356,0.68999999999999995,2.64000000000000012
0.02949641946606402,-0.04969512637159333,0.03038898143644483,0.48720366397154469,-3.14893516686383368,-0.97681455091553948,0.68999999999999995,2.64000000000000012
0.02954467900824168,-0.05000917223817142,0.03029082765536441,0.47800226906092425,-3.13199252660567806,-0.98623734034468979,0.68999999999999995,2.64000000000000012
0.02959202291647908,-0.05032152694204885,0.03019173867546686,0.46889077344661717,-3.11511184070729819,-0.99551891476710597,0.68999999999999995,2.64000000000000012
0.02963846011759731,-0.05063219665698170,0.03009172850286363,0.45986791900222146,-3.09829267520544915,-1.00466157339571893,0.68999999999999995,2.64000000000000012
0.02968399941380845,-0.05094118751322534,0.02999081091629292,0.45093247157759420,-3.08153459410038000,-1.01366756471508701,0.68999999999999995,2.64000000000000012
0.02972864948508452,-0.05124850559734592,0.02988899947212357,0.44208322042761367,-3.06483715965702785,-1.02253908785211745,0.68999999999999995,2.64000000000000012
0.02977241889147006,-0.05155415695206127,0.02978630750922415,0.43331897765687788,-3.04819993268904454,-1.03127829390296188,0.68999999999999995,2.64000000000000012
0.02981531607534001,-0.05185814757610920,0.02968274815370148,0.42463857767984148,-3.03162247282656327,-1.03988728721768875,0.68999999999999995,2.64000000000000012
0.02985734936360431,-0.05216048342414196,0.02957833432351265,0.41604087669591000,-3.01510433876856077,-1.04836812664427037,0.68999999999999995,2.64000000000000012
0.02989852696986077,-0.05246117040664511,0.02947307873295471,0.40752475217902617,-2.99864508852062395,-1.05672282673335749,0.68999999999999995,2.64000000000000012
0.02993885699649757,-0.05276021438987946,0.02936699389703573,0.39908910238129858,-2.98224427961888905,-1.06495335890525777,0.68999999999999995,2.64000000000000012
0.02997834743674685,-0.05305762119584483,0.02926009213573101,0.39073284585023832,-2.96590146934087784,-1.07306165258047503,0.68999999999999995,2.64000000000000012
0.03001700617669064,-0.05335339660226416,0.02915238557812803,0.38245492095918315,-2.94961621490391579,-1.08104959627511255,0.68999999999999995,2.64000000000000012
0.03005484099722053,-0.05364754634258693,0.02904388616646348,0.37425428545050321,-2.93338807365178100,-1.08891903866239081,0.68999999999999995,2.64000000000000012
0.03009185957595221,-0.05394007610601070,0.02893460566005588,0.36612991599119543,-2.91721660323020204,-1.09667178960148215,0.68999999999999995,2.64000000000000012
0.03012806948909625,-0.05423099153751959,0.02882455563913686,0.35808080774048745,-2.90110136175178068,-1.10430962113481290,0.68999999999999995,2.64000000000000012
0.03016347821328616,-0.05452029823793884,0.02871374750858423,0.35010597392908349,-2.88504190795089643,-1.11183426845494426,0.68999999999999995,2.64000000000000012
0.03019809312736500,-0.05480800176400431,0.02860219250155985,0.34220444544969791,-2.86903780132910979,-1.11924743084209255,0.68999999999999995,2.64000000000000012
0.03023192151413155,-0.05509410762844608,0.02848990168305520,0.33437527045853316,-2.85308860229156114,-1.12655077257331326,0.68999999999999995,2.64000000000000012
0.03026497056204717,-0.05537862130008530,0.02837688595334733,0.32661751398737060,-2.83719387227483333,-1.13374592380433126,0.68999999999999995,2.64000000000000012
0.03029724736690443,-0.05566154820394337,0.02826315605136803,0.31893025756595322,-2.82135317386671991,-1.14083448142495980,0.68999999999999995,2.64000000000000012
0.03032875893345837,-0.05594289372136272,0.02814872255798876,0.31131259885435036,-2.80556607091832078,-1.14781800988901761,0.68999999999999995,2.64000000000000012
0.03035951217702162,-0.05622266319013847,0.02803359589922371,0.30376365128500477,-2.78983212864886498,-1.15469804201961490,0.68999999999999995,2.64000000000000012
0.03038951392502413,-0.05650086190466017,0.02791778634935364,0.29628254371417106,-2.77415091374363376,-1.16147607979064960,0.68999999999999995,2.64000000000000012
0.03041877091853846,-0.05677749511606303,0.02780130403397270,0.28886842008246649,-2.75852199444534829,-1.16815359508531813,0.68999999999999995,2.64000000000000012
0.03044728981377164,-0.05705256803238799,0.02768415893296046,0.28152043908426116,-2.74294494063935534,-1.17473203043241869,0.68999999999999995,2.64000000000000012
0.03047507718352438,-0.05732608581874996,0.02756636088338147,0.27423777384564668,-2.72741932393293895,-1.18121279972119275,0.68999999999999995,2.64000000000000012
0.03050213951861848,-0.05759805359751381,0.02744791958231435,0.26701961161072818,-2.71194471772905654,-1.18759728889542404,0.68999999999999995,2.64000000000000012
0.03052848322929328,-0.05786847644847732,0.02732884458961240,0.25986515343599498,-2.69652069729479660,-1.19388685662748539,0.68999999999999995,2.64000000000000012
0.03055411464657195,-0.05813735940906088,0.02720914533059795,0.25277361389253195,-2.68114683982482704,-1.20008283497299950,0.68999999999999995,2.64000000000000012
0.03057904002359837,-0.05840470747450318,0.02708883109869198,0.24574422077584157,-2.66582272450009761,-1.20618653000675469,0.68999999999999995,2.64000000000000012
0.03060326553694540,-0.05867052559806259,0.02696791105798127,0.23877621482305444,-2.65054793254204224,-1.21219922244049072,0.68999999999999995,2.64000000000000012
0.03062679728789514,-0.05893481869122377,0.02684639424572445,0.23186884943731292,-2.63532204726251873,-1.21812216822315134,0.68999999999999995,2.64000000000000012
0.03064964130369213,-0.05919759162390897,0.02672428957479905,0.22502139041911945,-2.62014465410970532,-1.22395659912417210,0.68999999999999995,2.64000000000000012
0.03067180353876986,-0.05945884922469389,0.02660160583609095,0.21823311570444820,-2.60501534071016705,-1.22970372330035760,0.68999999999999995,2.64000000000000012
0.03069328987595153,-0.05971859628102739,0.02647835170082793,0.21150331510942447,-2.58993369690729436,-1.23536472584687718,0.68999999999999995,2.64000000000000012
0.03071410612762556,-0.05997683753945499,0.02635453572285898,0.20483129008138337,-2.57489931479630174,-1.24094076933289110,0.68999999999999995,2.64000000000000012
0.03073425803689654,-0.06023357770584568,0.02623016634088071,0.19821635345612454,-2.55991178875596814,-1.24643299432229981,0.68999999999999995,2.64000000000000012
0.03075375127871215,-0.06048882144562168,0.02610525188061243,0.19165782922118599,-2.54497071547729314,-1.25184251988009110,0.68999999999999995,2.64000000000000012
0.03077259146096679,-0.06074257338399102,0.02597980055692135,0.18515505228496562,-2.53007569398922927,-1.25717044406474510,0.68999999999999995,2.64000000000000012
0.03079078412558232,-0.06099483810618250,0.02585382047589914,0.17870736825152433,-2.51522632568164584,-1.26241784440713500,0.68999999999999995,2.64000000000000012
0.03080833474956663,-0.06124562015768280,0.02572731963689127,0.17231413320091005,-2.50042221432567358,-1.26758577837635289,0.68999999999999995,2.64000000000000012
0.03082524874605044,-0.06149492404447552,0.02560030593448051,0.16597471347484674,-2.48566296609156856,-1.27267528383286899,0.68999999999999995,2.64000000000000012
0.03084153146530301,-0.06174275423328192,0.02547278716042555,0.15968848546763798,-2.47094818956422602,-1.27768737946942146,0.68999999999999995,2.64000000000000012
0.03085718819572713,-0.06198911515180303,0.02534477100555628,0.15345483542213847,-2.45627749575647458,-1.28262306524001812,0.68999999999999995,2.64000000000000012
0.03087222416483399,-0.06223401118896305,0.02521626506162671,0.14727315923065248,-2.44165049812026824,-1.28748332277741895,0.68999999999999995,2.64000000000000012
0.03088664454019838,-0.06247744669515369,0.02508727682312661,0.14114286224062159,-2.42706681255588830,-1.29226911579945569,0.68999999999999995,2.64000000000000012
0.03090045443039464,-0.06271942598247945,0.02495781368905324,0.13506335906496941,-2.41252605741926729,-1.29698139050453087,0.68999999999999995,2.64000000000000012
0.03091365888591397,-0.06295995332500344,0.02482788296464388,0.12903407339697401,-2.39802785352753434,-1.30162107595662846,0.68999999999999995,2.64000000000000012
0.03092626290006335,-0.06319903295899369,0.02469749186307047,0.12305443782954360,-2.38357182416288182,-1.30618908446015491,0.68999999999999995,2.64000000000000012
0.03093827140984668,-0.06343666908316983,0.02456664750709727,0.11712389367877452,-2.36915759507484491,-1.31068631192492080,0.68999999999999995,2.64000000000000012
0.03094968929682841,-0.06367286585894984,0.02443535693070240,0.11124189081167407,-2.35478479448108269,-1.31511363822156069,0.68999999999999995,2.64000000000000012
0.03096052138798024,-0.06390762741069682,0.02430362708066443,0.10540788747793498,-2.34045305306674312,-1.31947192752767894,0.68999999999999995,2.64000000000000012
0.03097077245651110,-0.06414095782596574,0.02417146481811476,0.09962135014565086,-2.32616200398249529,-1.32376202866500026,0.68999999999999995,2.64000000000000012
0.03098044722268093,-0.06437286115574974,0.02403887692005665,0.09388175334086628,-2.31191128284129865,-1.32798477542779336,0.68999999999999995,2.64000000000000012
0.03098955035459865,-0.06460334141472621,0.02390587008085198,0.08818857949085761,-2.29770052771398881,-1.33214098690282756,0.68999999999999995,2.64000000000000012
0.03099808646900458,-0.06483240258150227,0.02377245091367628,0.08254131877104434,-2.28352937912373966,-1.33623146778111357,0.68999999999999995,2.64000000000000012
0.03100606013203771,-0.06506004859885975,0.02363862595194308,0.07693946895543345,-2.26939748003947361,-1.34025700866167052,0.68999999999999995,2.64000000000000012
0.03101347585998829,-0.06528628337399930,0.02350440165069825,0.07138253527050233,-2.25530447586827831,-1.34421838634755342,0.68999999999999995,2.64000000000000012
0.03102033812003587,-0.06551111077878385,0.02336978438798510,0.06587003025242863,-2.24125001444688987,-1.34811636413436897,0.68999999999999995,2.64000000000000012
0.03102665133097327,-0.06573453464998112,0.02323478046618099,0.06040147360757822,-2.22723374603229640,-1.35195169209149713,0.68999999999999995,2.64000000000000012
0.03103241986391677,-0.06595655878950508,0.02309939611330622,0.05497639207616487,-2.21325532329151597,-1.35572510733623042,0.68999999999999995,2.64000000000000012
0.03103764804300280,-0.06617718696465648,0.02296363748430580,0.04959431929899804,-2.19931440129060141,-1.35943733430103841,0.68999999999999995,2.64000000000000012
0.03104234014607145,-0.06639642290836213,0.02282751066230483,0.04425479568723770,-2.18541063748291498,-1.36308908499415149,0.68999999999999995,2.64000000000000012
0.03104650040533713,-0.06661427031941303,0.02269102165983821,0.03895736829507710,-2.17154369169672234,-1.36668105925365846,0.68999999999999995,2.64000000000000012
0.03105013300804663,-0.06683073286270119,0.02255417642005516,0.03370159069527730,-2.15771322612214789,-1.37021394499530325,0.68999999999999995,2.64000000000000012
0.03105324209712487,-0.06704581416945521,0.02241698081789938,0.02848702285747897,-2.14391890529752960,-1.37368841845415757,0.68999999999999995,2.64000000000000012
0.03105583177180859,-0.06725951783747429,0.02227944066126523,0.02331323102921963,-2.13016039609521846,-1.37710514442034726,0.68999999999999995,2.64000000000000012
0.03105790608826833,-0.06747184743136099,0.02214156169213070,0.01817978761958615,-2.11643736770685287,-1.38046477646899612,0.68999999999999995,2.64000000000000012
0.03105946906021887,-0.06768280648275234,0.02200334958766766,0.01308627108543474,-2.10274949162814684,-1.38376795718455314,0.68999999999999995,2.64000000000000012
0.03106052465951840,-0.06789239849054951,0.02186480996132990,0.00803226582011238,-2.08909644164322339,-1.38701531837965852,0.68999999999999995,2.64000000000000012
0.03106107681675675,-0.06810062692114585,0.02172594836391966,0.00301736204461575,-2.07547789380852876,-1.39020748130870175,0.68999999999999995,2.64000000000000012
0.03106112942183276,-0.06830749520865326,0.02158677028463291,-0.00195884429887478,-2.06189352643635004,-1.39334505687621935,0.68999999999999995,2.64000000000000012
0.03106068632452121,-0.06851300675512695,0.02144728115208418,-0.00689675165114618,-2.04834302007797264,-1.39642864584027482,0.68999999999999995,2.64000000000000012
0.03105975133502941,-0.06871716493078853,0.02130748633531123,-0.01179675293784777,-2.03482605750649981,-1.39945883901095947,0.68999999999999995,2.64000000000000012
0.03105832822454367,-0.06891997307424726,0.02116739114476010,-0.01665923566918716,-2.02134232369936084,-1.40243621744414759,0.68999999999999995,2.64000000000000012
0.03105642072576601,-0.06912143449271962,0.02102700083325109,-0.02148458203748239,-2.00789150582053288,-1.40536135263063766,0.68999999999999995,2.64000000000000012
0.03105403253344111,-0.06932155246224708,0.02088632059692591,-0.02627316901262427,-1.99447329320250044,-1.40823480668080236,0.68999999999999995,2.64000000000000012
0.03105116730487387,-0.06952033022791201,0.02074535557617678,-0.03102536843550102,-1.98108737732797047,-1.41105713250487264,0.68999999999999995,2.64000000000000012
0.03104782866043776,-0.06971777100405180,0.02060411085655750,-0.03574154710943627,-1.96773345181136938,-1.41382887398897128,0.68999999999999995,2.64000000000000012
0.03104402018407403,-0.06991387797447106,0.02046259146967733,-0.04042206688968954,-1.95441121238013715,-1.41655056616701214,0.68999999999999995,2.64000000000000012
0.03103974542378218,-0.07010865429265206,0.02032080239407769,-0.04506728477106745,-1.94112035685583972,-1.41922273538857535,0.68999999999999995,2.64000000000000012
0.03103500789210165,-0.07030210308196309,0.02017874855609246,-0.04967755297369219,-1.92786058513511538,-1.42184589948286622,0.68999999999999995,2.64000000000000012
0.03102981106658509,-0.07049422743586510,0.02003643483069189,-0.05425321902697263,-1.91463159917047387,-1.42442056791886174,0.68999999999999995,2.64000000000000012
0.03102415839026333,-0.07068503041811626,0.01989386604231084,-0.05879462585182226,-1.90143310295096346,-1.42694724196174683,0.68999999999999995,2.64000000000000012
0.03101805327210217,-0.07087451506297465,0.01975104696566144,-0.06330211184116677,-1.88826480248271933,-1.42942641482573740,0.68999999999999995,2.64000000000000012
0.03101149908745121,-0.07106268437539902,0.01960798232653072,-0.06777601093878295,-1.87512640576940970,-1.43185857182338561,0.68999999999999995,2.64000000000000012
0.03100449917848492,-0.07124954133124754,0.01946467680256343,-0.07221665271650966,-1.86201762279259175,-1.43424419051146002,0.68999999999999995,2.64000000000000012
0.03099705685463601,-0.07143508887747461,0.01932113502403051,-0.07662436244987005,-1.84893816549199075,-1.43658374083348894,0.68999999999999995,2.64000000000000012
0.03098917539302139,-0.07161932993232568,0.01917736157458336,-0.08099946119214353,-1.83588774774571362,-1.43887768525905546,0.68999999999999995,2.64000000000000012
0.03098085803886070,-0.07180226738553012,0.01903336099199445,-0.08534226584692496,-1.82286608535040950,-1.44112647891992718,0.68999999999999995,2.64000000000000012
0.03097210800588773,-0.07198390409849205,0.01888913776888441,-0.08965308923920706,-1.80987289600138590,-1.44333056974310292,0.68999999999999995,2.64000000000000012
0.03096292847675482,-0.07216424290447922,0.01874469635343598,-0.09393224018502166,-1.79690789927269257,-1.44549039858085426,0.68999999999999995,2.64000000000000012
0.03095332260343029,-0.07234328660880990,0.01860004115009508,-0.09818002355967401,-1.78397081659718193,-1.44760639933784208,0.68999999999999995,2.64000000000000012
0.03094329350758918,-0.07252103798903776,0.01845517652025938,-0.10239674036460354,-1.77106137124655394,-1.44967899909537890,0.68999999999999995,2.64000000000000012
0.03093284428099733,-0.07269749979513475,0.01831010678295450,-0.10658268779290397,-1.75817928831139603,-1.45170861823291264,0.68999999999999995,2.64000000000000012
0.03092197798588903,-0.07287267474967196,0.01816483621549825,-0.11073815929353394,-1.74532429468122374,-1.45369567054680071,0.68999999999999995,2.64000000000000012
0.03091069765533823,-0.07304656554799858,0.01801936905415310,-0.11486344463424943,-1.73249611902453093,-1.45564056336644221,0.68999999999999995,2.64000000000000012
0.03089900629362360,-0.07321917485841878,0.01787370949476721,-0.11895882996328780,-1.71969449176885592,-1.45754369766783731,0.68999999999999995,2.64000000000000012
0.03088690687658745,-0.07339050532236656,0.01772786169340416,-0.12302459786983272,-1.70691914508087095,-1.45940546818463401,0.68999999999999995,2.64000000000000012
0.03087440235198863,-0.07356055955457874,0.01758182976696173,-0.12706102744328843,-1.69416981284649970,-1.46122626351672946,0.68999999999999995,2.64000000000000012
0.03086149563984963,-0.07372934014326589,0.01743561779377999,-0.13106839433139100,-1.68144623065107046,-1.46300646623648256,0.68999999999999995,2.64000000000000012
0.03084818963279784,-0.07389684965028122,0.01728922981423880,-0.13504697079718378,-1.66874813575950842,-1.46474645299260020,0.68999999999999995,2.64000000000000012
0.03083448719640129,-0.07406309061128760,0.01714266983134509,-0.13899702577488296,-1.65607526709657371,-1.46644659461175242,0.68999999999999995,2.64000000000000012
0.03082039116949872,-0.07422806553592257,0.01699594181131008,-0.14291882492465913,-1.64342736522714916,-1.46810725619797222,0.68999999999999995,2.64000000000000012
0.03080590436452430,-0.07439177690796131,0.01684904968411664,-0.14681263068635972,-1.63080417233658204,-1.46972879722989647,0.68999999999999995,2.64000000000000012
0.03079102956782706,-0.07455422718547776,0.01670199734407709,-0.15067870233219643,-1.61820543221108459,-1.47131157165589688,0.68999999999999995,2.64000000000000012
0.03077576953998502,-0.07471541880100371,0.01655478865038154,-0.15451729601842157,-1.60563089021819594,-1.47285592798715559,0.68999999999999995,2.64000000000000012
0.03076012701611425,-0.07487535416168596,0.01640742742763704,-0.15832866483601607,-1.59308029328731049,-1.47436220938873319,0.68999999999999995,2.64000000000000012
0.03074410470617292,-0.07503403564944153,0.01625991746639770,-0.16211305886041186,-1.58055338989027372,-1.47583075376867789,0.68999999999999995,2.64000000000000012
0.03072770529526040,-0.07519146562111093,0.01611226252368605,-0.16587072520027038,-1.56804993002205206,-1.47726189386522222,0.68999999999999995,2.64000000000000012
0.03071093144391151,-0.07534764640860953,0.01596446632350573,-0.16960190804533856,-1.55556966518147477,-1.47865595733211475,0.68999999999999995,2.64000000000000012
0.03069378578838612,-0.07550258031907697,0.01581653255734572,-0.17330684871340310,-1.54311234835205524,-1.48001326682212908,0.68999999999999995,2.64000000000000012
0.03067627094095397,-0.07565626963502471,0.01566846488467639,-0.17698578569636320,-1.53067773398288964,-1.48133414006879427,0.68999999999999995,2.64000000000000012
0.03065838949017502,-0.07580871661448157,0.01552026693343736,-0.18063895470544164,-1.51826557796963857,-1.48261888996638902,0.68999999999999995,2.64000000000000012
0.03064014400117529,-0.07595992349113750,0.01537194230051751,-0.18426658871555340,-1.50587563763559151,-1.48386782464823885,0.68999999999999995,2.64000000000000012
0.03062153701591831,-0.07610989247448535,0.01522349455222725,-0.18786891800885042,-1.49350767171281640,-1.48508124756335813,0.68999999999999995,2.64000000000000012
0.03060257105347225,-0.07625862574996084,0.01507492722476315,-0.19144617021746108,-1.48116144032339569,-1.48625945755147382,0.68999999999999995,2.64000000000000012
0.03058324861027282,-0.07640612547908063,0.01492624382466524,-0.19499857036544208,-1.46883670496075069,-1.48740274891646940,0.68999999999999995,2.64000000000000012
0.03056357216038199,-0.07655239379957851,0.01477744782926691,-0.19852634090996016,-1.45653322847105482,-1.48851141149828492,0.68999999999999995,2.64000000000000012
0.03054354415574269,-0.07669743282553977,0.01462854268713785,-0.20202970178172058,-1.44425077503473709,-1.48958573074330891,0.68999999999999995,2.64000000000000012
0.03052316702642944,-0.07684124464753365,0.01447953181851989,-0.20550887042465898,-1.43198911014807684,-1.49062598777329725,0.68999999999999995,2.64000000000000012
0.03050244318089508,-0.07698383133274408,0.01433041861575611,-0.20896406183491267,-1.41974800060489037,-1.49163245945285183,0.68999999999999995,2.64000000000000012
0.03048137500621362,-0.07712519492509849,0.01418120644371321,-0.21239548859908727,-1.40752721447830975,-1.49260541845549155,0.68999999999999995,2.64000000000000012
0.03045996486831933,-0.07726533744539481,0.01403189864019742,-0.21580336093183392,-1.39532652110265443,-1.49354513332834871,0.68999999999999995,2.64000000000000012
0.03043821511224206,-0.07740426089142671,0.01388249851636390,-0.21918788671275197,-1.38314569105539653,-1.49445186855552126,0.68999999999999995,2.64000000000000012
0.03041612806233895,-0.07754196723810704,0.01373300935711999,-0.22254927152263210,-1.37098449613922013,-1.49532588462010962,0.68999999999999995,2.64000000000000012
0.03039370602252251,-0.07767845843758941,0.01358343442152221,-0.22588771867905372,-1.35884270936417284,-1.49616743806497010,0.68999999999999995,2.64000000000000012
0.03037095127648519,-0.07781373641938810,0.01343377694316734,-0.22920342927135093,-1.34672010492991245,-1.49697678155221059,0.68999999999999995,2.64000000000000012
0.03034786608792049,-0.07794780309049607,0.01328404013057754,-0.23249660219496049,-1.33461645820804686,-1.49775416392145932,0.68999999999999995,2.64000000000000012
0.03032445270074067,-0.07808066033550129,0.01313422716757976,-0.23576743418516494,-1.32253154572456699,-1.49849983024693101,0.68999999999999995,2.64000000000000012
0.03030071333929104,-0.07821231001670137,0.01298434121367945,-0.23901611985024412,-1.31046514514237367,-1.49921402189331898,0.68999999999999995,2.64000000000000012
0.03027665020856112,-0.07834275397421629,0.01283438540442880,-0.24224285170404750,-1.29841703524389707,-1.49989697657053678,0.68999999999999995,2.64000000000000012
0.03025226549439240,-0.07847199402609954,0.01268436285178950,-0.24544782019799963,-1.28638699591380812,-1.50054892838733656,0.68999999999999995,2.64000000000000012
0.03022756136368306,-0.07860003196844748,0.01253427664449023,-0.24863121375255107,-1.27437480812182313,-1.50117010790382666,0.68999999999999995,2.64000000000000012
0.03020253996458947,-0.07872686957550697,0.01238412984837893,-0.25179321878808619,-1.26238025390559883,-1.50176074218291311,0.68999999999999995,2.64000000000000012
0.03017720342672471,-0.07885250859978132,0.01223392550677004,-0.25493401975529956,-1.25040311635371859,-1.50232105484068779,0.68999999999999995,2.64000000000000012
0.03015155386135403,-0.07897695077213457,0.01208366664078664,-0.25805379916505206,-1.23844317958876848,-1.50285126609578579,0.68999999999999995,2.64000000000000012
0.03012559336158736,-0.07910019780189396,0.01193335624969781,-0.26115273761771784,-1.22650022875050269,-1.50335159281773412,0.68999999999999995,2.64000000000000012
0.03009932400256890,-0.07922225137695094,0.01178299731125116,-0.26423101383203257,-1.21457404997909735,-1.50382224857431201,0.68999999999999995,2.64000000000000012
0.03007274784166389,-0.07934311316386022,0.01163259278200067,-0.26728880467345345,-1.20266443039849213,-1.50426344367794518,0.68999999999999995,2.64000000000000012
0.03004586691864252,-0.07946278480793749,0.01148214559762994,-0.27032628518204171,-1.19077115809981815,-1.50467538523115318,0.68999999999999995,2.64000000000000012
0.03001868325586111,-0.07958126793335515,0.01133165867327096,-0.27334362859987682,-1.17889402212491157,-1.50505827717106966,0.68999999999999995,2.64000000000000012
0.02999119885844051,-0.07969856414323669,0.01118113490381846,-0.27634100639801273,-1.16703281244991186,-1.50541232031305494,0.68999999999999995,2.64000000000000012
0.02996341571444196,-0.07981467501974919,0.01103057716423993,-0.27931858830298545,-1.15518731996894286,-1.50573771239341947,0.68999999999999995,2.64000000000000012
0.02993533579504015,-0.07992960212419442,0.01087998830988144,-0.28227654232288119,-1.14335733647787707,-1.50603464811127696,0.68999999999999995,2.64000000000000012
0.02990696105469381,-0.08004334699709814,0.01072937117676930,-0.28521503477297461,-1.13154265465818038,-1.50630331916954296,0.68999999999999995,2.64000000000000012
0.02987829343131376,-0.08015591115829784,0.01057872858190765,-0.28813423030094537,-1.11974306806083668,-1.50654391431509960,0.68999999999999995,2.64000000000000012
0.02984933484642838,-0.08026729610702894,0.01042806332357212,-0.29103429191168229,-1.10795837109035111,-1.50675661937813943,0.68999999999999995,2.64000000000000012
0.02982008720534667,-0.08037750332200932,0.01027737818159951,-0.29391538099168341,-1.09618835898883060,-1.50694161731070775,0.68999999999999995,2.64000000000000012
0.02979055239731892,-0.08048653426152229,0.01012667591767379,-0.29677765733306022,-1.08443282782014050,-1.50709908822445837,0.68999999999999995,2.64000000000000012
0.02976073229569493,-0.08059439036349797,0.00997595927560821,-0.29962127915715409,-1.07269157445413499,-1.50722920942763761,0.68999999999999995,2.64000000000000012
0.02973062875807993,-0.08070107304559311,0.00982523098162387,-0.30244640313777327,-1.06096439655096164,-1.50733215546131261,0.68999999999999995,2.64000000000000012
0.02970024362648822,-0.08080658370526936,0.00967449374462463,-0.30525318442405763,-1.04925109254543658,-1.50740809813485921,0.68999999999999995,2.64000000000000012
0.02966957872749444,-0.08091092371986990,0.00952375025646854,-0.30804177666297933,-1.03755146163149048,-1.50745720656072235,0.68999999999999995,2.64000000000000012
0.02963863587238274,-0.08101409444669463,0.00937300319223585,-0.31081233202148645,-1.02586530374668294,-1.50747964718846394,0.68999999999999995,2.64000000000000012
0.02960741685729367,-0.08111609722307378,0.00922225521049359,-0.31356500120829700,-1.01419241955678374,-1.50747558383811242,0.68999999999999995,2.64000000000000012
0.02957592346336892,-0.08121693336643987,0.00907150895355691,-0.31629993349535040,-1.00253261044042041,-1.50744517773282571,0.68999999999999995,2.64000000000000012
0.02954415745689393,-0.08131660417439832,0.00892076704774715,-0.31901727673892355,-0.99088567847378861,-1.50738858753088190,0.68999999999999995,2.64000000000000012
0.02951212058943844,-0.08141511092479639,0.00877003210364674,-0.32171717740041783,-0.97925142641542562,-1.50730596935701011,0.68999999999999995,2.64000000000000012
0.02947981459799495,-0.08151245487579073,0.00861930671635107,-0.32439978056682456,-0.96762965769104425,-1.50719747683307359,0.68999999999999995,2.64000000000000012
0.02944724120511513,-0.08160863726591323,0.00846859346571719,-0.32706522997087423,-0.95602017637842573,-1.50706326110811650,0.68999999999999995,2.64000000000000012
0.02941440211904425,-0.08170365931413558,0.00831789491660969,-0.32971366801087731,-0.94442278719236994,-1.50690347088778775,0.68999999999999995,2.64000000000000012
0.02938129903385368,-0.08179752221993213,0.00816721361914354,-0.33234523577026148,-0.93283729546970140,-1.50671825246315150,0.68999999999999995,2.64000000000000012
0.02934793362957136,-0.08189022716334143,0.00801655210892419,-0.33496007303681247,-0.92126350715432881,-1.50650774973889612,0.68999999999999995,2.64000000000000012
0.02931430757231047,-0.08198177530502615,0.00786591290728473,-0.33755831832162397,-0.90970122878235682,-1.50627210426095326,0.68999999999999995,2.64000000000000012
0.02928042251439612,-0.08207216778633154,0.00771529852152053,-0.34014010887776258,-0.89815026746724824,-1.50601145524353552,0.68999999999999995,2.64000000000000012
0.02924628009449025,-0.08216140572934247,0.00756471144512096,-0.34270558071865359,-0.88661043088503466,-1.50572593959560574,0.68999999999999995,2.64000000000000012
0.02921188193771469,-0.08224949023693891,0.00741415415799872,-0.34525486863619309,-0.87508152725957411,-1.50541569194678515,0.68999999999999995,2.64000000000000012
0.02917722965577240,-0.08233642239285001,0.00726362912671643,-0.34778810621859219,-0.86356336534785305,-1.50508084467271241,0.68999999999999995,2.64000000000000012
0.02914232484706698,-0.08242220326170666,0.00711313880471083,-0.35030542586795838,-0.85205575442533188,-1.50472152791986136,0.68999999999999995,2.64000000000000012
0.02910716909682040,-0.08250683388909261,0.00696268563251442,-0.35280695881761953,-0.84055850427133150,-1.50433786962982730,0.68999999999999995,2.64000000000000012
0.02907176397718902,-0.08259031530159411,0.00681227203797484,-0.35529283514919591,-0.82907142515445931,-1.50392999556309137,0.68999999999999995,2.64000000000000012
0.02903611104737793,-0.08267264850684816,0.00666190043647172,-0.35776318380942457,-0.81759432781807206,-1.50349802932227150,0.68999999999999995,2.64000000000000012
0.02900021185375359,-0.08275383449358921,0.00651157323113142,-0.36021813262674207,-0.80612702346577492,-1.50304209237486708,0.68999999999999995,2.64000000000000012
0.02896406792995484,-0.08283387423169448,0.00636129281303933,-0.36265780832762962,-0.79466932374695376,-1.50256230407550806,0.68999999999999995,2.64000000000000012
0.02892768079700233,-0.08291276867222783,0.00621106156145014,-0.36508233655272565,-0.78322104074233878,-1.50205878168771489,0.68999999999999995,2.64000000000000012
0.02889105196340623,-0.08299051874748213,0.00606088184399585,-0.36749184187271078,-0.77178198694959832,-1.50153164040517706,0.68999999999999995,2.64000000000000012
0.02885418292527253,-0.08306712537102029,0.00591075601689170,-0.36988644780396929,-0.76035197526895948,-1.50098099337255975,0.68999999999999995,2.64000000000000012
0.02881707516640762,-0.08314258943771477,0.00576068642514010,-0.37226627682403179,-0.74893081898885550,-1.50040695170584359,0.68999999999999995,2.64000000000000012
0.02877973015842147,-0.08321691182378570,0.00561067540273242,-0.37463145038680395,-0.73751833177159554,-1.49980962451220590,0.68999999999999995,2.64000000000000012
0.02874214936082919,-0.08329009338683749,0.00546072527284897,-0.37698208893758456,-0.72611432763905703,-1.49918911890945128,0.68999999999999995,2.64000000000000012
0.02870433422115119,-0.08336213496589417,0.00531083834805695,-0.37931831192787840,-0.71471862095839700,-1.49854554004499740,0.68999999999999995,2.64000000000000012
0.02866628617501179,-0.08343303738143314,0.00516101693050657,-0.38164023783000706,-0.70333102642778100,-1.49787899111442235,0.68999999999999995,2.64000000000000012
0.02862800664623647,-0.08350280143541756,0.00501126331212530,-0.38394798415152248,-0.69195135906212735,-1.49718957337958058,0.68999999999999995,2.64000000000000012
0.02858949704694756,-0.08357142791132735,0.00486157977481038,-0.38624166744942678,-0.68057943417886479,-1.49647738618629456,0.68999999999999995,2.64000000000000012
0.02855075877765867,-0.08363891757418868,0.00471196859061955,-0.38852140334420254,-0.66921506738370118,-1.49574252698162602,0.68999999999999995,2.64000000000000012
0.02851179322736757,-0.08370527117060211,0.00456243202196008,-0.39078730653365740,-0.65785807455640122,-1.49498509133073609,0.68999999999999995,2.64000000000000012
0.02847260177364784,-0.08377048942876933,0.00441297232177613,-0.39303949080658662,-0.64650827183657100,-1.49420517293333543,0.68999999999999995,2.64000000000000012
0.02843318578273907,-0.08383457305851834,0.00426359173373449,-0.39527806905625729,-0.63516547560944736,-1.49340286363973562,0.68999999999999995,2.64000000000000012
0.02839354660963573,-0.08389752275132738,0.00411429249240872,-0.39750315329371816,-0.62382950249168967,-1.49257825346650153,0.68999999999999995,2.64000000000000012
0.02835368559817475,-0.08395933918034733,0.00396507682346181,-0.39971485466093826,-0.61250016931717166,-1.49173143061171509,0.68999999999999995,2.64000000000000012
0.02831360408112179,-0.08402002300042273,0.00381594694382721,-0.40191328344377808,-0.60117729312277179,-1.49086248146985123,0.68999999999999995,2.64000000000000012
0.02827330338025618,-0.08407957484811136,0.00366690506188851,-0.40409854908479687,-0.58986069113415929,-1.48997149064627421,0.68999999999999995,2.64000000000000012
0.02823278480645464,-0.08413799534170241,0.00351795337765763,-0.40627076019589886,-0.57855018075157316,-1.48905854097135748,0.68999999999999995,2.64000000000000012
0.02819204965977371,-0.08419528508123324,0.00336909408295163,-0.40843002457082273,-0.56724557953559351,-1.48812371351423178,0.68999999999999995,2.64000000000000012
0.02815109922953095,-0.08425144464850468,0.00322032936156815,-0.41057644919747660,-0.55594670519290079,-1.48716708759616711,0.68999999999999995,2.64000000000000012
0.02810993479438489,-0.08430647460709495,0.00307166138945956,-0.41271014027012237,-0.54465337556202242,-1.48618874080359120,0.68999999999999995,2.64000000000000012
0.02806855762241386,-0.08436037550237212,0.00292309233490581,-0.41483120320141248,-0.53336540859906345,-1.48518874900075026,0.68999999999999995,2.64000000000000012
0.02802696897119347,-0.08441314786150514,0.00277462435868599,-0.41693974263428202,-0.52208262236341885,-1.48416718634201539,0.68999999999999995,2.64000000000000012
0.02798517008787305,-0.08446479219347348,0.00262625961424878,-0.41903586245369945,-0.51080483500346585,-1.48312412528383852,0.68999999999999995,2.64000000000000012
0.02794316220925085,-0.08451530898907532,0.00247800024788161,-0.42111966579827886,-0.49953186474223304,-1.48205963659636231,0.68999999999999995,2.64000000000000012
0.02790094656184807,-0.08456469872093422,0.00232984839887875,-0.42319125507175670,-0.48826352986304422,-1.48097378937468660,0.68999999999999995,2.64000000000000012
0.02785852436198185,-0.08461296184350456,0.00218180619970823,-0.42525073195433594,-0.47699964869513456,-1.47986665104979620,0.68999999999999995,2.64000000000000012
0.02781589681583698,-0.08466009879307528,0.00203387577617777,-0.42729819741390046,-0.46574003959923643,-1.47873828739915258,0.68999999999999995,2.64000000000000012
0.02777306511953664,-0.08470610998777238,0.00188605924759958,-0.42933375171710270,-0.45448452095313246,-1.47758876255695260,0.68999999999999995,2.64000000000000012
0.02773003045921194,-0.08475099582755992,0.00173835872695422,-0.43135749444032712,-0.44323291113717328,-1.47641813902405827,0.68999999999999995,2.64000000000000012
0.02768679401107040,-0.08479475669423948,0.00159077632105339,-0.43336952448053218,-0.43198502851975751,-1.47522647767760073,0.68999999999999995,2.64000000000000012
0.02764335694146340,-0.08483739295144829,0.00144331413070190,-0.43536994006597390,-0.42074069144277104,-1.47401383778025918,0.68999999999999995,2.64000000000000012
0.02759972040695246,-0.08487890494465584,0.00129597425085864,-0.43735883876681309,-0.40949971820698355,-1.47278027698922065,0.68999999999999995,2.64000000000000012
0.02755588555437456,-0.08491929300115904,0.00114875877079670,-0.43933631750560931,-0.39826192705739910,-1.47152585136482061,0.68999999999999995,2.64000000000000012
0.02751185352090636,-0.08495855743007585,0.00100166977426260,-0.44130247256770422,-0.38702713616855844,-1.47025061537886903,0.68999999999999995,2.64000000000000012
0.02746762543412744,-0.08499669852233761,0.00085470933963482,-0.44325739961149618,-0.37579516362979004,-1.46895462192266257,0.68999999999999995,2.64000000000000012
0.02742320241208245,-0.08503371655067969,0.00070787954008136,-0.44520119367860939,-0.36456582743040772,-1.46763792231468693,0.68999999999999995,2.64000000000000012
0.02737858556334229,-0.08506961176963075,0.00056118244371674,-0.44713394920395966,-0.35333894544485112,-1.46630056630800931,0.68999999999999995,2.64000000000000012
0.02733377598706431,-0.08510438441550057,0.00041462011375813,-0.44905576002571918,-0.34211433541776731,-1.46494260209736593,0.68999999999999995,2.64000000000000012
0.02728877477305144,-0.08513803470636624,0.00026819460868088,-0.45096671939518301,-0.33089181494902981,-1.46356407632594410,0.68999999999999995,2.64000000000000012
0.02724358300181044,-0.08517056284205701,0.00012190798237329,-0.45286691998653922,-0.31967120147869277,-1.46216503409186127,0.68999999999999995,2.64000000000000012
0.02719820174460909,-0.08520196900413748,-0.00002423771570911,-0.45475645390654545,-0.30845231227187697,-1.46074551895434457,0.68999999999999995,2.64000000000000012
0.02715263206353247,-0.08523225335588942,-0.00017024044039006,-0.45663541270411390,-0.29723496440358499,-1.45930557293960939,0.68999999999999995,2.64000000000000012
0.02710687501153827,-0.08526141604229193,-0.00031609815061947,-0.45850388737980718,-0.28601897474344257,-1.45784523654644138,0.68999999999999995,2.64000000000000012
0.02706093163251114,-0.08528945719000015,-0.00046180880932100,-0.46036196839524735,-0.27480415994036289,-1.45636454875148158,0.68999999999999995,2.64000000000000012
0.02701480296131614,-0.08531637690732249,-0.00060737038324006,-0.46220974568244000,-0.26359033640713092,-1.45486354701421616,0.68999999999999995,2.64000000000000012
0.02696849002385120,-0.08534217528419615,-0.00075278084279236,-0.46404730865301602,-0.25237732030490484,-1.45334226728167315,0.68999999999999995,2.64000000000000012
0.02692199383709875,-0.08536685239216120,-0.00089803816191288,-0.46587474620739322,-0.24116492752763119,-1.45180074399282510,0.68999999999999995,2.64000000000000012
0.02687531540917634,-0.08539040828433314,-0.00104314031790524,-0.46769214674385928,-0.22995297368637058,-1.45023901008270140,0.68999999999999995,2.64000000000000012
0.02682845573938644,-0.08541284299537373,-0.00118808529129156,-0.46949959816757930,-0.21874127409353089,-1.44865709698620782,0.68999999999999995,2.64000000000000012
0.02678141581826526,-0.08543415654146039,-0.00133287106566256,-0.47129718789952885,-0.20752964374700464,-1.44705503464165752,0.68999999999999995,2.64000000000000012
0.02673419662763080,-0.08545434892025396,-0.00147749562752813,-0.47308500288535554,-0.19631789731420715,-1.44543285149401135,0.68999999999999995,2.64000000000000012
0.02668679914062984,-0.08547342011086478,-0.00162195696616809,-0.47486312960417076,-0.18510584911601211,-1.44379057449782922,0.68999999999999995,2.64000000000000012
0.02663922432178425,-0.08549137007381734,-0.00176625307348331,-0.47663165407727359,-0.17389331311058132,-1.44212822911993355,0.68999999999999995,2.64000000000000012
0.02659147312703628,-0.08550819875101309,-0.00191038194384707,-0.47839066187680895,-0.16268010287708501,-1.44044583934178316,0.68999999999999995,2.64000000000000012
0.02654354650379307,-0.08552390606569178,-0.00205434157395660,-0.48014023813436235,-0.15146603159930921,-1.43874342766156027,0.68999999999999995,2.64000000000000012
0.02649544539097029,-0.08553849192239107,-0.00219812996268487,-0.48188046754949260,-0.14025091204914661,-1.43702101509596902,0.68999999999999995,2.64000000000000012
0.02644717071903488,-0.08555195620690455,-0.00234174511093250,-0.48361143439820509,-0.12903455656996740,-1.43527862118174565,0.68999999999999995,2.64000000000000012
0.02639872341004700,-0.08556429878623797,-0.00248518502147986,-0.48533322254136696,-0.11781677705986641,-1.43351626397688126,0.68999999999999995,2.64000000000000012
0.02635010437770116,-0.08557551950856399,-0.00262844769883920,-0.48704591543306686,-0.10659738495478253,-1.43173396006155551,0.68999999999999995,2.64000000000000012
0.02630131452736644,-0.08558561820317499,-0.00277153114910692,-0.48874959612892044,-0.09537619121148704,-1.42993172453878215,0.68999999999999995,2.64000000000000012
0.02625235475612594,-0.08559459468043440,-0.00291443337981591,-0.49044434729432423,-0.08415300629043668,-1.42810957103476555,0.68999999999999995,2.64000000000000012
0.02620322595281537,-0.08560244873172612,-0.00305715239978781,-0.49213025121265902,-0.07292764013848774,-1.42626751169896715,0.68999999999999995,2.64000000000000012
0.02615392899806089,-0.08560918012940236,-0.00319968621898539,-0.49380738979344552,-0.06169990217146701,-1.42440555720388162,0.68999999999999995,2.64000000000000012
0.02610446476431606,-0.08561478862672961,-0.00334203284836478,-0.49547584458045346,-0.05046960125659573,-1.42252371674452283,0.68999999999999995,2.64000000000000012
0.02605483411589799,-0.08561927395783293,-0.00348419029972772,-0.49713569675976632,-0.03923654569476229,-1.42062199803761668,0.68999999999999995,2.64000000000000012
0.02600503790902276,-0.08562263583763842,-0.00362615658557364,-0.49878702716780360,-0.02800054320263957,-1.41870040732050140,0.68999999999999995,2.64000000000000012
0.02595507699183994,-0.08562487396181384,-0.00376792971895171,-0.50042991629930234,-0.01676140089464261,-1.41675894934973412,0.68999999999999995,2.64000000000000012
0.02590495220446639,-0.08562598800670755,-0.00390950771331262,-0.50206444431525976,-0.00551892526472235,-1.41479762739940207,0.68999999999999995,2.64000000000000012
0.02585466437901922,-0.08562597762928553,-0.00405088858236027,-0.50369069105083908,0.00572707783200902,-1.41281644325913658,0.68999999999999995,2.64000000000000012
0.02580421433964799,-0.08562484246706653,-0.00419207033990323,-0.50530873602323989,0.01697680319782560,-1.41081539723183003,0.68999999999999995,2.64000000000000012
0.02575360290256612,-0.08562258213805543,-0.00433305099970588,-0.50691865843953543,0.02823044631111262,-1.40879448813105168,0.68999999999999995,2.64000000000000012
0.02570283087608148,-0.08561919624067470,-0.00447382857533940,-0.50852053720447832,0.03948820334527349,-1.40675371327816356,0.68999999999999995,2.64000000000000012
0.02565189906062630,-0.08561468435369389,-0.00461440108003235,-0.51011445092827656,0.05075027118782348,-1.40469306849913300,0.68999999999999995,2.64000000000000012
0.02560080824878614,-0.08560904603615732,-0.00475476652652097,-0.51170047793434181,0.06201684745967512,-1.40261254812103853,0.68999999999999995,2.64000000000000012
0.02554955922532828,-0.08560228082730972,-0.00489492292689912,-0.51327869626701117,0.07328813053462005,-1.40051214496827070,0.68999999999999995,2.64000000000000012
0.02549815276722917,-0.08559438824651999,-0.00503486829246778,-0.51484918369924559,0.08456431955901229,-1.39839185035842206,0.68999999999999995,2.64000000000000012
0.02544658964370122,-0.08558536779320292,-0.00517460063358418,-0.51641201774030498,0.09584561447165824,-1.39625165409786622,0.68999999999999995,2.64000000000000012
0.02539487061621881,-0.08557521894673897,-0.00531411795951041,-0.51796727564340328,0.10713221602391829,-1.39409154447702210,0.68999999999999995,2.64000000000000012
0.02534299643854343,-0.08556394116639202,-0.00545341827826163,-0.51951503441334479,0.11842432580002554,-1.39191150826530241,0.68999999999999995,2.64000000000000012
0.02529096785674824,-0.08555153389122497,-0.00559249959645364,-0.52105537081414299,0.12972214623762696,-1.38971153070574172,0.68999999999999995,2.64000000000000012
0.02523878560924169,-0.08553799654001347,-0.00573135991914998,-0.52258836137662501,0.14102588064855243,-1.38749159550930257,0.68999999999999995,2.64000000000000012
0.02518645042679051,-0.08552332851115738,-0.00586999724970847,-0.52411408240602220,0.15233573323981725,-1.38525168484885675,0.68999999999999995,2.64000000000000012
0.02513396303254185,-0.08550752918259022,-0.00600840958962702,-0.52563260998954953,0.16365190913486394,-1.38299177935283768,0.68999999999999995,2.64000000000000012
0.02508132414204475,-0.08549059791168645,-0.00614659493838889,-0.52714402000397520,0.17497461439504902,-1.38071185809856134,0.68999999999999995,2.64000000000000012
0.02502853446327076,-0.08547253403516659,-0.00628455129330723,-0.52864838812318271,0.18630405604138076,-1.37841189860521185,0.68999999999999995,2.64000000000000012
0.02497559469663388,-0.08545333686900018,-0.00642227664936890,-0.53014578982572669,0.19764044207651388,-1.37609187682648915,0.68999999999999995,2.64000000000000012
0.02492250553500970,-0.08543300570830646,-0.00655976899907753,-0.53163630040238485,0.20898398150700756,-1.37375176714291336,0.68999999999999995,2.64000000000000012
0.02486926766375382,-0.08541153982725289,-0.00669702633229581,-0.53311999496370777,0.22033488436585283,-1.37139154235378324,0.68999999999999995,2.64000000000000012
0.02481588176071946,-0.08538893847895136,-0.00683404663608695,-0.53459694844756811,0.23169336173527594,-1.36901117366878555,0.68999999999999995,2.64000000000000012
0.02476234849627439,-0.08536520089535213,-0.00697082789455529,-0.53606723562671166,0.24305962576982415,-1.36661063069924804,0.68999999999999995,2.64000000000000012
0.02470866853331705,-0.08534032628713539,-0.00710736808868599,-0.53753093111631167,0.25443388971974074,-1.36418988144903497,0.68999999999999995,2.64000000000000012
0.02465484252729190,-0.08531431384360057,-0.00724366519618386,-0.53898810938152830,0.26581636795463609,-1.36174889230507956,0.68999999999999995,2.64000000000000012
0.02460087112620410,-0.08528716273255313,-0.00737971719131114,-0.54043884474507620,0.27720727598746175,-1.35928762802754743,0.68999999999999995,2.64000000000000012
0.02454675497063332,-0.08525887210018909,-0.00751552204472429,-0.54188321139480011,0.28860683049879438,-1.35680605173962832,0.68999999999999995,2.64000000000000012
0.02449249469374691,-0.08522944107097701,-0.00765107772330985,-0.54332128339126284,0.30001524936143764,-1.35430412491694940,0.68999999999999995,2.64000000000000012
0.02443809092131216,-0.08519886874753749,-0.00778638219001905,-0.54475313467534547,0.31143275166534851,-1.35178180737660569,0.68999999999999995,2.64000000000000012
0.02438354427170798,-0.08516715421052026,-0.00792143340370146,-0.54617883907586318,0.32285955774289621,-1.34923905726580262,0.68999999999999995,2.64000000000000012
0.02432885535593566,-0.08513429651847861,-0.00805622931893738,-0.54759847031719799,0.33429588919446146,-1.34667583105010324,0.68999999999999995,2.64000000000000012
0.02427402477762897,-0.08510029470774130,-0.00819076788586906,-0.54901210202695117,0.34574196891438363,-1.34409208350127751,0.68999999999999995,2.64000000000000012
0.02421905313306344,-0.08506514779228189,-0.00832504705003074,-0.55041980774361587,0.35719802111726462,-1.34148776768474454,0.68999999999999995,2.64000000000000012
0.02416394101116486,-0.08502885476358533,-0.00845906475217734,-0.55182166092427398,0.36866427136463686,-1.33886283494660341,0.68999999999999995,2.64000000000000012
0.02410868899351709,-0.08499141459051199,-0.00859281892811186,-0.55321773495231807,0.38014094659200470,-1.33621723490024569,0.68999999999999995,2.64000000000000012
0.02405329765436900,-0.08495282621915878,-0.00872630750851144,-0.55460810314520048,0.39162827513626741,-1.33355091541254334,0.68999999999999995,2.64000000000000012
0.02399776756064070,-0.08491308857271776,-0.00885952841875198,-0.55599283876221239,0.40312648676353258,-1.33086382258960478,0.68999999999999995,2.64000000000000012
0.02394209927192892,-0.08487220055133170,-0.00899247957873135,-0.55737201501229483,0.41463581269732958,-1.32815590076209178,0.68999999999999995,2.64000000000000012
0.02388629334051173,-0.08483016103194697,-0.00912515890269108,-0.55874570506188304,0.42615648564723158,-1.32542709247009127,0.68999999999999995,2.64000000000000012
0.02383035031135233,-0.08478696886816350,-0.00925756429903653,-0.56011398204278762,0.43768873983789608,-1.32267733844753343,0.68999999999999995,2.64000000000000012
0.02377427072210214,-0.08474262289008173,-0.00938969367015550,-0.56147691906011388,0.44923281103853363,-1.31990657760614849,0.68999999999999995,2.64000000000000012
0.02371805510310307,-0.08469712190414673,-0.00952154491223513,-0.56283458920022178,0.46078893659281450,-1.31711474701895459,0.68999999999999995,2.64000000000000012
0.02366170397738901,-0.08465046469298922,-0.00965311591507726,-0.56418706553872933,0.47235735544922353,-1.31430178190326763,0.68999999999999995,2.64000000000000012
0.02360521786068650,-0.08460265001526351,-0.00978440456191193,-0.56553442114856101,0.48393830819187345,-1.31146761560322656,0.68999999999999995,2.64000000000000012
0.02354859726141454,-0.08455367660548249,-0.00991540872920917,-0.56687672910804399,0.49553203707178783,-1.30861217957182308,0.68999999999999995,2.64000000000000012
0.02349184268068375,-0.08450354317384921,-0.01004612628648903,-0.56821406250905471,0.50713878603866358,-1.30573540335242777,0.68999999999999995,2.64000000000000012
0.02343495461229449,-0.08445224840608552,-0.01017655509612959,-0.56954649446521810,0.51875880077312497,-1.30283721455980372,0.68999999999999995,2.64000000000000012
0.02337793354273435,-0.08439979096325727,-0.01030669301317317,-0.57087409812016165,0.53039232871948050,-1.29991753886059769,0.68999999999999995,2.64000000000000012
0.02332077995117472,-0.08434616948159632,-0.01043653788513053,-0.57219694665582754,0.54203961911899368,-1.29697629995329811,0.68999999999999995,2.64000000000000012
0.02326349430946651,-0.08429138257231915,-0.01056608755178301,-0.57351511330084470,0.55370092304368068,-1.29401341954765114,0.68999999999999995,2.64000000000000012
0.02320607708213510,-0.08423542882144208,-0.01069533984498260,-0.57482867133896398,0.56537649343064611,-1.29102881734352382,0.68999999999999995,2.64000000000000012
0.02314852872637437,-0.08417830678959302,-0.01082429258844989,-0.57613769411755900,0.57706658511697007,-1.28802241100920245,0.68999999999999995,2.64000000000000012
0.02309084969203994,-0.08412001501181968,-0.01095294359756980,-0.57744225505619473,0.58877145487515936,-1.28499411615911630,0.68999999999999995,2.64000000000000012
0.02303304042164149,-0.08406055199739425,-0.01108129067918504,-0.57874242765526762,0.60049136144917581,-1.28194384633097513,0.68999999999999995,2.64000000000000012
0.02297510135033426,-0.08399991622961443,-0.01120933163138727,-0.58003828550471970,0.61222656559105515,-1.27887151296230761,0.68999999999999995,2.64000000000000012
0.02291703290590965,-0.08393810616560078,-0.01133706424330592,-0.58132990229282866,0.62397733009813061,-1.27577702536638915,0.68999999999999995,2.64000000000000012
0.02285883550878497,-0.08387512023609027,-0.01146448629489448,-0.58261735181507834,0.63574391985087519,-1.27266029070754660,0.68999999999999995,2.64000000000000012
0.02280050957199221,-0.08381095684522606,-0.01159159555671440,-0.58390070798311167,0.64752660185137734,-1.26952121397582696,0.68999999999999995,2.64000000000000012
0.02274205550116604,-0.08374561437034342,-0.01171838978971631,-0.58518004483376895,0.65932564526246462,-1.26635969796101588,0.68999999999999995,2.64000000000000012
0.02268347369453079,-0.08367909116175162,-0.01184486674501874,-0.58645543653821564,0.67114132144749095,-1.26317564322599329,0.68999999999999995,2.64000000000000012
0.02262476454288659,-0.08361138554251191,-0.01197102416368398,-0.58772695741116121,0.68297390401080293,-1.25996894807941162,0.68999999999999995,2.64000000000000012
0.02256592842959452,-0.08354249580821131,-0.01209685977649134,-0.58899468192017390,0.69482366883890156,-1.25673950854768091,0.68999999999999995,2.64000000000000012
0.02250696573056087,-0.08347242022673236,-0.01222237130370746,-0.59025868469509368,0.70669089414231556,-1.25348721834624799,0.68999999999999995,2.64000000000000012
0.02244787681422045,-0.08340115703801858,-0.01234755645485375,-0.59151904053754711,0.71857586049820321,-1.25021196885015162,0.68999999999999995,2.64000000000000012
0.02238866204151889,-0.08332870445383563,-0.01247241292847085,-0.59277582443056753,0.73047885089370046,-1.24691364906383995,0.68999999999999995,2.64000000000000012
0.02232932176589408,-0.08325506065752812,-0.01259693841188001,-0.59402911154832405,0.74240015077003252,-1.24359214559023212,0.68999999999999995,2.64000000000000012
0.02226985633325648,-0.08318022380377198,-0.01272113058094142,-0.59527897726596302,0.75434004806740784,-1.24024734259900815,0.68999999999999995,2.64000000000000012
0.02221026608196862,-0.08310419201832225,-0.01284498709980919,-0.59652549716956571,0.76629883327071258,-1.23687912179410819,0.68999999999999995,2.64000000000000012
0.02215055134282342,-0.08302696339775632,-0.01296850562068317,-0.59776874706622551,0.77827679945602501,-1.23348736238042544,0.68999999999999995,2.64000000000000012
0.02209071243902163,-0.08294853600921247,-0.01309168378355731,-0.59900880299424919,0.79027424233797028,-1.23007194102967166,0.68999999999999995,2.64000000000000012
0.02203074968614819,-0.08286890789012352,-0.01321451921596464,-0.60024574123348573,0.80229146031793475,-1.22663273184539778,0.68999999999999995,2.64000000000000012
0.02197066339214751,-0.08278807704794584,-0.01333700953271863,-0.60147963831578666,0.81432875453316123,-1.22316960632714911,0.68999999999999995,2.64000000000000012
0.02191045385729781,-0.08270604145988318,-0.01345915233565099,-0.60271057103560266,0.82638642890674652,-1.21968243333373527,0.68999999999999995,2.64000000000000012
0.02185012137418426,-0.08262279907260554,-0.01358094521334570,-0.60393861646071945,0.83846479019856335,-1.21617107904559330,0.68999999999999995,2.64000000000000012
0.02178966622767116,-0.08253834780196299,-0.01370238574086927,-0.60516385194313893,0.85056414805712866,-1.21263540692622285,0.68999999999999995,2.64000000000000012
0.02172908869487291,-0.08245268553269408,-0.01382347147949707,-0.60638635513010830,0.86268481507244232,-1.20907527768267187,0.68999999999999995,2.64000000000000012
0.02166838904512397,-0.08236581011812905,-0.01394419997643566,-0.60760620397530307,0.87482710682981879,-1.20549054922504695,0.68999999999999995,2.64000000000000012
0.02160756753994765,-0.08227771937988757,-0.01406456876454105,-0.60882347675016768,0.88699134196473750,-1.20188107662502874,0.68999999999999995,2.64000000000000012
0.02154662443302374,-0.08218841110757093,-0.01418457536203273,-0.61003825205541917,0.89917784221873620,-1.19824671207336531,0.68999999999999995,2.64000000000000012
0.02148555997015501,-0.08209788305844860,-0.01430421727220339,-0.61125060883271820,0.91138693249637326,-1.19458730483631803,0.68999999999999995,2.64000000000000012
0.02142437438923251,-0.08200613295713902,-0.01442349198312430,-0.61246062637651288,0.92361894092328600,-1.19090270121103692,0.68999999999999995,2.64000000000000012
0.02136306792019973,-0.08191315849528455,-0.01454239696734605,-0.61366838434606064,0.93587419890537094,-1.18719274447983425,0.68999999999999995,2.64000000000000012
0.02130164078501547,-0.08181895733122044,-0.01466092968159480,-0.61487396277763251,0.94815304118911559,-1.18345727486333363,0.68999999999999995,2.64000000000000012
0.02124009319761554,-0.08172352708963770,-0.01477908756646369,-0.61607744209690651,0.96045580592310997,-1.17969612947246216,0.68999999999999995,2.64000000000000012
0.02117842536387319,-0.08162686536123979,-0.01489686804609941,-0.61727890313155498,0.97278283472076654,-1.17590914225925891,0.68999999999999995,2.64000000000000012
0.02111663748155828,-0.08152896970239290,-0.01501426852788383,-0.61847842712403134,0.98513447272428090,-1.17209614396646744,0.68999999999999995,2.64000000000000012
0.02105472974029511,-0.08142983763476987,-0.01513128640211046,-0.61967609574456273,0.99751106866986294,-1.16825696207588314,0.68999999999999995,2.64000000000000012
0.02099270232151907,-0.08132946664498741,-0.01524791904165577,-0.62087199110435431,1.00991297495427124,-1.16439142075542112,0.68999999999999995,2.64000000000000012
0.02093055539843179,-0.08122785418423677,-0.01536416380164505,-0.62206619576901112,1.02234054770268434,-1.16049934080487316,0.68999999999999995,2.64000000000000012
0.02086828913595506,-0.08112499766790733,-0.01548001801911286,-0.62325879277218432,1.03479414683794246,-1.15658053960031793,0.68999999999999995,2.64000000000000012
0.02080590369068332,-0.08102089447520339,-0.01559547901265783,-0.62444986562944815,1.04727413615119436,-1.15263483103714992,0.68999999999999995,2.64000000000000012
0.02074339921083477,-0.08091554194875371,-0.01571054408209164,-0.62563949835241417,1.05978088337398679,-1.14866202547169061,0.68999999999999995,2.64000000000000012
0.02068077583620106,-0.08080893739421383,-0.01582521050808218,-0.62682777546308954,1.07231476025183259,-1.14466192966134295,0.68999999999999995,2.64000000000000012
0.02061803369809550,-0.08070107807986089,-0.01593947555179059,-0.62801478200848715,1.08487614261929588,-1.14063434670325159,0.68999999999999995,2.64000000000000012
0.02055517291929984,-0.08059196123618097,-0.01605333645450207,-0.62920060357549412,1.09746541047663415,-1.13657907597142804,0.68999999999999995,2.64000000000000012
0.02049219361400952,-0.08048158405544856,-0.01616679043725042,-0.63038532630600652,1.11008294806803764,-1.13249591305229891,0.68999999999999995,2.64000000000000012
0.02042909588777737,-0.08036994369129823,-0.01627983470043594,-0.63156903691233790,1.12272914396150703,-1.12838464967863428,0.68999999999999995,2.64000000000000012
0.02036587983745586,-0.08025703725828816,-0.01639246642343671,-0.63275182269290975,1.13540439113041458,-1.12424507366181259,0.68999999999999995,2.64000000000000012
0.02030254555113762,-0.08014286183145546,-0.01650468276421298,-0.63393377154823183,1.14810908703679027,-1.12007696882237595,0.68999999999999995,2.64000000000000012
0.02023909310809444,-0.08002741444586307,-0.01661648085890458,-0.63511497199718081,1.16084363371638100,-1.11588011491882710,0.68999999999999995,2.64000000000000012
0.02017552257871464,-0.07991069209613806,-0.01672785782142103,-0.63629551319358602,1.17360843786552782,-1.11165428757462248,0.68999999999999995,2.64000000000000012
0.02011183402443869,-0.07979269173600115,-0.01683881074302436,-0.63747548494313133,1.18640391092991160,-1.10739925820330676,0.68999999999999995,2.64000000000000012
0.02004802749769318,-0.07967341027778722,-0.01694933669190422,-0.63865497772058188,1.19923046919521603,-1.10311479393174028,0.68999999999999995,2.64000000000000012
0.01998410304182307,-0.07955284459195680,-0.01705943271274540,-0.63983408268734532,1.21208853387975934,-1.09880065752136247,0.68999999999999995,2.64000000000000012
0.01992006069102204,-0.07943099150659795,-0.01716909582628715,-0.64101289170937747,1.22497853122914790,-1.09445660728743821,0.68999999999999995,2.64000000000000012
0.01985590047026126,-0.07930784780691882,-0.01727832302887454,-0.64219149737544257,1.23790089261300729,-1.09008239701622700,0.68999999999999995,2.64000000000000012
0.01979162239521605,-0.07918341023473029,-0.01738711129200125,-0.64336999301573783,1.25085605462384630,-1.08567777588001668,0.68999999999999995,2.64000000000000012
0.01972722647219089,-0.07905767548791862,-0.01749545756184390,-0.64454847272089322,1.26384445917811195,-1.08124248834995984,0.68999999999999995,2.64000000000000012
0.01966271269804233,-0.07893064021990795,-0.01760335875878742,-0.64572703136135801,1.27686655361949608,-1.07677627410664933,0.68999999999999995,2.64000000000000012
0.01959808106010011,-0.07880230103911230,-0.01771081177694148,-0.64690576460718463,1.28992279082455585,-1.07227886794836591,0.68999999999999995,2.64000000000000012
0.01953333153608610,-0.07867265450837690,-0.01781781348364755,-0.64808476894822209,1.30301362931071041,-1.06774999969693085,0.68999999999999995,2.64000000000000012
0.01946846409403137,-0.07854169714440859,-0.01792436071897643,-0.64926414171473013,1.31613953334668166,-1.06318939410109214,0.68999999999999995,2.64000000000000012
0.01940347869219104,-0.07840942541719509,-0.01803045029521603,-0.65044398109842827,1.32930097306544526,-1.05859677073737202,0.68999999999999995,2.64000000000000012
0.01933837527895711,-0.07827583574941280,-0.01813607899634906,-0.65162438617399032,1.34249842457976332,-1.05397184390829923,0.68999999999999995,2.64000000000000012
0.01927315379276906,-0.07814092451582295,-0.01824124357752047,-0.65280545692099956,1.35573237010037095,-1.04931432253794843,0.68999999999999995,2.64000000000000012
0.01920781416202220,-0.07800468804265577,-0.01834594076449421,-0.65398729424637692,1.36900329805689069,-1.04462391006470479,0.68999999999999995,2.64000000000000012
0.01914235630497388,-0.07786712260698242,-0.01845016725309922,-0.65517000000729708,1.38231170322155350,-1.03990030433117142,0.68999999999999995,2.64000000000000012
0.01907678012964719,-0.07772822443607447,-0.01855391970866421,-0.65635367703460656,1.39565808683580461,-1.03514319747113070,0.68999999999999995,2.64000000000000012
0.01901108553373250,-0.07758798970675049,-0.01865719476544101,-0.65753842915675909,1.40904295673987767,-1.03035227579347088,0.68999999999999995,2.64000000000000012
0.01894527240448641,-0.07744641454470956,-0.01875998902601615,-0.65872436122428368,1.42246682750542197,-1.02552721966298432,0.68999999999999995,2.64000000000000012
0.01887934061862833,-0.07730349502385141,-0.01886229906071031,-0.65991157913480136,1.43593022057127007,-1.02066770337794033,0.68999999999999995,2.64000000000000012
0.01881329004223450,-0.07715922716558272,-0.01896412140696549,-0.66110018985860741,1.44943366438243748,-1.01577339504433262,0.68999999999999995,2.64000000000000012
0.01874712053062941,-0.07701360693810948,-0.01906545256871927,-0.66229030146483581,1.46297769453244819,-1.01084395644669844,0.68999999999999995,2.64000000000000012
0.01868083192827456,-0.07686663025571479,-0.01916628901576613,-0.66348202314822424,1.47656285390908293,-1.00587904291539987,0.68999999999999995,2.64000000000000012
0.01861442406865458,-0.07671829297802209,-0.01926662718310519,-0.66467546525649690,1.49018969284364977,-1.00087830319025795,0.68999999999999995,2.64000000000000012
0.01854789677416051,-0.07656859090924316,-0.01936646347027421,-0.66587073931838547,1.50385876926388251,-0.99584137928042216,0.68999999999999995,2.64000000000000012
0.01848124985597025,-0.07641751979741065,-0.01946579424066933,-0.66706795807230634,1.51757064885057291,-0.99076790632035594,0.68999999999999995,2.64000000000000012
0.01841448311392620,-0.07626507533359485,-0.01956461582085027,-0.66826723549571521,1.53132590519804701,-0.98565751242181443,0.68999999999999995,2.64000000000000012
0.01834759633640977,-0.07611125315110406,-0.01966292449983047,-0.66946868683515992,1.54512511997860225,-0.98050981852168417,0.68999999999999995,2.64000000000000012
0.01828058930021300,-0.07595604882466847,-0.01976071652835181,-0.67067242863705279,1.55896888311102355,-0.97532443822555148,0.68999999999999995,2.64000000000000012
0.01821346177040699,-0.07579945786960689,-0.01985798811814347,-0.67187857877918522,1.57285779293329897,-0.97010097764686032,0.68999999999999995,2.64000000000000012
0.01814621350020714,-0.07564147574097600,-0.01995473544116452,-0.67308725650300760,1.58679245637966604,-0.96483903524151549,0.68999999999999995,2.64000000000000012
0.01807884423083515,-0.07548209783270173,-0.02005095462882964,-0.67429858244669849,1.60077348916211704,-0.95953820163778103,0.68999999999999995,2.64000000000000012
0.01801135369137766,-0.07532131947669214,-0.02014664177121772,-0.67551267867904818,1.61480151595650145,-0.95419805946131830,0.68999999999999995,2.64000000000000012
0.01794374159864146,-0.07515913594193163,-0.02024179291626260,-0.67672966873418183,1.62887717059336556,-0.94881818315520217,0.68999999999999995,2.64000000000000012
0.01787600765700517,-0.07499554243355565,-0.02033640406892557,-0.67794967764714953,1.64300109625367607,-0.94339813879474776,0.68999999999999995,2.64000000000000012
0.01780815155826736,-0.07483053409190570,-0.02043047119034920,-0.67917283199041045,1.65717394566957976,-0.93793748389697296,0.68999999999999995,2.64000000000000012
0.01774017298149091,-0.07466410599156391,-0.02052399019699168,-0.68039925991123951,1.67139638133035340,-0.93243576722451549,0.68999999999999995,2.64000000000000012
0.01767207159284365,-0.07449625314036690,-0.02061695695974133,-0.68162909117008719,1.68566907569370983,-0.92689252858381643,0.68999999999999995,2.64000000000000012
0.01760384704543507,-0.07432697047839805,-0.02070936730301073,-0.68286245717992200,1.69999271140262609,-0.92130729861737448,0.68999999999999995,2.64000000000000012
0.01753549897914906,-0.07415625287695794,-0.02080121700380957,-0.68409949104658796,1.71436798150786940,-0.91567959858986669,0.68999999999999995,2.64000000000000012
0.01746702702047255,-0.07398409513751221,-0.02089250179079601,-0.68534032761021069,1.72879558969640157,-0.91000894016792477,0.68999999999999995,2.64000000000000012
0.01739843078232000,-0.07381049199061622,-0.02098321734330554,-0.68658510348768542,1.74327625052584967,-0.90429482519334647,0.68999999999999995,2.64000000000000012
0.01732970986385349,-0.07363543809481604,-0.02107335929035686,-0.68783395711628326,1.75781068966523746,-0.89853674544951267,0.68999999999999995,2.64000000000000012
0.01726086385029855,-0.07345892803552501,-0.02116292320963412,-0.68908702879841199,1.77239964414217965,-0.89273418242077163,0.68999999999999995,2.64000000000000012
0.01719189231275526,-0.07328095632387521,-0.02125190462644464,-0.69034446074757005,1.78704386259674775,-0.88688660704454336,0.68999999999999995,2.64000000000000012
0.01712279480800484,-0.07310151739554327,-0.02134029901265155,-0.69160639713553340,1.80174410554222630,-0.88099347945588413,0.68999999999999995,2.64000000000000012
0.01705357087831142,-0.07292060560954969,-0.02142810178558038,-0.69287298414081611,1.81650114563298315,-0.87505424872424353,0.68999999999999995,2.64000000000000012
0.01698422005121887,-0.07273821524703104,-0.02151530830689911,-0.69414436999844831,1.83131576793969031,-0.86906835258213333,0.68999999999999995,2.64000000000000012
0.01691474183934260,-0.07255434050998427,-0.02160191388147048,-0.69542070505111486,1.84618877023213579,-0.86303521714541598,0.68999999999999995,2.64000000000000012
0.01684513574015618,-0.07236897551998231,-0.02168791375617599,-0.69670214180170198,1.86112096326988152,-0.85695425662490965,0.68999999999999995,2.64000000000000012
0.01677540123577264,-0.07218211431686024,-0.02177330311871065,-0.69798883496729902,1.87611317110102749,-0.85082487302899201,0.68999999999999995,2.64000000000000012
0.01670553779272031,-0.07199375085737111,-0.02185807709634741,-0.69928094153470566,1.89116623136935669,-0.84464645585687326,0.68999999999999995,2.64000000000000012
0.01663554486171295,-0.07180387901381075,-0.02194223075467057,-0.70057862081749667,1.90628099563014164,-0.83841838178219308,0.68999999999999995,2.64000000000000012
0.01656542187741419,-0.07161249257261031,-0.02202575909627694,-0.70188203451469677,1.92145832967490837,-0.83214001432658347,0.68999999999999995,2.64000000000000012
0.01649516825819600,-0.07141958523289615,-0.02210865705944392,-0.70319134677112372,1.93669911386546323,-0.82581070352282193,0.68999999999999995,2.64000000000000012
0.01642478340589098,-0.07122515060501566,-0.02219091951676327,-0.70450672423945582,1.95200424347750179,-0.81942978556718482,0.68999999999999995,2.64000000000000012
0.01635426670553842,-0.07102918220902828,-0.02227254127373968,-0.70582833614408602,1.96737462905412697,-0.81299658246059248,0.68999999999999995,2.64000000000000012
0.01628361752512386,-0.07083167347316062,-0.02235351706735278,-0.70715635434682478,1.98281119676962581,-0.80651040163812093,0.68999999999999995,2.64000000000000012
0.01621283521531199,-0.07063261773222478,-0.02243384156458150,-0.70849095341451740,1.99831488880385799,-0.79997053558643505,0.68999999999999995,2.64000000000000012
0.01614191910917263,-0.07043200822599856,-0.02251350936088962,-0.70983231068864494,2.01388666372763137,-0.79337626144867945,0.68999999999999995,2.64000000000000012
0.01607086852189980,-0.07022983809756668,-0.02259251497867112,-0.71118060635697877,2.02952749689945078,-0.78672684061634146,0.68999999999999995,2.64000000000000012
0.01599968275052331,-0.07002610039162165,-0.02267085286565401,-0.71253602352736367,2.04523838087404553,-0.78002151830758082,0.68999999999999995,2.64000000000000012
0.01592836107361307,-0.06982078805272318,-0.02274851739326138,-0.71389874830370625,2.06102032582309480,-0.77325952313149493,0.68999999999999995,2.64000000000000012
0.01585690275097551,-0.06961389392351501,-0.02282550285492806,-0.71526896986424937,2.07687435996858705,-0.76644006663776698,0.68999999999999995,2.64000000000000012
0.01578530702334220,-0.06940541074289759,-0.02290180346437155,-0.71664688054221581,2.09280153002927305,-0.75956234285111779,0.68999999999999995,2.64000000000000012
0.01571357311205016,-0.06919533114415555,-0.02297741335381557,-0.71803267590890973,2.10880290168068596,-0.75262552778995651,0.68999999999999995,2.64000000000000012
0.01564170021871382,-0.06898364765303844,-0.02305232657216472,-0.71942655485936546,2.12487956002922296,-0.74562877896859536,0.68999999999999995,2.64000000000000012
0.01556968752488827,-0.06877035268579332,-0.02312653708312842,-0.72082871970064000,2.14103261010080637,-0.73857123488236676,0.68999999999999995,2.64000000000000012
0.01549753419172351,-0.06855543854714778,-0.02320003876329258,-0.72223937624284706,2.15726317734466200,-0.73145201447494834,0.68999999999999995,2.64000000000000012
0.01542523935960945,-0.06833889742824172,-0.02327282540013700,-0.72365873389303759,2.17357240815277741,-0.72427021658716928,0.68999999999999995,2.64000000000000012
0.01535280214781145,-0.06812072140450645,-0.02334489068999672,-0.72508700575203300,2.18996147039562405,-0.71702491938653712,0.68999999999999995,2.64000000000000012
0.01528022165409596,-0.06790090243348937,-0.02341622823596535,-0.72652440871432522,2.20643155397475832,-0.70971517977668730,0.68999999999999995,2.64000000000000012
0.01520749695434598,-0.06767943235262248,-0.02348683154573829,-0.72797116357115998,2.22298387139293485,-0.70234003278592083,0.68999999999999995,2.64000000000000012
0.01513462710216616,-0.06745630287693304,-0.02355669402939372,-0.72942749511692728,2.23961965834240306,-0.69489849093395262,0.68999999999999995,2.64000000000000012
0.01506161112847698,-0.06723150559669433,-0.02362580899710911,-0.73089363225898640,2.25634017431208189,-0.68738954357595428,0.68999999999999995,2.64000000000000012
0.01498844804109782,-0.06700503197501494,-0.02369416965681100,-0.73236980813106067,2.27314670321433665,-0.67981215622292590,0.68999999999999995,2.64000000000000012
0.01491513682431852,-0.06677687334536411,-0.02376176911175559,-0.73385626021034112,2.29004055403212270,-0.67216526983738767,0.68999999999999995,2.64000000000000012
0.01484167643845900,-0.06654702090903157,-0.02382860035803761,-0.73535323043844669,2.30702306148728464,-0.66444780010332960,0.68999999999999995,2.64000000000000012
0.01476806581941660,-0.06631546573251920,-0.02389465628202483,-0.73686096534639312,2.32409558673084593,-0.65665863666930713,0.68999999999999995,2.64000000000000012
0.01469430387820073,-0.06608219874486272,-0.02395992965771550,-0.73837971618373222,2.34125951805615307,-0.64879664236351098,0.68999999999999995,2.64000000000000012
0.01462038950045439,-0.06584721073488078,-0.02402441314401592,-0.73990973905202839,2.35851627163578481,-0.64086065237958534,0.68999999999999995,2.64000000000000012
0.01454632154596205,-0.06561049234834922,-0.02408809928193490,-0.74145129504284890,2.37586729228317495,-0.63284947343190112,0.68999999999999995,2.64000000000000012
0.01447209884814365,-0.06537203408509776,-0.02415098049169238,-0.74300465038045083,2.39331405423994115,-0.62476188287892898,0.68999999999999995,2.64000000000000012
0.01439772021353390,-0.06513182629602676,-0.02421304906973857,-0.74457007656935859,2.41085806198996666,-0.61659662781328406,0.68999999999999995,2.64000000000000012
0.01432318442124673,-0.06488985918004113,-0.02427429718568042,-0.74614785054703325,2.42850085110131664,-0.60835242411694235,0.68999999999999995,2.64000000000000012
0.01424849022242412,-0.06464612278089858,-0.02433471687911183,-0.74773825484184486,2.44624398909713658,-0.60002795548004861,0.68999999999999995,2.64000000000000012
0.01417363633966885,-0.06440060698396935,-0.02439430005634382,-0.74934157773657040,2.46408907635672758,-0.59162187238165420,0.68999999999999995,2.64000000000000012
0.01409862146646071,-0.06415330151290420,-0.02445303848703079,-0.75095811343764907,2.48203774704804925,-0.58313279103063376,0.68999999999999995,2.64000000000000012
0.01402344426655535,-0.06390419592620761,-0.02451092380068885,-0.75258816225043967,2.50009167009296984,-0.57455929226493763,0.68999999999999995,2.64000000000000012
0.01394810337336544,-0.06365327961371267,-0.02456794748310184,-0.75423203076073475,2.51825255016663752,-0.56589992040723724,0.68999999999999995,2.64000000000000012
0.01387259738932322,-0.06340054179295433,-0.02462410087261074,-0.75589003202280181,2.53652212873242044,-0.55715318207491515,0.68999999999999995,2.64000000000000012
0.01379692488522398,-0.06314597150543727,-0.02467937515628163,-0.75756248575423168,2.55490218511393508,-0.54831754494224139,0.68999999999999995,2.64000000000000012
0.01372108439954973,-0.06288955761279470,-0.02473376136594740,-0.75924971853789180,2.57339453760575099,-0.53939143645245757,0.68999999999999995,2.64000000000000012
0.01364507443777221,-0.06263128879283403,-0.02478725037411809,-0.76095206403129501,2.59200104462444969,-0.53037324247736628,0.68999999999999995,2.64000000000000012
0.01356889347163469,-0.06237115353546536,-0.02483983288975446,-0.76266986318371011,2.61072360590179064,-0.52126130592188757,0.68999999999999995,2.64000000000000012
0.01349253993841154,-0.06210914013850852,-0.02489149945389910,-0.76440346446135932,2.62956416372183543,-0.51205392527090354,0.68999999999999995,2.64000000000000012
0.01341601224014500,-0.06184523670337404,-0.02494224043515928,-0.76615322408106323,2.64852470420396280,-0.50274935307556012,0.68999999999999995,2.64000000000000012
0.01333930874285801,-0.06157943113061351,-0.02499204602503526,-0.76791950625271366,2.66760725863382309,-0.49334579437603476,0.68999999999999995,2.64000000000000012
0.01326242777574243,-0.06131171111533432,-0.02504090623308755,-0.76970268343097503,2.68681390484437355,-0.48384140505760570,0.68999999999999995,2.64000000000000012
0.01318536763032155,-0.06104206414247366,-0.02508881088193634,-0.77150313657663505,2.70614676864925219,-0.47423429013667817,0.68999999999999995,2.64000000000000012
0.01310812655958603,-0.06077047748192661,-0.02513574960208583,-0.77332125542804908,2.72560802533086788,-0.46452250197322581,0.68999999999999995,2.64000000000000012
0.01303070277710210,-0.06049693818352238,-0.02518171182656606,-0.77515743878314536,2.74519990118571089,-0.45470403840589974,0.68999999999999995,2.64000000000000012
0.01295309445609106,-0.06022143307184324,-0.02522668678538410,-0.77701209479248334,2.76492467512951556,-0.44477684080583529,0.68999999999999995,2.64000000000000012
0.01287529972847886,-0.05994394874087967,-0.02527066349977649,-0.77888564126388504,2.78478468036505422,-0.43473879204495042,0.68999999999999995,2.64000000000000012
0.01279731668391470,-0.05966447154851559,-0.02531363077625396,-0.78077850597918741,2.80478230611549195,-0.42458771437427723,0.68999999999999995,2.64000000000000012
0.01271914336875718,-0.05938298761083682,-0.02535557720042938,-0.78269112702369270,2.82491999942638383,-0.41432136720759855,0.68999999999999995,2.64000000000000012
0.01264077778502699,-0.05909948279625570,-0.02539649113061907,-0.78462395312892830,2.84520026703957640,-0.40393744480537297,0.68999999999999995,2.64000000000000012
0.01256221788932457,-0.05881394271944469,-0.02543636069120729,-0.78657744402935870,2.86562567734244578,-0.39343357385362349,0.68999999999999995,2.64000000000000012
0.01248346159171132,-0.05852635273507108,-0.02547517376576316,-0.78855207083373124,2.88619886239609968,-0.38280731093213538,0.68999999999999995,2.64000000000000012
0.01240450675455304,-0.05823669793132474,-0.02551291798989863,-0.79054831641177381,2.90692252004637774,-0.37205613986595482,0.68999999999999995,2.64000000000000012
0.01232535119132377,-0.05794496312323054,-0.02554958074385547,-0.79256667579700546,2.92779941612169381,-0.36117746895380254,0.68999999999999995,2.64000000000000012
0.01224599266536861,-0.05765113284573638,-0.02558514914480866,-0.79460765660646315,2.94883238672200143,-0.35016862806661053,0.68999999999999995,2.64000000000000012
0.01216642888862361,-0.05735519134656764,-0.02561961003887287,-0.79667177947819612,2.97002434060340237,-0.33902686560895462,0.68999999999999995,2.64000000000000012
0.01208665752029106,-0.05705712257883819,-0.02565294999279790,-0.79875957852742763,2.99137826166318854,-0.32774934533569033,0.68999999999999995,2.64000000000000012
0.01200667616546811,-0.05675691019340762,-0.02568515528533820,-0.80087160182233819,3.01289721153037693,-0.31633314301559717,0.68999999999999995,2.64000000000000012
0.01192648237372686,-0.05645453753097393,-0.02571621189828073,-0.80300841188048022,3.03458433226710067,-0.30477524293329866,0.68999999999999995,2.64000000000000012
0.01184607363764368,-0.05614998761389037,-0.02574610550711457,-0.80517058618689552,3.05644284918653764,-0.29307253422014756,0.68999999999999995,2.64000000000000012
0.01176544739127564,-0.05584324313769433,-0.02577482147132466,-0.80735871773507051,3.07847607379339117,-0.28122180700414262,0.68999999999999995,2.64000000000000012
0.01168460100858159,-0.05553428646233579,-0.02580234482429095,-0.80957341559193452,3.10068740685330546,-0.26921974836827378,0.68999999999999995,2.64000000000000012
0.01160353180178552,-0.05522309960309218,-0.02582866026277349,-0.81181530548817948,3.12308034159798087,-0.25706293810597208,0.68999999999999995,2.64000000000000012
0.01152223701967958,-0.05490966422115556,-0.02585375213596233,-0.81408503043525904,3.14565846707317132,-0.24474784426156287,0.68999999999999995,2.64000000000000012
0.01144071384586397,-0.05459396161387761,-0.02587760443407013,-0.81638325137051004,3.16842547163718669,-0.23227081844278344,0.68999999999999995,2.64000000000000012
0.01135895939692089,-0.05427597270465684,-0.02590020077644419,-0.81871064783192893,3.19138514661799588,-0.21962809089152163,0.68999999999999995,2.64000000000000012
0.01127697072051941,-0.05395567803245186,-0.02592152439917273,-0.82106791866423534,3.21454139013753570,-0.20681576529795639,0.68999999999999995,2.64000000000000012
0.01119474479344814,-0.05363305774090347,-0.02594155814215917,-0.82345578275795661,3.23789821111237197,-0.19382981334222607,0.68999999999999995,2.64000000000000012
0.01111227851957226,-0.05330809156704742,-0.02596028443563617,-0.82587497982338098,3.26145973344044648,-0.18066606894661003,0.68999999999999995,2.64000000000000012
0.01102956872771129,-0.05298075882959882,-0.02597768528608978,-0.82832627120134750,3.28523020038426106,-0.16732022221997561,0.68999999999999995,2.64000000000000012
0.01094661216943393,-0.05265103841678794,-0.02599374226156172,-0.83081044071296883,3.30921397916152626,-0.15378781307490599,0.68999999999999995,2.64000000000000012
0.01086340551676579,-0.05231890877372603,-0.02600843647629621,-0.83332829555052201,3.33341556575502462,-0.14006422449647754,0.68999999999999995,2.64000000000000012
0.01077994535980595,-0.05198434788927877,-0.02602174857469529,-0.83588066721189358,3.35783958995420440,-0.12614467544008509,0.68999999999999995,2.64000000000000012
0.01069622820424778,-0.05164733328242332,-0.02603365871454437,-0.83846841248112358,3.38249082064186091,-0.11202421333401065,0.68999999999999995,2.64000000000000012
0.01061225046879924,-0.05130784198806396,-0.02604414654946723,-0.84109241445776817,3.40737417134015264,-0.09769770616058061,0.68999999999999995,2.64000000000000012
0.01052800848249776,-0.05096585054227944,-0.02605319121056684,-0.84375358363798680,3.43249470603116347,-0.08315983408774652,0.68999999999999995,2.64000000000000012
0.01044349848191420,-0.05062133496697391,-0.02606077128720568,-0.84645285905045975,3.45785764526826700,-0.06840508062073659,0.68999999999999995,2.64000000000000012
0.01035871660824047,-0.05027427075390151,-0.02606686480687578,-0.84919120945046123,3.48346837259565500,-0.05342772324104475,0.68999999999999995,2.64000000000000012
0.01027365890425452,-0.04992463284803271,-0.02607144921410566,-0.85196963457564612,3.50933244129461475,-0.03822182349742931,0.68999999999999995,2.64000000000000012
0.01018832131115668,-0.04957239563022899,-0.02607450134834735,-0.85478916646736236,3.53545558147642724,-0.02278121651076424,0.68999999999999995,2.64000000000000012
0.01010269966527030,-0.04921753289918993,-0.02607599742078286,-0.85765087086157454,3.56184370754317881,-0.00709949985149836,0.68999999999999995,2.64000000000000012
0.01001678969459966,-0.04886001785263488,-0.02607591298998520,-0.86055584865378121,3.58850292603928400,0.00882997825489591,0.68999999999999995,2.64000000000000012
0.00993058701523758,-0.04849982306767903,-0.02607422293636440,-0.86350523744262886,3.61543954391817390,0.02501413144279062,0.68999999999999995,2.64000000000000012
0.00984408712761439,-0.04813692048036085,-0.02607090143532377,-0.86650021315727377,3.64266007725037166,0.04146014849393062,0.68999999999999995,2.64000000000000012
0.00975728541257984,-0.04777128136427554,-0.02606592192904651,-0.86954199177391789,3.67017126040111030,0.05817550745438768,0.68999999999999995,2.64000000000000012
0.00967017712730866,-0.04740287630826599,-0.02605925709682656,-0.87263183112735776,3.69798005570772625,0.07516799064255486,0.68999999999999995,2.64000000000000012
0.00958275740101991,-0.04703167519311966,-0.02605087882385133,-0.87577103282382573,3.72609366368933159,0.09244570061511795,0.68999999999999995,2.64000000000000012
0.00949502123049969,-0.04665764716721647,-0.02604075816833699,-0.87896094426188764,3.75451953382371073,0.11001707716378863,0.68999999999999995,2.64000000000000012
0.00940696347541617,-0.04628076062106899,-0.02602886532690918,-0.88220296076868543,3.78326537592906620,0.12789091542201542,0.68999999999999995,2.64000000000000012
0.00931857885341472,-0.04590098316069267,-0.02601516959811408,-0.88549852785938465,3.81233917219112106,0.14607638516796981,0.68999999999999995,2.64000000000000012
0.00922986193498077,-0.04551828157973915,-0.02599963934393540,-0.88884914362830925,3.84174918987923730,0.16458305141790994,0.68999999999999995,2.64000000000000012
0.00914080713805647,-0.04513262183032166,-0.02598224194918335,-0.89225636128092334,3.87150399479864094,0.18342089641263554,0.68999999999999995,2.64000000000000012
0.00905140872239674,-0.04474396899245627,-0.02596294377861061,-0.89572179181656197,3.90161246552956564,0.20260034310926145,0.68999999999999995,2.64000000000000012
0.00896166078364907,-0.04435228724203756,-0.02594171013159883,-0.89924710687261888,3.93208380850820038,0.22213228030105686,0.68999999999999995,2.64000000000000012
0.00887155724714034,-0.04395753981726173,-0.02591850519424618,-0.90283404174178339,3.96292757400875884,0.24202808949974647,0.68999999999999995,2.64000000000000012
0.00878109186135278,-0.04355968898340372,-0.02589329198867246,-0.90648439857488505,3.99415367309082558,0.26229967372758156,0.68999999999999995,2.64000000000000012
0.00869025819106973,-0.04315869599584853,-0.02586603231934287,-0.91020004978296076,4.02577239558142796,0.28295948838082174,0.68999999999999995,2.64000000000000012
0.00859904961017068,-0.04275452106126944,-0.02583668671619449,-0.91398294165331917,4.05779442916705602,0.30402057434219498,0.68999999999999995,2.64000000000000012
0.00850745929405335,-0.04234712329683819,-0.02580521437433107,-0.91783509819564635,4.09023087967718091,0.32549659353762583,0.68999999999999995,2.64000000000000012
0.00841548021165888,-0.04193646068734354,-0.02577157309003099,-0.92175862523559204,4.12309329264774505,0.34740186715226989,0.68999999999999995,2.64000000000000012
0.00832310511707455,-0.04152249004008554,-0.02573571919279092,-0.92575571477480700,4.15639367626068346,0.36975141674292450,0.68999999999999995,2.64000000000000012
0.00823032654068629,-0.04110516693740278,-0.02569760747310265,-0.92982864963808709,4.19014452576385654,0.39256100850850151,0.68999999999999995,2.64000000000000012
0.00813713677985126,-0.04068444568667882,-0.02565719110563294,-0.93397980843013295,4.22435884948491314,0.41584720100779210,0.68999999999999995,2.64000000000000012
0.00804352788905812,-0.04026027926766255,-0.02561442156744614,-0.93821167082647561,4.25905019656261175,0.43962739664461425,0.68999999999999995,2.64000000000000012
0.00794949166954057,-0.03983261927692393,-0.02556924855087528,-0.94252682322537185,4.29423268653018297,0.46391989727506711,0.68999999999999995,2.64000000000000012
0.00785501965830628,-0.03940141586925273,-0.02552161987061002,-0.94692796478995478,4.32992104089741225,0.48874396433054140,0.68999999999999995,2.64000000000000012
0.00776010311654089,-0.03896661769579257,-0.02547148136452861,-0.95141791391267361,4.36613061689149617,0.51411988389395291,0.68999999999999995,2.64000000000000012
0.00766473301734293,-0.03852817183868562,-0.02541877678775440,-0.95599961513708775,4.40287744353142241,0.54006903721607113,0.68999999999999995,2.64000000000000012
0.00756890003274214,-0.03808602374198541,-0.02536344769936639,-0.96067614657544165,4.44017826022683426,0.56661397721461615,0.68999999999999995,2.64000000000000012
0.00747259451994950,-0.03764011713857484,-0.02530543334113578,-0.96545072786416641,4.47805055811024300,0.59377851156192396,0.68999999999999995,2.64000000000000012
0.00737580650678288,-0.03719039397280490,-0.02524467050759644,-0.97032672870357839,4.51651262433118283,0.62158779303852763,0.68999999999999995,2.64000000000000012
0.00727852567620748,-0.03673679431854551,-0.02518109340668545,-0.97530767803262408,4.55558358956272702,0.65006841791123671,0.68999999999999995,2.64000000000000012
0.00718074134992463,-0.03627925629231378,-0.02511463351010960,-0.98039727389460407,4.59528347899488754,0.67924853318670175,0.68999999999999995,2.64000000000000012
0.00708244247093704,-0.03581771596111614,-0.02504521939250337,-0.98559939405546193,4.63563326711608248,0.70915795369676660,0.68999999999999995,2.64000000000000012
0.00698361758501169,-0.03535210724460931,-0.02497277655834250,-0.99091810744251363,4.67665493661334342,0.73982829009217765,0.68999999999999995,2.64000000000000012
0.00688425482095483,-0.03488236181115027,-0.02489722725546280,-0.99635768647849521,4.71837154175457751,0.77129308895883975,0.68999999999999995,2.64000000000000012
0.00678434186960532,-0.03440840896726748,-0.02481849027390473,-1.00192262039361113,4.76080727665232750,0.80358798642861551,0.68999999999999995,2.64000000000000012
0.00668386596144415,-0.03393017554004342,-0.02473648072865838,-1.00761762960696988,4.80398754884845580,0.83675087683801752,0.68999999999999995,2.64000000000000012
0.00658281384270817,-0.03344758575185281,-0.02465110982471755,-1.01344768127850271,4.84793905870347253,0.87082209819701228,0.68999999999999995,2.64000000000000012
0.00648117174988545,-0.03296056108684953,-0.02456228460266426,-1.01941800614330669,4.89268988512320924,0.90584463647127944,0.68999999999999995,2.64000000000000012
0.00637892538245803,-0.03246902014853992,-0.02446990766279041,-1.02553411675246053,4.93826957820975743,0.94186435096028776,0.68999999999999995,2.64000000000000012
0.00627605987374455,-0.03197287850771798,-0.02437387686551984,-1.03180182725789749,4.98470925948350274,0.97893022337721303,0.68999999999999995,2.64000000000000012
0.00617255975968090,-0.03147204853997052,-0.02427408500561469,-1.03822727489403688,5.03204173038924907,1.01709463361313190,0.68999999999999995,2.64000000000000012
0.00606840894536090,-0.03096643925188497,-0.02417041945733071,-1.04481694332577679,5.08030158987236735,1.05641366560682792,0.68999999999999995,2.64000000000000012
0.00596359066914108,-0.03045595609501041,-0.02406276178731862,-1.05157768805132346,5.12952536189114561,1.09694744725470583,0.68999999999999995,2.64000000000000012
0.00585808746409380,-0.02994050076653115,-0.02395098733164635,-1.05851676406940620,5.17975163381956794,1.13876052889699286,0.68999999999999995,2.64000000000000012
0.00575188111657082,-0.02941997099551218,-0.02383496473282865,-1.06564185604393225,5.23102120679095162,1.18192230562392875,0.68999999999999995,2.64000000000000012
0.00564495262161486,-0.02889426031346558,-0.02371455543218564,-1.07296111122530835,5.28337725913755207,1.22650748948015820,0.68999999999999995,2.64000000000000012
0.00553728213492933,-0.02836325780786580,-0.02358961311219628,-1.08048317541674699,5.33686552419431859,1.27259663863292038,0.68999999999999995,2.64000000000000012
0.00542884892108590,-0.02782684785710900,-0.02345998308274909,-1.08821723230610723,5.39153448385610812,1.32027675174167958,0.68999999999999995,2.64000000000000012
0.00531963129761604,-0.02728490984526637,-0.02332550160430092,-1.09617304651940173,5.44743557940587930,1.36964193716282989,0.68999999999999995,2.64000000000000012
0.00520960657459471,-0.02673731785482284,-0.02318599513991050,-1.10436101079115301,5.50462344126481451,1.42079416829163585,0.68999999999999995,2.64000000000000012
0.00509875098928325,-0.02618394033542081,-0.02304127952688595,-1.11279219768935378,5.56315613945094611,1.47384413834517347,0.68999999999999995,2.64000000000000012
0.00498703963535197,-0.02562463974644317,-0.02289115905733870,-1.12147841637870704,5.62309545666576138,1.52891223030031997,0.68999999999999995,2.64000000000000012
0.00487444638615264,-0.02505927217107174,-0.02273542545522340,-1.13043227495468268,5.68450718605093375,1.58612962061475216,0.68999999999999995,2.64000000000000012
0.00476094381145487,-0.02448768689924746,-0.02257385673540991,-1.13966724893187177,5.74746145575855749,1.64563953889624770,0.68999999999999995,2.64000000000000012
0.00464650308699972,-0.02390972597674115,-0.02240621592790818,-1.14919775652166134,5.81203308254144702,1.70759870999819641,0.68999999999999995,2.64000000000000012
0.00453109389615777,-0.02332522371732216,-0.02223224964746432,-1.15903924138394299,5.87830195657092514,1.77217901030070379,0.68999999999999995,2.64000000000000012
0.00441468432290808,-0.02273400617479502,-0.02205168648525626,-1.16920826358154351,5.94635345959281292,1.83956937643502449,0.68999999999999995,2.64000000000000012
0.00429724073528005,-0.02213589057147460,-0.02186423519520467,-1.17972259949835534,6.01627891828700267,1.90997801274394963,0.68999999999999995,2.64000000000000012
0.00417872765832296,-0.02153068467950401,-0.02166958264230436,-1.19060135149365642,6.08817609422822059,1.98363495375654719,0.68999999999999995,2.64000000000000012
0.00405910763559193,-0.02091818615131711,-0.02146739147415308,-1.20186506804218052,6.16214971104866205,2.06079505043277855,0.68999999999999995,2.64000000000000012
0.00393834107806706,-0.02029818179554595,-0.02125729746922566,-1.21353587503160654,6.23831201812263991,2.14174146461147519,0.68999999999999995,2.64000000000000012
0.00381638609936278,-0.01967044679483422,-0.02103890650604624,-1.22563761872566235,6.31678338810485229,2.22678977591168392,0.68999999999999995,2.64000000000000012
0.00369319833604715,-0.01903474386242525,-0.02081179108577738,-1.23819602060621392,6.39769294263052046,2.31629283054054635,0.68999999999999995,2.64000000000000012
0.00356873075189185,-0.01839082233517397,-0.02057548632625406,-1.25123884381307815,6.48117919594885983,2.41064649372420314,0.68999999999999995,2.64000000000000012
0.00344293342493897,-0.01773841720197079,-0.02032948532732827,-1.26479607010313644,6.56739069950627830,2.51029650906315593,0.68999999999999995,2.64000000000000012
0.00331575331643633,-0.01707724806873159,-0.02007323378448024,-1.27890008499581187,6.65648666047788673,2.61574672210077575,0.68999999999999995,2.64000000000000012
0.00318713402101659,-0.01640701806450176,-0.01980612369855250,-1.29358586682543719,6.74863749240534538,2.72756899601597702,0.68999999999999995,2.64000000000000012
0.00305701549806291,-0.01572741269843457,-0.01952748599223359,-1.30889117242433572,6.84402523408716768,2.84641524047593819,0.68999999999999995,2.64000000000000012
0.00292533378514446,-0.01503809868531815,-0.01923658179592215,-1.32485670756259943,6.94284374011497185,2.97303209852209882,0.68999999999999995,2.64000000000000012
0.00279202069592067,-0.01433872276926961,-0.01893259210322044,-1.34152626321621460,7.04529849747630710,3.10827900251286815,0.68999999999999995,2.64000000000000012
0.00265700350730886,-0.01362891059320448,-0.01861460541453184,-1.35894678788278900,7.15160584894550944,3.25315053516866604,0.68999999999999995,2.64000000000000012
0.00252020464446610,-0.01290826568881544,-0.01828160287906035,-1.37716834938542654,7.26199129219288064,3.40880433954985040,0.68999999999999995,2.64000000000000012
0.00238154137800089,-0.01217636870284504,-0.01793244030102501,-1.39624391348127763,7.37668635237804704,3.57659624719754099,0.68999999999999995,2.64000000000000012
0.00224092555699448,-0.01143277703792995,-0.01756582618094520,-1.41622882555285656,7.49592326107970841,3.75812488810722956,0.68999999999999995,2.64000000000000012
0.00209826341578821,-0.01067702518218789,-0.01718029469694220,-1.43717981649710613,7.61992625934697632,3.95528888645949506,0.68999999999999995,2.64000000000000012
0.00195345551520002,-0.00990862615032617,-0.01677417216416330,-1.45915324915226807,7.74889768330240081,4.17036094807635305,0.68999999999999995,2.64000000000000012
0.00180639691503766,-0.00912707469208290,-0.01634553499826353,-1.48220215069695649,7.88299592704962215,4.40608488664056619,0.68999999999999995,2.64000000000000012
0.00165697773318655,-0.00833185329428266,-0.01589215648479236,-1.50637129310222884,8.02230063206202182,4.66580418962854537,0.68999999999999995,2.64000000000000012
0.00150508434213980,-0.00752244260109607,-0.01541143861929638,-1.53168910525447410,8.16675753270311056,4.95363451867491467,0.68999999999999995,2.64000000000000012
0.00135060161289338,-0.00669833886075929,-0.01490032377801797,-1.55815437576539972,8.31609040099877284,5.27469824277111687,0.68999999999999995,2.64000000000000012
0.00119341688590665,-0.00585908265707653,-0.01435517876663100,-1.58571425168239277,8.46965881750629279,5.63544776793329572,0.68999999999999995,2.64000000000000012
0.00103342681646910,-0.00500430601497824,-0.01377164050268303,-1.61422740998736391,8.62622486721056703,6.04411768452269982,0.68999999999999995,2.64000000000000012
0.00087054907255267,-0.00413380994965699,-0.01314440764300602,-1.64340139396461349,8.78356305006771088,6.51136603612396847,0.68999999999999995,2.64000000000000012
0.00070474237992145,-0.00324769353647625,-0.01246695501047514,-1.67268375088455179,8.93779296645438137,7.05119557709430733,0.68999999999999995,2.64000000000000012
0.00053604126309801,-0.00234657237262272,-0.01173113651576198,-1.70106810335238867,9.08220699181381619,7.68228965558727683,0.68999999999999995,2.64000000000000012
0.00036461737847724,-0.00143195664672155,-0.01092662615094809,-1.72673845122142278,9.20514760192375014,8.42995092050815487,0.68999999999999995,2.64000000000000012
0.00019089049182739,-0.00050692345092813,-0.01004012581099102,-1.74639514314622191,9.28603434848337095,9.32886015058288365,0.68999999999999995,2.64000000000000012
0.00001573531877494,0.00042264967101415,-0.00905425168168242,-1.75393332713453387,9.28766927029013623,10.42671865430775213,0.68999999999999995,2.64000000000000012
-0.00015912034239995,0.00134574531585933,-0.00794604056176849,-1.73777180734268044,9.14088572189500859,11.78786899185496395,0.68999999999999995,2.64000000000000012
-0.00033030705988556,0.00224164139364611,-0.00668526856247336,-1.67538616618006442,8.71360607219295247,13.49182670284998231,0.68999999999999995,2.64000000000000012
-0.00049124008343442,0.00307095152784830,-0.00523389930189770,-1.52265021581844429,7.75181495324321990,15.60603663890392312,0.68999999999999995,2.64000000000000012
-0.00062918015152630,0.00375926559025133,-0.00355208161279012,-1.19822711528510473,5.79746524274643171,18.06387132482583269,0.68999999999999995,2.64000000000000012
-0.00072136777055878,0.00417673486531157,-0.00162689640650420,-0.59093742634942537,2.24874852095625277,20.31360471667836265,0.68999999999999995,2.64000000000000012
