0.0019,0.0488,0,0,0,4.7163
0.00190009,0.0487978,0.000471628,0.00181838,-0.0432601,4.71618
0.00190036,0.0487913,0.000943223,0.00362798,-0.0865163,4.71566
0.00190082,0.0487805,0.00141475,0.00542866,-0.129764,4.71474
0.00190145,0.0487654,0.00188616,0.0072203,-0.172999,4.7134
0.00190226,0.0487459,0.00235741,0.00900278,-0.216218,4.71167
0.00190325,0.0487222,0.00282848,0.010776,-0.259415,4.70953
0.00190441,0.0486941,0.00329931,0.0125397,-0.302586,4.70698
0.00190576,0.0486616,0.00376986,0.0142939,-0.345728,4.70404
0.00190727,0.0486249,0.0042401,0.0160385,-0.388835,4.70069
0.00190896,0.0485839,0.00470998,0.0177733,-0.431904,4.69693
0.00191083,0.0485385,0.00517947,0.0194982,-0.474929,4.69278
0.00191286,0.0484889,0.00564853,0.0212131,-0.517908,4.68822
0.00191507,0.0484349,0.0061171,0.0229179,-0.560835,4.68326
0.00191745,0.0483767,0.00658516,0.0246124,-0.603707,4.6779
0.00191999,0.0483142,0.00705267,0.0262966,-0.646519,4.67214
0.00192271,0.0482474,0.00751958,0.0279704,-0.689266,4.66598
0.00192559,0.0481764,0.00798585,0.0296336,-0.731945,4.65942
0.00192863,0.048101,0.00845145,0.0312861,-0.774551,4.65247
0.00193184,0.0480215,0.00891633,0.0329279,-0.81708,4.64511
0.00193522,0.0479376,0.00938046,0.0345589,-0.859527,4.63737
0.00193875,0.0478495,0.00984379,0.0361789,-0.90189,4.62922
0.00194245,0.0477572,0.0103063,0.0377879,-0.944162,4.62069
0.00194631,0.0476607,0.0107679,0.0393857,-0.986341,4.61176
0.00195033,0.04756,0.0112286,0.0409723,-1.02842,4.60244
0.00195451,0.047455,0.0116884,0.0425476,-1.0704,4.59273
0.00195884,0.0473459,0.0121472,0.0441115,-1.11227,4.58264
0.00196333,0.0472326,0.0126049,0.045664,-1.15404,4.57215
0.00196797,0.0471151,0.0130616,0.0472048,-1.19568,4.56128
0.00197277,0.0469935,0.0135171,0.048734,-1.23721,4.55002
0.00197772,0.0468677,0.0139716,0.0502515,-1.27862,4.53838
0.00198282,0.0467377,0.0144248,0.0517572,-1.3199,4.52636
0.00198807,0.0466037,0.0148768,0.0532511,-1.36105,4.51396
0.00199347,0.0464655,0.0153276,0.054733,-1.40206,4.50118
0.00199901,0.0463233,0.0157771,0.0562028,-1.44294,4.48802
0.00200471,0.0461769,0.0162252,0.0576606,-1.48367,4.47449
0.00201055,0.0460265,0.0166719,0.0591063,-1.52426,4.46059
0.00201653,0.0458721,0.0171173,0.0605398,-1.5647,4.44631
0.00202265,0.0457136,0.0175612,0.061961,-1.60498,4.43166
0.00202892,0.0455511,0.0180036,0.0633699,-1.6451,4.41665
0.00203533,0.0453846,0.0184445,0.0647664,-1.68506,4.40127
0.00204187,0.0452141,0.0188838,0.0661505,-1.72486,4.38552
0.00204856,0.0450396,0.0193216,0.0675221,-1.76448,4.36941
0.00205538,0.0448612,0.0197577,0.0688812,-1.80394,4.35295
0.00206233,0.0446789,0.0201922,0.0702277,-1.84321,4.33612
0.00206942,0.0444926,0.0206249,0.0715616,-1.88231,4.31894
0.00207664,0.0443024,0.021056,0.0728828,-1.92121,4.30141
0.002084,0.0441083,0.0214852,0.0741914,-1.95994,4.28352
0.00209148,0.0439104,0.0219126,0.0754872,-1.99847,4.26529
0.0020991,0.0437087,0.0223382,0.0767702,-2.0368,4.24671
0.00210684,0.0435031,0.022762,0.0780405,-2.07494,4.22779
0.0021147,0.0432937,0.0231838,0.0792979,-2.11287,4.20852
0.0021227,0.0430805,0.0236037,0.0805425,-2.1506,4.18892
0.00213081,0.0428636,0.0240216,0.0817742,-2.18811,4.16898
0.00213905,0.0426429,0.0244375,0.082993,-2.22542,4.1487
0.00214741,0.0424185,0.0248513,0.0841988,-2.26251,4.12809
0.00215589,0.0421904,0.0252631,0.0853917,-2.29937,4.10716
0.00216449,0.0419586,0.0256727,0.0865717,-2.33602,4.0859
0.0021732,0.0417232,0.0260802,0.0877387,-2.37244,4.06431
0.00218203,0.0414841,0.0264856,0.0888927,-2.40863,4.0424
0.00219098,0.0412415,0.0268887,0.0900337,-2.44459,4.02018
0.00220004,0.0409952,0.0272896,0.0911617,-2.48031,3.99764
0.00220921,0.0407454,0.0276882,0.0922768,-2.51579,3.97479
0.0022185,0.0404921,0.0280845,0.0933788,-2.55103,3.95163
0.00222789,0.0402352,0.0284785,0.0944678,-2.58603,3.92816
0.00223739,0.0399749,0.0288702,0.0955438,-2.62078,3.90439
0.002247,0.0397111,0.0292594,0.0966068,-2.65527,3.88032
0.00225671,0.0394438,0.0296462,0.0976569,-2.68951,3.85595
0.00226653,0.0391732,0.0300306,0.0986939,-2.7235,3.83128
0.00227645,0.0388991,0.0304125,0.099718,-2.75722,3.80633
0.00228647,0.0386217,0.0307918,0.100729,-2.79069,3.78108
0.00229659,0.038341,0.0311687,0.101727,-2.82388,3.75555
0.00230682,0.038057,0.0315429,0.102713,-2.85681,3.72974
0.00231714,0.0377697,0.0319146,0.103685,-2.88947,3.70366
0.00232755,0.0374791,0.0322837,0.104645,-2.92186,3.67729
0.00233806,0.0371853,0.0326501,0.105591,-2.95396,3.65065
0.00234867,0.0368883,0.0330138,0.106525,-2.98579,3.62375
0.00235937,0.0365881,0.0333748,0.107446,-3.01734,3.59658
0.00237016,0.0362848,0.0337331,0.108354,-3.04861,3.56915
0.00238104,0.0359784,0.0340886,0.10925,-3.07959,3.54145
0.00239201,0.0356689,0.0344414,0.110133,-3.11028,3.51351
0.00240307,0.0353564,0.0347913,0.111003,-3.14068,3.48531
0.00241421,0.0350408,0.0351384,0.111861,-3.17079,3.45686
0.00242544,0.0347222,0.0354827,0.112706,-3.2006,3.42817
0.00243675,0.0344007,0.0358241,0.113538,-3.23011,3.39924
0.00244814,0.0340762,0.0361625,0.114359,-3.25933,3.37007
0.00245962,0.0337488,0.0364981,0.115166,-3.28824,3.34066
0.00247118,0.0334186,0.0368306,0.115961,-3.31685,3.31102
0.00248281,0.0330855,0.0371603,0.116744,-3.34515,3.28116
0.00249453,0.0327496,0.0374869,0.117515,-3.37315,3.25107
0.00250632,0.0324109,0.0378105,0.118274,-3.40083,3.22077
0.00251818,0.0320694,0.038131,0.11902,-3.42821,3.19025
0.00253012,0.0317252,0.0384485,0.119754,-3.45527,3.15951
0.00254213,0.0313784,0.0387629,0.120476,-3.48201,3.12857
0.00255421,0.0310288,0.0390742,0.121187,-3.50844,3.09742
0.00256637,0.0306767,0.0393824,0.121885,-3.53455,3.06607
0.00257859,0.0303219,0.0396874,0.122571,-3.56034,3.03452
0.00259088,0.0299646,0.0399893,0.123246,-3.58581,3.00278
0.00260324,0.0296048,0.040288,0.123909,-3.61096,2.97084
0.00261566,0.0292425,0.0405834,0.124561,-3.63578,2.93872
0.00262815,0.0288777,0.0408757,0.125201,-3.66027,2.90642
0.0026407,0.0285104,0.0411647,0.125829,-3.68444,2.87394
0.00265332,0.0281408,0.0414505,0.126446,-3.70828,2.84129
0.00266599,0.0277688,0.041733,0.127052,-3.73179,2.80846
0.00267873,0.0273944,0.0420122,0.127647,-3.75496,2.77547
0.00269152,0.0270178,0.0422881,0.12823,-3.77781,2.74231
0.00270437,0.0266389,0.0425606,0.128802,-3.80032,2.70899
0.00271728,0.0262577,0.0428299,0.129364,-3.8225,2.67552
0.00273024,0.0258744,0.0430957,0.129914,-3.84434,2.64189
0.00274326,0.0254889,0.0433582,0.130454,-3.86584,2.60812
0.00275634,0.0251012,0.0436173,0.130983,-3.88701,2.5742
0.00276946,0.0247115,0.0438731,0.131502,-3.90784,2.54014
0.00278264,0.0243197,0.0441254,0.13201,-3.92833,2.50595
0.00279586,0.0239258,0.0443743,0.132507,-3.94848,2.47162
0.00280914,0.02353,0.0446197,0.132995,-3.96828,2.43717
0.00282246,0.0231322,0.0448617,0.133472,-3.98775,2.40258
0.00283583,0.0227325,0.0451002,0.133939,-4.00688,2.36788
0.00284925,0.0223308,0.0453353,0.134396,-4.02566,2.33306
0.00286271,0.0219273,0.0455668,0.134843,-4.0441,2.29813
0.00287622,0.021522,0.0457949,0.13528,-4.06219,2.26309
0.00288976,0.0211149,0.0460194,0.135708,-4.07994,2.22794
0.00290336,0.020706,0.0462405,0.136126,-4.09735,2.19269
0.00291699,0.0202954,0.046458,0.136534,-4.11441,2.15734
0.00293066,0.0198832,0.0466719,0.136933,-4.13113,2.1219
0.00294438,0.0194692,0.0468823,0.137323,-4.1475,2.08637
0.00295813,0.0190537,0.0470892,0.137704,-4.16353,2.05075
0.00297192,0.0186365,0.0472925,0.138076,-4.17921,2.01505
0.00298574,0.0182178,0.0474922,0.138439,-4.19455,1.97927
0.0029996,0.0177976,0.0476883,0.138793,-4.20954,1.94341
0.0030135,0.0173759,0.0478809,0.139138,-4.22418,1.90749
0.00302743,0.0169528,0.0480698,0.139475,-4.23848,1.87149
0.0030414,0.0165283,0.0482552,0.139803,-4.25244,1.83543
0.00305539,0.0161023,0.0484369,0.140123,-4.26605,1.79932
0.00306942,0.0156751,0.048615,0.140435,-4.27931,1.76314
0.00308348,0.0152465,0.0487895,0.140739,-4.29223,1.72692
0.00309757,0.0148166,0.0489604,0.141035,-4.3048,1.69064
0.00311169,0.0143855,0.0491277,0.141322,-4.31703,1.65433
0.00312583,0.0139532,0.0492913,0.141603,-4.32892,1.61797
0.00314001,0.0135198,0.0494513,0.141875,-4.34046,1.58157
0.00315421,0.0130852,0.0496076,0.14214,-4.35166,1.54514
0.00316843,0.0126494,0.0497603,0.142398,-4.36252,1.50867
0.00318269,0.0122127,0.0499093,0.142649,-4.37303,1.47219
0.00319696,0.0117749,0.0500547,0.142892,-4.3832,1.43567
0.00321126,0.011336,0.0501965,0.143128,-4.39304,1.39914
0.00322559,0.0108963,0.0503346,0.143358,-4.40253,1.3626
0.00323994,0.0104555,0.050469,0.143581,-4.41169,1.32604
0.0032543,0.0100139,0.0505998,0.143797,-4.4205,1.28947
0.00326869,0.00957145,0.0507269,0.144007,-4.42898,1.2529
0.00328311,0.00912815,0.0508503,0.144211,-4.43712,1.21633
0.00329754,0.00868404,0.0509701,0.144408,-4.44493,1.17975
0.00331199,0.00823917,0.0510863,0.144599,-4.4524,1.14319
0.00332646,0.00779357,0.0511988,0.144784,-4.45953,1.10663
0.00334094,0.00734728,0.0513076,0.144964,-4.46634,1.07008
0.00335545,0.00690032,0.0514128,0.145137,-4.47281,1.03355
0.00336997,0.00645273,0.0515143,0.145306,-4.47895,0.997041
0.00338451,0.00600454,0.0516122,0.145468,-4.48476,0.960551
0.00339906,0.00555578,0.0517064,0.145626,-4.49024,0.924088
0.00341363,0.0051065,0.051797,0.145778,-4.4954,0.887653
0.00342822,0.00465672,0.051884,0.145926,-4.50023,0.85125
0.00344282,0.00420646,0.0519673,0.146068,-4.50473,0.814883
0.00345743,0.00375578,0.052047,0.146206,-4.50891,0.778554
0.00347206,0.00330469,0.052123,0.146339,-4.51277,0.742267
0.0034867,0.00285324,0.0521954,0.146467,-4.51631,0.706024
0.00350135,0.00240144,0.0522642,0.146591,-4.51953,0.66983
0.00351602,0.00194934,0.0523294,0.146711,-4.52243,0.633687
0.0035307,0.00149697,0.0523909,0.146827,-4.52501,0.597598
0.00354538,0.00104435,0.0524489,0.146939,-4.52728,0.561566
0.00356008,0.00059152,0.0525033,0.147047,-4.52924,0.525594
0.00357479,0.000138511,0.052554,0.147151,-4.53088,0.489686
0.00358951,-0.000314647,0.0526012,0.147252,-4.53222,0.453844
0.00360424,-0.000767923,0.0526448,0.147349,-4.53324,0.418071
0.00361898,-0.00122129,0.0526848,0.147443,-4.53396,0.382369
0.00363373,-0.0016747,0.0527213,0.147534,-4.53437,0.346743
0.00364849,-0.00212815,0.0527542,0.147621,-4.53448,0.311194
0.00366326,-0.00258159,0.0527835,0.147706,-4.53429,0.275726
0.00367803,-0.003035,0.0528093,0.147788,-4.5338,0.24034
0.00369281,-0.00348834,0.0528316,0.147867,-4.53301,0.205041
0.0037076,-0.00394159,0.0528503,0.147944,-4.53192,0.16983
0.0037224,-0.00439472,0.0528655,0.148018,-4.53054,0.134711
0.00373721,-0.00484769,0.0528773,0.14809,-4.52887,0.0996854
0.00375202,-0.00530048,0.0528855,0.14816,-4.5269,0.0647563
0.00376684,-0.00575306,0.0528902,0.148228,-4.52465,0.0299263
0.00378167,-0.0062054,0.0528915,0.148294,-4.52211,-0.00480203
0.0037965,-0.00665747,0.0528893,0.148358,-4.51928,-0.0394263
0.00381134,-0.00710925,0.0528836,0.14842,-4.51617,-0.0739441
0.00382618,-0.0075607,0.0528745,0.148481,-4.51278,-0.108353
0.00384103,-0.00801179,0.0528619,0.148541,-4.50911,-0.14265
0.00385589,-0.00846251,0.0528459,0.148599,-4.50517,-0.176834
0.00387075,-0.00891282,0.0528266,0.148656,-4.50095,-0.210901
0.00388562,-0.00936269,0.0528038,0.148712,-4.49645,-0.244851
0.0039005,-0.0098121,0.0527776,0.148767,-4.49169,-0.278679
0.00391538,-0.010261,0.052748,0.148821,-4.48666,-0.312385
0.00393026,-0.0107094,0.0527151,0.148875,-4.48136,-0.345966
0.00394515,-0.0111573,0.0526789,0.148928,-4.4758,-0.379419
0.00396005,-0.0116046,0.0526392,0.148981,-4.46997,-0.412744
0.00397495,-0.0120513,0.0525963,0.149033,-4.46389,-0.445936
0.00398985,-0.0124973,0.0525501,0.149085,-4.45754,-0.478996
0.00400476,-0.0129428,0.0525005,0.149137,-4.45095,-0.51192
0.00401968,-0.0133875,0.0524477,0.149189,-4.44409,-0.544707
0.0040346,-0.0138316,0.0523916,0.149241,-4.43699,-0.577354
0.00404953,-0.0142749,0.0523322,0.149294,-4.42964,-0.60986
0.00406446,-0.0147175,0.0522696,0.149346,-4.42204,-0.642223
0.0040794,-0.0151593,0.0522038,0.1494,-4.4142,-0.674441
0.00409434,-0.0156003,0.0521347,0.149453,-4.40612,-0.706512
0.00410929,-0.0160405,0.0520625,0.149508,-4.39779,-0.738434
0.00412424,-0.0164799,0.051987,0.149563,-4.38923,-0.770207
0.0041392,-0.0169184,0.0519084,0.14962,-4.38044,-0.801827
0.00415417,-0.017356,0.0518267,0.149677,-4.37141,-0.833294
0.00416914,-0.0177926,0.0517418,0.149735,-4.36215,-0.864605
0.00418411,-0.0182284,0.0516538,0.149795,-4.35266,-0.89576
0.0041991,-0.0186632,0.0515626,0.149856,-4.34295,-0.926756
0.00421408,-0.019097,0.0514684,0.149918,-4.33301,-0.957592
0.00422908,-0.0195298,0.0513711,0.149982,-4.32285,-0.988267
0.00424408,-0.0199615,0.0512708,0.150048,-4.31248,-1.01878
0.00425909,-0.0203922,0.0511674,0.150116,-4.30189,-1.04913
0.0042741,-0.0208219,0.051061,0.150185,-4.29108,-1.07931
0.00428913,-0.0212505,0.0509515,0.150256,-4.28006,-1.10932
0.00430415,-0.0216779,0.0508391,0.150329,-4.26884,-1.13917
0.00431919,-0.0221042,0.0507237,0.150405,-4.2574,-1.16885
0.00433424,-0.0225294,0.0506053,0.150482,-4.24577,-1.19835
0.00434929,-0.0229534,0.050484,0.150562,-4.23393,-1.22769
0.00436435,-0.0233762,0.0503598,0.150645,-4.22189,-1.25685
0.00437942,-0.0237977,0.0502327,0.15073,-4.20965,-1.28583
0.00439449,-0.0242181,0.0501026,0.150817,-4.19722,-1.31464
0.00440958,-0.0246372,0.0499697,0.150908,-4.18459,-1.34328
0.00442468,-0.025055,0.049834,0.151001,-4.17178,-1.37173
0.00443978,-0.0254715,0.0496954,0.151097,-4.15878,-1.40001
0.0044549,-0.0258867,0.049554,0.151195,-4.14559,-1.42811
0.00447002,-0.0263006,0.0494098,0.151297,-4.13222,-1.45603
0.00448516,-0.0267132,0.0492628,0.151403,-4.11867,-1.48376
0.0045003,-0.0271244,0.049113,0.151511,-4.10495,-1.51132
0.00451546,-0.0275342,0.0489605,0.151622,-4.09104,-1.53869
0.00453063,-0.0279426,0.0488053,0.151737,-4.07696,-1.56587
0.0045458,-0.0283496,0.0486474,0.151856,-4.06272,-1.59287
0.004561,-0.0287551,0.0484867,0.151978,-4.0483,-1.61969
0.0045762,-0.0291592,0.0483234,0.152104,-4.03372,-1.64632
0.00459142,-0.0295618,0.0481575,0.152233,-4.01897,-1.67276
0.00460665,-0.029963,0.0479889,0.152366,-4.00406,-1.69901
0.00462189,-0.0303626,0.0478177,0.152503,-3.98899,-1.72507
0.00463715,-0.0307608,0.0476439,0.152644,-3.97377,-1.75095
0.00465242,-0.0311574,0.0474675,0.152789,-3.95839,-1.77664
0.00466771,-0.0315525,0.0472886,0.152938,-3.94286,-1.80213
0.00468301,-0.031946,0.0471071,0.153091,-3.92718,-1.82744
0.00469832,-0.0323379,0.0469231,0.153248,-3.91135,-1.85255
0.00471366,-0.0327282,0.0467366,0.15341,-3.89537,-1.87747
0.00472901,-0.033117,0.0465476,0.153576,-3.87926,-1.9022
0.00474437,-0.0335041,0.0463561,0.153746,-3.863,-1.92674
0.00475976,-0.0338896,0.0461623,0.153921,-3.8466,-1.95108
0.00477516,-0.0342734,0.0459659,0.1541,-3.83007,-1.97523
0.00479058,-0.0346556,0.0457672,0.154284,-3.8134,-1.99918
0.00480601,-0.0350361,0.0455661,0.154473,-3.79661,-2.02294
0.00482147,-0.0354149,0.0453626,0.154666,-3.77968,-2.04651
0.00483695,-0.035792,0.0451568,0.154864,-3.76263,-2.06988
0.00485244,-0.0361674,0.0449487,0.155067,-3.74545,-2.09306
0.00486796,-0.0365411,0.0447382,0.155275,-3.72815,-2.11604
0.0048835,-0.036913,0.0445255,0.155488,-3.71072,-2.13883
0.00489906,-0.0372832,0.0443104,0.155705,-3.69318,-2.16142
0.00491464,-0.0376517,0.0440932,0.155928,-3.67553,-2.18382
0.00493024,-0.0380183,0.0438737,0.156156,-3.65776,-2.20602
0.00494587,-0.0383832,0.043652,0.156389,-3.63987,-2.22802
0.00496152,-0.0387463,0.0434281,0.156628,-3.62188,-2.24983
0.0049772,-0.0391076,0.043202,0.156871,-3.60378,-2.27144
0.0049929,-0.0394671,0.0429738,0.15712,-3.58558,-2.29285
0.00500862,-0.0398247,0.0427435,0.157374,-3.56727,-2.31407
0.00502437,-0.0401805,0.042511,0.157634,-3.54886,-2.3351
0.00504015,-0.0405345,0.0422764,0.157899,-3.53035,-2.35592
0.00505595,-0.0408866,0.0420398,0.158169,-3.51175,-2.37655
0.00507178,-0.0412368,0.0418011,0.158445,-3.49305,-2.39699
0.00508764,-0.0415852,0.0415604,0.158727,-3.47425,-2.41723
0.00510353,-0.0419317,0.0413177,0.159014,-3.45537,-2.43727
0.00511944,-0.0422762,0.041073,0.159307,-3.4364,-2.45712
0.00513539,-0.0426189,0.0408263,0.159606,-3.41734,-2.47677
0.00515137,-0.0429597,0.0405776,0.15991,-3.39819,-2.49623
0.00516737,-0.0432986,0.040327,0.16022,-3.37897,-2.51549
0.00518341,-0.0436355,0.0400745,0.160536,-3.35966,-2.53456
0.00519948,-0.0439705,0.0398201,0.160858,-3.34027,-2.55343
0.00521558,-0.0443036,0.0395639,0.161185,-3.32081,-2.57211
0.00523172,-0.0446347,0.0393057,0.161519,-3.30127,-2.59059
0.00524789,-0.0449638,0.0390458,0.161858,-3.28165,-2.60889
0.00526409,-0.045291,0.038784,0.162203,-3.26197,-2.62698
0.00528033,-0.0456162,0.0385204,0.162554,-3.24222,-2.64489
0.0052966,-0.0459394,0.038255,0.162912,-3.2224,-2.6626
0.00531291,-0.0462607,0.0379878,0.163275,-3.20251,-2.68011
0.00532925,-0.0465799,0.037719,0.163644,-3.18256,-2.69744
0.00534564,-0.0468972,0.0374484,0.16402,-3.16255,-2.71457
0.00536206,-0.0472124,0.0371761,0.164402,-3.14247,-2.73152
0.00537852,-0.0475257,0.0369021,0.164789,-3.12234,-2.74827
0.00539502,-0.0478369,0.0366264,0.165183,-3.10216,-2.76483
0.00541156,-0.0481461,0.0363491,0.165583,-3.08191,-2.7812
0.00542813,-0.0484533,0.0360702,0.16599,-3.06162,-2.79738
0.00544475,-0.0487584,0.0357896,0.166402,-3.04127,-2.81338
0.00546141,-0.0490615,0.0355075,0.166821,-3.02087,-2.82918
0.00547812,-0.0493626,0.0352238,0.167246,-3.00042,-2.8448
0.00549486,-0.0496616,0.0349386,0.167677,-2.97993,-2.86022
0.00551165,-0.0499586,0.0346518,0.168115,-2.9594,-2.87546
0.00552849,-0.0502535,0.0343635,0.168559,-2.93882,-2.89052
0.00554537,-0.0505463,0.0340737,0.169009,-2.91819,-2.90539
0.00556229,-0.0508371,0.0337824,0.169465,-2.89753,-2.92007
0.00557926,-0.0511258,0.0334897,0.169928,-2.87683,-2.93457
0.00559627,-0.0514125,0.0331955,0.170398,-2.8561,-2.94888
0.00561334,-0.0516971,0.0328999,0.170873,-2.83532,-2.96301
0.00563045,-0.0519796,0.0326029,0.171355,-2.81452,-2.97695
0.00564761,-0.05226,0.0323045,0.171844,-2.79368,-2.99072
0.00566482,-0.0525383,0.0320048,0.172338,-2.77281,-3.0043
0.00568208,-0.0528145,0.0317037,0.17284,-2.75192,-3.0177
0.00569939,-0.0530887,0.0314012,0.173347,-2.73099,-3.03092
0.00571675,-0.0533607,0.0310975,0.173861,-2.71004,-3.04396
0.00573416,-0.0536307,0.0307924,0.174382,-2.68907,-3.05682
0.00575162,-0.0538985,0.0304861,0.174909,-2.66807,-3.0695
0.00576914,-0.0541643,0.0301785,0.175442,-2.64705,-3.082
0.00578671,-0.054428,0.0298697,0.175982,-2.62601,-3.09433
0.00580434,-0.0546895,0.0295597,0.176528,-2.60495,-3.10648
0.00582202,-0.0549489,0.0292484,0.177081,-2.58387,-3.11845
0.00583975,-0.0552063,0.028936,0.17764,-2.56278,-3.13025
0.00585755,-0.0554615,0.0286224,0.178206,-2.54167,-3.14187
0.0058754,-0.0557146,0.0283076,0.178778,-2.52055,-3.15332
0.0058933,-0.0559656,0.0279917,0.179356,-2.49941,-3.1646
0.00591127,-0.0562145,0.0276747,0.179941,-2.47827,-3.17571
0.00592929,-0.0564613,0.0273566,0.180533,-2.45711,-3.18664
0.00594737,-0.0567059,0.0270374,0.18113,-2.43595,-3.1974
0.00596552,-0.0569484,0.0267171,0.181735,-2.41478,-3.20799
0.00598372,-0.0571889,0.0263958,0.182345,-2.3936,-3.21842
0.00600199,-0.0574272,0.0260734,0.182962,-2.37242,-3.22867
0.00602031,-0.0576633,0.0257501,0.183586,-2.35124,-3.23876
0.0060387,-0.0578974,0.0254257,0.184216,-2.33005,-3.24868
0.00605716,-0.0581294,0.0251003,0.184852,-2.30887,-3.25843
0.00607567,-0.0583592,0.024774,0.185495,-2.28768,-3.26802
0.00609426,-0.0585869,0.0244467,0.186144,-2.26649,-3.27744
0.0061129,-0.0588125,0.0241185,0.1868,-2.24531,-3.2867
0.00613162,-0.059036,0.0237894,0.187462,-2.22413,-3.2958
0.0061504,-0.0592573,0.0234594,0.18813,-2.20295,-3.30473
0.00616924,-0.0594765,0.0231285,0.188805,-2.18178,-3.31351
0.00618816,-0.0596937,0.0227967,0.189486,-2.16062,-3.32212
0.00620714,-0.0599087,0.0224641,0.190173,-2.13946,-3.33057
0.00622619,-0.0601216,0.0221306,0.190867,-2.11832,-3.33887
0.00624531,-0.0603323,0.0217963,0.191567,-2.09718,-3.347
0.00626451,-0.060541,0.0214612,0.192273,-2.07606,-3.35498
0.00628377,-0.0607475,0.0211253,0.192986,-2.05494,-3.3628
0.0063031,-0.060952,0.0207886,0.193705,-2.03384,-3.37047
0.00632251,-0.0611543,0.0204512,0.19443,-2.01276,-3.37798
0.00634199,-0.0613545,0.020113,0.195162,-1.99168,-3.38534
0.00636154,-0.0615527,0.0197741,0.195899,-1.97063,-3.39254
0.00638117,-0.0617487,0.0194345,0.196643,-1.94959,-3.3996
0.00640087,-0.0619426,0.0190942,0.197393,-1.92857,-3.4065
0.00642065,-0.0621344,0.0187532,0.198149,-1.90756,-3.41325
0.0064405,-0.0623241,0.0184116,0.198912,-1.88658,-3.41985
0.00646043,-0.0625117,0.0180693,0.19968,-1.86562,-3.4263
0.00648044,-0.0626972,0.0177263,0.200455,-1.84468,-3.43261
0.00650052,-0.0628806,0.0173828,0.201236,-1.82376,-3.43876
0.00652068,-0.063062,0.0170386,0.202023,-1.80286,-3.44478
0.00654093,-0.0632412,0.0166938,0.202816,-1.78199,-3.45064
0.00656125,-0.0634184,0.0163485,0.203615,-1.76114,-3.45636
0.00658165,-0.0635934,0.0160025,0.20442,-1.74032,-3.46194
0.00660213,-0.0637664,0.0156561,0.205231,-1.71952,-3.46737
0.0066227,-0.0639373,0.0153091,0.206048,-1.69875,-3.47267
0.00664334,-0.0641062,0.0149615,0.206871,-1.67801,-3.47782
0.00666407,-0.0642729,0.0146135,0.2077,-1.6573,-3.48283
0.00668488,-0.0644376,0.014265,0.208535,-1.63661,-3.4877
0.00670578,-0.0646003,0.013916,0.209376,-1.61596,-3.49244
0.00672676,-0.0647608,0.0135665,0.210223,-1.59534,-3.49703
0.00674782,-0.0649193,0.0132166,0.211075,-1.57474,-3.50149
0.00676897,-0.0650758,0.0128662,0.211934,-1.55419,-3.50581
0.00679021,-0.0652302,0.0125154,0.212798,-1.53366,-3.51
0.00681153,-0.0653825,0.0121642,0.213668,-1.51317,-3.51405
0.00683294,-0.0655328,0.0118126,0.214544,-1.49271,-3.51797
0.00685444,-0.0656811,0.0114606,0.215426,-1.47228,-3.52176
0.00687603,-0.0658273,0.0111083,0.216313,-1.45189,-3.52542
0.0068977,-0.0659714,0.0107555,0.217206,-1.43154,-3.52894
0.00691947,-0.0661136,0.0104025,0.218105,-1.41123,-3.53234
0.00694133,-0.0662537,0.0100491,0.219009,-1.39095,-3.5356
0.00696327,-0.0663918,0.00969536,0.219919,-1.37071,-3.53874
0.00698531,-0.0665278,0.00934134,0.220835,-1.35051,-3.54175
0.00700744,-0.0666619,0.00898702,0.221756,-1.33035,-3.54464
0.00702966,-0.0667939,0.00863241,0.222683,-1.31022,-3.54739
0.00705198,-0.0669239,0.00827754,0.223615,-1.29014,-3.55003
0.00707438,-0.0670519,0.00792241,0.224552,-1.2701,-3.55253
0.00709689,-0.0671779,0.00756704,0.225496,-1.2501,-3.55492
0.00711948,-0.0673019,0.00721143,0.226444,-1.23014,-3.55718
0.00714218,-0.067424,0.00685561,0.227398,-1.21022,-3.55932
0.00716496,-0.067544,0.00649957,0.228357,-1.19035,-3.56135
0.00718785,-0.067662,0.00614334,0.229322,-1.17052,-3.56325
0.00721083,-0.0677781,0.00578693,0.230292,-1.15073,-3.56503
0.00723391,-0.0678922,0.00543034,0.231267,-1.13099,-3.56669
0.00725708,-0.0680043,0.00507359,0.232248,-1.1113,-3.56824
0.00728036,-0.0681144,0.00471669,0.233234,-1.09165,-3.56967
0.00730373,-0.0682226,0.00435966,0.234225,-1.07204,-3.57098
0.0073272,-0.0683289,0.0040025,0.235221,-1.05248,-3.57218
0.00735077,-0.0684331,0.00364523,0.236222,-1.03297,-3.57327
0.00737445,-0.0685354,0.00328785,0.237229,-1.0135,-3.57424
0.00739822,-0.0686358,0.00293039,0.23824,-0.994084,-3.5751
0.00742209,-0.0687343,0.00257284,0.239257,-0.974714,-3.57584
0.00744607,-0.0688308,0.00221522,0.240278,-0.955392,-3.57648
0.00747015,-0.0689253,0.00185755,0.241305,-0.936118,-3.577
0.00749433,-0.069018,0.00149982,0.242336,-0.916894,-3.57742
0.00751862,-0.0691087,0.00114206,0.243373,-0.897719,-3.57773
0.00754301,-0.0691975,0.000784281,0.244414,-0.878594,-3.57793
0.0075675,-0.0692844,0.000426482,0.24546,-0.859519,-3.57802
0.0075921,-0.0693694,6.86799e-05,0.246511,-0.840494,-3.57801
0.0076168,-0.0694525,-0.000289116,0.247567,-0.821521,-3.57789
0.00764161,-0.0695338,-0.000646895,0.248628,-0.802598,-3.57767
0.00766653,-0.0696131,-0.00100465,0.249693,-0.783727,-3.57734
0.00769155,-0.0696905,-0.00136236,0.250763,-0.764908,-3.57691
0.00771668,-0.0697661,-0.00172003,0.251838,-0.746141,-3.57638
0.00774192,-0.0698397,-0.00207763,0.252917,-0.727427,-3.57575
0.00776726,-0.0699115,-0.00243517,0.254001,-0.708765,-3.57501
0.00779272,-0.0699815,-0.00279263,0.25509,-0.690156,-3.57418
0.00781828,-0.0700496,-0.00315,0.256183,-0.671601,-3.57324
0.00784396,-0.0701158,-0.00350728,0.257281,-0.653099,-3.57221
0.00786974,-0.0701802,-0.00386444,0.258383,-0.634651,-3.57108
0.00789563,-0.0702427,-0.00422149,0.259489,-0.616257,-3.56986
0.00792164,-0.0703034,-0.00457841,0.2606,-0.597917,-3.56853
0.00794775,-0.0703623,-0.00493519,0.261716,-0.579632,-3.56711
0.00797398,-0.0704194,-0.00529183,0.262835,-0.561402,-3.5656
0.00800032,-0.0704746,-0.00564831,0.263959,-0.543227,-3.56399
0.00802677,-0.070528,-0.00600463,0.265087,-0.525107,-3.56229
0.00805334,-0.0705796,-0.00636077,0.26622,-0.507043,-3.5605
0.00808002,-0.0706294,-0.00671672,0.267357,-0.489035,-3.55861
0.00810681,-0.0706774,-0.00707249,0.268497,-0.471082,-3.55664
0.00813372,-0.0707237,-0.00742805,0.269642,-0.453186,-3.55457
0.00816074,-0.0707681,-0.0077834,0.270792,-0.435346,-3.55241
0.00818787,-0.0708107,-0.00813853,0.271945,-0.417563,-3.55016
0.00821513,-0.0708516,-0.00849343,0.273102,-0.399836,-3.54783
0.0082425,-0.0708907,-0.00884809,0.274263,-0.382167,-3.54541
0.00826998,-0.070928,-0.0092025,0.275428,-0.364554,-3.5429
0.00829758,-0.0709636,-0.00955667,0.276598,-0.346999,-3.5403
0.0083253,-0.0709974,-0.00991056,0.277771,-0.329501,-3.53762
0.00835314,-0.0710295,-0.0102642,0.278947,-0.31206,-3.53486
0.00838109,-0.0710598,-0.0106175,0.280128,-0.294678,-3.53201
0.00840916,-0.0710884,-0.0109706,0.281313,-0.277353,-3.52907
0.00843735,-0.0711153,-0.0113233,0.282501,-0.260086,-3.52606
0.00846566,-0.0711405,-0.0116758,0.283693,-0.242878,-3.52296
0.00849409,-0.0711639,-0.0120279,0.284889,-0.225728,-3.51978
0.00852264,-0.0711856,-0.0123797,0.286088,-0.208636,-3.51652
0.00855131,-0.0712056,-0.0127312,0.287291,-0.191603,-3.51317
0.0085801,-0.0712239,-0.0130824,0.288498,-0.174628,-3.50975
0.00860901,-0.0712406,-0.0134332,0.289708,-0.157712,-3.50625
0.00863804,-0.0712555,-0.0137836,0.290921,-0.140855,-3.50267
0.00866719,-0.0712687,-0.0141337,0.292138,-0.124057,-3.49902
0.00869647,-0.0712803,-0.0144834,0.293359,-0.107318,-3.49528
0.00872586,-0.0712902,-0.0148328,0.294583,-0.0906386,-3.49147
0.00875538,-0.0712984,-0.0151817,0.29581,-0.0740181,-3.48759
0.00878503,-0.071305,-0.0155303,0.297041,-0.057457,-3.48363
0.00881479,-0.0713099,-0.0158784,0.298275,-0.0409553,-3.47959
0.00884468,-0.0713132,-0.0162262,0.299512,-0.0245131,-3.47548
0.00887469,-0.0713148,-0.0165735,0.300753,-0.00813046,-3.4713
0.00890483,-0.0713148,-0.0169205,0.301996,0.00819252,-3.46705
0.00893509,-0.0713132,-0.0172669,0.303243,0.0244558,-3.46272
0.00896548,-0.0713099,-0.017613,0.304493,0.0406593,-3.45832
0.00899599,-0.0713051,-0.0179586,0.305746,0.056803,-3.45385
0.00902663,-0.0712986,-0.0183038,0.307002,0.0728868,-3.44931
0.00905739,-0.0712905,-0.0186485,0.308261,0.0889107,-3.4447
0.00908828,-0.0712808,-0.0189927,0.309524,0.104875,-3.44002
0.0091193,-0.0712695,-0.0193365,0.310789,0.120779,-3.43527
0.00915044,-0.0712566,-0.0196798,0.312057,0.136622,-3.43046
0.00918171,-0.0712422,-0.0200226,0.313328,0.152406,-3.42557
0.00921311,-0.0712262,-0.0203649,0.314601,0.16813,-3.42062
0.00924463,-0.0712086,-0.0207067,0.315878,0.183793,-3.41561
0.00927628,-0.0711894,-0.021048,0.317157,0.199397,-3.41053
0.00930806,-0.0711687,-0.0213888,0.318439,0.21494,-3.40538
0.00933997,-0.0711464,-0.0217291,0.319724,0.230423,-3.40017
0.00937201,-0.0711226,-0.0220688,0.321011,0.245846,-3.39489
0.00940417,-0.0710972,-0.022408,0.322301,0.261208,-3.38955
0.00943647,-0.0710704,-0.0227467,0.323594,0.276511,-3.38415
0.00946889,-0.0710419,-0.0230849,0.324889,0.291753,-3.37868
0.00950144,-0.071012,-0.0234225,0.326187,0.306935,-3.37316
0.00953413,-0.0709806,-0.0237595,0.327487,0.322056,-3.36757
0.00956694,-0.0709476,-0.024096,0.32879,0.337118,-3.36192
0.00959989,-0.0709131,-0.0244319,0.330095,0.352119,-3.35621
0.00963296,-0.0708772,-0.0247672,0.331402,0.36706,-3.35044
0.00966617,-0.0708397,-0.025102,0.332712,0.381941,-3.34461
0.0096995,-0.0708008,-0.0254361,0.334024,0.396762,-3.33873
0.00973297,-0.0707604,-0.0257697,0.335339,0.411522,-3.33278
0.00976657,-0.0707185,-0.0261027,0.336655,0.426222,-3.32678
0.0098003,-0.0706751,-0.0264351,0.337974,0.440863,-3.32072
0.00983417,-0.0706303,-0.0267668,0.339295,0.455443,-3.3146
0.00986816,-0.070584,-0.027098,0.340618,0.469963,-3.30843
0.00990229,-0.0705363,-0.0274285,0.341943,0.484423,-3.3022
0.00993655,-0.0704872,-0.0277584,0.343271,0.498823,-3.29591
0.00997094,-0.0704366,-0.0280877,0.3446,0.513163,-3.28957
0.0100055,-0.0703845,-0.0284163,0.345931,0.527443,-3.28318
0.0100401,-0.0703311,-0.0287443,0.347265,0.541663,-3.27673
0.0100749,-0.0702762,-0.0290717,0.3486,0.555824,-3.27023
0.0101099,-0.0702199,-0.0293984,0.349937,0.569924,-3.26368
0.0101449,-0.0701622,-0.0297244,0.351276,0.583965,-3.25707
0.0101801,-0.0701031,-0.0300498,0.352617,0.597946,-3.25041
0.0102154,-0.0700426,-0.0303745,0.353959,0.611868,-3.2437
0.0102509,-0.0699808,-0.0306985,0.355304,0.625729,-3.23694
0.0102865,-0.0699175,-0.0310219,0.35665,0.639532,-3.23013
0.0103222,-0.0698529,-0.0313445,0.357997,0.653275,-3.22327
0.0103581,-0.0697868,-0.0316665,0.359346,0.666958,-3.21636
0.0103941,-0.0697195,-0.0319878,0.360697,0.680582,-3.2094
0.0104302,-0.0696507,-0.0323084,0.36205,0.694147,-3.20239
0.0104665,-0.0695806,-0.0326283,0.363404,0.707652,-3.19533
0.0105029,-0.0695092,-0.0329475,0.364759,0.721098,-3.18822
0.0105395,-0.0694364,-0.0332659,0.366116,0.734486,-3.18107
0.0105761,-0.0693623,-0.0335837,0.367475,0.747814,-3.17387
0.010613,-0.0692869,-0.0339007,0.368835,0.761083,-3.16662
0.0106499,-0.0692101,-0.034217,0.370196,0.774293,-3.15933
0.010687,-0.069132,-0.0345326,0.371558,0.787444,-3.15199
0.0107242,-0.0690526,-0.0348474,0.372922,0.800537,-3.1446
0.0107616,-0.0689719,-0.0351615,0.374287,0.813571,-3.13717
0.0107991,-0.0688899,-0.0354748,0.375653,0.826546,-3.12969
0.0108367,-0.0688066,-0.0357874,0.377021,0.839463,-3.12218
0.0108745,-0.068722,-0.0360993,0.378389,0.852321,-3.11461
0.0109124,-0.0686361,-0.0364103,0.379759,0.865121,-3.10701
0.0109504,-0.068549,-0.0367207,0.381129,0.877863,-3.09936
0.0109886,-0.0684606,-0.0370302,0.382501,0.890546,-3.09166
0.0110269,-0.0683709,-0.037339,0.383874,0.903172,-3.08393
0.0110654,-0.0682799,-0.037647,0.385248,0.915739,-3.07615
0.011104,-0.0681877,-0.0379542,0.386623,0.928249,-3.06833
0.0111427,-0.0680943,-0.0382607,0.387998,0.9407,-3.06047
0.0111816,-0.0679996,-0.0385663,0.389375,0.953094,-3.05257
0.0112206,-0.0679037,-0.0388712,0.390752,0.96543,-3.04463
0.0112597,-0.0678065,-0.0391752,0.39213,0.977709,-3.03665
0.011299,-0.0677081,-0.0394785,0.393509,0.98993,-3.02863
0.0113384,-0.0676085,-0.039781,0.394888,1.00209,-3.02057
0.011378,-0.0675077,-0.0400826,0.396269,1.0142,-3.01247
0.0114177,-0.0674057,-0.0403835,0.39765,1.02625,-3.00433
0.0114575,-0.0673025,-0.0406835,0.399031,1.03824,-2.99616
0.0114975,-0.067198,-0.0409827,0.400413,1.05018,-2.98794
0.0115376,-0.0670924,-0.0412811,0.401796,1.06205,-2.97969
0.0115779,-0.0669856,-0.0415786,0.403179,1.07388,-2.9714
0.0116182,-0.0668776,-0.0418754,0.404563,1.08564,-2.96308
0.0116588,-0.0667685,-0.0421712,0.405947,1.09735,-2.95472
0.0116994,-0.0666582,-0.0424663,0.407332,1.109,-2.94632
0.0117402,-0.0665467,-0.0427605,0.408717,1.1206,-2.93788
0.0117812,-0.0664341,-0.0430539,0.410102,1.13213,-2.92941
0.0118223,-0.0663203,-0.0433464,0.411488,1.14362,-2.92091
0.0118635,-0.0662053,-0.0436381,0.412874,1.15504,-2.91237
0.0119048,-0.0660893,-0.0439289,0.41426,1.16641,-2.9038
0.0119463,-0.0659721,-0.0442188,0.415646,1.17773,-2.89519
0.011988,-0.0658537,-0.0445079,0.417033,1.18899,-2.88654
0.0120297,-0.0657343,-0.0447961,0.41842,1.20019,-2.87787
0.0120716,-0.0656137,-0.0450835,0.419807,1.21134,-2.86916
0.0121137,-0.065492,-0.0453699,0.421193,1.22243,-2.86041
0.0121559,-0.0653692,-0.0456556,0.42258,1.23347,-2.85164
0.0121982,-0.0652453,-0.0459403,0.423967,1.24445,-2.84283
0.0122407,-0.0651203,-0.0462241,0.425354,1.25538,-2.83399
0.0122833,-0.0649942,-0.0465071,0.426741,1.26625,-2.82512
0.012326,-0.0648671,-0.0467891,0.428128,1.27707,-2.81622
0.0123689,-0.0647388,-0.0470703,0.429514,1.28783,-2.80728
0.0124119,-0.0646095,-0.0473506,0.430901,1.29854,-2.79831
0.0124551,-0.0644791,-0.04763,0.432287,1.30919,-2.78932
0.0124984,-0.0643477,-0.0479085,0.433673,1.31979,-2.78029
0.0125418,-0.0642152,-0.048186,0.435059,1.33033,-2.77123
0.0125854,-0.0640816,-0.0484627,0.436444,1.34082,-2.76215
0.0126291,-0.063947,-0.0487385,0.437829,1.35126,-2.75303
0.012673,-0.0638113,-0.0490133,0.439214,1.36164,-2.74389
0.0127169,-0.0636747,-0.0492872,0.440598,1.37197,-2.73471
0.0127611,-0.063537,-0.0495602,0.441982,1.38224,-2.72551
0.0128053,-0.0633982,-0.0498323,0.443366,1.39246,-2.71628
0.0128498,-0.0632585,-0.0501035,0.444748,1.40263,-2.70702
0.0128943,-0.0631177,-0.0503737,0.446131,1.41274,-2.69773
0.012939,-0.0629759,-0.050643,0.447513,1.42281,-2.68841
0.0129838,-0.0628331,-0.0509114,0.448894,1.43281,-2.67907
0.0130288,-0.0626894,-0.0511789,0.450274,1.44277,-2.6697
0.0130739,-0.0625446,-0.0514454,0.451654,1.45267,-2.6603
0.0131191,-0.0623988,-0.0517109,0.453033,1.46252,-2.65088
0.0131645,-0.0622521,-0.0519755,0.454412,1.47231,-2.64143
0.01321,-0.0621044,-0.0522392,0.455789,1.48206,-2.63195
0.0132556,-0.0619557,-0.0525019,0.457166,1.49175,-2.62245
0.0133014,-0.061806,-0.0527637,0.458542,1.50139,-2.61292
0.0133473,-0.0616554,-0.0530245,0.459917,1.51097,-2.60337
0.0133934,-0.0615038,-0.0532844,0.461291,1.52051,-2.59379
0.0134396,-0.0613513,-0.0535433,0.462664,1.52999,-2.58419
0.0134859,-0.0611978,-0.0538012,0.464037,1.53942,-2.57456
0.0135324,-0.0610434,-0.0540582,0.465408,1.5488,-2.56491
0.013579,-0.0608881,-0.0543142,0.466778,1.55812,-2.55523
0.0136257,-0.0607318,-0.0545692,0.468147,1.5674,-2.54553
0.0136726,-0.0605746,-0.0548233,0.469515,1.57662,-2.53581
0.0137196,-0.0604165,-0.0550764,0.470882,1.5858,-2.52606
0.0137668,-0.0602574,-0.0553285,0.472247,1.59492,-2.51629
0.0138141,-0.0600975,-0.0555796,0.473612,1.60399,-2.50649
0.0138615,-0.0599366,-0.0558298,0.474975,1.61301,-2.49667
0.0139091,-0.0597749,-0.056079,0.476336,1.62198,-2.48683
0.0139568,-0.0596122,-0.0563272,0.477697,1.6309,-2.47697
0.0140046,-0.0594487,-0.0565744,0.479056,1.63976,-2.46709
0.0140526,-0.0592843,-0.0568206,0.480414,1.64858,-2.45718
0.0141007,-0.059119,-0.0570658,0.48177,1.65735,-2.44725
0.014149,-0.0589528,-0.05731,0.483125,1.66606,-2.4373
0.0141973,-0.0587858,-0.0575533,0.484478,1.67473,-2.42733
0.0142459,-0.0586179,-0.0577955,0.48583,1.68335,-2.41733
0.0142945,-0.0584491,-0.0580367,0.48718,1.69191,-2.40732
0.0143433,-0.0582795,-0.058277,0.488529,1.70043,-2.39728
0.0143922,-0.058109,-0.0585162,0.489876,1.7089,-2.38723
0.0144413,-0.0579377,-0.0587544,0.491221,1.71732,-2.37715
0.0144905,-0.0577656,-0.0589916,0.492565,1.72568,-2.36706
0.0145398,-0.0575926,-0.0592278,0.493907,1.734,-2.35694
0.0145892,-0.0574188,-0.059463,0.495247,1.74227,-2.3468
0.0146388,-0.0572441,-0.0596972,0.496586,1.75049,-2.33665
0.0146886,-0.0570687,-0.0599303,0.497922,1.75867,-2.32647
0.0147384,-0.0568924,-0.0601625,0.499257,1.76679,-2.31628
0.0147884,-0.0567153,-0.0603936,0.50059,1.77486,-2.30606
0.0148385,-0.0565374,-0.0606237,0.50192,1.78289,-2.29583
0.0148888,-0.0563587,-0.0608528,0.503249,1.79087,-2.28558
0.0149392,-0.0561793,-0.0610808,0.504576,1.7988,-2.2753
0.0149897,-0.055999,-0.0613078,0.505901,1.80668,-2.26502
0.0150404,-0.0558179,-0.0615338,0.507224,1.81451,-2.25471
0.0150911,-0.0556361,-0.0617588,0.508544,1.82229,-2.24438
0.0151421,-0.0554535,-0.0619827,0.509863,1.83003,-2.23404
0.0151931,-0.0552701,-0.0622056,0.511179,1.83772,-2.22368
0.0152443,-0.0550859,-0.0624274,0.512493,1.84536,-2.2133
0.0152956,-0.054901,-0.0626482,0.513805,1.85296,-2.2029
0.0153471,-0.0547153,-0.062868,0.515114,1.8605,-2.19249
0.0153986,-0.0545289,-0.0630867,0.516422,1.868,-2.18206
0.0154504,-0.0543417,-0.0633044,0.517727,1.87545,-2.17161
0.0155022,-0.0541538,-0.063521,0.519029,1.88286,-2.16115
0.0155542,-0.0539652,-0.0637366,0.520329,1.89021,-2.15067
0.0156063,-0.0537758,-0.0639512,0.521627,1.89753,-2.14017
0.0156585,-0.0535857,-0.0641647,0.522922,1.90479,-2.12966
0.0157108,-0.0533948,-0.0643771,0.524215,1.91201,-2.11913
0.0157633,-0.0532033,-0.0645885,0.525505,1.91918,-2.10858
0.0158159,-0.053011,-0.0647988,0.526792,1.9263,-2.09802
0.0158687,-0.052818,-0.0650081,0.528077,1.93338,-2.08744
0.0159216,-0.0526243,-0.0652163,0.529359,1.94041,-2.07685
0.0159746,-0.0524299,-0.0654235,0.530639,1.9474,-2.06624
0.0160277,-0.0522348,-0.0656296,0.531916,1.95434,-2.05562
0.0160809,-0.0520391,-0.0658346,0.53319,1.96123,-2.04498
0.0161343,-0.0518426,-0.0660386,0.534461,1.96808,-2.03433
0.0161878,-0.0516454,-0.0662415,0.535729,1.97488,-2.02366
0.0162415,-0.0514476,-0.0664433,0.536995,1.98164,-2.01298
0.0162952,-0.0512491,-0.066644,0.538257,1.98835,-2.00228
0.0163491,-0.0510499,-0.0668437,0.539517,1.99501,-1.99157
0.0164031,-0.0508501,-0.0670424,0.540774,2.00163,-1.98084
0.0164573,-0.0506496,-0.0672399,0.542027,2.00821,-1.9701
0.0165115,-0.0504485,-0.0674364,0.543278,2.01474,-1.95935
0.0165659,-0.0502467,-0.0676318,0.544526,2.02122,-1.94858
0.0166204,-0.0500442,-0.0678261,0.54577,2.02767,-1.9378
0.0166751,-0.0498411,-0.0680193,0.547011,2.03406,-1.927
0.0167298,-0.0496374,-0.0682115,0.548249,2.04041,-1.91619
0.0167847,-0.0494331,-0.0684026,0.549484,2.04672,-1.90537
0.0168397,-0.0492281,-0.0685926,0.550716,2.05298,-1.89454
0.0168949,-0.0490225,-0.0687815,0.551944,2.0592,-1.88369
0.0169501,-0.0488162,-0.0689693,0.553169,2.06537,-1.87283
0.0170055,-0.0486094,-0.069156,0.554391,2.0715,-1.86195
0.017061,-0.0484019,-0.0693417,0.555609,2.07759,-1.85106
0.0171166,-0.0481939,-0.0695263,0.556824,2.08363,-1.84016
0.0171724,-0.0479852,-0.0697097,0.558036,2.08963,-1.82925
0.0172282,-0.047776,-0.0698921,0.559243,2.09558,-1.81833
0.0172842,-0.0475661,-0.0700734,0.560448,2.10149,-1.80739
0.0173403,-0.0473557,-0.0702536,0.561649,2.10736,-1.79644
0.0173966,-0.0471446,-0.0704327,0.562846,2.11318,-1.78548
0.0174529,-0.046933,-0.0706107,0.564039,2.11896,-1.77451
0.0175094,-0.0467208,-0.0707876,0.565229,2.1247,-1.76352
0.0175659,-0.0465081,-0.0709634,0.566415,2.13039,-1.75253
0.0176226,-0.0462948,-0.0711381,0.567597,2.13604,-1.74152
0.0176795,-0.0460809,-0.0713117,0.568776,2.14165,-1.7305
0.0177364,-0.0458664,-0.0714842,0.569951,2.14721,-1.71947
0.0177934,-0.0456514,-0.0716556,0.571122,2.15273,-1.70842
0.0178506,-0.0454359,-0.0718259,0.572289,2.15821,-1.69737
0.0179079,-0.0452198,-0.0719951,0.573452,2.16365,-1.68631
0.0179653,-0.0450032,-0.0721631,0.574611,2.16904,-1.67523
0.0180228,-0.044786,-0.0723301,0.575766,2.1744,-1.66414
0.0180805,-0.0445683,-0.072496,0.576917,2.17971,-1.65305
0.0181382,-0.0443501,-0.0726607,0.578064,2.18497,-1.64194
0.0181961,-0.0441313,-0.0728243,0.579207,2.1902,-1.63082
0.0182541,-0.043912,-0.0729869,0.580345,2.19538,-1.61969
0.0183121,-0.0436922,-0.0731483,0.58148,2.20052,-1.60855
0.0183703,-0.0434719,-0.0733086,0.58261,2.20562,-1.5974
0.0184287,-0.0432511,-0.0734678,0.583736,2.21068,-1.58624
0.0184871,-0.0430298,-0.0736258,0.584858,2.21569,-1.57507
0.0185456,-0.042808,-0.0737828,0.585975,2.22067,-1.56389
0.0186043,-0.0425856,-0.0739386,0.587088,2.2256,-1.5527
0.0186631,-0.0423628,-0.0740933,0.588196,2.23049,-1.54151
0.0187219,-0.0421395,-0.0742469,0.5893,2.23534,-1.5303
0.0187809,-0.0419158,-0.0743994,0.5904,2.24015,-1.51908
0.01884,-0.0416915,-0.0745507,0.591495,2.24492,-1.50785
0.0188992,-0.0414668,-0.074701,0.592586,2.24965,-1.49661
0.0189585,-0.0412416,-0.07485,0.593672,2.25433,-1.48536
0.0190179,-0.0410159,-0.074998,0.594753,2.25898,-1.47411
0.0190775,-0.0407898,-0.0751449,0.595829,2.26358,-1.46284
0.0191371,-0.0405632,-0.0752906,0.596901,2.26814,-1.45157
0.0191969,-0.0403362,-0.0754352,0.597968,2.27266,-1.44028
0.0192567,-0.0401087,-0.0755786,0.599031,2.27715,-1.42899
0.0193167,-0.0398807,-0.075721,0.600088,2.28159,-1.41769
0.0193767,-0.0396524,-0.0758622,0.601141,2.28599,-1.40638
0.0194369,-0.0394235,-0.0760023,0.602189,2.29035,-1.39506
0.0194972,-0.0391943,-0.0761412,0.603231,2.29467,-1.38373
0.0195575,-0.0389646,-0.076279,0.604269,2.29895,-1.37239
0.019618,-0.0387345,-0.0764157,0.605302,2.30319,-1.36105
0.0196786,-0.038504,-0.0765512,0.60633,2.30739,-1.3497
0.0197393,-0.038273,-0.0766856,0.607352,2.31155,-1.33833
0.0198001,-0.0380417,-0.0768189,0.60837,2.31567,-1.32696
0.019861,-0.0378099,-0.076951,0.609382,2.31975,-1.31559
0.0199219,-0.0375777,-0.077082,0.610389,2.32379,-1.3042
0.019983,-0.0373451,-0.0772118,0.611391,2.32779,-1.29281
0.0200442,-0.0371122,-0.0773406,0.612388,2.33175,-1.2814
0.0201055,-0.0368788,-0.0774681,0.613379,2.33567,-1.26999
0.0201669,-0.036645,-0.0775946,0.614365,2.33955,-1.25858
0.0202284,-0.0364109,-0.0777198,0.615345,2.3434,-1.24715
0.02029,-0.0361764,-0.077844,0.61632,2.3472,-1.23572
0.0203516,-0.0359414,-0.077967,0.617289,2.35096,-1.22428
0.0204134,-0.0357062,-0.0780888,0.618253,2.35469,-1.21283
0.0204753,-0.0354705,-0.0782095,0.619212,2.35837,-1.20137
0.0205373,-0.0352345,-0.0783291,0.620164,2.36202,-1.18991
0.0205993,-0.0349981,-0.0784475,0.621111,2.36563,-1.17844
0.0206615,-0.0347614,-0.0785648,0.622053,2.3692,-1.16696
0.0207237,-0.0345243,-0.0786809,0.622988,2.37273,-1.15547
0.0207861,-0.0342868,-0.0787959,0.623918,2.37622,-1.14398
0.0208485,-0.034049,-0.0789097,0.624842,2.37967,-1.13248
0.0209111,-0.0338109,-0.0790224,0.625761,2.38309,-1.12098
0.0209737,-0.0335724,-0.0791339,0.626673,2.38646,-1.10946
0.0210364,-0.0333336,-0.0792443,0.627579,2.3898,-1.09794
0.0210992,-0.0330944,-0.0793535,0.62848,2.3931,-1.08641
0.0211621,-0.032855,-0.0794616,0.629374,2.39636,-1.07488
0.0212251,-0.0326152,-0.0795685,0.630262,2.39958,-1.06334
0.0212881,-0.0323751,-0.0796742,0.631144,2.40276,-1.05179
0.0213513,-0.0321346,-0.0797788,0.63202,2.40591,-1.04024
0.0214145,-0.0318939,-0.0798823,0.63289,2.40902,-1.02868
0.0214779,-0.0316528,-0.0799846,0.633754,2.41209,-1.01711
0.0215413,-0.0314115,-0.0800857,0.634611,2.41512,-1.00554
0.0216048,-0.0311698,-0.0801857,0.635462,2.41811,-0.993956
0.0216684,-0.0309278,-0.0802845,0.636307,2.42107,-0.982369
0.0217321,-0.0306856,-0.0803821,0.637145,2.42398,-0.970777
0.0217958,-0.030443,-0.0804786,0.637977,2.42686,-0.959178
0.0218597,-0.0302002,-0.080574,0.638802,2.42971,-0.947573
0.0219236,-0.0299571,-0.0806682,0.639621,2.43251,-0.935962
0.0219876,-0.0297137,-0.0807612,0.640433,2.43528,-0.924344
0.0220517,-0.0294701,-0.080853,0.641239,2.43801,-0.912721
0.0221158,-0.0292261,-0.0809437,0.642038,2.4407,-0.901092
0.0221801,-0.0289819,-0.0810332,0.64283,2.44335,-0.889457
0.0222444,-0.0287374,-0.0811216,0.643615,2.44597,-0.877816
0.0223088,-0.0284927,-0.0812088,0.644394,2.44855,-0.866169
0.0223733,-0.0282477,-0.0812948,0.645166,2.45109,-0.854516
0.0224378,-0.0280025,-0.0813797,0.645931,2.4536,-0.842858
0.0225025,-0.027757,-0.0814634,0.646689,2.45607,-0.831193
0.0225672,-0.0275113,-0.081546,0.64744,2.4585,-0.819524
0.0226319,-0.0272653,-0.0816273,0.648184,2.46089,-0.807848
0.0226968,-0.0270191,-0.0817075,0.648921,2.46325,-0.796168
0.0227617,-0.0267727,-0.0817866,0.649651,2.46557,-0.784481
0.0228267,-0.026526,-0.0818644,0.650374,2.46785,-0.772789
0.0228918,-0.0262791,-0.0819411,0.651089,2.47009,-0.761092
0.0229569,-0.026032,-0.0820166,0.651798,2.4723,-0.74939
0.0230222,-0.0257846,-0.082091,0.652499,2.47448,-0.737682
0.0230874,-0.0255371,-0.0821642,0.653192,2.47661,-0.725969
0.0231528,-0.0252893,-0.0822362,0.653879,2.47871,-0.71425
0.0232182,-0.0250414,-0.082307,0.654558,2.48077,-0.702527
0.0232837,-0.0247932,-0.0823767,0.655229,2.4828,-0.690798
0.0233493,-0.0245448,-0.0824452,0.655893,2.48479,-0.679064
0.0234149,-0.0242962,-0.0825125,0.656549,2.48674,-0.667325
0.0234806,-0.0240474,-0.0825786,0.657198,2.48865,-0.655581
0.0235463,-0.0237985,-0.0826436,0.657839,2.49053,-0.643833
0.0236121,-0.0235493,-0.0827074,0.658472,2.49237,-0.632079
0.023678,-0.0233,-0.08277,0.659098,2.49418,-0.62032
0.023744,-0.0230505,-0.0828315,0.659716,2.49595,-0.608556
0.02381,-0.0228008,-0.0828917,0.660326,2.49768,-0.596788
0.023876,-0.022551,-0.0829508,0.660928,2.49938,-0.585015
0.0239421,-0.022301,-0.0830087,0.661522,2.50104,-0.573237
0.0240083,-0.0220508,-0.0830655,0.662108,2.50267,-0.561454
0.0240746,-0.0218004,-0.083121,0.662686,2.50425,-0.549667
0.0241409,-0.0215499,-0.0831754,0.663256,2.50581,-0.537875
0.0242072,-0.0212993,-0.0832286,0.663818,2.50732,-0.526078
0.0242736,-0.0210485,-0.0832806,0.664372,2.5088,-0.514277
0.0243401,-0.0207975,-0.0833315,0.664917,2.51025,-0.502472
0.0244066,-0.0205464,-0.0833811,0.665454,2.51165,-0.490661
0.0244732,-0.0202952,-0.0834296,0.665983,2.51303,-0.478847
0.0245398,-0.0200438,-0.0834769,0.666503,2.51436,-0.467028
0.0246065,-0.0197923,-0.083523,0.667015,2.51566,-0.455205
0.0246732,-0.0195407,-0.0835679,0.667519,2.51693,-0.443377
0.02474,-0.0192889,-0.0836117,0.668014,2.51815,-0.431545
0.0248068,-0.019037,-0.0836542,0.6685,2.51935,-0.419708
0.0248737,-0.018785,-0.0836956,0.668978,2.5205,-0.407868
0.0249406,-0.0185329,-0.0837358,0.669447,2.52162,-0.396023
0.0250076,-0.0182807,-0.0837748,0.669907,2.52271,-0.384174
0.0250746,-0.0180284,-0.0838127,0.670358,2.52376,-0.372321
0.0251416,-0.017776,-0.0838493,0.670801,2.52477,-0.360464
0.0252088,-0.0175234,-0.0838847,0.671235,2.52575,-0.348602
0.0252759,-0.0172708,-0.083919,0.67166,2.52669,-0.336737
0.0253431,-0.0170181,-0.0839521,0.672075,2.5276,-0.324868
0.0254103,-0.0167653,-0.083984,0.672482,2.52847,-0.312994
0.0254776,-0.0165124,-0.0840147,0.67288,2.5293,-0.301117
0.0255449,-0.0162594,-0.0840442,0.673268,2.5301,-0.289236
0.0256122,-0.0160064,-0.0840725,0.673647,2.53086,-0.27735
0.0256796,-0.0157533,-0.0840997,0.674017,2.53159,-0.265461
0.025747,-0.0155001,-0.0841256,0.674378,2.53229,-0.253569
0.0258145,-0.0152468,-0.0841504,0.674729,2.53294,-0.241672
0.025882,-0.0149935,-0.084174,0.675071,2.53356,-0.229771
0.0259495,-0.0147401,-0.0841963,0.675403,2.53415,-0.217867
0.0260171,-0.0144867,-0.0842175,0.675726,2.5347,-0.205959
0.0260847,-0.0142332,-0.0842375,0.676039,2.53521,-0.194048
0.0261523,-0.0139796,-0.0842563,0.676343,2.53569,-0.182132
0.0262199,-0.013726,-0.084274,0.676637,2.53614,-0.170214
0.0262876,-0.0134724,-0.0842904,0.676921,2.53655,-0.158291
0.0263553,-0.0132187,-0.0843056,0.677195,2.53692,-0.146365
0.026423,-0.012965,-0.0843197,0.677459,2.53726,-0.134435
0.0264908,-0.0127113,-0.0843325,0.677714,2.53756,-0.122502
0.0265586,-0.0124575,-0.0843442,0.677958,2.53783,-0.110566
0.0266264,-0.0122037,-0.0843546,0.678192,2.53806,-0.0986255
0.0266942,-0.0119499,-0.0843639,0.678417,2.53825,-0.086682
0.0267621,-0.0116961,-0.084372,0.678631,2.53842,-0.0747351
0.0268299,-0.0114422,-0.0843788,0.678835,2.53854,-0.0627848
0.0268978,-0.0111884,-0.0843845,0.679028,2.53863,-0.0508311
0.0269657,-0.0109345,-0.084389,0.679211,2.53869,-0.0388741
0.0270337,-0.0106806,-0.0843923,0.679384,2.5387,-0.0269138
0.0271016,-0.0104267,-0.0843944,0.679547,2.53869,-0.0149503
0.0271696,-0.0101729,-0.0843953,0.679698,2.53864,-0.00298344
0.0272376,-0.00991902,-0.084395,0.67984,2.53855,0.00898659
0.0273056,-0.00966517,-0.0843935,0.67997,2.53843,0.0209598
0.0273736,-0.00941134,-0.0843908,0.68009,2.53827,0.0329362
0.0274416,-0.00915752,-0.0843869,0.680199,2.53808,0.0449157
0.0275096,-0.00890372,-0.0843818,0.680298,2.53785,0.0568984
0.0275776,-0.00864995,-0.0843755,0.680385,2.53758,0.0688841
0.0276457,-0.00839621,-0.084368,0.680462,2.53729,0.0808729
0.0277137,-0.00814249,-0.0843593,0.680527,2.53695,0.0928648
0.0277818,-0.00788882,-0.0843495,0.680582,2.53658,0.10486
0.0278498,-0.00763518,-0.0843384,0.680625,2.53618,0.116857
0.0279179,-0.00738158,-0.0843261,0.680657,2.53574,0.128858
0.027986,-0.00712803,-0.0843126,0.680678,2.53526,0.140862
0.028054,-0.00687453,-0.0842979,0.680687,2.53475,0.152869
0.0281221,-0.00662108,-0.084282,0.680686,2.5342,0.164878
0.0281902,-0.00636769,-0.0842649,0.680672,2.53362,0.176891
0.0282582,-0.00611436,-0.0842466,0.680647,2.533,0.188906
0.0283263,-0.00586109,-0.0842272,0.680611,2.53235,0.200924
0.0283944,-0.00560789,-0.0842065,0.680563,2.53166,0.212945
0.0284624,-0.00535476,-0.0841846,0.680503,2.53094,0.224968
0.0285305,-0.00510171,-0.0841615,0.680432,2.53018,0.236995
0.0285985,-0.00484873,-0.0841372,0.680348,2.52938,0.249024
0.0286665,-0.00459583,-0.0841117,0.680253,2.52855,0.261055
0.0287346,-0.00434302,-0.084085,0.680146,2.52768,0.27309
0.0288026,-0.0040903,-0.084057,0.680027,2.52678,0.285127
0.0288706,-0.00383767,-0.0840279,0.679895,2.52585,0.297167
0.0289385,-0.00358513,-0.0839976,0.679752,2.52487,0.309209
0.0290065,-0.00333269,-0.0839661,0.679596,2.52386,0.321254
0.0290745,-0.00308036,-0.0839334,0.679428,2.52282,0.333301
0.0291424,-0.00282813,-0.0838994,0.679247,2.52174,0.345351
0.0292103,-0.00257601,-0.0838643,0.679054,2.52063,0.357403
0.0292782,-0.00232401,-0.0838279,0.678849,2.51947,0.369458
0.0293461,-0.00207212,-0.0837904,0.67863,2.51829,0.381515
0.0294139,-0.00182035,-0.0837516,0.6784,2.51707,0.393575
0.0294818,-0.00156871,-0.0837117,0.678156,2.51581,0.405637
0.0295496,-0.00131719,-0.0836705,0.6779,2.51451,0.417701
0.0296173,-0.0010658,-0.0836281,0.677631,2.51318,0.429768
0.0296851,-0.000814553,-0.0835846,0.677349,2.51182,0.441837
0.0297528,-0.000563441,-0.0835398,0.677053,2.51042,0.453908
0.0298205,-0.000312471,-0.0834938,0.676745,2.50898,0.465981
0.0298882,-6.16464e-05,-0.0834466,0.676424,2.50751,0.478057
0.0299558,0.000189029,-0.0833982,0.676089,2.506,0.490135
0.0300234,0.000439552,-0.0833486,0.675741,2.50445,0.502215
0.0300909,0.000689919,-0.0832977,0.67538,2.50287,0.514298
0.0301584,0.000940125,-0.0832457,0.675005,2.50126,0.526382
0.0302259,0.00119017,-0.0831924,0.674617,2.4996,0.538468
0.0302934,0.00144004,-0.083138,0.674215,2.49791,0.550557
0.0303608,0.00168975,-0.0830823,0.673799,2.49619,0.562648
0.0304281,0.00193928,-0.0830255,0.67337,2.49443,0.57474
0.0304954,0.00218863,-0.0829674,0.672926,2.49263,0.586835
0.0305627,0.00243781,-0.0829081,0.672469,2.49079,0.598932
0.0306299,0.00268679,-0.0828476,0.671998,2.48892,0.61103
0.0306971,0.00293559,-0.0827859,0.671513,2.48702,0.623131
0.0307642,0.00318419,-0.082723,0.671013,2.48508,0.635233
0.0308313,0.0034326,-0.0826588,0.6705,2.4831,0.647337
0.0308983,0.00368081,-0.0825935,0.669972,2.48108,0.659443
0.0309653,0.00392882,-0.082527,0.669429,2.47903,0.671551
0.0310322,0.00417662,-0.0824592,0.668872,2.47694,0.683661
0.0310991,0.0044242,-0.0823902,0.668301,2.47481,0.695772
0.0311659,0.00467158,-0.08232,0.667715,2.47265,0.707885
0.0312326,0.00491873,-0.0822487,0.667114,2.47045,0.72
0.0312993,0.00516567,-0.082176,0.666499,2.46822,0.732116
0.0313659,0.00541238,-0.0821022,0.665868,2.46595,0.744234
0.0314325,0.00565886,-0.0820272,0.665223,2.46364,0.756354
0.031499,0.0059051,-0.081951,0.664562,2.46129,0.768475
0.0315654,0.00615111,-0.0818735,0.663887,2.45891,0.780597
0.0316317,0.00639688,-0.0817948,0.663196,2.45649,0.792722
0.031698,0.00664241,-0.081715,0.66249,2.45403,0.804847
0.0317642,0.00688769,-0.0816339,0.661768,2.45154,0.816974
0.0318304,0.00713272,-0.0815516,0.661031,2.44901,0.829103
0.0318964,0.00737749,-0.081468,0.660279,2.44644,0.841233
0.0319624,0.007622,-0.0813833,0.659511,2.44384,0.853364
0.0320283,0.00786625,-0.0812974,0.658727,2.44119,0.865496
0.0320942,0.00811024,-0.0812102,0.657927,2.43851,0.87763
0.0321599,0.00835396,-0.0811218,0.657111,2.4358,0.889765
0.0322256,0.0085974,-0.0810323,0.65628,2.43304,0.901902
0.0322912,0.00884056,-0.0809415,0.655432,2.43025,0.914039
0.0323567,0.00908345,-0.0808495,0.654568,2.42742,0.926178
0.0324221,0.00932605,-0.0807562,0.653688,2.42455,0.938317
0.0324874,0.00956836,-0.0806618,0.652791,2.42165,0.950458
0.0325527,0.00981037,-0.0805661,0.651878,2.4187,0.9626
0.0326178,0.0100521,-0.0804693,0.650948,2.41572,0.974743
0.0326828,0.0102935,-0.0803712,0.650002,2.4127,0.986887
0.0327478,0.0105346,-0.0802719,0.649039,2.40965,0.999032
0.0328127,0.0107754,-0.0801714,0.648059,2.40655,1.01118
0.0328774,0.0110159,-0.0800697,0.647063,2.40342,1.02332
0.0329421,0.0112561,-0.0799667,0.646049,2.40025,1.03547
0.0330066,0.011496,-0.0798626,0.645018,2.39704,1.04762
0.0330711,0.0117355,-0.0797572,0.64397,2.39379,1.05977
0.0331354,0.0119747,-0.0796506,0.642905,2.3905,1.07192
0.0331997,0.0122136,-0.0795428,0.641822,2.38718,1.08407
0.0332638,0.0124522,-0.0794338,0.640722,2.38381,1.09622
0.0333278,0.0126904,-0.0793236,0.639604,2.38041,1.10837
0.0333917,0.0129283,-0.0792121,0.638468,2.37697,1.12052
0.0334555,0.0131658,-0.0790995,0.637315,2.37349,1.13267
0.0335192,0.013403,-0.0789856,0.636144,2.36997,1.14483
0.0335827,0.0136398,-0.0788705,0.634954,2.36641,1.15698
0.0336462,0.0138762,-0.0787542,0.633747,2.36282,1.16913
0.0337095,0.0141123,-0.0786367,0.632521,2.35918,1.18129
0.0337727,0.0143481,-0.0785179,0.631277,2.35551,1.19344
0.0338357,0.0145834,-0.078398,0.630015,2.35179,1.2056
0.0338987,0.0148184,-0.0782768,0.628734,2.34804,1.21775
0.0339615,0.015053,-0.0781544,0.627435,2.34424,1.22991
0.0340241,0.0152873,-0.0780308,0.626117,2.34041,1.24206
0.0340867,0.0155211,-0.077906,0.62478,2.33654,1.25422
0.0341491,0.0157546,-0.07778,0.623424,2.33263,1.26637
0.0342114,0.0159877,-0.0776527,0.622049,2.32867,1.27853
0.0342735,0.0162203,-0.0775243,0.620655,2.32468,1.29068
0.0343355,0.0164526,-0.0773946,0.619241,2.32065,1.30284
0.0343974,0.0166844,-0.0772637,0.617808,2.31658,1.31499
0.0344591,0.0169159,-0.0771316,0.616356,2.31246,1.32715
0.0345206,0.0171469,-0.0769983,0.614884,2.30831,1.3393
0.034582,0.0173776,-0.0768638,0.613393,2.30412,1.35146
0.0346433,0.0176078,-0.076728,0.611881,2.29988,1.36361
0.0347044,0.0178375,-0.076591,0.61035,2.29561,1.37576
0.0347654,0.0180669,-0.0764528,0.608799,2.29129,1.38791
0.0348262,0.0182958,-0.0763134,0.607227,2.28694,1.40007
0.0348868,0.0185243,-0.0761728,0.605635,2.28254,1.41222
0.0349473,0.0187523,-0.076031,0.604023,2.2781,1.42437
0.0350076,0.0189799,-0.075888,0.602391,2.27362,1.43652
0.0350678,0.019207,-0.0757437,0.600737,2.2691,1.44867
0.0351278,0.0194337,-0.0755982,0.599063,2.26454,1.46082
0.0351876,0.0196599,-0.0754515,0.597368,2.25993,1.47296
0.0352472,0.0198857,-0.0753036,0.595652,2.25529,1.48511
0.0353067,0.020111,-0.0751545,0.593915,2.2506,1.49726
0.035366,0.0203358,-0.0750042,0.592157,2.24587,1.5094
0.0354252,0.0205602,-0.0748526,0.590378,2.2411,1.52154
0.0354841,0.020784,-0.0746999,0.588577,2.23629,1.53368
0.0355429,0.0210074,-0.0745459,0.586754,2.23143,1.54583
0.0356015,0.0212303,-0.0743907,0.58491,2.22653,1.55796
0.0356598,0.0214527,-0.0742343,0.583044,2.22159,1.5701
0.0357181,0.0216746,-0.0740767,0.581155,2.21661,1.58224
0.0357761,0.021896,-0.0739179,0.579245,2.21158,1.59437
0.0358339,0.0221169,-0.0737578,0.577313,2.20651,1.60651
0.0358915,0.0223373,-0.0735966,0.575358,2.2014,1.61864
0.035949,0.0225572,-0.0734341,0.573381,2.19625,1.63077
0.0360062,0.0227766,-0.0732704,0.571381,2.19105,1.6429
0.0360633,0.0229954,-0.0731055,0.569358,2.18581,1.65502
0.0361201,0.0232137,-0.0729394,0.567313,2.18052,1.66715
0.0361767,0.0234315,-0.0727721,0.565245,2.1752,1.67927
0.0362331,0.0236488,-0.0726035,0.563153,2.16982,1.69139
0.0362893,0.0238655,-0.0724338,0.561038,2.16441,1.7035
0.0363453,0.0240817,-0.0722628,0.5589,2.15895,1.71562
0.0364011,0.0242973,-0.0720907,0.556738,2.15344,1.72773
0.0364567,0.0245124,-0.0719173,0.554553,2.14789,1.73984
0.036512,0.0247269,-0.0717427,0.552343,2.1423,1.75195
0.0365672,0.0249408,-0.0715669,0.55011,2.13666,1.76406
0.0366221,0.0251542,-0.0713899,0.547853,2.13098,1.77616
0.0366767,0.025367,-0.0712117,0.545572,2.12525,1.78826
0.0367312,0.0255792,-0.0710322,0.543266,2.11948,1.80035
0.0367854,0.0257909,-0.0708516,0.540935,2.11366,1.81245
0.0368394,0.026002,-0.0706698,0.53858,2.1078,1.82454
0.0368931,0.0262125,-0.0704867,0.5362,2.10189,1.83663
0.0369466,0.0264224,-0.0703024,0.533796,2.09594,1.84871
0.0369999,0.0266316,-0.070117,0.531366,2.08993,1.86079
0.0370529,0.0268403,-0.0699303,0.528911,2.08389,1.87287
0.0371056,0.0270484,-0.0697424,0.52643,2.0778,1.88494
0.0371582,0.0272559,-0.0695533,0.523924,2.07166,1.89701
0.0372104,0.0274628,-0.069363,0.521393,2.06547,1.90908
0.0372624,0.027669,-0.0691715,0.518835,2.05924,1.92114
0.0373142,0.0278746,-0.0689788,0.516251,2.05296,1.9332
0.0373657,0.0280796,-0.0687848,0.513642,2.04663,1.94525
0.0374169,0.0282839,-0.0685897,0.511006,2.04026,1.9573
0.0374679,0.0284876,-0.0683934,0.508344,2.03384,1.96935
0.0375186,0.0286907,-0.0681958,0.505655,2.02737,1.98139
0.037569,0.0288931,-0.0679971,0.502939,2.02086,1.99343
0.0376192,0.0290949,-0.0677971,0.500196,2.01429,2.00546
0.037669,0.029296,-0.067596,0.497427,2.00768,2.01748
0.0377186,0.0294964,-0.0673937,0.49463,2.00102,2.02951
0.037768,0.0296962,-0.0671901,0.491805,1.99432,2.04152
0.037817,0.0298953,-0.0669853,0.488953,1.98756,2.05354
0.0378658,0.0300937,-0.0667794,0.486074,1.98075,2.06554
0.0379142,0.0302914,-0.0665722,0.483166,1.9739,2.07755
0.0379624,0.0304884,-0.0663639,0.480231,1.967,2.08954
0.0380103,0.0306848,-0.0661543,0.477267,1.96004,2.10153
0.0380578,0.0308805,-0.0659436,0.474275,1.95304,2.11352
0.0381051,0.0310754,-0.0657316,0.471254,1.94599,2.1255
0.0381521,0.0312697,-0.0655185,0.468205,1.93889,2.13747
0.0381988,0.0314632,-0.0653041,0.465127,1.93173,2.14944
0.0382451,0.031656,-0.0650886,0.462019,1.92453,2.1614
0.0382912,0.0318481,-0.0648719,0.458883,1.91728,2.17335
0.0383369,0.0320395,-0.0646539,0.455717,1.90998,2.1853
0.0383823,0.0322301,-0.0644348,0.452521,1.90262,2.19724
0.0384274,0.03242,-0.0642145,0.449296,1.89522,2.20917
0.0384722,0.0326091,-0.063993,0.446041,1.88776,2.2211
0.0385166,0.0327975,-0.0637703,0.442755,1.88025,2.23302
0.0385607,0.0329852,-0.0635464,0.43944,1.87269,2.24493
0.0386045,0.0331721,-0.0633213,0.436094,1.86508,2.25684
0.0386479,0.0333582,-0.063095,0.432717,1.85741,2.26873
0.038691,0.0335435,-0.0628675,0.429309,1.8497,2.28062
0.0387338,0.0337281,-0.0626389,0.425871,1.84193,2.2925
0.0387762,0.0339119,-0.062409,0.422401,1.83411,2.30438
0.0388183,0.0340949,-0.062178,0.418899,1.82623,2.31624
0.03886,0.0342772,-0.0619458,0.415367,1.8183,2.3281
0.0389013,0.0344586,-0.0617124,0.411802,1.81032,2.33995
0.0389423,0.0346392,-0.0614778,0.408205,1.80229,2.35179
0.0389423,0.0346392,-0.0614778,0.408205,1.80229,2.35179
0.038983,0.0348191,-0.061242,0.405319,1.7959,2.36312
0.0390234,0.0349984,-0.0610052,0.402401,1.78946,2.37445
0.0390635,0.035177,-0.0607671,0.39945,1.78296,2.38576
0.0391033,0.035355,-0.060528,0.396468,1.77641,2.39707
0.0391428,0.0355323,-0.0602877,0.393452,1.76981,2.40837
0.039182,0.035709,-0.0600463,0.390404,1.76314,2.41966
0.0392209,0.0358849,-0.0598038,0.387324,1.75643,2.43093
0.0392595,0.0360602,-0.0595601,0.38421,1.74966,2.4422
0.0392977,0.0362349,-0.0593154,0.381063,1.74283,2.45345
0.0393357,0.0364088,-0.0590695,0.377883,1.73594,2.4647
0.0393733,0.0365821,-0.0588224,0.374669,1.729,2.47593
0.0394106,0.0367546,-0.0585743,0.371422,1.72201,2.48715
0.0394476,0.0369265,-0.058325,0.36814,1.71495,2.49836
0.0394842,0.0370976,-0.0580746,0.364825,1.70784,2.50955
0.0395205,0.037268,-0.0578231,0.361476,1.70067,2.52074
0.0395565,0.0374377,-0.0575705,0.358092,1.69344,2.53191
0.0395922,0.0376067,-0.0573167,0.354674,1.68616,2.54306
0.0396275,0.037775,-0.0570618,0.351221,1.67882,2.55421
0.0396624,0.0379425,-0.0568059,0.347733,1.67142,2.56534
0.039697,0.0381092,-0.0565488,0.34421,1.66396,2.57645
0.0397312,0.0382753,-0.0562906,0.340652,1.65644,2.58755
0.0397651,0.0384405,-0.0560313,0.337058,1.64886,2.59864
0.0397986,0.038605,-0.0557708,0.333429,1.64123,2.60971
0.0398318,0.0387688,-0.0555093,0.329765,1.63353,2.62077
0.0398646,0.0389317,-0.0552467,0.326064,1.62578,2.63181
0.039897,0.0390939,-0.054983,0.322327,1.61796,2.64283
0.0399291,0.0392553,-0.0547181,0.318554,1.61008,2.65384
0.0399607,0.0394159,-0.0544522,0.314745,1.60215,2.66483
0.039992,0.0395758,-0.0541852,0.310899,1.59415,2.6758
0.0400229,0.0397348,-0.053917,0.307016,1.58609,2.68676
0.0400534,0.039893,-0.0536478,0.303096,1.57797,2.6977
0.0400835,0.0400504,-0.0533775,0.299139,1.56979,2.70862
0.0401132,0.0402069,-0.0531061,0.295145,1.56155,2.71952
0.0401426,0.0403627,-0.0528336,0.291113,1.55324,2.73041
0.0401715,0.0405176,-0.05256,0.287044,1.54488,2.74127
0.0402,0.0406716,-0.0522853,0.282937,1.53645,2.75212
0.040228,0.0408249,-0.0520096,0.278792,1.52795,2.76295
0.0402557,0.0409772,-0.0517328,0.274608,1.5194,2.77375
0.040283,0.0411287,-0.0514548,0.270387,1.51078,2.78454
0.0403098,0.0412794,-0.0511758,0.266126,1.5021,2.7953
0.0403362,0.0414292,-0.0508958,0.261827,1.49335,2.80604
0.0403622,0.041578,-0.0506146,0.25749,1.48454,2.81676
0.0403877,0.0417261,-0.0503324,0.253113,1.47566,2.82746
0.0404128,0.0418732,-0.0500491,0.248697,1.46672,2.83814
0.0404374,0.0420194,-0.0497648,0.244241,1.45772,2.84879
0.0404616,0.0421647,-0.0494794,0.239746,1.44865,2.85942
0.0404854,0.0423091,-0.0491929,0.235211,1.43952,2.87002
0.0405087,0.0424526,-0.0489054,0.230636,1.43032,2.88061
0.0405315,0.0425952,-0.0486168,0.226022,1.42105,2.89116
0.0405539,0.0427368,-0.0483272,0.221366,1.41172,2.90169
0.0405758,0.0428775,-0.0480365,0.216671,1.40232,2.9122
0.0405972,0.0430173,-0.0477447,0.211935,1.39286,2.92268
0.0406182,0.0431561,-0.0474519,0.207158,1.38332,2.93313
0.0406386,0.043294,-0.0471581,0.20234,1.37372,2.94356
0.0406586,0.0434308,-0.0468632,0.19748,1.36406,2.95396
0.0406781,0.0435668,-0.0465673,0.19258,1.35432,2.96433
0.0406971,0.0437017,-0.0462703,0.187638,1.34452,2.97467
0.0407157,0.0438357,-0.0459724,0.182654,1.33465,2.98499
0.0407337,0.0439686,-0.0456734,0.177629,1.32471,2.99527
0.0407512,0.0441006,-0.0453733,0.172561,1.31471,3.00552
0.0407682,0.0442316,-0.0450722,0.167452,1.30463,3.01575
0.0407847,0.0443615,-0.0447702,0.1623,1.29448,3.02594
0.0408006,0.0444905,-0.0444671,0.157105,1.28427,3.03611
0.0408161,0.0446184,-0.0441629,0.151868,1.27399,3.04624
0.040831,0.0447453,-0.0438578,0.146588,1.26363,3.05633
0.0408454,0.0448711,-0.0435517,0.141265,1.25321,3.0664
0.0408593,0.0449959,-0.0432445,0.135898,1.24271,3.07643
0.0408726,0.0451196,-0.0429364,0.130489,1.23215,3.08643
0.0408854,0.0452423,-0.0426273,0.125036,1.22151,3.09639
0.0408976,0.0453639,-0.0423171,0.119539,1.2108,3.10632
0.0409093,0.0454845,-0.042006,0.113998,1.20002,3.11621
0.0409204,0.0456039,-0.0416939,0.108413,1.18917,3.12607
0.0409309,0.0457223,-0.0413808,0.102784,1.17825,3.13589
0.0409409,0.0458396,-0.0410667,0.0971109,1.16725,3.14567
0.0409504,0.0459558,-0.0407516,0.091393,1.15618,3.15542
0.0409592,0.0460708,-0.0404356,0.0856305,1.14504,3.16512
0.0409675,0.0461848,-0.0401186,0.0798232,1.13383,3.17479
0.0409752,0.0462976,-0.0398007,0.0739708,1.12255,3.18442
0.0409823,0.0464093,-0.0394817,0.0680733,1.11119,3.194
0.0409888,0.0465198,-0.0391619,0.0621305,1.09975,3.20355
0.0409947,0.0466292,-0.038841,0.0561423,1.08824,3.21306
0.041,0.0467375,-0.0385192,0.0501084,1.07666,3.22252
0.0410047,0.0468446,-0.0381965,0.0440287,1.06501,3.23194
0.0410088,0.0469505,-0.0378729,0.0379031,1.05328,3.24131
0.0410123,0.0470552,-0.0375483,0.0317314,1.04147,3.25065
0.0410152,0.0471588,-0.0372227,0.0255135,1.02959,3.25993
0.0410174,0.0472611,-0.0368963,0.0192492,1.01763,3.26918
0.041019,0.0473623,-0.0365689,0.0129384,1.0056,3.27837
0.04102,0.0474622,-0.0362406,0.00658088,0.993496,3.28752
0.0410203,0.047561,-0.0359114,0.000176556,0.981313,3.29662
0.04102,0.0476585,-0.0355813,-0.00627473,0.969054,3.30568
0.0410191,0.0477548,-0.0352503,-0.0127731,0.956718,3.31468
0.0410175,0.0478498,-0.0349183,-0.0193188,0.944305,3.32364
0.0410152,0.0479436,-0.0345855,-0.0259118,0.931816,3.33254
0.0410123,0.0480362,-0.0342518,-0.0325524,0.919249,3.3414
0.0410087,0.0481275,-0.0339173,-0.0392406,0.906605,3.3502
0.0410044,0.0482175,-0.0335818,-0.0459766,0.893884,3.35895
0.0409995,0.0483063,-0.0332455,-0.0527606,0.881084,3.36765
0.0409939,0.0483937,-0.0329083,-0.0595926,0.868207,3.37629
0.0409876,0.0484799,-0.0325702,-0.0664728,0.855252,3.38488
0.0409806,0.0485648,-0.0322313,-0.0734013,0.842218,3.39341
0.0409729,0.0486484,-0.0318915,-0.0803782,0.829105,3.40189
0.0409645,0.0487306,-0.0315509,-0.0874038,0.815914,3.41031
0.0409554,0.0488115,-0.0312095,-0.094478,0.802644,3.41867
0.0409456,0.0488911,-0.0308672,-0.101601,0.789294,3.42698
0.0409351,0.0489694,-0.0305241,-0.108773,0.775865,3.43522
0.0409239,0.0490463,-0.0301801,-0.115994,0.762357,3.4434
0.0409119,0.0491219,-0.0298354,-0.123264,0.748769,3.45153
0.0408992,0.049196,-0.0294898,-0.130583,0.735101,3.45959
0.0408858,0.0492689,-0.0291435,-0.137952,0.721352,3.46759
0.0408716,0.0493403,-0.0287963,-0.14537,0.707524,3.47552
0.0408567,0.0494104,-0.0284484,-0.152838,0.693615,3.48339
0.040841,0.049479,-0.0280997,-0.160355,0.679625,3.4912
0.0408246,0.0495463,-0.0277501,-0.167923,0.665555,3.49894
0.0408075,0.0496121,-0.0273999,-0.17554,0.651403,3.50661
0.0407895,0.0496766,-0.0270488,-0.183207,0.63717,3.51421
0.0407708,0.0497396,-0.026697,-0.190924,0.622857,3.52175
0.0407513,0.0498011,-0.0263445,-0.198691,0.608461,3.52921
0.0407311,0.0498613,-0.0259912,-0.206508,0.593984,3.53661
0.04071,0.0499199,-0.0256372,-0.214376,0.579426,3.54393
0.0406882,0.0499771,-0.0252824,-0.222294,0.564785,3.55118
0.0406656,0.0500329,-0.0249269,-0.230263,0.550062,3.55836
0.0406421,0.0500872,-0.0245707,-0.238282,0.535258,3.56546
0.0406179,0.0501399,-0.0242138,-0.246351,0.520371,3.57249
0.0405929,0.0501912,-0.0238562,-0.254472,0.505401,3.57944
0.040567,0.050241,-0.0234979,-0.262642,0.49035,3.58632
0.0405403,0.0502893,-0.023139,-0.270864,0.475215,3.59312
0.0405128,0.0503361,-0.0227793,-0.279137,0.459998,3.59983
0.0404845,0.0503813,-0.022419,-0.28746,0.444698,3.60647
0.0404553,0.050425,-0.022058,-0.295834,0.429315,3.61303
0.0404253,0.0504672,-0.0216964,-0.30426,0.413849,3.6195
0.0403945,0.0505078,-0.0213341,-0.312736,0.3983,3.62589
0.0403628,0.0505468,-0.0209712,-0.321263,0.382668,3.6322
0.0403302,0.0505843,-0.0206077,-0.329842,0.366952,3.63842
0.0402968,0.0506202,-0.0202436,-0.338471,0.351153,3.64455
0.0402625,0.0506545,-0.0198788,-0.347152,0.335271,3.6506
0.0402274,0.0506873,-0.0195134,-0.355883,0.319305,3.65656
0.0401914,0.0507184,-0.0191475,-0.364666,0.303256,3.66242
0.0401545,0.0507479,-0.018781,-0.3735,0.287124,3.6682
0.0401167,0.0507758,-0.0184139,-0.382385,0.270907,3.67389
0.040078,0.0508021,-0.0180462,-0.391321,0.254607,3.67948
0.0400384,0.0508267,-0.017678,-0.400309,0.238224,3.68498
0.0399979,0.0508497,-0.0173092,-0.409347,0.221757,3.69038
0.0399565,0.0508711,-0.0169399,-0.418437,0.205206,3.69569
0.0399142,0.0508908,-0.0165701,-0.427578,0.188571,3.7009
0.039871,0.0509088,-0.0161997,-0.436769,0.171853,3.70601
0.0398269,0.0509251,-0.0158289,-0.446012,0.155051,3.71102
0.0397818,0.0509398,-0.0154575,-0.455306,0.138165,3.71593
0.0397358,0.0509528,-0.0150857,-0.464651,0.121196,3.72074
0.0396889,0.050964,-0.0147134,-0.474047,0.104144,3.72545
0.039641,0.0509736,-0.0143406,-0.483493,0.0870073,3.73005
0.0395922,0.0509814,-0.0139674,-0.492991,0.0697875,3.73454
0.0395424,0.0509875,-0.0135937,-0.502539,0.0524842,3.73893
0.0394917,0.0509919,-0.0132196,-0.512138,0.0350976,3.74321
0.03944,0.0509946,-0.012845,-0.521787,0.0176277,3.74738
0.0393873,0.0509954,-0.0124701,-0.531487,7.46096e-05,3.75144
0.0393337,0.0509946,-0.0120948,-0.541238,-0.0175616,3.75539
0.0392791,0.0509919,-0.011719,-0.551039,-0.0352809,3.75922
0.0392235,0.0509875,-0.0113429,-0.56089,-0.0530831,3.76294
0.0391669,0.0509813,-0.0109664,-0.570791,-0.0709681,3.76655
0.0391093,0.0509733,-0.0105896,-0.580742,-0.0889357,3.77004
0.0390507,0.0509635,-0.0102124,-0.590743,-0.106986,3.77341
0.0389911,0.0509519,-0.00983493,-0.600794,-0.125118,3.77665
0.0389306,0.0509385,-0.00945711,-0.610894,-0.143333,3.77978
0.038869,0.0509232,-0.00907898,-0.621045,-0.16163,3.78279
0.0388064,0.0509062,-0.00870056,-0.631244,-0.180009,3.78567
0.0387427,0.0508872,-0.00832185,-0.641493,-0.198469,3.78843
0.0386781,0.0508665,-0.00794287,-0.65179,-0.217011,3.79106
0.0386124,0.0508438,-0.00756364,-0.662137,-0.235634,3.79356
0.0385456,0.0508193,-0.00718417,-0.672532,-0.254338,3.79594
0.0384779,0.050793,-0.00680446,-0.682976,-0.273124,3.79818
0.038409,0.0507647,-0.00642454,-0.693468,-0.291989,3.80029
0.0383392,0.0507346,-0.00604441,-0.704008,-0.310935,3.80227
0.0382682,0.0507025,-0.00566409,-0.714596,-0.329961,3.80411
0.0381962,0.0506686,-0.00528359,-0.725232,-0.349067,3.80582
0.0381232,0.0506327,-0.00490293,-0.735915,-0.368252,3.80739
0.0380491,0.0505949,-0.00452211,-0.746646,-0.387516,3.80882
0.0379738,0.0505552,-0.00414117,-0.757423,-0.40686,3.81011
0.0378976,0.0505135,-0.0037601,-0.768247,-0.426281,3.81126
0.0378202,0.0504699,-0.00337892,-0.779118,-0.445781,3.81227
0.0377417,0.0504244,-0.00299765,-0.790035,-0.465359,3.81313
0.0376622,0.0503769,-0.0026163,-0.800998,-0.485014,3.81384
0.0375815,0.0503274,-0.00223489,-0.812006,-0.504746,3.81441
0.0374998,0.0502759,-0.00185342,-0.82306,-0.524555,3.81482
0.0374169,0.0502225,-0.00147193,-0.834159,-0.544441,3.81509
0.037333,0.050167,-0.00109041,-0.845303,-0.564402,3.8152
0.0372479,0.0501096,-0.00070889,-0.856491,-0.584438,3.81516
0.0371617,0.0500501,-0.000327382,-0.867723,-0.60455,3.81497
0.0370743,0.0499887,5.40989e-05,-0.878999,-0.624735,3.81462
0.0369859,0.0499252,0.000435536,-0.890318,-0.644995,3.81411
0.0368963,0.0498597,0.000816915,-0.90168,-0.665329,3.81344
0.0368055,0.0497921,0.00119822,-0.913085,-0.685735,3.81261
0.0367136,0.0497225,0.00157943,-0.924532,-0.706214,3.81161
0.0366206,0.0496509,0.00196054,-0.936021,-0.726764,3.81045
0.0365264,0.0495772,0.00234152,-0.947552,-0.747386,3.80913
0.0364311,0.0495014,0.00272235,-0.959123,-0.768079,3.80763
0.0363346,0.0494235,0.00310304,-0.970736,-0.788842,3.80597
0.0362369,0.0493436,0.00348354,-0.982388,-0.809674,3.80414
0.0361381,0.0492616,0.00386386,-0.99408,-0.830576,3.80213
0.0360381,0.0491775,0.00424396,-1.00581,-0.851546,3.79995
0.035937,0.0490913,0.00462384,-1.01758,-0.872583,3.79759
0.0358346,0.049003,0.00500348,-1.02939,-0.893687,3.79506
0.0357311,0.0489126,0.00538285,-1.04124,-0.914858,3.79235
0.0356264,0.04882,0.00576194,-1.05312,-0.936094,3.78945
0.0355205,0.0487253,0.00614073,-1.06504,-0.957394,3.78638
0.0354134,0.0486285,0.00651921,-1.077,-0.978759,3.78312
0.0353051,0.0485296,0.00689735,-1.08899,-1.00019,3.77968
0.0351956,0.0484285,0.00727514,-1.10101,-1.02168,3.77604
0.0350848,0.0483252,0.00765255,-1.11308,-1.04323,3.77222
0.0349729,0.0482198,0.00802958,-1.12517,-1.06484,3.76821
0.0348598,0.0481123,0.00840619,-1.1373,-1.08652,3.76401
0.0347455,0.0480025,0.00878237,-1.14946,-1.10825,3.75961
0.0346299,0.0478906,0.0091581,-1.16166,-1.13004,3.75502
0.0345131,0.0477765,0.00953337,-1.17388,-1.15189,3.75023
0.0343951,0.0476602,0.00990814,-1.18614,-1.17379,3.74524
0.0342759,0.0475418,0.0102824,-1.19843,-1.19575,3.74005
0.0341555,0.0474211,0.0106561,-1.21074,-1.21776,3.73466
0.0340338,0.0472982,0.0110293,-1.22309,-1.23983,3.72907
0.0339108,0.0471731,0.011402,-1.23546,-1.26195,3.72327
0.0337867,0.0470458,0.011774,-1.24786,-1.28412,3.71726
0.0336613,0.0469163,0.0121454,-1.26029,-1.30635,3.71104
0.0336613,0.0469163,0.0121454,-1.26029,-1.30635,3.71104
0.0335344,0.0467845,0.0125162,-1.27684,-1.32901,3.70534
0.0334059,0.0466505,0.0128865,-1.29342,-1.35173,3.69942
0.0332757,0.0465142,0.0132561,-1.31003,-1.37449,3.69329
0.0331439,0.0463756,0.0136251,-1.32666,-1.3973,3.68695
0.0330104,0.0462347,0.0139935,-1.34331,-1.42016,3.68038
0.0328752,0.0460916,0.0143612,-1.35998,-1.44306,3.6736
0.0327384,0.0459461,0.0147282,-1.37668,-1.466,3.6666
0.0325999,0.0457984,0.0150945,-1.39339,-1.48898,3.65937
0.0324597,0.0456483,0.0154601,-1.41013,-1.51201,3.65192
0.0323179,0.045496,0.0158249,-1.42688,-1.53507,3.64424
0.0321743,0.0453413,0.0161889,-1.44365,-1.55817,3.63633
0.0320291,0.0451843,0.0165521,-1.46044,-1.58132,3.62819
0.0318822,0.045025,0.0169145,-1.47724,-1.6045,3.61982
0.0317337,0.0448634,0.0172761,-1.49406,-1.62771,3.61121
0.0315834,0.0446995,0.0176368,-1.51089,-1.65096,3.60237
0.0314315,0.0445332,0.0179965,-1.52774,-1.67424,3.59328
0.0312779,0.0443646,0.0183554,-1.54459,-1.69756,3.58396
0.0311226,0.0441937,0.0187133,-1.56146,-1.72091,3.5744
0.0309656,0.0440204,0.0190703,-1.57833,-1.74428,3.56459
0.0308069,0.0438449,0.0194262,-1.59522,-1.76769,3.55454
0.0306466,0.0436669,0.0197812,-1.61211,-1.79112,3.54424
0.0304845,0.0434866,0.0201351,-1.62901,-1.81458,3.53369
0.0303208,0.043304,0.0204879,-1.64591,-1.83806,3.52288
0.0301553,0.043119,0.0208396,-1.66281,-1.86156,3.51183
0.0299882,0.0429317,0.0211903,-1.67972,-1.88509,3.50052
0.0298194,0.042742,0.0215397,-1.69663,-1.90863,3.48895
0.0296489,0.04255,0.021888,-1.71353,-1.9322,3.47712
0.0294767,0.0423556,0.0222352,-1.73044,-1.95578,3.46503
0.0293028,0.0421588,0.022581,-1.74734,-1.97938,3.45268
0.0291272,0.0419597,0.0229257,-1.76424,-2.00299,3.44006
0.0289499,0.0417582,0.023269,-1.78113,-2.02661,3.42718
0.028771,0.0415544,0.0236111,-1.79802,-2.05024,3.41402
0.0285903,0.0413482,0.0239518,-1.81489,-2.07388,3.4006
0.028408,0.0411396,0.0242912,-1.83176,-2.09753,3.38691
0.028224,0.0409286,0.0246292,-1.84861,-2.12118,3.37294
0.0280383,0.0407153,0.0249658,-1.86545,-2.14484,3.35869
0.0278509,0.0404997,0.0253009,-1.88228,-2.16849,3.34417
0.0276618,0.0402816,0.0256346,-1.89909,-2.19215,3.32936
0.0274711,0.0400612,0.0259668,-1.91588,-2.2158,3.31428
0.0272786,0.0398385,0.0262975,-1.93265,-2.23945,3.29891
0.0270845,0.0396134,0.0266266,-1.9494,-2.26309,3.28326
0.0268888,0.0393859,0.0269541,-1.96612,-2.28672,3.26732
0.0266913,0.039156,0.02728,-1.98283,-2.31034,3.25109
0.0264922,0.0389238,0.0276043,-1.9995,-2.33395,3.23457
0.0262914,0.0386892,0.0279269,-2.01614,-2.35754,3.21776
0.026089,0.0384523,0.0282479,-2.03276,-2.38112,3.20065
0.0258849,0.038213,0.0285671,-2.04934,-2.40467,3.18325
0.0256791,0.0379714,0.0288845,-2.06589,-2.42821,3.16555
0.0254717,0.0377274,0.0292002,-2.0824,-2.45171,3.14755
0.0252626,0.037481,0.029514,-2.09887,-2.4752,3.12925
0.0250519,0.0372323,0.029826,-2.11531,-2.49865,3.11065
0.0248396,0.0369813,0.0301361,-2.1317,-2.52207,3.09175
0.0246256,0.0367279,0.0304443,-2.14804,-2.54545,3.07254
0.02441,0.0364722,0.0307506,-2.16434,-2.5688,3.05302
0.0241927,0.0362142,0.0310549,-2.18059,-2.59211,3.0332
0.0239738,0.0359538,0.0313572,-2.19679,-2.61537,3.01306
0.0237534,0.0356911,0.0316575,-2.21294,-2.63859,2.99262
0.0235313,0.0354261,0.0319558,-2.22903,-2.66176,2.97186
0.0233075,0.0351587,0.0322519,-2.24506,-2.68488,2.95079
0.0230822,0.0348891,0.0325459,-2.26104,-2.70795,2.9294
0.0228553,0.0346171,0.0328378,-2.27695,-2.73096,2.9077
0.0226269,0.0343429,0.0331274,-2.2928,-2.75391,2.88567
0.0223968,0.0340664,0.0334149,-2.30858,-2.7768,2.86333
0.0221651,0.0337875,0.0337001,-2.32429,-2.79962,2.84067
0.0219319,0.0335064,0.033983,-2.33993,-2.82238,2.81769
0.0216972,0.0332231,0.0342636,-2.35549,-2.84506,2.79438
0.0214608,0.0329374,0.0345419,-2.37098,-2.86767,2.77076
0.021223,0.0326495,0.0348178,-2.38639,-2.8902,2.7468
0.0209836,0.0323594,0.0350912,-2.40172,-2.91264,2.72253
0.0207426,0.032067,0.0353623,-2.41696,-2.93501,2.69792
0.0205002,0.0317724,0.0356308,-2.43211,-2.95728,2.67299
0.0202562,0.0314756,0.0358968,-2.44718,-2.97946,2.64773
0.0200107,0.0311765,0.0361603,-2.46215,-3.00155,2.62214
0.0197638,0.0308753,0.0364213,-2.47702,-3.02354,2.59623
0.0195153,0.0305718,0.0366796,-2.4918,-3.04543,2.56998
0.0192654,0.0302662,0.0369352,-2.50648,-3.06721,2.5434
0.019014,0.0299584,0.0371882,-2.52105,-3.08888,2.5165
0.0187612,0.0296484,0.0374385,-2.53552,-3.11044,2.48926
0.0185069,0.0293363,0.0376861,-2.54987,-3.13188,2.46169
0.0182512,0.029022,0.0379309,-2.56412,-3.15321,2.43379
0.0182512,0.029022,0.0379309,-2.56412,-3.15321,2.43379
0.0179943,0.0287057,0.0381727,-2.57545,-3.17395,2.4037
0.0177362,0.0283872,0.0384116,-2.58666,-3.19457,2.37328
0.0174769,0.0280668,0.0386474,-2.59775,-3.21505,2.34253
0.0172166,0.0277442,0.0388801,-2.60872,-3.2354,2.31144
0.0169552,0.0274197,0.0391097,-2.61956,-3.25561,2.28003
0.0166927,0.0270931,0.0393361,-2.63028,-3.27568,2.24828
0.0164291,0.0267645,0.0395593,-2.64086,-3.2956,2.2162
0.0161645,0.026434,0.0397793,-2.6513,-3.31537,2.18379
0.0158989,0.0261015,0.0399961,-2.66161,-3.33499,2.15106
0.0156322,0.025767,0.0402095,-2.67177,-3.35445,2.11799
0.0153645,0.0254306,0.0404196,-2.6818,-3.37374,2.08459
0.0150959,0.0250923,0.0406264,-2.69167,-3.39287,2.05087
0.0148262,0.024752,0.0408298,-2.7014,-3.41183,2.01681
0.0145556,0.0244099,0.0410298,-2.71097,-3.43061,1.98243
0.014284,0.0240659,0.0412263,-2.72039,-3.44922,1.94773
0.0140115,0.0237201,0.0414193,-2.72965,-3.46764,1.9127
0.0137381,0.0233724,0.0416088,-2.73875,-3.48587,1.87734
0.0134638,0.0230229,0.0417948,-2.74769,-3.50392,1.84167
0.0131886,0.0226716,0.0419771,-2.75646,-3.52176,1.80567
0.0129125,0.0223186,0.0421559,-2.76506,-3.53941,1.76935
0.0126356,0.0219637,0.042331,-2.77348,-3.55686,1.73272
0.0123578,0.0216072,0.0425024,-2.78173,-3.57409,1.69576
0.0120792,0.0212489,0.0426701,-2.78981,-3.59112,1.65849
0.0117998,0.020889,0.0428341,-2.7977,-3.60792,1.62091
0.0115197,0.0205273,0.0429943,-2.8054,-3.62451,1.58301
0.0112388,0.0201641,0.0431507,-2.81292,-3.64087,1.5448
0.0109571,0.0197992,0.0433033,-2.82025,-3.657,1.50629
0.0106747,0.0194327,0.0434519,-2.82738,-3.6729,1.46746
0.0103916,0.0190646,0.0435967,-2.83432,-3.68856,1.42834
0.0101079,0.018695,0.0437376,-2.84105,-3.70398,1.38891
0.00982343,0.0183238,0.0438745,-2.84759,-3.71915,1.34918
0.00953835,0.0179512,0.0440074,-2.85392,-3.73407,1.30915
0.00925265,0.017577,0.0441363,-2.86004,-3.74873,1.26882
0.00896635,0.0172014,0.0442612,-2.86595,-3.76314,1.22821
0.00867947,0.0168244,0.044382,-2.87165,-3.77728,1.1873
0.00839203,0.016446,0.0444986,-2.87713,-3.79115,1.1461
0.00810405,0.0160662,0.0446112,-2.88239,-3.80475,1.10462
0.00781556,0.015685,0.0447195,-2.88742,-3.81807,1.06286
0.00752658,0.0153026,0.0448237,-2.89223,-3.83111,1.02082
0.00723712,0.0149188,0.0449237,-2.89681,-3.84387,0.978497
0.00694722,0.0145338,0.0450194,-2.90116,-3.85634,0.935906
0.0066569,0.0141476,0.0451109,-2.90528,-3.86851,0.893045
0.00636617,0.0137601,0.045198,-2.90916,-3.88038,0.849917
0.00607507,0.0133715,0.0452808,-2.9128,-3.89195,0.806527
0.00578362,0.0129817,0.0453593,-2.91619,-3.90322,0.762877
0.00549184,0.0125909,0.0454334,-2.91934,-3.91417,0.718972
0.00519976,0.0121989,0.0455031,-2.92224,-3.92481,0.674814
0.0049074,0.0118059,0.0455684,-2.92489,-3.93512,0.630409
0.00461479,0.0114119,0.0456292,-2.92729,-3.94512,0.585759
0.00432196,0.0110169,0.0456855,-2.92943,-3.95478,0.540869
0.00402892,0.010621,0.0457373,-2.93131,-3.96411,0.495743
0.0037357,0.0102241,0.0457847,-2.93293,-3.97311,0.450385
0.00344234,0.00982634,0.0458274,-2.93428,-3.98177,0.4048
0.00314886,0.00942775,0.0458656,-2.93537,-3.99008,0.358992
0.00285528,0.00902834,0.0458992,-2.93618,-3.99804,0.312966
0.00256163,0.00862815,0.0459282,-2.93673,-4.00566,0.266726
0.00226794,0.00822722,0.0459525,-2.937,-4.01291,0.220276
0.00197424,0.00782558,0.0459722,-2.93699,-4.01981,0.173623
0.00168055,0.00742327,0.0459873,-2.9367,-4.02634,0.12677
0.00138691,0.00702033,0.0459976,-2.93614,-4.0325,0.0797227
0.00109333,0.00661678,0.0460032,-2.93528,-4.03829,0.0324864
0.000799859,0.00621268,0.0460041,-2.93414,-4.0437,-0.0149339
0.000506514,0.00580806,0.0460002,-2.93272,-4.04874,-0.0625328
0.000213326,0.00540295,0.0459916,-2.931,-4.05339,-0.110305
-7.96758e-05,0.00499739,0.0459781,-2.92898,-4.05766,-0.158245
-0.000372461,0.00459143,0.0459599,-2.92668,-4.06153,-0.206347
-0.000665001,0.0041851,0.0459369,-2.92407,-4.06501,-0.254605
-0.000957265,0.00377844,0.045909,-2.92116,-4.0681,-0.303014
-0.00124922,0.00337149,0.0458763,-2.91796,-4.07078,-0.351567
-0.00154085,0.0029643,0.0458387,-2.91445,-4.07306,-0.40026
-0.0018321,0.00255689,0.0457962,-2.91063,-4.07493,-0.449085
-0.00212296,0.00214933,0.0457488,-2.90651,-4.07639,-0.498036
-0.00241339,0.00174163,0.0456966,-2.90207,-4.07743,-0.547108
-0.00270337,0.00133385,0.0456394,-2.89733,-4.07806,-0.596293
-0.00299285,0.000926032,0.0455773,-2.89227,-4.07827,-0.645586
-0.00328181,0.000518213,0.0455103,-2.8869,-4.07806,-0.69498
-0.00357022,0.000110435,0.0454383,-2.88122,-4.07741,-0.744468
-0.00385804,-0.000297256,0.0453614,-2.87521,-4.07635,-0.794044
-0.00414525,-0.000704819,0.0452795,-2.86889,-4.07484,-0.8437
-0.00443181,-0.00111221,0.0451927,-2.86224,-4.07291,-0.893431
-0.00471769,-0.00151939,0.0451008,-2.85528,-4.07053,-0.943229
-0.00500286,-0.0019263,0.045004,-2.84799,-4.06772,-0.993086
-0.00528728,-0.00233292,0.0449022,-2.84038,-4.06446,-1.043
-0.00557092,-0.00273918,0.0447954,-2.83244,-4.06076,-1.09295
-0.00585375,-0.00314505,0.0446836,-2.82418,-4.05662,-1.14295
-0.00613574,-0.00355049,0.0445668,-2.81559,-4.05202,-1.19297
-0.00641686,-0.00395544,0.044445,-2.80667,-4.04697,-1.24302
-0.00669707,-0.00435987,0.0443182,-2.79742,-4.04147,-1.29309
-0.00697633,-0.00476372,0.0441864,-2.78784,-4.03551,-1.34317
-0.00725462,-0.00516696,0.0440496,-2.77793,-4.0291,-1.39324
-0.00753191,-0.00556953,0.0439078,-2.76769,-4.02223,-1.44331
-0.00780815,-0.00597139,0.0437609,-2.75711,-4.01489,-1.49337
-0.00808332,-0.00637249,0.0436091,-2.74621,-4.0071,-1.5434
-0.00835738,-0.00677279,0.0434522,-2.73497,-3.99884,-1.5934
-0.0086303,-0.00717224,0.0432904,-2.72339,-3.99011,-1.64337
-0.00890205,-0.0075708,0.0431236,-2.71149,-3.98092,-1.69329
-0.00917259,-0.00796841,0.0429517,-2.69925,-3.97126,-1.74316
-0.00944188,-0.00836503,0.0427749,-2.68667,-3.96113,-1.79296
-0.00970991,-0.00876062,0.0425932,-2.67376,-3.95053,-1.8427
-0.00997663,-0.00915512,0.0424064,-2.66052,-3.93946,-1.89236
-0.010242,-0.0095485,0.0422147,-2.64694,-3.92792,-1.94193
-0.010506,-0.00994069,0.042018,-2.63303,-3.9159,-1.9914
-0.0107686,-0.0103317,0.0418164,-2.61879,-3.90342,-2.04078
-0.0110298,-0.0107214,0.0416099,-2.60421,-3.89046,-2.09004
-0.0112894,-0.0111097,0.0413984,-2.5893,-3.87702,-2.13918
-0.0115476,-0.0114967,0.041182,-2.57406,-3.86312,-2.1882
-0.0118042,-0.0118823,0.0409608,-2.55849,-3.84874,-2.23708
-0.0120593,-0.0122665,0.0407346,-2.54258,-3.83388,-2.28582
-0.0123127,-0.0126491,0.0405036,-2.52635,-3.81855,-2.3344
-0.0125645,-0.0130302,0.0402677,-2.50978,-3.80275,-2.38282
-0.0128147,-0.0134096,0.0400271,-2.49289,-3.78647,-2.43107
-0.0130631,-0.0137875,0.0397815,-2.47567,-3.76972,-2.47914
-0.0133098,-0.0141636,0.0395312,-2.45813,-3.7525,-2.52703
-0.0135547,-0.0145379,0.0392761,-2.44026,-3.73481,-2.57472
-0.0137978,-0.0149105,0.0390163,-2.42207,-3.71665,-2.62221
-0.0140391,-0.0152813,0.0387517,-2.40355,-3.69802,-2.66948
-0.0142785,-0.0156501,0.0384824,-2.38472,-3.67892,-2.71654
-0.0145161,-0.016017,0.0382084,-2.36556,-3.65935,-2.76336
-0.0147516,-0.016382,0.0379297,-2.34609,-3.63932,-2.80995
-0.0149853,-0.0167449,0.0376464,-2.3263,-3.61882,-2.85629
-0.0152169,-0.0171057,0.0373585,-2.3062,-3.59786,-2.90237
-0.0154465,-0.0174644,0.037066,-2.28579,-3.57643,-2.94819
-0.015674,-0.017821,0.0367689,-2.26507,-3.55455,-2.99374
-0.0158995,-0.0181753,0.0364672,-2.24404,-3.53221,-3.03902
-0.0161228,-0.0185274,0.0361611,-2.2227,-3.50942,-3.084
-0.016344,-0.0188772,0.0358504,-2.20106,-3.48617,-3.12868
-0.016563,-0.0192246,0.0355353,-2.17913,-3.46248,-3.17306
-0.0167798,-0.0195697,0.0352158,-2.15689,-3.43833,-3.21713
-0.0169944,-0.0199123,0.0348919,-2.13436,-3.41374,-3.26087
-0.0172067,-0.0202524,0.0345637,-2.11153,-3.3887,-3.30429
-0.0174167,-0.02059,0.0342311,-2.08842,-3.36323,-3.34737
-0.0176244,-0.020925,0.0338942,-2.06502,-3.33732,-3.3901
-0.0178297,-0.0212574,0.0335531,-2.04133,-3.31098,-3.43248
-0.0180326,-0.0215872,0.0332077,-2.01736,-3.2842,-3.47449
-0.0182332,-0.0219143,0.0328582,-1.99312,-3.257,-3.51614
-0.0184313,-0.0222386,0.0325045,-1.9686,-3.22937,-3.55741
-0.0186269,-0.0225601,0.0321467,-1.9438,-3.20132,-3.59829
-0.01882,-0.0228788,0.0317849,-1.91874,-3.17286,-3.63878
-0.0190106,-0.0231947,0.031419,-1.89342,-3.14399,-3.67887
-0.0191987,-0.0235076,0.0310491,-1.86783,-3.1147,-3.71855
-0.0193842,-0.0238176,0.0306753,-1.84199,-3.08501,-3.75781
-0.0195671,-0.0241246,0.0302976,-1.81589,-3.05492,-3.79666
-0.0197473,-0.0244286,0.029916,-1.78954,-3.02444,-3.83507
-0.019925,-0.0247295,0.0295306,-1.76294,-2.99356,-3.87304
-0.0200999,-0.0250273,0.0291414,-1.7361,-2.9623,-3.91057
-0.0202722,-0.0253219,0.0287485,-1.70903,-2.93065,-3.94765
-0.0204417,-0.0256134,0.0283519,-1.68171,-2.89863,-3.98426
-0.0206085,-0.0259017,0.0279516,-1.65417,-2.86624,-4.02042
-0.0207725,-0.0261866,0.0275478,-1.6264,-2.83347,-4.0561
-0.0209338,-0.0264683,0.0271404,-1.59841,-2.80035,-4.0913
-0.0210922,-0.0267467,0.0267295,-1.5702,-2.76686,-4.12601
-0.0212478,-0.0270217,0.0263152,-1.54178,-2.73303,-4.16024
-0.0214006,-0.0272933,0.0258975,-1.51315,-2.69885,-4.19397
-0.0215504,-0.0275615,0.0254764,-1.48432,-2.66433,-4.22719
-0.0216974,-0.0278262,0.0250521,-1.45528,-2.62947,-4.2599
-0.0218415,-0.0280873,0.0246245,-1.42605,-2.59428,-4.2921
-0.0219826,-0.028345,0.0241937,-1.39663,-2.55877,-4.32377
-0.0221208,-0.0285991,0.0237597,-1.36703,-2.52294,-4.35492
-0.022256,-0.0288496,0.0233227,-1.33724,-2.4868,-4.38553
-0.0223883,-0.0290964,0.0228827,-1.30728,-2.45036,-4.41561
-0.0225175,-0.0293396,0.0224396,-1.27715,-2.41361,-4.44515
-0.0226437,-0.0295791,0.0219936,-1.24685,-2.37658,-4.47413
-0.0227668,-0.0298149,0.0215448,-1.21639,-2.33925,-4.50256
-0.022887,-0.030047,0.0210932,-1.18577,-2.30165,-4.53044
-0.023004,-0.0302753,0.0206387,-1.15501,-2.26377,-4.55775
-0.023118,-0.0304997,0.0201816,-1.1241,-2.22562,-4.58449
-0.0232288,-0.0307204,0.0197219,-1.09305,-2.18721,-4.61066
-0.0233366,-0.0309372,0.0192595,-1.06186,-2.14855,-4.63626
-0.0234412,-0.0311501,0.0187946,-1.03054,-2.10965,-4.66128
-0.0235427,-0.0313591,0.0183273,-0.999102,-2.0705,-4.68571
-0.023641,-0.0315642,0.0178575,-0.967543,-2.03112,-4.70956
-0.0237362,-0.0317653,0.0173854,-0.935869,-1.99151,-4.73282
-0.0238282,-0.0319625,0.016911,-0.904088,-1.95169,-4.75548
-0.023917,-0.0321556,0.0164343,-0.872203,-1.91165,-4.77754
-0.0240026,-0.0323448,0.0159555,-0.840222,-1.87141,-4.79901
-0.024085,-0.0325299,0.0154745,-0.808148,-1.83097,-4.81987
-0.0241642,-0.032711,0.0149915,-0.775988,-1.79034,-4.84013
-0.0242402,-0.032888,0.0145065,-0.743747,-1.74953,-4.85977
-0.024313,-0.0330609,0.0140196,-0.711431,-1.70854,-4.87881
-0.0243825,-0.0332297,0.0135308,-0.679044,-1.66739,-4.89723
-0.0244488,-0.0333944,0.0130402,-0.646594,-1.62607,-4.91504
-0.0245118,-0.0335549,0.0125478,-0.614085,-1.5846,-4.93223
-0.0245716,-0.0337113,0.0120537,-0.581523,-1.54298,-4.94881
-0.0246281,-0.0338635,0.0115581,-0.548913,-1.50123,-4.96476
-0.0246814,-0.0340115,0.0110608,-0.516261,-1.45934,-4.98009
-0.0247314,-0.0341553,0.0105621,-0.483573,-1.41733,-4.9948
-0.0247781,-0.034295,0.0100619,-0.450853,-1.37521,-5.00888
-0.0248215,-0.0344304,0.0095603,-0.418109,-1.33298,-5.02234
-0.0248617,-0.0345616,0.00905742,-0.385345,-1.29064,-5.03518
-0.0248986,-0.0346885,0.00855328,-0.352566,-1.24822,-5.04739
-0.0249322,-0.0348112,0.00804796,-0.319779,-1.20571,-5.05898
-0.0249626,-0.0349296,0.00754151,-0.286989,-1.16312,-5.06993
-0.0249896,-0.0350438,0.00703399,-0.254201,-1.12046,-5.08027
-0.0250134,-0.0351537,0.00652548,-0.22142,-1.07774,-5.08997
-0.0250339,-0.0352594,0.00601602,-0.188653,-1.03496,-5.09906
-0.0250511,-0.0353607,0.00550569,-0.155905,-0.992133,-5.10751
-0.0250651,-0.0354578,0.00499454,-0.12318,-0.949268,-5.11535
-0.0250758,-0.0355506,0.00448264,-0.0904856,-0.906371,-5.12256
-0.0250832,-0.0356391,0.00397005,-0.0578256,-0.863448,-5.12914
-0.0250873,-0.0357233,0.00345683,-0.0252056,-0.820509,-5.13511
-0.0250882,-0.0358032,0.00294305,0.0073689,-0.777559,-5.14046
-0.0250859,-0.0358788,0.00242876,0.0398928,-0.734606,-5.14519
-0.0250803,-0.0359501,0.00191403,0.0723608,-0.691659,-5.1493
-0.0250714,-0.0360171,0.00139892,0.104768,-0.648723,-5.1528
-0.0250593,-0.0360798,0.00088349,0.137109,-0.605807,-5.15569
-0.025044,-0.0361383,0.000367802,0.169378,-0.562917,-5.15796
-0.0250254,-0.0361924,-0.000148082,0.201572,-0.520062,-5.15963
-0.0250037,-0.0362423,-0.000664104,0.233684,-0.477247,-5.16069
-0.0249787,-0.0362879,-0.0011802,0.26571,-0.434481,-5.16116
-0.0249505,-0.0363292,-0.00169631,0.297644,-0.39177,-5.16102
-0.0249192,-0.0363662,-0.00221238,0.329483,-0.349122,-5.16028
-0.0248846,-0.036399,-0.00272835,0.361221,-0.306542,-5.15895
-0.0248469,-0.0364275,-0.00324415,0.392854,-0.264039,-5.15703
-0.0248061,-0.0364518,-0.00375974,0.424376,-0.221619,-5.15452
-0.0247621,-0.0364719,-0.00427504,0.455784,-0.179289,-5.15143
-0.0247149,-0.0364877,-0.00479,0.487073,-0.137055,-5.14776
-0.0246647,-0.0364993,-0.00530457,0.518237,-0.0949247,-5.14351
-0.0246113,-0.0365067,-0.00581869,0.549274,-0.052904,-5.1387
-0.0245548,-0.0365099,-0.00633229,0.580178,-0.0109995,-5.13331
-0.0244952,-0.0365089,-0.00684533,0.610945,0.0307824,-5.12736
-0.0244326,-0.0365037,-0.00735775,0.641571,0.0724352,-5.12085
-0.0243669,-0.0364944,-0.00786948,0.672052,0.113953,-5.11378
-0.0242982,-0.0364809,-0.00838048,0.702383,0.155329,-5.10616
-0.0242265,-0.0364633,-0.0088907,0.732561,0.196557,-5.098
-0.0241517,-0.0364416,-0.00940006,0.762582,0.237632,-5.08929
-0.024074,-0.0364158,-0.00990854,0.792442,0.278548,-5.08005
-0.0239932,-0.0363859,-0.0104161,0.822136,0.319298,-5.07028
-0.0239095,-0.036352,-0.0109226,0.851662,0.359877,-5.05998
-0.0238229,-0.0363139,-0.011428,0.881016,0.400279,-5.04916
-0.0237333,-0.0362719,-0.0119324,0.910193,0.440499,-5.03782
-0.0236409,-0.0362259,-0.0124356,0.939191,0.480531,-5.02598
-0.0235455,-0.0361758,-0.0129376,0.968007,0.520371,-5.01363
-0.0234473,-0.0361218,-0.0134383,0.996636,0.560011,-5.00078
-0.0233462,-0.0360638,-0.0139377,1.02508,0.599448,-4.98743
-0.0232423,-0.0360019,-0.0144358,1.05332,0.638677,-4.9736
-0.0231355,-0.0359361,-0.0149324,1.08137,0.677691,-4.95928
-0.023026,-0.0358664,-0.0154276,1.10923,0.716488,-4.94449
-0.0229137,-0.0357928,-0.0159213,1.13688,0.755061,-4.92923
-0.0227986,-0.0357154,-0.0164134,1.16432,0.793406,-4.9135
-0.0226808,-0.0356341,-0.016904,1.19156,0.831518,-4.89732
-0.0225603,-0.0355491,-0.0173929,1.21859,0.869393,-4.88068
-0.0224371,-0.0354602,-0.0178801,1.24541,0.907028,-4.8636
-0.0223112,-0.0353677,-0.0183656,1.27201,0.944416,-4.84608
-0.0221827,-0.0352714,-0.0188493,1.29839,0.981555,-4.82812
-0.0220516,-0.0351714,-0.0193312,1.32455,1.01844,-4.80974
-0.0219178,-0.0350677,-0.0198112,1.35049,1.05507,-4.79094
-0.0217815,-0.0349604,-0.0202894,1.37621,1.09143,-4.77172
-0.0216426,-0.0348494,-0.0207656,1.4017,1.12753,-4.7521
-0.0215011,-0.0347349,-0.0212398,1.42696,1.16336,-4.73207
-0.0213572,-0.0346168,-0.021712,1.45199,1.19892,-4.71165
-0.0212108,-0.0344951,-0.0221821,1.47679,1.23421,-4.69085
-0.0210618,-0.0343699,-0.0226501,1.50135,1.26921,-4.66966
-0.0209105,-0.0342413,-0.023116,1.52567,1.30393,-4.6481
-0.0207567,-0.0341091,-0.0235797,1.54976,1.33837,-4.62617
-0.0206006,-0.0339736,-0.0240412,1.57361,1.37252,-4.60388
-0.020442,-0.0338346,-0.0245005,1.59722,1.40638,-4.58123
-0.0202811,-0.0336923,-0.0249575,1.62059,1.43994,-4.55824
-0.0201179,-0.0335467,-0.0254121,1.64371,1.47321,-4.53491
-0.0199524,-0.0333977,-0.0258644,1.66659,1.50618,-4.51124
-0.0197846,-0.0332454,-0.0263144,1.68922,1.53884,-4.48725
-0.0196145,-0.0330899,-0.0267619,1.71161,1.57121,-4.46294
-0.0194423,-0.0329312,-0.0272069,1.73375,1.60327,-4.43831
-0.0192678,-0.0327693,-0.0276495,1.75563,1.63501,-4.41338
-0.0190912,-0.0326042,-0.0280896,1.77727,1.66645,-4.38815
-0.0189124,-0.032436,-0.0285272,1.79866,1.69758,-4.36262
-0.0187314,-0.0322647,-0.0289621,1.8198,1.72839,-4.33681
-0.0185484,-0.0320903,-0.0293945,1.84068,1.75889,-4.31071
-0.0183633,-0.0319129,-0.0298243,1.86131,1.78907,-4.28435
-0.0181762,-0.0317325,-0.0302514,1.88169,1.81894,-4.25772
-0.017987,-0.0315492,-0.0306758,1.90182,1.84848,-4.23083
-0.0177958,-0.0313629,-0.0310975,1.92169,1.8777,-4.20369
-0.0176026,-0.0311736,-0.0315165,1.9413,1.9066,-4.1763
-0.0174075,-0.0309816,-0.0319328,1.96067,1.93517,-4.14867
-0.0172105,-0.0307866,-0.0323463,1.97978,1.96342,-4.12081
-0.0170116,-0.0305889,-0.0327569,1.99863,1.99135,-4.09272
-0.0168108,-0.0303884,-0.0331648,2.01723,2.01894,-4.06442
-0.0166082,-0.0301851,-0.0335698,2.03557,2.04622,-4.0359
-0.0164037,-0.0299791,-0.033972,2.05366,2.07316,-4.00717
-0.0161974,-0.0297705,-0.0343712,2.0715,2.09977,-3.97824
-0.0159894,-0.0295592,-0.0347676,2.08908,2.12606,-3.94912
-0.0157796,-0.0293453,-0.0351611,2.1064,2.15202,-3.91982
-0.0155681,-0.0291288,-0.0355516,2.12348,2.17764,-3.89033
-0.0153549,-0.0289098,-0.0359391,2.1403,2.20294,-3.86067
-0.0151401,-0.0286882,-0.0363237,2.15686,2.22791,-3.83083
-0.0149236,-0.0284642,-0.0367053,2.17318,2.25255,-3.80084
-0.0147055,-0.0282377,-0.0370839,2.18924,2.27685,-3.77069
-0.0144857,-0.0280088,-0.0374594,2.20505,2.30083,-3.74039
-0.0142645,-0.0277776,-0.0378319,2.22061,2.32448,-3.70995
-0.0140416,-0.0275439,-0.0382014,2.23592,2.3478,-3.67936
-0.0138173,-0.027308,-0.0385678,2.25099,2.37079,-3.64865
-0.0135914,-0.0270698,-0.0389311,2.2658,2.39345,-3.61781
-0.0133641,-0.0268293,-0.0392914,2.28037,2.41578,-3.58685
-0.0131354,-0.0265867,-0.0396485,2.29469,2.43779,-3.55577
-0.0129052,-0.0263418,-0.0400025,2.30876,2.45947,-3.52459
-0.0126736,-0.0260948,-0.0403534,2.32259,2.48082,-3.4933
-0.0124407,-0.0258456,-0.0407012,2.33618,2.50184,-3.46191
-0.0122064,-0.0255944,-0.0410458,2.34952,2.52254,-3.43043
-0.0119708,-0.0253411,-0.0413872,2.36263,2.54292,-3.39887
-0.0117339,-0.0250858,-0.0417255,2.37549,2.56298,-3.36722
-0.0114957,-0.0248286,-0.0420607,2.38811,2.58271,-3.3355
-0.0112563,-0.0245693,-0.0423926,2.4005,2.60212,-3.30371
-0.0110156,-0.0243081,-0.0427214,2.41264,2.62121,-3.27185
-0.0107737,-0.0240451,-0.043047,2.42456,2.63998,-3.23993
-0.0105307,-0.0237802,-0.0433694,2.43624,2.65844,-3.20795
-0.0102865,-0.0235134,-0.0436886,2.44768,2.67657,-3.17593
-0.0100412,-0.0232448,-0.0440046,2.4589,2.6944,-3.14386
-0.00979474,-0.0229745,-0.0443174,2.46988,2.71191,-3.11175
-0.00954721,-0.0227025,-0.0446269,2.48064,2.72911,-3.0796
-0.00929862,-0.0224287,-0.0449333,2.49117,2.74599,-3.04742
-0.00904898,-0.0221533,-0.0452364,2.50148,2.76257,-3.01522
-0.00879833,-0.0218762,-0.0455363,2.51156,2.77884,-2.98299
-0.00854668,-0.0215975,-0.045833,2.52142,2.7948,-2.95075
-0.00829405,-0.0213173,-0.0461265,2.53105,2.81046,-2.91849
-0.00804047,-0.0210354,-0.0464167,2.54047,2.82582,-2.88622
-0.00778597,-0.0207521,-0.0467037,2.54967,2.84088,-2.85396
-0.00753055,-0.0204673,-0.0469875,2.55866,2.85563,-2.82169
-0.00727424,-0.020181,-0.0472681,2.56743,2.87009,-2.78942
-0.00701707,-0.0198933,-0.0475454,2.57599,2.88426,-2.75717
-0.00675905,-0.0196042,-0.0478195,2.58433,2.89812,-2.72492
-0.00650021,-0.0193137,-0.0480904,2.59247,2.9117,-2.6927
-0.00624056,-0.0190218,-0.048358,2.6004,2.92499,-2.66049
-0.00598014,-0.0187287,-0.0486225,2.60813,2.93799,-2.62831
-0.00571895,-0.0184342,-0.0488837,2.61565,2.9507,-2.59615
-0.00545701,-0.0181385,-0.0491417,2.62296,2.96313,-2.56403
-0.00519436,-0.0178416,-0.0493965,2.63008,2.97528,-2.53194
-0.004931,-0.0175435,-0.0496481,2.637,2.98714,-2.49989
-0.00466697,-0.0172442,-0.0498965,2.64372,2.99873,-2.46789
-0.00440227,-0.0169438,-0.0501417,2.65025,3.01005,-2.43593
-0.00413692,-0.0166422,-0.0503837,2.65659,3.02109,-2.40401
-0.00387095,-0.0163395,-0.0506225,2.66273,3.03185,-2.37215
-0.00360438,-0.0160358,-0.0508581,2.66868,3.04235,-2.34035
-0.00333722,-0.0157311,-0.0510906,2.67445,3.05258,-2.30861
-0.0030695,-0.0154253,-0.0513198,2.68003,3.06255,-2.27692
-0.00280123,-0.0151186,-0.0515459,2.68542,3.07225,-2.2453
-0.00253242,-0.0148109,-0.0517689,2.69064,3.08169,-2.21375
-0.0022631,-0.0145023,-0.0519887,2.69567,3.09088,-2.18227
-0.00199329,-0.0141927,-0.0522053,2.70053,3.0998,-2.15087
-0.001723,-0.0138823,-0.0524189,2.70521,3.10848,-2.11954
-0.00145226,-0.013571,-0.0526293,2.70971,3.1169,-2.08829
-0.00118107,-0.0132589,-0.0528365,2.71404,3.12507,-2.05712
-0.000909455,-0.012946,-0.0530407,2.7182,3.133,-2.02603
-0.000637434,-0.0126323,-0.0532417,2.72219,3.14068,-1.99503
-0.000365022,-0.0123179,-0.0534397,2.72602,3.14812,-1.96412
-9.22355e-05,-0.0120027,-0.0536346,2.72968,3.15532,-1.93331
0.000180909,-0.0116868,-0.0538264,2.73317,3.16228,-1.90258
0.000454394,-0.0113703,-0.0540151,2.73651,3.169,-1.87195
0.000728205,-0.011053,-0.0542008,2.73969,3.17549,-1.84142
0.00100233,-0.0107352,-0.0543834,2.7427,3.18175,-1.811
0.00127674,-0.0104167,-0.054563,2.74557,3.18779,-1.78067
0.00155143,-0.0100976,-0.0547395,2.74827,3.19359,-1.75045
0.00182639,-0.009778,-0.054913,2.75083,3.19917,-1.72033
0.00210159,-0.00945781,-0.0550836,2.75324,3.20453,-1.69033
0.00237703,-0.0091371,-0.0552511,2.75549,3.20968,-1.66043
0.00265269,-0.00881588,-0.0554157,2.7576,3.2146,-1.63065
0.00292855,-0.00849418,-0.0555773,2.75957,3.21931,-1.60098
0.0032046,-0.00817202,-0.0557359,2.76139,3.22381,-1.57142
0.00348082,-0.00784943,-0.0558915,2.76308,3.2281,-1.54199
0.00375721,-0.00752641,-0.0560443,2.76462,3.23218,-1.51267
0.00403374,-0.007203,-0.0561941,2.76603,3.23605,-1.48347
0.00431041,-0.00687921,-0.056341,2.7673,3.23972,-1.4544
0.0045872,-0.00655506,-0.056485,2.76843,3.2432,-1.42545
0.00486409,-0.00623058,-0.0566261,2.76944,3.24647,-1.39662
0.00514108,-0.00590577,-0.0567643,2.77031,3.24955,-1.36792
0.00541815,-0.00558067,-0.0568997,2.77106,3.25243,-1.33935
0.00569529,-0.00525529,-0.0570322,2.77168,3.25512,-1.31091
0.00597248,-0.00492966,-0.0571618,2.77217,3.25763,-1.2826
0.00624972,-0.00460378,-0.0572887,2.77255,3.25994,-1.25442
0.00652699,-0.00427767,-0.0574127,2.7728,3.26207,-1.22637
0.00680427,-0.00395137,-0.057534,2.77293,3.26402,-1.19845
0.00708157,-0.00362487,-0.0576524,2.77294,3.26579,-1.17067
0.00735886,-0.00329821,-0.0577681,2.77284,3.26738,-1.14303
0.00763613,-0.0029714,-0.057881,2.77262,3.2688,-1.11552
0.00791338,-0.00264446,-0.0579912,2.77229,3.27004,-1.08815
0.00819059,-0.0023174,-0.0580987,2.77184,3.27111,-1.06091
0.00846774,-0.00199024,-0.0582034,2.77129,3.27201,-1.03382
0.00874484,-0.00166301,-0.0583054,2.77063,3.27275,-1.00687
0.00902187,-0.0013357,-0.0584048,2.76986,3.27331,-0.980055
0.00929881,-0.00100835,-0.0585015,2.76899,3.27372,-0.953384
0.00957566,-0.000680962,-0.0585955,2.76802,3.27397,-0.926855
0.00985241,-0.000353559,-0.0586868,2.76694,3.27406,-0.90047
0.010129,-2.6156e-05,-0.0587756,2.76577,3.27399,-0.874228
0.0104056,0.000301233,-0.0588617,2.76449,3.27377,-0.848129
0.0106819,0.000628592,-0.0589452,2.76312,3.27339,-0.822176
0.0109582,0.000955906,-0.0590261,2.76165,3.27287,-0.796368
0.0112343,0.00128316,-0.0591045,2.76009,3.2722,-0.770705
0.0115102,0.00161034,-0.0591803,2.75844,3.27138,-0.745188
0.011786,0.00193743,-0.0592535,2.7567,3.27041,-0.719818
0.0120615,0.00226442,-0.0593242,2.75487,3.26931,-0.694595
0.0123369,0.00259129,-0.0593924,2.75295,3.26807,-0.669519
0.0126121,0.00291803,-0.0594581,2.75094,3.26669,-0.644591
0.0128871,0.00324462,-0.0595214,2.74885,3.26517,-0.61981
0.0131619,0.00357106,-0.0595821,2.74667,3.26352,-0.595178
0.0134364,0.00389732,-0.0596404,2.74442,3.26173,-0.570694
0.0137108,0.0042234,-0.0596963,2.74208,3.25982,-0.546359
0.0139849,0.00454928,-0.0597497,2.73966,3.25778,-0.522172
0.0142587,0.00487495,-0.0598007,2.73717,3.25561,-0.498134
0.0145323,0.0052004,-0.0598493,2.7346,3.25332,-0.474246
0.0148056,0.00552561,-0.0598955,2.73195,3.2509,-0.450506
0.0150787,0.00585057,-0.0599394,2.72923,3.24837,-0.426916
0.0153515,0.00617528,-0.0599809,2.72644,3.24571,-0.403476
0.015624,0.00649971,-0.0600201,2.72358,3.24294,-0.380184
0.0158962,0.00682386,-0.060057,2.72064,3.24005,-0.357042
0.0161681,0.00714772,-0.0600915,2.71764,3.23705,-0.33405
0.0164397,0.00747127,-0.0601238,2.71457,3.23394,-0.311206
0.016711,0.0077945,-0.0601538,2.71144,3.23072,-0.288512
0.016982,0.00811741,-0.0601815,2.70824,3.22739,-0.265967
0.0172526,0.00843998,-0.060207,2.70498,3.22395,-0.243572
0.017523,0.0087622,-0.0602302,2.70165,3.22041,-0.221325
0.017793,0.00908405,-0.0602512,2.69826,3.21676,-0.199227
0.0180626,0.00940554,-0.0602701,2.69482,3.21302,-0.177278
0.0183319,0.00972665,-0.0602867,2.69131,3.20917,-0.155478
0.0186009,0.0100474,-0.0603012,2.68775,3.20523,-0.133826
0.0188695,0.0103677,-0.0603135,2.68413,3.20118,-0.112322
0.0191377,0.0106876,-0.0603236,2.68046,3.19705,-0.0909654
0.0194056,0.0110071,-0.0603317,2.67673,3.19282,-0.069757
0.0196731,0.0113262,-0.0603376,2.67294,3.1885,-0.048696
0.0199402,0.0116448,-0.0603414,2.66911,3.18409,-0.0277821
0.0202069,0.011963,-0.0603432,2.66523,3.17959,-0.00701516
0.0204732,0.0122807,-0.0603428,2.66129,3.175,0.0136053
0.0207391,0.012598,-0.0603404,2.65731,3.17032,0.0340794
0.0210047,0.0129148,-0.060336,2.65328,3.16557,0.0544077
0.0212698,0.0132311,-0.0603296,2.6492,3.16073,0.0745904
0.0215345,0.0135469,-0.0603211,2.64508,3.1558,0.0946279
0.0217988,0.0138622,-0.0603106,2.64091,3.1508,0.114521
0.0220627,0.0141771,-0.0602982,2.63669,3.14572,0.134269
0.0223261,0.0144914,-0.0602838,2.63244,3.14057,0.153873
0.0225892,0.0148052,-0.0602674,2.62814,3.13533,0.173333
0.0228518,0.0151185,-0.0602491,2.62381,3.13003,0.192651
0.0231139,0.0154312,-0.0602289,2.61943,3.12465,0.211825
0.0233757,0.0157434,-0.0602068,2.61501,3.11919,0.230857
0.0236369,0.016055,-0.0601827,2.61056,3.11367,0.249748
0.0238978,0.0163661,-0.0601568,2.60607,3.10808,0.268497
0.0241581,0.0166766,-0.060129,2.60154,3.10242,0.287104
0.0244181,0.0169866,-0.0600994,2.59698,3.0967,0.305572
0.0246775,0.017296,-0.0600679,2.59238,3.09091,0.323899
0.0249365,0.0176048,-0.0600346,2.58775,3.08506,0.342087
0.0251951,0.017913,-0.0599995,2.58309,3.07914,0.360136
0.0254532,0.0182206,-0.0599626,2.57839,3.07316,0.378047
0.0257108,0.0185276,-0.0599239,2.57367,3.06712,0.395819
0.0259679,0.018834,-0.0598835,2.56891,3.06103,0.413455
0.0262245,0.0191398,-0.0598412,2.56412,3.05487,0.430953
0.0264807,0.019445,-0.0597973,2.55931,3.04866,0.448315
0.0267364,0.0197496,-0.0597516,2.55447,3.0424,0.465541
0.0269916,0.0200535,-0.0597042,2.5496,3.03608,0.482632
0.0272463,0.0203568,-0.059655,2.5447,3.0297,0.499589
0.0275005,0.0206594,-0.0596042,2.53978,3.02327,0.516411
0.0277543,0.0209614,-0.0595518,2.53483,3.0168,0.5331
0.0280075,0.0212628,-0.0594976,2.52986,3.01027,0.549656
0.0282603,0.0215635,-0.0594418,2.52487,3.00369,0.56608
0.0285125,0.0218635,-0.0593844,2.51985,2.99707,0.582372
0.0287642,0.0221629,-0.0593254,2.51481,2.9904,0.598533
0.0290154,0.0224616,-0.0592647,2.50975,2.98368,0.614564
0.0292662,0.0227596,-0.0592025,2.50467,2.97692,0.630464
0.0295164,0.023057,-0.0591386,2.49957,2.97012,0.646235
0.0297661,0.0233536,-0.0590732,2.49445,2.96327,0.661878
0.0300153,0.0236496,-0.0590063,2.48931,2.95638,0.677393
0.0302639,0.0239449,-0.0589377,2.48415,2.94945,0.69278
0.0305121,0.0242395,-0.0588677,2.47898,2.94248,0.70804
0.0307597,0.0245334,-0.0587961,2.47379,2.93547,0.723174
0.0310069,0.0248266,-0.0587231,2.46858,2.92842,0.738183
0.0312535,0.0251191,-0.0586485,2.46336,2.92134,0.753067
0.0314995,0.0254109,-0.0585725,2.45812,2.91422,0.767826
0.0317451,0.0257019,-0.058495,2.45287,2.90707,0.782462
0.0319901,0.0259923,-0.058416,2.4476,2.89988,0.796975
0.0322346,0.0262819,-0.0583356,2.44232,2.89265,0.811366
0.0324786,0.0265708,-0.0582537,2.43703,2.8854,0.825635
0.032722,0.026859,-0.0581704,2.43172,2.87811,0.839783
0.0329649,0.0271464,-0.0580858,2.42641,2.87079,0.853811
0.0332073,0.0274331,-0.0579997,2.42108,2.86344,0.867718
0.0334491,0.0277191,-0.0579122,2.41574,2.85606,0.881507
0.0336904,0.0280044,-0.0578234,2.41039,2.84865,0.895178
0.0339312,0.0282888,-0.0577332,2.40503,2.84122,0.90873
0.0341714,0.0285726,-0.0576416,2.39967,2.83375,0.922166
0.0344111,0.0288556,-0.0575488,2.39429,2.82626,0.935485
0.0346503,0.0291379,-0.0574545,2.38891,2.81875,0.948689
0.0348889,0.0294193,-0.057359,2.38352,2.81121,0.961777
0.035127,0.0297001,-0.0572622,2.37812,2.80365,0.974751
0.0353645,0.0299801,-0.0571641,2.37271,2.79606,0.987611
0.0356015,0.0302593,-0.0570647,2.3673,2.78845,1.00036
0.035838,0.0305378,-0.056964,2.36188,2.78082,1.01299
0.0360739,0.0308155,-0.0568621,2.35646,2.77317,1.02551
0.0363093,0.0310924,-0.0567589,2.35103,2.76549,1.03793
0.0365441,0.0313686,-0.0566545,2.3456,2.7578,1.05023
0.0367784,0.031644,-0.0565489,2.34016,2.75008,1.06242
0.0370122,0.0319186,-0.056442,2.33472,2.74235,1.0745
0.0372454,0.0321924,-0.056334,2.32928,2.7346,1.08647
0.037478,0.0324655,-0.0562247,2.32383,2.72684,1.09834
0.0377101,0.0327378,-0.0561143,2.31838,2.71905,1.1101
0.0379417,0.0330093,-0.0560027,2.31293,2.71125,1.12175
0.0381727,0.03328,-0.05589,2.30748,2.70344,1.1333
0.0384032,0.03355,-0.0557761,2.30202,2.69561,1.14474
0.0386331,0.0338192,-0.055661,2.29657,2.68776,1.15607
0.0388625,0.0340875,-0.0555448,2.29111,2.6799,1.1673
0.0390913,0.0343551,-0.0554276,2.28565,2.67203,1.17843
0.0393196,0.034622,-0.0553092,2.28019,2.66414,1.18946
0.0395474,0.034888,-0.0551897,2.27474,2.65625,1.20038
0.0397746,0.0351532,-0.0550691,2.26928,2.64834,1.21121
0.0400012,0.0354176,-0.0549474,2.26383,2.64042,1.22193
0.0402273,0.0356813,-0.0548247,2.25837,2.63249,1.23255
0.0404529,0.0359441,-0.0547009,2.25292,2.62455,1.24307
0.0406779,0.0362062,-0.0545761,2.24747,2.6166,1.2535
0.0409024,0.0364675,-0.0544502,2.24202,2.60864,1.26382
0.0411263,0.0367279,-0.0543233,2.23657,2.60067,1.27405
0.0413497,0.0369876,-0.0541954,2.23113,2.5927,1.28418
0.0415725,0.0372465,-0.0540665,2.22569,2.58471,1.29422
0.0417948,0.0375045,-0.0539366,2.22026,2.57672,1.30416
0.0420166,0.0377618,-0.0538057,2.21482,2.56872,1.314
0.0422378,0.0380183,-0.0536738,2.20939,2.56072,1.32375
0.0424585,0.0382739,-0.0535409,2.20397,2.55271,1.33341
0.0426786,0.0385288,-0.0534071,2.19855,2.5447,1.34297
0.0428982,0.0387829,-0.0532723,2.19313,2.53668,1.35244
0.0431172,0.0390362,-0.0531366,2.18772,2.52865,1.36182
0.0433357,0.0392886,-0.053,2.18231,2.52063,1.37111
0.0435537,0.0395403,-0.0528624,2.17691,2.51259,1.38031
0.0437711,0.0397911,-0.0527239,2.17152,2.50456,1.38942
0.043988,0.0400412,-0.0525845,2.16613,2.49652,1.39843
0.0442043,0.0402904,-0.0524442,2.16075,2.48848,1.40736
0.0444201,0.0405389,-0.0523031,2.15537,2.48044,1.4162
0.0446354,0.0407865,-0.052161,2.15,2.4724,1.42496
0.0448501,0.0410334,-0.0520181,2.14464,2.46435,1.43362
0.0450643,0.0412794,-0.0518743,2.13928,2.4563,1.4422
0.045278,0.0415246,-0.0517296,2.13393,2.44826,1.4507
0.0454911,0.0417691,-0.0515841,2.12859,2.44021,1.4591
0.0457037,0.0420127,-0.0514378,2.12325,2.43216,1.46743
0.0459158,0.0422555,-0.0512907,2.11793,2.42412,1.47567
0.0461273,0.0424975,-0.0511427,2.11261,2.41607,1.48382
0.0463383,0.0427387,-0.0509939,2.1073,2.40803,1.4919
0.0465488,0.0429791,-0.0508443,2.102,2.39998,1.49989
0.0467587,0.0432187,-0.0506939,2.0967,2.39194,1.5078
0.0469681,0.0434575,-0.0505427,2.09142,2.3839,1.51563
0.047177,0.0436955,-0.0503908,2.08614,2.37587,1.52337
0.0473853,0.0439327,-0.0502381,2.08087,2.36783,1.53104
0.0475932,0.044169,-0.0500846,2.07562,2.3598,1.53863
0.0478005,0.0444046,-0.0499303,2.07037,2.35177,1.54614
0.0480072,0.0446394,-0.0497754,2.06513,2.34375,1.55357
0.0482135,0.0448734,-0.0496196,2.0599,2.33573,1.56092
0.0484192,0.0451065,-0.0494632,2.05468,2.32771,1.5682
0.0486244,0.0453389,-0.049306,2.04947,2.3197,1.57539
0.0488291,0.0455705,-0.0491481,2.04427,2.31169,1.58252
0.0490333,0.0458013,-0.0489895,2.03908,2.30369,1.58956
0.0492369,0.0460312,-0.0488302,2.0339,2.29569,1.59653
0.0494401,0.0462604,-0.0486702,2.02873,2.2877,1.60343
0.0496427,0.0464888,-0.0485095,2.02357,2.27971,1.61025
0.0498448,0.0467163,-0.0483481,2.01842,2.27173,1.617
0.0500464,0.0469431,-0.0481861,2.01329,2.26376,1.62368
0.0502474,0.0471691,-0.0480234,2.00816,2.25579,1.63028
0.050448,0.0473943,-0.0478601,2.00305,2.24783,1.63682
0.050648,0.0476186,-0.0476961,1.99794,2.23987,1.64328
0.0508476,0.0478422,-0.0475314,1.99285,2.23192,1.64967
0.0510466,0.048065,-0.0473661,1.98777,2.22398,1.65598
0.0512451,0.048287,-0.0472002,1.9827,2.21605,1.66223
0.0514432,0.0485082,-0.0470337,1.97764,2.20813,1.66841
0.0516407,0.0487287,-0.0468665,1.9726,2.20021,1.67452
0.0518377,0.0489483,-0.0466988,1.96756,2.1923,1.68057
0.0520342,0.0491671,-0.0465304,1.96254,2.1844,1.68654
0.0522302,0.0493852,-0.0463615,1.95753,2.17651,1.69245
0.0524257,0.0496024,-0.0461919,1.95253,2.16863,1.69829
0.0526207,0.0498189,-0.0460218,1.94755,2.16075,1.70406
0.0528152,0.0500346,-0.0458511,1.94257,2.15289,1.70977
0.0530092,0.0502495,-0.0456799,1.93761,2.14503,1.71541
0.0532027,0.0504636,-0.045508,1.93266,2.13718,1.72099
0.0533957,0.0506769,-0.0453357,1.92773,2.12934,1.7265
0.0535883,0.0508894,-0.0451627,1.92281,2.12152,1.73195
0.0537803,0.0511012,-0.0449893,1.91789,2.1137,1.73734
0.0539718,0.0513122,-0.0448153,1.913,2.10589,1.74266
0.0541629,0.0515224,-0.0446408,1.90811,2.0981,1.74792
0.0543535,0.0517318,-0.0444657,1.90324,2.09031,1.75311
0.0545435,0.0519405,-0.0442901,1.89838,2.08253,1.75825
0.0547331,0.0521483,-0.0441141,1.89353,2.07477,1.76332
0.0549223,0.0523554,-0.0439375,1.8887,2.06701,1.76834
0.0551109,0.0525617,-0.0437604,1.88388,2.05927,1.77329
0.055299,0.0527673,-0.0435828,1.87907,2.05154,1.77818
0.0554867,0.052972,-0.0434048,1.87428,2.04381,1.78301
0.0556739,0.053176,-0.0432262,1.8695,2.0361,1.78779
0.0558606,0.0533792,-0.0430472,1.86473,2.02841,1.7925
0.0560468,0.0535817,-0.0428677,1.85998,2.02072,1.79716
0.0562326,0.0537834,-0.0426878,1.85524,2.01305,1.80176
0.0564179,0.0539843,-0.0425074,1.85052,2.00538,1.8063
0.0566027,0.0541845,-0.0423265,1.8458,1.99773,1.81079
0.056787,0.0543839,-0.0421452,1.8411,1.99009,1.81522
0.0569709,0.0545825,-0.0419635,1.83642,1.98247,1.81959
0.0571543,0.0547804,-0.0417813,1.83175,1.97485,1.82391
0.0573373,0.0549775,-0.0415987,1.82709,1.96725,1.82817
0.0575197,0.0551738,-0.0414157,1.82245,1.95966,1.83238
0.0577018,0.0553694,-0.0412322,1.81782,1.95208,1.83653
0.0578833,0.0555642,-0.0410484,1.8132,1.94452,1.84063
0.0580644,0.0557583,-0.0408641,1.8086,1.93697,1.84467
0.058245,0.0559516,-0.0406794,1.80401,1.92943,1.84866
0.0584252,0.0561442,-0.0404944,1.79944,1.92191,1.8526
0.0586049,0.056336,-0.0403089,1.79487,1.9144,1.85649
0.0587842,0.0565271,-0.0401231,1.79033,1.9069,1.86032
0.058963,0.0567174,-0.0399368,1.7858,1.89941,1.86411
0.0591413,0.0569069,-0.0397502,1.78128,1.89194,1.86784
0.0593192,0.0570958,-0.0395633,1.77677,1.88448,1.87152
0.0594967,0.0572838,-0.0393759,1.77228,1.87704,1.87515
0.0596737,0.0574712,-0.0391882,1.76781,1.86961,1.87873
0.0598503,0.0576578,-0.0390002,1.76335,1.86219,1.88226
0.0600264,0.0578436,-0.0388118,1.7589,1.85479,1.88574
0.060202,0.0580287,-0.0386231,1.75447,1.8474,1.88917
0.0603773,0.0582131,-0.038434,1.75005,1.84002,1.89255
0.060552,0.0583967,-0.0382445,1.74564,1.83266,1.89589
0.0607264,0.0585796,-0.0380548,1.74125,1.82532,1.89918
0.0609003,0.0587618,-0.0378647,1.73688,1.81798,1.90242
0.0610738,0.0589432,-0.0376743,1.73251,1.81066,1.90561
0.0612468,0.0591239,-0.0374836,1.72817,1.80336,1.90875
0.0614194,0.0593039,-0.0372926,1.72383,1.79607,1.91185
0.0615916,0.0594831,-0.0371012,1.71951,1.78879,1.9149
0.0617633,0.0596617,-0.0369096,1.71521,1.78153,1.91791
0.0619346,0.0598394,-0.0367176,1.71092,1.77429,1.92087
0.0621055,0.0600165,-0.0365254,1.70664,1.76705,1.92379
0.0622759,0.0601929,-0.0363329,1.70238,1.75984,1.92666
0.062446,0.0603685,-0.0361401,1.69813,1.75263,1.92949
0.0626156,0.0605434,-0.035947,1.6939,1.74545,1.93227
0.0627847,0.0607176,-0.0357536,1.68968,1.73827,1.93501
0.0629535,0.060891,-0.03556,1.68548,1.73111,1.93771
0.0631218,0.0610638,-0.0353661,1.68129,1.72397,1.94036
0.0632898,0.0612358,-0.0351719,1.67711,1.71684,1.94297
0.0634573,0.0614072,-0.0349775,1.67295,1.70973,1.94554
0.0636244,0.0615778,-0.0347828,1.66881,1.70263,1.94806
0.063791,0.0617477,-0.0345879,1.66467,1.69555,1.95054
0.0639573,0.0619169,-0.0343927,1.66055,1.68848,1.95299
0.0641231,0.0620854,-0.0341973,1.65645,1.68142,1.95539
0.0642886,0.0622532,-0.0340016,1.65236,1.67439,1.95775
0.0644536,0.0624203,-0.0338057,1.64829,1.66736,1.96007
0.0646182,0.0625866,-0.0336096,1.64423,1.66035,1.96234
0.0647825,0.0627523,-0.0334133,1.64018,1.65336,1.96458
0.0649463,0.0629173,-0.0332167,1.63615,1.64638,1.96678
0.0651097,0.0630816,-0.0330199,1.63213,1.63942,1.96894
0.0652727,0.0632452,-0.0328229,1.62813,1.63247,1.97106
0.0654353,0.0634081,-0.0326257,1.62414,1.62554,1.97315
0.0655975,0.0635703,-0.0324283,1.62016,1.61863,1.97519
0.0657593,0.0637318,-0.0322307,1.6162,1.61172,1.97719
0.0659208,0.0638927,-0.0320328,1.61225,1.60484,1.97916
0.0660818,0.0640528,-0.0318348,1.60832,1.59797,1.98109
0.0662424,0.0642123,-0.0316366,1.6044,1.59111,1.98298
0.0664027,0.064371,-0.0314382,1.6005,1.58427,1.98484
0.0665625,0.0645291,-0.0312397,1.59661,1.57745,1.98666
0.066722,0.0646865,-0.0310409,1.59273,1.57064,1.98844
0.0668811,0.0648432,-0.030842,1.58887,1.56385,1.99019
0.0670398,0.0649993,-0.0306429,1.58502,1.55707,1.99189
0.0671981,0.0651547,-0.0304436,1.58119,1.55031,1.99357
0.067356,0.0653093,-0.0302442,1.57737,1.54356,1.99521
0.0675136,0.0654634,-0.0300446,1.57357,1.53683,1.99681
0.0676707,0.0656167,-0.0298448,1.56978,1.53012,1.99838
0.0678275,0.0657694,-0.0296449,1.566,1.52342,1.99991
0.0679839,0.0659214,-0.0294448,1.56224,1.51673,2.00141
0.06814,0.0660727,-0.0292446,1.55849,1.51006,2.00288
0.0682956,0.0662234,-0.0290442,1.55475,1.50341,2.00431
0.0684509,0.0663734,-0.0288437,1.55103,1.49677,2.00571
0.0686058,0.0665228,-0.0286431,1.54733,1.49015,2.00707
0.0687604,0.0666715,-0.0284423,1.54363,1.48355,2.00841
0.0689146,0.0668195,-0.0282414,1.53995,1.47695,2.0097
0.0690684,0.0669668,-0.0280404,1.53629,1.47038,2.01097
0.0692218,0.0671136,-0.0278392,1.53264,1.46382,2.0122
0.0693749,0.0672596,-0.0276379,1.529,1.45728,2.01341
0.0695276,0.067405,-0.0274365,1.52538,1.45075,2.01458
0.06968,0.0675498,-0.027235,1.52177,1.44423,2.01571
0.069832,0.0676939,-0.0270334,1.51817,1.43774,2.01682
0.0699836,0.0678373,-0.0268317,1.51459,1.43126,2.0179
0.0701349,0.0679801,-0.0266298,1.51102,1.42479,2.01894
0.0702858,0.0681223,-0.0264279,1.50746,1.41834,2.01996
0.0704364,0.0682638,-0.0262258,1.50392,1.4119,2.02094
0.0705866,0.0684046,-0.0260237,1.50039,1.40548,2.02189
0.0707365,0.0685449,-0.0258215,1.49688,1.39908,2.02282
0.070886,0.0686845,-0.0256191,1.49338,1.39269,2.02371
0.0710351,0.0688234,-0.0254167,1.48989,1.38632,2.02458
0.071184,0.0689617,-0.0252142,1.48642,1.37996,2.02541
0.0713324,0.0690994,-0.0250116,1.48296,1.37362,2.02622
0.0714805,0.0692364,-0.024809,1.47951,1.36729,2.02699
0.0716283,0.0693729,-0.0246062,1.47608,1.36098,2.02774
0.0716283,0.0693729,-0.0246062,1.47608,1.36098,2.02774
0.0717756,0.0695086,-0.0244034,1.47004,1.35469,2.02952
0.0719223,0.0696438,-0.0242003,1.46401,1.34841,2.03127
0.0720684,0.0697783,-0.0239971,1.45799,1.34215,2.033
0.0722139,0.0699122,-0.0237937,1.45199,1.3359,2.03469
0.0723588,0.0700455,-0.0235902,1.446,1.32967,2.03636
0.0725031,0.0701782,-0.0233865,1.44003,1.32346,2.038
0.0726468,0.0703102,-0.0231826,1.43406,1.31726,2.03962
0.0727899,0.0704416,-0.0229785,1.42812,1.31108,2.04121
0.0729325,0.0705724,-0.0227743,1.42218,1.30491,2.04277
0.0730744,0.0707026,-0.02257,1.41626,1.29876,2.0443
0.0732157,0.0708322,-0.0223655,1.41035,1.29262,2.04581
0.0733564,0.0709611,-0.0221608,1.40445,1.2865,2.04729
0.0734966,0.0710895,-0.021956,1.39856,1.28039,2.04874
0.0736362,0.0712172,-0.0217511,1.39269,1.2743,2.05017
0.0737751,0.0713443,-0.021546,1.38683,1.26823,2.05158
0.0739135,0.0714709,-0.0213408,1.38099,1.26217,2.05296
0.0740513,0.0715968,-0.0211354,1.37515,1.25612,2.05431
0.0741886,0.0717221,-0.0209299,1.36933,1.25009,2.05564
0.0743252,0.0718468,-0.0207243,1.36353,1.24408,2.05694
0.0744613,0.0719709,-0.0205185,1.35773,1.23808,2.05822
0.0745967,0.0720944,-0.0203126,1.35195,1.23209,2.05948
0.0747317,0.0722173,-0.0201066,1.34618,1.22613,2.06071
0.074866,0.0723396,-0.0199005,1.34042,1.22017,2.06191
0.0749997,0.0724613,-0.0196942,1.33467,1.21423,2.06309
0.0751329,0.0725825,-0.0194879,1.32894,1.20831,2.06425
0.0752655,0.072703,-0.0192814,1.32322,1.2024,2.06539
0.0753976,0.072823,-0.0190748,1.31751,1.1965,2.0665
0.075529,0.0729423,-0.0188681,1.31181,1.19062,2.06759
0.0756599,0.0730611,-0.0186613,1.30613,1.18475,2.06865
0.0757903,0.0731793,-0.0184544,1.30045,1.1789,2.06969
0.07592,0.0732969,-0.0182473,1.29479,1.17306,2.07071
0.0760492,0.0734139,-0.0180402,1.28915,1.16724,2.07171
0.0761778,0.0735303,-0.017833,1.28351,1.16143,2.07269
0.0763059,0.0736462,-0.0176257,1.27789,1.15564,2.07364
0.0764334,0.0737614,-0.0174183,1.27227,1.14986,2.07457
0.0765604,0.0738761,-0.0172108,1.26667,1.14409,2.07548
0.0766868,0.0739903,-0.0170032,1.26108,1.13834,2.07636
0.0768126,0.0741038,-0.0167955,1.25551,1.13261,2.07723
0.0769379,0.0742168,-0.0165877,1.24994,1.12688,2.07807
0.0770626,0.0743292,-0.0163799,1.24439,1.12117,2.07889
0.0771867,0.074441,-0.016172,1.23884,1.11548,2.07969
0.0773103,0.0745523,-0.0159639,1.23331,1.1098,2.08047
0.0774334,0.074663,-0.0157559,1.22779,1.10413,2.08123
0.0775559,0.0747731,-0.0155477,1.22229,1.09848,2.08197
0.0776779,0.0748827,-0.0153395,1.21679,1.09284,2.08269
0.0777993,0.0749917,-0.0151312,1.21131,1.08721,2.08339
0.0779201,0.0751001,-0.0149228,1.20583,1.0816,2.08406
0.0780404,0.075208,-0.0147144,1.20037,1.076,2.08472
0.0781602,0.0753153,-0.0145058,1.19492,1.07042,2.08536
0.0782794,0.0754221,-0.0142973,1.18948,1.06485,2.08597
0.0783981,0.0755283,-0.0140887,1.18405,1.05929,2.08657
0.0785162,0.0756339,-0.01388,1.17863,1.05375,2.08715
0.0786338,0.075739,-0.0136712,1.17323,1.04822,2.08771
0.0787509,0.0758436,-0.0134624,1.16783,1.0427,2.08825
0.0788674,0.0759476,-0.0132536,1.16245,1.03719,2.08877
0.0789834,0.076051,-0.0130447,1.15707,1.0317,2.08927
0.0790988,0.0761539,-0.0128357,1.15171,1.02623,2.08975
0.0792137,0.0762563,-0.0126267,1.14636,1.02076,2.09021
0.0793281,0.0763581,-0.0124177,1.14102,1.01531,2.09065
0.0794419,0.0764593,-0.0122086,1.13569,1.00987,2.09108
0.0795552,0.07656,-0.0119995,1.13037,1.00445,2.09149
0.079668,0.0766602,-0.0117903,1.12506,0.999036,2.09188
0.0797802,0.0767598,-0.0115811,1.11977,0.993637,2.09225
0.0798919,0.0768589,-0.0113719,1.11448,0.988251,2.0926
0.0800031,0.0769575,-0.0111626,1.1092,0.982877,2.09293
0.0801138,0.0770555,-0.0109533,1.10394,0.977517,2.09325
0.0802239,0.077153,-0.0107439,1.09868,0.972169,2.09355
0.0803335,0.07725,-0.0105346,1.09344,0.966834,2.09383
0.0804426,0.0773464,-0.0103252,1.0882,0.961512,2.0941
0.0805512,0.0774423,-0.0101157,1.08298,0.956202,2.09434
0.0806592,0.0775376,-0.00990629,1.07776,0.950905,2.09457
0.0807667,0.0776324,-0.00969682,1.07256,0.94562,2.09478
0.0808737,0.0777267,-0.00948734,1.06737,0.940348,2.09498
0.0809802,0.0778205,-0.00927783,1.06219,0.935089,2.09516
0.0810861,0.0779138,-0.0090683,1.05701,0.929841,2.09532
0.0811916,0.0780065,-0.00885877,1.05185,0.924606,2.09546
0.0812965,0.0780987,-0.00864921,1.0467,0.919384,2.09559
0.0814009,0.0781904,-0.00843965,1.04156,0.914174,2.0957
0.0815048,0.0782815,-0.00823007,1.03642,0.908975,2.0958
0.0816082,0.0783721,-0.00802049,1.0313,0.90379,2.09588
0.0817111,0.0784623,-0.0078109,1.02619,0.898616,2.09594
0.0818134,0.0785519,-0.0076013,1.02109,0.893454,2.09599
0.0819153,0.078641,-0.0073917,1.01599,0.888304,2.09602
0.0820166,0.0787295,-0.0071821,1.01091,0.883167,2.09604
0.0821175,0.0788176,-0.00697249,1.00584,0.878041,2.09603
0.0822178,0.0789051,-0.00676289,1.00077,0.872927,2.09602
0.0823176,0.0789922,-0.00655329,0.99572,0.867825,2.09599
0.082417,0.0790787,-0.00634369,0.990676,0.862735,2.09594
0.0825158,0.0791647,-0.0061341,0.985642,0.857657,2.09588
0.0826141,0.0792502,-0.00592452,0.980618,0.852591,2.0958
0.0827119,0.0793352,-0.00571494,0.975602,0.847536,2.09571
0.0828092,0.0794197,-0.00550538,0.970597,0.842492,2.0956
0.082906,0.0795037,-0.00529582,0.965601,0.837461,2.09548
0.0830023,0.0795872,-0.00508628,0.960614,0.832441,2.09534
0.0830981,0.0796702,-0.00487676,0.955637,0.827432,2.09519
0.0831935,0.0797527,-0.00466725,0.950669,0.822435,2.09502
0.0832883,0.0798347,-0.00445775,0.94571,0.81745,2.09484
0.0833826,0.0799162,-0.00424828,0.940761,0.812476,2.09464
0.0834764,0.0799972,-0.00403883,0.935821,0.807513,2.09443
0.0835698,0.0800777,-0.00382939,0.93089,0.802561,2.0942
0.0836626,0.0801577,-0.00361999,0.925969,0.797621,2.09397
0.083755,0.0802372,-0.0034106,0.921056,0.792692,2.09371
0.0838468,0.0803163,-0.00320124,0.916153,0.787774,2.09344
0.0839382,0.0803948,-0.00299191,0.911258,0.782868,2.09316
0.0840291,0.0804728,-0.00278261,0.906373,0.777972,2.09287
0.0841195,0.0805504,-0.00257334,0.901497,0.773088,2.09256
0.0842094,0.0806275,-0.0023641,0.89663,0.768215,2.09223
0.0842988,0.080704,-0.00215489,0.891771,0.763352,2.0919
0.0843877,0.0807801,-0.00194572,0.886922,0.758501,2.09155
0.0844762,0.0808557,-0.00173658,0.882081,0.75366,2.09118
0.0845641,0.0809309,-0.00152748,0.877249,0.748831,2.09081
0.0846516,0.0810055,-0.00131842,0.872426,0.744012,2.09042
0.0847386,0.0810797,-0.0011094,0.867612,0.739204,2.09001
0.0848251,0.0811533,-0.000900421,0.862806,0.734406,2.0896
0.0849112,0.0812265,-0.000691483,0.858009,0.72962,2.08917
0.0849967,0.0812993,-0.000482589,0.853221,0.724844,2.08872
0.0850818,0.0813715,-0.000273739,0.848441,0.720079,2.08827
0.0851664,0.0814433,-6.49358e-05,0.84367,0.715324,2.0878
0.0852506,0.0815146,0.00014382,0.838908,0.71058,2.08732
0.0853342,0.0815854,0.000352527,0.834153,0.705846,2.08682
0.0854174,0.0816558,0.000561184,0.829408,0.701123,2.08632
0.0855001,0.0817256,0.00076979,0.824671,0.696411,2.0858
0.0855823,0.081795,0.000978343,0.819942,0.691708,2.08526
0.0856641,0.081864,0.00118684,0.815221,0.687016,2.08472
0.0857454,0.0819324,0.00139529,0.810509,0.682335,2.08416
0.0858262,0.0820004,0.00160367,0.805805,0.677664,2.08359
0.0859065,0.082068,0.001812,0.80111,0.673003,2.08301
0.0859864,0.082135,0.00202028,0.796423,0.668352,2.08242
0.0860658,0.0822016,0.00222849,0.791743,0.663711,2.08181
0.0861448,0.0822678,0.00243664,0.787072,0.659081,2.0812
0.0862232,0.0823335,0.00264473,0.78241,0.65446,2.08057
0.0863012,0.0823987,0.00285275,0.777755,0.64985,2.07992
0.0863788,0.0824634,0.00306071,0.773108,0.64525,2.07927
0.0864559,0.0825277,0.0032686,0.76847,0.640659,2.07861
0.0865325,0.0825916,0.00347643,0.763839,0.636079,2.07793
0.0866086,0.0826549,0.00368419,0.759216,0.631509,2.07724
0.0866843,0.0827179,0.00389188,0.754601,0.626948,2.07654
0.0867596,0.0827803,0.0040995,0.749994,0.622397,2.07583
0.0868343,0.0828423,0.00430705,0.745395,0.617856,2.07511
0.0869086,0.0829039,0.00451452,0.740804,0.613325,2.07437
0.0869825,0.082965,0.00472192,0.736221,0.608804,2.07363
0.0870559,0.0830257,0.00492924,0.731645,0.604292,2.07287
0.0871288,0.0830859,0.00513649,0.727077,0.59979,2.0721
0.0872013,0.0831456,0.00534367,0.722517,0.595298,2.07133
0.0872733,0.0832049,0.00555076,0.717965,0.590815,2.07054
0.0873449,0.0832638,0.00575777,0.71342,0.586342,2.06974
0.087416,0.0833222,0.00596471,0.708883,0.581878,2.06892
0.0874867,0.0833802,0.00617156,0.704353,0.577424,2.0681
0.0875569,0.0834377,0.00637832,0.699831,0.572979,2.06727
0.0876266,0.0834948,0.00658501,0.695316,0.568544,2.06642
0.0876959,0.0835514,0.00679161,0.690809,0.564118,2.06557
0.0877648,0.0836076,0.00699812,0.686309,0.559701,2.0647
0.0878332,0.0836633,0.00720455,0.681817,0.555294,2.06383
0.0879012,0.0837186,0.00741089,0.677332,0.550896,2.06294
0.0879687,0.0837735,0.00761714,0.672855,0.546507,2.06204
0.0880357,0.0838279,0.0078233,0.668385,0.542128,2.06113
0.0881023,0.0838819,0.00802936,0.663922,0.537758,2.06022
0.0881685,0.0839355,0.00823534,0.659466,0.533396,2.05929
0.0882342,0.0839886,0.00844122,0.655018,0.529044,2.05835
0.0882995,0.0840413,0.00864701,0.650577,0.524701,2.0574
0.0883644,0.0840936,0.0088527,0.646143,0.520367,2.05644
0.0884287,0.0841454,0.0090583,0.641716,0.516043,2.05547
0.0884927,0.0841968,0.0092638,0.637297,0.511727,2.05449
0.0885562,0.0842477,0.0094692,0.632884,0.50742,2.05351
0.0886193,0.0842982,0.0096745,0.628479,0.503122,2.05251
0.0886819,0.0843483,0.0098797,0.62408,0.498833,2.0515
0.0887441,0.084398,0.0100848,0.619689,0.494552,2.05048
0.0888058,0.0844473,0.0102898,0.615304,0.490281,2.04945
0.0888672,0.0844961,0.0104947,0.610927,0.486018,2.04841
0.088928,0.0845445,0.0106995,0.606556,0.481764,2.04736
0.0889885,0.0845924,0.0109042,0.602193,0.477519,2.04631
0.0890485,0.08464,0.0111087,0.597836,0.473282,2.04524
0.089108,0.0846871,0.0113132,0.593486,0.469055,2.04416
0.0891672,0.0847338,0.0115176,0.589143,0.464835,2.04308
0.0892259,0.08478,0.0117218,0.584806,0.460625,2.04198
0.0892841,0.0848259,0.011926,0.580477,0.456423,2.04087
0.089342,0.0848713,0.01213,0.576154,0.452229,2.03976
0.0893994,0.0849163,0.0123339,0.571838,0.448044,2.03864
0.0894563,0.0849609,0.0125377,0.567528,0.443868,2.0375
0.0895129,0.0850051,0.0127414,0.563225,0.4397,2.03636
0.089569,0.0850489,0.012945,0.558929,0.43554,2.03521
0.0896246,0.0850922,0.0131485,0.554639,0.431389,2.03405
0.0896799,0.0851352,0.0133518,0.550356,0.427246,2.03288
0.0897347,0.0851777,0.013555,0.546079,0.423111,2.0317
0.0897891,0.0852198,0.0137581,0.541809,0.418985,2.03051
0.0898431,0.0852615,0.0139611,0.537546,0.414867,2.02931
0.0898966,0.0853028,0.014164,0.533288,0.410757,2.02811
0.0899497,0.0853436,0.0143668,0.529038,0.406655,2.02689
0.0900024,0.0853841,0.0145694,0.524793,0.402562,2.02567
0.0900547,0.0854241,0.0147719,0.520555,0.398476,2.02444
0.0901065,0.0854638,0.0149743,0.516324,0.394399,2.02319
0.090158,0.085503,0.0151765,0.512098,0.39033,2.02194
0.090209,0.0855418,0.0153787,0.507879,0.386269,2.02069
0.0902595,0.0855803,0.0155807,0.503667,0.382216,2.01942
0.0903097,0.0856183,0.0157825,0.49946,0.378171,2.01814
0.0903594,0.0856559,0.0159843,0.49526,0.374134,2.01686
0.0904087,0.0856931,0.0161859,0.491066,0.370105,2.01556
0.0904576,0.0857299,0.0163874,0.486878,0.366083,2.01426
0.0905061,0.0857663,0.0165888,0.482696,0.36207,2.01295
0.0905542,0.0858023,0.01679,0.47852,0.358065,2.01163
0.0906018,0.0858379,0.0169911,0.47435,0.354067,2.01031
0.0906491,0.0858732,0.0171921,0.470187,0.350077,2.00897
0.0906959,0.085908,0.0173929,0.466029,0.346095,2.00763
0.0907423,0.0859424,0.0175936,0.461878,0.342121,2.00628
0.0907882,0.0859764,0.0177941,0.457732,0.338154,2.00492
0.0908338,0.08601,0.0179946,0.453593,0.334195,2.00355
0.090879,0.0860432,0.0181948,0.449459,0.330244,2.00217
0.0909237,0.0860761,0.018395,0.445331,0.3263,2.00079
0.090968,0.0861085,0.018595,0.44121,0.322364,1.99939
0.0910119,0.0861405,0.0187949,0.437094,0.318435,1.99799
0.0910554,0.0861722,0.0189946,0.432983,0.314514,1.99658
0.0910985,0.0862034,0.0191942,0.428879,0.310601,1.99517
0.0911412,0.0862343,0.0193936,0.42478,0.306695,1.99374
0.0911835,0.0862648,0.0195929,0.420688,0.302796,1.99231
0.0912254,0.0862949,0.0197921,0.416601,0.298905,1.99087
0.0912668,0.0863246,0.0199911,0.412519,0.295022,1.98942
0.0913079,0.0863539,0.02019,0.408444,0.291145,1.98796
0.0913485,0.0863828,0.0203887,0.404374,0.287276,1.9865
0.0913887,0.0864113,0.0205873,0.400309,0.283415,1.98503
0.0914286,0.0864395,0.0207857,0.396251,0.27956,1.98355
0.091468,0.0864672,0.020984,0.392197,0.275713,1.98206
0.091507,0.0864946,0.0211821,0.38815,0.271874,1.98057
0.0915456,0.0865216,0.0213801,0.384108,0.268041,1.97906
0.0915838,0.0865482,0.0215779,0.380071,0.264216,1.97755
0.0916216,0.0865744,0.0217756,0.37604,0.260398,1.97603
0.091659,0.0866003,0.0219731,0.372015,0.256586,1.97451
0.091696,0.0866258,0.0221705,0.367995,0.252783,1.97298
0.0917326,0.0866509,0.0223677,0.36398,0.248986,1.97144
0.0917688,0.0866756,0.0225648,0.359971,0.245196,1.96989
0.0918046,0.0866999,0.0227617,0.355967,0.241413,1.96833
0.09184,0.0867238,0.0229585,0.351969,0.237638,1.96677
0.091875,0.0867474,0.0231551,0.347976,0.233869,1.9652
0.0919096,0.0867706,0.0233515,0.343988,0.230107,1.96362
0.0919438,0.0867934,0.0235478,0.340005,0.226352,1.96204
0.0919776,0.0868159,0.0237439,0.336028,0.222605,1.96045
0.092011,0.086838,0.0239399,0.332056,0.218864,1.95885
0.092044,0.0868597,0.0241357,0.328089,0.215129,1.95724
0.0920766,0.086881,0.0243313,0.324128,0.211402,1.95563
0.0921089,0.0869019,0.0245268,0.320171,0.207682,1.95401
0.0921407,0.0869225,0.0247221,0.31622,0.203968,1.95238
0.0921721,0.0869427,0.0249173,0.312274,0.200261,1.95074
0.0922031,0.0869626,0.0251123,0.308333,0.196561,1.9491
0.0922338,0.086982,0.0253071,0.304397,0.192868,1.94745
0.092264,0.0870012,0.0255018,0.300467,0.189181,1.94579
0.0922939,0.0870199,0.0256963,0.296541,0.185501,1.94413
0.0923233,0.0870383,0.0258906,0.29262,0.181827,1.94246
0.0923524,0.0870563,0.0260848,0.288705,0.178161,1.94078
0.0923811,0.0870739,0.0262787,0.284794,0.1745,1.9391
0.0924093,0.0870912,0.0264726,0.280888,0.170847,1.93741
0.0924372,0.0871081,0.0266662,0.276987,0.1672,1.93571
0.0924647,0.0871246,0.0268597,0.273092,0.163559,1.934
0.0924919,0.0871408,0.027053,0.269201,0.159925,1.93229
0.0925186,0.0871566,0.0272462,0.265315,0.156298,1.93057
0.0925449,0.087172,0.0274391,0.261433,0.152677,1.92885
0.0925709,0.0871871,0.0276319,0.257557,0.149062,1.92711
0.0925964,0.0872018,0.0278246,0.253686,0.145454,1.92537
0.0926216,0.0872162,0.028017,0.249819,0.141852,1.92363
0.0926464,0.0872302,0.0282093,0.245957,0.138256,1.92188
0.0926708,0.0872439,0.0284014,0.2421,0.134667,1.92012
0.0926948,0.0872571,0.0285933,0.238247,0.131085,1.91835
0.0927184,0.0872701,0.0287851,0.234399,0.127508,1.91658
0.0927417,0.0872826,0.0289766,0.230556,0.123938,1.9148
0.0927646,0.0872949,0.029168,0.226718,0.120374,1.91301
0.092787,0.0873067,0.0293592,0.222884,0.116816,1.91122
0.0928091,0.0873182,0.0295503,0.219055,0.113265,1.90942
0.0928308,0.0873294,0.0297411,0.215231,0.109719,1.90762
0.0928522,0.0873402,0.0299318,0.211411,0.10618,1.9058
0.0928731,0.0873506,0.0301223,0.207596,0.102647,1.90398
0.0928937,0.0873607,0.0303126,0.203785,0.09912,1.90216
0.0929139,0.0873704,0.0305027,0.199979,0.0955992,1.90033
0.0929337,0.0873798,0.0306926,0.196177,0.0920844,1.89849
0.0929531,0.0873889,0.0308824,0.19238,0.0885757,1.89665
0.0929722,0.0873975,0.031072,0.188587,0.085073,1.89479
0.0929908,0.0874059,0.0312614,0.184799,0.0815763,1.89294
0.0930091,0.0874138,0.0314506,0.181015,0.0780857,1.89107
0.093027,0.0874215,0.0316396,0.177236,0.0746009,1.8892
0.0930446,0.0874288,0.0318284,0.173461,0.0711222,1.88733
0.0930617,0.0874357,0.032017,0.16969,0.0676493,1.88544
0.0930785,0.0874423,0.0322055,0.165924,0.0641824,1.88356
0.0930949,0.0874485,0.0323938,0.162162,0.0607213,1.88166
0.093111,0.0874544,0.0325818,0.158405,0.0572661,1.87976
0.0931266,0.08746,0.0327697,0.154651,0.0538167,1.87785
0.0931419,0.0874652,0.0329574,0.150903,0.0503732,1.87594
0.0931568,0.0874701,0.0331449,0.147158,0.0469354,1.87402
0.0931713,0.0874746,0.0333322,0.143417,0.0435034,1.87209
0.0931855,0.0874788,0.0335193,0.139681,0.0400772,1.87016
0.0931992,0.0874826,0.0337062,0.135949,0.0366567,1.86822
0.0932127,0.0874861,0.033893,0.132221,0.033242,1.86628
0.0932257,0.0874893,0.0340795,0.128498,0.0298329,1.86432
0.0932384,0.0874921,0.0342658,0.124778,0.0264295,1.86237
0.0932507,0.0874945,0.034452,0.121063,0.0230317,1.86041
0.0932626,0.0874967,0.0346379,0.117352,0.0196396,1.85844
0.0932741,0.0874985,0.0348236,0.113645,0.016253,1.85646
0.0932853,0.0874999,0.0350092,0.109941,0.0128721,1.85448
0.0932961,0.087501,0.0351945,0.106243,0.00949676,1.85249
0.0933065,0.0875018,0.0353797,0.102548,0.00612695,1.8505
0.0933166,0.0875023,0.0355646,0.0988567,0.00276267,1.8485
0.0933263,0.0875024,0.0357494,0.0951698,-0.000596099,1.8465
0.0933357,0.0875022,0.0359339,0.0914869,-0.00394938,1.84448
0.0933446,0.0875016,0.0361183,0.087808,-0.00729718,1.84247
0.0933532,0.0875007,0.0363024,0.084133,-0.0106395,1.84044
0.0933614,0.0874995,0.0364864,0.080462,-0.0139765,1.83842
0.0933693,0.0874979,0.0366701,0.0767948,-0.017308,1.83638
0.0933768,0.087496,0.0368537,0.0731316,-0.0206341,1.83434
0.0933839,0.0874938,0.037037,0.0694723,-0.0239549,1.83229
0.0933907,0.0874912,0.0372201,0.0658169,-0.0272703,1.83024
0.0933971,0.0874883,0.037403,0.0621653,-0.0305803,1.82818
0.0934031,0.0874851,0.0375857,0.0585175,-0.0338851,1.82612
0.0934088,0.0874815,0.0377683,0.0548736,-0.0371845,1.82405
0.0934141,0.0874777,0.0379506,0.0512334,-0.0404787,1.82197
0.093419,0.0874734,0.0381326,0.0475971,-0.0437676,1.81989
0.0934236,0.0874689,0.0383145,0.0439645,-0.0470513,1.81781
0.0934278,0.087464,0.0384962,0.0403356,-0.0503298,1.81571
0.0934317,0.0874588,0.0386777,0.0367105,-0.0536031,1.81361
0.0934352,0.0874533,0.0388589,0.0330891,-0.0568712,1.81151
0.0934383,0.0874475,0.03904,0.0294714,-0.0601341,1.8094
0.0934411,0.0874413,0.0392208,0.0258573,-0.0633919,1.80728
0.0934435,0.0874348,0.0394014,0.022247,-0.0666445,1.80516
0.0934455,0.087428,0.0395818,0.0186402,-0.0698921,1.80303
0.0934472,0.0874208,0.039762,0.0150371,-0.0731346,1.8009
0.0934485,0.0874133,0.039942,0.0114377,-0.076372,1.79876
0.0934495,0.0874055,0.0401218,0.00784178,-0.0796043,1.79662
0.0934501,0.0873974,0.0403013,0.00424948,-0.0828316,1.79447
0.0934503,0.087389,0.0404807,0.000660736,-0.0860539,1.79231
0.0934502,0.0873802,0.0406598,-0.00292446,-0.0892713,1.79015
0.0934498,0.0873711,0.0408387,-0.00650612,-0.0924836,1.78799
0.0934489,0.0873617,0.0410174,-0.0100843,-0.095691,1.78581
0.0934477,0.087352,0.0411959,-0.0136589,-0.0988934,1.78364
0.0934462,0.0873419,0.0413741,-0.0172301,-0.102091,1.78145
0.0934443,0.0873316,0.0415522,-0.0207978,-0.105284,1.77926
0.093442,0.0873209,0.04173,-0.0243621,-0.108471,1.77707
0.0934394,0.0873099,0.0419076,-0.0279229,-0.111654,1.77487
0.0934365,0.0872985,0.042085,-0.0314803,-0.114832,1.77266
0.0934331,0.0872869,0.0422621,-0.0350343,-0.118005,1.77045
0.0934295,0.0872749,0.0424391,-0.0385849,-0.121174,1.76823
0.0934254,0.0872627,0.0426158,-0.0421322,-0.124337,1.76601
0.093421,0.0872501,0.0427923,-0.0456761,-0.127496,1.76378
0.0934163,0.0872372,0.0429685,-0.0492166,-0.13065,1.76155
0.0934112,0.0872239,0.0431446,-0.0527539,-0.133799,1.75931
0.0934057,0.0872104,0.0433204,-0.0562878,-0.136944,1.75707
0.0933999,0.0871966,0.043496,-0.0598185,-0.140084,1.75482
0.0933938,0.0871824,0.0436713,-0.0633458,-0.143219,1.75256
0.0933873,0.0871679,0.0438465,-0.0668699,-0.146349,1.7503
0.0933804,0.0871531,0.0440214,-0.0703908,-0.149475,1.74804
0.0933732,0.087138,0.0441961,-0.0739085,-0.152596,1.74577
0.0933656,0.0871226,0.0443706,-0.0774229,-0.155713,1.74349
0.0933577,0.0871069,0.0445448,-0.0809341,-0.158825,1.74121
0.0933494,0.0870908,0.0447188,-0.0844422,-0.161932,1.73892
0.0933408,0.0870745,0.0448926,-0.0879471,-0.165035,1.73663
0.0933318,0.0870578,0.0450661,-0.0914488,-0.168133,1.73433
0.0933225,0.0870409,0.0452394,-0.0949474,-0.171227,1.73202
0.0933128,0.0870236,0.0454125,-0.0984429,-0.174316,1.72972
0.0933028,0.087006,0.0455854,-0.101935,-0.177401,1.7274
0.0932925,0.0869881,0.045758,-0.105425,-0.180481,1.72508
0.0932817,0.0869699,0.0459304,-0.108911,-0.183556,1.72276
0.0932707,0.0869514,0.0461026,-0.112394,-0.186628,1.72043
0.0932593,0.0869326,0.0462745,-0.115874,-0.189694,1.71809
0.0932475,0.0869135,0.0464462,-0.119351,-0.192757,1.71575
0.0932354,0.086894,0.0466176,-0.122825,-0.195815,1.7134
0.0932229,0.0868743,0.0467889,-0.126296,-0.198868,1.71105
0.0932101,0.0868543,0.0469598,-0.129764,-0.201918,1.70869
0.093197,0.0868339,0.0471306,-0.133229,-0.204962,1.70633
0.0931835,0.0868133,0.0473011,-0.136691,-0.208003,1.70396
0.0931696,0.0867923,0.0474714,-0.140151,-0.211039,1.70159
0.0931555,0.0867711,0.0476414,-0.143607,-0.214071,1.69921
0.0931409,0.0867495,0.0478112,-0.14706,-0.217099,1.69683
0.093126,0.0867276,0.0479808,-0.150511,-0.220122,1.69444
0.0931108,0.0867055,0.0481501,-0.153958,-0.223141,1.69205
0.0930953,0.086683,0.0483192,-0.157403,-0.226156,1.68965
0.0930793,0.0866602,0.048488,-0.160845,-0.229166,1.68724
0.0930631,0.0866372,0.0486567,-0.164284,-0.232173,1.68483
0.0930465,0.0866138,0.048825,-0.16772,-0.235175,1.68242
0.0930295,0.0865901,0.0489931,-0.171154,-0.238173,1.68
0.0930123,0.0865662,0.049161,-0.174584,-0.241167,1.67757
0.0929946,0.0865419,0.0493287,-0.178012,-0.244156,1.67514
0.0929767,0.0865173,0.049496,-0.181437,-0.247142,1.6727
0.0929583,0.0864925,0.0496632,-0.184859,-0.250123,1.67026
0.0929397,0.0864673,0.0498301,-0.188279,-0.253101,1.66782
0.0929207,0.0864419,0.0499968,-0.191696,-0.256074,1.66537
0.0929013,0.0864161,0.0501632,-0.19511,-0.259043,1.66291
0.0928817,0.08639,0.0503293,-0.198521,-0.262008,1.66045
0.0928616,0.0863637,0.0504953,-0.20193,-0.264969,1.65798
0.0928413,0.0863371,0.0506609,-0.205336,-0.267926,1.65551
0.0928206,0.0863101,0.0508264,-0.208739,-0.270879,1.65303
0.0927995,0.0862829,0.0509915,-0.21214,-0.273828,1.65055
0.0927781,0.0862553,0.0511565,-0.215538,-0.276773,1.64806
0.0927564,0.0862275,0.0513211,-0.218934,-0.279714,1.64557
0.0927344,0.0861994,0.0514856,-0.222326,-0.282652,1.64307
0.092712,0.086171,0.0516498,-0.225717,-0.285585,1.64056
0.0926892,0.0861423,0.0518137,-0.229105,-0.288514,1.63806
0.0926661,0.0861133,0.0519774,-0.23249,-0.291439,1.63554
0.0926427,0.086084,0.0521408,-0.235872,-0.294361,1.63302
0.092619,0.0860544,0.052304,-0.239252,-0.297279,1.6305
0.0925949,0.0860245,0.0524669,-0.24263,-0.300192,1.62797
0.0925704,0.0859944,0.0526296,-0.246005,-0.303102,1.62544
0.0925457,0.0859639,0.052792,-0.249378,-0.306008,1.6229
0.0925206,0.0859332,0.0529542,-0.252748,-0.308911,1.62035
0.0924951,0.0859021,0.0531161,-0.256115,-0.311809,1.6178
0.0924693,0.0858708,0.0532777,-0.259481,-0.314704,1.61525
0.0924432,0.0858392,0.0534391,-0.262843,-0.317595,1.61269
0.0924168,0.0858073,0.0536002,-0.266204,-0.320482,1.61012
0.09239,0.0857751,0.0537611,-0.269562,-0.323366,1.60755
0.0923629,0.0857426,0.0539218,-0.272917,-0.326245,1.60498
0.0923354,0.0857099,0.0540821,-0.27627,-0.329121,1.6024
0.0923076,0.0856768,0.0542422,-0.279621,-0.331994,1.59981
0.0922795,0.0856435,0.0544021,-0.282969,-0.334862,1.59722
0.092251,0.0856098,0.0545617,-0.286315,-0.337727,1.59462
0.0922222,0.0855759,0.054721,-0.289659,-0.340589,1.59202
0.0921931,0.0855417,0.0548801,-0.293,-0.343446,1.58942
0.0921636,0.0855072,0.0550389,-0.29634,-0.3463,1.5868
0.0921338,0.0854724,0.0551974,-0.299676,-0.349151,1.58419
0.0921037,0.0854374,0.0553557,-0.303011,-0.351998,1.58157
0.0920732,0.085402,0.0555138,-0.306343,-0.354841,1.57894
0.0920424,0.0853664,0.0556715,-0.309673,-0.35768,1.57631
0.0920113,0.0853305,0.055829,-0.313001,-0.360517,1.57367
0.0919798,0.0852943,0.0559863,-0.316326,-0.363349,1.57103
0.091948,0.0852578,0.0561432,-0.31965,-0.366178,1.56838
0.0919159,0.0852211,0.0562999,-0.322971,-0.369004,1.56573
0.0918834,0.085184,0.0564564,-0.32629,-0.371826,1.56307
0.0918506,0.0851467,0.0566125,-0.329606,-0.374645,1.56041
0.0918175,0.0851091,0.0567685,-0.332921,-0.37746,1.55774
0.091784,0.0850712,0.0569241,-0.336233,-0.380271,1.55507
0.0917502,0.0850331,0.0570795,-0.339544,-0.38308,1.55239
0.0917161,0.0849946,0.0572346,-0.342852,-0.385884,1.54971
0.0916817,0.0849559,0.0573894,-0.346158,-0.388686,1.54702
0.0916469,0.0849169,0.057544,-0.349462,-0.391484,1.54433
0.0916118,0.0848776,0.0576983,-0.352763,-0.394278,1.54163
0.0915763,0.084838,0.0578523,-0.356063,-0.39707,1.53892
0.0915406,0.0847982,0.0580061,-0.359361,-0.399858,1.53621
0.0915045,0.084758,0.0581595,-0.362656,-0.402642,1.5335
0.091468,0.0847176,0.0583128,-0.36595,-0.405423,1.53078
0.0914313,0.084677,0.0584657,-0.369242,-0.408201,1.52806
0.0913942,0.084636,0.0586184,-0.372531,-0.410976,1.52533
0.0913568,0.0845948,0.0587708,-0.375819,-0.413747,1.52259
0.091319,0.0845533,0.0589229,-0.379104,-0.416515,1.51985
0.0912809,0.0845115,0.0590747,-0.382388,-0.41928,1.51711
0.0912425,0.0844694,0.0592263,-0.385669,-0.422041,1.51436
0.0912038,0.0844271,0.0593776,-0.388949,-0.4248,1.51161
0.0911648,0.0843844,0.0595286,-0.392227,-0.427555,1.50885
0.0911254,0.0843415,0.0596794,-0.395503,-0.430306,1.50608
0.0910857,0.0842984,0.0598298,-0.398776,-0.433055,1.50331
0.0910456,0.0842549,0.05998,-0.402048,-0.435801,1.50053
0.0910052,0.0842112,0.06013,-0.405318,-0.438543,1.49775
0.0909646,0.0841672,0.0602796,-0.408587,-0.441282,1.49497
0.0909235,0.084123,0.0604289,-0.411853,-0.444018,1.49218
0.0908822,0.0840784,0.060578,-0.415117,-0.446751,1.48938
0.0908405,0.0840336,0.0607268,-0.41838,-0.449481,1.48658
0.0907985,0.0839885,0.0608753,-0.421641,-0.452207,1.48377
0.0907562,0.0839432,0.0610236,-0.4249,-0.454931,1.48096
0.0907135,0.0838975,0.0611715,-0.428157,-0.457651,1.47815
0.0906705,0.0838516,0.0613192,-0.431412,-0.460369,1.47532
0.0906272,0.0838055,0.0614666,-0.434666,-0.463083,1.4725
0.0905836,0.083759,0.0616137,-0.437918,-0.465794,1.46967
0.0905397,0.0837123,0.0617605,-0.441168,-0.468503,1.46683
0.0904954,0.0836653,0.0619071,-0.444416,-0.471208,1.46399
0.0904508,0.0836181,0.0620533,-0.447662,-0.47391,1.46114
0.0904058,0.0835705,0.0621993,-0.450907,-0.47661,1.45828
0.0903606,0.0835227,0.062345,-0.45415,-0.479306,1.45543
0.090315,0.0834747,0.0624904,-0.457392,-0.481999,1.45256
0.0902691,0.0834263,0.0626355,-0.460631,-0.48469,1.44969
0.0902229,0.0833777,0.0627803,-0.463869,-0.487377,1.44682
0.0901763,0.0833289,0.0629249,-0.467106,-0.490062,1.44394
0.0901295,0.0832797,0.0630691,-0.470341,-0.492743,1.44106
0.0900823,0.0832303,0.0632131,-0.473574,-0.495422,1.43817
0.0900348,0.0831806,0.0633567,-0.476805,-0.498098,1.43527
0.0899869,0.0831307,0.0635001,-0.480035,-0.500771,1.43237
0.0899387,0.0830805,0.0636432,-0.483263,-0.503441,1.42947
0.0898903,0.08303,0.063786,-0.48649,-0.506109,1.42656
0.0898415,0.0829793,0.0639285,-0.489715,-0.508773,1.42364
0.0897923,0.0829283,0.0640707,-0.492938,-0.511435,1.42072
0.0897429,0.082877,0.0642127,-0.49616,-0.514094,1.4178
0.0896931,0.0828254,0.0643543,-0.49938,-0.51675,1.41487
0.089643,0.0827736,0.0644956,-0.502599,-0.519403,1.41193
0.0895926,0.0827216,0.0646367,-0.505816,-0.522053,1.40899
0.0895418,0.0826692,0.0647774,-0.509032,-0.524701,1.40604
0.0894908,0.0826166,0.0649179,-0.512246,-0.527346,1.40309
0.0894394,0.0825638,0.0650581,-0.515459,-0.529988,1.40013
0.0893877,0.0825106,0.0651979,-0.51867,-0.532628,1.39717
0.0893356,0.0824572,0.0653375,-0.52188,-0.535265,1.3942
0.0892833,0.0824036,0.0654768,-0.525088,-0.537899,1.39123
0.0892306,0.0823496,0.0656157,-0.528295,-0.540531,1.38825
0.0891776,0.0822955,0.0657544,-0.531501,-0.543159,1.38526
0.0891243,0.082241,0.0658928,-0.534705,-0.545786,1.38227
0.0890707,0.0821863,0.0660309,-0.537907,-0.548409,1.37928
0.0890167,0.0821313,0.0661686,-0.541109,-0.55103,1.37628
0.0889625,0.0820761,0.0663061,-0.544308,-0.553648,1.37327
0.0889079,0.0820206,0.0664433,-0.547507,-0.556264,1.37026
0.088853,0.0819648,0.0665802,-0.550704,-0.558877,1.36725
0.0887977,0.0819088,0.0667167,-0.5539,-0.561487,1.36422
0.0887422,0.0818526,0.066853,-0.557094,-0.564095,1.3612
0.0886863,0.081796,0.066989,-0.560287,-0.566701,1.35816
0.0886301,0.0817392,0.0671247,-0.563479,-0.569303,1.35513
0.0885736,0.0816822,0.06726,-0.566669,-0.571904,1.35208
0.0885168,0.0816248,0.0673951,-0.569858,-0.574501,1.34904
0.0884597,0.0815673,0.0675298,-0.573046,-0.577097,1.34598
0.0884022,0.0815094,0.0676643,-0.576232,-0.579689,1.34292
0.0883444,0.0814513,0.0677984,-0.579418,-0.58228,1.33986
0.0882863,0.081393,0.0679322,-0.582602,-0.584867,1.33679
0.0882279,0.0813343,0.0680658,-0.585784,-0.587453,1.33371
0.0881691,0.0812755,0.068199,-0.588966,-0.590035,1.33063
0.0881101,0.0812163,0.0683319,-0.592146,-0.592616,1.32754
0.0880507,0.0811569,0.0684645,-0.595325,-0.595194,1.32445
0.087991,0.0810973,0.0685968,-0.598503,-0.597769,1.32135
0.087931,0.0810374,0.0687288,-0.60168,-0.600343,1.31825
0.0878707,0.0809772,0.0688604,-0.604855,-0.602913,1.31514
0.08781,0.0809168,0.0689918,-0.608029,-0.605482,1.31203
0.0877491,0.0808561,0.0691228,-0.611202,-0.608048,1.30891
0.0876878,0.0807952,0.0692536,-0.614374,-0.610612,1.30578
0.0876262,0.080734,0.069384,-0.617545,-0.613173,1.30265
0.0875643,0.0806726,0.0695141,-0.620715,-0.615732,1.29952
0.0875021,0.0806109,0.0696439,-0.623884,-0.618289,1.29638
0.0874395,0.0805489,0.0697734,-0.627051,-0.620843,1.29323
0.0873767,0.0804867,0.0699025,-0.630217,-0.623395,1.29008
0.0873135,0.0804242,0.0700314,-0.633383,-0.625945,1.28692
0.08725,0.0803615,0.0701599,-0.636547,-0.628492,1.28375
0.0871862,0.0802985,0.0702881,-0.63971,-0.631038,1.28059
0.087122,0.0802353,0.070416,-0.642872,-0.633581,1.27741
0.0870576,0.0801718,0.0705436,-0.646033,-0.636122,1.27423
0.0869928,0.0801081,0.0706709,-0.649194,-0.63866,1.27104
0.0869278,0.0800441,0.0707978,-0.652353,-0.641196,1.26785
0.0868624,0.0799798,0.0709245,-0.655511,-0.643731,1.26465
0.0867967,0.0799153,0.0710508,-0.658668,-0.646263,1.26145
0.0867306,0.0798506,0.0711767,-0.661824,-0.648792,1.25824
0.0866643,0.0797856,0.0713024,-0.664979,-0.65132,1.25503
0.0865976,0.0797203,0.0714278,-0.668133,-0.653846,1.25181
0.0865307,0.0796548,0.0715528,-0.671286,-0.656369,1.24858
0.0864634,0.079589,0.0716775,-0.674438,-0.65889,1.24535
0.0863958,0.079523,0.0718018,-0.677589,-0.661409,1.24211
0.0863279,0.0794568,0.0719259,-0.68074,-0.663926,1.23887
0.0862596,0.0793902,0.0720496,-0.683889,-0.666441,1.23562
0.0861911,0.0793235,0.072173,-0.687038,-0.668954,1.23237
0.0861222,0.0792565,0.0722961,-0.690185,-0.671465,1.22911
0.086053,0.0791892,0.0724188,-0.693332,-0.673973,1.22584
0.0859836,0.0791217,0.0725413,-0.696478,-0.67648,1.22257
0.0859137,0.0790539,0.0726633,-0.699623,-0.678985,1.21929
0.0858436,0.0789859,0.0727851,-0.702767,-0.681487,1.21601
0.0857732,0.0789176,0.0729065,-0.705911,-0.683988,1.21272
0.0857024,0.0788491,0.0730277,-0.709053,-0.686486,1.20942
0.0856314,0.0787803,0.0731484,-0.712195,-0.688983,1.20612
0.08556,0.0787113,0.0732689,-0.715336,-0.691477,1.20281
0.0854883,0.078642,0.073389,-0.718476,-0.69397,1.1995
0.0854163,0.0785725,0.0735088,-0.721615,-0.696461,1.19618
0.085344,0.0785027,0.0736282,-0.724754,-0.698949,1.19286
0.0852714,0.0784327,0.0737474,-0.727892,-0.701436,1.18953
0.0851984,0.0783624,0.0738661,-0.731029,-0.703921,1.18619
0.0851252,0.0782919,0.0739846,-0.734165,-0.706404,1.18285
0.0850516,0.0782211,0.0741027,-0.7373,-0.708885,1.1795
0.0849777,0.0781501,0.0742205,-0.740435,-0.711364,1.17614
0.0849035,0.0780789,0.0743379,-0.743569,-0.713841,1.17278
0.084829,0.0780074,0.074455,-0.746703,-0.716317,1.16942
0.0847542,0.0779356,0.0745718,-0.749835,-0.71879,1.16605
0.084679,0.0778636,0.0746883,-0.752968,-0.721262,1.16267
0.0846036,0.0777913,0.0748044,-0.756099,-0.723732,1.15928
0.0845278,0.0777188,0.0749201,-0.75923,-0.7262,1.15589
0.0844517,0.0776461,0.0750355,-0.76236,-0.728666,1.1525
0.0843753,0.0775731,0.0751506,-0.765489,-0.731131,1.14909
0.0842986,0.0774999,0.0752653,-0.768618,-0.733594,1.14568
0.0842216,0.0774264,0.0753797,-0.771746,-0.736054,1.14227
0.0841443,0.0773527,0.0754938,-0.774874,-0.738514,1.13885
0.0840666,0.0772787,0.0756075,-0.778001,-0.740971,1.13542
0.0839887,0.0772045,0.0757209,-0.781127,-0.743427,1.13199
0.0839104,0.07713,0.0758339,-0.784253,-0.745881,1.12855
0.0838318,0.0770553,0.0759466,-0.787378,-0.748333,1.1251
0.0837529,0.0769803,0.0760589,-0.790503,-0.750783,1.12165
0.0836737,0.0769051,0.0761709,-0.793627,-0.753232,1.11819
0.0835942,0.0768297,0.0762826,-0.79675,-0.755679,1.11473
0.0835144,0.076754,0.0763939,-0.799874,-0.758125,1.11126
0.0834342,0.0766781,0.0765048,-0.802996,-0.760569,1.10778
0.0833538,0.0766019,0.0766154,-0.806118,-0.763011,1.1043
0.083273,0.0765255,0.0767257,-0.80924,-0.765451,1.10081
0.0831919,0.0764488,0.0768356,-0.812361,-0.76789,1.09731
0.0831105,0.0763719,0.0769451,-0.815481,-0.770328,1.09381
0.0830288,0.0762947,0.0770543,-0.818602,-0.772763,1.0903
0.0829468,0.0762173,0.0771632,-0.821721,-0.775197,1.08679
0.0828645,0.0761397,0.0772717,-0.824841,-0.77763,1.08326
0.0827818,0.0760618,0.0773799,-0.827959,-0.780061,1.07974
0.0826989,0.0759837,0.0774877,-0.831078,-0.78249,1.0762
0.0826156,0.0759053,0.0775951,-0.834196,-0.784918,1.07266
0.082532,0.0758267,0.0777022,-0.837313,-0.787345,1.06911
0.0824482,0.0757478,0.0778089,-0.840431,-0.789769,1.06556
0.082364,0.0756687,0.0779153,-0.843547,-0.792193,1.062
0.0822795,0.0755894,0.0780213,-0.846664,-0.794614,1.05843
0.0821946,0.0755098,0.078127,-0.84978,-0.797035,1.05486
0.0821095,0.07543,0.0782323,-0.852896,-0.799454,1.05128
0.0820241,0.0753499,0.0783372,-0.856011,-0.801871,1.04769
0.0819383,0.0752696,0.0784418,-0.859126,-0.804287,1.0441
0.0818522,0.0751891,0.0785461,-0.862241,-0.806701,1.0405
0.0817658,0.0751083,0.0786499,-0.865355,-0.809114,1.0369
0.0816792,0.0750273,0.0787534,-0.86847,-0.811526,1.03328
0.0815922,0.074946,0.0788566,-0.871583,-0.813936,1.02966
0.0815048,0.0748645,0.0789594,-0.874697,-0.816345,1.02604
0.0814172,0.0747827,0.0790618,-0.87781,-0.818752,1.0224
0.0813293,0.0747007,0.0791639,-0.880923,-0.821159,1.01877
0.081241,0.0746185,0.0792655,-0.884036,-0.823563,1.01512
0.0811525,0.074536,0.0793669,-0.887149,-0.825967,1.01147
0.0810636,0.0744533,0.0794678,-0.890261,-0.828369,1.00781
0.0809744,0.0743703,0.0795684,-0.893373,-0.830769,1.00414
0.0808849,0.0742871,0.0796687,-0.896485,-0.833169,1.00047
0.0807951,0.0742037,0.0797685,-0.899597,-0.835567,0.996785
0.080705,0.07412,0.079868,-0.902708,-0.837963,0.993097
0.0806146,0.0740361,0.0799671,-0.90582,-0.840359,0.989403
0.0805238,0.0739519,0.0800659,-0.908931,-0.842753,0.985702
0.0804328,0.0738676,0.0801643,-0.912042,-0.845146,0.981994
0.0803414,0.0737829,0.0802623,-0.915153,-0.847538,0.978279
0.0802498,0.073698,0.0803599,-0.918264,-0.849928,0.974557
0.0801578,0.0736129,0.0804572,-0.921374,-0.852317,0.970827
0.0800655,0.0735276,0.0805541,-0.924485,-0.854705,0.967091
0.0799729,0.073442,0.0806506,-0.927595,-0.857092,0.963348
0.07988,0.0733562,0.0807468,-0.930706,-0.859478,0.959598
0.0797867,0.0732701,0.0808426,-0.933816,-0.861862,0.95584
0.0796932,0.0731838,0.0809379,-0.936926,-0.864245,0.952076
0.0795994,0.0730972,0.081033,-0.940036,-0.866627,0.948304
0.0795052,0.0730105,0.0811276,-0.943146,-0.869008,0.944525
0.0794107,0.0729234,0.0812219,-0.946256,-0.871388,0.940739
0.0793159,0.0728362,0.0813158,-0.949366,-0.873767,0.936946
0.0792209,0.0727487,0.0814093,-0.952476,-0.876144,0.933146
0.0791254,0.072661,0.0815024,-0.955586,-0.878521,0.929338
0.0790297,0.072573,0.0815951,-0.958696,-0.880896,0.925523
0.0789337,0.0724848,0.0816875,-0.961806,-0.88327,0.9217
0.0788374,0.0723963,0.0817795,-0.964916,-0.885644,0.917871
0.0787407,0.0723077,0.0818711,-0.968026,-0.888016,0.914034
0.0786438,0.0722187,0.0819623,-0.971136,-0.890387,0.910189
0.0785465,0.0721296,0.0820531,-0.974246,-0.892757,0.906337
0.0784489,0.0720402,0.0821435,-0.977356,-0.895126,0.902478
0.078351,0.0719505,0.0822336,-0.980467,-0.897494,0.898611
0.0782528,0.0718607,0.0823233,-0.983577,-0.899861,0.894737
0.0781543,0.0717706,0.0824125,-0.986687,-0.902227,0.890855
0.0780555,0.0716802,0.0825014,-0.989798,-0.904592,0.886965
0.0779564,0.0715897,0.0825899,-0.992909,-0.906957,0.883069
0.0778569,0.0714988,0.082678,-0.996019,-0.90932,0.879164
0.0777572,0.0714078,0.0827658,-0.99913,-0.911682,0.875252
0.0776571,0.0713165,0.0828531,-1.00224,-0.914043,0.871332
0.0775567,0.071225,0.08294,-1.00535,-0.916404,0.867404
0.077456,0.0711332,0.0830266,-1.00846,-0.918763,0.863469
0.077355,0.0710412,0.0831127,-1.01158,-0.921122,0.859526
0.0772537,0.070949,0.0831985,-1.01469,-0.92348,0.855576
0.0771521,0.0708565,0.0832838,-1.0178,-0.925836,0.851617
0.0770501,0.0707638,0.0833688,-1.02091,-0.928192,0.847651
0.0769479,0.0706709,0.0834534,-1.02402,-0.930547,0.843676
0.0768453,0.0705777,0.0835375,-1.02714,-0.932902,0.839694
0.0767425,0.0704843,0.0836213,-1.03025,-0.935255,0.835704
0.0766393,0.0703907,0.0837047,-1.03336,-0.937608,0.831706
0.0765358,0.0702968,0.0837877,-1.03647,-0.93996,0.827701
0.076432,0.0702027,0.0838702,-1.03959,-0.942311,0.823687
0.0763279,0.0701083,0.0839524,-1.0427,-0.944661,0.819665
0.0762234,0.0700138,0.0840342,-1.04582,-0.947011,0.815635
0.0761187,0.0699189,0.0841155,-1.04893,-0.949359,0.811597
0.0760137,0.0698239,0.0841965,-1.05204,-0.951707,0.80755
0.0759083,0.0697286,0.084277,-1.05516,-0.954055,0.803496
0.0758026,0.0696331,0.0843572,-1.05827,-0.956401,0.799434
0.0756966,0.0695373,0.0844369,-1.06139,-0.958747,0.795363
0.0755904,0.0694413,0.0845162,-1.06451,-0.961092,0.791284
0.0754837,0.0693451,0.0845952,-1.06762,-0.963437,0.787197
0.0753768,0.0692486,0.0846737,-1.07074,-0.965781,0.783101
0.0752696,0.0691519,0.0847518,-1.07386,-0.968124,0.778997
0.0751621,0.069055,0.0848295,-1.07697,-0.970466,0.774885
0.0750542,0.0689578,0.0849068,-1.08009,-0.972808,0.770764
0.074946,0.0688604,0.0849836,-1.08321,-0.975149,0.766635
0.0748376,0.0687628,0.0850601,-1.08633,-0.97749,0.762498
0.0747288,0.0686649,0.0851361,-1.08945,-0.97983,0.758351
0.0746197,0.0685668,0.0852118,-1.09257,-0.982169,0.754197
0.0745103,0.0684685,0.085287,-1.09569,-0.984508,0.750034
0.0744005,0.0683699,0.0853618,-1.09881,-0.986846,0.745862
0.0742905,0.0682711,0.0854361,-1.10193,-0.989184,0.741681
0.0741801,0.0681721,0.0855101,-1.10505,-0.991521,0.737492
0.0740695,0.0680728,0.0855836,-1.10817,-0.993858,0.733294
0.0739585,0.0679733,0.0856568,-1.11129,-0.996194,0.729088
0.0738472,0.0678736,0.0857295,-1.11442,-0.99853,0.724872
0.0737356,0.0677736,0.0858017,-1.11754,-1.00086,0.720648
0.0736237,0.0676734,0.0858736,-1.12066,-1.0032,0.716415
0.0735115,0.067573,0.085945,-1.12379,-1.00553,0.712173
0.073399,0.0674723,0.086016,-1.12691,-1.00787,0.707923
0.0732861,0.0673714,0.0860866,-1.13004,-1.0102,0.703663
0.073173,0.0672703,0.0861568,-1.13317,-1.01253,0.699394
0.0730595,0.0671689,0.0862265,-1.13629,-1.01487,0.695116
0.0729457,0.0670673,0.0862958,-1.13942,-1.0172,0.690829
0.0728316,0.0669655,0.0863646,-1.14255,-1.01953,0.686533
0.0727172,0.0668634,0.0864331,-1.14568,-1.02186,0.682228
0.0726025,0.0667611,0.0865011,-1.14881,-1.02419,0.677914
0.0724874,0.0666586,0.0865687,-1.15194,-1.02652,0.67359
0.0723721,0.0665558,0.0866358,-1.15507,-1.02885,0.669257
0.0722564,0.0664528,0.0867025,-1.1582,-1.03118,0.664915
0.0721404,0.0663496,0.0867688,-1.16133,-1.03351,0.660563
0.0720241,0.0662461,0.0868346,-1.16446,-1.03584,0.656202
0.0719075,0.0661424,0.0869,-1.16759,-1.03817,0.651832
0.0717906,0.0660385,0.086965,-1.17073,-1.0405,0.647452
0.0716734,0.0659343,0.0870295,-1.17386,-1.04283,0.643063
0.0715559,0.0658299,0.0870936,-1.177,-1.04515,0.638664
0.071438,0.0657253,0.0871573,-1.18013,-1.04748,0.634256
0.0713198,0.0656204,0.0872205,-1.18327,-1.04981,0.629837
0.0712013,0.0655153,0.0872832,-1.18641,-1.05214,0.62541
0.0710825,0.06541,0.0873455,-1.18955,-1.05446,0.620972
0.0709634,0.0653044,0.0874074,-1.19269,-1.05679,0.616525
0.070844,0.0651986,0.0874688,-1.19583,-1.05912,0.612068
0.0707243,0.0650926,0.0875298,-1.19897,-1.06144,0.607601
0.0706042,0.0649863,0.0875904,-1.20211,-1.06377,0.603124
0.0704838,0.0648798,0.0876505,-1.20525,-1.0661,0.598637
0.0703632,0.0647731,0.0877101,-1.20839,-1.06842,0.594141
0.0702422,0.0646661,0.0877693,-1.21154,-1.07075,0.589634
0.0701209,0.064559,0.087828,-1.21468,-1.07307,0.585117
0.0699992,0.0644515,0.0878863,-1.21783,-1.0754,0.58059
0.0698773,0.0643439,0.0879441,-1.22097,-1.07773,0.576053
0.069755,0.064236,0.0880015,-1.22412,-1.08005,0.571506
0.0696325,0.0641279,0.0880584,-1.22727,-1.08238,0.566948
0.0695096,0.0640195,0.0881149,-1.23042,-1.0847,0.56238
0.0693864,0.0639109,0.0881709,-1.23357,-1.08703,0.557802
0.0692629,0.0638021,0.0882265,-1.23672,-1.08935,0.553213
0.069139,0.0636931,0.0882816,-1.23987,-1.09168,0.548614
0.0690149,0.0635838,0.0883362,-1.24302,-1.094,0.544005
0.0688904,0.0634742,0.0883904,-1.24618,-1.09633,0.539385
0.0687657,0.0633645,0.0884441,-1.24933,-1.09866,0.534754
0.0686406,0.0632545,0.0884973,-1.25249,-1.10098,0.530112
0.0685152,0.0631443,0.0885501,-1.25564,-1.10331,0.52546
0.0683894,0.0630339,0.0886024,-1.2588,-1.10563,0.520798
0.0682634,0.0629232,0.0886542,-1.26196,-1.10796,0.516124
0.0681371,0.0628123,0.0887056,-1.26512,-1.11028,0.51144
0.0680104,0.0627011,0.0887565,-1.26828,-1.11261,0.506744
0.0678834,0.0625897,0.088807,-1.27144,-1.11494,0.502038
0.0677561,0.0624781,0.0888569,-1.2746,-1.11726,0.497321
0.0676285,0.0623663,0.0889064,-1.27777,-1.11959,0.492592
0.0675005,0.0622542,0.0889555,-1.28093,-1.12191,0.487853
0.0673723,0.0621419,0.089004,-1.2841,-1.12424,0.483102
0.0672437,0.0620294,0.0890521,-1.28726,-1.12657,0.47834
0.0671148,0.0619166,0.0890997,-1.29043,-1.12889,0.473567
0.0669856,0.0618036,0.0891468,-1.2936,-1.13122,0.468783
0.0668561,0.0616904,0.0891934,-1.29677,-1.13355,0.463987
0.0667263,0.0615769,0.0892396,-1.29994,-1.13588,0.45918
0.0665961,0.0614632,0.0892853,-1.30311,-1.1382,0.454361
0.0664657,0.0613492,0.0893305,-1.30629,-1.14053,0.449531
0.0663349,0.0612351,0.0893752,-1.30946,-1.14286,0.444689
0.0663349,0.0612351,0.0893752,-1.30946,-1.14286,0.444689
0.0662039,0.0611207,0.0894194,-1.31063,-1.14399,0.439904
0.0660727,0.0610063,0.0894632,-1.3118,-1.14511,0.435106
0.0659415,0.0608917,0.0895064,-1.31297,-1.14624,0.430298
0.0658101,0.060777,0.0895492,-1.31415,-1.14736,0.425477
0.0656787,0.0606622,0.0895915,-1.31532,-1.14849,0.420645
0.0655471,0.0605473,0.0896333,-1.3165,-1.14962,0.4158
0.0654154,0.0604323,0.0896747,-1.31767,-1.15075,0.410944
0.0652835,0.0603172,0.0897155,-1.31885,-1.15188,0.406076
0.0651516,0.0602019,0.0897559,-1.32002,-1.15301,0.401195
0.0650195,0.0600866,0.0897958,-1.3212,-1.15414,0.396303
0.0648874,0.0599711,0.0898352,-1.32238,-1.15527,0.391399
0.0647551,0.0598555,0.089874,-1.32356,-1.1564,0.386482
0.0646227,0.0597398,0.0899124,-1.32474,-1.15754,0.381554
0.0644901,0.059624,0.0899504,-1.32593,-1.15867,0.376613
0.0643575,0.0595081,0.0899878,-1.32711,-1.15981,0.37166
0.0642247,0.0593921,0.0900247,-1.3283,-1.16094,0.366694
0.0640918,0.0592759,0.0900611,-1.32948,-1.16208,0.361716
0.0639588,0.0591596,0.090097,-1.33067,-1.16322,0.356726
0.0638257,0.0590433,0.0901325,-1.33186,-1.16435,0.351723
0.0636924,0.0589268,0.0901674,-1.33304,-1.16549,0.346708
0.0635591,0.0588102,0.0902018,-1.33423,-1.16663,0.34168
0.0634256,0.0586934,0.0902357,-1.33542,-1.16777,0.33664
0.063292,0.0585766,0.0902691,-1.33662,-1.16892,0.331587
0.0631583,0.0584597,0.090302,-1.33781,-1.17006,0.326521
0.0630244,0.0583426,0.0903344,-1.339,-1.1712,0.321443
0.0628905,0.0582254,0.0903663,-1.3402,-1.17235,0.316351
0.0627564,0.0581081,0.0903977,-1.3414,-1.17349,0.311247
0.0626222,0.0579907,0.0904286,-1.34259,-1.17464,0.30613
0.0624879,0.0578732,0.0904589,-1.34379,-1.17579,0.301
0.0623534,0.0577556,0.0904888,-1.34499,-1.17693,0.295857
0.0622189,0.0576378,0.0905181,-1.34619,-1.17808,0.290701
0.0620842,0.0575199,0.0905469,-1.3474,-1.17923,0.285532
0.0619494,0.057402,0.0905752,-1.3486,-1.18038,0.280349
0.0618145,0.0572839,0.090603,-1.34981,-1.18154,0.275154
0.0616794,0.0571657,0.0906302,-1.35101,-1.18269,0.269945
0.0615443,0.0570473,0.090657,-1.35222,-1.18384,0.264723
0.061409,0.0569289,0.0906832,-1.35343,-1.185,0.259487
0.0612736,0.0568103,0.0907089,-1.35464,-1.18615,0.254238
0.061138,0.0566917,0.090734,-1.35585,-1.18731,0.248975
0.0610024,0.0565729,0.0907587,-1.35706,-1.18847,0.243699
0.0608666,0.056454,0.0907828,-1.35827,-1.18963,0.238409
0.0607307,0.0563349,0.0908063,-1.35949,-1.19079,0.233106
0.0605947,0.0562158,0.0908294,-1.3607,-1.19195,0.227789
0.0604586,0.0560966,0.0908519,-1.36192,-1.19311,0.222458
0.0603224,0.0559772,0.0908739,-1.36314,-1.19428,0.217113
0.060186,0.0558577,0.0908953,-1.36436,-1.19544,0.211754
0.0600495,0.0557381,0.0909162,-1.36558,-1.19661,0.206382
0.0599129,0.0556184,0.0909366,-1.3668,-1.19778,0.200995
0.0597761,0.0554985,0.0909564,-1.36803,-1.19894,0.195594
0.0596393,0.0553786,0.0909757,-1.36925,-1.20011,0.190179
0.0595023,0.0552585,0.0909945,-1.37048,-1.20128,0.18475
0.0593652,0.0551383,0.0910127,-1.37171,-1.20246,0.179307
0.0592279,0.055018,0.0910303,-1.37294,-1.20363,0.173849
0.0590906,0.0548976,0.0910474,-1.37417,-1.2048,0.168376
0.0589531,0.0547771,0.091064,-1.3754,-1.20598,0.16289
0.0588155,0.0546564,0.09108,-1.37664,-1.20715,0.157388
0.0586778,0.0545356,0.0910955,-1.37787,-1.20833,0.151873
0.0585399,0.0544147,0.0911104,-1.37911,-1.20951,0.146342
0.0584019,0.0542937,0.0911247,-1.38035,-1.21069,0.140797
0.0582638,0.0541726,0.0911385,-1.38159,-1.21187,0.135237
0.0581256,0.0540514,0.0911518,-1.38283,-1.21306,0.129662
0.0579873,0.05393,0.0911645,-1.38407,-1.21424,0.124072
0.0578488,0.0538085,0.0911766,-1.38532,-1.21543,0.118467
0.0577102,0.0536869,0.0911882,-1.38656,-1.21661,0.112847
0.0575715,0.0535652,0.0911992,-1.38781,-1.2178,0.107211
0.0574327,0.0534433,0.0912096,-1.38906,-1.21899,0.101561
0.0572937,0.0533214,0.0912195,-1.39031,-1.22018,0.0958949
0.0571546,0.0531993,0.0912288,-1.39156,-1.22137,0.0902138
0.0570154,0.0530771,0.0912375,-1.39281,-1.22257,0.0845171
0.056876,0.0529548,0.0912457,-1.39407,-1.22376,0.0788049
0.0567366,0.0528324,0.0912533,-1.39533,-1.22496,0.0730771
0.056597,0.0527098,0.0912603,-1.39659,-1.22616,0.0673336
0.0564572,0.0525871,0.0912667,-1.39785,-1.22736,0.0615744
0.0563174,0.0524643,0.0912726,-1.39911,-1.22856,0.0557993
0.0561774,0.0523414,0.0912779,-1.40037,-1.22976,0.0500083
0.0560373,0.0522184,0.0912826,-1.40164,-1.23097,0.0442012
0.0558971,0.0520952,0.0912867,-1.4029,-1.23217,0.0383781
0.0557567,0.0519719,0.0912903,-1.40417,-1.23338,0.0325389
0.0556163,0.0518485,0.0912933,-1.40544,-1.23459,0.0266834
0.0554757,0.051725,0.0912956,-1.40672,-1.2358,0.0208115
0.0553349,0.0516014,0.0912974,-1.40799,-1.23701,0.0149233
0.0551941,0.0514776,0.0912986,-1.40927,-1.23822,0.00901857
0.0550531,0.0513537,0.0912992,-1.41054,-1.23944,0.00309726
0.0549119,0.0512297,0.0912992,-1.41182,-1.24066,-0.00284072
0.0547707,0.0511056,0.0912986,-1.4131,-1.24187,-0.00879544
0.0546293,0.0509814,0.0912975,-1.41439,-1.24309,-0.014767
0.0544878,0.050857,0.0912957,-1.41567,-1.24432,-0.0207555
0.0543462,0.0507325,0.0912933,-1.41696,-1.24554,-0.026761
0.0542044,0.0506079,0.0912903,-1.41825,-1.24676,-0.0327836
0.0540625,0.0504831,0.0912868,-1.41954,-1.24799,-0.0388234
0.0539205,0.0503583,0.0912826,-1.42083,-1.24922,-0.0448805
0.0537784,0.0502333,0.0912778,-1.42213,-1.25045,-0.0509549
0.0536361,0.0501082,0.0912724,-1.42342,-1.25168,-0.0570469
0.0534937,0.049983,0.0912664,-1.42472,-1.25292,-0.0631564
0.0533512,0.0498576,0.0912598,-1.42602,-1.25415,-0.0692836
0.0532085,0.0497321,0.0912525,-1.42732,-1.25539,-0.0754285
0.0530657,0.0496065,0.0912447,-1.42863,-1.25663,-0.0815913
0.0529228,0.0494808,0.0912362,-1.42993,-1.25787,-0.087772
0.0527797,0.049355,0.0912271,-1.43124,-1.25911,-0.0939708
0.0526365,0.049229,0.0912174,-1.43255,-1.26036,-0.100188
0.0524932,0.0491029,0.0912071,-1.43387,-1.2616,-0.106423
0.0523497,0.0489767,0.0911961,-1.43518,-1.26285,-0.112676
0.0522062,0.0488503,0.0911845,-1.4365,-1.2641,-0.118948
0.0520624,0.0487238,0.0911723,-1.43782,-1.26536,-0.125239
0.0519186,0.0485972,0.0911595,-1.43914,-1.26661,-0.131548
0.0517746,0.0484705,0.091146,-1.44046,-1.26787,-0.137876
0.0516305,0.0483437,0.0911319,-1.44179,-1.26913,-0.144223
0.0514863,0.0482167,0.0911172,-1.44311,-1.27039,-0.150589
0.0513419,0.0480896,0.0911018,-1.44444,-1.27165,-0.156974
0.0511974,0.0479624,0.0910858,-1.44577,-1.27291,-0.163378
0.0510527,0.047835,0.0910691,-1.44711,-1.27418,-0.169802
0.0509079,0.0477075,0.0910518,-1.44845,-1.27545,-0.176245
0.050763,0.0475799,0.0910339,-1.44978,-1.27672,-0.182707
0.050618,0.0474522,0.0910153,-1.45113,-1.278,-0.189189
0.0504728,0.0473243,0.090996,-1.45247,-1.27927,-0.195691
0.0503275,0.0471963,0.0909761,-1.45381,-1.28055,-0.202213
0.050182,0.0470682,0.0909556,-1.45516,-1.28183,-0.208755
0.0500365,0.04694,0.0909344,-1.45651,-1.28311,-0.215317
0.0498907,0.0468116,0.0909125,-1.45787,-1.2844,-0.221899
0.0497449,0.0466831,0.09089,-1.45922,-1.28568,-0.228502
0.0495989,0.0465545,0.0908668,-1.46058,-1.28697,-0.235125
0.0494528,0.0464257,0.090843,-1.46194,-1.28826,-0.241769
0.0493065,0.0462968,0.0908185,-1.4633,-1.28956,-0.248433
0.0491601,0.0461678,0.0907933,-1.46467,-1.29085,-0.255119
0.0490136,0.0460386,0.0907674,-1.46604,-1.29215,-0.261825
0.0488669,0.0459094,0.0907409,-1.46741,-1.29345,-0.268553
0.0487201,0.0457799,0.0907137,-1.46878,-1.29476,-0.275302
0.0485731,0.0456504,0.0906859,-1.47015,-1.29606,-0.282072
0.0484261,0.0455207,0.0906573,-1.47153,-1.29737,-0.288864
0.0482788,0.0453909,0.0906281,-1.47291,-1.29868,-0.295677
0.0481315,0.045261,0.0905982,-1.4743,-1.29999,-0.302512
0.047984,0.0451309,0.0905676,-1.47568,-1.30131,-0.30937
0.0478363,0.0450007,0.0905363,-1.47707,-1.30263,-0.316249
0.0476886,0.0448704,0.0905043,-1.47846,-1.30395,-0.323151
0.0475407,0.0447399,0.0904717,-1.47986,-1.30527,-0.330074
0.0473926,0.0446093,0.0904383,-1.48125,-1.3066,-0.337021
0.0472444,0.0444786,0.0904043,-1.48265,-1.30793,-0.34399
0.0470961,0.0443478,0.0903695,-1.48405,-1.30926,-0.350982
0.0469476,0.0442168,0.0903341,-1.48546,-1.31059,-0.357997
0.046799,0.0440856,0.0902979,-1.48687,-1.31193,-0.365035
0.0466502,0.0439544,0.0902611,-1.48828,-1.31327,-0.372096
0.0465013,0.043823,0.0902235,-1.48969,-1.31461,-0.379181
0.0463523,0.0436915,0.0901852,-1.49111,-1.31596,-0.38629
0.0462031,0.0435598,0.0901462,-1.49253,-1.31731,-0.393422
0.0460538,0.043428,0.0901065,-1.49395,-1.31866,-0.400578
0.0459043,0.0432961,0.0900661,-1.49537,-1.32001,-0.407758
0.0457547,0.043164,0.090025,-1.4968,-1.32137,-0.414962
0.0456049,0.0430318,0.0899831,-1.49823,-1.32273,-0.422191
0.0454551,0.0428995,0.0899406,-1.49967,-1.32409,-0.429444
0.045305,0.042767,0.0898972,-1.50111,-1.32546,-0.436722
0.0451548,0.0426344,0.0898532,-1.50255,-1.32683,-0.444025
0.0450045,0.0425016,0.0898084,-1.50399,-1.3282,-0.451353
0.044854,0.0423687,0.0897629,-1.50544,-1.32957,-0.458706
0.0447034,0.0422357,0.0897167,-1.50689,-1.33095,-0.466085
0.0445527,0.0421025,0.0896697,-1.50834,-1.33233,-0.473489
0.0444018,0.0419692,0.089622,-1.5098,-1.33372,-0.48092
0.0442507,0.0418358,0.0895735,-1.51126,-1.3351,-0.488376
0.0440995,0.0417022,0.0895243,-1.51272,-1.33649,-0.495858
0.0439482,0.0415685,0.0894744,-1.51418,-1.33789,-0.503366
0.0437967,0.0414346,0.0894236,-1.51565,-1.33929,-0.510901
0.043645,0.0413006,0.0893722,-1.51713,-1.34069,-0.518463
0.0434932,0.0411665,0.08932,-1.5186,-1.34209,-0.526052
0.0433413,0.0410322,0.089267,-1.52008,-1.3435,-0.533668
0.0431892,0.0408978,0.0892132,-1.52156,-1.34491,-0.541311
0.043037,0.0407632,0.0891587,-1.52305,-1.34632,-0.548982
0.0428846,0.0406285,0.0891034,-1.52454,-1.34774,-0.55668
0.0427321,0.0404937,0.0890474,-1.52603,-1.34916,-0.564407
0.0425794,0.0403587,0.0889905,-1.52753,-1.35058,-0.572161
0.0424266,0.0402236,0.0889329,-1.52903,-1.35201,-0.579944
0.0422736,0.0400883,0.0888745,-1.53053,-1.35344,-0.587756
0.0421205,0.0399529,0.0888154,-1.53204,-1.35488,-0.595596
0.0419672,0.0398173,0.0887554,-1.53355,-1.35632,-0.603465
0.0418138,0.0396816,0.0886947,-1.53507,-1.35776,-0.611363
0.0416602,0.0395458,0.0886332,-1.53659,-1.35921,-0.619291
0.0415064,0.0394098,0.0885708,-1.53811,-1.36066,-0.627249
0.0413526,0.0392736,0.0885077,-1.53963,-1.36211,-0.635236
0.0411985,0.0391373,0.0884438,-1.54116,-1.36357,-0.643254
0.0410443,0.0390009,0.0883791,-1.5427,-1.36503,-0.651302
0.04089,0.0388643,0.0883135,-1.54423,-1.3665,-0.65938
0.0407355,0.0387276,0.0882472,-1.54578,-1.36797,-0.66749
0.0405808,0.0385908,0.08818,-1.54732,-1.36944,-0.67563
0.040426,0.0384537,0.088112,-1.54887,-1.37092,-0.683802
0.040271,0.0383166,0.0880433,-1.55042,-1.3724,-0.692005
0.0401159,0.0381793,0.0879736,-1.55198,-1.37388,-0.70024
0.0399606,0.0380418,0.0879032,-1.55354,-1.37537,-0.708508
0.0398052,0.0379042,0.0878319,-1.55511,-1.37687,-0.716807
0.0396496,0.0377664,0.0877598,-1.55667,-1.37836,-0.72514
0.0394939,0.0376285,0.0876869,-1.55825,-1.37986,-0.733505
0.039338,0.0374904,0.0876131,-1.55982,-1.38137,-0.741903
0.0391819,0.0373522,0.0875385,-1.56141,-1.38288,-0.750335
0.0390257,0.0372139,0.0874631,-1.56299,-1.3844,-0.7588
0.0388693,0.0370754,0.0873868,-1.56458,-1.38592,-0.767299
0.0387128,0.0369367,0.0873096,-1.56618,-1.38744,-0.775833
0.0385561,0.0367979,0.0872316,-1.56777,-1.38897,-0.784401
0.0383992,0.0366589,0.0871527,-1.56938,-1.3905,-0.793004
0.0382422,0.0365198,0.087073,-1.57098,-1.39204,-0.801643
0.038085,0.0363805,0.0869924,-1.57259,-1.39358,-0.810316
0.0379277,0.036241,0.0869109,-1.57421,-1.39512,-0.819026
0.0377702,0.0361015,0.0868286,-1.57583,-1.39667,-0.827771
0.0376125,0.0359617,0.0867454,-1.57746,-1.39823,-0.836553
0.0374547,0.0358218,0.0866613,-1.57908,-1.39979,-0.845371
0.0372967,0.0356818,0.0865763,-1.58072,-1.40135,-0.854227
0.0371386,0.0355415,0.0864904,-1.58236,-1.40292,-0.863119
0.0369802,0.0354012,0.0864037,-1.584,-1.4045,-0.87205
0.0368218,0.0352606,0.086316,-1.58565,-1.40608,-0.881018
0.0366631,0.03512,0.0862275,-1.5873,-1.40766,-0.890025
0.0365043,0.0349791,0.086138,-1.58896,-1.40925,-0.89907
0.0363453,0.0348381,0.0860477,-1.59062,-1.41085,-0.908154
0.0361862,0.0346969,0.0859564,-1.59229,-1.41245,-0.917278
0.0360269,0.0345556,0.0858642,-1.59396,-1.41405,-0.926441
0.0358674,0.0344141,0.0857711,-1.59563,-1.41566,-0.935645
0.0357077,0.0342725,0.0856771,-1.59732,-1.41728,-0.944889
0.0355479,0.0341307,0.0855821,-1.599,-1.4189,-0.954173
0.0353879,0.0339887,0.0854862,-1.60069,-1.42052,-0.963499
0.0352278,0.0338466,0.0853894,-1.60239,-1.42215,-0.972867
0.0350674,0.0337043,0.0852917,-1.60409,-1.42379,-0.982276
0.034907,0.0335618,0.085193,-1.6058,-1.42543,-0.991728
0.0347463,0.0334192,0.0850933,-1.60751,-1.42708,-1.00122
0.0345855,0.0332764,0.0849927,-1.60923,-1.42873,-1.01076
0.0344244,0.0331334,0.0848912,-1.61095,-1.43039,-1.02034
0.0342633,0.0329903,0.0847886,-1.61268,-1.43205,-1.02997
0.0341019,0.032847,0.0846852,-1.61441,-1.43372,-1.03964
0.0339404,0.0327036,0.0845807,-1.61615,-1.4354,-1.04935
0.0337787,0.0325599,0.0844753,-1.61789,-1.43708,-1.05911
0.0336168,0.0324162,0.0843689,-1.61964,-1.43877,-1.06891
0.0334547,0.0322722,0.0842615,-1.62139,-1.44046,-1.07877
0.0332925,0.0321281,0.0841531,-1.62315,-1.44216,-1.08866
0.0331301,0.0319838,0.0840438,-1.62492,-1.44386,-1.09861
0.0329675,0.0318393,0.0839334,-1.62669,-1.44557,-1.1086
0.0328048,0.0316946,0.0838221,-1.62847,-1.44729,-1.11864
0.0326418,0.0315498,0.0837097,-1.63025,-1.44902,-1.12873
0.0324787,0.0314048,0.0835963,-1.63204,-1.45075,-1.13887
0.0323154,0.0312597,0.0834819,-1.63383,-1.45248,-1.14905
0.032152,0.0311143,0.0833665,-1.63563,-1.45422,-1.15929
0.0319883,0.0309688,0.0832501,-1.63743,-1.45597,-1.16958
0.0318245,0.0308232,0.0831326,-1.63925,-1.45773,-1.17992
0.0316605,0.0306773,0.0830141,-1.64106,-1.45949,-1.19031
0.0314963,0.0305313,0.0828945,-1.64289,-1.46126,-1.20075
0.0313319,0.030385,0.0827739,-1.64472,-1.46303,-1.21124
0.0311673,0.0302386,0.0826523,-1.64655,-1.46481,-1.22179
0.0310026,0.0300921,0.0825296,-1.64839,-1.4666,-1.23239
0.0308376,0.0299453,0.0824058,-1.65024,-1.4684,-1.24305
0.0306725,0.0297984,0.0822809,-1.65209,-1.4702,-1.25376
0.0305072,0.0296513,0.082155,-1.65395,-1.47201,-1.26453
0.0303417,0.029504,0.082028,-1.65582,-1.47383,-1.27535
0.0301761,0.0293565,0.0819,-1.65769,-1.47565,-1.28623
0.0300102,0.0292089,0.0817708,-1.65957,-1.47748,-1.29716
0.0298441,0.029061,0.0816405,-1.66145,-1.47932,-1.30816
0.0296779,0.028913,0.0815092,-1.66334,-1.48116,-1.31921
0.0295115,0.0287648,0.0813767,-1.66524,-1.48301,-1.33032
0.0293449,0.0286164,0.0812431,-1.66715,-1.48487,-1.34149
0.029178,0.0284678,0.0811084,-1.66906,-1.48674,-1.35272
0.029011,0.0283191,0.0809725,-1.67098,-1.48862,-1.36402
0.0288439,0.0281701,0.0808356,-1.6729,-1.4905,-1.37537
0.0286765,0.028021,0.0806975,-1.67483,-1.49239,-1.38679
0.0285089,0.0278716,0.0805582,-1.67677,-1.49429,-1.39827
0.0283411,0.0277221,0.0804178,-1.67871,-1.49619,-1.40981
0.0281731,0.0275724,0.0802763,-1.68066,-1.49811,-1.42142
0.028005,0.0274225,0.0801335,-1.68262,-1.50003,-1.4331
0.0278366,0.0272724,0.0799896,-1.68459,-1.50196,-1.44484
0.0276681,0.0271221,0.0798446,-1.68656,-1.50389,-1.45665
0.0274993,0.0269716,0.0796983,-1.68854,-1.50584,-1.46852
0.0273304,0.0268209,0.0795508,-1.69053,-1.50779,-1.48047
0.0271612,0.02667,0.0794022,-1.69252,-1.50976,-1.49248
0.0269918,0.026519,0.0792524,-1.69452,-1.51173,-1.50456
0.0268223,0.0263677,0.0791013,-1.69653,-1.51371,-1.51672
0.0266525,0.0262162,0.078949,-1.69854,-1.5157,-1.52894
0.0264826,0.0260645,0.0787955,-1.70056,-1.51769,-1.54124
0.0263124,0.0259127,0.0786408,-1.70259,-1.5197,-1.55362
0.0261421,0.0257606,0.0784848,-1.70463,-1.52171,-1.56607
0.0259715,0.0256083,0.0783275,-1.70668,-1.52374,-1.57859
0.0258007,0.0254559,0.078169,-1.70873,-1.52577,-1.59119
0.0256298,0.0253032,0.0780093,-1.71079,-1.52781,-1.60387
0.0254586,0.0251503,0.0778483,-1.71285,-1.52986,-1.61662
0.0252872,0.0249972,0.077686,-1.71493,-1.53192,-1.62946
0.0251156,0.0248439,0.0775224,-1.71701,-1.53399,-1.64238
0.0249438,0.0246904,0.0773575,-1.7191,-1.53607,-1.65537
0.0247718,0.0245367,0.0771913,-1.7212,-1.53815,-1.66845
0.0245995,0.0243828,0.0770238,-1.72331,-1.54025,-1.68162
0.0244271,0.0242287,0.076855,-1.72542,-1.54236,-1.69487
0.0242545,0.0240743,0.0766848,-1.72754,-1.54448,-1.7082
0.0240816,0.0239198,0.0765133,-1.72967,-1.5466,-1.72162
0.0239085,0.023765,0.0763405,-1.73181,-1.54874,-1.73513
0.0237352,0.02361,0.0761663,-1.73395,-1.55089,-1.74873
0.0235617,0.0234548,0.0759907,-1.73611,-1.55304,-1.76242
0.023388,0.0232994,0.0758138,-1.73827,-1.55521,-1.7762
0.0232141,0.0231438,0.0756355,-1.74044,-1.55739,-1.79008
0.0230399,0.0229879,0.0754558,-1.74262,-1.55958,-1.80404
0.0228656,0.0228319,0.0752747,-1.7448,-1.56177,-1.81811
0.022691,0.0226756,0.0750922,-1.747,-1.56398,-1.83227
0.0225162,0.0225191,0.0749082,-1.7492,-1.5662,-1.84653
0.0223411,0.0223623,0.0747229,-1.75141,-1.56843,-1.86089
0.0221659,0.0222054,0.0745361,-1.75363,-1.57067,-1.87535
0.0219904,0.0220482,0.0743478,-1.75586,-1.57293,-1.88991
0.0218147,0.0218908,0.0741581,-1.75809,-1.57519,-1.90458
0.0216388,0.0217332,0.0739669,-1.76034,-1.57746,-1.91935
0.0214626,0.0215753,0.0737742,-1.76259,-1.57975,-1.93423
0.0212863,0.0214172,0.07358,-1.76485,-1.58205,-1.94922
0.0211097,0.0212589,0.0733843,-1.76712,-1.58436,-1.96432
0.0209328,0.0211003,0.0731872,-1.7694,-1.58668,-1.97953
0.0207558,0.0209415,0.0729884,-1.77169,-1.58901,-1.99485
0.0205785,0.0207825,0.0727882,-1.77398,-1.59135,-2.01029
0.020401,0.0206233,0.0725864,-1.77629,-1.59371,-2.02585
0.0202232,0.0204638,0.072383,-1.7786,-1.59608,-2.04152
0.0200453,0.0203041,0.0721781,-1.78092,-1.59846,-2.05732
0.0198671,0.0201441,0.0719715,-1.78325,-1.60085,-2.07324
0.0196886,0.0199839,0.0717634,-1.78559,-1.60325,-2.08928
0.0195099,0.0198234,0.0715537,-1.78794,-1.60567,-2.10545
0.019331,0.0196628,0.0713423,-1.7903,-1.6081,-2.12175
0.0191519,0.0195018,0.0711293,-1.79266,-1.61054,-2.13817
0.0189725,0.0193406,0.0709147,-1.79504,-1.61299,-2.15473
0.0187929,0.0191792,0.0706984,-1.79742,-1.61546,-2.17143
0.018613,0.0190176,0.0704804,-1.79981,-1.61794,-2.18826
0.0184329,0.0188556,0.0702607,-1.80221,-1.62043,-2.20523
0.0182526,0.0186935,0.0700393,-1.80462,-1.62294,-2.22235
0.018072,0.018531,0.0698162,-1.80704,-1.62546,-2.2396
0.0178912,0.0183684,0.0695914,-1.80947,-1.62799,-2.25701
0.0177101,0.0182054,0.0693648,-1.8119,-1.63054,-2.27456
0.0175288,0.0180423,0.0691365,-1.81435,-1.6331,-2.29226
0.0173472,0.0178788,0.0689064,-1.8168,-1.63567,-2.31012
0.0171654,0.0177151,0.0686745,-1.81926,-1.63826,-2.32813
0.0169834,0.0175512,0.0684407,-1.82173,-1.64086,-2.34631
0.0168011,0.017387,0.0682052,-1.82421,-1.64348,-2.36464
0.0166185,0.0172225,0.0679678,-1.82669,-1.64611,-2.38314
0.0164357,0.0170577,0.0677286,-1.82919,-1.64875,-2.40181
0.0162527,0.0168927,0.0674874,-1.83169,-1.65141,-2.42065
0.0160694,0.0167275,0.0672444,-1.8342,-1.65408,-2.43966
0.0158858,0.0165619,0.0669995,-1.83672,-1.65677,-2.45885
0.0157021,0.0163961,0.0667527,-1.83925,-1.65947,-2.47822
0.015518,0.01623,0.0665039,-1.84179,-1.66219,-2.49778
0.0153337,0.0160637,0.0662531,-1.84433,-1.66492,-2.51752
0.0151491,0.015897,0.0660003,-1.84688,-1.66767,-2.53745
0.0149643,0.0157301,0.0657456,-1.84944,-1.67043,-2.55758
0.0147792,0.0155629,0.0654888,-1.85201,-1.6732,-2.5779
0.0145939,0.0153955,0.06523,-1.85458,-1.67599,-2.59843
0.0144083,0.0152277,0.0649691,-1.85717,-1.6788,-2.61916
0.0142225,0.0150597,0.0647062,-1.85975,-1.68162,-2.64011
0.0140364,0.0148914,0.0644411,-1.86235,-1.68446,-2.66127
0.01385,0.0147228,0.0641739,-1.86495,-1.68731,-2.68264
0.0136634,0.014554,0.0639046,-1.86756,-1.69018,-2.70424
0.0134765,0.0143848,0.0636331,-1.87018,-1.69306,-2.72607
0.0132893,0.0142153,0.0633593,-1.8728,-1.69596,-2.74813
0.0131019,0.0140456,0.0630834,-1.87542,-1.69887,-2.77042
0.0129143,0.0138756,0.0628053,-1.87806,-1.7018,-2.79296
0.0127263,0.0137052,0.0625248,-1.88069,-1.70475,-2.81575
0.0125381,0.0135346,0.0622421,-1.88334,-1.70771,-2.83879
0.0123497,0.0133637,0.0619571,-1.88599,-1.71069,-2.86208
0.0121609,0.0131925,0.0616697,-1.88864,-1.71368,-2.88565
0.0119719,0.013021,0.0613799,-1.89129,-1.71669,-2.90947
0.0117827,0.0128491,0.0610878,-1.89395,-1.71971,-2.93358
0.0115931,0.012677,0.0607932,-1.89662,-1.72275,-2.95797
0.0114033,0.0125046,0.0604962,-1.89928,-1.72581,-2.98264
0.0112133,0.0123319,0.0601966,-1.90195,-1.72888,-3.00761
0.011023,0.0121588,0.0598946,-1.90462,-1.73197,-3.03288
0.0108324,0.0119855,0.0595901,-1.90729,-1.73507,-3.05846
0.0106415,0.0118118,0.0592829,-1.90996,-1.73819,-3.08436
0.0104504,0.0116378,0.0589732,-1.91263,-1.74132,-3.11058
0.010259,0.0114635,0.0586608,-1.9153,-1.74447,-3.13713
0.0100673,0.0112889,0.0583457,-1.91797,-1.74763,-3.16402
0.00987538,0.011114,0.058028,-1.92064,-1.75081,-3.19125
0.00968318,0.0109388,0.0577075,-1.92331,-1.754,-3.21884
0.00949071,0.0107632,0.0573842,-1.92597,-1.75721,-3.2468
0.00929798,0.0105873,0.0570581,-1.92863,-1.76043,-3.27514
0.00910499,0.0104111,0.0567292,-1.93128,-1.76367,-3.30385
0.00891173,0.0102346,0.0563973,-1.93392,-1.76692,-3.33296
0.00871821,0.0100577,0.0560626,-1.93656,-1.77018,-3.36248
0.00852442,0.00988055,0.0557248,-1.93919,-1.77345,-3.39241
0.00833037,0.00970304,0.0553841,-1.94181,-1.77674,-3.42276
0.00813606,0.0095252,0.0550402,-1.94442,-1.78004,-3.45356
0.00794149,0.00934703,0.0546933,-1.94701,-1.78335,-3.4848
0.00774665,0.00916853,0.0543433,-1.94959,-1.78668,-3.51651
0.00755157,0.0089897,0.05399,-1.95216,-1.79001,-3.5487
0.00735622,0.00881053,0.0536335,-1.95471,-1.79335,-3.58137
0.00716063,0.00863103,0.0532737,-1.95724,-1.79671,-3.61454
0.00696478,0.00845119,0.0529106,-1.95975,-1.80007,-3.64824
0.00676868,0.00827101,0.0525441,-1.96223,-1.80344,-3.68247
0.00657233,0.0080905,0.0521741,-1.9647,-1.80681,-3.71724
0.00637574,0.00790965,0.0518006,-1.96713,-1.81019,-3.75259
0.00617891,0.00772846,0.0514235,-1.96953,-1.81358,-3.78851
0.00598183,0.00754694,0.0510429,-1.97191,-1.81696,-3.82504
0.00578453,0.00736507,0.0506585,-1.97424,-1.82035,-3.86219
0.00558699,0.00718287,0.0502704,-1.97654,-1.82375,-3.89998
0.00538922,0.00700032,0.0498785,-1.9788,-1.82714,-3.93844
0.00519123,0.00681744,0.0494827,-1.98101,-1.83052,-3.97757
0.00499302,0.00663422,0.049083,-1.98317,-1.83391,-4.01742
0.00479459,0.00645066,0.0486792,-1.98528,-1.83728,-4.05799
0.00459596,0.00626676,0.0482713,-1.98734,-1.84065,-4.09932
0.00439713,0.00608253,0.0478593,-1.98933,-1.84401,-4.14143
0.0041981,0.00589796,0.047443,-1.99126,-1.84735,-4.18435
0.00399888,0.00571306,0.0470224,-1.99311,-1.85068,-4.22811
0.00379948,0.00552782,0.0465974,-1.99489,-1.85399,-4.27274
0.00359991,0.00534226,0.0461678,-1.99658,-1.85728,-4.31828
0.00340017,0.00515637,0.0457337,-1.99818,-1.86054,-4.36474
0.00320027,0.00497015,0.0452948,-1.99969,-1.86377,-4.41218
0.00300023,0.00478362,0.0448512,-2.00109,-1.86696,-4.46063
0.00280006,0.00459676,0.0444027,-2.00238,-1.87012,-4.51013
0.00259976,0.0044096,0.0439491,-2.00354,-1.87323,-4.56072
0.00239935,0.00422212,0.0434905,-2.00457,-1.87629,-4.61245
0.00219885,0.00403434,0.0430266,-2.00546,-1.8793,-4.66536
0.00199827,0.00384626,0.0425574,-2.0062,-1.88225,-4.71951
0.00179762,0.00365789,0.0420827,-2.00677,-1.88512,-4.77495
0.00159692,0.00346924,0.0416023,-2.00715,-1.88792,-4.83172
0.00139619,0.00328031,0.0411163,-2.00735,-1.89063,-4.88991
0.00119546,0.00309112,0.0406243,-2.00733,-1.89324,-4.94956
0.000994734,0.00290166,0.0401263,-2.00708,-1.89575,-5.01075
0.000794049,0.00271197,0.0396221,-2.00658,-1.89814,-5.07355
0.000593427,0.00252204,0.0391116,-2.00581,-1.9004,-5.13804
0.000392896,0.00233189,0.0385944,-2.00475,-1.90251,-5.20429
0.000192487,0.00214155,0.0380706,-2.00337,-1.90445,-5.27241
-7.76721e-06,0.00195101,0.0375399,-2.00165,-1.90622,-5.34249
-0.00020783,0.00176031,0.0370021,-1.99955,-1.90779,-5.41463
-0.000407663,0.00156946,0.0364569,-1.99703,-1.90914,-5.48893
-0.000607222,0.00137849,0.0359042,-1.99407,-1.91024,-5.56553
-0.00080646,0.00118742,0.0353437,-1.99062,-1.91107,-5.64454
-0.00100533,0.000996284,0.0347752,-1.98662,-1.9116,-5.72612
-0.00120377,0.000805112,0.0341984,-1.98204,-1.91179,-5.8104
-0.00140171,0.000613939,0.033613,-1.97682,-1.9116,-5.89755
-0.0015991,0.000422805,0.0330188,-1.97088,-1.911,-5.98776
-0.00179586,0.000231754,0.0324154,-1.96415,-1.90994,-6.08121
-0.00199191,4.08351e-05,0.0318024,-1.95657,-1.90835,-6.17811
-0.00218714,-0.000149897,0.0311796,-1.94802,-1.90618,-6.2787
-0.00238148,-0.00034038,0.0305466,-1.93842,-1.90336,-6.38324
-0.00257479,-0.000530545,0.0299028,-1.92764,-1.89981,-6.49199
-0.00276696,-0.000720314,0.029248,-1.91555,-1.89543,-6.60527
-0.00295785,-0.000909601,0.0285816,-1.90199,-1.89013,-6.72342
-0.0031473,-0.00109831,0.0279032,-1.88679,-1.88377,-6.84682
-0.00333515,-0.00128632,0.0272121,-1.86976,-1.87622,-6.97587
-0.00352119,-0.0014735,0.0265078,-1.85065,-1.86732,-7.11105
-0.0037052,-0.00165973,0.0257896,-1.8292,-1.85687,-7.25288
-0.00388694,-0.00184482,0.025057,-1.80509,-1.84465,-7.40195
-0.00406612,-0.00202859,0.024309,-1.77795,-1.8304,-7.5589
-0.00424241,-0.00221082,0.0235449,-1.74734,-1.8138,-7.7245
-0.00441545,-0.00239126,0.0227638,-1.71276,-1.79448,-7.89957
-0.00458481,-0.00256961,0.0219646,-1.67358,-1.77199,-8.08507
-0.00474999,-0.00274553,0.0211464,-1.62905,-1.7458,-8.28212
-0.00491041,-0.00291863,0.0203078,-1.57828,-1.71523,-8.49197
-0.0050654,-0.00308841,0.0194475,-1.52018,-1.67949,-8.71608
-0.00521416,-0.00325432,0.018564,-1.45338,-1.63757,-8.95614
-0.00535573,-0.00341567,0.0176557,-1.37621,-1.5882,-9.21412
-0.00548898,-0.00357166,0.0167205,-1.28654,-1.52981,-9.49232
-0.00561253,-0.00372127,0.0157564,-1.18167,-1.46036,-9.79344
-0.0057247,-0.00386327,0.014761,-1.05815,-1.37721,-10.1206
-0.00582339,-0.00399614,0.0137313,-0.911416,-1.27689,-10.4777
-0.00590601,-0.00411793,0.0126643,-0.735453,-1.15477,-10.869
-0.00596924,-0.00422616,0.0115562,-0.522121,-1.00456,-11.2996
-0.00600882,-0.00431762,0.0104029,-0.260226,-0.817515,-11.7754
-0.00601915,-0.00438803,0.00919942,0.0659373,-0.581301,-12.3027
-0.00599276,-0.00443165,0.00794042,0.478874,-0.278071,-12.8874
-0.00591941,-0.00444055,0.00661989,1.0115,0.118532,-13.5336
-0.00578487,-0.00440354,0.00523175,1.71275,0.648176,-14.2378
-0.00556886,-0.00430452,0.00377108,2.6558,1.37107,-14.9779
-0.00524217,-0.00411996,0.00223717,3.94711,2.37674,-15.6842
-0.00476327,-0.00381578,0.000641074,5.72369,3.7851,-16.1771
-0.00407757,-0.00334588,-0.000978245,8.08828,5.69972,-16.0577
-0.00313084,-0.0026617,-0.00252783,10.8727,8.01906,-14.6644
-0.00191412,-0.00174795,-0.00385189,13.318,10.1534,-11.5508
