-0.0359,0,0.1202,0,1.9244,0
-0.0358998,0.0001924,0.1202,0.00381919,1.92359,-0.00545541
-0.0358992,0.000384718,0.120199,0.00763822,1.92277,-0.0109108
-0.0358983,0.000576953,0.120198,0.0114571,1.92194,-0.0163663
-0.0358969,0.000769105,0.120196,0.0152757,1.9211,-0.0218219
-0.0358952,0.000961173,0.120193,0.0190942,1.92025,-0.0272775
-0.0358931,0.00115315,0.12019,0.0229125,1.91939,-0.0327332
-0.0358906,0.00134505,0.120187,0.0267306,1.91851,-0.0381891
-0.0358878,0.00153686,0.120183,0.0305485,1.91763,-0.0436451
-0.0358845,0.00172858,0.120178,0.0343662,1.91674,-0.0491013
-0.0358809,0.0019202,0.120173,0.0381836,1.91583,-0.0545577
-0.0358769,0.00211174,0.120167,0.0420008,1.91492,-0.0600142
-0.0358725,0.00230319,0.120161,0.0458178,1.91399,-0.0654711
-0.0358677,0.00249454,0.120154,0.0496346,1.91306,-0.0709282
-0.0358626,0.0026858,0.120147,0.0534511,1.91211,-0.0763856
-0.035857,0.00287696,0.120139,0.0572673,1.91116,-0.0818432
-0.0358511,0.00306803,0.12013,0.0610833,1.91019,-0.0873012
-0.0358448,0.003259,0.120121,0.064899,1.90921,-0.0927596
-0.0358381,0.00344987,0.120112,0.0687145,1.90822,-0.0982183
-0.0358311,0.00364064,0.120102,0.0725297,1.90722,-0.103677
-0.0358236,0.00383132,0.120091,0.0763445,1.90622,-0.109137
-0.0358158,0.00402189,0.12008,0.0801591,1.9052,-0.114597
-0.0358076,0.00421235,0.120068,0.0839734,1.90417,-0.120057
-0.035799,0.00440272,0.120056,0.0877874,1.90313,-0.125518
-0.0357901,0.00459298,0.120043,0.0916011,1.90208,-0.13098
-0.0357807,0.00478313,0.120029,0.0954145,1.90102,-0.136442
-0.035771,0.00497318,0.120016,0.0992275,1.89994,-0.141904
-0.0357609,0.00516312,0.120001,0.10304,1.89886,-0.147367
-0.0357504,0.00535295,0.119986,0.106853,1.89777,-0.152831
-0.0357395,0.00554268,0.119971,0.110665,1.89667,-0.158295
-0.0357282,0.00573229,0.119954,0.114476,1.89555,-0.16376
-0.0357166,0.00592179,0.119938,0.118288,1.89443,-0.169226
-0.0357046,0.00611117,0.119921,0.122099,1.8933,-0.174692
-0.0356922,0.00630045,0.119903,0.125909,1.89215,-0.180159
-0.0356794,0.0064896,0.119885,0.129719,1.891,-0.185627
-0.0356662,0.00667864,0.119866,0.133529,1.88983,-0.191095
-0.0356527,0.00686757,0.119846,0.137339,1.88865,-0.196565
-0.0356388,0.00705637,0.119826,0.141148,1.88747,-0.202035
-0.0356245,0.00724506,0.119806,0.144956,1.88627,-0.207506
-0.0356098,0.00743363,0.119785,0.148765,1.88506,-0.212977
-0.0355947,0.00762207,0.119763,0.152573,1.88384,-0.21845
-0.0355793,0.0078104,0.119741,0.15638,1.88261,-0.223923
-0.0355634,0.0079986,0.119719,0.160187,1.88138,-0.229398
-0.0355472,0.00818667,0.119695,0.163993,1.88013,-0.234873
-0.0355306,0.00837462,0.119672,0.1678,1.87887,-0.24035
-0.0355137,0.00856244,0.119647,0.171605,1.8776,-0.245827
-0.0354963,0.00875014,0.119622,0.175411,1.87631,-0.251305
-0.0354786,0.00893771,0.119597,0.179215,1.87502,-0.256785
-0.0354605,0.00912514,0.119571,0.18302,1.87372,-0.262265
-0.035442,0.00931245,0.119545,0.186823,1.87241,-0.267747
-0.0354231,0.00949962,0.119518,0.190627,1.87108,-0.27323
-0.0354038,0.00968667,0.11949,0.19443,1.86975,-0.278713
-0.0353842,0.00987357,0.119462,0.198232,1.86841,-0.284198
-0.0353642,0.0100603,0.119433,0.202034,1.86705,-0.289685
-0.0353438,0.010247,0.119404,0.205835,1.86569,-0.295172
-0.035323,0.0104335,0.119374,0.209636,1.86431,-0.300661
-0.0353019,0.0106198,0.119344,0.213437,1.86292,-0.306151
-0.0352803,0.0108061,0.119313,0.217236,1.86153,-0.311642
-0.0352584,0.0109921,0.119281,0.221036,1.86012,-0.317134
-0.0352361,0.0111781,0.119249,0.224835,1.8587,-0.322628
-0.0352135,0.0113639,0.119217,0.228633,1.85727,-0.328123
-0.0351904,0.0115495,0.119184,0.232431,1.85583,-0.33362
-0.035167,0.0117351,0.11915,0.236228,1.85438,-0.339118
-0.0351432,0.0119204,0.119116,0.240024,1.85292,-0.344617
-0.035119,0.0121056,0.119081,0.24382,1.85145,-0.350118
-0.0350944,0.0122907,0.119046,0.247616,1.84997,-0.355621
-0.0350694,0.0124756,0.11901,0.251411,1.84847,-0.361124
-0.0350441,0.0126604,0.118974,0.255205,1.84697,-0.36663
-0.0350184,0.012845,0.118937,0.258999,1.84546,-0.372137
-0.0349923,0.0130295,0.118899,0.262792,1.84393,-0.377645
-0.0349658,0.0132138,0.118861,0.266584,1.8424,-0.383156
-0.034939,0.013398,0.118823,0.270376,1.84085,-0.388667
-0.0349118,0.013582,0.118783,0.274167,1.83929,-0.394181
-0.0348842,0.0137658,0.118744,0.277958,1.83773,-0.399696
-0.0348562,0.0139495,0.118704,0.281748,1.83615,-0.405213
-0.0348278,0.0141331,0.118663,0.285537,1.83456,-0.410732
-0.0347991,0.0143164,0.118621,0.289326,1.83296,-0.416252
-0.03477,0.0144997,0.118579,0.293114,1.83135,-0.421774
-0.0347405,0.0146827,0.118537,0.296901,1.82973,-0.427298
-0.0347106,0.0148656,0.118494,0.300688,1.8281,-0.432824
-0.0346803,0.0150483,0.11845,0.304474,1.82645,-0.438352
-0.0346497,0.0152309,0.118406,0.30826,1.8248,-0.443881
-0.0346187,0.0154133,0.118362,0.312044,1.82314,-0.449413
-0.0345873,0.0155955,0.118316,0.315828,1.82146,-0.454947
-0.0345555,0.0157776,0.118271,0.319612,1.81977,-0.460482
-0.0345233,0.0159595,0.118224,0.323394,1.81808,-0.46602
-0.0344908,0.0161412,0.118178,0.327176,1.81637,-0.471559
-0.0344579,0.0163227,0.11813,0.330957,1.81465,-0.477101
-0.0344246,0.0165041,0.118082,0.334738,1.81292,-0.482644
-0.034391,0.0166853,0.118034,0.338517,1.81118,-0.48819
-0.0343569,0.0168664,0.117984,0.342296,1.80943,-0.493738
-0.0343225,0.0170472,0.117935,0.346074,1.80767,-0.499288
-0.0342877,0.0172279,0.117885,0.349852,1.8059,-0.504841
-0.0342525,0.0174084,0.117834,0.353629,1.80411,-0.510395
-0.034217,0.0175887,0.117783,0.357405,1.80232,-0.515952
-0.0341811,0.0177689,0.117731,0.36118,1.80051,-0.521511
-0.0341447,0.0179488,0.117678,0.364954,1.79869,-0.527072
-0.0341081,0.0181286,0.117625,0.368728,1.79687,-0.532636
-0.034071,0.0183082,0.117572,0.3725,1.79503,-0.538202
-0.0340336,0.0184876,0.117518,0.376272,1.79318,-0.543771
-0.0339957,0.0186668,0.117463,0.380044,1.79132,-0.549341
-0.0339576,0.0188459,0.117408,0.383814,1.78945,-0.554915
-0.033919,0.0190247,0.117352,0.387583,1.78756,-0.560491
-0.03388,0.0192034,0.117296,0.391352,1.78567,-0.566069
-0.0338407,0.0193818,0.117239,0.39512,1.78376,-0.57165
-0.033801,0.0195601,0.117181,0.398887,1.78185,-0.577233
-0.0337609,0.0197382,0.117123,0.402653,1.77992,-0.582819
-0.0337205,0.0199161,0.117065,0.406418,1.77798,-0.588408
-0.0336797,0.0200938,0.117006,0.410183,1.77603,-0.593999
-0.0336384,0.0202713,0.116946,0.413946,1.77407,-0.599593
-0.0335969,0.0204486,0.116886,0.417709,1.7721,-0.605189
-0.0335549,0.0206257,0.116825,0.421471,1.77011,-0.610789
-0.0335126,0.0208026,0.116764,0.425231,1.76812,-0.616391
-0.0334699,0.0209794,0.116702,0.428991,1.76611,-0.621996
-0.0334268,0.0211559,0.116639,0.43275,1.76409,-0.627604
-0.0333833,0.0213322,0.116576,0.436508,1.76207,-0.633214
-0.0333395,0.0215083,0.116512,0.440265,1.76003,-0.638828
-0.0332953,0.0216842,0.116448,0.444022,1.75797,-0.644444
-0.0332507,0.0218599,0.116384,0.447777,1.75591,-0.650063
-0.0332057,0.0220354,0.116318,0.451531,1.75384,-0.655686
-0.0331604,0.0222106,0.116252,0.455284,1.75175,-0.661311
-0.0331146,0.0223857,0.116186,0.459037,1.74965,-0.666939
-0.0330686,0.0225606,0.116119,0.462788,1.74754,-0.672571
-0.0330221,0.0227352,0.116052,0.466539,1.74542,-0.678205
-0.0329752,0.0229097,0.115983,0.470288,1.74329,-0.683843
-0.032928,0.0230839,0.115915,0.474036,1.74115,-0.689483
-0.0328804,0.0232579,0.115846,0.477784,1.739,-0.695127
-0.0328325,0.0234317,0.115776,0.48153,1.73683,-0.700774
-0.0327841,0.0236053,0.115705,0.485275,1.73465,-0.706425
-0.0327354,0.0237786,0.115634,0.489019,1.73246,-0.712078
-0.0326863,0.0239517,0.115563,0.492763,1.73026,-0.717735
-0.0326369,0.0241247,0.115491,0.496505,1.72805,-0.723396
-0.032587,0.0242974,0.115418,0.500246,1.72582,-0.729059
-0.0325368,0.0244698,0.115345,0.503986,1.72359,-0.734726
-0.0324862,0.0246421,0.115271,0.507725,1.72134,-0.740397
-0.0324353,0.0248141,0.115197,0.511463,1.71908,-0.746071
-0.0323839,0.0249859,0.115122,0.515199,1.71681,-0.751748
-0.0323322,0.0251575,0.115047,0.518935,1.71452,-0.757429
-0.0322801,0.0253288,0.114971,0.522669,1.71223,-0.763114
-0.0322277,0.0254999,0.114894,0.526403,1.70992,-0.768802
-0.0321749,0.0256708,0.114817,0.530135,1.7076,-0.774494
-0.0321217,0.0258414,0.114739,0.533866,1.70527,-0.780189
-0.0320681,0.0260118,0.114661,0.537596,1.70293,-0.785888
-0.0320141,0.026182,0.114582,0.541325,1.70057,-0.791591
-0.0319598,0.0263519,0.114503,0.545052,1.69821,-0.797297
-0.0319051,0.0265216,0.114423,0.548779,1.69583,-0.803008
-0.0318501,0.0266911,0.114342,0.552504,1.69344,-0.808722
-0.0317946,0.0268603,0.114261,0.556228,1.69103,-0.81444
-0.0317388,0.0270293,0.114179,0.55995,1.68862,-0.820162
-0.0316826,0.0271981,0.114097,0.563672,1.68619,-0.825887
-0.0316261,0.0273666,0.114014,0.567392,1.68375,-0.831617
-0.0315692,0.0275348,0.11393,0.571111,1.6813,-0.837351
-0.0315119,0.0277028,0.113846,0.574829,1.67884,-0.843089
-0.0314542,0.0278706,0.113762,0.578546,1.67636,-0.84883
-0.0313962,0.0280381,0.113677,0.582261,1.67387,-0.854576
-0.0313378,0.0282053,0.113591,0.585975,1.67137,-0.860326
-0.031279,0.0283724,0.113505,0.589688,1.66886,-0.86608
-0.0312198,0.0285391,0.113418,0.593399,1.66633,-0.871839
-0.0311603,0.0287056,0.11333,0.597109,1.66379,-0.877601
-0.0311004,0.0288719,0.113242,0.600818,1.66124,-0.883368
-0.0310401,0.0290379,0.113154,0.604525,1.65868,-0.889139
-0.0309795,0.0292036,0.113064,0.608231,1.6561,-0.894915
-0.0309185,0.0293691,0.112975,0.611936,1.65351,-0.900694
-0.0308571,0.0295343,0.112884,0.615639,1.65091,-0.906479
-0.0307954,0.0296993,0.112793,0.619341,1.6483,-0.912267
-0.0307332,0.029864,0.112702,0.623042,1.64567,-0.91806
-0.0306707,0.0300284,0.11261,0.626741,1.64303,-0.923858
-0.0306079,0.0301926,0.112517,0.630438,1.64038,-0.92966
-0.0305447,0.0303565,0.112424,0.634135,1.63772,-0.935467
-0.0304811,0.0305201,0.11233,0.63783,1.63504,-0.941278
-0.0304171,0.0306835,0.112235,0.641523,1.63235,-0.947094
-0.0303528,0.0308466,0.11214,0.645215,1.62965,-0.952914
-0.030288,0.0310094,0.112045,0.648905,1.62693,-0.95874
-0.030223,0.031172,0.111949,0.652594,1.6242,-0.96457
-0.0301575,0.0313343,0.111852,0.656282,1.62146,-0.970405
-0.0300917,0.0314963,0.111755,0.659968,1.61871,-0.976244
-0.0300255,0.031658,0.111657,0.663652,1.61594,-0.982089
-0.029959,0.0318195,0.111558,0.667335,1.61316,-0.987938
-0.0298921,0.0319806,0.111459,0.671016,1.61036,-0.993793
-0.0298248,0.0321415,0.111359,0.674696,1.60755,-0.999652
-0.0297571,0.0323021,0.111259,0.678375,1.60473,-1.00552
-0.0296891,0.0324625,0.111158,0.682051,1.6019,-1.01139
-0.0296207,0.0326225,0.111057,0.685726,1.59905,-1.01726
-0.029552,0.0327823,0.110955,0.6894,1.59619,-1.02314
-0.0294828,0.0329418,0.110852,0.693071,1.59332,-1.02903
-0.0294133,0.0331009,0.110749,0.696742,1.59043,-1.03492
-0.0293435,0.0332598,0.110645,0.70041,1.58753,-1.04081
-0.0292733,0.0334185,0.110541,0.704077,1.58461,-1.04671
-0.0292027,0.0335768,0.110436,0.707742,1.58169,-1.05262
-0.0291317,0.0337348,0.11033,0.711406,1.57874,-1.05853
-0.0290604,0.0338925,0.110224,0.715068,1.57579,-1.06444
-0.0289887,0.0340499,0.110117,0.718728,1.57282,-1.07037
-0.0289166,0.0342071,0.11001,0.722386,1.56984,-1.07629
-0.0288442,0.0343639,0.109902,0.726043,1.56684,-1.08223
-0.0287714,0.0345204,0.109794,0.729697,1.56383,-1.08817
-0.0286983,0.0346767,0.109685,0.733351,1.5608,-1.09411
-0.0286248,0.0348326,0.109575,0.737002,1.55776,-1.10006
-0.0285509,0.0349882,0.109465,0.740651,1.55471,-1.10602
-0.0284766,0.0351435,0.109354,0.744299,1.55165,-1.11198
-0.028402,0.0352986,0.109242,0.747945,1.54856,-1.11794
-0.0283271,0.0354533,0.10913,0.751589,1.54547,-1.12392
-0.0282517,0.0356077,0.109017,0.755231,1.54236,-1.12989
-0.028176,0.0357617,0.108904,0.758871,1.53924,-1.13588
-0.0280999,0.0359155,0.10879,0.762509,1.5361,-1.14187
-0.0280235,0.036069,0.108676,0.766146,1.53295,-1.14787
-0.0279467,0.0362221,0.108561,0.76978,1.52978,-1.15387
-0.0278695,0.0363749,0.108445,0.773413,1.5266,-1.15988
-0.027792,0.0365274,0.108329,0.777043,1.5234,-1.16589
-0.0277141,0.0366796,0.108212,0.780672,1.52019,-1.17191
-0.0276359,0.0368314,0.108094,0.784299,1.51697,-1.17794
-0.0275573,0.036983,0.107976,0.787923,1.51373,-1.18397
-0.0274783,0.0371342,0.107857,0.791546,1.51048,-1.19001
-0.027399,0.0372851,0.107738,0.795166,1.50721,-1.19606
-0.0273193,0.0374356,0.107618,0.798785,1.50392,-1.20211
-0.0272392,0.0375859,0.107498,0.802401,1.50063,-1.20817
-0.0271588,0.0377358,0.107377,0.806016,1.49731,-1.21423
-0.027078,0.0378853,0.107255,0.809628,1.49398,-1.2203
-0.0269969,0.0380346,0.107133,0.813238,1.49064,-1.22638
-0.0269154,0.0381834,0.10701,0.816846,1.48728,-1.23246
-0.0268335,0.038332,0.106886,0.820451,1.48391,-1.23856
-0.0267513,0.0384802,0.106762,0.824055,1.48052,-1.24465
-0.0266687,0.0386281,0.106637,0.827656,1.47711,-1.25076
-0.0265857,0.0387757,0.106512,0.831255,1.47369,-1.25687
-0.0265024,0.0389228,0.106386,0.834852,1.47026,-1.26299
-0.0264188,0.0390697,0.106259,0.838447,1.46681,-1.26911
-0.0263347,0.0392162,0.106132,0.842039,1.46334,-1.27524
-0.0262504,0.0393624,0.106004,0.845629,1.45986,-1.28138
-0.0261656,0.0395082,0.105876,0.849217,1.45636,-1.28753
-0.0260805,0.0396536,0.105747,0.852802,1.45285,-1.29368
-0.0259951,0.0397988,0.105617,0.856385,1.44932,-1.29984
-0.0259092,0.0399435,0.105487,0.859966,1.44577,-1.306
-0.0258231,0.0400879,0.105356,0.863544,1.44221,-1.31218
-0.0257365,0.0402319,0.105224,0.86712,1.43864,-1.31836
-0.0256496,0.0403756,0.105092,0.870693,1.43504,-1.32455
-0.0255624,0.040519,0.104959,0.874264,1.43143,-1.33074
-0.0254748,0.0406619,0.104826,0.877833,1.42781,-1.33694
-0.0253868,0.0408045,0.104692,0.881399,1.42417,-1.34316
-0.0252985,0.0409468,0.104557,0.884962,1.42051,-1.34937
-0.0252098,0.0410886,0.104422,0.888523,1.41683,-1.3556
-0.0251208,0.0412301,0.104286,0.892081,1.41314,-1.36183
-0.0250314,0.0413712,0.10415,0.895637,1.40944,-1.36807
-0.0249417,0.041512,0.104013,0.89919,1.40571,-1.37432
-0.0248516,0.0416524,0.103875,0.90274,1.40197,-1.38057
-0.0247611,0.0417924,0.103736,0.906288,1.39821,-1.38684
-0.0246703,0.041932,0.103597,0.909833,1.39444,-1.39311
-0.0245792,0.0420713,0.103458,0.913375,1.39065,-1.39939
-0.0244876,0.0422102,0.103318,0.916914,1.38684,-1.40567
-0.0243958,0.0423487,0.103177,0.920451,1.38301,-1.41197
-0.0243036,0.0424868,0.103035,0.923985,1.37917,-1.41827
-0.024211,0.0426245,0.102893,0.927516,1.37531,-1.42458
-0.0241181,0.0427618,0.10275,0.931045,1.37143,-1.4309
-0.0240248,0.0428988,0.102607,0.93457,1.36754,-1.43723
-0.0239311,0.0430353,0.102463,0.938093,1.36362,-1.44356
-0.0238372,0.0431715,0.102318,0.941612,1.35969,-1.44991
-0.0237428,0.0433073,0.102173,0.945129,1.35575,-1.45626
-0.0236481,0.0434426,0.102027,0.948643,1.35178,-1.46262
-0.0235531,0.0435776,0.10188,0.952153,1.3478,-1.46899
-0.0234577,0.0437122,0.101733,0.955661,1.3438,-1.47536
-0.023362,0.0438464,0.101585,0.959166,1.33978,-1.48175
-0.0232659,0.0439802,0.101437,0.962667,1.33574,-1.48814
-0.0231694,0.0441135,0.101288,0.966166,1.33169,-1.49454
-0.0230726,0.0442465,0.101138,0.969661,1.32761,-1.50096
-0.0229755,0.0443791,0.100987,0.973153,1.32352,-1.50738
-0.022878,0.0445112,0.100836,0.976642,1.31941,-1.5138
-0.0227802,0.0446429,0.100685,0.980128,1.31528,-1.52024
-0.022682,0.0447743,0.100532,0.983611,1.31113,-1.52669
-0.0225834,0.0449052,0.100379,0.98709,1.30697,-1.53314
-0.0224846,0.0450356,0.100226,0.990566,1.30278,-1.53961
-0.0223853,0.0451657,0.100071,0.994038,1.29858,-1.54608
-0.0222858,0.0452954,0.0999165,0.997507,1.29435,-1.55256
-0.0221858,0.0454246,0.0997609,1.00097,1.29011,-1.55906
-0.0220856,0.0455534,0.0996047,1.00444,1.28585,-1.56556
-0.0219849,0.0456818,0.0994478,1.00789,1.28157,-1.57207
-0.021884,0.0458097,0.0992903,1.01135,1.27727,-1.57859
-0.0217827,0.0459372,0.0991321,1.0148,1.27295,-1.58511
-0.021681,0.0460643,0.0989732,1.01825,1.26861,-1.59165
-0.021579,0.0461909,0.0988137,1.02169,1.26425,-1.5982
-0.0214767,0.0463171,0.0986536,1.02513,1.25987,-1.60476
-0.021374,0.0464429,0.0984928,1.02857,1.25547,-1.61132
-0.021271,0.0465682,0.0983313,1.03201,1.25106,-1.6179
-0.0211676,0.0466931,0.0981692,1.03544,1.24662,-1.62449
-0.0210639,0.0468176,0.0980064,1.03886,1.24216,-1.63108
-0.0209598,0.0469415,0.097843,1.04228,1.23768,-1.63769
-0.0208554,0.0470651,0.0976789,1.0457,1.23318,-1.64431
-0.0207507,0.0471882,0.0975141,1.04912,1.22866,-1.65093
-0.0206456,0.0473108,0.0973487,1.05253,1.22412,-1.65757
-0.0205402,0.047433,0.0971826,1.05593,1.21956,-1.66421
-0.0204344,0.0475547,0.0970159,1.05934,1.21498,-1.67087
-0.0203283,0.047676,0.0968484,1.06273,1.21037,-1.67754
-0.0202219,0.0477968,0.0966803,1.06613,1.20575,-1.68421
-0.0201151,0.0479171,0.0965116,1.06952,1.2011,-1.6909
-0.020008,0.048037,0.0963422,1.0729,1.19643,-1.6976
-0.020008,0.048037,0.0963422,1.0729,1.19643,-1.6976
-0.0199006,0.0481565,0.096172,1.07478,1.19223,-1.70496
-0.019793,0.0482755,0.0960012,1.07666,1.188,-1.71234
-0.0196852,0.0483941,0.0958296,1.07853,1.18375,-1.71973
-0.0195773,0.0485122,0.0956572,1.0804,1.17947,-1.72712
-0.0194692,0.0486299,0.0954841,1.08226,1.17518,-1.73453
-0.0193608,0.0487473,0.0953103,1.08412,1.17086,-1.74195
-0.0192523,0.0488641,0.0951358,1.08598,1.16653,-1.74938
-0.0191437,0.0489806,0.0949604,1.08783,1.16217,-1.75682
-0.0190348,0.0490966,0.0947844,1.08967,1.15778,-1.76427
-0.0189257,0.0492121,0.0946076,1.09151,1.15338,-1.77173
-0.0188165,0.0493272,0.09443,1.09335,1.14895,-1.7792
-0.0187071,0.0494419,0.0942518,1.09518,1.1445,-1.78669
-0.0185974,0.0495561,0.0940727,1.09701,1.14003,-1.79418
-0.0184876,0.0496699,0.0938929,1.09883,1.13554,-1.80169
-0.0183777,0.0497832,0.0937124,1.10065,1.13102,-1.80921
-0.0182675,0.0498961,0.0935311,1.10247,1.12648,-1.81674
-0.0181572,0.0500085,0.093349,1.10428,1.12191,-1.82428
-0.0180467,0.0501205,0.0931662,1.10608,1.11732,-1.83183
-0.017936,0.050232,0.0929827,1.10788,1.11271,-1.8394
-0.0178251,0.050343,0.0927983,1.10968,1.10808,-1.84697
-0.017714,0.0504536,0.0926133,1.11147,1.10342,-1.85456
-0.0176028,0.0505637,0.0924274,1.11325,1.09873,-1.86216
-0.0174914,0.0506734,0.0922408,1.11503,1.09402,-1.86977
-0.0173798,0.0507825,0.0920535,1.11681,1.08929,-1.87739
-0.017268,0.0508912,0.0918653,1.11858,1.08454,-1.88503
-0.0171561,0.0509994,0.0916765,1.12035,1.07975,-1.89267
-0.0170439,0.0511072,0.0914868,1.12211,1.07495,-1.90033
-0.0169316,0.0512144,0.0912964,1.12386,1.07012,-1.90801
-0.0168192,0.0513212,0.0911052,1.12561,1.06526,-1.91569
-0.0167065,0.0514275,0.0909133,1.12736,1.06038,-1.92338
-0.0165937,0.0515333,0.0907205,1.1291,1.05547,-1.93109
-0.0164807,0.0516386,0.090527,1.13084,1.05054,-1.93881
-0.0163675,0.0517434,0.0903328,1.13257,1.04558,-1.94655
-0.0162542,0.0518477,0.0901377,1.13429,1.04059,-1.95429
-0.0161407,0.0519515,0.0899419,1.13601,1.03558,-1.96205
-0.016027,0.0520548,0.0897453,1.13772,1.03055,-1.96982
-0.0159131,0.0521576,0.0895479,1.13943,1.02548,-1.97761
-0.0157991,0.0522599,0.0893498,1.14114,1.02039,-1.9854
-0.0156849,0.0523617,0.0891509,1.14283,1.01527,-1.99321
-0.0155705,0.0524629,0.0889512,1.14452,1.01013,-2.00104
-0.015456,0.0525637,0.0887507,1.14621,1.00496,-2.00887
-0.0153413,0.0526639,0.0885494,1.14789,0.999757,-2.01672
-0.0152264,0.0527636,0.0883473,1.14956,0.99453,-2.02459
-0.0151114,0.0528628,0.0881445,1.15123,0.989275,-2.03246
-0.0149962,0.0529615,0.0879408,1.1529,0.983991,-2.04035
-0.0148808,0.0530596,0.0877364,1.15455,0.97868,-2.04825
-0.0147653,0.0531572,0.0875312,1.1562,0.97334,-2.05617
-0.0146496,0.0532543,0.0873252,1.15785,0.967971,-2.0641
-0.0145337,0.0533508,0.0871183,1.15949,0.962574,-2.07204
-0.0144177,0.0534468,0.0869107,1.16112,0.957147,-2.08
-0.0143015,0.0535423,0.0867023,1.16275,0.951691,-2.08797
-0.0141851,0.0536371,0.0864932,1.16437,0.946206,-2.09596
-0.0140686,0.0537315,0.0862832,1.16598,0.940691,-2.10395
-0.0139519,0.0538253,0.0860724,1.16759,0.935146,-2.11197
-0.0138351,0.0539185,0.0858608,1.16919,0.929571,-2.11999
-0.0137181,0.0540112,0.0856484,1.17078,0.923966,-2.12804
-0.0136009,0.0541033,0.0854352,1.17237,0.91833,-2.13609
-0.0134836,0.0541949,0.0852211,1.17395,0.912663,-2.14416
-0.0133661,0.0542858,0.0850063,1.17553,0.906965,-2.15224
-0.0132485,0.0543763,0.0847907,1.17709,0.901236,-2.16034
-0.0131307,0.0544661,0.0845743,1.17865,0.895476,-2.16846
-0.0130128,0.0545554,0.084357,1.18021,0.889684,-2.17658
-0.0128947,0.054644,0.0841389,1.18175,0.883859,-2.18473
-0.0127764,0.0547321,0.0839201,1.18329,0.878003,-2.19288
-0.012658,0.0548196,0.0837004,1.18483,0.872114,-2.20106
-0.0125395,0.0549065,0.0834798,1.18635,0.866193,-2.20924
-0.0124207,0.0549929,0.0832585,1.18787,0.860239,-2.21745
-0.0123019,0.0550786,0.0830364,1.18938,0.854251,-2.22566
-0.0121829,0.0551637,0.0828134,1.19089,0.84823,-2.2339
-0.0120637,0.0552482,0.0825896,1.19238,0.842175,-2.24214
-0.0119444,0.0553321,0.0823649,1.19387,0.836087,-2.25041
-0.0118249,0.0554155,0.0821395,1.19535,0.829964,-2.25869
-0.0117053,0.0554981,0.0819132,1.19682,0.823807,-2.26698
-0.0115856,0.0555802,0.0816861,1.19829,0.817615,-2.27529
-0.0114657,0.0556617,0.0814582,1.19975,0.811388,-2.28362
-0.0113456,0.0557425,0.0812294,1.2012,0.805125,-2.29196
-0.0112254,0.0558227,0.0809998,1.20264,0.798828,-2.30031
-0.0111051,0.0559023,0.0807693,1.20407,0.792494,-2.30869
-0.0109846,0.0559812,0.080538,1.2055,0.786124,-2.31708
-0.010864,0.0560595,0.0803059,1.20691,0.779718,-2.32548
-0.0107432,0.0561371,0.0800729,1.20832,0.773275,-2.3339
-0.0106223,0.0562141,0.0798391,1.20972,0.766795,-2.34234
-0.0105013,0.0562905,0.0796045,1.21111,0.760278,-2.35079
-0.0103801,0.0563662,0.079369,1.2125,0.753723,-2.35926
-0.0102588,0.0564412,0.0791326,1.21387,0.74713,-2.36775
-0.0101373,0.0565156,0.0788954,1.21524,0.740499,-2.37625
-0.0100157,0.0565893,0.0786574,1.21659,0.73383,-2.38478
-0.00989402,0.0566624,0.0784184,1.21794,0.727122,-2.39331
-0.00977216,0.0567347,0.0781787,1.21928,0.720374,-2.40187
-0.00965016,0.0568064,0.0779381,1.22061,0.713587,-2.41044
-0.00952804,0.0568775,0.0776966,1.22193,0.706761,-2.41902
-0.00940578,0.0569478,0.0774543,1.22324,0.699894,-2.42763
-0.00928339,0.0570174,0.0772111,1.22454,0.692987,-2.43625
-0.00916087,0.0570864,0.076967,1.22583,0.686039,-2.44489
-0.00903823,0.0571546,0.0767221,1.22711,0.679049,-2.45354
-0.00891545,0.0572222,0.0764763,1.22838,0.672019,-2.46222
-0.00879255,0.0572891,0.0762297,1.22964,0.664946,-2.47091
-0.00866952,0.0573552,0.0759821,1.23089,0.657831,-2.47962
-0.00854637,0.0574206,0.0757337,1.23213,0.650674,-2.48835
-0.0084231,0.0574853,0.0754845,1.23336,0.643474,-2.49709
-0.0082997,0.0575493,0.0752343,1.23458,0.63623,-2.50585
-0.00817618,0.0576126,0.0749833,1.23579,0.628943,-2.51463
-0.00805254,0.0576751,0.0747314,1.23699,0.621612,-2.52343
-0.00792878,0.0577369,0.0744786,1.23818,0.614236,-2.53225
-0.00780491,0.0577979,0.0742249,1.23936,0.606816,-2.54108
-0.00768091,0.0578583,0.0739704,1.24052,0.59935,-2.54993
-0.0075568,0.0579178,0.0737149,1.24168,0.591839,-2.5588
-0.00743258,0.0579766,0.0734586,1.24282,0.584282,-2.56769
-0.00730824,0.0580347,0.0732014,1.24395,0.576678,-2.5766
-0.00718379,0.058092,0.0729433,1.24507,0.569027,-2.58553
-0.00705923,0.0581485,0.0726843,1.24618,0.56133,-2.59447
-0.00693455,0.0582042,0.0724244,1.24728,0.553584,-2.60343
-0.00680977,0.0582592,0.0721636,1.24836,0.545791,-2.61242
-0.00668488,0.0583134,0.0719019,1.24943,0.537949,-2.62142
-0.00655988,0.0583668,0.0716393,1.25049,0.530058,-2.63044
-0.00643478,0.0584194,0.0713758,1.25154,0.522117,-2.63948
-0.00630958,0.0584712,0.0711114,1.25257,0.514127,-2.64854
-0.00618427,0.0585222,0.0708461,1.2536,0.506086,-2.65762
-0.00605886,0.0585724,0.0705799,1.25461,0.497995,-2.66671
-0.00593335,0.0586218,0.0703128,1.2556,0.489852,-2.67583
-0.00580774,0.0586704,0.0700447,1.25658,0.481658,-2.68497
-0.00568203,0.0587181,0.0697758,1.25755,0.473412,-2.69412
-0.00555623,0.0587651,0.0695059,1.25851,0.465112,-2.7033
-0.00543033,0.0588112,0.0692351,1.25945,0.45676,-2.71249
-0.00530434,0.0588564,0.0689634,1.26038,0.448354,-2.72171
-0.00517825,0.0589008,0.0686908,1.26129,0.439894,-2.73094
-0.00505208,0.0589444,0.0684172,1.26219,0.431379,-2.7402
-0.00492582,0.0589871,0.0681427,1.26308,0.422809,-2.74947
-0.00479947,0.0590289,0.0678673,1.26395,0.414183,-2.75877
-0.00467303,0.0590699,0.067591,1.2648,0.405501,-2.76808
-0.00454651,0.05911,0.0673137,1.26564,0.396762,-2.77742
-0.0044199,0.0591493,0.0670355,1.26647,0.387966,-2.78677
-0.00429321,0.0591876,0.0667564,1.26728,0.379112,-2.79615
-0.00416645,0.0592251,0.0664763,1.26807,0.370199,-2.80555
-0.0040396,0.0592617,0.0661953,1.26885,0.361227,-2.81496
-0.00391268,0.0592973,0.0659133,1.26961,0.352196,-2.8244
-0.00378568,0.0593321,0.0656304,1.27035,0.343104,-2.83386
-0.00365861,0.059366,0.0653465,1.27108,0.333952,-2.84334
-0.00353146,0.0593989,0.0650617,1.2718,0.324738,-2.85284
-0.00340425,0.0594309,0.0647759,1.27249,0.315463,-2.86236
-0.00327697,0.059462,0.0644892,1.27317,0.306124,-2.8719
-0.00314962,0.0594921,0.0642016,1.27383,0.296723,-2.88147
-0.0030222,0.0595213,0.0639129,1.27447,0.287257,-2.89105
-0.00289472,0.0595496,0.0636233,1.2751,0.277727,-2.90066
-0.00276718,0.0595769,0.0633328,1.2757,0.268132,-2.91028
-0.00263958,0.0596032,0.0630413,1.27629,0.258471,-2.91993
-0.00251192,0.0596286,0.0627488,1.27686,0.248743,-2.9296
-0.00238421,0.059653,0.0624554,1.27741,0.238949,-2.93929
-0.00225644,0.0596764,0.062161,1.27794,0.229086,-2.94901
-0.00212862,0.0596988,0.0618656,1.27846,0.219155,-2.95874
-0.00200075,0.0597202,0.0615692,1.27895,0.209154,-2.9685
-0.00187283,0.0597406,0.0612719,1.27942,0.199084,-2.97827
-0.00174487,0.05976,0.0609736,1.27987,0.188943,-2.98807
-0.00161686,0.0597784,0.0606743,1.2803,0.17873,-2.99789
-0.00148881,0.0597957,0.060374,1.28072,0.168445,-3.00773
-0.00136072,0.0598121,0.0600727,1.28111,0.158087,-3.0176
-0.00123259,0.0598274,0.0597705,1.28147,0.147655,-3.02748
-0.00110442,0.0598416,0.0594672,1.28182,0.137149,-3.03739
-0.000976224,0.0598548,0.059163,1.28214,0.126567,-3.04732
-0.000847994,0.0598669,0.0588577,1.28245,0.115909,-3.05727
-0.000719735,0.059878,0.0585515,1.28273,0.105175,-3.06725
-0.00059145,0.0598879,0.0582443,1.28298,0.0943622,-3.07724
-0.00046314,0.0598968,0.0579361,1.28322,0.083471,-3.08726
-0.000334808,0.0599046,0.0576268,1.28342,0.0725003,-3.0973
-0.000206456,0.0599113,0.0573166,1.28361,0.0614493,-3.10736
-7.80865e-05,0.0599169,0.0570054,1.28377,0.050317,-3.11745
5.02976e-05,0.0599214,0.0566931,1.28391,0.0391026,-3.12755
0.000178694,0.0599247,0.0563799,1.28402,0.0278052,-3.13768
0.0003071,0.0599269,0.0560656,1.2841,0.0164238,-3.14783
0.000435514,0.059928,0.0557503,1.28416,0.0049575,-3.15801
0.000563932,0.0599279,0.055434,1.28419,-0.00659462,-3.1682
0.000692352,0.0599267,0.0551166,1.2842,-0.0182335,-3.17842
0.000820771,0.0599243,0.0547983,1.28418,-0.0299602,-3.18866
0.000949187,0.0599207,0.0544789,1.28413,-0.0417757,-3.19892
0.0010776,0.0599159,0.0541585,1.28406,-0.0536809,-3.2092
0.001206,0.05991,0.0538371,1.28395,-0.0656769,-3.21951
0.00133439,0.0599028,0.0535146,1.28382,-0.0777648,-3.22983
0.00146276,0.0598944,0.0531911,1.28365,-0.0899455,-3.24018
0.00159112,0.0598848,0.0528666,1.28346,-0.10222,-3.25056
0.00171945,0.059874,0.052541,1.28324,-0.11459,-3.26095
0.00184776,0.0598619,0.0522144,1.28299,-0.127056,-3.27136
0.00184776,0.0598619,0.0522144,1.28299,-0.127056,-3.27136
0.00197604,0.0598486,0.0518867,1.28258,-0.139296,-3.28179
0.00210428,0.059834,0.051558,1.28214,-0.151634,-3.29225
0.00223247,0.0598182,0.0512283,1.28167,-0.164072,-3.30272
0.00236061,0.0598012,0.0508975,1.28116,-0.17661,-3.31321
0.0024887,0.0597829,0.0505656,1.28062,-0.18925,-3.32373
0.00261673,0.0597633,0.0502327,1.28005,-0.201994,-3.33427
0.00274471,0.0597425,0.0498988,1.27945,-0.214841,-3.34483
0.00287262,0.0597204,0.0495638,1.27881,-0.227794,-3.35541
0.00300047,0.0596969,0.0492277,1.27813,-0.240854,-3.36601
0.00312825,0.0596722,0.0488906,1.27742,-0.254022,-3.37663
0.00325595,0.0596461,0.0485524,1.27667,-0.2673,-3.38728
0.00338358,0.0596187,0.0482131,1.27589,-0.280688,-3.39794
0.00351113,0.05959,0.0478728,1.27506,-0.294188,-3.40862
0.00363859,0.0595599,0.0475314,1.2742,-0.307801,-3.41933
0.00376597,0.0595284,0.0471889,1.2733,-0.321529,-3.43005
0.00389325,0.0594956,0.0468454,1.27237,-0.335373,-3.4408
0.00402044,0.0594613,0.0465007,1.27139,-0.349335,-3.45156
0.00414753,0.0594257,0.046155,1.27037,-0.363416,-3.46235
0.00427451,0.0593887,0.0458083,1.26931,-0.377617,-3.47315
0.00440139,0.0593502,0.0454604,1.2682,-0.391941,-3.48398
0.00452815,0.0593103,0.0451115,1.26706,-0.406388,-3.49482
0.00465479,0.0592689,0.0447615,1.26587,-0.42096,-3.50568
0.00478132,0.0592261,0.0444103,1.26463,-0.435658,-3.51656
0.00490772,0.0591818,0.0440581,1.26335,-0.450485,-3.52746
0.00503399,0.059136,0.0437049,1.26203,-0.465442,-3.53837
0.00516012,0.0590887,0.0433505,1.26065,-0.48053,-3.5493
0.00528612,0.0590399,0.042995,1.25924,-0.495751,-3.56025
0.00541197,0.0589895,0.0426384,1.25777,-0.511108,-3.57122
0.00553767,0.0589376,0.0422807,1.25625,-0.5266,-3.5822
0.00566322,0.0588842,0.041922,1.25468,-0.542232,-3.5932
0.00578861,0.0588292,0.0415621,1.25306,-0.558003,-3.60422
0.00591383,0.0587726,0.0412011,1.2514,-0.573916,-3.61525
0.00603888,0.0587144,0.0408391,1.24967,-0.589974,-3.6263
0.00616376,0.0586546,0.0404759,1.2479,-0.606176,-3.63736
0.00628846,0.0585932,0.0401116,1.24607,-0.622527,-3.64843
0.00641297,0.0585301,0.0397462,1.24418,-0.639027,-3.65952
0.00653729,0.0584653,0.0393797,1.24224,-0.655678,-3.67062
0.00666142,0.0583989,0.0390121,1.24024,-0.672483,-3.68174
0.00678534,0.0583308,0.0386433,1.23818,-0.689444,-3.69286
0.00690905,0.058261,0.0382735,1.23606,-0.706562,-3.704
0.00703255,0.0581895,0.0379025,1.23388,-0.72384,-3.71515
0.00715583,0.0581163,0.0375305,1.23164,-0.74128,-3.72631
0.00727887,0.0580413,0.0371573,1.22933,-0.758884,-3.73748
0.00740169,0.0579645,0.036783,1.22696,-0.776654,-3.74865
0.00752426,0.0578859,0.0364075,1.22453,-0.794592,-3.75984
0.00764659,0.0578056,0.036031,1.22203,-0.812702,-3.77103
0.00776867,0.0577234,0.0356533,1.21946,-0.830984,-3.78223
0.00789048,0.0576394,0.0352745,1.21682,-0.849442,-3.79344
0.00801203,0.0575535,0.0348946,1.21411,-0.868078,-3.80465
0.0081333,0.0574657,0.0345136,1.21133,-0.886895,-3.81587
0.00825429,0.0573761,0.0341315,1.20848,-0.905894,-3.82709
0.008375,0.0572846,0.0337482,1.20555,-0.925079,-3.83831
0.0084954,0.0571911,0.0333638,1.20255,-0.944451,-3.84953
0.0086155,0.0570957,0.0329783,1.19947,-0.964014,-3.86076
0.00873529,0.0569983,0.0325917,1.19631,-0.983771,-3.87198
0.00885476,0.0568989,0.0322039,1.19307,-1.00372,-3.8832
0.0089739,0.0567975,0.031815,1.18975,-1.02387,-3.89442
0.00909271,0.0566941,0.031425,1.18634,-1.04423,-3.90564
0.00921117,0.0565887,0.0310339,1.18285,-1.06478,-3.91685
0.00932928,0.0564812,0.0306416,1.17927,-1.08555,-3.92805
0.00944702,0.0563716,0.0302483,1.1756,-1.10652,-3.93925
0.00956439,0.0562598,0.0298538,1.17185,-1.12771,-3.95044
0.00968139,0.056146,0.0294582,1.168,-1.14911,-3.96161
0.00979799,0.05603,0.0290615,1.16405,-1.17074,-3.97278
0.00991419,0.0559118,0.0286636,1.16002,-1.19258,-3.98393
0.01003,0.0557915,0.0282647,1.15588,-1.21465,-3.99507
0.0101454,0.0556689,0.0278646,1.15164,-1.23695,-4.00619
0.0102603,0.0555441,0.0274634,1.1473,-1.25949,-4.01729
0.0103748,0.055417,0.0270612,1.14286,-1.28225,-4.02837
0.0104889,0.0552876,0.0266578,1.13831,-1.30526,-4.03943
0.0106025,0.0551559,0.0262533,1.13366,-1.32851,-4.05047
0.0107156,0.0550219,0.0258477,1.12889,-1.35201,-4.06148
0.0108283,0.0548855,0.025441,1.12401,-1.37575,-4.07246
0.0109404,0.0547468,0.0250332,1.11902,-1.39975,-4.08342
0.0110521,0.0546056,0.0246243,1.1139,-1.424,-4.09434
0.0111632,0.054462,0.0242143,1.10867,-1.44852,-4.10522
0.0112738,0.0543159,0.0238033,1.10332,-1.4733,-4.11607
0.0113838,0.0541673,0.0233911,1.09784,-1.49835,-4.12688
0.0114934,0.0540162,0.0229779,1.09223,-1.52367,-4.13764
0.0116023,0.0538625,0.0225636,1.08649,-1.54927,-4.14836
0.0117106,0.0537063,0.0221482,1.08062,-1.57515,-4.15904
0.0118184,0.0535475,0.0217318,1.07462,-1.60131,-4.16966
0.0119256,0.053386,0.0213143,1.06847,-1.62777,-4.18023
0.0120321,0.0532219,0.0208957,1.06219,-1.65451,-4.19074
0.012138,0.0530551,0.0204761,1.05575,-1.68156,-4.20119
0.0122432,0.0528856,0.0200555,1.04917,-1.7089,-4.21158
0.0123478,0.0527133,0.0196338,1.04244,-1.73655,-4.2219
0.0124517,0.0525383,0.0192111,1.03556,-1.76452,-4.23215
0.0125549,0.0523604,0.0187874,1.02851,-1.7928,-4.24232
0.0126574,0.0521797,0.0183627,1.02131,-1.8214,-4.25242
0.0127592,0.0519961,0.0179369,1.01394,-1.85032,-4.26243
0.0128602,0.0518096,0.0175102,1.0064,-1.87957,-4.27236
0.0129605,0.0516202,0.0170824,0.998687,-1.90916,-4.28219
0.0130599,0.0514278,0.0166537,0.990799,-1.93909,-4.29193
0.0131586,0.0512324,0.0162241,0.982731,-1.96936,-4.30157
0.0132565,0.0510339,0.0157934,0.974479,-1.99999,-4.3111
0.0133535,0.0508324,0.0153618,0.966039,-2.03097,-4.32052
0.0134497,0.0506277,0.0149293,0.957406,-2.0623,-4.32983
0.013545,0.0504199,0.0144959,0.948576,-2.09401,-4.33901
0.0136394,0.0502089,0.0140615,0.939545,-2.12608,-4.34806
0.0137329,0.0499947,0.0136263,0.930308,-2.15853,-4.35698
0.0138254,0.0497772,0.0131901,0.92086,-2.19136,-4.36576
0.013917,0.0495564,0.0127531,0.911197,-2.22458,-4.3744
0.0140077,0.0493323,0.0123153,0.901313,-2.25819,-4.38288
0.0140973,0.0491047,0.0118766,0.891203,-2.2922,-4.3912
0.0141859,0.0488738,0.011437,0.880863,-2.32661,-4.39935
0.0142735,0.0486394,0.0109967,0.870287,-2.36143,-4.40732
0.01436,0.0484015,0.0105556,0.85947,-2.39667,-4.41512
0.0144454,0.0481601,0.0101137,0.848405,-2.43233,-4.42272
0.0145296,0.047915,0.00967103,0.837088,-2.46841,-4.43012
0.0146128,0.0476664,0.00922766,0.825512,-2.50493,-4.43731
0.0146947,0.047414,0.00878358,0.813672,-2.54189,-4.44429
0.0147755,0.047158,0.00833881,0.80156,-2.57929,-4.45103
0.014855,0.0468981,0.00789338,0.789171,-2.61714,-4.45754
0.0149333,0.0466345,0.00744731,0.776499,-2.65544,-4.4638
0.0150103,0.046367,0.00700063,0.763537,-2.69421,-4.46981
0.015086,0.0460957,0.00655336,0.750277,-2.73344,-4.47554
0.0151604,0.0458203,0.00610553,0.736714,-2.77315,-4.48099
0.0152333,0.045541,0.00565717,0.722839,-2.81334,-4.48615
0.0153049,0.0452577,0.00520831,0.708646,-2.85401,-4.49101
0.0153751,0.0449702,0.00475898,0.694128,-2.89517,-4.49554
0.0154437,0.0446786,0.00430921,0.679275,-2.93683,-4.49975
0.0155109,0.0443828,0.00385904,0.664082,-2.97899,-4.50361
0.0155765,0.0440828,0.0034085,0.648539,-3.02166,-4.50711
0.0156406,0.0437785,0.00295763,0.632639,-3.06484,-4.51023
0.0157031,0.0434698,0.00250647,0.616374,-3.10854,-4.51296
0.0157639,0.0431567,0.00205505,0.599734,-3.15276,-4.51529
0.015823,0.0428392,0.00160342,0.582711,-3.1975,-4.51719
0.0158804,0.0425172,0.00115163,0.565297,-3.24278,-4.51865
0.015936,0.0421907,0.000699709,0.547482,-3.2886,-4.51966
0.0159899,0.0418595,0.000247713,0.529257,-3.33496,-4.52018
0.0160419,0.0415236,-0.000204311,0.510612,-3.38186,-4.52021
0.016092,0.0411831,-0.000656312,0.491539,-3.42931,-4.51972
0.0161402,0.0408378,-0.00110824,0.472027,-3.47731,-4.51869
0.0161864,0.0404876,-0.00156003,0.452067,-3.52587,-4.51711
0.0162306,0.0401326,-0.00201164,0.431648,-3.57499,-4.51494
0.0162727,0.0397726,-0.002463,0.410761,-3.62466,-4.51216
0.0163127,0.0394076,-0.00291405,0.389395,-3.6749,-4.50876
0.0163505,0.0390376,-0.00336473,0.367539,-3.7257,-4.50471
0.0163862,0.0386625,-0.00381497,0.345183,-3.77706,-4.49997
0.0164196,0.0382822,-0.0042647,0.322316,-3.82899,-4.49453
0.0164506,0.0378966,-0.00471385,0.298928,-3.88148,-4.48835
0.0164793,0.0375059,-0.00516235,0.275006,-3.93454,-4.48141
0.0165056,0.0371097,-0.00561011,0.250542,-3.98815,-4.47368
0.0165294,0.0367082,-0.00605705,0.225522,-4.04232,-4.46513
0.0165507,0.0363012,-0.0065031,0.199937,-4.09705,-4.45573
0.0165694,0.0358888,-0.00694817,0.173775,-4.15232,-4.44544
0.0165854,0.0354708,-0.00739216,0.147025,-4.20814,-4.43423
0.0165988,0.0350471,-0.00783498,0.119675,-4.26449,-4.42207
0.0166094,0.0346178,-0.00827654,0.0917151,-4.32138,-4.40892
0.0166171,0.0341828,-0.00871673,0.063134,-4.37879,-4.39475
0.016622,0.0337421,-0.00915546,0.0339207,-4.4367,-4.37951
0.0166239,0.0332955,-0.0095926,0.00406452,-4.49512,-4.36318
0.0166227,0.032843,-0.0100281,-0.026445,-4.55402,-4.34571
0.0166186,0.0323847,-0.0104617,-0.0576182,-4.61339,-4.32706
0.0166112,0.0319203,-0.0108934,-0.0894651,-4.67322,-4.30718
0.0166006,0.03145,-0.0113231,-0.121995,-4.73348,-4.28605
0.0165868,0.0309736,-0.0117506,-0.155218,-4.79416,-4.26361
0.0165696,0.0304912,-0.0121758,-0.189142,-4.85523,-4.23983
0.0165489,0.0300026,-0.0125985,-0.223777,-4.91668,-4.21465
0.0165248,0.0295078,-0.0130187,-0.259128,-4.97847,-4.18803
0.0164971,0.0290069,-0.0134361,-0.295204,-5.04057,-4.15993
0.0164657,0.0284997,-0.0138506,-0.332011,-5.10296,-4.1303
0.0164307,0.0279863,-0.0142621,-0.369555,-5.1656,-4.09909
0.0163918,0.0274666,-0.0146704,-0.40784,-5.22845,-4.06625
0.0163491,0.0269406,-0.0150753,-0.44687,-5.29149,-4.03175
0.0163024,0.0264083,-0.0154766,-0.486647,-5.35465,-3.99552
0.0162517,0.0258696,-0.0158743,-0.527174,-5.41791,-3.95753
0.0161969,0.0253247,-0.0162681,-0.568449,-5.48121,-3.91772
0.016138,0.0247734,-0.0166578,-0.610473,-5.5445,-3.87604
0.0160748,0.0242158,-0.0170432,-0.653242,-5.60772,-3.83246
0.0160073,0.0236519,-0.0174242,-0.696752,-5.67083,-3.78692
0.0159354,0.0230816,-0.0178006,-0.740996,-5.73375,-3.73938
0.0158591,0.0225051,-0.018172,-0.785968,-5.79643,-3.6898
0.0157782,0.0219223,-0.0185384,-0.831658,-5.8588,-3.63813
0.0156927,0.0213334,-0.0188996,-0.878053,-5.92078,-3.58434
0.0156026,0.0207382,-0.0192552,-0.925139,-5.98231,-3.52838
0.0155077,0.0201369,-0.0196052,-0.9729,-6.0433,-3.47021
0.015408,0.0195296,-0.0199492,-1.02132,-6.10367,-3.40981
0.0153034,0.0189162,-0.0202871,-1.07037,-6.16333,-3.34715
0.0151939,0.0182969,-0.0206186,-1.12003,-6.22221,-3.28219
0.0150794,0.0176718,-0.0209434,-1.17028,-6.2802,-3.21492
0.0149598,0.0170409,-0.0212615,-1.22109,-6.33721,-3.1453
0.0148351,0.0164044,-0.0215724,-1.27241,-6.39315,-3.07334
0.0147053,0.0157623,-0.0218761,-1.32423,-6.44792,-2.99901
0.0145703,0.0151148,-0.0221721,-1.37649,-6.50141,-2.92232
0.01443,0.0144621,-0.0224604,-1.42916,-6.55352,-2.84325
0.0142844,0.0138042,-0.0227407,-1.4822,-6.60414,-2.76183
0.0141336,0.0131413,-0.0230127,-1.53555,-6.65318,-2.67806
0.0139773,0.0124736,-0.0232762,-1.58917,-6.70051,-2.59195
0.0138157,0.0118013,-0.023531,-1.64301,-6.74603,-2.50355
0.0136487,0.0111245,-0.0237769,-1.697,-6.78964,-2.41287
0.0134763,0.0104434,-0.0240135,-1.75109,-6.83122,-2.31996
0.0132985,0.0097583,-0.0242408,-1.80522,-6.87068,-2.22487
0.0131153,0.00906935,-0.0244584,-1.85933,-6.90789,-2.12765
0.0129266,0.0083768,-0.0246663,-1.91334,-6.94278,-2.02836
0.0127326,0.00768088,-0.024864,-1.9672,-6.97522,-1.92708
0.0125332,0.00698184,-0.0250516,-2.02082,-7.00513,-1.82389
0.0123284,0.00627994,-0.0252288,-2.07415,-7.03242,-1.71887
0.0121184,0.00557544,-0.0253953,-2.12711,-7.057,-1.61212
0.011903,0.00486863,-0.0255511,-2.17962,-7.07879,-1.50374
0.0116825,0.00415978,-0.025696,-2.23162,-7.09771,-1.39383
0.0114567,0.00344919,-0.0258299,-2.28302,-7.11369,-1.28252
0.0112259,0.00273714,-0.0259525,-2.33376,-7.12668,-1.16992
0.01099,0.00202395,-0.0260638,-2.38377,-7.13662,-1.05617
0.0107492,0.00130992,-0.0261637,-2.43297,-7.14347,-0.941402
0.0105034,0.000595364,-0.0262521,-2.48129,-7.14718,-0.825746
0.0102529,-0.000119408,-0.0263288,-2.52866,-7.14773,-0.70935
0.00999775,-0.000834076,-0.0263939,-2.57502,-7.14511,-0.592359
0.00973797,-0.00154832,-0.0264473,-2.62031,-7.13929,-0.474921
0.00947372,-0.00226183,-0.0264889,-2.66446,-7.13029,-0.357189
0.00920512,-0.00297427,-0.0265187,-2.70742,-7.11811,-0.239313
0.00893228,-0.00368535,-0.0265367,-2.74914,-7.10277,-0.121445
0.00865533,-0.00439472,-0.026543,-2.78956,-7.0843,-0.00373877
0.00837441,-0.0051021,-0.0265375,-2.82863,-7.06273,0.113657
0.00808965,-0.00580717,-0.0265203,-2.86633,-7.03812,0.230592
0.00780119,-0.00650963,-0.0264914,-2.9026,-7.01052,0.346922
0.00750918,-0.00720918,-0.0264509,-2.93742,-6.97999,0.462504
0.00721376,-0.00790553,-0.0263989,-2.97077,-6.9466,0.5772
0.00691508,-0.0085984,-0.0263355,-3.00261,-6.91042,0.690876
0.00661329,-0.00928752,-0.0262608,-3.03293,-6.87156,0.803404
0.00630854,-0.00997263,-0.0261749,-3.06172,-6.83008,0.914661
0.00600099,-0.0106535,-0.0260779,-3.08896,-6.7861,1.02453
0.0056908,-0.0113298,-0.02597,-3.11466,-6.73971,1.13291
0.00537811,-0.0120013,-0.0258514,-3.13881,-6.69101,1.23969
0.00506309,-0.0126679,-0.0257221,-3.16142,-6.64012,1.34477
0.00474588,-0.0133293,-0.0255825,-3.18249,-6.58714,1.44808
0.00442664,-0.0139853,-0.0254326,-3.20204,-6.53219,1.54952
0.00410552,-0.0146357,-0.0252726,-3.22009,-6.47538,1.64903
0.00378267,-0.0152803,-0.0251028,-3.23665,-6.41683,1.74655
0.00345824,-0.015919,-0.0249234,-3.25174,-6.35665,1.84201
0.00313237,-0.0165516,-0.0247345,-3.2654,-6.29495,1.93536
0.00280521,-0.0171779,-0.0245364,-3.27764,-6.23186,2.02657
0.00247689,-0.0177979,-0.0243293,-3.28851,-6.16749,2.1156
0.00214755,-0.0184114,-0.0241134,-3.29802,-6.10194,2.20242
0.00181733,-0.0190182,-0.0238889,-3.30622,-6.03533,2.287
0.00148635,-0.0196184,-0.023656,-3.31315,-5.96776,2.36934
0.00115474,-0.0202118,-0.0234151,-3.31883,-5.89933,2.44942
0.000822626,-0.0207982,-0.0231662,-3.32331,-5.83016,2.52724
0.000490121,-0.0213778,-0.0229097,-3.32662,-5.76033,2.6028
0.00015734,-0.0219503,-0.0226457,-3.32881,-5.68994,2.67611
-0.000175605,-0.0225157,-0.0223746,-3.32991,-5.61909,2.74718
-0.000508607,-0.0230741,-0.0220964,-3.32997,-5.54785,2.81602
-0.000841565,-0.0236253,-0.0218114,-3.32903,-5.47632,2.88266
-0.00117438,-0.0241693,-0.0215199,-3.32712,-5.40456,2.94711
-0.00150696,-0.0247062,-0.0212221,-3.32428,-5.33266,3.00941
-0.00183921,-0.0252359,-0.0209181,-3.32057,-5.26069,3.06957
-0.00217104,-0.0257583,-0.0206082,-3.31601,-5.18872,3.12765
-0.00250238,-0.0262736,-0.0202926,-3.31064,-5.1168,3.18366
-0.00283315,-0.0267817,-0.0199716,-3.3045,-5.04501,3.23764
-0.00316326,-0.0272826,-0.0196452,-3.29764,-4.97339,3.28964
-0.00349265,-0.0277764,-0.0193137,-3.29008,-4.902,3.33969
-0.00382125,-0.028263,-0.0189773,-3.28186,-4.83088,3.38783
-0.004149,-0.0287426,-0.0186362,-3.27301,-4.7601,3.43411
-0.00447583,-0.0292151,-0.0182905,-3.26358,-4.68967,3.47856
-0.0048017,-0.0296805,-0.0179405,-3.25358,-4.61965,3.52124
-0.00512653,-0.030139,-0.0175864,-3.24306,-4.55008,3.56217
-0.00545029,-0.0305906,-0.0172282,-3.23204,-4.48097,3.60142
-0.00577293,-0.0310352,-0.0168661,-3.22056,-4.41238,3.63901
-0.00609439,-0.0314731,-0.0165004,-3.20864,-4.34431,3.675
-0.00641464,-0.0319041,-0.0161312,-3.1963,-4.2768,3.70943
-0.00673364,-0.0323284,-0.0157586,-3.18359,-4.20987,3.74234
-0.00705134,-0.0327461,-0.0153828,-3.17051,-4.14355,3.77377
-0.00736773,-0.0331572,-0.0150039,-3.1571,-4.07784,3.80378
-0.00768275,-0.0335617,-0.0146221,-3.14337,-4.01277,3.83239
-0.00799639,-0.0339597,-0.0142374,-3.12935,-3.94834,3.85966
-0.00830862,-0.0343514,-0.0138502,-3.11507,-3.88458,3.88562
-0.0086194,-0.0347367,-0.0134604,-3.10054,-3.82149,3.91031
-0.00892872,-0.0351157,-0.0130681,-3.08578,-3.75908,3.93378
-0.00923655,-0.0354885,-0.0126736,-3.0708,-3.69736,3.95606
-0.00954287,-0.0358552,-0.012277,-3.05564,-3.63633,3.97718
-0.00984767,-0.0362158,-0.0118782,-3.04029,-3.57601,3.99719
-0.0101509,-0.0365704,-0.0114776,-3.02479,-3.51638,4.01613
-0.0104526,-0.0369191,-0.011075,-3.00914,-3.45747,4.03402
-0.0107527,-0.0372619,-0.0106708,-2.99337,-3.39926,4.05091
-0.0110513,-0.037599,-0.0102649,-2.97747,-3.34176,4.06682
-0.0113482,-0.0379303,-0.00985746,-2.96147,-3.28497,4.08179
-0.0116436,-0.038256,-0.00944857,-2.94538,-3.22888,4.09585
-0.0119373,-0.0385761,-0.00903832,-2.9292,-3.1735,4.10903
-0.0122294,-0.0388907,-0.00862679,-2.91296,-3.11882,4.12137
-0.0125199,-0.0391999,-0.00821407,-2.89666,-3.06485,4.13288
-0.0128087,-0.0395037,-0.00780024,-2.88031,-3.01156,4.1436
-0.013096,-0.0398022,-0.00738538,-2.86392,-2.95897,4.15356
-0.0133815,-0.0400955,-0.00696956,-2.8475,-2.90706,4.16278
-0.0136655,-0.0403837,-0.00655285,-2.83105,-2.85584,4.17129
-0.0139477,-0.0406667,-0.00613532,-2.81459,-2.80529,4.17911
-0.0142284,-0.0409448,-0.00571705,-2.79813,-2.75541,4.18627
-0.0145074,-0.0412178,-0.00529809,-2.78166,-2.70619,4.19279
-0.0147847,-0.041486,-0.00487851,-2.7652,-2.65763,4.19869
-0.0150604,-0.0417494,-0.00445837,-2.74875,-2.60972,4.204
-0.0153345,-0.042008,-0.00403773,-2.73231,-2.56245,4.20874
-0.0156069,-0.0422619,-0.00361664,-2.7159,-2.51581,4.21292
-0.0158776,-0.0425112,-0.00319516,-2.69952,-2.46981,4.21657
-0.0161468,-0.0427559,-0.00277334,-2.68317,-2.42442,4.21971
-0.0164143,-0.0429961,-0.00235124,-2.66686,-2.37965,4.22235
-0.0166801,-0.0432318,-0.00192889,-2.65059,-2.33549,4.22451
-0.0169444,-0.0434632,-0.00150635,-2.63436,-2.29192,4.22621
-0.017207,-0.0436902,-0.00108366,-2.61819,-2.24894,4.22747
-0.017468,-0.043913,-0.000660871,-2.60206,-2.20654,4.2283
-0.0177274,-0.0441316,-0.000238017,-2.58599,-2.16471,4.22872
-0.0179852,-0.044346,0.000184859,-2.56998,-2.12346,4.22874
-0.0182414,-0.0445563,0.000607718,-2.55403,-2.08276,4.22837
-0.018496,-0.0447625,0.00103052,-2.53814,-2.0426,4.22764
-0.0187491,-0.0449648,0.00145323,-2.52232,-2.003,4.22656
-0.0190005,-0.0451631,0.00187582,-2.50657,-1.96392,4.22513
-0.0192504,-0.0453576,0.00229825,-2.49088,-1.92537,4.22337
-0.0194987,-0.0455482,0.00272048,-2.47527,-1.88734,4.22129
-0.0197454,-0.0457351,0.0031425,-2.45973,-1.84982,4.21891
-0.0199906,-0.0459182,0.00356426,-2.44427,-1.8128,4.21623
-0.0202343,-0.0460977,0.00398573,-2.42888,-1.77628,4.21327
-0.0204764,-0.0462735,0.0044069,-2.41357,-1.74025,4.21004
-0.020717,-0.0464457,0.00482773,-2.39834,-1.70469,4.20654
-0.0209561,-0.0466144,0.0052482,-2.38318,-1.66961,4.20279
-0.0211936,-0.0467797,0.00566828,-2.36811,-1.63499,4.19879
-0.0214297,-0.0469415,0.00608795,-2.35312,-1.60083,4.19456
-0.0216643,-0.0470998,0.00650719,-2.33821,-1.56712,4.1901
-0.0218974,-0.0472549,0.00692597,-2.32338,-1.53386,4.18543
-0.022129,-0.0474066,0.00734427,-2.30864,-1.50103,4.18055
-0.0223591,-0.0475551,0.00776207,-2.29398,-1.46863,4.17546
-0.0225878,-0.0477004,0.00817935,-2.27941,-1.43666,4.17018
-0.022815,-0.0478425,0.0085961,-2.26492,-1.4051,4.16471
-0.0230407,-0.0479814,0.00901229,-2.25051,-1.37395,4.15907
-0.0232651,-0.0481173,0.0094279,-2.23619,-1.3432,4.15325
-0.023488,-0.0482501,0.00984293,-2.22195,-1.31285,4.14726
-0.0237095,-0.0483798,0.0102574,-2.2078,-1.28289,4.14112
-0.0239295,-0.0485067,0.0106711,-2.19374,-1.25332,4.13482
-0.0241482,-0.0486305,0.0110843,-2.17976,-1.22412,4.12837
-0.0243655,-0.0487515,0.0114968,-2.16586,-1.19529,4.12178
-0.0245814,-0.0488696,0.0119087,-2.15205,-1.16683,4.11505
-0.0247959,-0.0489849,0.0123198,-2.13832,-1.13873,4.1082
-0.0250091,-0.0490973,0.0127303,-2.12468,-1.11098,4.10121
-0.0252209,-0.0492071,0.0131401,-2.11113,-1.08358,4.09411
-0.0254313,-0.0493141,0.0135491,-2.09765,-1.05653,4.08689
-0.0256404,-0.0494184,0.0139574,-2.08427,-1.02981,4.07956
-0.0258481,-0.0495201,0.014365,-2.07096,-1.00343,4.07211
-0.0260546,-0.0496191,0.0147719,-2.05774,-0.977367,4.06457
-0.0262597,-0.0497155,0.0151779,-2.0446,-0.951629,4.05693
-0.0264635,-0.0498094,0.0155832,-2.03155,-0.926208,4.04919
-0.026666,-0.0499008,0.0159878,-2.01857,-0.901098,4.04136
-0.0268672,-0.0499897,0.0163915,-2.00568,-0.876295,4.03345
-0.0270671,-0.0500761,0.0167945,-1.99287,-0.851793,4.02545
-0.0272658,-0.05016,0.0171966,-1.98014,-0.827588,4.01737
-0.0274632,-0.0502416,0.0175979,-1.96749,-0.803676,4.00921
-0.0276593,-0.0503208,0.0179984,-1.95492,-0.78005,4.00098
-0.0278542,-0.0503976,0.0183981,-1.94243,-0.756708,3.99268
-0.0280478,-0.0504721,0.018797,-1.93002,-0.733645,3.98431
-0.0282402,-0.0505443,0.019195,-1.91769,-0.710855,3.97588
-0.0284313,-0.0506143,0.0195921,-1.90544,-0.688336,3.96738
-0.0286213,-0.050682,0.0199885,-1.89326,-0.666082,3.95883
-0.02881,-0.0507475,0.0203839,-1.88116,-0.64409,3.95022
-0.0289975,-0.0508108,0.0207785,-1.86914,-0.622356,3.94156
-0.0291838,-0.050872,0.0211722,-1.85719,-0.600875,3.93284
-0.0293689,-0.050931,0.0215651,-1.84532,-0.579644,3.92408
-0.0295529,-0.0509879,0.021957,-1.83352,-0.558659,3.91527
-0.0297356,-0.0510428,0.0223481,-1.8218,-0.537915,3.90641
-0.0299172,-0.0510955,0.0227383,-1.81015,-0.517411,3.89751
-0.0300977,-0.0511463,0.0231276,-1.79857,-0.49714,3.88857
-0.030277,-0.051195,0.023516,-1.78707,-0.477102,3.8796
-0.0304551,-0.0512417,0.0239035,-1.77564,-0.45729,3.87058
-0.0306321,-0.0512864,0.0242901,-1.76428,-0.437703,3.86154
-0.030808,-0.0513292,0.0246758,-1.75298,-0.418337,3.85245
-0.0309827,-0.0513701,0.0250606,-1.74176,-0.399189,3.84334
-0.0311563,-0.0514091,0.0254445,-1.73061,-0.380255,3.8342
-0.0313288,-0.0514462,0.0258275,-1.71953,-0.361532,3.82503
-0.0315002,-0.0514814,0.0262095,-1.70852,-0.343016,3.81584
-0.0316705,-0.0515148,0.0265906,-1.69757,-0.324706,3.80662
-0.0318397,-0.0515463,0.0269708,-1.68669,-0.306598,3.79738
-0.0320079,-0.0515761,0.0273501,-1.67588,-0.288688,3.78811
-0.0321749,-0.0516041,0.0277285,-1.66514,-0.270975,3.77883
-0.0323409,-0.0516303,0.0281059,-1.65446,-0.253455,3.76952
-0.0325058,-0.0516548,0.0284824,-1.64384,-0.236125,3.7602
-0.0326697,-0.0516775,0.0288579,-1.63329,-0.218982,3.75086
-0.0328325,-0.0516986,0.0292325,-1.6228,-0.202024,3.74151
-0.0329942,-0.0517179,0.0296062,-1.61238,-0.185249,3.73214
-0.0331549,-0.0517356,0.029979,-1.60202,-0.168653,3.72276
-0.0333146,-0.0517517,0.0303508,-1.59172,-0.152234,3.71336
-0.0334733,-0.0517661,0.0307216,-1.58148,-0.135989,3.70396
-0.0336309,-0.0517789,0.0310916,-1.5713,-0.119917,3.69455
-0.0337876,-0.0517901,0.0314605,-1.56119,-0.104014,3.68512
-0.0339432,-0.0517997,0.0318286,-1.55113,-0.088278,3.67569
-0.0340978,-0.0518077,0.0321957,-1.54113,-0.072707,3.66625
-0.0342514,-0.0518142,0.0325618,-1.53119,-0.0572984,3.6568
-0.034404,-0.0518192,0.032927,-1.52131,-0.04205,3.64735
-0.0345557,-0.0518227,0.0332913,-1.51149,-0.0269596,3.6379
-0.0347063,-0.0518246,0.0336546,-1.50173,-0.012025,3.62844
-0.034856,-0.0518251,0.034017,-1.49202,0.0027559,3.61897
-0.0350047,-0.0518241,0.0343784,-1.48237,0.0173853,3.60951
-0.0351525,-0.0518216,0.0347389,-1.47277,0.0318653,3.60004
-0.0352993,-0.0518177,0.0350984,-1.46323,0.0461978,3.59057
-0.0354451,-0.0518124,0.035457,-1.45374,0.0603849,3.5811
-0.03559,-0.0518056,0.0358146,-1.44431,0.0744286,3.57163
-0.035734,-0.0517975,0.0361713,-1.43493,0.0883308,3.56217
-0.035877,-0.051788,0.0365271,-1.42561,0.102093,3.5527
-0.0360191,-0.0517771,0.0368819,-1.41633,0.115718,3.54323
-0.0361603,-0.0517648,0.0372357,-1.40711,0.129207,3.53377
-0.0363005,-0.0517512,0.0375886,-1.39794,0.142562,3.52431
-0.0364399,-0.0517363,0.0379406,-1.38882,0.155785,3.51486
-0.0365783,-0.0517201,0.0382916,-1.37976,0.168877,3.5054
-0.0367158,-0.0517025,0.0386417,-1.37074,0.18184,3.49596
-0.0368525,-0.0516837,0.0389908,-1.36177,0.194676,3.48651
-0.0369882,-0.0516636,0.039339,-1.35286,0.207387,3.47708
-0.037123,-0.0516422,0.0396862,-1.34399,0.219973,3.46765
-0.037257,-0.0516196,0.0400325,-1.33517,0.232438,3.45822
-0.0373901,-0.0515958,0.0403779,-1.3264,0.244782,3.4488
-0.0375223,-0.0515707,0.0407223,-1.31767,0.257006,3.43939
-0.0376536,-0.0515444,0.0410657,-1.30899,0.269114,3.42999
-0.0377841,-0.0515168,0.0414083,-1.30036,0.281105,3.42059
-0.0379137,-0.0514881,0.0417498,-1.29178,0.292981,3.4112
-0.0380424,-0.0514583,0.0420905,-1.28324,0.304744,3.40182
-0.0381703,-0.0514272,0.0424302,-1.27475,0.316396,3.39245
-0.0382974,-0.051395,0.042769,-1.2663,0.327937,3.38309
-0.0384236,-0.0513616,0.0431068,-1.2579,0.339369,3.37374
-0.038549,-0.0513271,0.0434437,-1.24954,0.350694,3.36439
-0.0386735,-0.0512915,0.0437797,-1.24122,0.361912,3.35506
-0.0387972,-0.0512547,0.0441147,-1.23295,0.373026,3.34574
-0.0389201,-0.0512169,0.0444489,-1.22472,0.384035,3.33642
-0.0390421,-0.0511779,0.044782,-1.21654,0.394943,3.32712
-0.0391634,-0.0511379,0.0451143,-1.20839,0.405749,3.31783
-0.0392838,-0.0510968,0.0454456,-1.20029,0.416456,3.30855
-0.0394035,-0.0510546,0.045776,-1.19223,0.427064,3.29928
-0.0395223,-0.0510114,0.0461055,-1.18421,0.437574,3.29002
-0.0396403,-0.0509671,0.046434,-1.17623,0.447988,3.28078
-0.0397575,-0.0509218,0.0467616,-1.1683,0.458307,3.27154
-0.039874,-0.0508754,0.0470883,-1.1604,0.468532,3.26232
-0.0399896,-0.0508281,0.0474141,-1.15254,0.478664,3.25311
-0.0401045,-0.0507797,0.0477389,-1.14472,0.488704,3.24391
-0.0402186,-0.0507303,0.0480629,-1.13694,0.498653,3.23473
-0.0403319,-0.05068,0.0483859,-1.1292,0.508513,3.22556
-0.0404444,-0.0506286,0.048708,-1.1215,0.518285,3.2164
-0.0405562,-0.0505763,0.0490292,-1.11383,0.527968,3.20725
-0.0406672,-0.050523,0.0493494,-1.1062,0.537566,3.19812
-0.0407774,-0.0504688,0.0496688,-1.09861,0.547078,3.189
-0.0408869,-0.0504136,0.0499872,-1.09106,0.556505,3.17989
-0.0409956,-0.0503575,0.0503048,-1.08355,0.565849,3.1708
-0.0411036,-0.0503005,0.0506214,-1.07607,0.57511,3.16172
-0.0412108,-0.0502425,0.0509371,-1.06862,0.584289,3.15265
-0.0413173,-0.0501836,0.0512519,-1.06121,0.593388,3.1436
-0.0414231,-0.0501238,0.0515658,-1.05384,0.602407,3.13456
-0.0415281,-0.0500631,0.0518788,-1.0465,0.611347,3.12554
-0.0416324,-0.0500015,0.0521909,-1.0392,0.620209,3.11653
-0.0417359,-0.0499391,0.0525021,-1.03193,0.628994,3.10753
-0.0418388,-0.0498758,0.0528124,-1.0247,0.637703,3.09855
-0.0419409,-0.0498116,0.0531218,-1.01749,0.646336,3.08958
-0.0420423,-0.0497465,0.0534304,-1.01033,0.654895,3.08063
-0.0421429,-0.0496806,0.053738,-1.00319,0.66338,3.07169
-0.0422429,-0.0496138,0.0540447,-0.996093,0.671792,3.06276
-0.0423422,-0.0495462,0.0543505,-0.989025,0.680131,3.05385
-0.0424407,-0.0494778,0.0546555,-0.98199,0.6884,3.04496
-0.0425386,-0.0494085,0.0549595,-0.974986,0.696598,3.03608
-0.0426357,-0.0493385,0.0552627,-0.968015,0.704726,3.02721
-0.0427322,-0.0492676,0.055565,-0.961075,0.712785,3.01836
-0.0428279,-0.0491959,0.0558664,-0.954166,0.720776,3.00952
-0.042923,-0.0491234,0.0561669,-0.947289,0.728699,3.0007
-0.0430174,-0.0490502,0.0564665,-0.940442,0.736555,2.99189
-0.0431111,-0.0489761,0.0567652,-0.933626,0.744345,2.98309
-0.0432041,-0.0489013,0.0570631,-0.926841,0.75207,2.97432
-0.0432965,-0.0488257,0.0573601,-0.920085,0.75973,2.96555
-0.0433881,-0.0487494,0.0576562,-0.913359,0.767326,2.9568
-0.0434791,-0.0486723,0.0579515,-0.906663,0.774858,2.94807
-0.0435695,-0.0485944,0.0582458,-0.899996,0.782328,2.93935
-0.0436591,-0.0485158,0.0585393,-0.893358,0.789735,2.93065
-0.0437481,-0.0484365,0.058832,-0.886749,0.797082,2.92196
-0.0438365,-0.0483564,0.0591237,-0.880169,0.804367,2.91328
-0.0439242,-0.0482756,0.0594146,-0.873617,0.811592,2.90462
-0.0440112,-0.0481941,0.0597047,-0.867093,0.818758,2.89598
-0.0440976,-0.0481118,0.0599938,-0.860597,0.825865,2.88735
-0.0441833,-0.0480289,0.0602821,-0.854129,0.832913,2.87873
-0.0442684,-0.0479453,0.0605696,-0.847688,0.839904,2.87013
-0.0443529,-0.0478609,0.0608562,-0.841275,0.846837,2.86155
-0.0444367,-0.0477759,0.0611419,-0.834888,0.853714,2.85298
-0.0445198,-0.0476902,0.0614267,-0.828528,0.860535,2.84442
-0.0446024,-0.0476038,0.0617108,-0.822195,0.8673,2.83588
-0.0446843,-0.0475167,0.0619939,-0.815889,0.87401,2.82736
-0.0447656,-0.047429,0.0622762,-0.809608,0.880666,2.81885
-0.0448462,-0.0473406,0.0625577,-0.803353,0.887269,2.81035
-0.0449262,-0.0472515,0.0628383,-0.797124,0.893817,2.80187
-0.0450056,-0.0471618,0.0631181,-0.790921,0.900314,2.7934
-0.0450844,-0.0470715,0.063397,-0.784743,0.906757,2.78495
-0.0451626,-0.0469805,0.0636751,-0.77859,0.91315,2.77651
-0.0452401,-0.0468888,0.0639523,-0.772462,0.91949,2.76809
-0.0453171,-0.0467966,0.0642287,-0.766359,0.925781,2.75968
-0.0453934,-0.0467037,0.0645042,-0.76028,0.93202,2.75129
-0.0454691,-0.0466102,0.0647789,-0.754226,0.93821,2.74291
-0.0455442,-0.046516,0.0650528,-0.748196,0.944351,2.73455
-0.0456188,-0.0464213,0.0653258,-0.742189,0.950443,2.7262
-0.0456927,-0.046326,0.065598,-0.736207,0.956487,2.71786
-0.045766,-0.04623,0.0658694,-0.730248,0.962482,2.70954
-0.0458387,-0.0461335,0.06614,-0.724313,0.96843,2.70124
-0.0459109,-0.0460363,0.0664097,-0.718401,0.974332,2.69295
-0.0459824,-0.0459386,0.0666785,-0.712512,0.980186,2.68467
-0.0460534,-0.0458403,0.0669466,-0.706645,0.985995,2.67641
-0.0461237,-0.0457414,0.0672138,-0.700802,0.991757,2.66816
-0.0461935,-0.0456419,0.0674802,-0.694981,0.997475,2.65992
-0.0462627,-0.0455419,0.0677458,-0.689182,1.00315,2.6517
-0.0463314,-0.0454413,0.0680106,-0.683406,1.00878,2.6435
-0.0463994,-0.0453402,0.0682745,-0.677652,1.01436,2.63531
-0.0464669,-0.0452384,0.0685376,-0.671919,1.0199,2.62713
-0.0465338,-0.0451362,0.0687999,-0.666209,1.0254,2.61897
-0.0466001,-0.0450334,0.0690614,-0.660519,1.03085,2.61082
-0.0466659,-0.04493,0.0693221,-0.654851,1.03626,2.60268
-0.0467311,-0.0448261,0.069582,-0.649205,1.04163,2.59456
-0.0467958,-0.0447217,0.069841,-0.643579,1.04696,2.58646
-0.0468598,-0.0446167,0.0700993,-0.637974,1.05225,2.57836
-0.0469234,-0.0445112,0.0703567,-0.632391,1.05749,2.57028
-0.0469863,-0.0444052,0.0706133,-0.626827,1.0627,2.56222
-0.0470487,-0.0442987,0.0708691,-0.621284,1.06786,2.55417
-0.0471106,-0.0441917,0.0711242,-0.615762,1.07299,2.54613
-0.0471719,-0.0440841,0.0713784,-0.610259,1.07807,2.5381
-0.0472326,-0.043976,0.0716318,-0.604777,1.08312,2.53009
-0.0472928,-0.0438675,0.0718844,-0.599314,1.08813,2.52209
-0.0473525,-0.0437584,0.0721362,-0.593871,1.0931,2.51411
-0.0474116,-0.0436489,0.0723872,-0.588448,1.09803,2.50614
-0.0474702,-0.0435388,0.0726374,-0.583044,1.10292,2.49818
-0.0475282,-0.0434283,0.0728868,-0.577659,1.10777,2.49024
-0.0475857,-0.0433173,0.0731355,-0.572293,1.11259,2.48231
-0.0476427,-0.0432058,0.0733833,-0.566947,1.11737,2.47439
-0.0476991,-0.0430938,0.0736303,-0.561619,1.12212,2.46649
-0.047755,-0.0429813,0.0738766,-0.55631,1.12683,2.4586
-0.0478104,-0.0428684,0.0741221,-0.55102,1.1315,2.45072
-0.0478652,-0.042755,0.0743667,-0.545748,1.13614,2.44286
-0.0479195,-0.0426412,0.0746106,-0.540494,1.14074,2.43501
-0.0479733,-0.0425269,0.0748537,-0.535259,1.1453,2.42717
-0.0480266,-0.0424121,0.0750961,-0.530041,1.14983,2.41934
-0.0480793,-0.0422969,0.0753376,-0.524842,1.15433,2.41153
-0.0481315,-0.0421813,0.0755784,-0.51966,1.15879,2.40373
-0.0481832,-0.0420652,0.0758184,-0.514497,1.16322,2.39595
-0.0482344,-0.0419486,0.0760576,-0.50935,1.16762,2.38817
-0.0482851,-0.0418316,0.076296,-0.504221,1.17198,2.38041
-0.0483353,-0.0417142,0.0765337,-0.49911,1.17631,2.37266
-0.0483849,-0.0415964,0.0767705,-0.494016,1.1806,2.36493
-0.0484341,-0.0414781,0.0770066,-0.488938,1.18487,2.3572
-0.0484827,-0.0413594,0.077242,-0.483878,1.1891,2.34949
-0.0485309,-0.0412403,0.0774765,-0.478835,1.1933,2.34179
-0.0485785,-0.0411208,0.0777103,-0.473808,1.19746,2.33411
-0.0486256,-0.0410008,0.0779434,-0.468798,1.2016,2.32643
-0.0486722,-0.0408804,0.0781756,-0.463804,1.2057,2.31877
-0.0487184,-0.0407597,0.0784071,-0.458827,1.20978,2.31112
-0.048764,-0.0406385,0.0786378,-0.453866,1.21382,2.30348
-0.0488092,-0.0405169,0.0788678,-0.448922,1.21783,2.29586
-0.0488538,-0.0403949,0.079097,-0.443993,1.22181,2.28825
-0.048898,-0.0402725,0.0793255,-0.43908,1.22577,2.28064
-0.0489416,-0.0401498,0.0795531,-0.434184,1.22969,2.27306
-0.0489848,-0.0400266,0.0797801,-0.429303,1.23358,2.26548
-0.0490275,-0.0399031,0.0800062,-0.424437,1.23744,2.25791
-0.0490697,-0.0397791,0.0802317,-0.419587,1.24128,2.25036
-0.0491114,-0.0396548,0.0804563,-0.414753,1.24508,2.24282
-0.0491526,-0.0395301,0.0806802,-0.409934,1.24886,2.23529
-0.0491934,-0.039405,0.0809034,-0.40513,1.2526,2.22777
-0.0492337,-0.0392796,0.0811258,-0.400341,1.25632,2.22026
-0.0492735,-0.0391538,0.0813474,-0.395567,1.26001,2.21277
-0.0493128,-0.0390276,0.0815683,-0.390808,1.26368,2.20528
-0.0493516,-0.038901,0.0817885,-0.386064,1.26731,2.19781
-0.04939,-0.0387741,0.0820079,-0.381335,1.27092,2.19035
-0.0494279,-0.0386468,0.0822266,-0.37662,1.2745,2.1829
-0.0494653,-0.0385192,0.0824445,-0.37192,1.27805,2.17546
-0.0495023,-0.0383912,0.0826616,-0.367235,1.28158,2.16803
-0.0495388,-0.0382629,0.0828781,-0.362563,1.28508,2.16062
-0.0495748,-0.0381342,0.0830938,-0.357906,1.28856,2.15321
-0.0496103,-0.0380052,0.0833087,-0.353263,1.292,2.14582
-0.0496454,-0.0378758,0.0835229,-0.348635,1.29543,2.13844
-0.0496801,-0.0377461,0.0837364,-0.34402,1.29882,2.13106
-0.0497142,-0.0376161,0.0839491,-0.339419,1.30219,2.1237
-0.0497479,-0.0374857,0.0841611,-0.334832,1.30554,2.11635
-0.0497812,-0.0373549,0.0843724,-0.330258,1.30885,2.10901
-0.049814,-0.0372239,0.0845829,-0.325699,1.31215,2.10168
-0.0498463,-0.0370925,0.0847928,-0.321152,1.31542,2.09437
-0.0498782,-0.0369608,0.0850018,-0.31662,1.31866,2.08706
-0.0499097,-0.0368288,0.0852102,-0.3121,1.32188,2.07976
-0.0499407,-0.0366964,0.0854178,-0.307594,1.32508,2.07248
-0.0499712,-0.0365638,0.0856247,-0.303101,1.32825,2.0652
-0.0500013,-0.0364308,0.0858308,-0.298622,1.33139,2.05793
-0.0500309,-0.0362975,0.0860362,-0.294155,1.33452,2.05068
-0.0500601,-0.0361639,0.086241,-0.289701,1.33762,2.04343
-0.0500889,-0.03603,0.0864449,-0.285261,1.34069,2.0362
-0.0501172,-0.0358958,0.0866482,-0.280833,1.34374,2.02898
-0.050145,-0.0357612,0.0868507,-0.276417,1.34677,2.02176
-0.0501724,-0.0356264,0.0870525,-0.272015,1.34978,2.01456
-0.0501994,-0.0354913,0.0872536,-0.267625,1.35276,2.00737
-0.050226,-0.0353558,0.087454,-0.263247,1.35572,2.00018
-0.0502521,-0.0352201,0.0876537,-0.258882,1.35866,1.99301
-0.0502777,-0.0350841,0.0878526,-0.254529,1.36157,1.98584
-0.050303,-0.0349478,0.0880508,-0.250188,1.36447,1.97869
-0.0503278,-0.0348112,0.0882484,-0.24586,1.36734,1.97155
-0.0503522,-0.0346743,0.0884452,-0.241544,1.37018,1.96441
-0.0503761,-0.0345372,0.0886412,-0.23724,1.37301,1.95729
-0.0503996,-0.0343997,0.0888366,-0.232947,1.37582,1.95017
-0.0504227,-0.034262,0.0890313,-0.228667,1.3786,1.94307
-0.0504453,-0.034124,0.0892252,-0.224399,1.38136,1.93597
-0.0504676,-0.0339858,0.0894185,-0.220142,1.3841,1.92889
-0.0504894,-0.0338472,0.089611,-0.215897,1.38682,1.92181
-0.0505107,-0.0337084,0.0898028,-0.211663,1.38952,1.91474
-0.0505317,-0.0335693,0.089994,-0.207442,1.39219,1.90768
-0.0505522,-0.03343,0.0901844,-0.203231,1.39485,1.90064
-0.0505723,-0.0332903,0.0903741,-0.199032,1.39748,1.8936
-0.050592,-0.0331505,0.0905631,-0.194845,1.4001,1.88657
-0.0506113,-0.0330103,0.0907514,-0.190668,1.40269,1.87955
-0.0506302,-0.0328699,0.090939,-0.186503,1.40527,1.87254
-0.0506486,-0.0327293,0.0911259,-0.182349,1.40782,1.86553
-0.0506666,-0.0325884,0.0913121,-0.178206,1.41036,1.85854
-0.0506843,-0.0324472,0.0914976,-0.174074,1.41287,1.85156
-0.0507015,-0.0323058,0.0916824,-0.169954,1.41537,1.84458
-0.0507182,-0.0321641,0.0918665,-0.165844,1.41784,1.83761
-0.0507346,-0.0320222,0.0920499,-0.161744,1.4203,1.83066
-0.0507506,-0.0318801,0.0922327,-0.157656,1.42273,1.82371
-0.0507662,-0.0317377,0.0924147,-0.153578,1.42515,1.81677
-0.0507813,-0.031595,0.092596,-0.149511,1.42755,1.80984
-0.0507961,-0.0314522,0.0927767,-0.145455,1.42992,1.80291
-0.0508104,-0.031309,0.0929566,-0.141409,1.43228,1.796
-0.0508243,-0.0311657,0.0931359,-0.137373,1.43462,1.78909
-0.0508379,-0.0310221,0.0933144,-0.133348,1.43695,1.7822
-0.050851,-0.0308783,0.0934923,-0.129334,1.43925,1.77531
-0.0508637,-0.0307343,0.0936695,-0.125329,1.44154,1.76843
-0.0508761,-0.03059,0.093846,-0.121335,1.4438,1.76156
-0.050888,-0.0304455,0.0940218,-0.117351,1.44605,1.75469
-0.0508995,-0.0303008,0.0941969,-0.113377,1.44828,1.74784
-0.0509107,-0.0301559,0.0943714,-0.109413,1.45049,1.74099
-0.0509214,-0.0300107,0.0945451,-0.105459,1.45269,1.73415
-0.0509318,-0.0298653,0.0947182,-0.101515,1.45486,1.72732
-0.0509417,-0.0297197,0.0948906,-0.0975815,1.45702,1.7205
-0.0509513,-0.0295739,0.0950623,-0.0936573,1.45916,1.71369
-0.0509605,-0.0294279,0.0952333,-0.0897429,1.46129,1.70688
-0.0509692,-0.0292817,0.0954037,-0.0858383,1.46339,1.70008
-0.0509776,-0.0291352,0.0955733,-0.0819434,1.46548,1.69329
-0.0509856,-0.0289886,0.0957423,-0.078058,1.46755,1.68651
-0.0509932,-0.0288417,0.0959106,-0.0741823,1.46961,1.67973
-0.0510005,-0.0286946,0.0960783,-0.0703161,1.47164,1.67297
-0.0510073,-0.0285474,0.0962452,-0.0664593,1.47366,1.66621
-0.0510138,-0.0283999,0.0964115,-0.062612,1.47567,1.65946
-0.0510198,-0.0282522,0.0965771,-0.058774,1.47765,1.65271
-0.0510255,-0.0281044,0.0967421,-0.0549453,1.47962,1.64598
-0.0510308,-0.0279563,0.0969063,-0.051126,1.48158,1.63925
-0.0510357,-0.0278081,0.0970699,-0.0473158,1.48351,1.63253
-0.0510403,-0.0276596,0.0972328,-0.0435148,1.48543,1.62582
-0.0510444,-0.027511,0.0973951,-0.0397229,1.48734,1.61911
-0.0510482,-0.0273622,0.0975566,-0.0359401,1.48923,1.61241
-0.0510516,-0.0272131,0.0977176,-0.0321663,1.4911,1.60572
-0.0510547,-0.0270639,0.0978778,-0.0284015,1.49296,1.59904
-0.0510573,-0.0269145,0.0980374,-0.0246457,1.4948,1.59236
-0.0510596,-0.026765,0.0981963,-0.0208987,1.49662,1.58569
-0.0510615,-0.0266152,0.0983545,-0.0171605,1.49843,1.57903
-0.051063,-0.0264653,0.0985121,-0.0134311,1.50022,1.57238
-0.0510642,-0.0263152,0.098669,-0.00971051,1.502,1.56573
-0.051065,-0.0261649,0.0988252,-0.00599858,1.50376,1.55909
-0.0510654,-0.0260144,0.0989808,-0.00229531,1.5055,1.55245
-0.0510654,-0.0258638,0.0991357,0.00139936,1.50724,1.54583
-0.0510651,-0.025713,0.09929,0.00508546,1.50895,1.53921
-0.0510644,-0.025562,0.0994435,0.00876304,1.51065,1.5326
-0.0510633,-0.0254109,0.0995965,0.0124321,1.51234,1.52599
-0.0510619,-0.0252595,0.0997487,0.0160928,1.51401,1.51939
-0.0510601,-0.0251081,0.0999004,0.0197451,1.51566,1.5128
-0.051058,-0.0249564,0.100051,0.023389,1.5173,1.50621
-0.0510555,-0.0248046,0.100202,0.0270247,1.51893,1.49963
-0.0510526,-0.0246526,0.100351,0.0306521,1.52054,1.49306
-0.0510493,-0.0245005,0.1005,0.0342712,1.52213,1.4865
-0.0510457,-0.0243482,0.100649,0.0378822,1.52371,1.47994
-0.0510417,-0.0241957,0.100796,0.041485,1.52528,1.47339
-0.0510374,-0.0240431,0.100943,0.0450798,1.52683,1.46684
-0.0510327,-0.0238904,0.10109,0.0486664,1.52837,1.4603
-0.0510277,-0.0237375,0.101235,0.0522451,1.52989,1.45377
-0.0510223,-0.0235844,0.10138,0.0558158,1.5314,1.44724
-0.0510165,-0.0234312,0.101525,0.0593786,1.5329,1.44072
-0.0510104,-0.0232778,0.101668,0.0629334,1.53438,1.43421
-0.0510039,-0.0231243,0.101812,0.0664804,1.53585,1.4277
-0.0509971,-0.0229707,0.101954,0.0700196,1.5373,1.4212
-0.0509899,-0.0228168,0.102096,0.073551,1.53874,1.4147
-0.0509824,-0.0226629,0.102237,0.0770747,1.54016,1.40822
-0.0509745,-0.0225088,0.102377,0.0805906,1.54157,1.40173
-0.0509663,-0.0223546,0.102517,0.0840989,1.54297,1.39526
-0.0509577,-0.0222002,0.102656,0.0875996,1.54436,1.38879
-0.0509488,-0.0220457,0.102795,0.0910926,1.54573,1.38232
-0.0509488,-0.0220457,0.102795,0.0910926,1.54573,1.38232
-0.0509394,-0.0218911,0.102933,0.0971706,1.54683,1.37552
-0.0509293,-0.0217364,0.10307,0.103241,1.54791,1.36873
-0.0509187,-0.0215815,0.103207,0.109304,1.54898,1.36195
-0.0509075,-0.0214266,0.103343,0.115359,1.55004,1.35517
-0.0508956,-0.0212715,0.103478,0.121407,1.55108,1.3484
-0.0508832,-0.0211163,0.103612,0.127448,1.55211,1.34163
-0.0508701,-0.0209611,0.103746,0.133481,1.55313,1.33487
-0.0508565,-0.0208057,0.103879,0.139506,1.55413,1.32811
-0.0508422,-0.0206503,0.104012,0.145525,1.55512,1.32136
-0.0508274,-0.0204947,0.104143,0.151536,1.5561,1.31461
-0.0508119,-0.020339,0.104275,0.157539,1.55706,1.30787
-0.0507959,-0.0201833,0.104405,0.163535,1.55801,1.30114
-0.0507792,-0.0200274,0.104535,0.169525,1.55894,1.29441
-0.050762,-0.0198715,0.104664,0.175506,1.55987,1.28768
-0.0507441,-0.0197155,0.104792,0.181481,1.56078,1.28096
-0.0507257,-0.0195593,0.10492,0.187449,1.56167,1.27425
-0.0507066,-0.0194031,0.105047,0.193409,1.56256,1.26754
-0.050687,-0.0192468,0.105174,0.199362,1.56343,1.26084
-0.0506668,-0.0190904,0.105299,0.205309,1.56428,1.25414
-0.0506459,-0.018934,0.105424,0.211248,1.56513,1.24744
-0.0506245,-0.0187774,0.105549,0.21718,1.56596,1.24075
-0.0506025,-0.0186208,0.105673,0.223105,1.56678,1.23407
-0.0505799,-0.0184641,0.105796,0.229023,1.56759,1.22739
-0.0505567,-0.0183073,0.105918,0.234934,1.56838,1.22071
-0.0505329,-0.0181504,0.10604,0.240838,1.56916,1.21404
-0.0505085,-0.0179934,0.106161,0.246736,1.56993,1.20738
-0.0504836,-0.0178364,0.106281,0.252626,1.57068,1.20071
-0.050458,-0.0176793,0.106401,0.25851,1.57143,1.19406
-0.0504319,-0.0175221,0.10652,0.264387,1.57216,1.1874
-0.0504051,-0.0173649,0.106639,0.270257,1.57288,1.18076
-0.0503778,-0.0172075,0.106756,0.27612,1.57358,1.17411
-0.0503499,-0.0170501,0.106873,0.281976,1.57428,1.16747
-0.0503214,-0.0168927,0.10699,0.287826,1.57496,1.16084
-0.0502923,-0.0167352,0.107106,0.293669,1.57563,1.15421
-0.0502627,-0.0165776,0.107221,0.299505,1.57629,1.14758
-0.0502324,-0.0164199,0.107335,0.305335,1.57693,1.14095
-0.0502016,-0.0162622,0.107449,0.311158,1.57757,1.13434
-0.0501702,-0.0161044,0.107562,0.316974,1.57819,1.12772
-0.0501382,-0.0159465,0.107674,0.322784,1.5788,1.12111
-0.0501056,-0.0157886,0.107786,0.328588,1.5794,1.1145
-0.0500725,-0.0156307,0.107897,0.334384,1.57998,1.1079
-0.0500388,-0.0154726,0.108008,0.340174,1.58056,1.1013
-0.0500045,-0.0153145,0.108117,0.345958,1.58112,1.0947
-0.0499696,-0.0151564,0.108227,0.351735,1.58167,1.08811
-0.0499341,-0.0149982,0.108335,0.357506,1.58221,1.08152
-0.0498981,-0.01484,0.108443,0.36327,1.58274,1.07493
-0.0498615,-0.0146817,0.10855,0.369028,1.58325,1.06835
-0.0498243,-0.0145233,0.108657,0.374779,1.58376,1.06177
-0.0497865,-0.0143649,0.108762,0.380524,1.58425,1.0552
-0.0497482,-0.0142065,0.108868,0.386263,1.58473,1.04863
-0.0497093,-0.014048,0.108972,0.391995,1.5852,1.04206
-0.0496698,-0.0138894,0.109076,0.397721,1.58566,1.03549
-0.0496297,-0.0137308,0.109179,0.403441,1.58611,1.02893
-0.0495891,-0.0135722,0.109282,0.409154,1.58654,1.02237
-0.0495479,-0.0134135,0.109384,0.414861,1.58697,1.01581
-0.0495061,-0.0132548,0.109485,0.420562,1.58738,1.00926
-0.0494638,-0.0130961,0.109586,0.426257,1.58779,1.00271
-0.0494209,-0.0129373,0.109686,0.431945,1.58818,0.996166
-0.0493774,-0.0127784,0.109785,0.437628,1.58856,0.989622
-0.0493333,-0.0126195,0.109883,0.443304,1.58893,0.983081
-0.0492887,-0.0124606,0.109981,0.448973,1.58928,0.976542
-0.0492435,-0.0123017,0.110079,0.454637,1.58963,0.970007
-0.0491978,-0.0121427,0.110175,0.460295,1.58997,0.963474
-0.0491515,-0.0119837,0.110271,0.465946,1.59029,0.956944
-0.0491046,-0.0118246,0.110367,0.471592,1.59061,0.950417
-0.0490572,-0.0116656,0.110462,0.477231,1.59091,0.943892
-0.0490092,-0.0115065,0.110556,0.482864,1.5912,0.937369
-0.0489606,-0.0113473,0.110649,0.488491,1.59149,0.93085
-0.0489115,-0.0111882,0.110742,0.494112,1.59176,0.924332
-0.0488618,-0.011029,0.110834,0.499728,1.59202,0.917817
-0.0488115,-0.0108698,0.110925,0.505337,1.59227,0.911305
-0.0487607,-0.0107105,0.111016,0.51094,1.59251,0.904794
-0.0487093,-0.0105513,0.111106,0.516537,1.59273,0.898286
-0.0486574,-0.010392,0.111196,0.522128,1.59295,0.891781
-0.0486049,-0.0102327,0.111285,0.527713,1.59316,0.885277
-0.0485519,-0.0100733,0.111373,0.533293,1.59335,0.878775
-0.0484982,-0.009914,0.11146,0.538866,1.59354,0.872276
-0.0484441,-0.00975464,0.111547,0.544434,1.59372,0.865778
-0.0483894,-0.00959526,0.111634,0.549995,1.59388,0.859283
-0.0483341,-0.00943587,0.111719,0.555551,1.59404,0.85279
-0.0482782,-0.00927645,0.111804,0.561101,1.59418,0.846298
-0.0482219,-0.00911703,0.111888,0.566645,1.59431,0.839808
-0.0481649,-0.00895759,0.111972,0.572183,1.59444,0.83332
-0.0481074,-0.00879814,0.112055,0.577716,1.59455,0.826834
-0.0480494,-0.00863868,0.112137,0.583242,1.59465,0.82035
-0.0479908,-0.00847921,0.112219,0.588763,1.59474,0.813867
-0.0479316,-0.00831973,0.1123,0.594278,1.59483,0.807386
-0.0478719,-0.00816025,0.112381,0.599787,1.5949,0.800906
-0.0478117,-0.00800075,0.11246,0.605291,1.59496,0.794428
-0.0477509,-0.00784126,0.11254,0.610789,1.59501,0.787952
-0.0476895,-0.00768175,0.112618,0.616281,1.59505,0.781477
-0.0476276,-0.00752225,0.112696,0.621767,1.59508,0.775003
-0.0475652,-0.00736274,0.112773,0.627247,1.5951,0.768531
-0.0475022,-0.00720323,0.11285,0.632722,1.59512,0.76206
-0.0474386,-0.00704371,0.112925,0.638192,1.59512,0.755591
-0.0473745,-0.0068842,0.113001,0.643655,1.59511,0.749122
-0.0473099,-0.00672469,0.113075,0.649113,1.59509,0.742655
-0.0472447,-0.00656519,0.113149,0.654565,1.59506,0.736189
-0.047179,-0.00640568,0.113222,0.660012,1.59502,0.729724
-0.0471127,-0.00624618,0.113295,0.665452,1.59497,0.72326
-0.0470459,-0.00608669,0.113367,0.670888,1.59491,0.716797
-0.0469785,-0.0059272,0.113438,0.676317,1.59484,0.710336
-0.0469106,-0.00576772,0.113509,0.681741,1.59476,0.703875
-0.0468422,-0.00560825,0.113579,0.68716,1.59467,0.697415
-0.0467732,-0.00544879,0.113649,0.692573,1.59457,0.690956
-0.0467037,-0.00528933,0.113717,0.69798,1.59446,0.684497
-0.0466336,-0.00512989,0.113786,0.703381,1.59435,0.67804
-0.046563,-0.00497047,0.113853,0.708777,1.59422,0.671583
-0.0464918,-0.00481105,0.11392,0.714168,1.59408,0.665127
-0.0464201,-0.00465165,0.113986,0.719553,1.59393,0.658671
-0.0463479,-0.00449226,0.114052,0.724932,1.59377,0.652216
-0.0462752,-0.0043329,0.114117,0.730306,1.59361,0.645762
-0.0462019,-0.00417354,0.114181,0.735675,1.59343,0.639308
-0.046128,-0.00401421,0.114244,0.741038,1.59324,0.632855
-0.0460537,-0.0038549,0.114307,0.746395,1.59304,0.626402
-0.0459787,-0.0036956,0.11437,0.751747,1.59284,0.619949
-0.0459033,-0.00353633,0.114431,0.757093,1.59262,0.613497
-0.0458273,-0.00337708,0.114492,0.762434,1.59239,0.607045
-0.0457508,-0.00321785,0.114553,0.767769,1.59216,0.600594
-0.0456738,-0.00305865,0.114612,0.773099,1.59191,0.594142
-0.0455962,-0.00289947,0.114672,0.778423,1.59166,0.587691
-0.0455181,-0.00274032,0.11473,0.783742,1.59139,0.58124
-0.0454394,-0.00258119,0.114788,0.789056,1.59112,0.574789
-0.0453603,-0.00242209,0.114845,0.794364,1.59084,0.568338
-0.0452806,-0.00226302,0.114902,0.799666,1.59054,0.561888
-0.0452003,-0.00210398,0.114957,0.804963,1.59024,0.555437
-0.0451196,-0.00194497,0.115013,0.810255,1.58993,0.548986
-0.0450383,-0.001786,0.115067,0.815541,1.58961,0.542535
-0.0449565,-0.00162705,0.115121,0.820822,1.58928,0.536084
-0.0448741,-0.00146814,0.115174,0.826097,1.58894,0.529632
-0.0447913,-0.00130927,0.115227,0.831367,1.58858,0.523181
-0.0447079,-0.00115043,0.115279,0.836632,1.58823,0.516729
-0.0446239,-0.000991622,0.11533,0.841891,1.58786,0.510277
-0.0445395,-0.000832855,0.115381,0.847145,1.58748,0.503824
-0.0444545,-0.000674127,0.115431,0.852393,1.58709,0.497371
-0.044369,-0.000515438,0.115481,0.857636,1.58669,0.490918
-0.044283,-0.000356789,0.115529,0.862873,1.58628,0.484464
-0.0441964,-0.000198181,0.115577,0.868105,1.58587,0.47801
-0.0441094,-3.96156e-05,0.115625,0.873332,1.58544,0.471555
-0.0440218,0.000118907,0.115672,0.878553,1.58501,0.4651
-0.0439336,0.000277385,0.115718,0.883769,1.58456,0.458644
-0.043845,0.000435819,0.115763,0.888979,1.58411,0.452187
-0.0437558,0.000594206,0.115808,0.894185,1.58364,0.44573
-0.0436662,0.000752547,0.115853,0.899384,1.58317,0.439271
-0.043576,0.00091084,0.115896,0.904579,1.58269,0.432812
-0.0434853,0.00106908,0.115939,0.909767,1.5822,0.426353
-0.043394,0.00122728,0.115982,0.914951,1.5817,0.419892
-0.0433023,0.00138542,0.116023,0.920129,1.58119,0.41343
-0.04321,0.00154352,0.116064,0.925302,1.58067,0.406968
-0.0431172,0.00170156,0.116105,0.930469,1.58014,0.400504
-0.0430239,0.00185954,0.116144,0.935631,1.5796,0.39404
-0.0429301,0.00201748,0.116183,0.940788,1.57905,0.387574
-0.0428357,0.00217535,0.116222,0.945939,1.57849,0.381108
-0.0427409,0.00233317,0.11626,0.951085,1.57793,0.37464
-0.0426455,0.00249094,0.116297,0.956226,1.57735,0.368171
-0.0425496,0.00264864,0.116333,0.961361,1.57677,0.3617
-0.0424533,0.00280629,0.116369,0.966491,1.57617,0.355229
-0.0423563,0.00296388,0.116404,0.971615,1.57557,0.348756
-0.0422589,0.0031214,0.116439,0.976734,1.57496,0.342282
-0.042161,0.00327887,0.116473,0.981848,1.57433,0.335806
-0.0420626,0.00343627,0.116506,0.986956,1.5737,0.329329
-0.0419636,0.00359361,0.116539,0.992059,1.57306,0.322851
-0.0418641,0.00375088,0.116571,0.997156,1.57241,0.316371
-0.0417642,0.00390809,0.116602,1.00225,1.57175,0.309889
-0.0416637,0.00406523,0.116633,1.00734,1.57108,0.303406
-0.0415627,0.00422231,0.116663,1.01242,1.57041,0.296922
-0.0414612,0.00437931,0.116692,1.01749,1.56972,0.290435
-0.0413592,0.00453625,0.116721,1.02256,1.56902,0.283947
-0.0412567,0.00469312,0.116749,1.02763,1.56832,0.277457
-0.0411537,0.00484991,0.116776,1.03269,1.5676,0.270966
-0.0410502,0.00500664,0.116803,1.03774,1.56688,0.264472
-0.0409461,0.00516329,0.116829,1.04279,1.56614,0.257977
-0.0408416,0.00531987,0.116854,1.04783,1.5654,0.25148
-0.0407366,0.00547637,0.116879,1.05287,1.56465,0.244981
-0.040631,0.0056328,0.116903,1.05791,1.56389,0.23848
-0.040525,0.00578915,0.116927,1.06293,1.56312,0.231977
-0.0404184,0.00594542,0.11695,1.06795,1.56234,0.225472
-0.0403114,0.00610161,0.116972,1.07297,1.56155,0.218965
-0.0402039,0.00625773,0.116994,1.07798,1.56075,0.212455
-0.0400958,0.00641376,0.117015,1.08299,1.55994,0.205944
-0.0399873,0.00656972,0.117035,1.08799,1.55913,0.19943
-0.0398782,0.00672559,0.117054,1.09298,1.5583,0.192914
-0.0397687,0.00688138,0.117073,1.09797,1.55746,0.186396
-0.0396586,0.00703708,0.117092,1.10296,1.55662,0.179875
-0.0395481,0.0071927,0.117109,1.10793,1.55577,0.173352
-0.039437,0.00734823,0.117126,1.11291,1.5549,0.166827
-0.0393255,0.00750368,0.117143,1.11787,1.55403,0.160299
-0.0392135,0.00765904,0.117158,1.12284,1.55315,0.153769
-0.0391009,0.00781431,0.117174,1.12779,1.55226,0.147236
-0.0389879,0.00796949,0.117188,1.13274,1.55136,0.140701
-0.0388744,0.00812458,0.117202,1.13769,1.55045,0.134163
-0.0387604,0.00827958,0.117215,1.14263,1.54953,0.127622
-0.0386458,0.00843449,0.117227,1.14756,1.5486,0.121079
-0.0385308,0.0085893,0.117239,1.15249,1.54766,0.114533
-0.0384153,0.00874402,0.11725,1.15741,1.54671,0.107984
-0.0382994,0.00889864,0.117261,1.16233,1.54576,0.101433
-0.0381829,0.00905317,0.11727,1.16724,1.54479,0.0948785
-0.0380659,0.0092076,0.11728,1.17215,1.54382,0.0883213
-0.0379485,0.00936193,0.117288,1.17705,1.54283,0.0817611
-0.0378305,0.00951617,0.117296,1.18195,1.54184,0.0751981
-0.0377121,0.0096703,0.117303,1.18684,1.54084,0.068632
-0.0375931,0.00982433,0.11731,1.19172,1.53982,0.0620629
-0.0374737,0.00997826,0.117316,1.1966,1.5388,0.0554908
-0.0373538,0.0101321,0.117321,1.20147,1.53777,0.0489155
-0.0372334,0.0102858,0.117325,1.20634,1.53673,0.0423372
-0.0371125,0.0104394,0.117329,1.2112,1.53568,0.0357556
-0.0369912,0.010593,0.117332,1.21606,1.53462,0.0291708
-0.0368693,0.0107464,0.117335,1.22091,1.53355,0.0225828
-0.036747,0.0108997,0.117337,1.22575,1.53248,0.0159914
-0.0366242,0.0110529,0.117338,1.23059,1.53139,0.00939674
-0.0365009,0.0112059,0.117339,1.23543,1.53029,0.00279869
-0.0363771,0.0113589,0.117339,1.24025,1.52919,-0.00380278
-0.0362528,0.0115118,0.117338,1.24508,1.52807,-0.0104077
-0.0361281,0.0116645,0.117337,1.24989,1.52694,-0.0170161
-0.0360029,0.0118172,0.117335,1.2547,1.52581,-0.023628
-0.0358771,0.0119697,0.117332,1.25951,1.52467,-0.0302435
-0.035751,0.0121221,0.117329,1.26431,1.52351,-0.0368627
-0.0356243,0.0122744,0.117325,1.2691,1.52235,-0.0434854
-0.0354971,0.0124266,0.11732,1.27389,1.52118,-0.0501119
-0.0353695,0.0125786,0.117315,1.27867,1.51999,-0.056742
-0.0352414,0.0127306,0.117309,1.28344,1.5188,-0.063376
-0.0351128,0.0128824,0.117302,1.28821,1.5176,-0.0700137
-0.0349838,0.0130341,0.117295,1.29298,1.51639,-0.0766553
-0.0348542,0.0131857,0.117287,1.29774,1.51517,-0.0833007
-0.0347242,0.0133371,0.117278,1.30249,1.51394,-0.0899501
-0.0345937,0.0134885,0.117269,1.30724,1.5127,-0.0966034
-0.0344628,0.0136397,0.117259,1.31198,1.51145,-0.103261
-0.0343313,0.0137907,0.117248,1.31671,1.51019,-0.109922
-0.0341994,0.0139417,0.117237,1.32144,1.50892,-0.116588
-0.034067,0.0140925,0.117225,1.32616,1.50765,-0.123257
-0.0339342,0.0142432,0.117212,1.33088,1.50636,-0.129931
-0.0338009,0.0143938,0.117199,1.33559,1.50506,-0.136609
-0.0336671,0.0145442,0.117185,1.3403,1.50375,-0.143291
-0.0335328,0.0146946,0.11717,1.34499,1.50244,-0.149977
-0.0333981,0.0148447,0.117155,1.34969,1.50111,-0.156668
-0.0332629,0.0149948,0.117139,1.35437,1.49978,-0.163363
-0.0331272,0.0151447,0.117122,1.35906,1.49843,-0.170062
-0.0329911,0.0152945,0.117105,1.36373,1.49707,-0.176766
-0.0328545,0.0154441,0.117087,1.3684,1.49571,-0.183474
-0.0327174,0.0155936,0.117068,1.37306,1.49433,-0.190187
-0.0325798,0.015743,0.117049,1.37772,1.49295,-0.196905
-0.0324418,0.0158922,0.117029,1.38237,1.49155,-0.203627
-0.0323034,0.0160413,0.117008,1.38701,1.49015,-0.210353
-0.0321644,0.0161902,0.116986,1.39165,1.48874,-0.217084
-0.032025,0.016339,0.116964,1.39628,1.48731,-0.22382
-0.0318852,0.0164877,0.116942,1.40091,1.48588,-0.230561
-0.0317449,0.0166362,0.116918,1.40553,1.48443,-0.237306
-0.0316041,0.0167846,0.116894,1.41014,1.48298,-0.244056
-0.0314628,0.0169328,0.11687,1.41474,1.48152,-0.250812
-0.0313211,0.0170809,0.116844,1.41934,1.48004,-0.257571
-0.031179,0.0172288,0.116818,1.42394,1.47856,-0.264336
-0.0310363,0.0173766,0.116791,1.42853,1.47706,-0.271106
-0.0308933,0.0175242,0.116764,1.43311,1.47556,-0.277881
-0.0307497,0.0176717,0.116736,1.43768,1.47405,-0.284661
-0.0306057,0.017819,0.116707,1.44225,1.47252,-0.291446
-0.0304613,0.0179662,0.116677,1.44681,1.47099,-0.298236
-0.0303164,0.0181132,0.116647,1.45137,1.46945,-0.305032
-0.030171,0.0182601,0.116616,1.45592,1.46789,-0.311832
-0.0300252,0.0184068,0.116585,1.46046,1.46633,-0.318638
-0.0298789,0.0185534,0.116553,1.46499,1.46475,-0.325449
-0.0297322,0.0186997,0.11652,1.46952,1.46317,-0.332265
-0.029585,0.018846,0.116486,1.47405,1.46157,-0.339087
-0.0294374,0.0189921,0.116452,1.47856,1.45997,-0.345914
-0.0292893,0.019138,0.116417,1.48307,1.45836,-0.352747
-0.0291408,0.0192837,0.116381,1.48758,1.45673,-0.359585
-0.0289918,0.0194293,0.116345,1.49207,1.45509,-0.366428
-0.0288423,0.0195748,0.116308,1.49656,1.45345,-0.373277
-0.0286925,0.01972,0.11627,1.50104,1.45179,-0.380132
-0.0285421,0.0198651,0.116232,1.50552,1.45013,-0.386992
-0.0283914,0.02001,0.116193,1.50999,1.44845,-0.393858
-0.0282401,0.0201548,0.116153,1.51445,1.44676,-0.40073
-0.0280885,0.0202994,0.116113,1.51891,1.44506,-0.407608
-0.0279364,0.0204438,0.116072,1.52335,1.44336,-0.414491
-0.0277838,0.0205881,0.11603,1.5278,1.44164,-0.42138
-0.0276308,0.0207321,0.115988,1.53223,1.43991,-0.428275
-0.0274773,0.020876,0.115944,1.53666,1.43817,-0.435176
-0.0273235,0.0210198,0.1159,1.54108,1.43642,-0.442083
-0.0271691,0.0211633,0.115856,1.54549,1.43466,-0.448996
-0.0270144,0.0213067,0.115811,1.5499,1.43289,-0.455915
-0.0268592,0.0214499,0.115765,1.5543,1.43111,-0.462839
-0.0267035,0.0215929,0.115718,1.55869,1.42931,-0.469771
-0.0265474,0.0217358,0.115671,1.56308,1.42751,-0.476708
-0.0263909,0.0218784,0.115623,1.56746,1.4257,-0.483651
-0.0262339,0.0220209,0.115574,1.57183,1.42387,-0.490601
-0.0260765,0.0221632,0.115525,1.57619,1.42204,-0.497557
-0.0259187,0.0223053,0.115475,1.58055,1.42019,-0.504519
-0.0257604,0.0224472,0.115424,1.5849,1.41834,-0.511487
-0.0256017,0.022589,0.115372,1.58924,1.41647,-0.518462
-0.0254426,0.0227305,0.11532,1.59357,1.41459,-0.525443
-0.025283,0.0228719,0.115267,1.5979,1.4127,-0.532431
-0.025123,0.0230131,0.115214,1.60222,1.4108,-0.539426
-0.0249625,0.0231541,0.115159,1.60653,1.40889,-0.546426
-0.0248017,0.0232949,0.115104,1.61084,1.40697,-0.553434
-0.0246404,0.0234355,0.115049,1.61513,1.40504,-0.560448
-0.0244787,0.0235759,0.114992,1.61942,1.40309,-0.567468
-0.0243165,0.0237161,0.114935,1.62371,1.40114,-0.574496
-0.0241539,0.0238561,0.114877,1.62798,1.39917,-0.58153
-0.0239909,0.0239959,0.114819,1.63225,1.39719,-0.588571
-0.0238275,0.0241355,0.11476,1.63651,1.39521,-0.595619
-0.0236636,0.0242749,0.1147,1.64076,1.39321,-0.602673
-0.0234993,0.0244142,0.114639,1.645,1.3912,-0.609735
-0.0233346,0.0245532,0.114578,1.64924,1.38917,-0.616803
-0.0231695,0.024692,0.114516,1.65346,1.38714,-0.623878
-0.0230039,0.0248306,0.114453,1.65768,1.3851,-0.630961
-0.0228379,0.024969,0.114389,1.66189,1.38304,-0.63805
-0.0226715,0.0251072,0.114325,1.6661,1.38097,-0.645147
-0.0225047,0.0252452,0.11426,1.67029,1.37889,-0.65225
-0.0223375,0.025383,0.114195,1.67448,1.3768,-0.659361
-0.0221698,0.0255206,0.114129,1.67866,1.3747,-0.666479
-0.0220017,0.0256579,0.114062,1.68283,1.37259,-0.673604
-0.0218332,0.0257951,0.113994,1.687,1.37047,-0.680737
-0.0216643,0.025932,0.113925,1.69115,1.36833,-0.687877
-0.021495,0.0260688,0.113856,1.6953,1.36618,-0.695024
-0.0213253,0.0262053,0.113786,1.69944,1.36402,-0.702179
-0.0211551,0.0263416,0.113716,1.70357,1.36185,-0.709341
-0.0209846,0.0264776,0.113645,1.70769,1.35967,-0.71651
-0.0208136,0.0266135,0.113573,1.7118,1.35748,-0.723687
-0.0206422,0.0267491,0.1135,1.71591,1.35527,-0.730872
-0.0204704,0.0268845,0.113426,1.72,1.35305,-0.738064
-0.0202982,0.0270197,0.113352,1.72409,1.35082,-0.745264
-0.0201256,0.0271547,0.113277,1.72817,1.34858,-0.752472
-0.0199526,0.0272895,0.113202,1.73224,1.34633,-0.759687
-0.0197791,0.027424,0.113125,1.7363,1.34406,-0.76691
-0.0196053,0.0275583,0.113048,1.74036,1.34178,-0.774141
-0.0194311,0.0276923,0.112971,1.7444,1.33949,-0.781379
-0.0192564,0.0278262,0.112892,1.74843,1.33719,-0.788626
-0.0190814,0.0279598,0.112813,1.75246,1.33488,-0.79588
-0.0189059,0.0280931,0.112733,1.75648,1.33255,-0.803143
-0.0187301,0.0282263,0.112652,1.76049,1.33022,-0.810413
-0.0185538,0.0283592,0.112571,1.76449,1.32786,-0.817691
-0.0183772,0.0284919,0.112489,1.76848,1.3255,-0.824978
-0.0182001,0.0286243,0.112406,1.77246,1.32313,-0.832272
-0.0180227,0.0287565,0.112322,1.77643,1.32074,-0.839575
-0.0178449,0.0288884,0.112238,1.78039,1.31834,-0.846886
-0.0176666,0.0290201,0.112153,1.78434,1.31593,-0.854205
-0.017488,0.0291516,0.112067,1.78829,1.3135,-0.861532
-0.017309,0.0292828,0.111981,1.79222,1.31107,-0.868868
-0.0171296,0.0294138,0.111893,1.79615,1.30862,-0.876212
-0.0169497,0.0295446,0.111805,1.80006,1.30616,-0.883564
-0.0167695,0.0296751,0.111717,1.80397,1.30368,-0.890925
-0.0165889,0.0298053,0.111627,1.80786,1.30119,-0.898294
-0.016408,0.0299353,0.111537,1.81175,1.29869,-0.905672
-0.0162266,0.030065,0.111446,1.81563,1.29618,-0.913058
-0.0160448,0.0301945,0.111354,1.81949,1.29365,-0.920453
-0.0158627,0.0303238,0.111262,1.82335,1.29111,-0.927856
-0.0156802,0.0304528,0.111169,1.8272,1.28856,-0.935268
-0.0154973,0.0305815,0.111075,1.83103,1.286,-0.942688
-0.015314,0.03071,0.11098,1.83486,1.28342,-0.950118
-0.0151303,0.0308382,0.110885,1.83868,1.28083,-0.957556
-0.0149462,0.0309661,0.110789,1.84248,1.27823,-0.965003
-0.0147618,0.0310938,0.110692,1.84628,1.27561,-0.972458
-0.014577,0.0312212,0.110594,1.85007,1.27298,-0.979923
-0.0143918,0.0313484,0.110496,1.85384,1.27034,-0.987396
-0.0142062,0.0314753,0.110397,1.85761,1.26768,-0.994879
-0.0140203,0.0316019,0.110297,1.86136,1.26501,-1.00237
-0.0138339,0.0317283,0.110196,1.86511,1.26233,-1.00987
-0.0136472,0.0318544,0.110095,1.86884,1.25963,-1.01738
-0.0134602,0.0319802,0.109993,1.87256,1.25692,-1.0249
-0.0132727,0.0321058,0.10989,1.87627,1.25419,-1.03243
-0.0130849,0.0322311,0.109786,1.87998,1.25146,-1.03996
-0.0128967,0.0323561,0.109682,1.88367,1.24871,-1.04751
-0.0127082,0.0324808,0.109577,1.88734,1.24594,-1.05506
-0.0125193,0.0326053,0.109471,1.89101,1.24316,-1.06263
-0.01233,0.0327294,0.109364,1.89467,1.24037,-1.0702
-0.0121403,0.0328533,0.109257,1.89832,1.23756,-1.07778
-0.0119503,0.032977,0.109149,1.90195,1.23474,-1.08538
-0.0117599,0.0331003,0.10904,1.90557,1.23191,-1.09298
-0.0115692,0.0332233,0.10893,1.90919,1.22906,-1.10059
-0.0113781,0.0333461,0.10882,1.91279,1.2262,-1.10821
-0.0111866,0.0334686,0.108708,1.91638,1.22333,-1.11584
-0.0109948,0.0335908,0.108596,1.91995,1.22044,-1.12348
-0.0108027,0.0337127,0.108484,1.92352,1.21753,-1.13113
-0.0106101,0.0338343,0.10837,1.92707,1.21461,-1.13879
-0.0104172,0.0339556,0.108256,1.93062,1.21168,-1.14646
-0.010224,0.0340766,0.108141,1.93415,1.20873,-1.15414
-0.0100304,0.0341973,0.108025,1.93766,1.20577,-1.16182
-0.00983647,0.0343178,0.107909,1.94117,1.20279,-1.16952
-0.00964218,0.0344379,0.107791,1.94467,1.1998,-1.17723
-0.00944753,0.0345577,0.107673,1.94815,1.1968,-1.18495
-0.00925255,0.0346773,0.107554,1.95162,1.19378,-1.19267
-0.00905721,0.0347965,0.107435,1.95507,1.19074,-1.20041
-0.00886153,0.0349154,0.107314,1.95852,1.18769,-1.20816
-0.00866551,0.035034,0.107193,1.96195,1.18463,-1.21591
-0.00846914,0.0351523,0.107071,1.96537,1.18155,-1.22368
-0.00827243,0.0352703,0.106948,1.96878,1.17846,-1.23146
-0.00807539,0.035388,0.106825,1.97217,1.17535,-1.23924
-0.007878,0.0355054,0.1067,1.97555,1.17222,-1.24704
-0.00768028,0.0356225,0.106575,1.97892,1.16908,-1.25485
-0.00748222,0.0357392,0.106449,1.98228,1.16593,-1.26266
-0.00728382,0.0358556,0.106323,1.98562,1.16276,-1.27049
-0.00708509,0.0359718,0.106195,1.98895,1.15957,-1.27833
-0.00688603,0.0360876,0.106067,1.99226,1.15637,-1.28618
-0.00668664,0.036203,0.105938,1.99556,1.15316,-1.29403
-0.00648692,0.0363182,0.105808,1.99885,1.14993,-1.3019
-0.00628687,0.036433,0.105678,2.00213,1.14668,-1.30978
-0.0060865,0.0365475,0.105546,2.00539,1.14342,-1.31767
-0.00588579,0.0366617,0.105414,2.00864,1.14014,-1.32557
-0.00568477,0.0367756,0.105281,2.01187,1.13685,-1.33348
-0.00548342,0.0368891,0.105147,2.01509,1.13354,-1.3414
-0.00528175,0.0370023,0.105013,2.0183,1.13021,-1.34933
-0.00507976,0.0371151,0.104878,2.02149,1.12687,-1.35727
-0.00487745,0.0372276,0.104741,2.02466,1.12351,-1.36522
-0.00467483,0.0373398,0.104605,2.02783,1.12014,-1.37318
-0.00447189,0.0374517,0.104467,2.03098,1.11675,-1.38116
-0.00426863,0.0375632,0.104328,2.03411,1.11334,-1.38914
-0.00406507,0.0376743,0.104189,2.03723,1.10992,-1.39713
-0.00386119,0.0377851,0.104049,2.04033,1.10648,-1.40514
-0.003657,0.0378956,0.103908,2.04342,1.10303,-1.41315
-0.0034525,0.0380058,0.103766,2.0465,1.09956,-1.42118
-0.0032477,0.0381155,0.103624,2.04956,1.09607,-1.42921
-0.00304259,0.038225,0.10348,2.0526,1.09256,-1.43726
-0.00283718,0.038334,0.103336,2.05563,1.08904,-1.44532
-0.00263147,0.0384428,0.103191,2.05864,1.0855,-1.45339
-0.00242545,0.0385511,0.103046,2.06164,1.08195,-1.46147
-0.00221914,0.0386592,0.102899,2.06462,1.07838,-1.46956
-0.00201253,0.0387668,0.102752,2.06759,1.07479,-1.47766
-0.00180562,0.0388741,0.102604,2.07054,1.07118,-1.48577
-0.00159842,0.0389811,0.102455,2.07348,1.06756,-1.4939
-0.00139093,0.0390876,0.102305,2.0764,1.06392,-1.50203
-0.00118314,0.0391938,0.102154,2.0793,1.06026,-1.51017
-0.000975068,0.0392997,0.102003,2.08219,1.05659,-1.51833
-0.000766705,0.0394052,0.10185,2.08506,1.0529,-1.5265
-0.000558057,0.0395103,0.101697,2.08791,1.04919,-1.53467
-0.000349124,0.039615,0.101544,2.09075,1.04546,-1.54286
-0.000139908,0.0397194,0.101389,2.09357,1.04172,-1.55106
6.95891e-05,0.0398233,0.101233,2.09637,1.03796,-1.55927
0.000279366,0.0399269,0.101077,2.09916,1.03418,-1.5675
0.00048942,0.0400302,0.10092,2.10193,1.03038,-1.57573
0.00069975,0.040133,0.100762,2.10468,1.02656,-1.58397
0.000910355,0.0402355,0.100603,2.10741,1.02273,-1.59223
0.00112123,0.0403376,0.100443,2.11013,1.01888,-1.6005
0.00133238,0.0404393,0.100283,2.11283,1.01501,-1.60877
0.0015438,0.0405406,0.100122,2.11551,1.01112,-1.61706
0.00175548,0.0406415,0.0999595,2.11818,1.00722,-1.62536
0.00196743,0.040742,0.0997966,2.12082,1.00329,-1.63367
0.00217965,0.0408421,0.0996328,2.12345,0.999349,-1.642
0.00239212,0.0409419,0.0994682,2.12606,0.995388,-1.65033
0.00260486,0.0410412,0.0993027,2.12865,0.991408,-1.65867
0.00281785,0.0411402,0.0991364,2.13122,0.987409,-1.66703
0.0030311,0.0412387,0.0989693,2.13378,0.983392,-1.6754
0.00324461,0.0413368,0.0988014,2.13631,0.979356,-1.68378
0.00345836,0.0414346,0.0986326,2.13883,0.975301,-1.69216
0.00367237,0.0415319,0.0984629,2.14133,0.971227,-1.70057
0.00388663,0.0416288,0.0982924,2.1438,0.967134,-1.70898
0.00410113,0.0417253,0.0981211,2.14626,0.963022,-1.7174
0.00431588,0.0418214,0.097949,2.1487,0.95889,-1.72584
0.00453087,0.0419171,0.097776,2.15112,0.954739,-1.73428
0.0047461,0.0420124,0.0976021,2.15352,0.950569,-1.74274
0.00496158,0.0421072,0.0974274,2.1559,0.946379,-1.75121
0.00517728,0.0422016,0.0972519,2.15826,0.94217,-1.75969
0.00539323,0.0422957,0.0970755,2.1606,0.937941,-1.76818
0.0056094,0.0423892,0.0968982,2.16292,0.933692,-1.77668
0.00582581,0.0424824,0.0967201,2.16522,0.929424,-1.7852
0.00604245,0.0425751,0.0965412,2.1675,0.925136,-1.79372
0.00625931,0.0426674,0.0963614,2.16975,0.920827,-1.80226
0.0064764,0.0427593,0.0961807,2.17199,0.916499,-1.81081
0.00669371,0.0428507,0.0959992,2.17421,0.91215,-1.81937
0.00691124,0.0429417,0.0958169,2.1764,0.907782,-1.82794
0.00712899,0.0430323,0.0956336,2.17857,0.903393,-1.83652
0.00734695,0.0431224,0.0954496,2.18072,0.898983,-1.84511
0.00756513,0.0432121,0.0952646,2.18285,0.894553,-1.85371
0.00778352,0.0433013,0.0950788,2.18496,0.890102,-1.86233
0.00800212,0.0433901,0.0948921,2.18704,0.885631,-1.87096
0.00822093,0.0434784,0.0947046,2.18911,0.881139,-1.87959
0.00843994,0.0435663,0.0945162,2.19115,0.876626,-1.88824
0.00865916,0.0436537,0.094327,2.19317,0.872092,-1.8969
0.00887857,0.0437407,0.0941368,2.19516,0.867538,-1.90558
0.00909819,0.0438273,0.0939459,2.19713,0.862962,-1.91426
0.009318,0.0439133,0.093754,2.19908,0.858365,-1.92295
0.00953801,0.0439989,0.0935613,2.20101,0.853746,-1.93166
0.0097582,0.0440841,0.0933677,2.20291,0.849106,-1.94037
0.00997859,0.0441687,0.0931732,2.20479,0.844445,-1.9491
0.0101992,0.044253,0.0929778,2.20664,0.839762,-1.95784
0.0104199,0.0443367,0.0927816,2.20848,0.835058,-1.96659
0.0106409,0.04442,0.0925845,2.21028,0.830332,-1.97535
0.010862,0.0445028,0.0923866,2.21207,0.825584,-1.98412
0.0110833,0.0445851,0.0921877,2.21382,0.820814,-1.9929
0.0113047,0.0446669,0.091988,2.21556,0.816022,-2.0017
0.0115264,0.0447483,0.0917874,2.21727,0.811208,-2.0105
0.0117482,0.0448292,0.0915859,2.21895,0.806372,-2.01932
0.0119702,0.0449096,0.0913835,2.22061,0.801513,-2.02814
0.0121923,0.0449895,0.0911802,2.22224,0.796633,-2.03698
0.0124146,0.0450689,0.0909761,2.22385,0.791729,-2.04583
0.0126371,0.0451478,0.0907711,2.22543,0.786803,-2.05469
0.0128597,0.0452262,0.0905652,2.22699,0.781855,-2.06356
0.0130825,0.0453042,0.0903584,2.22852,0.776884,-2.07244
0.0133054,0.0453816,0.0901507,2.23002,0.77189,-2.08133
0.0135285,0.0454586,0.0899421,2.2315,0.766873,-2.09023
0.0137517,0.045535,0.0897326,2.23295,0.761833,-2.09914
0.0139751,0.0456109,0.0895223,2.23437,0.75677,-2.10807
0.0141986,0.0456864,0.089311,2.23577,0.751683,-2.117
0.0144222,0.0457613,0.0890989,2.23713,0.746574,-2.12595
0.014646,0.0458357,0.0888858,2.23847,0.741441,-2.1349
0.0148699,0.0459096,0.0886719,2.23979,0.736284,-2.14386
0.015094,0.0459829,0.088457,2.24107,0.731104,-2.15284
0.0153181,0.0460558,0.0882413,2.24233,0.725901,-2.16183
0.0155424,0.0461281,0.0880247,2.24356,0.720673,-2.17082
0.0157668,0.0461999,0.0878072,2.24476,0.715422,-2.17983
0.0159914,0.0462712,0.0875887,2.24593,0.710147,-2.18884
0.016216,0.0463419,0.0873694,2.24707,0.704848,-2.19787
0.0164408,0.0464122,0.0871491,2.24818,0.699524,-2.20691
0.0166657,0.0464818,0.086928,2.24927,0.694176,-2.21595
0.0168906,0.046551,0.086706,2.25032,0.688805,-2.22501
0.0171157,0.0466196,0.086483,2.25135,0.683408,-2.23407
0.0173409,0.0466877,0.0862591,2.25234,0.677987,-2.24315
0.0175662,0.0467552,0.0860344,2.2533,0.672542,-2.25223
0.0177916,0.0468222,0.0858087,2.25424,0.667072,-2.26133
0.018017,0.0468886,0.0855821,2.25514,0.661577,-2.27043
0.0182426,0.0469545,0.0853546,2.25601,0.656057,-2.27955
0.0184682,0.0470198,0.0851262,2.25685,0.650512,-2.28867
0.018694,0.0470846,0.0848969,2.25766,0.644942,-2.2978
0.0189198,0.0471488,0.0846666,2.25843,0.639347,-2.30695
0.0191456,0.0472125,0.0844355,2.25918,0.633727,-2.3161
0.0193716,0.0472756,0.0842034,2.25989,0.628082,-2.32526
0.0195976,0.0473381,0.0839704,2.26057,0.622411,-2.33443
0.0198237,0.0474,0.0837365,2.26122,0.616714,-2.3436
0.0200499,0.0474614,0.0835017,2.26184,0.610992,-2.35279
0.0202761,0.0475222,0.083266,2.26242,0.605244,-2.36199
0.0205023,0.0475825,0.0830293,2.26297,0.59947,-2.37119
0.0207287,0.0476421,0.0827917,2.26348,0.593671,-2.3804
0.020955,0.0477012,0.0825532,2.26396,0.587845,-2.38962
0.0211815,0.0477597,0.0823138,2.26441,0.581994,-2.39885
0.0214079,0.0478176,0.0820735,2.26482,0.576116,-2.40809
0.0216344,0.0478749,0.0818322,2.2652,0.570212,-2.41733
0.021861,0.0479316,0.08159,2.26554,0.564281,-2.42659
0.0220875,0.0479878,0.0813469,2.26585,0.558325,-2.43585
0.0223141,0.0480433,0.0811028,2.26612,0.552341,-2.44512
0.0225408,0.0480982,0.0808578,2.26636,0.546331,-2.4544
0.0227674,0.0481526,0.0806119,2.26656,0.540295,-2.46368
0.0229941,0.0482063,0.0803651,2.26673,0.534231,-2.47297
0.0232207,0.0482594,0.0801173,2.26686,0.528141,-2.48227
0.0234474,0.0483119,0.0798687,2.26695,0.522024,-2.49158
0.0236741,0.0483638,0.079619,2.267,0.51588,-2.50089
0.0239008,0.0484151,0.0793685,2.26702,0.509708,-2.51021
0.0241275,0.0484658,0.079117,2.267,0.50351,-2.51954
0.0243542,0.0485158,0.0788646,2.26695,0.497284,-2.52887
0.0245809,0.0485652,0.0786112,2.26685,0.49103,-2.53821
0.0248076,0.048614,0.0783569,2.26672,0.48475,-2.54756
0.0250343,0.0486622,0.0781017,2.26655,0.478441,-2.55691
0.0252609,0.0487097,0.0778455,2.26634,0.472106,-2.56627
0.0254875,0.0487566,0.0775884,2.26609,0.465742,-2.57563
0.0257141,0.0488028,0.0773304,2.2658,0.45935,-2.585
0.0259407,0.0488485,0.0770714,2.26547,0.452931,-2.59438
0.0261672,0.0488934,0.0768115,2.26511,0.446484,-2.60376
0.0263937,0.0489377,0.0765507,2.2647,0.440009,-2.61315
0.0266202,0.0489814,0.0762889,2.26425,0.433505,-2.62254
0.0268466,0.0490244,0.0760262,2.26376,0.426974,-2.63194
0.0270729,0.0490668,0.0757625,2.26323,0.420414,-2.64134
0.0272992,0.0491085,0.0754979,2.26266,0.413826,-2.65074
0.0275254,0.0491496,0.0752324,2.26205,0.407209,-2.66015
0.0277516,0.04919,0.0749659,2.2614,0.400564,-2.66957
0.0279777,0.0492297,0.0746985,2.2607,0.393891,-2.67899
0.0282038,0.0492687,0.0744301,2.25996,0.387189,-2.68841
0.0284297,0.0493071,0.0741608,2.25918,0.380458,-2.69783
0.0286556,0.0493448,0.0738905,2.25836,0.373698,-2.70726
0.0288814,0.0493819,0.0736193,2.25749,0.36691,-2.71669
0.0291071,0.0494182,0.0733472,2.25658,0.360093,-2.72613
0.0293327,0.0494539,0.0730741,2.25562,0.353246,-2.73557
0.0295582,0.0494889,0.0728001,2.25462,0.346371,-2.74501
0.0297836,0.0495232,0.0725251,2.25358,0.339467,-2.75445
0.0300089,0.0495568,0.0722492,2.25249,0.332533,-2.7639
0.0302341,0.0495897,0.0719723,2.25136,0.32557,-2.77335
0.0304592,0.0496219,0.0716945,2.25018,0.318579,-2.7828
0.0306842,0.0496534,0.0714158,2.24896,0.311557,-2.79225
0.030909,0.0496842,0.0711361,2.24769,0.304507,-2.8017
0.0311337,0.0497143,0.0708554,2.24638,0.297427,-2.81115
0.0313583,0.0497437,0.0705738,2.24501,0.290317,-2.82061
0.0315827,0.0497723,0.0702913,2.24361,0.283178,-2.83006
0.031807,0.0498003,0.0700078,2.24215,0.276009,-2.83951
0.0320311,0.0498275,0.0697234,2.24065,0.268811,-2.84897
0.0322551,0.0498541,0.069438,2.2391,0.261583,-2.85842
0.0324789,0.0498799,0.0691517,2.2375,0.254326,-2.86788
0.0327026,0.0499049,0.0688645,2.23585,0.247038,-2.87733
0.0329261,0.0499293,0.0685762,2.23416,0.239721,-2.88678
0.0331494,0.0499529,0.0682871,2.23241,0.232374,-2.89624
0.0333726,0.0499757,0.067997,2.23062,0.224997,-2.90568
0.0335956,0.0499979,0.067706,2.22877,0.21759,-2.91513
0.0338183,0.0500193,0.067414,2.22688,0.210154,-2.92458
0.0340409,0.0500399,0.067121,2.22494,0.202687,-2.93402
0.0342633,0.0500598,0.0668272,2.22295,0.19519,-2.94346
0.0344855,0.0500789,0.0665324,2.2209,0.187663,-2.9529
0.0347075,0.0500973,0.0662366,2.21881,0.180107,-2.96233
0.0349293,0.050115,0.0659399,2.21666,0.17252,-2.97176
0.0351508,0.0501318,0.0656422,2.21446,0.164903,-2.98119
0.0353722,0.0501479,0.0653436,2.21221,0.157256,-2.99061
0.0355933,0.0501633,0.0650441,2.20991,0.149578,-3.00003
0.0358141,0.0501779,0.0647436,2.20756,0.141871,-3.00945
0.0360348,0.0501917,0.0644422,2.20515,0.134134,-3.01885
0.0362552,0.0502047,0.0641399,2.20269,0.126366,-3.02826
0.0364753,0.0502169,0.0638366,2.20018,0.118568,-3.03765
0.0366952,0.0502284,0.0635323,2.19761,0.11074,-3.04704
0.0369148,0.0502391,0.0632272,2.19499,0.102882,-3.05643
0.0371342,0.050249,0.0629211,2.19231,0.0949936,-3.0658
0.0373533,0.0502581,0.062614,2.18958,0.0870751,-3.07517
0.0375721,0.0502664,0.062306,2.1868,0.0791264,-3.08454
0.0377907,0.0502739,0.0619971,2.18396,0.0711476,-3.09389
0.0380089,0.0502806,0.0616872,2.18106,0.0631386,-3.10324
0.0382269,0.0502865,0.0613765,2.17811,0.0550995,-3.11257
0.0384445,0.0502916,0.0610647,2.1751,0.0470303,-3.1219
0.0386619,0.0502959,0.0607521,2.17204,0.0389311,-3.13122
0.0388789,0.0502994,0.0604385,2.16891,0.0308018,-3.14053
0.0390957,0.0503021,0.060124,2.16574,0.0226424,-3.14983
0.0393121,0.0503039,0.0598085,2.1625,0.0144531,-3.15911
0.0395282,0.050305,0.0594921,2.15921,0.00623378,-3.16839
0.0397439,0.0503052,0.0591748,2.15586,-0.00201544,-3.17765
0.0399593,0.0503046,0.0588566,2.15245,-0.0102945,-3.18691
0.0401744,0.0503031,0.0585375,2.14898,-0.0186035,-3.19615
0.0403891,0.0503008,0.0582174,2.14545,-0.0269422,-3.20538
0.0406035,0.0502977,0.0578964,2.14186,-0.0353107,-3.21459
0.0408175,0.0502938,0.0575745,2.13822,-0.0437088,-3.22379
0.0410311,0.050289,0.0572516,2.13451,-0.0521366,-3.23298
0.0412444,0.0502834,0.0569279,2.13075,-0.0605939,-3.24215
0.0414573,0.0502769,0.0566032,2.12692,-0.0690807,-3.25131
0.0416698,0.0502695,0.0562776,2.12304,-0.077597,-3.26045
0.0418819,0.0502614,0.0559511,2.11909,-0.0861426,-3.26958
0.0420936,0.0502523,0.0556237,2.11509,-0.0947174,-3.27869
0.0423049,0.0502424,0.0552954,2.11102,-0.103321,-3.28778
0.0425158,0.0502316,0.0549661,2.10689,-0.111955,-3.29686
0.0427263,0.05022,0.054636,2.10269,-0.120617,-3.30592
0.0429363,0.0502075,0.054305,2.09844,-0.129308,-3.31496
0.043146,0.0501942,0.053973,2.09412,-0.138028,-3.32398
0.0433552,0.0501799,0.0536402,2.08974,-0.146777,-3.33298
0.0435639,0.0501648,0.0533064,2.0853,-0.155554,-3.34197
0.0437722,0.0501488,0.0529718,2.0808,-0.16436,-3.35093
0.0439801,0.0501319,0.0526362,2.07623,-0.173194,-3.35987
0.0441875,0.0501142,0.0522998,2.0716,-0.182056,-3.36879
0.0443944,0.0500955,0.0519625,2.0669,-0.190947,-3.37769
0.0446008,0.050076,0.0516243,2.06214,-0.199865,-3.38657
0.0448068,0.0500555,0.0512852,2.05731,-0.208812,-3.39542
0.0450123,0.0500342,0.0509452,2.05242,-0.217786,-3.40425
0.0452173,0.050012,0.0506043,2.04747,-0.226788,-3.41306
0.0454218,0.0499889,0.0502626,2.04245,-0.235817,-3.42184
0.0456258,0.0499648,0.0499199,2.03737,-0.244874,-3.4306
0.0458293,0.0499399,0.0495764,2.03222,-0.253957,-3.43933
0.0460322,0.049914,0.0492321,2.027,-0.263068,-3.44804
0.0462347,0.0498873,0.0488868,2.02172,-0.272206,-3.45672
0.0464366,0.0498596,0.0485407,2.01637,-0.28137,-3.46537
0.0466379,0.049831,0.0481938,2.01096,-0.29056,-3.47399
0.0468388,0.0498015,0.0478459,2.00548,-0.299777,-3.48259
0.047039,0.049771,0.0474972,1.99993,-0.30902,-3.49116
0.0472387,0.0497397,0.0471477,1.99431,-0.318289,-3.49969
0.0474379,0.0497074,0.0467973,1.98863,-0.327584,-3.5082
0.0476365,0.0496741,0.0464461,1.98288,-0.336904,-3.51668
0.0478345,0.04964,0.046094,1.97707,-0.346249,-3.52512
0.0480319,0.0496049,0.045741,1.97118,-0.35562,-3.53354
0.0482287,0.0495689,0.0453873,1.96523,-0.365015,-3.54192
0.0484249,0.0495319,0.0450327,1.95921,-0.374435,-3.55027
0.0486205,0.049494,0.0446772,1.95313,-0.383879,-3.55858
0.0488155,0.0494551,0.0443209,1.94697,-0.393348,-3.56686
0.0490099,0.0494153,0.0439638,1.94075,-0.40284,-3.57511
0.0492037,0.0493745,0.0436059,1.93445,-0.412356,-3.58332
0.0493968,0.0493328,0.0432472,1.92809,-0.421896,-3.59149
0.0495893,0.0492902,0.0428876,1.92166,-0.431458,-3.59963
0.0497811,0.0492465,0.0425273,1.91516,-0.441044,-3.60773
0.0499723,0.049202,0.0421661,1.90859,-0.450652,-3.61579
0.0501629,0.0491564,0.0418041,1.90196,-0.460282,-3.62381
0.0503527,0.0491099,0.0414413,1.89525,-0.469935,-3.6318
0.0505419,0.0490624,0.0410777,1.88847,-0.479609,-3.63974
0.0507304,0.049014,0.0407134,1.88163,-0.489305,-3.64764
0.0509182,0.0489646,0.0403482,1.87472,-0.499022,-3.65551
0.0511054,0.0489142,0.0399823,1.86773,-0.50876,-3.66333
0.0512918,0.0488628,0.0396156,1.86068,-0.518518,-3.6711
0.0514775,0.0488105,0.0392481,1.85356,-0.528297,-3.67884
0.0516625,0.0487571,0.0388798,1.84636,-0.538095,-3.68653
0.0518468,0.0487028,0.0385107,1.8391,-0.547913,-3.69417
0.0520303,0.0486476,0.038141,1.83177,-0.557751,-3.70177
0.0522131,0.0485913,0.0377704,1.82437,-0.567607,-3.70933
0.0523952,0.048534,0.0373991,1.8169,-0.577482,-3.71683
0.0525765,0.0484758,0.037027,1.80935,-0.587375,-3.72429
0.052757,0.0484166,0.0366542,1.80174,-0.597285,-3.73171
0.0529368,0.0483563,0.0362807,1.79406,-0.607214,-3.73907
0.0531159,0.0482951,0.0359064,1.78631,-0.617159,-3.74638
0.0532941,0.0482329,0.0355314,1.77849,-0.627121,-3.75365
0.0534716,0.0481697,0.0351557,1.7706,-0.637099,-3.76086
0.0536482,0.0481055,0.0347792,1.76264,-0.647094,-3.76802
0.0538241,0.0480403,0.0344021,1.75461,-0.657104,-3.77513
0.0539991,0.0479741,0.0340242,1.74651,-0.667129,-3.78219
0.0541734,0.0479069,0.0336457,1.73835,-0.677168,-3.78919
0.0543468,0.0478386,0.0332664,1.73011,-0.687222,-3.79614
0.0545194,0.0477694,0.0328864,1.7218,-0.69729,-3.80304
0.0546912,0.0476992,0.0325058,1.71343,-0.707371,-3.80988
0.0548621,0.0476279,0.0321244,1.70498,-0.717465,-3.81666
0.0550322,0.0475557,0.0317424,1.69647,-0.727572,-3.82339
0.0552014,0.0474824,0.0313598,1.68789,-0.737691,-3.83006
0.0553697,0.0474081,0.0309764,1.67924,-0.747822,-3.83667
0.0555372,0.0473329,0.0305924,1.67052,-0.757963,-3.84322
0.0557038,0.0472566,0.0302078,1.66173,-0.768116,-3.84971
0.0558696,0.0471792,0.0298225,1.65287,-0.778279,-3.85614
0.0560344,0.0471009,0.0294366,1.64395,-0.788451,-3.86251
0.0561984,0.0470215,0.02905,1.63496,-0.798633,-3.86882
0.0563614,0.0469412,0.0286628,1.6259,-0.808823,-3.87506
0.0565235,0.0468598,0.028275,1.61677,-0.819022,-3.88125
0.0566847,0.0467774,0.0278866,1.60758,-0.829229,-3.88737
0.056845,0.0466939,0.0274975,1.59832,-0.839443,-3.89342
0.0570044,0.0466095,0.0271079,1.58899,-0.849664,-3.89941
0.0571628,0.046524,0.0267176,1.5796,-0.859891,-3.90533
0.0573203,0.0464375,0.0263268,1.57014,-0.870124,-3.91119
0.0574769,0.04635,0.0259354,1.56062,-0.880362,-3.91698
0.0576324,0.0462614,0.0255434,1.55103,-0.890605,-3.9227
0.0577871,0.0461719,0.0251509,1.54137,-0.900851,-3.92836
0.0579407,0.0460813,0.0247578,1.53165,-0.911102,-3.93394
0.0580934,0.0459896,0.0243641,1.52187,-0.921355,-3.93946
0.0582451,0.045897,0.0239699,1.51202,-0.931611,-3.9449
0.0583958,0.0458033,0.0235751,1.5021,-0.941869,-3.95028
0.0585455,0.0457086,0.0231798,1.49213,-0.952129,-3.95558
0.0586942,0.0456129,0.022784,1.48209,-0.962389,-3.96081
0.0588419,0.0455161,0.0223877,1.47198,-0.972649,-3.96596
0.0589886,0.0454184,0.0219908,1.46182,-0.982909,-3.97105
0.0591343,0.0453195,0.0215934,1.45159,-0.993168,-3.97606
0.0592789,0.0452197,0.0211956,1.4413,-1.00343,-3.98099
0.0594225,0.0451189,0.0207972,1.43095,-1.01368,-3.98585
0.0595651,0.045017,0.0203984,1.42054,-1.02393,-3.99063
0.0597067,0.0449141,0.0199991,1.41007,-1.03418,-3.99534
0.0598471,0.0448101,0.0195994,1.39954,-1.04443,-3.99996
0.0599866,0.0447052,0.0191991,1.38895,-1.05467,-4.00451
0.0601249,0.0445992,0.0187985,1.3783,-1.0649,-4.00899
0.0602622,0.0444922,0.0183973,1.3676,-1.07513,-4.01338
0.0603984,0.0443842,0.0179958,1.35683,-1.08536,-4.01769
0.0605336,0.0442751,0.0175938,1.34601,-1.09557,-4.02193
0.0606676,0.0441651,0.0171914,1.33513,-1.10578,-4.02608
0.0608006,0.044054,0.0167886,1.3242,-1.11598,-4.03015
0.0609325,0.0439419,0.0163854,1.3132,-1.12618,-4.03414
0.0610632,0.0438287,0.0159818,1.30216,-1.13636,-4.03805
0.0611929,0.0437146,0.0155778,1.29106,-1.14653,-4.04187
0.0613215,0.0435994,0.0151734,1.27991,-1.15669,-4.04562
0.0614489,0.0434833,0.0147686,1.2687,-1.16684,-4.04927
0.0615752,0.0433661,0.0143635,1.25744,-1.17698,-4.05285
0.0617004,0.0432479,0.0139581,1.24613,-1.1871,-4.05634
0.0618244,0.0431287,0.0135523,1.23476,-1.19721,-4.05974
0.0619473,0.0430084,0.0131461,1.22335,-1.20731,-4.06306
0.0620691,0.0428872,0.0127397,1.21188,-1.2174,-4.06629
0.0621897,0.042765,0.0123329,1.20037,-1.22746,-4.06943
0.0623092,0.0426417,0.0119258,1.18881,-1.23751,-4.07249
0.0624275,0.0425174,0.0115184,1.1772,-1.24755,-4.07546
0.0625446,0.0423922,0.0111107,1.16554,-1.25757,-4.07834
0.0626606,0.0422659,0.0107027,1.15383,-1.26757,-4.08114
0.0627754,0.0421387,0.0102945,1.14208,-1.27755,-4.08384
0.062889,0.0420104,0.00988596,1.13029,-1.28751,-4.08646
0.0630014,0.0418812,0.00947718,1.11844,-1.29745,-4.08899
0.0631127,0.0417509,0.00906816,1.10656,-1.30737,-4.09142
0.0632227,0.0416197,0.0086589,1.09463,-1.31727,-4.09377
0.0633316,0.0414875,0.00824941,1.08266,-1.32715,-4.09603
0.0634393,0.0413543,0.0078397,1.07065,-1.337,-4.09819
0.0635457,0.0412201,0.00742978,1.0586,-1.34684,-4.10027
0.063651,0.0410849,0.00701965,1.04651,-1.35664,-4.10225
0.063755,0.0409488,0.00660933,1.03438,-1.36643,-4.10414
0.0638578,0.0408116,0.00619882,1.02221,-1.37619,-4.10594
0.0639595,0.0406735,0.00578814,1.01,-1.38592,-4.10765
0.0640598,0.0405344,0.0053773,0.997755,-1.39562,-4.10926
0.064159,0.0403944,0.00496629,0.985476,-1.4053,-4.11078
0.0642569,0.0402534,0.00455514,0.973162,-1.41495,-4.11221
0.0643536,0.0401114,0.00414385,0.960813,-1.42458,-4.11355
0.0644491,0.0399685,0.00373244,0.948431,-1.43417,-4.11479
0.0645433,0.0398246,0.0033209,0.936017,-1.44373,-4.11594
0.0646363,0.0396797,0.00290925,0.923571,-1.45327,-4.117
0.064728,0.0395339,0.0024975,0.911095,-1.46277,-4.11796
0.0648185,0.0393872,0.00208566,0.898589,-1.47224,-4.11883
0.0649078,0.0392395,0.00167374,0.886054,-1.48168,-4.1196
0.0649957,0.0390908,0.00126175,0.873491,-1.49108,-4.12028
0.0650825,0.0389413,0.000849689,0.860901,-1.50045,-4.12086
0.0651679,0.0387907,0.000437577,0.848285,-1.50979,-4.12135
0.0652521,0.0386393,2.54212e-05,0.835643,-1.51909,-4.12175
0.065335,0.0384869,-0.00038677,0.822977,-1.52836,-4.12205
0.0654167,0.0383336,-0.000798986,0.810288,-1.53759,-4.12226
0.0654971,0.0381794,-0.00121122,0.797576,-1.54679,-4.12237
0.0655762,0.0380243,-0.00162346,0.784843,-1.55595,-4.12239
0.0656541,0.0378682,-0.00203569,0.772089,-1.56507,-4.12231
0.0657306,0.0377113,-0.00244791,0.759316,-1.57415,-4.12214
0.0658059,0.0375534,-0.00286012,0.746524,-1.58319,-4.12187
0.0658799,0.0373946,-0.00327229,0.733714,-1.59219,-4.12151
0.0659527,0.037235,-0.00368441,0.720887,-1.60116,-4.12105
0.0660241,0.0370744,-0.00409649,0.708044,-1.61008,-4.1205
0.0660943,0.0369129,-0.00450851,0.695187,-1.61896,-4.11986
0.0661632,0.0367506,-0.00492046,0.682315,-1.6278,-4.11912
0.0662307,0.0365874,-0.00533233,0.669431,-1.63659,-4.11829
0.066297,0.0364233,-0.00574412,0.656535,-1.64535,-4.11736
0.066362,0.0362583,-0.0061558,0.643627,-1.65406,-4.11634
0.0664258,0.0360925,-0.00656738,0.63071,-1.66273,-4.11523
0.0664882,0.0359258,-0.00697885,0.617783,-1.67135,-4.11402
0.0665493,0.0357582,-0.00739018,0.604848,-1.67992,-4.11272
0.0666092,0.0355898,-0.00780139,0.591907,-1.68846,-4.11133
0.0666677,0.0354205,-0.00821245,0.578959,-1.69694,-4.10984
0.0667249,0.0352504,-0.00862335,0.566005,-1.70538,-4.10826
0.0667809,0.0350794,-0.00903409,0.553048,-1.71377,-4.10659
0.0668356,0.0349077,-0.00944467,0.540087,-1.72212,-4.10482
0.0668889,0.034735,-0.00985506,0.527124,-1.73041,-4.10297
0.066941,0.0345616,-0.0102653,0.51416,-1.73866,-4.10102
0.0669917,0.0343873,-0.0106753,0.501196,-1.74686,-4.09898
0.0670412,0.0342122,-0.011085,0.488232,-1.75501,-4.09685
0.0670894,0.0340363,-0.0114946,0.475269,-1.76311,-4.09463
0.0671363,0.0338596,-0.011904,0.462309,-1.77116,-4.09232
0.0671819,0.0336821,-0.0123131,0.449353,-1.77916,-4.08991
0.0672261,0.0335037,-0.012722,0.436401,-1.78711,-4.08742
0.0672691,0.0333246,-0.0131306,0.423455,-1.79501,-4.08484
0.0673108,0.0331447,-0.0135389,0.410515,-1.80285,-4.08217
0.0673512,0.0329641,-0.013947,0.397582,-1.81065,-4.07941
0.0673904,0.0327826,-0.0143548,0.384657,-1.81839,-4.07657
0.0674282,0.0326004,-0.0147623,0.371742,-1.82608,-4.07364
0.0674647,0.0324174,-0.0151695,0.358837,-1.83371,-4.07061
0.0674999,0.0322337,-0.0155764,0.345943,-1.84129,-4.06751
0.0675339,0.0320492,-0.015983,0.333061,-1.84882,-4.06431
0.0675666,0.0318639,-0.0163893,0.320192,-1.85629,-4.06103
0.0675979,0.0316779,-0.0167952,0.307337,-1.86371,-4.05767
0.067628,0.0314912,-0.0172008,0.294497,-1.87107,-4.05422
0.0676568,0.0313037,-0.0176061,0.281672,-1.87838,-4.05068
0.0676844,0.0311155,-0.018011,0.268864,-1.88563,-4.04707
0.0677106,0.0309266,-0.0184155,0.256073,-1.89283,-4.04336
0.0677356,0.0307369,-0.0188196,0.243301,-1.89996,-4.03958
0.0677593,0.0305466,-0.0192234,0.230548,-1.90705,-4.03571
0.0677817,0.0303555,-0.0196268,0.217815,-1.91407,-4.03176
0.0678028,0.0301638,-0.0200297,0.205103,-1.92104,-4.02773
0.0678227,0.0299713,-0.0204323,0.192413,-1.92796,-4.02363
0.0678413,0.0297782,-0.0208345,0.179746,-1.93481,-4.01944
0.0678587,0.0295843,-0.0212362,0.167102,-1.94161,-4.01517
0.0678747,0.0293898,-0.0216375,0.154483,-1.94835,-4.01082
0.0678896,0.0291947,-0.0220384,0.141889,-1.95503,-4.00639
0.0679031,0.0289988,-0.0224388,0.129321,-1.96165,-4.00189
0.0679154,0.0288023,-0.0228387,0.11678,-1.96822,-3.99731
0.0679265,0.0286052,-0.0232382,0.104267,-1.97472,-3.99265
0.0679363,0.0284074,-0.0236373,0.0917819,-1.98117,-3.98792
0.0679448,0.028209,-0.0240358,0.0793265,-1.98756,-3.98311
0.0679521,0.0280099,-0.0244339,0.0669011,-1.99389,-3.97823
0.0679582,0.0278102,-0.0248314,0.0545066,-2.00016,-3.97328
0.067963,0.0276099,-0.0252285,0.0421437,-2.00637,-3.96825
0.0679666,0.0274089,-0.0256251,0.0298133,-2.01252,-3.96315
0.067969,0.0272074,-0.0260212,0.017516,-2.01861,-3.95798
0.0679701,0.0270052,-0.0264167,0.00525251,-2.02464,-3.95273
0.0679701,0.0268024,-0.0268117,-0.00697631,-2.03062,-3.94742
0.0679687,0.0265991,-0.0272062,-0.0191698,-2.03653,-3.94204
0.0679662,0.0263951,-0.0276001,-0.0313273,-2.04238,-3.93659
0.0679625,0.0261906,-0.0279935,-0.043448,-2.04817,-3.93107
0.0679575,0.0259855,-0.0283863,-0.0555312,-2.05391,-3.92548
0.0679514,0.0257798,-0.0287786,-0.0675764,-2.05958,-3.91983
0.067944,0.0255736,-0.0291703,-0.0795828,-2.06519,-3.91411
0.0679355,0.0253668,-0.0295614,-0.0915497,-2.07074,-3.90833
0.0679257,0.0251594,-0.0299519,-0.103477,-2.07623,-3.90248
0.0679148,0.0249515,-0.0303419,-0.115363,-2.08166,-3.89657
0.0679026,0.0247431,-0.0307313,-0.127207,-2.08704,-3.8906
0.0678893,0.0245341,-0.03112,-0.13901,-2.09235,-3.88456
0.0678748,0.0243246,-0.0315082,-0.15077,-2.0976,-3.87846
0.0678592,0.0241146,-0.0318957,-0.162487,-2.10279,-3.87231
0.0678423,0.0239041,-0.0322826,-0.17416,-2.10792,-3.86609
0.0678243,0.023693,-0.0326689,-0.185789,-2.11299,-3.85981
0.0678052,0.0234815,-0.0330546,-0.197373,-2.118,-3.85348
0.0677849,0.0232694,-0.0334396,-0.208912,-2.12295,-3.84708
0.0677634,0.0230569,-0.033824,-0.220404,-2.12784,-3.84063
0.0677408,0.0228439,-0.0342077,-0.23185,-2.13267,-3.83413
0.067717,0.0226304,-0.0345908,-0.243249,-2.13744,-3.82757
0.0676921,0.0224164,-0.0349733,-0.2546,-2.14216,-3.82095
0.0676661,0.0222019,-0.035355,-0.265903,-2.14681,-3.81429
0.067639,0.021987,-0.0357361,-0.277158,-2.1514,-3.80756
0.0676107,0.0217717,-0.0361165,-0.288363,-2.15593,-3.80079
0.0675813,0.0215558,-0.0364963,-0.299519,-2.16041,-3.79397
0.0675508,0.0213396,-0.0368753,-0.310625,-2.16482,-3.78709
0.0675192,0.0211229,-0.0372537,-0.321681,-2.16918,-3.78017
0.0674865,0.0209057,-0.0376313,-0.332686,-2.17347,-3.77319
0.0674526,0.0206882,-0.0380083,-0.343639,-2.17771,-3.76617
0.0674177,0.0204702,-0.0383846,-0.354541,-2.18189,-3.7591
0.0673817,0.0202518,-0.0387601,-0.365391,-2.18601,-3.75199
0.0673446,0.020033,-0.039135,-0.376188,-2.19008,-3.74482
0.0673065,0.0198138,-0.0395091,-0.386933,-2.19408,-3.73762
0.0672673,0.0195942,-0.0398825,-0.397624,-2.19803,-3.73037
0.067227,0.0193742,-0.0402552,-0.408262,-2.20192,-3.72307
0.0671856,0.0191538,-0.0406271,-0.418845,-2.20575,-3.71574
0.0671432,0.018933,-0.0409983,-0.429375,-2.20952,-3.70836
0.0670997,0.0187119,-0.0413688,-0.43985,-2.21324,-3.70094
0.0670552,0.0184904,-0.0417385,-0.45027,-2.2169,-3.69348
0.0670097,0.0182685,-0.0421075,-0.460634,-2.2205,-3.68598
0.0669631,0.0180463,-0.0424757,-0.470944,-2.22405,-3.67844
0.0669155,0.0178237,-0.0428432,-0.481197,-2.22754,-3.67086
0.0668669,0.0176008,-0.0432099,-0.491395,-2.23098,-3.66324
0.0668172,0.0173775,-0.0435758,-0.501536,-2.23436,-3.65559
0.0667666,0.0171539,-0.043941,-0.51162,-2.23768,-3.64791
0.0667149,0.01693,-0.0443054,-0.521648,-2.24095,-3.64018
0.0666622,0.0167057,-0.044669,-0.531618,-2.24416,-3.63243
0.0666086,0.0164812,-0.0450319,-0.541531,-2.24732,-3.62464
0.0665539,0.0162563,-0.0453939,-0.551387,-2.25042,-3.61681
0.0664983,0.0160311,-0.0457552,-0.561185,-2.25347,-3.60896
0.0664417,0.0158056,-0.0461157,-0.570925,-2.25647,-3.60107
0.0663841,0.0155798,-0.0464754,-0.580607,-2.25941,-3.59315
0.0663256,0.0153537,-0.0468344,-0.590231,-2.2623,-3.58521
0.0662661,0.0151273,-0.0471925,-0.599797,-2.26513,-3.57723
0.0662056,0.0149007,-0.0475498,-0.609303,-2.26791,-3.56922
0.0661442,0.0146738,-0.0479063,-0.618751,-2.27064,-3.56119
0.0660819,0.0144466,-0.048262,-0.628141,-2.27332,-3.55313
0.0660186,0.0142191,-0.048617,-0.637471,-2.27594,-3.54504
0.0659544,0.0139914,-0.0489711,-0.646742,-2.27851,-3.53693
0.0658892,0.0137634,-0.0493243,-0.655954,-2.28104,-3.52879
0.0658232,0.0135352,-0.0496768,-0.665106,-2.28351,-3.52063
0.0657562,0.0133067,-0.0500285,-0.674199,-2.28592,-3.51245
0.0656884,0.013078,-0.0503793,-0.683233,-2.28829,-3.50424
0.0656196,0.012849,-0.0507293,-0.692206,-2.29061,-3.49601
0.0655499,0.0126199,-0.0510785,-0.701121,-2.29288,-3.48775
0.0654794,0.0123905,-0.0514269,-0.709975,-2.2951,-3.47948
0.0654079,0.0121608,-0.0517744,-0.71877,-2.29727,-3.47118
0.0653356,0.011931,-0.0521211,-0.727505,-2.29938,-3.46287
0.0652624,0.011701,-0.052467,-0.73618,-2.30146,-3.45454
0.0651884,0.0114707,-0.052812,-0.744795,-2.30348,-3.44618
0.0651135,0.0112403,-0.0531562,-0.75335,-2.30545,-3.43781
0.0650377,0.0110096,-0.0534996,-0.761845,-2.30738,-3.42943
0.0649611,0.0107788,-0.0538421,-0.770281,-2.30926,-3.42102
0.0648837,0.0105478,-0.0541838,-0.778656,-2.31109,-3.41261
0.0648054,0.0103166,-0.0545246,-0.786971,-2.31288,-3.40417
0.0647263,0.0100852,-0.0548646,-0.795227,-2.31461,-3.39572
0.0646463,0.00985366,-0.0552038,-0.803422,-2.31631,-3.38726
0.0645656,0.00962194,-0.0555421,-0.811558,-2.31795,-3.37878
0.064484,0.00939007,-0.0558795,-0.819634,-2.31955,-3.37029
0.0644017,0.00915803,-0.0562161,-0.82765,-2.32111,-3.36179
0.0643185,0.00892585,-0.0565519,-0.835606,-2.32262,-3.35327
0.0642345,0.00869351,-0.0568868,-0.843503,-2.32409,-3.34475
0.0641498,0.00846103,-0.0572208,-0.85134,-2.32551,-3.33621
0.0640643,0.00822841,-0.057554,-0.859117,-2.32689,-3.32766
0.063978,0.00799565,-0.0578864,-0.866835,-2.32823,-3.31911
0.0638909,0.00776277,-0.0582178,-0.874494,-2.32952,-3.31054
0.0638031,0.00752975,-0.0585485,-0.882093,-2.33077,-3.30197
0.0637145,0.00729662,-0.0588782,-0.889633,-2.33197,-3.29338
0.0636251,0.00706336,-0.0592071,-0.897113,-2.33314,-3.28479
0.0635351,0.00682999,-0.0595352,-0.904535,-2.33426,-3.2762
0.0634442,0.00659651,-0.0598624,-0.911898,-2.33534,-3.26759
0.0633527,0.00636292,-0.0601887,-0.919201,-2.33639,-3.25899
0.0632604,0.00612923,-0.0605142,-0.926447,-2.33739,-3.25037
0.0631674,0.00589545,-0.0608388,-0.933633,-2.33834,-3.24175
0.0630737,0.00566156,-0.0611625,-0.940761,-2.33926,-3.23313
0.0629793,0.00542759,-0.0614854,-0.947831,-2.34014,-3.2245
0.0628841,0.00519354,-0.0618074,-0.954842,-2.34098,-3.21587
0.0627883,0.0049594,-0.0621286,-0.961796,-2.34179,-3.20723
0.0626918,0.00472518,-0.0624489,-0.968691,-2.34255,-3.1986
0.0625945,0.00449089,-0.0627683,-0.975529,-2.34327,-3.18996
0.0624967,0.00425653,-0.0630869,-0.982309,-2.34396,-3.18132
0.0623981,0.0040221,-0.0634046,-0.989031,-2.34461,-3.17268
0.0622989,0.00378761,-0.0637214,-0.995696,-2.34522,-3.16403
0.062199,0.00355306,-0.0640374,-1.0023,-2.34579,-3.15539
0.0620984,0.00331845,-0.0643525,-1.00886,-2.34633,-3.14675
0.0619972,0.00308379,-0.0646667,-1.01535,-2.34683,-3.1381
0.0618953,0.00284908,-0.0649801,-1.02179,-2.3473,-3.12946
0.0617928,0.00261433,-0.0652926,-1.02817,-2.34773,-3.12082
0.0616897,0.00237954,-0.0656043,-1.03449,-2.34812,-3.11218
0.0615859,0.00214471,-0.065915,-1.04076,-2.34848,-3.10355
0.0614815,0.00190985,-0.066225,-1.04698,-2.3488,-3.09491
0.0613765,0.00167495,-0.066534,-1.05313,-2.3491,-3.08628
0.0613765,0.00167495,-0.066534,-1.05313,-2.3491,-3.08628
0.0612709,0.00144009,-0.0668422,-1.06009,-2.34819,-3.07778
0.0611645,0.00120531,-0.0671496,-1.06699,-2.34726,-3.06929
0.0610575,0.000970635,-0.0674561,-1.07384,-2.34629,-3.0608
0.0609498,0.000736056,-0.0677617,-1.08063,-2.34529,-3.05231
0.0608414,0.000501578,-0.0680666,-1.08736,-2.34425,-3.04383
0.0607323,0.000267206,-0.0683705,-1.09405,-2.34319,-3.03535
0.0606225,3.29418e-05,-0.0686736,-1.10067,-2.34209,-3.02688
0.0605122,-0.000201211,-0.0689759,-1.10725,-2.34096,-3.01841
0.0604011,-0.000435249,-0.0692773,-1.11376,-2.3398,-3.00995
0.0602894,-0.000669169,-0.0695779,-1.12023,-2.3386,-3.0015
0.0601771,-0.000902968,-0.0698776,-1.12664,-2.33738,-2.99305
0.0600641,-0.00113664,-0.0701765,-1.133,-2.33612,-2.98461
0.0599505,-0.00137019,-0.0704745,-1.1393,-2.33484,-2.97618
0.0598362,-0.00160361,-0.0707717,-1.14555,-2.33352,-2.96775
0.0597213,-0.0018369,-0.0710681,-1.15175,-2.33218,-2.95934
0.0596059,-0.00207005,-0.0713636,-1.1579,-2.33081,-2.95093
0.0594898,-0.00230306,-0.0716583,-1.16399,-2.3294,-2.94252
0.0593731,-0.00253593,-0.0719521,-1.17004,-2.32797,-2.93413
0.0592558,-0.00276865,-0.0722451,-1.17603,-2.32651,-2.92575
0.0591379,-0.00300123,-0.0725372,-1.18197,-2.32503,-2.91737
0.0590194,-0.00323365,-0.0728286,-1.18785,-2.32351,-2.90901
0.0589003,-0.00346593,-0.073119,-1.19369,-2.32197,-2.90065
0.0587806,-0.00369805,-0.0734087,-1.19947,-2.3204,-2.89231
0.0586604,-0.00393001,-0.0736975,-1.20521,-2.3188,-2.88397
0.0585396,-0.00416181,-0.0739855,-1.21089,-2.31718,-2.87564
0.0584182,-0.00439344,-0.0742726,-1.21653,-2.31553,-2.86733
0.0582963,-0.00462491,-0.074559,-1.22211,-2.31386,-2.85903
0.0581738,-0.00485621,-0.0748444,-1.22765,-2.31216,-2.85073
0.0580508,-0.00508734,-0.0751291,-1.23313,-2.31043,-2.84245
0.0579272,-0.0053183,-0.0754129,-1.23857,-2.30868,-2.83418
0.0578031,-0.00554908,-0.0756959,-1.24396,-2.30691,-2.82592
0.0576784,-0.00577968,-0.0759781,-1.2493,-2.30511,-2.81768
0.0575532,-0.0060101,-0.0762595,-1.25459,-2.30329,-2.80944
0.0574275,-0.00624034,-0.07654,-1.25983,-2.30144,-2.80122
0.0573012,-0.00647039,-0.0768197,-1.26503,-2.29957,-2.79301
0.0571745,-0.00670025,-0.0770986,-1.27017,-2.29768,-2.78481
0.0570472,-0.00692992,-0.0773767,-1.27527,-2.29576,-2.77663
0.0569194,-0.0071594,-0.0776539,-1.28033,-2.29382,-2.76846
0.0567911,-0.00738869,-0.0779304,-1.28533,-2.29186,-2.7603
0.0566624,-0.00761777,-0.078206,-1.29029,-2.28987,-2.75215
0.0565331,-0.00784666,-0.0784808,-1.2952,-2.28787,-2.74402
0.0564033,-0.00807535,-0.0787548,-1.30007,-2.28584,-2.73591
0.0562731,-0.00830383,-0.079028,-1.30489,-2.28379,-2.7278
0.0561423,-0.0085321,-0.0793004,-1.30967,-2.28172,-2.71971
0.0560111,-0.00876017,-0.0795719,-1.3144,-2.27963,-2.71164
0.0558795,-0.00898803,-0.0798427,-1.31908,-2.27752,-2.70358
0.0557473,-0.00921568,-0.0801126,-1.32372,-2.27539,-2.69553
0.0556147,-0.00944311,-0.0803818,-1.32832,-2.27324,-2.6875
0.0554817,-0.00967032,-0.0806501,-1.33287,-2.27106,-2.67949
0.0553481,-0.00989732,-0.0809177,-1.33738,-2.26887,-2.67148
0.0552142,-0.0101241,-0.0811844,-1.34184,-2.26666,-2.6635
0.0550798,-0.0103507,-0.0814504,-1.34626,-2.26443,-2.65553
0.0549449,-0.010577,-0.0817156,-1.35064,-2.26218,-2.64757
0.0548096,-0.0108031,-0.0819799,-1.35497,-2.25992,-2.63963
0.0546739,-0.011029,-0.0822435,-1.35926,-2.25763,-2.6317
0.0545378,-0.0112546,-0.0825063,-1.36351,-2.25533,-2.6238
0.0544012,-0.01148,-0.0827682,-1.36772,-2.253,-2.6159
0.0542643,-0.0117052,-0.0830294,-1.37188,-2.25066,-2.60802
0.0541269,-0.0119302,-0.0832898,-1.376,-2.24831,-2.60016
0.0539891,-0.0121549,-0.0835495,-1.38008,-2.24593,-2.59232
0.0538508,-0.0123793,-0.0838083,-1.38412,-2.24354,-2.58449
0.0537122,-0.0126036,-0.0840664,-1.38812,-2.24113,-2.57667
0.0535732,-0.0128276,-0.0843236,-1.39208,-2.23871,-2.56888
0.0534338,-0.0130513,-0.0845801,-1.396,-2.23627,-2.5611
0.053294,-0.0132748,-0.0848359,-1.39987,-2.23381,-2.55333
0.0531538,-0.0134981,-0.0850908,-1.40371,-2.23134,-2.54559
0.0530133,-0.0137211,-0.085345,-1.40751,-2.22885,-2.53786
0.0528723,-0.0139439,-0.0855984,-1.41126,-2.22635,-2.53014
0.052731,-0.0141664,-0.085851,-1.41498,-2.22383,-2.52245
0.0525893,-0.0143886,-0.0861029,-1.41866,-2.22129,-2.51477
0.0524473,-0.0146106,-0.086354,-1.4223,-2.21874,-2.50711
0.0523049,-0.0148324,-0.0866043,-1.4259,-2.21618,-2.49946
0.0521621,-0.0150539,-0.0868539,-1.42947,-2.2136,-2.49183
0.052019,-0.0152751,-0.0871027,-1.43299,-2.21101,-2.48422
0.0518755,-0.0154961,-0.0873507,-1.43648,-2.2084,-2.47663
0.0517317,-0.0157168,-0.087598,-1.43993,-2.20578,-2.46905
0.0515875,-0.0159372,-0.0878445,-1.44334,-2.20314,-2.4615
0.051443,-0.0161574,-0.0880903,-1.44671,-2.20049,-2.45396
0.0512982,-0.0163773,-0.0883353,-1.45005,-2.19783,-2.44643
0.051153,-0.016597,-0.0885796,-1.45335,-2.19516,-2.43893
0.0510075,-0.0168163,-0.0888231,-1.45662,-2.19247,-2.43144
0.0508617,-0.0170355,-0.0890659,-1.45985,-2.18977,-2.42397
0.0507156,-0.0172543,-0.0893079,-1.46304,-2.18706,-2.41652
0.0505691,-0.0174729,-0.0895492,-1.4662,-2.18433,-2.40908
0.0504223,-0.0176912,-0.0897897,-1.46932,-2.18159,-2.40166
0.0502752,-0.0179092,-0.0900295,-1.47241,-2.17884,-2.39427
0.0501278,-0.0181269,-0.0902686,-1.47546,-2.17608,-2.38688
0.0499801,-0.0183444,-0.0905069,-1.47847,-2.17331,-2.37952
0.0498321,-0.0185616,-0.0907445,-1.48146,-2.17052,-2.37218
0.0496839,-0.0187785,-0.0909813,-1.4844,-2.16773,-2.36485
0.0495353,-0.0189951,-0.0912174,-1.48732,-2.16492,-2.35754
0.0493864,-0.0192115,-0.0914528,-1.4902,-2.1621,-2.35025
0.0492372,-0.0194276,-0.0916875,-1.49304,-2.15927,-2.34298
0.0490878,-0.0196433,-0.0919214,-1.49586,-2.15643,-2.33572
0.0489381,-0.0198588,-0.0921546,-1.49864,-2.15358,-2.32849
0.0487881,-0.0200741,-0.0923871,-1.50138,-2.15072,-2.32127
0.0486378,-0.020289,-0.0926189,-1.5041,-2.14785,-2.31407
0.0484872,-0.0205036,-0.0928499,-1.50678,-2.14497,-2.30688
0.0483364,-0.020718,-0.0930803,-1.50942,-2.14207,-2.29972
0.0481854,-0.020932,-0.0933099,-1.51204,-2.13917,-2.29258
0.048034,-0.0211458,-0.0935388,-1.51463,-2.13626,-2.28545
0.0478824,-0.0213593,-0.093767,-1.51718,-2.13334,-2.27834
0.0477306,-0.0215725,-0.0939944,-1.5197,-2.13041,-2.27125
0.0475785,-0.0217854,-0.0942212,-1.52219,-2.12747,-2.26418
0.0474262,-0.021998,-0.0944473,-1.52465,-2.12452,-2.25712
0.0472736,-0.0222103,-0.0946726,-1.52708,-2.12157,-2.25009
0.0471207,-0.0224223,-0.0948973,-1.52947,-2.1186,-2.24307
0.0469677,-0.022634,-0.0951213,-1.53184,-2.11563,-2.23607
0.0468144,-0.0228454,-0.0953445,-1.53418,-2.11264,-2.22909
0.0466608,-0.0230565,-0.0955671,-1.53648,-2.10965,-2.22213
0.0465071,-0.0232673,-0.0957889,-1.53876,-2.10665,-2.21518
0.0463531,-0.0234779,-0.0960101,-1.54101,-2.10365,-2.20826
0.0461989,-0.0236881,-0.0962306,-1.54323,-2.10063,-2.20135
0.0460444,-0.023898,-0.0964504,-1.54541,-2.09761,-2.19446
0.0458898,-0.0241076,-0.0966695,-1.54757,-2.09457,-2.18759
0.0457349,-0.0243169,-0.0968879,-1.5497,-2.09154,-2.18073
0.0455799,-0.0245259,-0.0971056,-1.55181,-2.08849,-2.1739
0.0454246,-0.0247346,-0.0973227,-1.55388,-2.08543,-2.16708
0.0452691,-0.024943,-0.097539,-1.55592,-2.08237,-2.16029
0.0451134,-0.0251511,-0.0977547,-1.55794,-2.07931,-2.15351
0.0449575,-0.0253588,-0.0979697,-1.55993,-2.07623,-2.14674
0.0448014,-0.0255663,-0.0981841,-1.56189,-2.07315,-2.14
0.0446451,-0.0257735,-0.0983977,-1.56383,-2.07006,-2.13328
0.0444886,-0.0259803,-0.0986107,-1.56573,-2.06696,-2.12657
0.044332,-0.0261869,-0.0988231,-1.56761,-2.06386,-2.11988
0.0441751,-0.0263931,-0.0990347,-1.56947,-2.06075,-2.11321
0.0440181,-0.026599,-0.0992457,-1.57129,-2.05764,-2.10656
0.0438609,-0.0268046,-0.099456,-1.57309,-2.05452,-2.09992
0.0437035,-0.0270099,-0.0996657,-1.57486,-2.05139,-2.09331
0.0435459,-0.0272149,-0.0998747,-1.57661,-2.04826,-2.08671
0.0433881,-0.0274196,-0.100083,-1.57833,-2.04512,-2.08013
0.0432302,-0.0276239,-0.100291,-1.58003,-2.04197,-2.07356
0.0430721,-0.027828,-0.100498,-1.5817,-2.03882,-2.06702
0.0429139,-0.0280317,-0.100704,-1.58334,-2.03567,-2.06049
0.0427555,-0.0282351,-0.10091,-1.58496,-2.03251,-2.05398
0.0425969,-0.0284382,-0.101115,-1.58655,-2.02934,-2.04749
0.0424382,-0.028641,-0.101319,-1.58812,-2.02617,-2.04102
0.0422793,-0.0288434,-0.101523,-1.58966,-2.02299,-2.03457
0.0421202,-0.0290456,-0.101726,-1.59118,-2.01981,-2.02813
0.041961,-0.0292474,-0.101929,-1.59268,-2.01662,-2.02171
0.0418017,-0.0294489,-0.102131,-1.59415,-2.01343,-2.01531
0.0416422,-0.0296501,-0.102332,-1.5956,-2.01023,-2.00893
0.0414826,-0.0298509,-0.102532,-1.59702,-2.00703,-2.00256
0.0413228,-0.0300515,-0.102732,-1.59842,-2.00383,-1.99621
0.0411629,-0.0302517,-0.102932,-1.59979,-2.00062,-1.98988
0.0410028,-0.0304516,-0.10313,-1.60114,-1.9974,-1.98357
0.0408427,-0.0306512,-0.103328,-1.60247,-1.99418,-1.97727
0.0406823,-0.0308504,-0.103526,-1.60378,-1.99096,-1.97099
0.0405219,-0.0310494,-0.103723,-1.60506,-1.98773,-1.96473
0.0403613,-0.031248,-0.103919,-1.60632,-1.9845,-1.95849
0.0402006,-0.0314463,-0.104114,-1.60756,-1.98126,-1.95227
0.0400398,-0.0316442,-0.104309,-1.60877,-1.97802,-1.94606
0.0398789,-0.0318419,-0.104503,-1.60996,-1.97478,-1.93987
0.0397178,-0.0320392,-0.104697,-1.61113,-1.97153,-1.93369
0.0395567,-0.0322362,-0.10489,-1.61228,-1.96828,-1.92754
0.0393954,-0.0324329,-0.105083,-1.61341,-1.96503,-1.9214
0.039234,-0.0326292,-0.105274,-1.61451,-1.96177,-1.91528
0.0390725,-0.0328252,-0.105466,-1.61559,-1.95851,-1.90917
0.0389109,-0.0330209,-0.105656,-1.61666,-1.95524,-1.90309
0.0387491,-0.0332163,-0.105846,-1.6177,-1.95197,-1.89702
0.0385873,-0.0334113,-0.106036,-1.61871,-1.9487,-1.89096
0.0384254,-0.033606,-0.106225,-1.61971,-1.94543,-1.88493
0.0382634,-0.0338004,-0.106413,-1.62069,-1.94215,-1.87891
0.0381013,-0.0339944,-0.1066,-1.62165,-1.93887,-1.8729
0.0379391,-0.0341881,-0.106787,-1.62258,-1.93559,-1.86692
0.0377768,-0.0343815,-0.106974,-1.6235,-1.9323,-1.86095
0.0376144,-0.0345746,-0.107159,-1.62439,-1.92901,-1.855
0.0374519,-0.0347673,-0.107345,-1.62527,-1.92572,-1.84906
0.0372893,-0.0349598,-0.107529,-1.62613,-1.92243,-1.84315
0.0371266,-0.0351518,-0.107713,-1.62696,-1.91913,-1.83724
0.0369639,-0.0353436,-0.107897,-1.62778,-1.91583,-1.83136
0.0368011,-0.035535,-0.10808,-1.62857,-1.91253,-1.82549
0.0366382,-0.0357261,-0.108262,-1.62935,-1.90922,-1.81964
0.0364752,-0.0359168,-0.108444,-1.63011,-1.90592,-1.8138
0.0363122,-0.0361073,-0.108625,-1.63085,-1.90261,-1.80798
0.0361491,-0.0362974,-0.108805,-1.63157,-1.8993,-1.80218
0.0359859,-0.0364871,-0.108985,-1.63227,-1.89598,-1.7964
0.0358226,-0.0366766,-0.109164,-1.63295,-1.89267,-1.79063
0.0356593,-0.0368657,-0.109343,-1.63361,-1.88935,-1.78487
0.0354959,-0.0370544,-0.109521,-1.63426,-1.88603,-1.77914
0.0353324,-0.0372429,-0.109699,-1.63488,-1.88271,-1.77341
0.0351689,-0.037431,-0.109876,-1.63549,-1.87939,-1.76771
0.0350053,-0.0376187,-0.110053,-1.63608,-1.87606,-1.76202
0.0348417,-0.0378062,-0.110228,-1.63665,-1.87273,-1.75635
0.034678,-0.0379933,-0.110404,-1.63721,-1.86941,-1.75069
0.0345142,-0.0381801,-0.110579,-1.63774,-1.86608,-1.74505
0.0343504,-0.0383665,-0.110753,-1.63826,-1.86274,-1.73942
0.0341866,-0.0385526,-0.110926,-1.63877,-1.85941,-1.73382
0.0340227,-0.0387384,-0.1111,-1.63925,-1.85608,-1.72822
0.0338587,-0.0389238,-0.111272,-1.63972,-1.85274,-1.72264
0.0336948,-0.0391089,-0.111444,-1.64017,-1.8494,-1.71708
0.0335307,-0.0392937,-0.111616,-1.6406,-1.84606,-1.71154
0.0333666,-0.0394781,-0.111786,-1.64101,-1.84272,-1.706
0.0332025,-0.0396622,-0.111957,-1.64141,-1.83938,-1.70049
0.0330384,-0.039846,-0.112127,-1.6418,-1.83604,-1.69499
0.0328742,-0.0400295,-0.112296,-1.64216,-1.8327,-1.68951
0.0327099,-0.0402126,-0.112464,-1.64251,-1.82935,-1.68404
0.0325457,-0.0403953,-0.112633,-1.64284,-1.82601,-1.67858
0.0323814,-0.0405778,-0.1128,-1.64316,-1.82266,-1.67315
0.032217,-0.0407599,-0.112967,-1.64346,-1.81931,-1.66772
0.0320527,-0.0409416,-0.113134,-1.64375,-1.81596,-1.66231
0.0318883,-0.0411231,-0.1133,-1.64402,-1.81261,-1.65692
0.0317239,-0.0413041,-0.113465,-1.64427,-1.80926,-1.65154
0.0315594,-0.0414849,-0.11363,-1.64451,-1.80591,-1.64618
0.031395,-0.0416653,-0.113794,-1.64473,-1.80256,-1.64083
0.0312305,-0.0418454,-0.113958,-1.64494,-1.79921,-1.6355
0.031066,-0.0420252,-0.114121,-1.64513,-1.79586,-1.63018
0.0309014,-0.0422046,-0.114284,-1.6453,-1.7925,-1.62488
0.0307369,-0.0423837,-0.114446,-1.64546,-1.78915,-1.61959
0.0305724,-0.0425624,-0.114608,-1.64561,-1.78579,-1.61432
0.0304078,-0.0427408,-0.114769,-1.64574,-1.78244,-1.60906
0.0302432,-0.0429189,-0.11493,-1.64586,-1.77908,-1.60382
0.0300786,-0.0430966,-0.11509,-1.64596,-1.77573,-1.59859
0.029914,-0.0432741,-0.11525,-1.64604,-1.77237,-1.59337
0.0297494,-0.0434511,-0.115409,-1.64612,-1.76901,-1.58817
0.0295848,-0.0436279,-0.115567,-1.64617,-1.76566,-1.58299
0.0294202,-0.0438043,-0.115725,-1.64622,-1.7623,-1.57782
0.0292556,-0.0439803,-0.115883,-1.64625,-1.75894,-1.57266
0.0290909,-0.044156,-0.11604,-1.64626,-1.75559,-1.56752
0.0289263,-0.0443314,-0.116196,-1.64626,-1.75223,-1.56239
0.0287617,-0.0445065,-0.116352,-1.64625,-1.74887,-1.55728
0.028597,-0.0446812,-0.116508,-1.64622,-1.74551,-1.55218
0.0284324,-0.0448556,-0.116663,-1.64618,-1.74215,-1.54709
0.0282678,-0.0450296,-0.116817,-1.64613,-1.7388,-1.54202
0.0281032,-0.0452033,-0.116971,-1.64606,-1.73544,-1.53696
0.0279386,-0.0453767,-0.117125,-1.64598,-1.73208,-1.53192
0.027774,-0.0455498,-0.117278,-1.64588,-1.72872,-1.52689
0.0276094,-0.0457225,-0.11743,-1.64578,-1.72536,-1.52187
0.0274449,-0.0458948,-0.117582,-1.64566,-1.72201,-1.51687
0.0272803,-0.0460669,-0.117733,-1.64552,-1.71865,-1.51188
0.0271157,-0.0462386,-0.117884,-1.64537,-1.71529,-1.50691
0.0269512,-0.0464099,-0.118035,-1.64521,-1.71193,-1.50195
0.0267867,-0.046581,-0.118185,-1.64504,-1.70858,-1.497
0.0266222,-0.0467516,-0.118334,-1.64486,-1.70522,-1.49206
0.0264577,-0.046922,-0.118483,-1.64466,-1.70186,-1.48714
0.0262933,-0.047092,-0.118632,-1.64445,-1.69851,-1.48224
0.0261288,-0.0472617,-0.11878,-1.64422,-1.69515,-1.47734
0.0259644,-0.047431,-0.118927,-1.64399,-1.6918,-1.47246
0.0258001,-0.0476001,-0.119074,-1.64374,-1.68844,-1.4676
0.0256357,-0.0477687,-0.119221,-1.64348,-1.68509,-1.46274
0.0254714,-0.0479371,-0.119367,-1.6432,-1.68173,-1.4579
0.025307,-0.0481051,-0.119512,-1.64292,-1.67838,-1.45308
0.0251428,-0.0482728,-0.119657,-1.64262,-1.67503,-1.44826
0.0249785,-0.0484401,-0.119802,-1.64231,-1.67167,-1.44346
0.0248143,-0.0486071,-0.119946,-1.64199,-1.66832,-1.43867
0.0246501,-0.0487738,-0.120089,-1.64166,-1.66497,-1.4339
0.024486,-0.0489401,-0.120233,-1.64132,-1.66162,-1.42914
0.0243219,-0.0491061,-0.120375,-1.64096,-1.65827,-1.42439
0.0241578,-0.0492717,-0.120518,-1.64059,-1.65492,-1.41965
0.0239937,-0.0494371,-0.120659,-1.64021,-1.65157,-1.41493
0.0238297,-0.0496021,-0.120801,-1.63982,-1.64822,-1.41022
0.0236658,-0.0497667,-0.120941,-1.63942,-1.64488,-1.40552
0.0235019,-0.049931,-0.121082,-1.63901,-1.64153,-1.40084
0.023338,-0.050095,-0.121221,-1.63858,-1.63818,-1.39616
0.0231741,-0.0502587,-0.121361,-1.63815,-1.63484,-1.3915
0.0230104,-0.050422,-0.1215,-1.6377,-1.6315,-1.38685
0.0228466,-0.050585,-0.121638,-1.63725,-1.62815,-1.38222
0.0226829,-0.0507476,-0.121776,-1.63678,-1.62481,-1.3776
0.0225192,-0.0509099,-0.121914,-1.6363,-1.62147,-1.37299
0.0223556,-0.0510719,-0.122051,-1.63581,-1.61813,-1.36839
0.0221921,-0.0512336,-0.122187,-1.63531,-1.61479,-1.3638
0.0220286,-0.0513949,-0.122324,-1.6348,-1.61145,-1.35923
0.0218651,-0.0515558,-0.122459,-1.63428,-1.60811,-1.35467
0.0217017,-0.0517165,-0.122594,-1.63375,-1.60477,-1.35012
0.0215384,-0.0518768,-0.122729,-1.6332,-1.60144,-1.34558
0.0213751,-0.0520368,-0.122864,-1.63265,-1.5981,-1.34105
0.0212118,-0.0521964,-0.122997,-1.63209,-1.59477,-1.33654
0.0210487,-0.0523557,-0.123131,-1.63151,-1.59144,-1.33204
0.0208855,-0.0525147,-0.123264,-1.63093,-1.5881,-1.32755
0.0207225,-0.0526733,-0.123396,-1.63034,-1.58477,-1.32307
0.0205595,-0.0528317,-0.123529,-1.62973,-1.58144,-1.31861
0.0203965,-0.0529896,-0.12366,-1.62912,-1.57811,-1.31415
0.0202337,-0.0531473,-0.123791,-1.6285,-1.57479,-1.30971
0.0200708,-0.0533046,-0.123922,-1.62787,-1.57146,-1.30528
0.0199081,-0.0534616,-0.124052,-1.62722,-1.56814,-1.30086
0.0197454,-0.0536182,-0.124182,-1.62657,-1.56481,-1.29645
0.0195828,-0.0537745,-0.124312,-1.62591,-1.56149,-1.29206
0.0194202,-0.0539305,-0.124441,-1.62524,-1.55817,-1.28767
0.0192577,-0.0540862,-0.124569,-1.62456,-1.55485,-1.2833
0.0190953,-0.0542415,-0.124697,-1.62387,-1.55153,-1.27894
0.0189329,-0.0543965,-0.124825,-1.62317,-1.54821,-1.27459
0.0187707,-0.0545511,-0.124952,-1.62246,-1.54489,-1.27025
0.0186085,-0.0547055,-0.125079,-1.62174,-1.54158,-1.26592
0.0184463,-0.0548594,-0.125205,-1.62101,-1.53826,-1.2616
0.0182843,-0.0550131,-0.125331,-1.62027,-1.53495,-1.2573
0.0181223,-0.0551664,-0.125457,-1.61953,-1.53164,-1.253
0.0179604,-0.0553194,-0.125582,-1.61877,-1.52833,-1.24872
0.0177985,-0.0554721,-0.125707,-1.61801,-1.52502,-1.24445
0.0176367,-0.0556244,-0.125831,-1.61724,-1.52171,-1.24018
0.0174751,-0.0557764,-0.125955,-1.61645,-1.5184,-1.23593
0.0173135,-0.0559281,-0.126078,-1.61566,-1.5151,-1.23169
0.0171519,-0.0560795,-0.126201,-1.61486,-1.5118,-1.22747
0.0169905,-0.0562305,-0.126324,-1.61406,-1.50849,-1.22325
0.0168291,-0.0563812,-0.126446,-1.61324,-1.50519,-1.21904
0.0166678,-0.0565315,-0.126567,-1.61241,-1.50189,-1.21484
0.0165066,-0.0566815,-0.126689,-1.61158,-1.49859,-1.21066
0.0163455,-0.0568312,-0.126809,-1.61074,-1.4953,-1.20648
0.0161845,-0.0569806,-0.12693,-1.60989,-1.492,-1.20232
0.0160235,-0.0571296,-0.12705,-1.60903,-1.48871,-1.19817
0.0158627,-0.0572783,-0.12717,-1.60816,-1.48542,-1.19402
0.0157019,-0.0574267,-0.127289,-1.60729,-1.48213,-1.18989
0.0155412,-0.0575748,-0.127408,-1.6064,-1.47884,-1.18577
0.0153806,-0.0577225,-0.127526,-1.60551,-1.47555,-1.18166
0.0152201,-0.0578699,-0.127644,-1.60461,-1.47226,-1.17755
0.0150597,-0.0580169,-0.127761,-1.6037,-1.46898,-1.17346
0.0148994,-0.0581637,-0.127879,-1.60279,-1.46569,-1.16938
0.0147392,-0.0583101,-0.127995,-1.60186,-1.46241,-1.16531
0.014579,-0.0584562,-0.128112,-1.60093,-1.45913,-1.16125
0.014419,-0.0586019,-0.128228,-1.59999,-1.45585,-1.1572
0.014259,-0.0587473,-0.128343,-1.59904,-1.45258,-1.15316
0.0140992,-0.0588924,-0.128458,-1.59809,-1.4493,-1.14913
0.0139394,-0.0590372,-0.128573,-1.59712,-1.44603,-1.14511
0.0137797,-0.0591816,-0.128687,-1.59615,-1.44275,-1.1411
0.0136202,-0.0593257,-0.128801,-1.59517,-1.43948,-1.1371
0.0134607,-0.0594695,-0.128915,-1.59419,-1.43621,-1.1331
0.0133013,-0.059613,-0.129028,-1.59319,-1.43295,-1.12912
0.0131421,-0.0597561,-0.12914,-1.59219,-1.42968,-1.12515
0.0129829,-0.0598989,-0.129253,-1.59118,-1.42642,-1.12119
0.0128238,-0.0600414,-0.129365,-1.59017,-1.42315,-1.11724
0.0126649,-0.0601835,-0.129476,-1.58915,-1.41989,-1.1133
0.012506,-0.0603254,-0.129587,-1.58811,-1.41663,-1.10937
0.0123472,-0.0604669,-0.129698,-1.58708,-1.41337,-1.10544
0.0121886,-0.060608,-0.129808,-1.58603,-1.41012,-1.10153
0.01203,-0.0607489,-0.129918,-1.58498,-1.40686,-1.09763
0.0118716,-0.0608894,-0.130028,-1.58392,-1.40361,-1.09373
0.0117132,-0.0610296,-0.130137,-1.58285,-1.40036,-1.08985
0.011555,-0.0611695,-0.130246,-1.58178,-1.39711,-1.08597
0.0113969,-0.061309,-0.130354,-1.5807,-1.39386,-1.08211
0.0112389,-0.0614483,-0.130462,-1.57961,-1.39062,-1.07825
0.011081,-0.0615872,-0.13057,-1.57852,-1.38737,-1.0744
0.0109232,-0.0617257,-0.130677,-1.57741,-1.38413,-1.07057
0.0107655,-0.061864,-0.130784,-1.57631,-1.38089,-1.06674
0.0106079,-0.0620019,-0.130891,-1.57519,-1.37765,-1.06292
0.0104504,-0.0621395,-0.130997,-1.57407,-1.37441,-1.05911
0.0102931,-0.0622768,-0.131102,-1.57294,-1.37117,-1.05531
0.0101359,-0.0624138,-0.131208,-1.57181,-1.36794,-1.05152
0.00997874,-0.0625504,-0.131313,-1.57066,-1.36471,-1.04773
0.00982173,-0.0626867,-0.131417,-1.56951,-1.36148,-1.04396
0.00966483,-0.0628227,-0.131522,-1.56836,-1.35825,-1.04019
0.00950806,-0.0629583,-0.131625,-1.5672,-1.35502,-1.03644
0.0093514,-0.0630937,-0.131729,-1.56603,-1.35179,-1.03269
0.00919485,-0.0632287,-0.131832,-1.56486,-1.34857,-1.02895
0.00903842,-0.0633634,-0.131935,-1.56367,-1.34535,-1.02522
0.00888212,-0.0634978,-0.132037,-1.56249,-1.34213,-1.0215
0.00872593,-0.0636318,-0.132139,-1.56129,-1.33891,-1.01779
0.00856986,-0.0637656,-0.13224,-1.56009,-1.33569,-1.01409
0.00841391,-0.063899,-0.132342,-1.55889,-1.33248,-1.01039
0.00825808,-0.064032,-0.132443,-1.55767,-1.32926,-1.00671
0.00810237,-0.0641648,-0.132543,-1.55646,-1.32605,-1.00303
0.00794679,-0.0642973,-0.132643,-1.55523,-1.32284,-0.999361
0.00779133,-0.0644294,-0.132743,-1.554,-1.31963,-0.995701
0.00763599,-0.0645612,-0.132842,-1.55276,-1.31643,-0.992049
0.00748078,-0.0646927,-0.132941,-1.55152,-1.31322,-0.988406
0.00732569,-0.0648238,-0.13304,-1.55027,-1.31002,-0.984771
0.00717072,-0.0649547,-0.133138,-1.54901,-1.30682,-0.981145
0.00701588,-0.0650852,-0.133236,-1.54775,-1.30362,-0.977527
0.00686117,-0.0652154,-0.133334,-1.54649,-1.30042,-0.973917
0.00670659,-0.0653453,-0.133431,-1.54521,-1.29723,-0.970316
0.00655213,-0.0654748,-0.133528,-1.54393,-1.29403,-0.966723
0.0063978,-0.0656041,-0.133624,-1.54265,-1.29084,-0.963138
0.0062436,-0.065733,-0.13372,-1.54136,-1.28765,-0.959561
0.00608953,-0.0658616,-0.133816,-1.54006,-1.28446,-0.955992
0.00593559,-0.0659899,-0.133912,-1.53876,-1.28128,-0.952432
0.00578178,-0.0661179,-0.134007,-1.53745,-1.27809,-0.948879
0.0056281,-0.0662455,-0.134101,-1.53614,-1.27491,-0.945335
0.00547455,-0.0663729,-0.134196,-1.53482,-1.27173,-0.941799
0.00532113,-0.0664999,-0.13429,-1.5335,-1.26855,-0.93827
0.00516785,-0.0666266,-0.134383,-1.53217,-1.26537,-0.93475
0.0050147,-0.0667529,-0.134477,-1.53083,-1.2622,-0.931238
0.00486168,-0.066879,-0.13457,-1.52949,-1.25902,-0.927733
0.0047088,-0.0670047,-0.134662,-1.52814,-1.25585,-0.924236
0.00455606,-0.0671302,-0.134755,-1.52679,-1.25268,-0.920747
0.00440344,-0.0672553,-0.134846,-1.52543,-1.24951,-0.917266
0.00425097,-0.0673801,-0.134938,-1.52407,-1.24635,-0.913793
0.00409863,-0.0675046,-0.135029,-1.5227,-1.24318,-0.910327
0.00394643,-0.0676287,-0.13512,-1.52133,-1.24002,-0.906869
0.00379437,-0.0677526,-0.135211,-1.51995,-1.23686,-0.903419
0.00364244,-0.0678761,-0.135301,-1.51857,-1.2337,-0.899977
0.00349065,-0.0679993,-0.135391,-1.51718,-1.23054,-0.896542
0.003339,-0.0681222,-0.13548,-1.51578,-1.22739,-0.893114
0.0031875,-0.0682448,-0.135569,-1.51438,-1.22423,-0.889694
0.00303613,-0.068367,-0.135658,-1.51298,-1.22108,-0.886282
0.0028849,-0.068489,-0.135746,-1.51157,-1.21793,-0.882877
0.00273381,-0.0686106,-0.135835,-1.51015,-1.21479,-0.879479
0.00258287,-0.068732,-0.135922,-1.50873,-1.21164,-0.876089
0.00243207,-0.068853,-0.13601,-1.50731,-1.2085,-0.872706
0.00228141,-0.0689736,-0.136097,-1.50588,-1.20535,-0.869331
0.00213089,-0.069094,-0.136184,-1.50444,-1.20221,-0.865963
0.00198052,-0.0692141,-0.13627,-1.503,-1.19907,-0.862602
0.00183029,-0.0693338,-0.136356,-1.50156,-1.19594,-0.859249
0.00168021,-0.0694533,-0.136442,-1.50011,-1.1928,-0.855902
0.00153027,-0.0695724,-0.136527,-1.49865,-1.18967,-0.852563
0.00138048,-0.0696912,-0.136612,-1.49719,-1.18654,-0.849231
0.00123083,-0.0698097,-0.136697,-1.49573,-1.18341,-0.845906
0.00108133,-0.0699279,-0.136782,-1.49426,-1.18028,-0.842589
0.000931981,-0.0700458,-0.136866,-1.49279,-1.17715,-0.839278
0.000782776,-0.0701633,-0.13695,-1.49131,-1.17403,-0.835974
0.00063372,-0.0702806,-0.137033,-1.48982,-1.17091,-0.832678
0.000484812,-0.0703975,-0.137116,-1.48833,-1.16779,-0.829388
0.000336053,-0.0705141,-0.137199,-1.48684,-1.16467,-0.826106
0.000187444,-0.0706304,-0.137281,-1.48534,-1.16155,-0.82283
3.89843e-05,-0.0707464,-0.137363,-1.48384,-1.15844,-0.819561
-0.000109325,-0.0708621,-0.137445,-1.48233,-1.15533,-0.816299
-0.000257483,-0.0709775,-0.137527,-1.48082,-1.15221,-0.813044
-0.000405489,-0.0710926,-0.137608,-1.47931,-1.14911,-0.809796
-0.000553344,-0.0712073,-0.137689,-1.47779,-1.146,-0.806554
-0.000701046,-0.0713218,-0.137769,-1.47626,-1.14289,-0.80332
-0.000848596,-0.0714359,-0.137849,-1.47473,-1.13979,-0.800092
-0.000995993,-0.0715497,-0.137929,-1.4732,-1.13669,-0.79687
-0.00114324,-0.0716632,-0.138009,-1.47166,-1.13359,-0.793656
-0.00129032,-0.0717764,-0.138088,-1.47012,-1.13049,-0.790448
-0.00143726,-0.0718893,-0.138167,-1.46857,-1.12739,-0.787246
-0.00158404,-0.0720019,-0.138245,-1.46702,-1.1243,-0.784052
-0.00173066,-0.0721142,-0.138324,-1.46546,-1.12121,-0.780863
-0.00187713,-0.0722262,-0.138401,-1.4639,-1.11812,-0.777682
-0.00202344,-0.0723378,-0.138479,-1.46234,-1.11503,-0.774506
-0.0021696,-0.0724492,-0.138556,-1.46077,-1.11194,-0.771338
-0.0023156,-0.0725602,-0.138633,-1.4592,-1.10885,-0.768175
-0.00246144,-0.0726709,-0.13871,-1.45762,-1.10577,-0.76502
-0.00260712,-0.0727814,-0.138786,-1.45604,-1.10269,-0.76187
-0.00275264,-0.0728915,-0.138862,-1.45445,-1.09961,-0.758727
-0.00289801,-0.0730013,-0.138938,-1.45286,-1.09653,-0.75559
-0.00304322,-0.0731108,-0.139013,-1.45127,-1.09346,-0.75246
-0.00318826,-0.07322,-0.139089,-1.44967,-1.09038,-0.749336
-0.00333315,-0.0733289,-0.139163,-1.44807,-1.08731,-0.746218
-0.00347788,-0.0734374,-0.139238,-1.44646,-1.08424,-0.743106
-0.00362244,-0.0735457,-0.139312,-1.44485,-1.08117,-0.740001
-0.00376685,-0.0736537,-0.139386,-1.44324,-1.0781,-0.736902
-0.00391109,-0.0737613,-0.139459,-1.44162,-1.07504,-0.733808
-0.00405517,-0.0738687,-0.139533,-1.43999,-1.07198,-0.730722
-0.00419909,-0.0739757,-0.139606,-1.43837,-1.06891,-0.727641
-0.00434284,-0.0740825,-0.139678,-1.43674,-1.06585,-0.724566
-0.00448644,-0.0741889,-0.13975,-1.4351,-1.0628,-0.721497
-0.00462986,-0.074295,-0.139822,-1.43346,-1.05974,-0.718434
-0.00477313,-0.0744008,-0.139894,-1.43182,-1.05669,-0.715378
-0.00491623,-0.0745064,-0.139965,-1.43018,-1.05363,-0.712327
-0.00505916,-0.0746116,-0.140037,-1.42853,-1.05058,-0.709282
-0.00520193,-0.0747165,-0.140107,-1.42687,-1.04754,-0.706243
-0.00534454,-0.0748211,-0.140178,-1.42521,-1.04449,-0.70321
-0.00548698,-0.0749254,-0.140248,-1.42355,-1.04144,-0.700183
-0.00562925,-0.0750294,-0.140318,-1.42189,-1.0384,-0.697162
-0.00577135,-0.0751331,-0.140387,-1.42022,-1.03536,-0.694147
-0.00591329,-0.0752364,-0.140457,-1.41854,-1.03232,-0.691137
-0.00605506,-0.0753395,-0.140526,-1.41687,-1.02928,-0.688133
-0.00619667,-0.0754423,-0.140594,-1.41519,-1.02624,-0.685135
-0.0063381,-0.0755448,-0.140663,-1.4135,-1.02321,-0.682143
-0.00647937,-0.0756469,-0.140731,-1.41182,-1.02018,-0.679156
-0.00662046,-0.0757488,-0.140799,-1.41012,-1.01715,-0.676175
-0.00676139,-0.0758504,-0.140866,-1.40843,-1.01412,-0.6732
-0.00690215,-0.0759516,-0.140933,-1.40673,-1.01109,-0.67023
-0.00704274,-0.0760526,-0.141,-1.40503,-1.00807,-0.667266
-0.00718315,-0.0761532,-0.141067,-1.40332,-1.00504,-0.664308
-0.0073234,-0.0762536,-0.141133,-1.40161,-1.00202,-0.661355
-0.00746348,-0.0763536,-0.141199,-1.3999,-0.999001,-0.658407
-0.00760338,-0.0764534,-0.141265,-1.39818,-0.995982,-0.655465
-0.00774311,-0.0765528,-0.14133,-1.39646,-0.992966,-0.652529
-0.00788267,-0.076652,-0.141395,-1.39474,-0.989951,-0.649598
-0.00802206,-0.0767508,-0.14146,-1.39301,-0.986938,-0.646673
-0.00816127,-0.0768494,-0.141524,-1.39128,-0.983927,-0.643752
-0.00830031,-0.0769476,-0.141589,-1.38954,-0.980918,-0.640838
-0.00843918,-0.0770456,-0.141653,-1.38781,-0.97791,-0.637928
-0.00857788,-0.0771432,-0.141716,-1.38606,-0.974904,-0.635024
-0.0087164,-0.0772405,-0.14178,-1.38432,-0.9719,-0.632126
-0.00885474,-0.0773376,-0.141843,-1.38257,-0.968898,-0.629232
-0.00899291,-0.0774343,-0.141905,-1.38082,-0.965897,-0.626344
-0.0091309,-0.0775308,-0.141968,-1.37907,-0.962899,-0.623462
-0.00926872,-0.0776269,-0.14203,-1.37731,-0.959901,-0.620584
-0.00940636,-0.0777227,-0.142092,-1.37555,-0.956906,-0.617712
-0.00954383,-0.0778183,-0.142154,-1.37378,-0.953913,-0.614844
-0.00968112,-0.0779135,-0.142215,-1.37201,-0.950921,-0.611982
-0.00981823,-0.0780085,-0.142276,-1.37024,-0.947931,-0.609125
-0.00995517,-0.0781031,-0.142337,-1.36847,-0.944942,-0.606274
-0.0100919,-0.0781975,-0.142397,-1.36669,-0.941956,-0.603427
-0.0102285,-0.0782915,-0.142458,-1.36491,-0.938971,-0.600585
-0.0103649,-0.0783853,-0.142517,-1.36312,-0.935988,-0.597749
-0.0105011,-0.0784787,-0.142577,-1.36133,-0.933006,-0.594917
-0.0106372,-0.0785719,-0.142636,-1.35954,-0.930026,-0.592091
-0.010773,-0.0786647,-0.142695,-1.35775,-0.927048,-0.589269
-0.0109087,-0.0787573,-0.142754,-1.35595,-0.924072,-0.586453
-0.0110442,-0.0788495,-0.142813,-1.35415,-0.921098,-0.583641
-0.0111796,-0.0789415,-0.142871,-1.35235,-0.918125,-0.580835
-0.0113147,-0.0790331,-0.142929,-1.35054,-0.915154,-0.578033
-0.0114497,-0.0791245,-0.142987,-1.34873,-0.912184,-0.575236
-0.0115844,-0.0792156,-0.143044,-1.34691,-0.909216,-0.572444
-0.011719,-0.0793064,-0.143101,-1.3451,-0.90625,-0.569657
-0.0118535,-0.0793968,-0.143158,-1.34328,-0.903286,-0.566875
-0.0119877,-0.079487,-0.143214,-1.34146,-0.900323,-0.564097
-0.0121218,-0.0795769,-0.143271,-1.33963,-0.897362,-0.561324
-0.0122556,-0.0796665,-0.143327,-1.3378,-0.894403,-0.558556
-0.0123893,-0.0797558,-0.143382,-1.33597,-0.891446,-0.555793
-0.0125228,-0.0798448,-0.143438,-1.33413,-0.88849,-0.553035
-0.0126561,-0.0799335,-0.143493,-1.3323,-0.885536,-0.550281
-0.0127893,-0.0800219,-0.143548,-1.33046,-0.882583,-0.547531
-0.0129222,-0.08011,-0.143603,-1.32861,-0.879632,-0.544787
-0.013055,-0.0801978,-0.143657,-1.32676,-0.876683,-0.542047
-0.0131876,-0.0802853,-0.143711,-1.32492,-0.873736,-0.539312
-0.01332,-0.0803726,-0.143765,-1.32306,-0.87079,-0.536581
-0.0134522,-0.0804595,-0.143818,-1.32121,-0.867846,-0.533855
-0.0135842,-0.0805461,-0.143872,-1.31935,-0.864903,-0.531133
-0.0137161,-0.0806325,-0.143925,-1.31749,-0.861962,-0.528416
-0.0138477,-0.0807185,-0.143977,-1.31562,-0.859023,-0.525704
-0.0139792,-0.0808043,-0.14403,-1.31375,-0.856086,-0.522996
-0.0141105,-0.0808897,-0.144082,-1.31188,-0.85315,-0.520292
-0.0142416,-0.0809749,-0.144134,-1.31001,-0.850216,-0.517593
-0.0143725,-0.0810598,-0.144185,-1.30813,-0.847283,-0.514898
-0.0145032,-0.0811444,-0.144237,-1.30626,-0.844352,-0.512208
-0.0146337,-0.0812286,-0.144288,-1.30437,-0.841423,-0.509522
-0.0147641,-0.0813126,-0.144339,-1.30249,-0.838495,-0.506841
-0.0148942,-0.0813963,-0.144389,-1.3006,-0.835569,-0.504164
-0.0150242,-0.0814798,-0.144439,-1.29871,-0.832645,-0.501491
-0.015154,-0.0815629,-0.144489,-1.29682,-0.829722,-0.498822
-0.0152836,-0.0816457,-0.144539,-1.29492,-0.826801,-0.496158
-0.015413,-0.0817282,-0.144589,-1.29302,-0.823881,-0.493498
-0.0155422,-0.0818105,-0.144638,-1.29112,-0.820963,-0.490843
-0.0156712,-0.0818924,-0.144687,-1.28922,-0.818047,-0.488191
-0.0158,-0.0819741,-0.144736,-1.28731,-0.815132,-0.485544
-0.0159286,-0.0820555,-0.144784,-1.2854,-0.812219,-0.482901
-0.0160571,-0.0821365,-0.144832,-1.28349,-0.809308,-0.480262
-0.0161853,-0.0822173,-0.14488,-1.28158,-0.806398,-0.477628
-0.0163134,-0.0822978,-0.144928,-1.27966,-0.80349,-0.474997
-0.0164413,-0.082378,-0.144975,-1.27774,-0.800583,-0.472371
-0.0165689,-0.0824579,-0.145022,-1.27581,-0.797678,-0.469749
-0.0166964,-0.0825376,-0.145069,-1.27389,-0.794774,-0.467131
-0.0168237,-0.0826169,-0.145116,-1.27196,-0.791872,-0.464517
-0.0169508,-0.0826959,-0.145162,-1.27003,-0.788972,-0.461907
-0.0170777,-0.0827747,-0.145208,-1.2681,-0.786073,-0.459301
-0.0172044,-0.0828531,-0.145254,-1.26616,-0.783176,-0.456699
-0.017331,-0.0829313,-0.145299,-1.26422,-0.78028,-0.454101
-0.0174573,-0.0830092,-0.145345,-1.26228,-0.777386,-0.451507
-0.0175834,-0.0830868,-0.14539,-1.26033,-0.774494,-0.448917
-0.0177094,-0.0831641,-0.145434,-1.25839,-0.771603,-0.446331
-0.0178351,-0.0832411,-0.145479,-1.25644,-0.768714,-0.443749
-0.0179606,-0.0833178,-0.145523,-1.25449,-0.765826,-0.44117
-0.018086,-0.0833943,-0.145567,-1.25253,-0.76294,-0.438596
-0.0182111,-0.0834704,-0.145611,-1.25058,-0.760055,-0.436026
-0.0183361,-0.0835463,-0.145654,-1.24862,-0.757172,-0.433459
-0.0184609,-0.0836219,-0.145697,-1.24665,-0.75429,-0.430896
-0.0185854,-0.0836971,-0.14574,-1.24469,-0.75141,-0.428337
-0.0187098,-0.0837721,-0.145783,-1.24272,-0.748531,-0.425782
-0.018834,-0.0838469,-0.145826,-1.24075,-0.745654,-0.423231
-0.018958,-0.0839213,-0.145868,-1.23878,-0.742779,-0.420683
-0.0190817,-0.0839954,-0.14591,-1.23681,-0.739905,-0.418139
-0.0192053,-0.0840693,-0.145951,-1.23483,-0.737033,-0.415599
-0.0193287,-0.0841428,-0.145993,-1.23285,-0.734162,-0.413063
-0.0194519,-0.0842161,-0.146034,-1.23087,-0.731292,-0.41053
-0.0195749,-0.0842891,-0.146075,-1.22888,-0.728424,-0.408001
-0.0196977,-0.0843618,-0.146116,-1.2269,-0.725558,-0.405476
-0.0198203,-0.0844342,-0.146156,-1.22491,-0.722693,-0.402954
-0.0199426,-0.0845063,-0.146196,-1.22291,-0.71983,-0.400436
-0.0200648,-0.0845781,-0.146236,-1.22092,-0.716968,-0.397922
-0.0201868,-0.0846497,-0.146276,-1.21892,-0.714107,-0.395411
-0.0203086,-0.084721,-0.146315,-1.21693,-0.711249,-0.392904
-0.0204302,-0.084792,-0.146354,-1.21492,-0.708391,-0.3904
-0.0205516,-0.0848626,-0.146393,-1.21292,-0.705535,-0.3879
-0.0206728,-0.0849331,-0.146432,-1.21091,-0.702681,-0.385404
-0.0207938,-0.0850032,-0.14647,-1.20891,-0.699828,-0.382911
-0.0209146,-0.085073,-0.146509,-1.20689,-0.696976,-0.380421
-0.0210352,-0.0851426,-0.146546,-1.20488,-0.694126,-0.377935
-0.0211556,-0.0852119,-0.146584,-1.20287,-0.691278,-0.375452
-0.0212757,-0.0852808,-0.146622,-1.20085,-0.688431,-0.372973
-0.0213957,-0.0853495,-0.146659,-1.19883,-0.685585,-0.370498
-0.0215155,-0.085418,-0.146696,-1.19681,-0.682741,-0.368025
-0.0216351,-0.0854861,-0.146732,-1.19478,-0.679898,-0.365557
-0.0217545,-0.0855539,-0.146769,-1.19275,-0.677057,-0.363091
-0.0218736,-0.0856215,-0.146805,-1.19072,-0.674217,-0.360629
-0.0219926,-0.0856888,-0.146841,-1.18869,-0.671379,-0.35817
-0.0221114,-0.0857558,-0.146877,-1.18666,-0.668542,-0.355715
-0.0222299,-0.0858225,-0.146912,-1.18462,-0.665706,-0.353263
-0.0223483,-0.0858889,-0.146947,-1.18258,-0.662872,-0.350814
-0.0224665,-0.0859551,-0.146982,-1.18054,-0.66004,-0.348368
-0.0225844,-0.0860209,-0.147017,-1.1785,-0.657209,-0.345926
-0.0227022,-0.0860865,-0.147051,-1.17645,-0.654379,-0.343487
-0.0228197,-0.0861518,-0.147086,-1.17441,-0.65155,-0.341051
-0.022937,-0.0862168,-0.14712,-1.17236,-0.648723,-0.338619
-0.0230542,-0.0862815,-0.147153,-1.1703,-0.645898,-0.33619
-0.0231711,-0.086346,-0.147187,-1.16825,-0.643074,-0.333764
-0.0232878,-0.0864102,-0.14722,-1.16619,-0.640251,-0.331341
-0.0234043,-0.086474,-0.147253,-1.16413,-0.63743,-0.328921
-0.0235206,-0.0865376,-0.147286,-1.16207,-0.63461,-0.326504
-0.0236367,-0.086601,-0.147318,-1.16001,-0.631791,-0.324091
-0.0237526,-0.086664,-0.147351,-1.15795,-0.628974,-0.321681
-0.0238683,-0.0867268,-0.147383,-1.15588,-0.626158,-0.319273
-0.0239838,-0.0867892,-0.147415,-1.15381,-0.623344,-0.316869
-0.0240991,-0.0868514,-0.147446,-1.15174,-0.620531,-0.314468
-0.0242142,-0.0869133,-0.147477,-1.14966,-0.617719,-0.31207
-0.024329,-0.086975,-0.147509,-1.14759,-0.614909,-0.309675
-0.0244437,-0.0870363,-0.147539,-1.14551,-0.6121,-0.307284
-0.0245581,-0.0870974,-0.14757,-1.14343,-0.609293,-0.304895
-0.0246724,-0.0871582,-0.1476,-1.14135,-0.606487,-0.302509
-0.0247864,-0.0872187,-0.147631,-1.13926,-0.603682,-0.300126
-0.0249002,-0.0872789,-0.14766,-1.13717,-0.600878,-0.297746
-0.0250138,-0.0873389,-0.14769,-1.13509,-0.598076,-0.295369
-0.0251272,-0.0873985,-0.147719,-1.13299,-0.595276,-0.292995
-0.0252404,-0.0874579,-0.147749,-1.1309,-0.592476,-0.290624
-0.0253534,-0.087517,-0.147778,-1.12881,-0.589678,-0.288256
-0.0254662,-0.0875759,-0.147806,-1.12671,-0.586882,-0.28589
-0.0255788,-0.0876344,-0.147835,-1.12461,-0.584086,-0.283528
-0.0256911,-0.0876927,-0.147863,-1.12251,-0.581292,-0.281169
-0.0258033,-0.0877507,-0.147891,-1.1204,-0.578499,-0.278812
-0.0259152,-0.0878084,-0.147919,-1.1183,-0.575708,-0.276458
-0.0260269,-0.0878658,-0.147946,-1.11619,-0.572918,-0.274107
-0.0261384,-0.087923,-0.147974,-1.11408,-0.570129,-0.271759
-0.0262497,-0.0879798,-0.148001,-1.11197,-0.567342,-0.269414
-0.0263608,-0.0880364,-0.148027,-1.10986,-0.564556,-0.267071
-0.0264717,-0.0880927,-0.148054,-1.10774,-0.561771,-0.264731
-0.0265824,-0.0881488,-0.14808,-1.10562,-0.558987,-0.262394
-0.0266928,-0.0882045,-0.148107,-1.1035,-0.556205,-0.26006
-0.0268031,-0.08826,-0.148132,-1.10138,-0.553424,-0.257728
-0.0269131,-0.0883152,-0.148158,-1.09926,-0.550644,-0.255399
-0.0270229,-0.0883701,-0.148184,-1.09713,-0.547866,-0.253073
-0.0271325,-0.0884248,-0.148209,-1.095,-0.545089,-0.250749
-0.0272419,-0.0884792,-0.148234,-1.09287,-0.542313,-0.248429
-0.0273511,-0.0885333,-0.148258,-1.09074,-0.539539,-0.24611
-0.0274601,-0.0885871,-0.148283,-1.08861,-0.536765,-0.243795
-0.0275688,-0.0886406,-0.148307,-1.08647,-0.533993,-0.241482
-0.0276774,-0.0886939,-0.148331,-1.08433,-0.531223,-0.239172
-0.0277857,-0.0887469,-0.148355,-1.08219,-0.528453,-0.236864
-0.0278938,-0.0887996,-0.148379,-1.08005,-0.525685,-0.234559
-0.0280017,-0.088852,-0.148402,-1.07791,-0.522918,-0.232256
-0.0281094,-0.0889041,-0.148425,-1.07576,-0.520152,-0.229956
-0.0282169,-0.088956,-0.148448,-1.07361,-0.517388,-0.227659
-0.0283241,-0.0890076,-0.148471,-1.07146,-0.514625,-0.225364
-0.0284312,-0.0890589,-0.148493,-1.06931,-0.511863,-0.223072
-0.028538,-0.08911,-0.148515,-1.06716,-0.509102,-0.220782
-0.0286446,-0.0891608,-0.148537,-1.065,-0.506342,-0.218494
-0.028751,-0.0892113,-0.148559,-1.06285,-0.503584,-0.21621
-0.0288572,-0.0892615,-0.14858,-1.06069,-0.500827,-0.213927
-0.0289631,-0.0893114,-0.148602,-1.05853,-0.498071,-0.211647
-0.0290689,-0.0893611,-0.148623,-1.05636,-0.495317,-0.20937
-0.0291744,-0.0894105,-0.148644,-1.0542,-0.492563,-0.207095
-0.0292797,-0.0894596,-0.148664,-1.05203,-0.489811,-0.204822
-0.0293848,-0.0895085,-0.148684,-1.04986,-0.48706,-0.202552
-0.0294897,-0.089557,-0.148705,-1.04769,-0.48431,-0.200284
-0.0295943,-0.0896053,-0.148725,-1.04552,-0.481562,-0.198018
-0.0296988,-0.0896533,-0.148744,-1.04334,-0.478814,-0.195755
-0.029803,-0.0897011,-0.148764,-1.04117,-0.476068,-0.193494
-0.029907,-0.0897486,-0.148783,-1.03899,-0.473323,-0.191236
-0.0300108,-0.0897957,-0.148802,-1.03681,-0.470579,-0.188979
-0.0301144,-0.0898427,-0.148821,-1.03463,-0.467837,-0.186726
-0.0302177,-0.0898893,-0.148839,-1.03244,-0.465095,-0.184474
-0.0303209,-0.0899357,-0.148858,-1.03026,-0.462355,-0.182225
-0.0304238,-0.0899818,-0.148876,-1.02807,-0.459616,-0.179978
-0.0305265,-0.0900276,-0.148894,-1.02588,-0.456878,-0.177733
-0.030629,-0.0900732,-0.148911,-1.02369,-0.454141,-0.175491
-0.0307312,-0.0901184,-0.148929,-1.02149,-0.451405,-0.17325
-0.0308333,-0.0901634,-0.148946,-1.0193,-0.448671,-0.171012
-0.0309351,-0.0902082,-0.148963,-1.0171,-0.445938,-0.168776
-0.0310367,-0.0902526,-0.14898,-1.0149,-0.443205,-0.166543
-0.0311381,-0.0902968,-0.148996,-1.0127,-0.440474,-0.164311
-0.0312392,-0.0903407,-0.149013,-1.0105,-0.437745,-0.162082
-0.0313402,-0.0903844,-0.149029,-1.0083,-0.435016,-0.159855
-0.0314409,-0.0904277,-0.149045,-1.00609,-0.432288,-0.15763
-0.0315414,-0.0904708,-0.14906,-1.00388,-0.429562,-0.155407
-0.0316416,-0.0905136,-0.149076,-1.00167,-0.426836,-0.153186
-0.0317417,-0.0905562,-0.149091,-0.999462,-0.424112,-0.150967
-0.0318415,-0.0905985,-0.149106,-0.997248,-0.421389,-0.148751
-0.0319412,-0.0906405,-0.149121,-0.995033,-0.418667,-0.146536
-0.0320405,-0.0906822,-0.149135,-0.992816,-0.415946,-0.144324
-0.0321397,-0.0907237,-0.149149,-0.990598,-0.413226,-0.142114
-0.0322387,-0.0907648,-0.149164,-0.988377,-0.410507,-0.139905
-0.0323374,-0.0908058,-0.149177,-0.986155,-0.40779,-0.137699
-0.0324359,-0.0908464,-0.149191,-0.983931,-0.405073,-0.135495
-0.0325342,-0.0908868,-0.149204,-0.981705,-0.402358,-0.133292
-0.0326322,-0.0909269,-0.149218,-0.979477,-0.399644,-0.131092
-0.0327301,-0.0909667,-0.149231,-0.977248,-0.39693,-0.128894
-0.0328277,-0.0910063,-0.149243,-0.975017,-0.394218,-0.126698
-0.0329251,-0.0910455,-0.149256,-0.972784,-0.391507,-0.124503
-0.0330222,-0.0910846,-0.149268,-0.970549,-0.388797,-0.122311
-0.0331192,-0.0911233,-0.149281,-0.968313,-0.386088,-0.12012
-0.0332159,-0.0911618,-0.149292,-0.966075,-0.38338,-0.117932
-0.0333124,-0.0912,-0.149304,-0.963835,-0.380673,-0.115745
-0.0334087,-0.0912379,-0.149316,-0.961593,-0.377968,-0.11356
-0.0335047,-0.0912756,-0.149327,-0.95935,-0.375263,-0.111377
-0.0336005,-0.091313,-0.149338,-0.957104,-0.372559,-0.109196
-0.0336961,-0.0913501,-0.149349,-0.954857,-0.369857,-0.107017
-0.0337915,-0.0913869,-0.149359,-0.952609,-0.367155,-0.10484
-0.0338867,-0.0914235,-0.14937,-0.950358,-0.364455,-0.102664
-0.0339816,-0.0914598,-0.14938,-0.948106,-0.361755,-0.100491
-0.0340763,-0.0914959,-0.14939,-0.945852,-0.359057,-0.098319
-0.0341708,-0.0915316,-0.149399,-0.943597,-0.356359,-0.096149
-0.034265,-0.0915671,-0.149409,-0.94134,-0.353663,-0.0939808
-0.034359,-0.0916024,-0.149418,-0.939081,-0.350968,-0.0918143
-0.0344528,-0.0916373,-0.149427,-0.93682,-0.348273,-0.0896496
-0.0345464,-0.091672,-0.149436,-0.934557,-0.34558,-0.0874867
-0.0346397,-0.0917064,-0.149445,-0.932293,-0.342888,-0.0853255
-0.0347328,-0.0917406,-0.149453,-0.930027,-0.340196,-0.083166
-0.0348257,-0.0917745,-0.149461,-0.92776,-0.337506,-0.0810083
-0.0349184,-0.0918081,-0.149469,-0.925491,-0.334817,-0.0788522
-0.0350108,-0.0918415,-0.149477,-0.92322,-0.332128,-0.0766979
-0.035103,-0.0918745,-0.149485,-0.920947,-0.329441,-0.0745452
-0.035195,-0.0919073,-0.149492,-0.918673,-0.326755,-0.0723942
-0.0352868,-0.0919399,-0.149499,-0.916397,-0.324069,-0.0702449
-0.0353783,-0.0919722,-0.149506,-0.914119,-0.321385,-0.0680972
-0.0354696,-0.0920042,-0.149513,-0.911839,-0.318701,-0.0659512
-0.0355607,-0.0920359,-0.149519,-0.909558,-0.316019,-0.0638067
-0.0356515,-0.0920674,-0.149526,-0.907275,-0.313338,-0.0616639
-0.0357421,-0.0920986,-0.149532,-0.904991,-0.310657,-0.0595227
-0.0358325,-0.0921295,-0.149538,-0.902705,-0.307977,-0.0573831
-0.0359227,-0.0921602,-0.149543,-0.900417,-0.305299,-0.0552451
-0.0360126,-0.0921906,-0.149549,-0.898128,-0.302621,-0.0531086
-0.0361023,-0.0922207,-0.149554,-0.895836,-0.299945,-0.0509737
-0.0361918,-0.0922505,-0.149559,-0.893544,-0.297269,-0.0488404
-0.036281,-0.0922801,-0.149564,-0.891249,-0.294594,-0.0467085
-0.03637,-0.0923095,-0.149568,-0.888953,-0.29192,-0.0445782
-0.0364588,-0.0923385,-0.149572,-0.886655,-0.289247,-0.0424494
-0.0365473,-0.0923673,-0.149577,-0.884356,-0.286575,-0.0403221
-0.0366357,-0.0923958,-0.149581,-0.882055,-0.283904,-0.0381963
-0.0367238,-0.0924241,-0.149584,-0.879752,-0.281234,-0.036072
-0.0368116,-0.0924521,-0.149588,-0.877447,-0.278565,-0.0339491
-0.0368992,-0.0924798,-0.149591,-0.875141,-0.275897,-0.0318277
-0.0369866,-0.0925073,-0.149594,-0.872834,-0.273229,-0.0297077
-0.0370738,-0.0925344,-0.149597,-0.870524,-0.270563,-0.0275892
-0.0371607,-0.0925614,-0.1496,-0.868213,-0.267897,-0.0254721
-0.0372475,-0.092588,-0.149602,-0.865901,-0.265232,-0.0233564
-0.0373339,-0.0926144,-0.149604,-0.863586,-0.262569,-0.0212421
-0.0374202,-0.0926405,-0.149606,-0.86127,-0.259906,-0.0191292
-0.0375062,-0.0926664,-0.149608,-0.858953,-0.257244,-0.0170176
-0.037592,-0.092692,-0.14961,-0.856634,-0.254583,-0.0149075
-0.0376775,-0.0927173,-0.149611,-0.854313,-0.251922,-0.0127986
-0.0377628,-0.0927424,-0.149612,-0.85199,-0.249263,-0.0106911
-0.0378479,-0.0927672,-0.149613,-0.849666,-0.246605,-0.008585
-0.0379328,-0.0927917,-0.149614,-0.847341,-0.243947,-0.00648017
-0.0380174,-0.092816,-0.149615,-0.845013,-0.24129,-0.00437665
-0.0381018,-0.09284,-0.149615,-0.842684,-0.238634,-0.00227443
-0.0381859,-0.0928637,-0.149615,-0.840354,-0.235979,-0.000173503
-0.0382698,-0.0928872,-0.149615,-0.838022,-0.233325,0.00192615
-0.0383535,-0.0929104,-0.149615,-0.835688,-0.230672,0.00402454
-0.038437,-0.0929333,-0.149614,-0.833353,-0.22802,0.00612168
-0.0385202,-0.092956,-0.149613,-0.831016,-0.225368,0.00821757
-0.0386032,-0.0929784,-0.149612,-0.828677,-0.222717,0.0103122
-0.0386859,-0.0930005,-0.149611,-0.826337,-0.220067,0.0124057
-0.0387684,-0.0930224,-0.14961,-0.823995,-0.217418,0.0144979
-0.0388507,-0.093044,-0.149608,-0.821652,-0.21477,0.0165889
-0.0389328,-0.0930653,-0.149607,-0.819307,-0.212122,0.0186788
-0.0390146,-0.0930864,-0.149605,-0.81696,-0.209476,0.0207674
-0.0390962,-0.0931072,-0.149603,-0.814612,-0.20683,0.0228549
-0.0391775,-0.0931278,-0.1496,-0.812262,-0.204185,0.0249412
-0.0392586,-0.0931481,-0.149598,-0.80991,-0.201541,0.0270264
-0.0393395,-0.0931681,-0.149595,-0.807557,-0.198897,0.0291105
-0.0394201,-0.0931878,-0.149592,-0.805203,-0.196255,0.0311934
-0.0395005,-0.0932073,-0.149588,-0.802847,-0.193613,0.0332752
-0.0395807,-0.0932266,-0.149585,-0.800489,-0.190972,0.035356
-0.0396606,-0.0932455,-0.149581,-0.798129,-0.188332,0.0374356
-0.0397403,-0.0932642,-0.149578,-0.795768,-0.185692,0.0395141
-0.0398198,-0.0932827,-0.149574,-0.793406,-0.183054,0.0415916
-0.039899,-0.0933008,-0.149569,-0.791042,-0.180416,0.043668
-0.039978,-0.0933187,-0.149565,-0.788676,-0.177779,0.0457434
-0.0400567,-0.0933364,-0.14956,-0.786309,-0.175143,0.0478177
-0.0401352,-0.0933538,-0.149555,-0.78394,-0.172507,0.049891
-0.0402135,-0.0933709,-0.14955,-0.781569,-0.169872,0.0519633
-0.0402916,-0.0933878,-0.149545,-0.779197,-0.167238,0.0540346
-0.0403694,-0.0934043,-0.149539,-0.776824,-0.164605,0.0561049
-0.0404469,-0.0934207,-0.149534,-0.774449,-0.161972,0.0581742
-0.0405243,-0.0934367,-0.149528,-0.772072,-0.159341,0.0602425
-0.0406013,-0.0934525,-0.149522,-0.769693,-0.15671,0.0623099
-0.0406782,-0.0934681,-0.149515,-0.767313,-0.154079,0.0643763
-0.0407548,-0.0934834,-0.149509,-0.764932,-0.15145,0.0664418
-0.0408312,-0.0934984,-0.149502,-0.762549,-0.148821,0.0685063
-0.0409073,-0.0935131,-0.149495,-0.760164,-0.146193,0.07057
-0.0409832,-0.0935276,-0.149488,-0.757778,-0.143566,0.0726327
-0.0410589,-0.0935418,-0.14948,-0.75539,-0.140939,0.0746945
-0.0411343,-0.0935558,-0.149473,-0.753001,-0.138313,0.0767554
-0.0412095,-0.0935695,-0.149465,-0.75061,-0.135688,0.0788155
-0.0412844,-0.0935829,-0.149457,-0.748218,-0.133063,0.0808747
-0.0413591,-0.0935961,-0.149449,-0.745824,-0.13044,0.082933
-0.0414336,-0.093609,-0.149441,-0.743428,-0.127816,0.0849905
-0.0415078,-0.0936217,-0.149432,-0.741031,-0.125194,0.0870471
-0.0415818,-0.0936341,-0.149423,-0.738632,-0.122572,0.0891029
-0.0416555,-0.0936462,-0.149414,-0.736232,-0.119951,0.0911579
-0.041729,-0.093658,-0.149405,-0.73383,-0.117331,0.0932122
-0.0418023,-0.0936697,-0.149395,-0.731427,-0.114711,0.0952656
-0.0418753,-0.093681,-0.149386,-0.729022,-0.112092,0.0973182
-0.0419481,-0.0936921,-0.149376,-0.726615,-0.109474,0.0993701
-0.0420206,-0.0937029,-0.149366,-0.724207,-0.106856,0.101421
-0.0420929,-0.0937134,-0.149356,-0.721798,-0.10424,0.103472
-0.042165,-0.0937237,-0.149345,-0.719386,-0.101623,0.105521
-0.0422368,-0.0937338,-0.149335,-0.716974,-0.0990076,0.10757
-0.0423084,-0.0937435,-0.149324,-0.714559,-0.0963926,0.109618
-0.0423797,-0.093753,-0.149313,-0.712144,-0.0937783,0.111666
-0.0424508,-0.0937623,-0.149301,-0.709726,-0.0911646,0.113712
-0.0425217,-0.0937713,-0.14929,-0.707307,-0.0885516,0.115758
-0.0425923,-0.09378,-0.149278,-0.704887,-0.0859392,0.117804
-0.0426626,-0.0937885,-0.149266,-0.702465,-0.0833274,0.119849
-0.0427328,-0.0937967,-0.149254,-0.700041,-0.0807162,0.121893
-0.0428027,-0.0938046,-0.149242,-0.697616,-0.0781057,0.123936
-0.0428723,-0.0938123,-0.14923,-0.695189,-0.0754958,0.125979
-0.0429417,-0.0938197,-0.149217,-0.692761,-0.0728865,0.128021
-0.0430108,-0.0938269,-0.149204,-0.690331,-0.0702779,0.130063
-0.0430798,-0.0938338,-0.149191,-0.6879,-0.0676698,0.132103
-0.0431484,-0.0938404,-0.149177,-0.685467,-0.0650624,0.134144
-0.0432169,-0.0938468,-0.149164,-0.683033,-0.0624555,0.136184
-0.043285,-0.0938529,-0.14915,-0.680597,-0.0598493,0.138223
-0.043353,-0.0938587,-0.149136,-0.678159,-0.0572436,0.140261
-0.0434207,-0.0938643,-0.149122,-0.67572,-0.0546386,0.142299
-0.0434881,-0.0938697,-0.149108,-0.67328,-0.0520341,0.144337
-0.0435553,-0.0938747,-0.149093,-0.670838,-0.0494302,0.146374
-0.0436223,-0.0938796,-0.149079,-0.668394,-0.0468269,0.148411
-0.043689,-0.0938841,-0.149064,-0.665949,-0.0442242,0.150447
-0.0437555,-0.0938884,-0.149048,-0.663502,-0.041622,0.152482
-0.0438217,-0.0938924,-0.149033,-0.661054,-0.0390204,0.154517
-0.0438877,-0.0938962,-0.149018,-0.658604,-0.0364193,0.156552
-0.0439534,-0.0938997,-0.149002,-0.656153,-0.0338189,0.158586
-0.0440189,-0.093903,-0.148986,-0.6537,-0.0312189,0.160619
-0.0440842,-0.093906,-0.14897,-0.651245,-0.0286195,0.162652
-0.0441492,-0.0939087,-0.148953,-0.648789,-0.0260207,0.164685
-0.0442139,-0.0939112,-0.148937,-0.646332,-0.0234224,0.166717
-0.0442784,-0.0939134,-0.14892,-0.643873,-0.0208246,0.168749
-0.0443427,-0.0939153,-0.148903,-0.641412,-0.0182274,0.170781
-0.0444067,-0.093917,-0.148886,-0.63895,-0.0156307,0.172812
-0.0444705,-0.0939185,-0.148868,-0.636486,-0.0130346,0.174842
-0.044534,-0.0939196,-0.148851,-0.634021,-0.0104389,0.176873
-0.0445973,-0.0939205,-0.148833,-0.631554,-0.00784377,0.178903
-0.0446603,-0.0939212,-0.148815,-0.629086,-0.00524916,0.180932
-0.0447231,-0.0939216,-0.148797,-0.626616,-0.00265505,0.182962
-0.0447856,-0.0939217,-0.148779,-0.624145,-6.144e-05,0.18499
-0.0448479,-0.0939216,-0.14876,-0.621672,0.00253166,0.187019
-0.04491,-0.0939212,-0.148741,-0.619197,0.00512427,0.189047
-0.0449718,-0.0939206,-0.148722,-0.616721,0.00771639,0.191075
-0.0450333,-0.0939197,-0.148703,-0.614244,0.010308,0.193103
-0.0450946,-0.0939185,-0.148683,-0.611764,0.0128992,0.195131
-0.0451557,-0.0939171,-0.148664,-0.609284,0.0154898,0.197158
-0.0452165,-0.0939154,-0.148644,-0.606802,0.01808,0.199185
-0.045277,-0.0939135,-0.148624,-0.604318,0.0206697,0.201211
-0.0453373,-0.0939113,-0.148604,-0.601833,0.023259,0.203238
-0.0453974,-0.0939088,-0.148583,-0.599346,0.0258478,0.205264
-0.0454572,-0.0939061,-0.148563,-0.596857,0.0284361,0.20729
-0.0455168,-0.0939031,-0.148542,-0.594368,0.031024,0.209316
-0.0455761,-0.0938999,-0.148521,-0.591876,0.0336114,0.211341
-0.0456351,-0.0938964,-0.1485,-0.589383,0.0361984,0.213367
-0.045694,-0.0938927,-0.148478,-0.586889,0.0387849,0.215392
-0.0457525,-0.0938887,-0.148457,-0.584393,0.041371,0.217417
-0.0458108,-0.0938844,-0.148435,-0.581895,0.0439567,0.219442
-0.0458689,-0.0938799,-0.148413,-0.579396,0.0465419,0.221466
-0.0459267,-0.0938751,-0.14839,-0.576895,0.0491267,0.223491
-0.0459843,-0.0938701,-0.148368,-0.574393,0.0517111,0.225516
-0.0460416,-0.0938648,-0.148345,-0.571889,0.054295,0.22754
-0.0460987,-0.0938592,-0.148322,-0.569384,0.0568786,0.229564
-0.0461555,-0.0938534,-0.148299,-0.566877,0.0594617,0.231589
-0.046212,-0.0938473,-0.148276,-0.564369,0.0620445,0.233613
-0.0462683,-0.093841,-0.148253,-0.561859,0.0646268,0.235637
-0.0463244,-0.0938344,-0.148229,-0.559347,0.0672088,0.237661
-0.0463802,-0.0938275,-0.148205,-0.556834,0.0697903,0.239685
-0.0464358,-0.0938204,-0.148181,-0.55432,0.0723715,0.241709
-0.0464911,-0.0938131,-0.148157,-0.551803,0.0749523,0.243732
-0.0465461,-0.0938054,-0.148132,-0.549286,0.0775327,0.245756
-0.0466009,-0.0937975,-0.148108,-0.546767,0.0801127,0.24778
-0.0466555,-0.0937894,-0.148083,-0.544246,0.0826924,0.249804
-0.0467098,-0.093781,-0.148058,-0.541723,0.0852717,0.251828
-0.0467638,-0.0937724,-0.148032,-0.5392,0.0878506,0.253852
-0.0468176,-0.0937634,-0.148007,-0.536674,0.0904292,0.255876
-0.0468712,-0.0937543,-0.147981,-0.534147,0.0930074,0.2579
-0.0469245,-0.0937448,-0.147955,-0.531619,0.0955853,0.259924
-0.0469775,-0.0937351,-0.147929,-0.529089,0.0981629,0.261948
-0.0470303,-0.0937252,-0.147903,-0.526557,0.10074,0.263972
-0.0470828,-0.093715,-0.147876,-0.524024,0.103317,0.265997
-0.0471351,-0.0937045,-0.14785,-0.521489,0.105893,0.268021
-0.0471871,-0.0936938,-0.147823,-0.518953,0.10847,0.270046
-0.0472389,-0.0936828,-0.147796,-0.516415,0.111046,0.27207
-0.0472904,-0.0936716,-0.147768,-0.513875,0.113621,0.274095
-0.0473416,-0.0936601,-0.147741,-0.511334,0.116196,0.27612
-0.0473926,-0.0936484,-0.147713,-0.508792,0.118771,0.278145
-0.0474434,-0.0936364,-0.147685,-0.506248,0.121346,0.28017
-0.0474939,-0.0936241,-0.147657,-0.503702,0.12392,0.282196
-0.0475441,-0.0936116,-0.147629,-0.501155,0.126494,0.284221
-0.0475941,-0.0935988,-0.1476,-0.498606,0.129068,0.286247
-0.0476439,-0.0935858,-0.147572,-0.496056,0.131642,0.288273
-0.0476933,-0.0935725,-0.147543,-0.493504,0.134215,0.290299
-0.0477426,-0.0935589,-0.147514,-0.490951,0.136788,0.292326
-0.0477915,-0.0935451,-0.147484,-0.488396,0.13936,0.294353
-0.0478402,-0.0935311,-0.147455,-0.485839,0.141933,0.29638
-0.0478887,-0.0935167,-0.147425,-0.483281,0.144505,0.298407
-0.0479369,-0.0935022,-0.147395,-0.480721,0.147077,0.300434
-0.0479848,-0.0934873,-0.147365,-0.47816,0.149648,0.302462
-0.0480325,-0.0934722,-0.147335,-0.475597,0.152219,0.30449
-0.04808,-0.0934569,-0.147304,-0.473032,0.154791,0.306519
-0.0481271,-0.0934413,-0.147273,-0.470466,0.157361,0.308547
-0.0481741,-0.0934254,-0.147242,-0.467899,0.159932,0.310577
-0.0482207,-0.0934093,-0.147211,-0.46533,0.162502,0.312606
-0.0482671,-0.0933929,-0.14718,-0.462759,0.165073,0.314636
-0.0483133,-0.0933763,-0.147148,-0.460187,0.167642,0.316666
-0.0483592,-0.0933594,-0.147116,-0.457613,0.170212,0.318696
-0.0484048,-0.0933422,-0.147084,-0.455037,0.172782,0.320727
-0.0484502,-0.0933248,-0.147052,-0.45246,0.175351,0.322759
-0.0484953,-0.0933072,-0.14702,-0.449882,0.17792,0.32479
-0.0485401,-0.0932892,-0.146987,-0.447301,0.180489,0.326822
-0.0485847,-0.0932711,-0.146955,-0.44472,0.183058,0.328855
-0.0486291,-0.0932526,-0.146922,-0.442136,0.185626,0.330888
-0.0486732,-0.0932339,-0.146888,-0.439551,0.188194,0.332921
-0.048717,-0.093215,-0.146855,-0.436965,0.190763,0.334955
-0.0487606,-0.0931958,-0.146821,-0.434376,0.193331,0.33699
-0.0488039,-0.0931763,-0.146788,-0.431787,0.195898,0.339024
-0.0488469,-0.0931566,-0.146754,-0.429195,0.198466,0.34106
-0.0488897,-0.0931366,-0.146719,-0.426602,0.201033,0.343096
-0.0489322,-0.0931164,-0.146685,-0.424008,0.203601,0.345132
-0.0489745,-0.0930959,-0.14665,-0.421412,0.206168,0.347169
-0.0490165,-0.0930752,-0.146615,-0.418814,0.208735,0.349206
-0.0490583,-0.0930542,-0.14658,-0.416215,0.211302,0.351244
-0.0490998,-0.0930329,-0.146545,-0.413614,0.213868,0.353283
-0.049141,-0.0930114,-0.14651,-0.411011,0.216435,0.355322
-0.049182,-0.0929896,-0.146474,-0.408407,0.219001,0.357362
-0.0492227,-0.0929676,-0.146438,-0.405802,0.221568,0.359402
-0.0492631,-0.0929453,-0.146402,-0.403194,0.224134,0.361443
-0.0493033,-0.0929228,-0.146366,-0.400585,0.2267,0.363485
-0.0493432,-0.0929,-0.14633,-0.397975,0.229266,0.365527
-0.0493829,-0.0928769,-0.146293,-0.395363,0.231832,0.36757
-0.0494223,-0.0928536,-0.146256,-0.392749,0.234398,0.369613
-0.0494615,-0.09283,-0.146219,-0.390133,0.236963,0.371657
-0.0495003,-0.0928062,-0.146182,-0.387516,0.239529,0.373702
-0.049539,-0.0927821,-0.146144,-0.384898,0.242094,0.375748
-0.0495773,-0.0927578,-0.146107,-0.382278,0.24466,0.377794
-0.0496154,-0.0927332,-0.146069,-0.379656,0.247225,0.379841
-0.0496533,-0.0927083,-0.146031,-0.377032,0.24979,0.381889
-0.0496908,-0.0926832,-0.145992,-0.374407,0.252356,0.383937
-0.0497281,-0.0926579,-0.145954,-0.37178,0.254921,0.385986
-0.0497652,-0.0926322,-0.145915,-0.369152,0.257486,0.388036
-0.049802,-0.0926064,-0.145876,-0.366522,0.260051,0.390087
-0.0498385,-0.0925802,-0.145837,-0.363891,0.262616,0.392139
-0.0498747,-0.0925538,-0.145798,-0.361257,0.265181,0.394191
-0.0499107,-0.0925272,-0.145758,-0.358622,0.267746,0.396244
-0.0499465,-0.0925003,-0.145719,-0.355986,0.27031,0.398298
-0.0499819,-0.0924731,-0.145679,-0.353348,0.272875,0.400353
-0.0500171,-0.0924457,-0.145638,-0.350708,0.27544,0.402408
-0.0500521,-0.092418,-0.145598,-0.348067,0.278005,0.404465
-0.0500868,-0.0923901,-0.145558,-0.345423,0.28057,0.406522
-0.0501212,-0.0923619,-0.145517,-0.342779,0.283135,0.40858
-0.0501553,-0.0923335,-0.145476,-0.340132,0.285699,0.410639
-0.0501892,-0.0923048,-0.145435,-0.337484,0.288264,0.412699
-0.0502228,-0.0922758,-0.145393,-0.334835,0.290829,0.41476
-0.0502562,-0.0922466,-0.145352,-0.332183,0.293394,0.416822
-0.0502892,-0.0922172,-0.14531,-0.32953,0.295959,0.418885
-0.0503221,-0.0921874,-0.145268,-0.326876,0.298523,0.420949
-0.0503546,-0.0921575,-0.145226,-0.324219,0.301088,0.423013
-0.0503869,-0.0921272,-0.145183,-0.321561,0.303653,0.425079
-0.0504189,-0.0920967,-0.145141,-0.318902,0.306218,0.427146
-0.0504507,-0.092066,-0.145098,-0.316241,0.308783,0.429213
-0.0504822,-0.092035,-0.145055,-0.313578,0.311348,0.431282
-0.0505134,-0.0920037,-0.145012,-0.310913,0.313913,0.433352
-0.0505444,-0.0919722,-0.144968,-0.308247,0.316479,0.435423
-0.0505751,-0.0919404,-0.144925,-0.305579,0.319044,0.437495
-0.0506055,-0.0919084,-0.144881,-0.302909,0.321609,0.439567
-0.0506356,-0.0918761,-0.144837,-0.300238,0.324175,0.441641
-0.0506655,-0.0918435,-0.144792,-0.297565,0.32674,0.443716
-0.0506951,-0.0918107,-0.144748,-0.29489,0.329306,0.445793
-0.0507245,-0.0917777,-0.144703,-0.292214,0.331871,0.44787
-0.0507536,-0.0917444,-0.144658,-0.289536,0.334437,0.449948
-0.0507824,-0.0917108,-0.144613,-0.286856,0.337003,0.452028
-0.050811,-0.091677,-0.144568,-0.284174,0.339569,0.454108
-0.0508392,-0.0916429,-0.144522,-0.281491,0.342135,0.45619
-0.0508673,-0.0916085,-0.144477,-0.278806,0.344701,0.458273
-0.050895,-0.0915739,-0.144431,-0.27612,0.347267,0.460358
-0.0509225,-0.0915391,-0.144385,-0.273432,0.349834,0.462443
-0.0509497,-0.091504,-0.144338,-0.270742,0.352401,0.46453
-0.0509766,-0.0914686,-0.144292,-0.26805,0.354967,0.466617
-0.0510033,-0.091433,-0.144245,-0.265357,0.357534,0.468707
-0.0510297,-0.0913971,-0.144198,-0.262662,0.360101,0.470797
-0.0510558,-0.091361,-0.144151,-0.259965,0.362668,0.472889
-0.0510817,-0.0913246,-0.144103,-0.257266,0.365236,0.474981
-0.0511073,-0.0912879,-0.144056,-0.254566,0.367803,0.477076
-0.0511326,-0.091251,-0.144008,-0.251864,0.370371,0.479171
-0.0511577,-0.0912138,-0.14396,-0.24916,0.372939,0.481268
-0.0511824,-0.0911764,-0.143912,-0.246455,0.375507,0.483366
-0.0512069,-0.0911387,-0.143863,-0.243748,0.378075,0.485466
-0.0512312,-0.0911008,-0.143815,-0.241039,0.380644,0.487567
-0.0512552,-0.0910626,-0.143766,-0.238328,0.383212,0.489669
-0.0512789,-0.0910242,-0.143717,-0.235616,0.385781,0.491772
-0.0513023,-0.0909854,-0.143667,-0.232902,0.38835,0.493877
-0.0513254,-0.0909465,-0.143618,-0.230186,0.39092,0.495984
-0.0513483,-0.0909073,-0.143568,-0.227469,0.393489,0.498092
-0.0513709,-0.0908678,-0.143518,-0.224749,0.396059,0.500201
-0.0513933,-0.0908281,-0.143468,-0.222028,0.398629,0.502312
-0.0513933,-0.0908281,-0.143468,-0.222028,0.398629,0.502312
-0.0514153,-0.0907882,-0.143418,-0.219333,0.399292,0.505056
-0.0514371,-0.0907482,-0.143367,-0.216636,0.399956,0.507802
-0.0514587,-0.0907082,-0.143316,-0.213939,0.40062,0.51055
-0.0514799,-0.0906681,-0.143265,-0.211239,0.401285,0.513299
-0.0515009,-0.0906279,-0.143214,-0.208539,0.401949,0.51605
-0.0515216,-0.0905877,-0.143162,-0.205837,0.402614,0.518802
-0.0515421,-0.0905474,-0.14311,-0.203133,0.40328,0.521555
-0.0515623,-0.090507,-0.143058,-0.200428,0.403945,0.52431
-0.0515822,-0.0904666,-0.143005,-0.197722,0.404611,0.527067
-0.0516018,-0.0904261,-0.142952,-0.195014,0.405277,0.529825
-0.0516212,-0.0903855,-0.142899,-0.192305,0.405944,0.532585
-0.0516403,-0.0903449,-0.142846,-0.189595,0.406611,0.535347
-0.0516591,-0.0903042,-0.142792,-0.186883,0.407278,0.53811
-0.0516776,-0.0902635,-0.142738,-0.18417,0.407945,0.540874
-0.0516959,-0.0902226,-0.142684,-0.181455,0.408613,0.543641
-0.0517139,-0.0901817,-0.142629,-0.178739,0.409281,0.546408
-0.0517317,-0.0901408,-0.142575,-0.176022,0.40995,0.549178
-0.0517491,-0.0900997,-0.142519,-0.173303,0.410619,0.551949
-0.0517663,-0.0900587,-0.142464,-0.170583,0.411289,0.554722
-0.0517832,-0.0900175,-0.142409,-0.167861,0.411958,0.557496
-0.0517999,-0.0899763,-0.142353,-0.165138,0.412629,0.560273
-0.0518163,-0.089935,-0.142296,-0.162414,0.413299,0.56305
-0.0518324,-0.0898936,-0.14224,-0.159688,0.413971,0.56583
-0.0518482,-0.0898522,-0.142183,-0.15696,0.414642,0.568611
-0.0518638,-0.0898107,-0.142126,-0.154231,0.415314,0.571394
-0.0518791,-0.0897691,-0.142069,-0.151501,0.415987,0.574179
-0.0518941,-0.0897275,-0.142011,-0.148769,0.41666,0.576966
-0.0519088,-0.0896858,-0.141954,-0.146036,0.417333,0.579754
-0.0519233,-0.089644,-0.141896,-0.143302,0.418007,0.582544
-0.0519375,-0.0896022,-0.141837,-0.140566,0.418681,0.585336
-0.0519514,-0.0895603,-0.141778,-0.137828,0.419356,0.588129
-0.051965,-0.0895183,-0.14172,-0.135089,0.420031,0.590925
-0.0519784,-0.0894763,-0.14166,-0.132349,0.420707,0.593722
-0.0519915,-0.0894342,-0.141601,-0.129607,0.421384,0.596521
-0.0520043,-0.089392,-0.141541,-0.126864,0.422061,0.599322
-0.0520169,-0.0893497,-0.141481,-0.124119,0.422738,0.602125
-0.0520292,-0.0893074,-0.141421,-0.121373,0.423416,0.60493
-0.0520412,-0.0892651,-0.14136,-0.118626,0.424095,0.607736
-0.0520529,-0.0892226,-0.141299,-0.115876,0.424774,0.610544
-0.0520643,-0.0891801,-0.141238,-0.113126,0.425454,0.613355
-0.0520755,-0.0891375,-0.141176,-0.110374,0.426135,0.616167
-0.0520864,-0.0890949,-0.141115,-0.10762,0.426816,0.618981
-0.052097,-0.0890522,-0.141053,-0.104865,0.427497,0.621797
-0.0521074,-0.0890094,-0.14099,-0.102109,0.428179,0.624615
-0.0521175,-0.0889665,-0.140928,-0.0993508,0.428862,0.627435
-0.0521273,-0.0889236,-0.140865,-0.0965913,0.429546,0.630257
-0.0521368,-0.0888806,-0.140802,-0.0938303,0.43023,0.633082
-0.052146,-0.0888376,-0.140738,-0.0910679,0.430915,0.635908
-0.052155,-0.0887944,-0.140674,-0.0883039,0.4316,0.638736
-0.0521637,-0.0887512,-0.14061,-0.0855384,0.432286,0.641566
-0.0521721,-0.088708,-0.140546,-0.0827715,0.432973,0.644398
-0.0521802,-0.0886646,-0.140481,-0.080003,0.433661,0.647232
-0.0521881,-0.0886212,-0.140417,-0.077233,0.434349,0.650068
-0.0521957,-0.0885778,-0.140351,-0.0744615,0.435038,0.652906
-0.052203,-0.0885342,-0.140286,-0.0716885,0.435728,0.655747
-0.05221,-0.0884906,-0.14022,-0.068914,0.436418,0.658589
-0.0522168,-0.088447,-0.140154,-0.0661379,0.437109,0.661434
-0.0522232,-0.0884032,-0.140088,-0.0633603,0.437801,0.66428
-0.0522294,-0.0883594,-0.140021,-0.0605812,0.438494,0.667129
-0.0522354,-0.0883155,-0.139955,-0.0578005,0.439187,0.66998
-0.052241,-0.0882716,-0.139887,-0.0550183,0.439881,0.672833
-0.0522464,-0.0882275,-0.13982,-0.0522346,0.440576,0.675689
-0.0522514,-0.0881834,-0.139752,-0.0494493,0.441272,0.678546
-0.0522563,-0.0881393,-0.139684,-0.0466625,0.441969,0.681406
-0.0522608,-0.0880951,-0.139616,-0.0438741,0.442666,0.684268
-0.052265,-0.0880507,-0.139547,-0.0410842,0.443365,0.687132
-0.052269,-0.0880064,-0.139479,-0.0382927,0.444064,0.689999
-0.0522727,-0.0879619,-0.139409,-0.0354997,0.444764,0.692867
-0.0522761,-0.0879174,-0.13934,-0.032705,0.445465,0.695738
-0.0522792,-0.0878728,-0.13927,-0.0299089,0.446166,0.698612
-0.0522821,-0.0878282,-0.1392,-0.0271111,0.446869,0.701487
-0.0522846,-0.0877835,-0.13913,-0.0243118,0.447572,0.704365
-0.0522869,-0.0877387,-0.139059,-0.0215109,0.448277,0.707245
-0.052289,-0.0876938,-0.138989,-0.0187084,0.448982,0.710128
-0.0522907,-0.0876489,-0.138917,-0.0159043,0.449689,0.713013
-0.0522921,-0.0876039,-0.138846,-0.0130986,0.450396,0.7159
-0.0522933,-0.0875588,-0.138774,-0.0102913,0.451104,0.71879
-0.0522942,-0.0875137,-0.138702,-0.00748248,0.451813,0.721682
-0.0522948,-0.0874684,-0.13863,-0.00467201,0.452523,0.724576
-0.0522951,-0.0874232,-0.138557,-0.00185994,0.453234,0.727473
-0.0522952,-0.0873778,-0.138484,0.000953737,0.453946,0.730372
-0.0522949,-0.0873324,-0.138411,0.00376903,0.454659,0.733274
-0.0522944,-0.0872869,-0.138338,0.00658594,0.455373,0.736179
-0.0522936,-0.0872413,-0.138264,0.00940447,0.456089,0.739085
-0.0522925,-0.0871956,-0.13819,0.0122246,0.456805,0.741994
-0.0522912,-0.0871499,-0.138116,0.0150464,0.457522,0.744906
-0.0522895,-0.0871041,-0.138041,0.0178698,0.45824,0.747821
-0.0522876,-0.0870583,-0.137966,0.0206949,0.45896,0.750737
-0.0522854,-0.0870123,-0.137891,0.0235216,0.45968,0.753657
-0.0522829,-0.0869663,-0.137815,0.0263499,0.460401,0.756579
-0.0522829,-0.0869663,-0.137815,0.0263499,0.460401,0.756579
-0.0522802,-0.0869202,-0.137739,0.0274712,0.46213,0.75933
-0.0522774,-0.0868739,-0.137663,0.0285943,0.463861,0.762084
-0.0522745,-0.0868274,-0.137587,0.0297192,0.465593,0.764841
-0.0522715,-0.0867808,-0.13751,0.0308461,0.467326,0.7676
-0.0522683,-0.086734,-0.137434,0.0319748,0.469061,0.770362
-0.0522651,-0.086687,-0.137356,0.0331054,0.470798,0.773126
-0.0522617,-0.0866398,-0.137279,0.0342379,0.472536,0.775893
-0.0522582,-0.0865925,-0.137201,0.0353723,0.474275,0.778663
-0.0522546,-0.086545,-0.137123,0.0365086,0.476016,0.781436
-0.0522509,-0.0864973,-0.137045,0.0376468,0.477759,0.784211
-0.0522471,-0.0864494,-0.136966,0.038787,0.479503,0.786989
-0.0522432,-0.0864014,-0.136888,0.0399291,0.481248,0.78977
-0.0522391,-0.0863532,-0.136808,0.0410731,0.482996,0.792553
-0.0522349,-0.0863048,-0.136729,0.0422191,0.484744,0.79534
-0.0522307,-0.0862562,-0.136649,0.043367,0.486495,0.798129
-0.0522263,-0.0862075,-0.136569,0.0445169,0.488246,0.800921
-0.0522218,-0.0861586,-0.136489,0.0456688,0.49,0.803715
-0.0522171,-0.0861095,-0.136409,0.0468226,0.491755,0.806513
-0.0522124,-0.0860602,-0.136328,0.0479784,0.493512,0.809314
-0.0522075,-0.0860108,-0.136247,0.0491363,0.49527,0.812117
-0.0522026,-0.0859612,-0.136165,0.0502961,0.49703,0.814923
-0.0521975,-0.0859114,-0.136084,0.0514579,0.498791,0.817732
-0.0521923,-0.0858614,-0.136002,0.0526218,0.500555,0.820544
-0.052187,-0.0858113,-0.13592,0.0537877,0.50232,0.823359
-0.0521815,-0.0857609,-0.135837,0.0549556,0.504086,0.826177
-0.052176,-0.0857104,-0.135754,0.0561255,0.505854,0.828998
-0.0521703,-0.0856598,-0.135671,0.0572976,0.507624,0.831822
-0.0521645,-0.0856089,-0.135588,0.0584716,0.509396,0.834649
-0.0521586,-0.0855579,-0.135504,0.0596478,0.511169,0.837479
-0.0521526,-0.0855067,-0.135421,0.060826,0.512944,0.840312
-0.0521464,-0.0854553,-0.135336,0.0620063,0.514721,0.843148
-0.0521402,-0.0854037,-0.135252,0.0631887,0.5165,0.845987
-0.0521338,-0.085352,-0.135167,0.0643732,0.51828,0.848829
-0.0521273,-0.0853001,-0.135082,0.0655598,0.520062,0.851674
-0.0521207,-0.085248,-0.134997,0.0667486,0.521846,0.854523
-0.0521139,-0.0851957,-0.134911,0.0679394,0.523632,0.857374
-0.0521071,-0.0851433,-0.134825,0.0691325,0.525419,0.860229
-0.0521001,-0.0850906,-0.134739,0.0703276,0.527208,0.863087
-0.052093,-0.0850378,-0.134653,0.0715249,0.529,0.865948
-0.0520858,-0.0849848,-0.134566,0.0727244,0.530792,0.868812
-0.0520785,-0.0849317,-0.134479,0.073926,0.532587,0.871679
-0.052071,-0.0848783,-0.134392,0.0751299,0.534384,0.87455
-0.0520635,-0.0848248,-0.134304,0.0763359,0.536182,0.877424
-0.0520558,-0.0847711,-0.134216,0.0775441,0.537983,0.880301
-0.0520479,-0.0847172,-0.134128,0.0787545,0.539785,0.883182
-0.05204,-0.0846631,-0.13404,0.0799672,0.541589,0.886066
-0.052032,-0.0846089,-0.133951,0.0811821,0.543395,0.888953
-0.0520238,-0.0845544,-0.133862,0.0823992,0.545203,0.891843
-0.0520155,-0.0844998,-0.133772,0.0836185,0.547013,0.894737
-0.0520071,-0.084445,-0.133683,0.0848401,0.548824,0.897635
-0.0519985,-0.0843901,-0.133593,0.086064,0.550638,0.900535
-0.0519898,-0.0843349,-0.133503,0.0872902,0.552454,0.903439
-0.051981,-0.0842796,-0.133412,0.0885186,0.554272,0.906347
-0.0519721,-0.0842241,-0.133321,0.0897494,0.556091,0.909258
-0.0519631,-0.0841684,-0.13323,0.0909824,0.557913,0.912173
-0.0519539,-0.0841125,-0.133139,0.0922178,0.559736,0.915091
-0.0519447,-0.0840564,-0.133047,0.0934555,0.561562,0.918012
-0.0519352,-0.0840002,-0.132955,0.0946955,0.56339,0.920937
-0.0519257,-0.0839437,-0.132863,0.0959378,0.56522,0.923866
-0.0519161,-0.0838871,-0.132771,0.0971826,0.567051,0.926798
-0.0519063,-0.0838303,-0.132678,0.0984296,0.568885,0.929734
-0.0518964,-0.0837733,-0.132585,0.0996791,0.570721,0.932673
-0.0518863,-0.0837162,-0.132491,0.100931,0.572559,0.935616
-0.0518762,-0.0836588,-0.132398,0.102185,0.5744,0.938563
-0.0518659,-0.0836013,-0.132304,0.103442,0.576242,0.941513
-0.0518555,-0.0835436,-0.132209,0.104701,0.578086,0.944467
-0.051845,-0.0834857,-0.132115,0.105962,0.579933,0.947425
-0.0518343,-0.0834276,-0.13202,0.107226,0.581782,0.950386
-0.0518235,-0.0833693,-0.131925,0.108493,0.583632,0.953351
-0.0518126,-0.0833109,-0.131829,0.109761,0.585485,0.95632
-0.0518016,-0.0832522,-0.131733,0.111033,0.587341,0.959293
-0.0517904,-0.0831934,-0.131637,0.112307,0.589198,0.96227
-0.0517791,-0.0831344,-0.131541,0.113583,0.591058,0.96525
-0.0517677,-0.0830752,-0.131444,0.114862,0.59292,0.968235
-0.0517561,-0.0830158,-0.131347,0.116143,0.594784,0.971223
-0.0517445,-0.0829562,-0.13125,0.117427,0.59665,0.974215
-0.0517326,-0.0828965,-0.131152,0.118713,0.598519,0.977211
-0.0517207,-0.0828365,-0.131055,0.120002,0.60039,0.980211
-0.0517086,-0.0827764,-0.130956,0.121293,0.602263,0.983215
-0.0516965,-0.0827161,-0.130858,0.122587,0.604139,0.986223
-0.0516841,-0.0826556,-0.130759,0.123884,0.606017,0.989234
-0.0516717,-0.0825949,-0.13066,0.125183,0.607897,0.99225
-0.0516591,-0.082534,-0.130561,0.126485,0.609779,0.99527
-0.0516464,-0.0824729,-0.130461,0.127789,0.611664,0.998294
-0.0516335,-0.0824116,-0.130361,0.129096,0.613552,1.00132
-0.0516206,-0.0823502,-0.130261,0.130406,0.615441,1.00435
-0.0516075,-0.0822886,-0.13016,0.131718,0.617333,1.00739
-0.0515942,-0.0822267,-0.130059,0.133033,0.619228,1.01043
-0.0515808,-0.0821647,-0.129958,0.134351,0.621125,1.01348
-0.0515673,-0.0821025,-0.129857,0.135671,0.623024,1.01653
-0.0515537,-0.0820401,-0.129755,0.136994,0.624926,1.01958
-0.0515399,-0.0819775,-0.129653,0.13832,0.62683,1.02264
-0.051526,-0.0819147,-0.12955,0.139648,0.628737,1.0257
-0.051512,-0.0818518,-0.129448,0.140979,0.630647,1.02876
-0.0514979,-0.0817886,-0.129344,0.142313,0.632558,1.03183
-0.0514836,-0.0817253,-0.129241,0.14365,0.634473,1.03491
-0.0514691,-0.0816617,-0.129137,0.14499,0.63639,1.03799
-0.0514546,-0.081598,-0.129034,0.146332,0.638309,1.04107
-0.0514399,-0.0815341,-0.128929,0.147677,0.640231,1.04416
-0.051425,-0.0814699,-0.128825,0.149025,0.642156,1.04725
-0.0514101,-0.0814056,-0.12872,0.150375,0.644083,1.05035
-0.0513949,-0.0813411,-0.128615,0.151729,0.646013,1.05345
-0.0513797,-0.0812764,-0.128509,0.153085,0.647946,1.05655
-0.0513643,-0.0812115,-0.128403,0.154444,0.649881,1.05966
-0.0513488,-0.0811464,-0.128297,0.155806,0.651819,1.06278
-0.0513332,-0.0810812,-0.128191,0.157171,0.65376,1.0659
-0.0513174,-0.0810157,-0.128084,0.158539,0.655703,1.06902
-0.0513015,-0.08095,-0.127977,0.15991,0.657649,1.07215
-0.0512854,-0.0808842,-0.12787,0.161284,0.659598,1.07529
-0.0512692,-0.0808181,-0.127762,0.162661,0.661549,1.07842
-0.0512529,-0.0807519,-0.127654,0.16404,0.663503,1.08157
-0.0512364,-0.0806854,-0.127546,0.165423,0.66546,1.08471
-0.0512198,-0.0806188,-0.127437,0.166808,0.66742,1.08787
-0.051203,-0.0805519,-0.127328,0.168197,0.669383,1.09102
-0.0511861,-0.0804849,-0.127219,0.169589,0.671348,1.09418
-0.0511691,-0.0804177,-0.127109,0.170983,0.673316,1.09735
-0.0511519,-0.0803502,-0.126999,0.172381,0.675288,1.10052
-0.0511346,-0.0802826,-0.126889,0.173782,0.677262,1.1037
-0.0511172,-0.0802148,-0.126779,0.175185,0.679239,1.10688
-0.0510996,-0.0801467,-0.126668,0.176592,0.681219,1.11007
-0.0510819,-0.0800785,-0.126557,0.178002,0.683201,1.11326
-0.051064,-0.0800101,-0.126445,0.179415,0.685187,1.11646
-0.051046,-0.0799415,-0.126333,0.180832,0.687176,1.11966
-0.0510278,-0.0798727,-0.126221,0.182251,0.689168,1.12286
-0.0510095,-0.0798037,-0.126109,0.183673,0.691162,1.12607
-0.0509911,-0.0797344,-0.125996,0.185099,0.69316,1.12929
-0.0509725,-0.079665,-0.125883,0.186528,0.695161,1.13251
-0.0509538,-0.0795954,-0.125769,0.18796,0.697165,1.13574
-0.0509349,-0.0795256,-0.125656,0.189395,0.699171,1.13897
-0.0509159,-0.0794556,-0.125542,0.190834,0.701181,1.14221
-0.0508968,-0.0793854,-0.125427,0.192276,0.703195,1.14545
-0.0508775,-0.0793149,-0.125313,0.193721,0.705211,1.1487
-0.050858,-0.0792443,-0.125197,0.195169,0.70723,1.15195
-0.0508384,-0.0791735,-0.125082,0.196621,0.709253,1.15521
-0.0508187,-0.0791025,-0.124966,0.198076,0.711279,1.15848
-0.0507988,-0.0790312,-0.12485,0.199534,0.713307,1.16175
-0.0507788,-0.0789598,-0.124734,0.200996,0.71534,1.16502
-0.0507586,-0.0788882,-0.124617,0.202461,0.717375,1.1683
-0.0507383,-0.0788163,-0.1245,0.203929,0.719414,1.17159
-0.0507178,-0.0787443,-0.124383,0.205401,0.721456,1.17488
-0.0506972,-0.078672,-0.124265,0.206876,0.723501,1.17818
-0.0506764,-0.0785996,-0.124147,0.208355,0.725549,1.18148
-0.0506555,-0.0785269,-0.124029,0.209837,0.727601,1.18479
-0.0506345,-0.0784541,-0.123911,0.211323,0.729657,1.1881
-0.0506133,-0.078381,-0.123792,0.212812,0.731715,1.19142
-0.0505919,-0.0783077,-0.123672,0.214305,0.733777,1.19475
-0.0505704,-0.0782342,-0.123553,0.215801,0.735843,1.19808
-0.0505488,-0.0781605,-0.123433,0.2173,0.737912,1.20142
-0.050527,-0.0780867,-0.123312,0.218804,0.739984,1.20476
-0.050505,-0.0780126,-0.123192,0.22031,0.74206,1.20811
-0.0504829,-0.0779382,-0.123071,0.221821,0.744139,1.21146
-0.0504606,-0.0778637,-0.122949,0.223335,0.746222,1.21482
-0.0504382,-0.077789,-0.122828,0.224852,0.748309,1.21819
-0.0504157,-0.0777141,-0.122706,0.226374,0.750399,1.22156
-0.0503929,-0.0776389,-0.122583,0.227899,0.752492,1.22494
-0.0503701,-0.0775636,-0.122461,0.229427,0.75459,1.22833
-0.0503471,-0.077488,-0.122338,0.23096,0.756691,1.23172
-0.0503239,-0.0774122,-0.122214,0.232496,0.758795,1.23511
-0.0503006,-0.0773362,-0.122091,0.234035,0.760903,1.23852
-0.0502771,-0.07726,-0.121967,0.235579,0.763015,1.24193
-0.0502534,-0.0771836,-0.121842,0.237126,0.765131,1.24534
-0.0502297,-0.077107,-0.121718,0.238678,0.76725,1.24876
-0.0502057,-0.0770302,-0.121593,0.240233,0.769373,1.25219
-0.0501816,-0.0769531,-0.121467,0.241791,0.7715,1.25563
-0.0501574,-0.0768759,-0.121341,0.243354,0.773631,1.25907
-0.0501329,-0.0767984,-0.121215,0.244921,0.775766,1.26252
-0.0501084,-0.0767207,-0.121089,0.246491,0.777904,1.26597
-0.0500836,-0.0766428,-0.120962,0.248066,0.780046,1.26943
-0.0500588,-0.0765647,-0.120835,0.249644,0.782193,1.2729
-0.0500337,-0.0764864,-0.120708,0.251226,0.784343,1.27637
-0.0500085,-0.0764079,-0.12058,0.252813,0.786497,1.27985
-0.0499832,-0.0763291,-0.120452,0.254403,0.788655,1.28334
-0.0499576,-0.0762501,-0.120323,0.255997,0.790817,1.28683
-0.049932,-0.0761709,-0.120194,0.257596,0.792983,1.29033
-0.0499061,-0.0760915,-0.120065,0.259198,0.795154,1.29384
-0.0498801,-0.0760119,-0.119936,0.260805,0.797328,1.29735
-0.049854,-0.0759321,-0.119806,0.262416,0.799506,1.30087
-0.0498276,-0.075852,-0.119675,0.26403,0.801689,1.3044
-0.0498011,-0.0757717,-0.119545,0.265649,0.803876,1.30793
-0.0497745,-0.0756912,-0.119414,0.267273,0.806066,1.31148
-0.0497477,-0.0756105,-0.119282,0.2689,0.808262,1.31502
-0.0497207,-0.0755296,-0.119151,0.270532,0.810461,1.31858
-0.0496936,-0.0754484,-0.119019,0.272168,0.812665,1.32214
-0.0496663,-0.075367,-0.118886,0.273808,0.814872,1.32571
-0.0496388,-0.0752854,-0.118754,0.275452,0.817085,1.32929
-0.0496112,-0.0752036,-0.11862,0.277101,0.819301,1.33287
-0.0495834,-0.0751216,-0.118487,0.278754,0.821522,1.33647
-0.0495554,-0.0750393,-0.118353,0.280412,0.823748,1.34006
-0.0495273,-0.0749568,-0.118219,0.282074,0.825977,1.34367
-0.049499,-0.0748741,-0.118084,0.28374,0.828212,1.34728
-0.0494706,-0.0747912,-0.11795,0.285411,0.83045,1.35091
-0.0494419,-0.074708,-0.117814,0.287086,0.832694,1.35453
-0.0494132,-0.0746247,-0.117679,0.288766,0.834941,1.35817
-0.0493842,-0.074541,-0.117543,0.290451,0.837194,1.36181
-0.0493551,-0.0744572,-0.117406,0.29214,0.839451,1.36547
-0.0493258,-0.0743732,-0.11727,0.293833,0.841712,1.36913
-0.0492963,-0.0742889,-0.117132,0.295531,0.843978,1.37279
-0.0492667,-0.0742044,-0.116995,0.297234,0.846249,1.37647
-0.0492368,-0.0741196,-0.116857,0.298941,0.848525,1.38015
-0.0492069,-0.0740347,-0.116719,0.300653,0.850805,1.38384
-0.0491767,-0.0739495,-0.11658,0.30237,0.853091,1.38754
-0.0491464,-0.073864,-0.116441,0.304091,0.855381,1.39124
-0.0491159,-0.0737784,-0.116302,0.305818,0.857675,1.39496
-0.0490852,-0.0736925,-0.116162,0.307549,0.859975,1.39868
-0.0490544,-0.0736064,-0.116022,0.309285,0.86228,1.40241
-0.0490234,-0.07352,-0.115882,0.311025,0.864589,1.40615
-0.0489922,-0.0734335,-0.115741,0.312771,0.866904,1.4099
-0.0489608,-0.0733467,-0.1156,0.314521,0.869223,1.41365
-0.0489293,-0.0732596,-0.115458,0.316277,0.871548,1.41742
-0.0488976,-0.0731724,-0.115316,0.318037,0.873878,1.42119
-0.0488657,-0.0730848,-0.115174,0.319803,0.876212,1.42497
-0.0488336,-0.0729971,-0.115031,0.321573,0.878552,1.42876
-0.0488014,-0.0729091,-0.114888,0.323348,0.880897,1.43256
-0.0487689,-0.0728209,-0.114745,0.325129,0.883248,1.43636
-0.0487363,-0.0727325,-0.114601,0.326915,0.885603,1.44018
-0.0487036,-0.0726438,-0.114457,0.328705,0.887964,1.444
-0.0486706,-0.0725549,-0.114312,0.330501,0.89033,1.44783
-0.0486375,-0.0724657,-0.114167,0.332302,0.892701,1.45167
-0.0486041,-0.0723764,-0.114022,0.334109,0.895078,1.45552
-0.0485706,-0.0722867,-0.113876,0.335921,0.89746,1.45938
-0.0485369,-0.0721969,-0.11373,0.337738,0.899848,1.46325
-0.0485031,-0.0721068,-0.113584,0.33956,0.902241,1.46713
-0.048469,-0.0720164,-0.113437,0.341387,0.90464,1.47101
-0.0484348,-0.0719258,-0.113289,0.343221,0.907044,1.47491
-0.0484004,-0.071835,-0.113142,0.345059,0.909454,1.47881
-0.0483658,-0.0717439,-0.112994,0.346903,0.911869,1.48273
-0.048331,-0.0716526,-0.112845,0.348752,0.91429,1.48665
-0.048296,-0.0715611,-0.112696,0.350607,0.916717,1.49058
-0.0482609,-0.0714693,-0.112547,0.352468,0.91915,1.49452
-0.0482255,-0.0713773,-0.112397,0.354334,0.921588,1.49847
-0.04819,-0.071285,-0.112247,0.356206,0.924032,1.50244
-0.0481543,-0.0711924,-0.112097,0.358083,0.926483,1.50641
-0.0481184,-0.0710997,-0.111946,0.359967,0.928939,1.51039
-0.0480823,-0.0710067,-0.111795,0.361855,0.9314,1.51438
-0.048046,-0.0709134,-0.111643,0.36375,0.933868,1.51838
-0.0480096,-0.0708199,-0.111491,0.365651,0.936342,1.52239
-0.0479729,-0.0707261,-0.111339,0.367557,0.938822,1.52641
-0.0479361,-0.0706321,-0.111186,0.369469,0.941309,1.53044
-0.047899,-0.0705379,-0.111033,0.371387,0.943801,1.53448
-0.0478618,-0.0704434,-0.110879,0.373312,0.946299,1.53853
-0.0478243,-0.0703486,-0.110725,0.375242,0.948804,1.54259
-0.0477867,-0.0702536,-0.11057,0.377178,0.951315,1.54666
-0.0477489,-0.0701583,-0.110416,0.37912,0.953833,1.55074
-0.0477109,-0.0700628,-0.11026,0.381069,0.956356,1.55483
-0.0476727,-0.0699671,-0.110105,0.383023,0.958887,1.55893
-0.0476343,-0.0698711,-0.109949,0.384984,0.961423,1.56304
-0.0475957,-0.0697748,-0.109792,0.386951,0.963966,1.56717
-0.0475569,-0.0696783,-0.109635,0.388924,0.966516,1.5713
-0.0475179,-0.0695815,-0.109478,0.390904,0.969072,1.57545
-0.0474787,-0.0694844,-0.10932,0.39289,0.971635,1.5796
-0.0474393,-0.0693872,-0.109162,0.394882,0.974205,1.58377
-0.0473997,-0.0692896,-0.109003,0.396881,0.976781,1.58795
-0.04736,-0.0691918,-0.108844,0.398886,0.979365,1.59213
-0.04732,-0.0690937,-0.108685,0.400898,0.981955,1.59633
-0.0472798,-0.0689954,-0.108525,0.402916,0.984552,1.60055
-0.0472394,-0.0688968,-0.108365,0.404941,0.987156,1.60477
-0.0471988,-0.068798,-0.108204,0.406973,0.989766,1.609
-0.047158,-0.0686989,-0.108043,0.409011,0.992384,1.61325
-0.047117,-0.0685995,-0.107881,0.411056,0.995009,1.6175
-0.0470758,-0.0684999,-0.107719,0.413108,0.997642,1.62177
-0.0470344,-0.0684,-0.107557,0.415167,1.00028,1.62605
-0.0469927,-0.0682998,-0.107394,0.417233,1.00293,1.63035
-0.0469509,-0.0681994,-0.107231,0.419306,1.00558,1.63465
-0.0469089,-0.0680987,-0.107067,0.421385,1.00824,1.63897
-0.0468666,-0.0679977,-0.106903,0.423472,1.01091,1.64329
-0.0468242,-0.0678965,-0.106739,0.425566,1.01359,1.64763
-0.0467815,-0.067795,-0.106574,0.427667,1.01627,1.65199
-0.0467387,-0.0676933,-0.106408,0.429775,1.01896,1.65635
-0.0466956,-0.0675912,-0.106242,0.43189,1.02166,1.66073
-0.0466523,-0.0674889,-0.106076,0.434013,1.02437,1.66512
-0.0466088,-0.0673863,-0.105909,0.436143,1.02708,1.66952
-0.046565,-0.0672835,-0.105742,0.43828,1.0298,1.67394
-0.0465211,-0.0671804,-0.105575,0.440425,1.03253,1.67837
-0.046477,-0.067077,-0.105407,0.442577,1.03527,1.68281
-0.0464326,-0.0669733,-0.105238,0.444737,1.03802,1.68726
-0.046388,-0.0668694,-0.105069,0.446904,1.04077,1.69173
-0.0463432,-0.0667652,-0.1049,0.44908,1.04353,1.69621
-0.0462982,-0.0666607,-0.10473,0.451262,1.0463,1.7007
-0.046253,-0.0665559,-0.10456,0.453453,1.04908,1.70521
-0.0462075,-0.0664509,-0.104389,0.455651,1.05187,1.70973
-0.0461618,-0.0663455,-0.104218,0.457858,1.05466,1.71426
-0.0461159,-0.0662399,-0.104046,0.460072,1.05747,1.71881
-0.0460698,-0.066134,-0.103874,0.462294,1.06028,1.72337
-0.0460235,-0.0660279,-0.103701,0.464525,1.0631,1.72794
-0.0459769,-0.0659214,-0.103528,0.466763,1.06593,1.73253
-0.0459301,-0.0658147,-0.103355,0.46901,1.06877,1.73713
-0.0458831,-0.0657077,-0.103181,0.471264,1.07161,1.74175
-0.0458359,-0.0656004,-0.103006,0.473528,1.07447,1.74638
-0.0457884,-0.0654928,-0.102832,0.475799,1.07733,1.75103
-0.0457407,-0.0653849,-0.102656,0.478079,1.08021,1.75569
-0.0456928,-0.0652767,-0.10248,0.480367,1.08309,1.76036
-0.0456446,-0.0651683,-0.102304,0.482664,1.08598,1.76505
-0.0455963,-0.0650595,-0.102127,0.48497,1.08888,1.76976
-0.0455476,-0.0649505,-0.10195,0.487284,1.09179,1.77448
-0.0454988,-0.0648412,-0.101772,0.489607,1.09471,1.77921
-0.0454497,-0.0647316,-0.101594,0.491939,1.09764,1.78396
-0.0454004,-0.0646217,-0.101416,0.49428,1.10058,1.78872
-0.0453509,-0.0645115,-0.101237,0.496629,1.10352,1.79351
-0.0453011,-0.064401,-0.101057,0.498988,1.10648,1.7983
-0.0452511,-0.0642902,-0.100877,0.501356,1.10945,1.80311
-0.0452008,-0.0641791,-0.100696,0.503732,1.11242,1.80794
-0.0451503,-0.0640677,-0.100515,0.506119,1.11541,1.81278
-0.0450996,-0.063956,-0.100334,0.508514,1.11841,1.81764
-0.0450486,-0.063844,-0.100152,0.510919,1.12141,1.82252
-0.0449974,-0.0637317,-0.0999693,0.513333,1.12443,1.82741
-0.044946,-0.0636191,-0.0997863,0.515757,1.12745,1.83232
-0.0448943,-0.0635062,-0.0996028,0.51819,1.13049,1.83724
-0.0448423,-0.063393,-0.0994189,0.520633,1.13354,1.84218
-0.0447901,-0.0632795,-0.0992344,0.523086,1.1366,1.84714
-0.0447377,-0.0631657,-0.0990494,0.525549,1.13966,1.85211
-0.044685,-0.0630516,-0.098864,0.528021,1.14274,1.8571
-0.0446321,-0.0629371,-0.098678,0.530504,1.14583,1.86211
-0.0445789,-0.0628224,-0.0984915,0.532997,1.14893,1.86714
-0.0445255,-0.0627073,-0.0983046,0.535499,1.15204,1.87218
-0.0444718,-0.062592,-0.0981171,0.538012,1.15517,1.87724
-0.0444179,-0.0624763,-0.0979291,0.540536,1.1583,1.88232
-0.0443637,-0.0623603,-0.0977406,0.543069,1.16144,1.88742
-0.0443093,-0.062244,-0.0975516,0.545614,1.1646,1.89254
-0.0442546,-0.0621274,-0.0973621,0.548168,1.16777,1.89767
-0.0441996,-0.0620105,-0.0971721,0.550734,1.17094,1.90282
-0.0441444,-0.0618932,-0.0969816,0.55331,1.17413,1.90799
-0.044089,-0.0617756,-0.0967905,0.555897,1.17734,1.91318
-0.0440333,-0.0616578,-0.0965989,0.558495,1.18055,1.91839
-0.0439773,-0.0615395,-0.0964068,0.561104,1.18377,1.92361
-0.043921,-0.061421,-0.0962142,0.563725,1.18701,1.92886
-0.0438645,-0.0613021,-0.0960211,0.566356,1.19026,1.93413
-0.0438078,-0.0611829,-0.0958274,0.568999,1.19352,1.93941
-0.0437507,-0.0610634,-0.0956332,0.571653,1.1968,1.94471
-0.0436934,-0.0609436,-0.0954384,0.574319,1.20008,1.95004
-0.0436359,-0.0608234,-0.0952432,0.576996,1.20338,1.95538
-0.043578,-0.0607029,-0.0950474,0.579685,1.20669,1.96075
-0.0435199,-0.0605821,-0.094851,0.582386,1.21002,1.96613
-0.0434616,-0.0604609,-0.0946541,0.585098,1.21335,1.97154
-0.0434029,-0.0603394,-0.0944567,0.587823,1.2167,1.97696
-0.043344,-0.0602176,-0.0942587,0.59056,1.22006,1.98241
-0.0432848,-0.0600954,-0.0940602,0.593309,1.22344,1.98788
-0.0432253,-0.0599729,-0.0938612,0.596071,1.22683,1.99337
-0.0431656,-0.05985,-0.0936616,0.598845,1.23023,1.99888
-0.0431056,-0.0597268,-0.0934614,0.601631,1.23365,2.00441
-0.0430453,-0.0596033,-0.0932607,0.60443,1.23708,2.00996
-0.0429847,-0.0594794,-0.0930594,0.607242,1.24052,2.01554
-0.0429238,-0.0593552,-0.0928576,0.610067,1.24398,2.02114
-0.0428627,-0.0592306,-0.0926552,0.612905,1.24745,2.02676
-0.0428012,-0.0591057,-0.0924522,0.615756,1.25094,2.0324
-0.0427395,-0.0589804,-0.0922487,0.61862,1.25444,2.03806
-0.0426775,-0.0588548,-0.0920446,0.621498,1.25795,2.04375
-0.0426152,-0.0587288,-0.0918399,0.624389,1.26148,2.04946
-0.0425526,-0.0586025,-0.0916347,0.627294,1.26502,2.0552
-0.0424897,-0.0584758,-0.0914289,0.630213,1.26858,2.06096
-0.0424266,-0.0583488,-0.0912225,0.633146,1.27216,2.06674
-0.0423631,-0.0582214,-0.0910155,0.636092,1.27574,2.07255
-0.0422994,-0.0580936,-0.090808,0.639053,1.27935,2.07838
-0.0422353,-0.0579655,-0.0905999,0.642028,1.28297,2.08424
-0.042171,-0.0578371,-0.0903912,0.645018,1.2866,2.09012
-0.0421063,-0.0577082,-0.0901818,0.648022,1.29025,2.09602
-0.0420414,-0.057579,-0.0899719,0.651041,1.29392,2.10195
-0.0419761,-0.0574494,-0.0897615,0.654074,1.2976,2.10791
-0.0419105,-0.0573195,-0.0895504,0.657123,1.3013,2.11389
-0.0418447,-0.0571892,-0.0893387,0.660187,1.30502,2.1199
-0.0417785,-0.0570585,-0.0891264,0.663266,1.30875,2.12593
-0.041712,-0.0569274,-0.0889135,0.666361,1.3125,2.132
-0.0416452,-0.056796,-0.0887,0.669471,1.31626,2.13808
-0.0415781,-0.0566642,-0.0884859,0.672597,1.32005,2.1442
-0.0415107,-0.056532,-0.0882711,0.675739,1.32385,2.15034
-0.041443,-0.0563994,-0.0880558,0.678897,1.32766,2.15651
-0.0413749,-0.0562664,-0.0878398,0.682071,1.3315,2.16271
-0.0413066,-0.0561331,-0.0876233,0.685262,1.33535,2.16893
-0.0412379,-0.0559994,-0.0874061,0.688469,1.33922,2.17518
-0.0411689,-0.0558652,-0.0871882,0.691693,1.34311,2.18147
-0.0410995,-0.0557307,-0.0869698,0.694934,1.34702,2.18778
-0.0410299,-0.0555958,-0.0867507,0.698192,1.35094,2.19412
-0.0409599,-0.0554605,-0.0865309,0.701467,1.35489,2.20049
-0.0408896,-0.0553249,-0.0863106,0.70476,1.35885,2.20689
-0.0408189,-0.0551888,-0.0860896,0.70807,1.36283,2.21332
-0.040748,-0.0550523,-0.0858679,0.711398,1.36683,2.21978
-0.0406767,-0.0549154,-0.0856456,0.714744,1.37085,2.22627
-0.040605,-0.0547781,-0.0854226,0.718108,1.37489,2.23279
-0.040533,-0.0546404,-0.085199,0.721491,1.37895,2.23934
-0.0404607,-0.0545023,-0.0849748,0.724892,1.38303,2.24593
-0.0403881,-0.0543638,-0.0847499,0.728312,1.38713,2.25255
-0.0403151,-0.0542249,-0.0845243,0.731751,1.39126,2.25919
-0.0402417,-0.0540856,-0.084298,0.735209,1.3954,2.26588
-0.040168,-0.0539458,-0.0840711,0.738687,1.39956,2.27259
-0.040094,-0.0538057,-0.0838435,0.742184,1.40374,2.27934
-0.0400196,-0.0536651,-0.0836152,0.745701,1.40795,2.28612
-0.0399448,-0.0535241,-0.0833863,0.749238,1.41218,2.29294
-0.0398697,-0.0533826,-0.0831566,0.752796,1.41643,2.29979
-0.0397943,-0.0532408,-0.0829263,0.756374,1.4207,2.30668
-0.0397185,-0.0530985,-0.0826953,0.759972,1.42499,2.3136
-0.0396423,-0.0529558,-0.0824636,0.763592,1.42931,2.32055
-0.0395657,-0.0528126,-0.0822312,0.767233,1.43365,2.32755
-0.0394888,-0.0526691,-0.0819981,0.770895,1.43801,2.33458
-0.0394116,-0.052525,-0.0817643,0.774579,1.4424,2.34164
-0.0393339,-0.0523806,-0.0815297,0.778285,1.44681,2.34875
-0.0392559,-0.0522357,-0.0812945,0.782013,1.45124,2.35589
-0.0391775,-0.0520903,-0.0810586,0.785763,1.4557,2.36307
-0.0390987,-0.0519445,-0.0808219,0.789536,1.46018,2.37028
-0.0390196,-0.0517983,-0.0805845,0.793333,1.46469,2.37754
-0.0389401,-0.0516516,-0.0803464,0.797152,1.46922,2.38484
-0.0388602,-0.0515044,-0.0801075,0.800995,1.47378,2.39217
-0.0387799,-0.0513568,-0.079868,0.804862,1.47837,2.39955
-0.0386992,-0.0512088,-0.0796276,0.808753,1.48298,2.40697
-0.0386181,-0.0510602,-0.0793866,0.812668,1.48761,2.41442
-0.0385367,-0.0509112,-0.0791447,0.816608,1.49228,2.42193
-0.0384548,-0.0507618,-0.0789022,0.820573,1.49697,2.42947
-0.0383725,-0.0506119,-0.0786588,0.824564,1.50168,2.43705
-0.0382899,-0.0504614,-0.0784148,0.82858,1.50643,2.44468
-0.0382068,-0.0503106,-0.0781699,0.832622,1.5112,2.45235
-0.0381234,-0.0501592,-0.0779243,0.83669,1.51601,2.46007
-0.0380395,-0.0500074,-0.0776779,0.840784,1.52084,2.46783
-0.0379552,-0.049855,-0.0774307,0.844906,1.5257,2.47564
-0.0378705,-0.0497022,-0.0771828,0.849055,1.53058,2.48349
-0.0377854,-0.0495489,-0.076934,0.853232,1.5355,2.49139
-0.0376999,-0.0493951,-0.0766845,0.857436,1.54045,2.49934
-0.0376139,-0.0492408,-0.0764342,0.861669,1.54543,2.50733
-0.0375275,-0.049086,-0.076183,0.865931,1.55044,2.51537
-0.0374407,-0.0489307,-0.0759311,0.870221,1.55549,2.52346
-0.0373535,-0.0487749,-0.0756783,0.874541,1.56056,2.5316
-0.0372658,-0.0486186,-0.0754248,0.878891,1.56567,2.5398
-0.0371777,-0.0484618,-0.0751704,0.883271,1.57081,2.54804
-0.0370892,-0.0483045,-0.0749151,0.887682,1.57598,2.55633
-0.0370002,-0.0481466,-0.0746591,0.892124,1.58118,2.56468
-0.0369107,-0.0479882,-0.0744022,0.896598,1.58642,2.57307
-0.0368208,-0.0478293,-0.0741445,0.901103,1.5917,2.58153
-0.0367305,-0.0476699,-0.0738859,0.905641,1.59701,2.59003
-0.0366397,-0.0475099,-0.0736265,0.910211,1.60235,2.59859
-0.0365485,-0.0473494,-0.0733662,0.914815,1.60773,2.60721
-0.0364568,-0.0471884,-0.073105,0.919452,1.61315,2.61588
-0.0363646,-0.0470268,-0.072843,0.924124,1.6186,2.62461
-0.0362719,-0.0468646,-0.0725801,0.928831,1.62409,2.6334
-0.0361788,-0.046702,-0.0723163,0.933572,1.62962,2.64224
-0.0360852,-0.0465387,-0.0720517,0.938349,1.63519,2.65115
-0.0359911,-0.0463749,-0.0717861,0.943163,1.64079,2.66011
-0.0358966,-0.0462106,-0.0715196,0.948013,1.64644,2.66914
-0.0358015,-0.0460456,-0.0712523,0.9529,1.65212,2.67823
-0.035706,-0.0458801,-0.070984,0.957825,1.65785,2.68738
-0.03561,-0.0457141,-0.0707148,0.962789,1.66362,2.6966
-0.0355134,-0.0455474,-0.0704447,0.967792,1.66943,2.70588
-0.0354164,-0.0453802,-0.0701736,0.972834,1.67528,2.71522
-0.0353189,-0.0452124,-0.0699016,0.977916,1.68117,2.72464
-0.0352208,-0.0450439,-0.0696287,0.983039,1.68711,2.73412
-0.0351223,-0.0448749,-0.0693548,0.988203,1.6931,2.74367
-0.0350232,-0.0447053,-0.0690799,0.993409,1.69912,2.75328
-0.0349236,-0.0445351,-0.0688041,0.998658,1.7052,2.76297
-0.0348234,-0.0443643,-0.0685273,1.00395,1.71132,2.77273
-0.0347228,-0.0441928,-0.0682496,1.00929,1.71749,2.78257
-0.0346216,-0.0440208,-0.0679708,1.01467,1.7237,2.79247
-0.0345198,-0.0438481,-0.0676911,1.02009,1.72997,2.80245
-0.0344176,-0.0436748,-0.0674103,1.02557,1.73628,2.81251
-0.0343147,-0.0435008,-0.0671286,1.03108,1.74264,2.82265
-0.0342113,-0.0433263,-0.0668458,1.03665,1.74906,2.83286
-0.0341074,-0.043151,-0.066562,1.04227,1.75553,2.84315
-0.0340029,-0.0429751,-0.0662772,1.04793,1.76204,2.85352
-0.0338978,-0.0427986,-0.0659913,1.05365,1.76862,2.86398
-0.0337922,-0.0426214,-0.0657044,1.05941,1.77524,2.87452
-0.0336859,-0.0424436,-0.0654164,1.06523,1.78193,2.88514
-0.0335791,-0.042265,-0.0651273,1.0711,1.78867,2.89585
-0.0334717,-0.0420858,-0.0648372,1.07702,1.79546,2.90665
-0.0333637,-0.0419059,-0.064546,1.083,1.80232,2.91754
-0.0332551,-0.0417254,-0.0642537,1.08903,1.80923,2.92851
-0.0331459,-0.0415441,-0.0639603,1.09512,1.8162,2.93958
-0.0330361,-0.0413621,-0.0636658,1.10127,1.82324,2.95074
-0.0329256,-0.0411794,-0.0633701,1.10747,1.83033,2.962
-0.0328146,-0.0409961,-0.0630734,1.11374,1.83749,2.97335
-0.0327029,-0.0408119,-0.0627755,1.12006,1.84472,2.98481
-0.0325906,-0.0406271,-0.0624764,1.12645,1.85201,2.99636
-0.0324776,-0.0404415,-0.0621762,1.1329,1.85936,3.00801
-0.032364,-0.0402552,-0.0618748,1.13941,1.86679,3.01977
-0.0322497,-0.0400682,-0.0615722,1.14599,1.87428,3.03163
-0.0321348,-0.0398804,-0.0612685,1.15263,1.88185,3.0436
-0.0320192,-0.0396918,-0.0609635,1.15935,1.88948,3.05568
-0.0319029,-0.0395025,-0.0606573,1.16613,1.89719,3.06787
-0.031786,-0.0393124,-0.0603499,1.17298,1.90497,3.08018
-0.0316683,-0.0391215,-0.0600413,1.1799,1.91283,3.0926
-0.03155,-0.0389298,-0.0597314,1.1869,1.92077,3.10513
-0.0314309,-0.0387373,-0.0594203,1.19397,1.92878,3.11779
-0.0313112,-0.038544,-0.0591079,1.20111,1.93688,3.13057
-0.0311907,-0.0383499,-0.0587942,1.20834,1.94506,3.14347
-0.0310695,-0.038155,-0.0584792,1.21564,1.95332,3.1565
-0.0309476,-0.0379593,-0.0581628,1.22302,1.96166,3.16966
-0.0308249,-0.0377627,-0.0578452,1.23049,1.9701,3.18295
-0.0307015,-0.0375653,-0.0575263,1.23803,1.97862,3.19637
-0.0305773,-0.037367,-0.0572059,1.24567,1.98723,3.20993
-0.0304523,-0.0371678,-0.0568843,1.25339,1.99593,3.22363
-0.0303266,-0.0369678,-0.0565612,1.2612,2.00473,3.23747
-0.0302001,-0.0367669,-0.0562368,1.26911,2.01362,3.25146
-0.0300728,-0.036565,-0.0559109,1.2771,2.02262,3.2656
-0.0299447,-0.0363623,-0.0555836,1.2852,2.03171,3.27988
-0.0298157,-0.0361587,-0.0552549,1.29339,2.0409,3.29433
-0.029686,-0.0359541,-0.0549248,1.30168,2.0502,3.30893
-0.0295554,-0.0357487,-0.0545931,1.31007,2.05961,3.32369
-0.029424,-0.0355422,-0.05426,1.31856,2.06912,3.33861
-0.0292917,-0.0353348,-0.0539254,1.32717,2.07875,3.3537
-0.0291585,-0.0351265,-0.0535893,1.33588,2.08849,3.36897
-0.0290245,-0.0349171,-0.0532516,1.3447,2.09835,3.38441
-0.0288896,-0.0347068,-0.0529124,1.35364,2.10833,3.40003
-0.0287538,-0.0344955,-0.0525716,1.3627,2.11843,3.41584
-0.0286171,-0.0342831,-0.0522292,1.37187,2.12866,3.43183
-0.0284794,-0.0340697,-0.0518852,1.38117,2.13901,3.44801
-0.0283408,-0.0338553,-0.0515396,1.3906,2.1495,3.46439
-0.0282013,-0.0336398,-0.0511923,1.40015,2.16012,3.48098
-0.0280608,-0.0334233,-0.0508434,1.40984,2.17087,3.49776
-0.0279193,-0.0332056,-0.0504928,1.41966,2.18177,3.51476
-0.0277768,-0.0329869,-0.0501404,1.42962,2.19281,3.53198
-0.0276334,-0.0327671,-0.0497864,1.43973,2.20401,3.54942
-0.0274889,-0.0325461,-0.0494306,1.44998,2.21535,3.56708
-0.0273434,-0.032324,-0.049073,1.46039,2.22685,3.58498
-0.0271968,-0.0321007,-0.0487136,1.47095,2.23851,3.60312
-0.0270492,-0.0318763,-0.0483523,1.48167,2.25033,3.6215
-0.0269005,-0.0316507,-0.0479892,1.49255,2.26233,3.64013
-0.0267507,-0.0314238,-0.0476243,1.5036,2.27449,3.65903
-0.0265997,-0.0311957,-0.0472574,1.51483,2.28684,3.67818
-0.0264477,-0.0309664,-0.0468886,1.52623,2.29937,3.69761
-0.0262945,-0.0307359,-0.0465179,1.53782,2.31208,3.71732
-0.0261401,-0.030504,-0.0461452,1.54959,2.32499,3.73731
-0.0259846,-0.0302709,-0.0457704,1.56156,2.3381,3.7576
-0.0258278,-0.0300364,-0.0453936,1.57373,2.35142,3.7782
-0.0256698,-0.0298006,-0.0450148,1.58611,2.36494,3.7991
-0.0255106,-0.0295634,-0.0446338,1.5987,2.37868,3.82033
-0.0253501,-0.0293248,-0.0442507,1.61151,2.39265,3.84189
-0.0251883,-0.0290849,-0.0438654,1.62455,2.40685,3.86379
-0.0250252,-0.0288435,-0.0434779,1.63783,2.42128,3.88604
-0.0248607,-0.0286006,-0.0430882,1.65134,2.43596,3.90865
-0.0246949,-0.0283563,-0.0426962,1.66511,2.4509,3.93164
-0.0245277,-0.0281104,-0.0423019,1.67913,2.46609,3.95501
-0.024359,-0.027863,-0.0419052,1.69342,2.48156,3.97877
-0.024189,-0.0276141,-0.0415061,1.70799,2.49731,4.00295
-0.0240174,-0.0273636,-0.0411046,1.72285,2.51334,4.02755
-0.0238444,-0.0271114,-0.0407006,1.738,2.52967,4.05259
-0.0236698,-0.0268576,-0.040294,1.75346,2.54631,4.07808
-0.0234937,-0.0266021,-0.0398849,1.76924,2.56327,4.10404
-0.023316,-0.0263449,-0.0394732,1.78535,2.58057,4.13049
-0.0231366,-0.026086,-0.0390588,1.80181,2.5982,4.15743
-0.0229556,-0.0258253,-0.0386417,1.81862,2.6162,4.1849
-0.0227729,-0.0255628,-0.0382218,1.83581,2.63456,4.21291
-0.0225884,-0.0252984,-0.0377991,1.85338,2.65331,4.24147
-0.0224022,-0.0250321,-0.0373735,1.87136,2.67245,4.27062
-0.0222141,-0.0247639,-0.036945,1.88975,2.69201,4.30036
-0.0220242,-0.0244937,-0.0365134,1.90859,2.71201,4.33074
-0.0218324,-0.0242214,-0.0360788,1.92787,2.73245,4.36176
-0.0216386,-0.0239472,-0.035641,1.94764,2.75336,4.39347
-0.0214429,-0.0236708,-0.0352001,1.9679,2.77476,4.42587
-0.021245,-0.0233922,-0.0347558,1.98869,2.79666,4.45902
-0.0210451,-0.0231114,-0.0343082,2.01001,2.8191,4.49293
-0.020843,-0.0228284,-0.0338572,2.03191,2.8421,4.52764
-0.0206387,-0.022543,-0.0334027,2.05441,2.86568,4.56319
-0.0204321,-0.0222552,-0.0329446,2.07753,2.88986,4.59962
-0.0202232,-0.021965,-0.0324827,2.10132,2.91469,4.63696
-0.0200118,-0.0216722,-0.0320171,2.1258,2.94018,4.67526
-0.019798,-0.0213769,-0.0315476,2.151,2.96638,4.71457
-0.0195816,-0.0210789,-0.0310742,2.17698,2.99332,4.75493
-0.0193626,-0.0207782,-0.0305966,2.20377,3.02103,4.7964
-0.0191408,-0.0204747,-0.0301149,2.23142,3.04956,4.83903
-0.0189162,-0.0201683,-0.0296288,2.25998,3.07896,4.8829
-0.0186888,-0.0198589,-0.0291382,2.2895,3.10927,4.92806
-0.0184583,-0.0195464,-0.0286431,2.32004,3.14055,4.97459
-0.0182247,-0.0192307,-0.0281433,2.35167,3.17285,5.02256
-0.0179879,-0.0189118,-0.0276386,2.38444,3.20623,5.07207
-0.0177478,-0.0185895,-0.0271288,2.41845,3.24077,5.1232
-0.0175042,-0.0182636,-0.0266139,2.45378,3.27653,5.17605
-0.017257,-0.0179341,-0.0260935,2.4905,3.31359,5.23073
-0.0170061,-0.0176008,-0.0255677,2.52874,3.35205,5.28737
-0.0167512,-0.0172636,-0.025036,2.56859,3.39201,5.34609
-0.0164923,-0.0169224,-0.0244984,2.61018,3.43356,5.40704
-0.0162291,-0.0165769,-0.0239545,2.65365,3.47683,5.47038
-0.0159615,-0.0162269,-0.0234042,2.69915,3.52195,5.53628
-0.0156892,-0.0158724,-0.0228472,2.74685,3.56907,5.60494
-0.015412,-0.0155131,-0.0222831,2.79695,3.61834,5.67659
-0.0151297,-0.0151487,-0.0217117,2.84966,3.66996,5.75146
-0.014842,-0.014779,-0.0211327,2.90522,3.72414,5.82982
-0.0145486,-0.0144037,-0.0205456,2.96393,3.7811,5.912
-0.0142491,-0.0140227,-0.0199502,3.02609,3.84111,5.99833
-0.0139432,-0.0136354,-0.0193458,3.09209,3.90448,6.08923
-0.0136305,-0.0132416,-0.0187322,3.16233,3.97155,6.18513
-0.0133106,-0.012841,-0.0181086,3.23733,4.04274,6.28658
-0.0129829,-0.0124329,-0.0174746,3.31766,4.11852,6.39417
-0.0126469,-0.0120171,-0.0168296,3.40402,4.19943,6.50862
-0.0123019,-0.0115929,-0.0161727,3.49722,4.28613,6.63076
-0.0119472,-0.0111596,-0.0155031,3.59826,4.3794,6.76159
-0.0115819,-0.0107167,-0.01482,3.70833,4.48019,6.90228
-0.0112051,-0.0102633,-0.0141223,3.82893,4.58962,7.05427
-0.0108157,-0.00979848,-0.0134087,3.96189,4.70911,7.2193
-0.0104123,-0.00932111,-0.0126779,4.10956,4.84043,7.39955
-0.00999322,-0.00882992,-0.0119282,4.27496,4.98581,7.59774
-0.00955657,-0.00832338,-0.0111577,4.46203,5.14816,7.81738
-0.00909991,-0.0077996,-0.0103639,4.67612,5.33131,8.06302
-0.0086202,-0.00725625,-0.00954398,4.92458,5.54047,8.3408
-0.00811351,-0.0066904,-0.00869436,5.21798,5.78295,8.65913
-0.0075746,-0.00609821,-0.00781041,5.57205,6.06937,9.03005
-0.00699627,-0.00547453,-0.00688602,6.01151,6.416,9.47149
-0.00636811,-0.00481215,-0.00591285,6.578,6.84928,10.0117
-0.00567398,-0.00410029,-0.00487883,7.34851,7.41612,10.6989
-0.00488649,-0.0033215,-0.00376528,8.48637,8.21068,11.6239
-0.00395135,-0.00244351,-0.00253989,10.4246,9.46339,12.9876
-0.00272584,-0.00139031,-0.00113637,14.9674,12.0025,15.3508
-0.000360125,0.000166374,0.000580429,45.2534,7.00701,-14.6773
