0.00000000000000000,0.00000000000000000,0.00000000000000000,0.01000000000000000,0.00000000000000000,0.02000000000000000
0.00099999933333347,0.00000099999966667,0.00200000000000000,0.01000000000000000,0.00000000000000000,0.02000000000000000
0.00199999466667094,0.00000399999466667,0.00400000000000000,0.01000000000000000,0.00000000000000000,0.02000000000000000
0.00299998200003242,0.00000899997300003,0.00600000000000000,0.01000000000000000,0.00000000000000000,0.02000000000000000
0.00399995733346989,0.00001599991466685,0.00800000000000000,0.01000000000000000,0.00000000000000000,0.02000000000000000
0.00499991666708336,0.00002499979166736,0.01000000000000000,0.01000000000000000,0.00000000000000000,0.02000000000000000
0.00599985600103683,0.00003599956800207,0.01200000000000000,0.01000000000000000,0.00000000000000000,0.02000000000000000
0.00699977133557430,0.00004899919967190,0.01400000000000000,0.01000000000000000,0.00000000000000000,0.02000000000000000
0.00799965867103575,0.00006399863467832,0.01600000000000000,0.01000000000000000,0.00000000000000000,0.02000000000000000
0.00899951400787319,0.00008099781302362,0.01800000000000001,0.01000000000000000,0.00000000000000000,0.02000000000000000
0.00999933334666660,0.00009999666671111,0.02000000000000001,0.01000000000000000,0.00000000000000000,0.02000000000000000
0.01099911268813995,0.00012099511974540,0.02200000000000001,0.01000000000000000,0.00000000000000000,0.02000000000000000
0.01199884803317721,0.00014399308813271,0.02400000000000001,0.01000000000000000,0.00000000000000000,0.02000000000000000
0.01299853538283834,0.00016899047988119,0.02600000000000001,0.01000000000000000,0.00000000000000000,0.02000000000000000
0.01399817073837527,0.00019598719500131,0.02800000000000001,0.01000000000000000,0.00000000000000000,0.02000000000000000
0.01499775010124792,0.00022498312550624,0.03000000000000002,0.01000000000000000,0.00000000000000000,0.02000000000000000
0.01599726947314015,0.00025597815541231,0.03200000000000001,0.01000000000000000,0.00000000000000000,0.02000000000000000
0.01699672485597582,0.00028897216073943,0.03400000000000002,0.01000000000000000,0.00000000000000000,0.02000000000000000
0.01799611225193473,0.00032396500951162,0.03600000000000002,0.01000000000000000,0.00000000000000000,0.02000000000000000
0.01899542766346862,0.00036095656175754,0.03800000000000002,0.01000000000000000,0.00000000000000000,0.02000000000000000
0.01999466709331719,0.00039994666951103,0.04000000000000002,0.01000000000000000,0.00000000000000000,0.02000000000000000
0.02099382654452405,0.00044093517681171,0.04200000000000002,0.01000000000000000,0.00000000000000000,0.02000000000000000
0.02199290202045272,0.00048392191970560,0.04400000000000003,0.01000000000000000,0.00000000000000000,0.02000000000000000
0.02299188952480263,0.00052890672624579,0.04600000000000003,0.01000000000000000,0.00000000000000000,0.02000000000000000
0.02399078506162510,0.00057588941649312,0.04800000000000003,0.01000000000000000,0.00000000000000000,0.02000000000000000
0.02498958463533931,0.00062486980251688,0.05000000000000003,0.01000000000000000,0.00000000000000000,0.02000000000000000
0.02598828425074829,0.00067584768839560,0.05200000000000003,0.01000000000000000,0.00000000000000000,0.02000000000000000
0.02698687991305493,0.00072882287021780,0.05400000000000003,0.01000000000000000,0.00000000000000000,0.02000000000000000
0.02798536762787789,0.00078379513608282,0.05600000000000004,0.01000000000000000,0.00000000000000000,0.02000000000000000
0.02898374340126766,0.00084076426610168,0.05800000000000004,0.01000000000000000,0.00000000000000000,0.02000000000000000
0.02998200323972247,0.00089973003239792,0.06000000000000004,0.01000000000000000,0.00000000000000000,0.02000000000000000
0.03098014315020429,0.00096069219910857,0.06200000000000004,0.01000000000000000,0.00000000000000000,0.02000000000000000
0.03197815914015482,0.00102365052238504,0.06400000000000004,0.01000000000000000,0.00000000000000000,0.02000000000000000
0.03297604721751143,0.00108860475039412,0.06600000000000004,0.01000000000000000,0.00000000000000000,0.02000000000000000
0.03397380339072314,0.00115555462331898,0.06800000000000005,0.01000000000000000,0.00000000000000000,0.02000000000000000
0.03497142366876658,0.00122449987336022,0.07000000000000005,0.01000000000000000,0.00000000000000000,0.02000000000000000
0.03596890406116197,0.00129544022473693,0.07200000000000005,0.01000000000000000,0.00000000000000000,0.02000000000000000
0.03696624057798908,0.00136837539368781,0.07400000000000005,0.01000000000000000,0.00000000000000000,0.02000000000000000
0.03796342922990317,0.00144330508847227,0.07600000000000005,0.01000000000000000,0.00000000000000000,0.02000000000000000
0.03896046602815095,0.00152022900937163,0.07800000000000006,0.01000000000000000,0.00000000000000000,0.02000000000000000
0.03995734698458657,0.00159914684869032,0.08000000000000006,0.01000000000000000,0.00000000000000000,0.02000000000000000
0.04095406811168752,0.00168005829075707,0.08200000000000006,0.01000000000000000,0.00000000000000000,0.02000000000000000
0.04195062542257064,0.00176296301192624,0.08400000000000006,0.01000000000000000,0.00000000000000000,0.02000000000000000
0.04294701493100800,0.00184786068057904,0.08600000000000006,0.01000000000000000,0.00000000000000000,0.02000000000000000
0.04394323265144290,0.00193475095712492,0.08800000000000006,0.01000000000000000,0.00000000000000000,0.02000000000000000
0.04493927459900578,0.00202363349400289,0.09000000000000007,0.01000000000000000,0.00000000000000000,0.02000000000000000
0.04593513678953019,0.00211450793568290,0.09200000000000007,0.01000000000000000,0.00000000000000000,0.02000000000000000
0.04693081523956869,0.00220737391866733,0.09400000000000007,0.01000000000000000,0.00000000000000000,0.02000000000000000
0.04792630596640880,0.00230223107149236,0.09600000000000007,0.01000000000000000,0.00000000000000000,0.02000000000000000
0.04892160498808894,0.00239907901472951,0.09800000000000007,0.01000000000000000,0.00000000000000000,0.02000000000000000
0.04991670832341437,0.00249791736098713,0.10000000000000007,0.01000000000000000,0.00000000000000000,0.02000000000000000
0.05091161199197305,0.00259874571491197,0.10200000000000008,0.01000000000000000,0.00000000000000000,0.02000000000000000
0.05190631201415166,0.00270156367319075,0.10400000000000008,0.01000000000000000,0.00000000000000000,0.02000000000000000
0.05290080441115141,0.00280637082455178,0.10600000000000008,0.01000000000000000,0.00000000000000000,0.02000000000000000
0.05389508520500405,0.00291316674976658,0.10800000000000008,0.01000000000000000,0.00000000000000000,0.02000000000000000
0.05488915041858773,0.00302195102165159,0.11000000000000008,0.01000000000000000,0.00000000000000000,0.02000000000000000
0.05588299607564293,0.00313272320506989,0.11200000000000009,0.01000000000000000,0.00000000000000000,0.02000000000000000
0.05687661820078833,0.00324548285693287,0.11400000000000009,0.01000000000000000,0.00000000000000000,0.02000000000000000
0.05787001281953676,0.00336022952620209,0.11600000000000009,0.01000000000000000,0.00000000000000000,0.02000000000000000
0.05886317595831107,0.00347696275389102,0.11800000000000009,0.01000000000000000,0.00000000000000000,0.02000000000000000
0.05985610364446003,0.00359568207306690,0.12000000000000009,0.01000000000000000,0.00000000000000000,0.02000000000000000
0.06084879190627423,0.00371638700885261,0.12200000000000009,0.01000000000000000,0.00000000000000000,0.02000000000000000
0.06184123677300193,0.00383907707842858,0.12400000000000010,0.01000000000000000,0.00000000000000000,0.02000000000000000
0.06283343427486500,0.00396375179103469,0.12600000000000008,0.01000000000000000,0.00000000000000000,0.02000000000000000
0.06382538044307474,0.00409041064797225,0.12800000000000009,0.01000000000000000,0.00000000000000000,0.02000000000000000
0.06481707130984782,0.00421905314260601,0.13000000000000009,0.01000000000000000,0.00000000000000000,0.02000000000000000
0.06580850290842208,0.00434967876036615,0.13200000000000009,0.01000000000000000,0.00000000000000000,0.02000000000000000
0.06679967127307244,0.00448228697875039,0.13400000000000009,0.01000000000000000,0.00000000000000000,0.02000000000000000
0.06779057243912678,0.00461687726732602,0.13600000000000009,0.01000000000000000,0.00000000000000000,0.02000000000000000
0.06878120244298175,0.00475344908773207,0.13800000000000009,0.01000000000000000,0.00000000000000000,0.02000000000000000
0.06977155732211865,0.00489200189368144,0.14000000000000010,0.01000000000000000,0.00000000000000000,0.02000000000000000
0.07076163311511929,0.00503253513096310,0.14200000000000010,0.01000000000000000,0.00000000000000000,0.02000000000000000
0.07175142586168183,0.00517504823744427,0.14400000000000010,0.01000000000000000,0.00000000000000000,0.02000000000000000
0.07274093160263659,0.00531954064307273,0.14600000000000010,0.01000000000000000,0.00000000000000000,0.02000000000000000
0.07373014637996192,0.00546601176987904,0.14800000000000010,0.01000000000000000,0.00000000000000000,0.02000000000000000
0.07471906623680004,0.00561446103197889,0.15000000000000011,0.01000000000000000,0.00000000000000000,0.02000000000000000
0.07570768721747284,0.00576488783557544,0.15200000000000011,0.01000000000000000,0.00000000000000000,0.02000000000000000
0.07669600536749771,0.00591729157896166,0.15400000000000011,0.01000000000000000,0.00000000000000000,0.02000000000000000
0.07768401673360338,0.00607167165252279,0.15600000000000011,0.01000000000000000,0.00000000000000000,0.02000000000000000
0.07867171736374569,0.00622802743873873,0.15800000000000011,0.01000000000000000,0.00000000000000000,0.02000000000000000
0.07965910330712343,0.00638635831218656,0.16000000000000011,0.01000000000000000,0.00000000000000000,0.02000000000000000
0.08064617061419417,0.00654666363954300,0.16200000000000012,0.01000000000000000,0.00000000000000000,0.02000000000000000
0.08163291533668998,0.00670894277958693,0.16400000000000012,0.01000000000000000,0.00000000000000000,0.02000000000000000
0.08261933352763329,0.00687319508320202,0.16600000000000012,0.01000000000000000,0.00000000000000000,0.02000000000000000
0.08360542124135263,0.00703941989337928,0.16800000000000012,0.01000000000000000,0.00000000000000000,0.02000000000000000
0.08459117453349849,0.00720761654521969,0.17000000000000012,0.01000000000000000,0.00000000000000000,0.02000000000000000
0.08557658946105900,0.00737778436593686,0.17200000000000013,0.01000000000000000,0.00000000000000000,0.02000000000000000
0.08656166208237577,0.00754992267485973,0.17400000000000013,0.01000000000000000,0.00000000000000000,0.02000000000000000
0.08754638845715963,0.00772403078343531,0.17600000000000013,0.01000000000000000,0.00000000000000000,0.02000000000000000
0.08853076464650639,0.00790010799523138,0.17800000000000013,0.01000000000000000,0.00000000000000000,0.02000000000000000
0.08951478671291260,0.00807815360593934,0.18000000000000013,0.01000000000000000,0.00000000000000000,0.02000000000000000
0.09049845072029132,0.00825816690337698,0.18200000000000013,0.01000000000000000,0.00000000000000000,0.02000000000000000
0.09148175273398781,0.00844014716749135,0.18400000000000014,0.01000000000000000,0.00000000000000000,0.02000000000000000
0.09246468882079535,0.00862409367036164,0.18600000000000014,0.01000000000000000,0.00000000000000000,0.02000000000000000
0.09344725504897089,0.00881000567620208,0.18800000000000014,0.01000000000000000,0.00000000000000000,0.02000000000000000
0.09442944748825083,0.00899788244136490,0.19000000000000014,0.01000000000000000,0.00000000000000000,0.02000000000000000
0.09541126220986672,0.00918772321434328,0.19200000000000014,0.01000000000000000,0.00000000000000000,0.02000000000000000
0.09639269528656098,0.00937952723577438,0.19400000000000014,0.01000000000000000,0.00000000000000000,0.02000000000000000
0.09737374279260264,0.00957329373844238,0.19600000000000015,0.01000000000000000,0.00000000000000000,0.02000000000000000
0.09835440080380295,0.00976902194728153,0.19800000000000015,0.01000000000000000,0.00000000000000000,0.02000000000000000
0.09933466539753118,0.00996671107937925,0.20000000000000015,0.01000000000000000,0.00000000000000000,0.02000000000000000
0.10031453265273027,0.01016636034397927,0.20200000000000015,0.01000000000000000,0.00000000000000000,0.02000000000000000
0.10129399864993249,0.01036796894248480,0.20400000000000015,0.01000000000000000,0.00000000000000000,0.02000000000000000
0.10227305947127519,0.01057153606846172,0.20600000000000016,0.01000000000000000,0.00000000000000000,0.02000000000000000
0.10325171120051635,0.01077706090764180,0.20800000000000016,0.01000000000000000,0.00000000000000000,0.02000000000000000
0.10422994992305039,0.01098454263792595,0.21000000000000016,0.01000000000000000,0.00000000000000000,0.02000000000000000
0.10520777172592370,0.01119398042938752,0.21200000000000016,0.01000000000000000,0.00000000000000000,0.02000000000000000
0.10618517269785038,0.01140537344427564,0.21400000000000016,0.01000000000000000,0.00000000000000000,0.02000000000000000
0.10716214892922786,0.01161872083701852,0.21600000000000016,0.01000000000000000,0.00000000000000000,0.02000000000000000
0.10813869651215251,0.01183402175422688,0.21800000000000017,0.01000000000000000,0.00000000000000000,0.02000000000000000
0.10911481154043529,0.01205127533469733,0.22000000000000017,0.01000000000000000,0.00000000000000000,0.02000000000000000
0.11009049010961738,0.01227048070941585,0.22200000000000017,0.01000000000000000,0.00000000000000000,0.02000000000000000
0.11106572831698584,0.01249163700156122,0.22400000000000017,0.01000000000000000,0.00000000000000000,0.02000000000000000
0.11204052226158911,0.01271474332650858,0.22600000000000017,0.01000000000000000,0.00000000000000000,0.02000000000000000
0.11301486804425273,0.01293979879183291,0.22800000000000017,0.01000000000000000,0.00000000000000000,0.02000000000000000
0.11398876176759486,0.01316680249731267,0.23000000000000018,0.01000000000000000,0.00000000000000000,0.02000000000000000
0.11496219953604189,0.01339575353493332,0.23200000000000018,0.01000000000000000,0.00000000000000000,0.02000000000000000
0.11593517745584407,0.01362665098889103,0.23400000000000018,0.01000000000000000,0.00000000000000000,0.02000000000000000
0.11690769163509100,0.01385949393559628,0.23600000000000018,0.01000000000000000,0.00000000000000000,0.02000000000000000
0.11787973818372727,0.01409428144367761,0.23800000000000018,0.01000000000000000,0.00000000000000000,0.02000000000000000
0.11885131321356797,0.01433101257398529,0.24000000000000019,0.01000000000000000,0.00000000000000000,0.02000000000000000
0.11982241283831430,0.01456968637959511,0.24200000000000019,0.01000000000000000,0.00000000000000000,0.02000000000000000
0.12079303317356903,0.01481030190581218,0.24400000000000019,0.01000000000000000,0.00000000000000000,0.02000000000000000
0.12176317033685212,0.01505285819017470,0.24600000000000019,0.01000000000000000,0.00000000000000000,0.02000000000000000
0.12273282044761621,0.01529735426245786,0.24800000000000019,0.01000000000000000,0.00000000000000000,0.02000000000000000
0.12370197962726216,0.01554378914467771,0.25000000000000017,0.01000000000000000,0.00000000000000000,0.02000000000000000
0.12467064399915453,0.01579216185109503,0.25200000000000017,0.01000000000000000,0.00000000000000000,0.02000000000000000
0.12563880968863714,0.01604247138821934,0.25400000000000017,0.01000000000000000,0.00000000000000000,0.02000000000000000
0.12660647282304852,0.01629471675481282,0.25600000000000017,0.01000000000000000,0.00000000000000000,0.02000000000000000
0.12757362953173740,0.01654889694189434,0.25800000000000017,0.01000000000000000,0.00000000000000000,0.02000000000000000
0.12854027594607825,0.01680501093274350,0.26000000000000018,0.01000000000000000,0.00000000000000000,0.02000000000000000
0.12950640819948672,0.01706305770290466,0.26200000000000018,0.01000000000000000,0.00000000000000000,0.02000000000000000
0.13047202242743505,0.01732303622019109,0.26400000000000018,0.01000000000000000,0.00000000000000000,0.02000000000000000
0.13143711476746764,0.01758494544468907,0.26600000000000018,0.01000000000000000,0.00000000000000000,0.02000000000000000
0.13240168135921640,0.01784878432876206,0.26800000000000018,0.01000000000000000,0.00000000000000000,0.02000000000000000
0.13336571834441627,0.01811455181705486,0.27000000000000018,0.01000000000000000,0.00000000000000000,0.02000000000000000
0.13432922186692059,0.01838224684649788,0.27200000000000019,0.01000000000000000,0.00000000000000000,0.02000000000000000
0.13529218807271653,0.01865186834631136,0.27400000000000019,0.01000000000000000,0.00000000000000000,0.02000000000000000
0.13625461310994058,0.01892341523800965,0.27600000000000019,0.01000000000000000,0.00000000000000000,0.02000000000000000
0.13721649312889386,0.01919688643540556,0.27800000000000019,0.01000000000000000,0.00000000000000000,0.02000000000000000
0.13817782428205758,0.01947228084461465,0.28000000000000019,0.01000000000000000,0.00000000000000000,0.02000000000000000
0.13913860272410841,0.01974959736405966,0.28200000000000019,0.01000000000000000,0.00000000000000000,0.02000000000000000
0.14009882461193388,0.02002883488447488,0.28400000000000020,0.01000000000000000,0.00000000000000000,0.02000000000000000
0.14105848610464769,0.02030999228891061,0.28600000000000020,0.01000000000000000,0.00000000000000000,0.02000000000000000
0.14201758336360515,0.02059306845273759,0.28800000000000020,0.01000000000000000,0.00000000000000000,0.02000000000000000
0.14297611255241852,0.02087806224365155,0.29000000000000020,0.01000000000000000,0.00000000000000000,0.02000000000000000
0.14393406983697232,0.02116497252167770,0.29200000000000020,0.01000000000000000,0.00000000000000000,0.02000000000000000
0.14489145138543869,0.02145379813917532,0.29400000000000021,0.01000000000000000,0.00000000000000000,0.02000000000000000
0.14584825336829269,0.02174453794084233,0.29600000000000021,0.01000000000000000,0.00000000000000000,0.02000000000000000
0.14680447195832769,0.02203719076371990,0.29800000000000021,0.01000000000000000,0.00000000000000000,0.02000000000000000
0.14776010333067058,0.02233175543719713,0.30000000000000021,0.01000000000000000,0.00000000000000000,0.02000000000000000
0.14871514366279717,0.02262823078301572,0.30200000000000021,0.01000000000000000,0.00000000000000000,0.02000000000000000
0.14966958913454739,0.02292661561527468,0.30400000000000021,0.01000000000000000,0.00000000000000000,0.02000000000000000
0.15062343592814065,0.02322690874043508,0.30600000000000022,0.01000000000000000,0.00000000000000000,0.02000000000000000
0.15157668022819101,0.02352910895732483,0.30800000000000022,0.01000000000000000,0.00000000000000000,0.02000000000000000
0.15252931822172258,0.02383321505714345,0.31000000000000022,0.01000000000000000,0.00000000000000000,0.02000000000000000
0.15348134609818462,0.02413922582346695,0.31200000000000022,0.01000000000000000,0.00000000000000000,0.02000000000000000
0.15443276004946691,0.02444714003225268,0.31400000000000022,0.01000000000000000,0.00000000000000000,0.02000000000000000
0.15538355626991490,0.02475695645184421,0.31600000000000023,0.01000000000000000,0.00000000000000000,0.02000000000000000
0.15633373095634501,0.02506867384297627,0.31800000000000023,0.01000000000000000,0.00000000000000000,0.02000000000000000
0.15728328030805974,0.02538229095877972,0.32000000000000023,0.01000000000000000,0.00000000000000000,0.02000000000000000
0.15823220052686293,0.02569780654478651,0.32200000000000023,0.01000000000000000,0.00000000000000000,0.02000000000000000
0.15918048781707500,0.02601521933893472,0.32400000000000023,0.01000000000000000,0.00000000000000000,0.02000000000000000
0.16012813838554804,0.02633452807157360,0.32600000000000023,0.01000000000000000,0.00000000000000000,0.02000000000000000
0.16107514844168105,0.02665573146546863,0.32800000000000024,0.01000000000000000,0.00000000000000000,0.02000000000000000
0.16202151419743505,0.02697882823580668,0.33000000000000024,0.01000000000000000,0.00000000000000000,0.02000000000000000
0.16296723186734829,0.02730381709020109,0.33200000000000024,0.01000000000000000,0.00000000000000000,0.02000000000000000
0.16391229766855137,0.02763069672869687,0.33400000000000024,0.01000000000000000,0.00000000000000000,0.02000000000000000
0.16485670782078229,0.02795946584377592,0.33600000000000024,0.01000000000000000,0.00000000000000000,0.02000000000000000
0.16580045854640177,0.02829012312036220,0.33800000000000024,0.01000000000000000,0.00000000000000000,0.02000000000000000
0.16674354607040812,0.02862266723582706,0.34000000000000025,0.01000000000000000,0.00000000000000000,0.02000000000000000
0.16768596662045251,0.02895709685999447,0.34200000000000025,0.01000000000000000,0.00000000000000000,0.02000000000000000
0.16862771642685401,0.02929341065514638,0.34400000000000025,0.01000000000000000,0.00000000000000000,0.02000000000000000
0.16956879172261463,0.02963160727602806,0.34600000000000025,0.01000000000000000,0.00000000000000000,0.02000000000000000
0.17050918874343446,0.02997168536985348,0.34800000000000025,0.01000000000000000,0.00000000000000000,0.02000000000000000
0.17144890372772664,0.03031364357631072,0.35000000000000026,0.01000000000000000,0.00000000000000000,0.02000000000000000
0.17238793291663251,0.03065748052756740,0.35200000000000026,0.01000000000000000,0.00000000000000000,0.02000000000000000
0.17332627255403657,0.03100319484827619,0.35400000000000026,0.01000000000000000,0.00000000000000000,0.02000000000000000
0.17426391888658152,0.03135078515558025,0.35600000000000026,0.01000000000000000,0.00000000000000000,0.02000000000000000
0.17520086816368327,0.03170025005911882,0.35800000000000026,0.01000000000000000,0.00000000000000000,0.02000000000000000
0.17613711663754597,0.03205158816103276,0.36000000000000026,0.01000000000000000,0.00000000000000000,0.02000000000000000
0.17707266056317697,0.03240479805597012,0.36200000000000027,0.01000000000000000,0.00000000000000000,0.02000000000000000
0.17800749619840181,0.03275987833109179,0.36400000000000027,0.01000000000000000,0.00000000000000000,0.02000000000000000
0.17894161980387921,0.03311682756607716,0.36600000000000027,0.01000000000000000,0.00000000000000000,0.02000000000000000
0.17987502764311597,0.03347564433312975,0.36800000000000027,0.01000000000000000,0.00000000000000000,0.02000000000000000
0.18080771598248199,0.03383632719698298,0.37000000000000027,0.01000000000000000,0.00000000000000000,0.02000000000000000
0.18173968109122515,0.03419887471490587,0.37200000000000027,0.01000000000000000,0.00000000000000000,0.02000000000000000
0.18267091924148629,0.03456328543670883,0.37400000000000028,0.01000000000000000,0.00000000000000000,0.02000000000000000
0.18360142670831400,0.03492955790474946,0.37600000000000028,0.01000000000000000,0.00000000000000000,0.02000000000000000
0.18453119976967969,0.03529769065393838,0.37800000000000028,0.01000000000000000,0.00000000000000000,0.02000000000000000
0.18546023470649234,0.03566768221174508,0.38000000000000028,0.01000000000000000,0.00000000000000000,0.02000000000000000
0.18638852780261345,0.03603953109820382,0.38200000000000028,0.01000000000000000,0.00000000000000000,0.02000000000000000
0.18731607534487185,0.03641323582591956,0.38400000000000029,0.01000000000000000,0.00000000000000000,0.02000000000000000
0.18824287362307865,0.03678879490007388,0.38600000000000029,0.01000000000000000,0.00000000000000000,0.02000000000000000
0.18916891893004195,0.03716620681843098,0.38800000000000029,0.01000000000000000,0.00000000000000000,0.02000000000000000
0.19009420756158174,0.03754547007134369,0.39000000000000029,0.01000000000000000,0.00000000000000000,0.02000000000000000
0.19101873581654474,0.03792658314175952,0.39200000000000029,0.01000000000000000,0.00000000000000000,0.02000000000000000
0.19194249999681917,0.03830954450522668,0.39400000000000029,0.01000000000000000,0.00000000000000000,0.02000000000000000
0.19286549640734954,0.03869435262990023,0.39600000000000030,0.01000000000000000,0.00000000000000000,0.02000000000000000
0.19378772135615144,0.03908100597654819,0.39800000000000030,0.01000000000000000,0.00000000000000000,0.02000000000000000
0.19470917115432629,0.03946950299855768,0.40000000000000030,0.01000000000000000,0.00000000000000000,0.02000000000000000
0.19562984211607615,0.03985984214194115,0.40200000000000030,0.01000000000000000,0.00000000000000000,0.02000000000000000
0.19654973055871838,0.04025202184534252,0.40400000000000030,0.01000000000000000,0.00000000000000000,0.02000000000000000
0.19746883280270044,0.04064604054004351,0.40600000000000031,0.01000000000000000,0.00000000000000000,0.02000000000000000
0.19838714517161457,0.04104189664996987,0.40800000000000031,0.01000000000000000,0.00000000000000000,0.02000000000000000
0.19930466399221253,0.04143958859169769,0.41000000000000031,0.01000000000000000,0.00000000000000000,0.02000000000000000
0.20022138559442026,0.04183911477445973,0.41200000000000031,0.01000000000000000,0.00000000000000000,0.02000000000000000
0.20113730631135260,0.04224047360015179,0.41400000000000031,0.01000000000000000,0.00000000000000000,0.02000000000000000
0.20205242247932786,0.04264366346333910,0.41600000000000031,0.01000000000000000,0.00000000000000000,0.02000000000000000
0.20296673043788260,0.04304868275126275,0.41800000000000032,0.01000000000000000,0.00000000000000000,0.02000000000000000
0.20388022652978621,0.04345552984384612,0.42000000000000032,0.01000000000000000,0.00000000000000000,0.02000000000000000
0.20479290710105555,0.04386420311370140,0.42200000000000032,0.01000000000000000,0.00000000000000000,0.02000000000000000
0.20570476850096953,0.04427470092613604,0.42400000000000032,0.01000000000000000,0.00000000000000000,0.02000000000000000
0.20661580708208380,0.04468702163915934,0.42600000000000032,0.01000000000000000,0.00000000000000000,0.02000000000000000
0.20752601920024522,0.04510116360348899,0.42800000000000032,0.01000000000000000,0.00000000000000000,0.02000000000000000
0.20843540121460652,0.04551712516255771,0.43000000000000033,0.01000000000000000,0.00000000000000000,0.02000000000000000
0.20934394948764090,0.04593490465251979,0.43200000000000033,0.01000000000000000,0.00000000000000000,0.02000000000000000
0.21025166038515644,0.04635450040225785,0.43400000000000033,0.01000000000000000,0.00000000000000000,0.02000000000000000
0.21115853027631079,0.04677591073338944,0.43600000000000033,0.01000000000000000,0.00000000000000000,0.02000000000000000
0.21206455553362558,0.04719913396027379,0.43800000000000033,0.01000000000000000,0.00000000000000000,0.02000000000000000
0.21296973253300097,0.04762416839001857,0.44000000000000034,0.01000000000000000,0.00000000000000000,0.02000000000000000
0.21387405765373019,0.04805101232248662,0.44200000000000034,0.01000000000000000,0.00000000000000000,0.02000000000000000
0.21477752727851396,0.04847966405030278,0.44400000000000034,0.01000000000000000,0.00000000000000000,0.02000000000000000
0.21568013779347500,0.04891012185886072,0.44600000000000034,0.01000000000000000,0.00000000000000000,0.02000000000000000
0.21658188558817243,0.04934238402632977,0.44800000000000034,0.01000000000000000,0.00000000000000000,0.02000000000000000
0.21748276705561628,0.04977644882366183,0.45000000000000034,0.01000000000000000,0.00000000000000000,0.02000000000000000
0.21838277859228189,0.05021231451459831,0.45200000000000035,0.01000000000000000,0.00000000000000000,0.02000000000000000
0.21928191659812432,0.05064997935567701,0.45400000000000035,0.01000000000000000,0.00000000000000000,0.02000000000000000
0.22018017747659271,0.05108944159623915,0.45600000000000035,0.01000000000000000,0.00000000000000000,0.02000000000000000
0.22107755763464479,0.05153069947843636,0.45800000000000035,0.01000000000000000,0.00000000000000000,0.02000000000000000
0.22197405348276109,0.05197375123723769,0.46000000000000035,0.01000000000000000,0.00000000000000000,0.02000000000000000
0.22286966143495943,0.05241859510043671,0.46200000000000035,0.01000000000000000,0.00000000000000000,0.02000000000000000
0.22376437790880918,0.05286522928865856,0.46400000000000036,0.01000000000000000,0.00000000000000000,0.02000000000000000
0.22465819932544565,0.05331365201536706,0.46600000000000036,0.01000000000000000,0.00000000000000000,0.02000000000000000
0.22555112210958436,0.05376386148687193,0.46800000000000036,0.01000000000000000,0.00000000000000000,0.02000000000000000
0.22644314268953536,0.05421585590233587,0.47000000000000036,0.01000000000000000,0.00000000000000000,0.02000000000000000
0.22733425749721753,0.05466963345378181,0.47200000000000036,0.01000000000000000,0.00000000000000000,0.02000000000000000
0.22822446296817284,0.05512519232610017,0.47400000000000037,0.01000000000000000,0.00000000000000000,0.02000000000000000
0.22911375554158056,0.05558253069705606,0.47600000000000037,0.01000000000000000,0.00000000000000000,0.02000000000000000
0.23000213166027161,0.05604164673729660,0.47800000000000037,0.01000000000000000,0.00000000000000000,0.02000000000000000
0.23088958777074270,0.05650253861035825,0.48000000000000037,0.01000000000000000,0.00000000000000000,0.02000000000000000
0.23177612032317055,0.05696520447267413,0.48200000000000037,0.01000000000000000,0.00000000000000000,0.02000000000000000
0.23266172577142613,0.05742964247358140,0.48400000000000037,0.01000000000000000,0.00000000000000000,0.02000000000000000
0.23354640057308884,0.05789585075532869,0.48600000000000038,0.01000000000000000,0.00000000000000000,0.02000000000000000
0.23443014118946065,0.05836382745308348,0.48800000000000038,0.01000000000000000,0.00000000000000000,0.02000000000000000
0.23531294408558029,0.05883357069493961,0.49000000000000038,0.01000000000000000,0.00000000000000000,0.02000000000000000
0.23619480573023732,0.05930507860192474,0.49200000000000038,0.01000000000000000,0.00000000000000000,0.02000000000000000
0.23707572259598636,0.05977834928800788,0.49400000000000038,0.01000000000000000,0.00000000000000000,0.02000000000000000
0.23795569115916113,0.06025338086010689,0.49600000000000039,0.01000000000000000,0.00000000000000000,0.02000000000000000
0.23883470789988853,0.06073017141809614,0.49800000000000039,0.01000000000000000,0.00000000000000000,0.02000000000000000
0.23971276930210278,0.06120871905481402,0.50000000000000033,0.01000000000000000,0.00000000000000000,0.02000000000000000
0.24058987185355943,0.06168902185607063,0.50200000000000033,0.01000000000000000,0.00000000000000000,0.02000000000000000
0.24146601204584947,0.06217107790065540,0.50400000000000034,0.01000000000000000,0.00000000000000000,0.02000000000000000
0.24234118637441326,0.06265488526034479,0.50600000000000034,0.01000000000000000,0.00000000000000000,0.02000000000000000
0.24321539133855469,0.06314044199991002,0.50800000000000034,0.01000000000000000,0.00000000000000000,0.02000000000000000
0.24408862344145504,0.06362774617712477,0.51000000000000034,0.01000000000000000,0.00000000000000000,0.02000000000000000
0.24496087919018708,0.06411679584277298,0.51200000000000034,0.01000000000000000,0.00000000000000000,0.02000000000000000
0.24583215509572898,0.06460758904065664,0.51400000000000035,0.01000000000000000,0.00000000000000000,0.02000000000000000
0.24670244767297828,0.06510012380760362,0.51600000000000035,0.01000000000000000,0.00000000000000000,0.02000000000000000
0.24757175344076582,0.06559439817347550,0.51800000000000035,0.01000000000000000,0.00000000000000000,0.02000000000000000
0.24844006892186968,0.06609041016117548,0.52000000000000035,0.01000000000000000,0.00000000000000000,0.02000000000000000
0.24930739064302912,0.06658815778665626,0.52200000000000035,0.01000000000000000,0.00000000000000000,0.02000000000000000
0.25017371513495840,0.06708763905892802,0.52400000000000035,0.01000000000000000,0.00000000000000000,0.02000000000000000
0.25103903893236068,0.06758885198006633,0.52600000000000036,0.01000000000000000,0.00000000000000000,0.02000000000000000
0.25190335857394197,0.06809179454522016,0.52800000000000036,0.01000000000000000,0.00000000000000000,0.02000000000000000
0.25276667060242486,0.06859646474261993,0.53000000000000036,0.01000000000000000,0.00000000000000000,0.02000000000000000
0.25362897156456232,0.06910286055358554,0.53200000000000036,0.01000000000000000,0.00000000000000000,0.02000000000000000
0.25449025801115172,0.06961097995253440,0.53400000000000036,0.01000000000000000,0.00000000000000000,0.02000000000000000
0.25535052649704837,0.07012082090698959,0.53600000000000037,0.01000000000000000,0.00000000000000000,0.02000000000000000
0.25620977358117952,0.07063238137758800,0.53800000000000037,0.01000000000000000,0.00000000000000000,0.02000000000000000
0.25706799582655793,0.07114565931808839,0.54000000000000037,0.01000000000000000,0.00000000000000000,0.02000000000000000
0.25792518980029583,0.07166065267537970,0.54200000000000037,0.01000000000000000,0.00000000000000000,0.02000000000000000
0.25878135207361841,0.07217735938948920,0.54400000000000037,0.01000000000000000,0.00000000000000000,0.02000000000000000
0.25963647922187771,0.07269577739359070,0.54600000000000037,0.01000000000000000,0.00000000000000000,0.02000000000000000
0.26049056782456631,0.07321590461401289,0.54800000000000038,0.01000000000000000,0.00000000000000000,0.02000000000000000
0.26134361446533094,0.07373773897024759,0.55000000000000038,0.01000000000000000,0.00000000000000000,0.02000000000000000
0.26219561573198619,0.07426127837495805,0.55200000000000038,0.01000000000000000,0.00000000000000000,0.02000000000000000
0.26304656821652811,0.07478652073398737,0.55400000000000038,0.01000000000000000,0.00000000000000000,0.02000000000000000
0.26389646851514786,0.07531346394636679,0.55600000000000038,0.01000000000000000,0.00000000000000000,0.02000000000000000
0.26474531322824546,0.07584210590432418,0.55800000000000038,0.01000000000000000,0.00000000000000000,0.02000000000000000
0.26559309896044309,0.07637244449329240,0.56000000000000039,0.01000000000000000,0.00000000000000000,0.02000000000000000
0.26643982232059904,0.07690447759191782,0.56200000000000039,0.01000000000000000,0.00000000000000000,0.02000000000000000
0.26728547992182095,0.07743820307206875,0.56400000000000039,0.01000000000000000,0.00000000000000000,0.02000000000000000
0.26813006838147957,0.07797361879884397,0.56600000000000039,0.01000000000000000,0.00000000000000000,0.02000000000000000
0.26897358432122215,0.07851072263058130,0.56800000000000039,0.01000000000000000,0.00000000000000000,0.02000000000000000
0.26981602436698610,0.07904951241886611,0.57000000000000040,0.01000000000000000,0.00000000000000000,0.02000000000000000
0.27065738514901233,0.07958998600853999,0.57200000000000040,0.01000000000000000,0.00000000000000000,0.02000000000000000
0.27149766330185882,0.08013214123770929,0.57400000000000040,0.01000000000000000,0.00000000000000000,0.02000000000000000
0.27233685546441411,0.08067597593775380,0.57600000000000040,0.01000000000000000,0.00000000000000000,0.02000000000000000
0.27317495827991067,0.08122148793333547,0.57800000000000040,0.01000000000000000,0.00000000000000000,0.02000000000000000
0.27401196839593833,0.08176867504240704,0.58000000000000040,0.01000000000000000,0.00000000000000000,0.02000000000000000
0.27484788246445774,0.08231753507622079,0.58200000000000041,0.01000000000000000,0.00000000000000000,0.02000000000000000
0.27568269714181376,0.08286806583933733,0.58400000000000041,0.01000000000000000,0.00000000000000000,0.02000000000000000
0.27651640908874880,0.08342026512963434,0.58600000000000041,0.01000000000000000,0.00000000000000000,0.02000000000000000
0.27734901497041620,0.08397413073831539,0.58800000000000041,0.01000000000000000,0.00000000000000000,0.02000000000000000
0.27818051145639350,0.08452966044991878,0.59000000000000041,0.01000000000000000,0.00000000000000000,0.02000000000000000
0.27901089522069589,0.08508685204232641,0.59200000000000041,0.01000000000000000,0.00000000000000000,0.02000000000000000
0.27984016294178937,0.08564570328677265,0.59400000000000042,0.01000000000000000,0.00000000000000000,0.02000000000000000
0.28066831130260422,0.08620621194785327,0.59600000000000042,0.01000000000000000,0.00000000000000000,0.02000000000000000
0.28149533699054807,0.08676837578353438,0.59800000000000042,0.01000000000000000,0.00000000000000000,0.02000000000000000
0.28232123669751930,0.08733219254516139,0.60000000000000042,0.01000000000000000,0.00000000000000000,0.02000000000000000
0.28314600711992016,0.08789765997746798,0.60200000000000042,0.01000000000000000,0.00000000000000000,0.02000000000000000
0.28396964495867005,0.08846477581858520,0.60400000000000043,0.01000000000000000,0.00000000000000000,0.02000000000000000
0.28479214691921878,0.08903353780005042,0.60600000000000043,0.01000000000000000,0.00000000000000000,0.02000000000000000
0.28561350971155952,0.08960394364681649,0.60800000000000043,0.01000000000000000,0.00000000000000000,0.02000000000000000
0.28643373005024225,0.09017599107726079,0.61000000000000043,0.01000000000000000,0.00000000000000000,0.02000000000000000
0.28725280465438668,0.09074967780319435,0.61200000000000043,0.01000000000000000,0.00000000000000000,0.02000000000000000
0.28807073024769553,0.09132500152987101,0.61400000000000043,0.01000000000000000,0.00000000000000000,0.02000000000000000
0.28888750355846743,0.09190195995599666,0.61600000000000044,0.01000000000000000,0.00000000000000000,0.02000000000000000
0.28970312131961029,0.09248055077373836,0.61800000000000044,0.01000000000000000,0.00000000000000000,0.02000000000000000
0.29051758026865415,0.09306077166873360,0.62000000000000044,0.01000000000000000,0.00000000000000000,0.02000000000000000
0.29133087714776429,0.09364262032009958,0.62200000000000044,0.01000000000000000,0.00000000000000000,0.02000000000000000
0.29214300870375431,0.09422609440044247,0.62400000000000044,0.01000000000000000,0.00000000000000000,0.02000000000000000
0.29295397168809900,0.09481119157586673,0.62600000000000044,0.01000000000000000,0.00000000000000000,0.02000000000000000
0.29376376285694755,0.09539790950598444,0.62800000000000045,0.01000000000000000,0.00000000000000000,0.02000000000000000
0.29457237897113636,0.09598624584392465,0.63000000000000045,0.01000000000000000,0.00000000000000000,0.02000000000000000
0.29537981679620207,0.09657619823634279,0.63200000000000045,0.01000000000000000,0.00000000000000000,0.02000000000000000
0.29618607310239442,0.09716776432343011,0.63400000000000045,0.01000000000000000,0.00000000000000000,0.02000000000000000
0.29699114466468929,0.09776094173892301,0.63600000000000045,0.01000000000000000,0.00000000000000000,0.02000000000000000
0.29779502826280146,0.09835572811011264,0.63800000000000046,0.01000000000000000,0.00000000000000000,0.02000000000000000
0.29859772068119766,0.09895212105785431,0.64000000000000046,0.01000000000000000,0.00000000000000000,0.02000000000000000
0.29939921870910924,0.09955011819657701,0.64200000000000046,0.01000000000000000,0.00000000000000000,0.02000000000000000
0.30019951914054521,0.10014971713429299,0.64400000000000046,0.01000000000000000,0.00000000000000000,0.02000000000000000
0.30099861877430489,0.10075091547260730,0.64600000000000046,0.01000000000000000,0.00000000000000000,0.02000000000000000
0.30179651441399080,0.10135371080672738,0.64800000000000046,0.01000000000000000,0.00000000000000000,0.02000000000000000
0.30259320286802144,0.10195810072547271,0.65000000000000047,0.01000000000000000,0.00000000000000000,0.02000000000000000
0.30338868094964405,0.10256408281128442,0.65200000000000047,0.01000000000000000,0.00000000000000000,0.02000000000000000
0.30418294547694741,0.10317165464023496,0.65400000000000047,0.01000000000000000,0.00000000000000000,0.02000000000000000
0.30497599327287445,0.10378081378203785,0.65600000000000047,0.01000000000000000,0.00000000000000000,0.02000000000000000
0.30576782116523499,0.10439155780005731,0.65800000000000047,0.01000000000000000,0.00000000000000000,0.02000000000000000
0.30655842598671856,0.10500388425131810,0.66000000000000048,0.01000000000000000,0.00000000000000000,0.02000000000000000
0.30734780457490696,0.10561779068651521,0.66200000000000048,0.01000000000000000,0.00000000000000000,0.02000000000000000
0.30813595377228686,0.10623327465002373,0.66400000000000048,0.01000000000000000,0.00000000000000000,0.02000000000000000
0.30892287042626249,0.10685033367990864,0.66600000000000048,0.01000000000000000,0.00000000000000000,0.02000000000000000
0.30970855138916831,0.10746896530793462,0.66800000000000048,0.01000000000000000,0.00000000000000000,0.02000000000000000
0.31049299351828152,0.10808916705957600,0.67000000000000048,0.01000000000000000,0.00000000000000000,0.02000000000000000
0.31127619367583464,0.10871093645402659,0.67200000000000049,0.01000000000000000,0.00000000000000000,0.02000000000000000
0.31205814872902810,0.10933427100420964,0.67400000000000049,0.01000000000000000,0.00000000000000000,0.02000000000000000
0.31283885555004270,0.10995916821678781,0.67600000000000049,0.01000000000000000,0.00000000000000000,0.02000000000000000
0.31361831101605225,0.11058562559217304,0.67800000000000049,0.01000000000000000,0.00000000000000000,0.02000000000000000
0.31439651200923591,0.11121364062453669,0.68000000000000049,0.01000000000000000,0.00000000000000000,0.02000000000000000
0.31517345541679070,0.11184321080181946,0.68200000000000049,0.01000000000000000,0.00000000000000000,0.02000000000000000
0.31594913813094405,0.11247433360574148,0.68400000000000050,0.01000000000000000,0.00000000000000000,0.02000000000000000
0.31672355704896615,0.11310700651181238,0.68600000000000050,0.01000000000000000,0.00000000000000000,0.02000000000000000
0.31749670907318234,0.11374122698934137,0.68800000000000050,0.01000000000000000,0.00000000000000000,0.02000000000000000
0.31826859111098560,0.11437699250144739,0.69000000000000050,0.01000000000000000,0.00000000000000000,0.02000000000000000
0.31903920007484876,0.11501430050506925,0.69200000000000050,0.01000000000000000,0.00000000000000000,0.02000000000000000
0.31980853288233702,0.11565314845097577,0.69400000000000051,0.01000000000000000,0.00000000000000000,0.02000000000000000
0.32057658645612014,0.11629353378377602,0.69600000000000051,0.01000000000000000,0.00000000000000000,0.02000000000000000
0.32134335772398487,0.11693545394192953,0.69800000000000051,0.01000000000000000,0.00000000000000000,0.02000000000000000
0.32210884361884717,0.11757890635775652,0.70000000000000051,0.01000000000000000,0.00000000000000000,0.02000000000000000
0.32287304107876447,0.11822388845744818,0.70200000000000051,0.01000000000000000,0.00000000000000000,0.02000000000000000
0.32363594704694798,0.11887039766107697,0.70400000000000051,0.01000000000000000,0.00000000000000000,0.02000000000000000
0.32439755847177482,0.11951843138260695,0.70600000000000052,0.01000000000000000,0.00000000000000000,0.02000000000000000
0.32515787230680027,0.12016798702990410,0.70800000000000052,0.01000000000000000,0.00000000000000000,0.02000000000000000
0.32591688551077003,0.12081906200474668,0.71000000000000052,0.01000000000000000,0.00000000000000000,0.02000000000000000
0.32667459504763230,0.12147165370283566,0.71200000000000052,0.01000000000000000,0.00000000000000000,0.02000000000000000
0.32743099788654995,0.12212575951380514,0.71400000000000052,0.01000000000000000,0.00000000000000000,0.02000000000000000
0.32818609100191265,0.12278137682123272,0.71600000000000052,0.01000000000000000,0.00000000000000000,0.02000000000000000
0.32893987137334890,0.12343850300265005,0.71800000000000053,0.01000000000000000,0.00000000000000000,0.02000000000000000
0.32969233598573827,0.12409713542955329,0.72000000000000053,0.01000000000000000,0.00000000000000000,0.02000000000000000
0.33044348182922328,0.12475727146741361,0.72200000000000053,0.01000000000000000,0.00000000000000000,0.02000000000000000
0.33119330589922158,0.12541890847568773,0.72400000000000053,0.01000000000000000,0.00000000000000000,0.02000000000000000
0.33194180519643784,0.12608204380782853,0.72600000000000053,0.01000000000000000,0.00000000000000000,0.02000000000000000
0.33268897672687592,0.12674667481129553,0.72800000000000054,0.01000000000000000,0.00000000000000000,0.02000000000000000
0.33343481750185067,0.12741279882756562,0.73000000000000054,0.01000000000000000,0.00000000000000000,0.02000000000000000
0.33417932453799998,0.12808041319214361,0.73200000000000054,0.01000000000000000,0.00000000000000000,0.02000000000000000
0.33492249485729675,0.12874951523457293,0.73400000000000054,0.01000000000000000,0.00000000000000000,0.02000000000000000
0.33566432548706066,0.12942010227844630,0.73600000000000054,0.01000000000000000,0.00000000000000000,0.02000000000000000
0.33640481345997014,0.13009217164141648,0.73800000000000054,0.01000000000000000,0.00000000000000000,0.02000000000000000
0.33714395581407430,0.13076572063520686,0.74000000000000055,0.01000000000000000,0.00000000000000000,0.02000000000000000
0.33788174959280476,0.13144074656562241,0.74200000000000055,0.01000000000000000,0.00000000000000000,0.02000000000000000
0.33861819184498737,0.13211724673256028,0.74400000000000055,0.01000000000000000,0.00000000000000000,0.02000000000000000
0.33935327962485407,0.13279521843002071,0.74600000000000055,0.01000000000000000,0.00000000000000000,0.02000000000000000
0.34008700999205471,0.13347465894611779,0.74800000000000055,0.01000000000000000,0.00000000000000000,0.02000000000000000
0.34081938001166884,0.13415556556309041,0.75000000000000056,0.01000000000000000,0.00000000000000000,0.02000000000000000
0.34155038675421739,0.13483793555731297,0.75200000000000056,0.01000000000000000,0.00000000000000000,0.02000000000000000
0.34228002729567431,0.13552176619930642,0.75400000000000056,0.01000000000000000,0.00000000000000000,0.02000000000000000
0.34300829871747840,0.13620705475374911,0.75600000000000056,0.01000000000000000,0.00000000000000000,0.02000000000000000
0.34373519810654496,0.13689379847948774,0.75800000000000056,0.01000000000000000,0.00000000000000000,0.02000000000000000
0.34446072255527743,0.13758199462954829,0.76000000000000056,0.01000000000000000,0.00000000000000000,0.02000000000000000
0.34518486916157898,0.13827164045114709,0.76200000000000057,0.01000000000000000,0.00000000000000000,0.02000000000000000
0.34590763502886412,0.13896273318570179,0.76400000000000057,0.01000000000000000,0.00000000000000000,0.02000000000000000
0.34662901726607037,0.13965527006884237,0.76600000000000057,0.01000000000000000,0.00000000000000000,0.02000000000000000
0.34734901298766968,0.14034924833042223,0.76800000000000057,0.01000000000000000,0.00000000000000000,0.02000000000000000
0.34806761931368019,0.14104466519452921,0.77000000000000057,0.01000000000000000,0.00000000000000000,0.02000000000000000
0.34878483336967753,0.14174151787949682,0.77200000000000057,0.01000000000000000,0.00000000000000000,0.02000000000000000
0.34950065228680643,0.14243980359791522,0.77400000000000058,0.01000000000000000,0.00000000000000000,0.02000000000000000
0.35021507320179218,0.14313951955664250,0.77600000000000058,0.01000000000000000,0.00000000000000000,0.02000000000000000
0.35092809325695212,0.14384066295681572,0.77800000000000058,0.01000000000000000,0.00000000000000000,0.02000000000000000
0.35163970960020691,0.14454323099386224,0.78000000000000058,0.01000000000000000,0.00000000000000000,0.02000000000000000
0.35234991938509214,0.14524722085751085,0.78200000000000058,0.01000000000000000,0.00000000000000000,0.02000000000000000
0.35305871977076964,0.14595262973180301,0.78400000000000059,0.01000000000000000,0.00000000000000000,0.02000000000000000
0.35376610792203877,0.14665945479510420,0.78600000000000059,0.01000000000000000,0.00000000000000000,0.02000000000000000
0.35447208100934796,0.14736769322011509,0.78800000000000059,0.01000000000000000,0.00000000000000000,0.02000000000000000
0.35517663620880574,0.14807734217388291,0.79000000000000059,0.01000000000000000,0.00000000000000000,0.02000000000000000
0.35587977070219223,0.14878839881781281,0.79200000000000059,0.01000000000000000,0.00000000000000000,0.02000000000000000
0.35658148167697040,0.14950086030767915,0.79400000000000059,0.01000000000000000,0.00000000000000000,0.02000000000000000
0.35728176632629732,0.15021472379363693,0.79600000000000060,0.01000000000000000,0.00000000000000000,0.02000000000000000
0.35798062184903534,0.15092998642023314,0.79800000000000060,0.01000000000000000,0.00000000000000000,0.02000000000000000
0.35867804544976323,0.15164664532641825,0.80000000000000060,0.01000000000000000,0.00000000000000000,0.02000000000000000
0.35937403433878756,0.15236469764555760,0.80200000000000060,0.01000000000000000,0.00000000000000000,0.02000000000000000
0.36006858573215372,0.15308414050544283,0.80400000000000060,0.01000000000000000,0.00000000000000000,0.02000000000000000
0.36076169685165704,0.15380497102830351,0.80600000000000060,0.01000000000000000,0.00000000000000000,0.02000000000000000
0.36145336492485397,0.15452718633081847,0.80800000000000061,0.01000000000000000,0.00000000000000000,0.02000000000000000
0.36214358718507311,0.15525078352412747,0.81000000000000061,0.01000000000000000,0.00000000000000000,0.02000000000000000
0.36283236087142640,0.15597575971384273,0.81200000000000061,0.01000000000000000,0.00000000000000000,0.02000000000000000
0.36351968322881995,0.15670211200006043,0.81400000000000061,0.01000000000000000,0.00000000000000000,0.02000000000000000
0.36420555150796530,0.15742983747737238,0.81600000000000061,0.01000000000000000,0.00000000000000000,0.02000000000000000
0.36488996296539022,0.15815893323487767,0.81800000000000062,0.01000000000000000,0.00000000000000000,0.02000000000000000
0.36557291486344978,0.15888939635619423,0.82000000000000062,0.01000000000000000,0.00000000000000000,0.02000000000000000
0.36625440447033736,0.15962122391947056,0.82200000000000062,0.01000000000000000,0.00000000000000000,0.02000000000000000
0.36693442906009538,0.16035441299739736,0.82400000000000062,0.01000000000000000,0.00000000000000000,0.02000000000000000
0.36761298591262642,0.16108896065721931,0.82600000000000062,0.01000000000000000,0.00000000000000000,0.02000000000000000
0.36829007231370392,0.16182486396074675,0.82800000000000062,0.01000000000000000,0.00000000000000000,0.02000000000000000
0.36896568555498321,0.16256211996436745,0.83000000000000063,0.01000000000000000,0.00000000000000000,0.02000000000000000
0.36963982293401226,0.16330072571905838,0.83200000000000063,0.01000000000000000,0.00000000000000000,0.02000000000000000
0.37031248175424242,0.16404067827039751,0.83400000000000063,0.01000000000000000,0.00000000000000000,0.02000000000000000
0.37098365932503929,0.16478197465857561,0.83600000000000063,0.01000000000000000,0.00000000000000000,0.02000000000000000
0.37165335296169355,0.16552461191840812,0.83800000000000063,0.01000000000000000,0.00000000000000000,0.02000000000000000
0.37232155998543148,0.16626858707934697,0.84000000000000064,0.01000000000000000,0.00000000000000000,0.02000000000000000
0.37298827772342591,0.16701389716549253,0.84200000000000064,0.01000000000000000,0.00000000000000000,0.02000000000000000
0.37365350350880677,0.16776053919560546,0.84400000000000064,0.01000000000000000,0.00000000000000000,0.02000000000000000
0.37431723468067180,0.16850851018311863,0.84600000000000064,0.01000000000000000,0.00000000000000000,0.02000000000000000
0.37497946858409720,0.16925780713614907,0.84800000000000064,0.01000000000000000,0.00000000000000000,0.02000000000000000
0.37564020257014824,0.17000842705750999,0.85000000000000064,0.01000000000000000,0.00000000000000000,0.02000000000000000
0.37629943399588983,0.17076036694472266,0.85200000000000065,0.01000000000000000,0.00000000000000000,0.02000000000000000
0.37695716022439718,0.17151362379002857,0.85400000000000065,0.01000000000000000,0.00000000000000000,0.02000000000000000
0.37761337862476624,0.17226819458040135,0.85600000000000065,0.01000000000000000,0.00000000000000000,0.02000000000000000
0.37826808657212430,0.17302407629755884,0.85800000000000065,0.01000000000000000,0.00000000000000000,0.02000000000000000
0.37892128144764042,0.17378126591797516,0.86000000000000065,0.01000000000000000,0.00000000000000000,0.02000000000000000
0.37957296063853596,0.17453976041289285,0.86200000000000065,0.01000000000000000,0.00000000000000000,0.02000000000000000
0.38022312153809507,0.17529955674833494,0.86400000000000066,0.01000000000000000,0.00000000000000000,0.02000000000000000
0.38087176154567498,0.17606065188511710,0.86600000000000066,0.01000000000000000,0.00000000000000000,0.02000000000000000
0.38151887806671653,0.17682304277885982,0.86800000000000066,0.01000000000000000,0.00000000000000000,0.02000000000000000
0.38216446851275448,0.17758672638000050,0.87000000000000066,0.01000000000000000,0.00000000000000000,0.02000000000000000
0.38280853030142797,0.17835169963380579,0.87200000000000066,0.01000000000000000,0.00000000000000000,0.02000000000000000
0.38345106085649067,0.17911795948038367,0.87400000000000067,0.01000000000000000,0.00000000000000000,0.02000000000000000
0.38409205760782117,0.17988550285469579,0.87600000000000067,0.01000000000000000,0.00000000000000000,0.02000000000000000
0.38473151799143340,0.18065432668656967,0.87800000000000067,0.01000000000000000,0.00000000000000000,0.02000000000000000
0.38536943944948665,0.18142442790071101,0.88000000000000067,0.01000000000000000,0.00000000000000000,0.02000000000000000
0.38600581943029588,0.18219580341671598,0.88200000000000067,0.01000000000000000,0.00000000000000000,0.02000000000000000
0.38664065538834208,0.18296845014908356,0.88400000000000067,0.01000000000000000,0.00000000000000000,0.02000000000000000
0.38727394478428223,0.18374236500722782,0.88600000000000068,0.01000000000000000,0.00000000000000000,0.02000000000000000
0.38790568508495965,0.18451754489549038,0.88800000000000068,0.01000000000000000,0.00000000000000000,0.02000000000000000
0.38853587376341392,0.18529398671315273,0.89000000000000068,0.01000000000000000,0.00000000000000000,0.02000000000000000
0.38916450829889121,0.18607168735444859,0.89200000000000068,0.01000000000000000,0.00000000000000000,0.02000000000000000
0.38979158617685417,0.18685064370857649,0.89400000000000068,0.01000000000000000,0.00000000000000000,0.02000000000000000
0.39041710488899212,0.18763085265971199,0.89600000000000068,0.01000000000000000,0.00000000000000000,0.02000000000000000
0.39104106193323107,0.18841231108702039,0.89800000000000069,0.01000000000000000,0.00000000000000000,0.02000000000000000
0.39166345481374371,0.18919501586466897,0.90000000000000069,0.01000000000000000,0.00000000000000000,0.02000000000000000
0.39228428104095930,0.18997896386183968,0.90200000000000069,0.01000000000000000,0.00000000000000000,0.02000000000000000
0.39290353813157375,0.19076415194274160,0.90400000000000069,0.01000000000000000,0.00000000000000000,0.02000000000000000
0.39352122360855957,0.19155057696662342,0.90600000000000069,0.01000000000000000,0.00000000000000000,0.02000000000000000
0.39413733500117565,0.19233823578778611,0.90800000000000070,0.01000000000000000,0.00000000000000000,0.02000000000000000
0.39475186984497723,0.19312712525559544,0.91000000000000070,0.01000000000000000,0.00000000000000000,0.02000000000000000
0.39536482568182579,0.19391724221449458,0.91200000000000070,0.01000000000000000,0.00000000000000000,0.02000000000000000
0.39597620005989875,0.19470858350401676,0.91400000000000070,0.01000000000000000,0.00000000000000000,0.02000000000000000
0.39658599053369947,0.19550114595879786,0.91600000000000070,0.01000000000000000,0.00000000000000000,0.02000000000000000
0.39719419466406680,0.19629492640858914,0.91800000000000070,0.01000000000000000,0.00000000000000000,0.02000000000000000
0.39780081001818507,0.19708992167826983,0.92000000000000071,0.01000000000000000,0.00000000000000000,0.02000000000000000
0.39840583416959369,0.19788612858785992,0.92200000000000071,0.01000000000000000,0.00000000000000000,0.02000000000000000
0.39900926469819681,0.19868354395253285,0.92400000000000071,0.01000000000000000,0.00000000000000000,0.02000000000000000
0.39961109919027316,0.19948216458262821,0.92600000000000071,0.01000000000000000,0.00000000000000000,0.02000000000000000
0.40021133523848557,0.20028198728366456,0.92800000000000071,0.01000000000000000,0.00000000000000000,0.02000000000000000
0.40080997044189065,0.20108300885635214,0.93000000000000071,0.01000000000000000,0.00000000000000000,0.02000000000000000
0.40140700240594834,0.20188522609660575,0.93200000000000072,0.01000000000000000,0.00000000000000000,0.02000000000000000
0.40200242874253167,0.20268863579555749,0.93400000000000072,0.01000000000000000,0.00000000000000000,0.02000000000000000
0.40259624706993602,0.20349323473956962,0.93600000000000072,0.01000000000000000,0.00000000000000000,0.02000000000000000
0.40318845501288886,0.20429901971024747,0.93800000000000072,0.01000000000000000,0.00000000000000000,0.02000000000000000
0.40377905020255922,0.20510598748445219,0.94000000000000072,0.01000000000000000,0.00000000000000000,0.02000000000000000
0.40436803027656715,0.20591413483431378,0.94200000000000073,0.01000000000000000,0.00000000000000000,0.02000000000000000
0.40495539287899313,0.20672345852724391,0.94400000000000073,0.01000000000000000,0.00000000000000000,0.02000000000000000
0.40554113566038752,0.20753395532594893,0.94600000000000073,0.01000000000000000,0.00000000000000000,0.02000000000000000
0.40612525627778001,0.20834562198844267,0.94800000000000073,0.01000000000000000,0.00000000000000000,0.02000000000000000
0.40670775239468893,0.20915845526805960,0.95000000000000073,0.01000000000000000,0.00000000000000000,0.02000000000000000
0.40728862168113050,0.20997245191346764,0.95200000000000073,0.01000000000000000,0.00000000000000000,0.02000000000000000
0.40786786181362844,0.21078760866868135,0.95400000000000074,0.01000000000000000,0.00000000000000000,0.02000000000000000
0.40844547047522295,0.21160392227307476,0.95600000000000074,0.01000000000000000,0.00000000000000000,0.02000000000000000
0.40902144535548013,0.21242138946139455,0.95800000000000074,0.01000000000000000,0.00000000000000000,0.02000000000000000
0.40959578415050124,0.21324000696377304,0.96000000000000074,0.01000000000000000,0.00000000000000000,0.02000000000000000
0.41016848456293187,0.21405977150574135,0.96200000000000074,0.01000000000000000,0.00000000000000000,0.02000000000000000
0.41073954430197113,0.21488067980824238,0.96400000000000075,0.01000000000000000,0.00000000000000000,0.02000000000000000
0.41130896108338083,0.21570272858764400,0.96600000000000075,0.01000000000000000,0.00000000000000000,0.02000000000000000
0.41187673262949465,0.21652591455575221,0.96800000000000075,0.01000000000000000,0.00000000000000000,0.02000000000000000
0.41244285666922709,0.21735023441982423,0.97000000000000075,0.01000000000000000,0.00000000000000000,0.02000000000000000
0.41300733093808278,0.21817568488258171,0.97200000000000075,0.01000000000000000,0.00000000000000000,0.02000000000000000
0.41357015317816542,0.21900226264222389,0.97400000000000075,0.01000000000000000,0.00000000000000000,0.02000000000000000
0.41413132113818674,0.21982996439244085,0.97600000000000076,0.01000000000000000,0.00000000000000000,0.02000000000000000
0.41469083257347572,0.22065878682242668,0.97800000000000076,0.01000000000000000,0.00000000000000000,0.02000000000000000
0.41524868524598729,0.22148872661689276,0.98000000000000076,0.01000000000000000,0.00000000000000000,0.02000000000000000
0.41580487692431156,0.22231978045608103,0.98200000000000076,0.01000000000000000,0.00000000000000000,0.02000000000000000
0.41635940538368255,0.22315194501577723,0.98400000000000076,0.01000000000000000,0.00000000000000000,0.02000000000000000
0.41691226840598716,0.22398521696732424,0.98600000000000076,0.01000000000000000,0.00000000000000000,0.02000000000000000
0.41746346377977400,0.22481959297763535,0.98800000000000077,0.01000000000000000,0.00000000000000000,0.02000000000000000
0.41801298930026237,0.22565506970920765,0.99000000000000077,0.01000000000000000,0.00000000000000000,0.02000000000000000
0.41856084276935085,0.22649164382013531,0.99200000000000077,0.01000000000000000,0.00000000000000000,0.02000000000000000
0.41910702199562633,0.22732931196412304,0.99400000000000077,0.01000000000000000,0.00000000000000000,0.02000000000000000
0.41965152479437268,0.22816807079049933,0.99600000000000077,0.01000000000000000,0.00000000000000000,0.02000000000000000
0.42019434898757935,0.22900791694423003,0.99800000000000078,0.01000000000000000,0.00000000000000000,0.02000000000000000
0.42073549240395036,0.22984884706593162,1.00000000000000067,0.01000000000000000,0.00000000000000000,0.02000000000000000
0.42127495287891270,0.23069085779188475,1.00200000000000067,0.01000000000000000,0.00000000000000000,0.02000000000000000
0.42181272825462524,0.23153394575404762,1.00400000000000067,0.01000000000000000,0.00000000000000000,0.02000000000000000
0.42234881637998717,0.23237810758006952,1.00600000000000067,0.01000000000000000,0.00000000000000000,0.02000000000000000
0.42288321511064675,0.23322333989330427,1.00800000000000067,0.01000000000000000,0.00000000000000000,0.02000000000000000
0.42341592230900971,0.23406963931282374,1.01000000000000068,0.01000000000000000,0.00000000000000000,0.02000000000000000
0.42394693584424797,0.23491700245343139,1.01200000000000068,0.01000000000000000,0.00000000000000000,0.02000000000000000
0.42447625359230812,0.23576542592567579,1.01400000000000068,0.01000000000000000,0.00000000000000000,0.02000000000000000
0.42500387343591989,0.23661490633586418,1.01600000000000068,0.01000000000000000,0.00000000000000000,0.02000000000000000
0.42552979326460455,0.23746544028607605,1.01800000000000068,0.01000000000000000,0.00000000000000000,0.02000000000000000
0.42605401097468354,0.23831702437417673,1.02000000000000068,0.01000000000000000,0.00000000000000000,0.02000000000000000
0.42657652446928673,0.23916965519383099,1.02200000000000069,0.01000000000000000,0.00000000000000000,0.02000000000000000
0.42709733165836078,0.24002332933451670,1.02400000000000069,0.01000000000000000,0.00000000000000000,0.02000000000000000
0.42761643045867770,0.24087804338153845,1.02600000000000069,0.01000000000000000,0.00000000000000000,0.02000000000000000
0.42813381879384294,0.24173379391604116,1.02800000000000069,0.01000000000000000,0.00000000000000000,0.02000000000000000
0.42864949459430385,0.24259057751502386,1.03000000000000069,0.01000000000000000,0.00000000000000000,0.02000000000000000
0.42916345579735787,0.24344839075135327,1.03200000000000069,0.01000000000000000,0.00000000000000000,0.02000000000000000
0.42967570034716096,0.24430723019377762,1.03400000000000070,0.01000000000000000,0.00000000000000000,0.02000000000000000
0.43018622619473557,0.24516709240694026,1.03600000000000070,0.01000000000000000,0.00000000000000000,0.02000000000000000
0.43069503129797893,0.24602797395139350,1.03800000000000070,0.01000000000000000,0.00000000000000000,0.02000000000000000
0.43120211362167138,0.24688987138361232,1.04000000000000070,0.01000000000000000,0.00000000000000000,0.02000000000000000
0.43170747113748426,0.24775278125600811,1.04200000000000070,0.01000000000000000,0.00000000000000000,0.02000000000000000
0.43221110182398820,0.24861670011694256,1.04400000000000071,0.01000000000000000,0.00000000000000000,0.02000000000000000
0.43271300366666116,0.24948162451074135,1.04600000000000071,0.01000000000000000,0.00000000000000000,0.02000000000000000
0.43321317465789638,0.25034755097770811,1.04800000000000071,0.01000000000000000,0.00000000000000000,0.02000000000000000
0.43371161279701059,0.25121447605413805,1.05000000000000071,0.01000000000000000,0.00000000000000000,0.02000000000000000
0.43420831609025190,0.25208239627233209,1.05200000000000071,0.01000000000000000,0.00000000000000000,0.02000000000000000
0.43470328255080781,0.25295130816061046,1.05400000000000071,0.01000000000000000,0.00000000000000000,0.02000000000000000
0.43519651019881311,0.25382120824332677,1.05600000000000072,0.01000000000000000,0.00000000000000000,0.02000000000000000
0.43568799706135786,0.25469209304088192,1.05800000000000072,0.01000000000000000,0.00000000000000000,0.02000000000000000
0.43617774117249530,0.25556395906973778,1.06000000000000072,0.01000000000000000,0.00000000000000000,0.02000000000000000
0.43666574057324964,0.25643680284243148,1.06200000000000072,0.01000000000000000,0.00000000000000000,0.02000000000000000
0.43715199331162385,0.25731062086758905,1.06400000000000072,0.01000000000000000,0.00000000000000000,0.02000000000000000
0.43763649744260774,0.25818540964993958,1.06600000000000072,0.01000000000000000,0.00000000000000000,0.02000000000000000
0.43811925102818533,0.25906116569032905,1.06800000000000073,0.01000000000000000,0.00000000000000000,0.02000000000000000
0.43860025213734299,0.25993788548573454,1.07000000000000073,0.01000000000000000,0.00000000000000000,0.02000000000000000
0.43907949884607689,0.26081556552927798,1.07200000000000073,0.01000000000000000,0.00000000000000000,0.02000000000000000
0.43955698923740083,0.26169420231024043,1.07400000000000073,0.01000000000000000,0.00000000000000000,0.02000000000000000
0.44003272140135391,0.26257379231407585,1.07600000000000073,0.01000000000000000,0.00000000000000000,0.02000000000000000
0.44050669343500809,0.26345433202242546,1.07800000000000074,0.01000000000000000,0.00000000000000000,0.02000000000000000
0.44097890344247587,0.26433581791313160,1.08000000000000074,0.17000000000000001,0.00000000000000000,0.09000000000000000
0.44892390814721911,0.27936495459819077,1.08900000000000063,0.17000000000000001,0.00000000000000000,0.09000000000000000
0.45673333067731092,0.29446498668435134,1.09800000000000053,0.17000000000000001,0.00000000000000000,0.09000000000000000
0.46440653847379620,0.30963469107727021,1.10700000000000043,0.17000000000000001,0.00000000000000000,0.09000000000000000
0.47194291001103872,0.32487283903918557,1.11600000000000033,0.17000000000000001,0.00000000000000000,0.09000000000000000
0.47934183484706450,0.34017819628844392,1.12500000000000022,0.17000000000000001,0.00000000000000000,0.09000000000000000
0.48660271367300711,0.35554952309947629,1.13400000000000012,0.17000000000000001,0.00000000000000000,0.09000000000000000
0.49372495836165159,0.37098557440321522,1.14300000000000002,0.17000000000000001,0.00000000000000000,0.09000000000000000
0.50070799201507221,0.38648509988794472,1.15199999999999991,0.17000000000000001,0.00000000000000000,0.09000000000000000
0.50755124901136095,0.40204684410057490,1.16099999999999981,0.17000000000000001,0.00000000000000000,0.09000000000000000
0.51425417505044269,0.41766954654833288,1.16999999999999971,0.17000000000000001,0.00000000000000000,0.09000000000000000
0.52081622719897314,0.43335194180086212,1.17899999999999960,0.17000000000000001,0.00000000000000000,0.09000000000000000
0.52723687393431606,0.44909275959272144,1.18799999999999950,0.17000000000000001,0.00000000000000000,0.09000000000000000
0.53351559518759628,0.46489072492627598,1.19699999999999940,0.17000000000000001,0.00000000000000000,0.09000000000000000
0.53965188238582518,0.48074455817497125,1.20599999999999929,0.17000000000000001,0.00000000000000000,0.09000000000000000
0.54564523849309476,0.49665297518698215,1.21499999999999919,0.17000000000000001,0.00000000000000000,0.09000000000000000
0.55149517805083714,0.51261468738922866,1.22399999999999909,0.17000000000000001,0.00000000000000000,0.09000000000000000
0.55720122721714660,0.52862840189174942,1.23299999999999899,0.17000000000000001,0.00000000000000000,0.09000000000000000
0.56276292380516046,0.54469282159242516,1.24199999999999888,0.17000000000000001,0.00000000000000000,0.09000000000000000
0.56817981732049594,0.56080664528204338,1.25099999999999878,0.17000000000000001,0.00000000000000000,0.09000000000000000
0.57345146899774002,0.57696856774969540,1.25999999999999868,0.17000000000000001,0.00000000000000000,0.09000000000000000
0.57857745183598908,0.59317727988849778,1.26899999999999857,0.17000000000000001,0.00000000000000000,0.09000000000000000
0.58355735063343583,0.60943146880162946,1.27799999999999847,0.17000000000000001,0.00000000000000000,0.09000000000000000
0.58839076202100038,0.62572981790867543,1.28699999999999837,0.17000000000000001,0.00000000000000000,0.09000000000000000
0.59307729449500313,0.64207100705226905,1.29599999999999826,0.17000000000000001,0.00000000000000000,0.09000000000000000
0.59761656844887590,0.65845371260502428,1.30499999999999816,0.17000000000000001,0.00000000000000000,0.09000000000000000
0.60200821620391032,0.67487660757674850,1.31399999999999806,0.17000000000000001,0.00000000000000000,0.09000000000000000
0.60625188203903935,0.69133836172192820,1.32299999999999796,0.17000000000000001,0.00000000000000000,0.09000000000000000
0.61034722221965065,0.70783764164747809,1.33199999999999785,0.17000000000000001,0.00000000000000000,0.09000000000000000
0.61429390502542858,0.72437311092074519,1.34099999999999775,0.17000000000000001,0.00000000000000000,0.09000000000000000
0.61809161077722374,0.74094343017775910,1.34999999999999765,0.17000000000000001,0.00000000000000000,0.09000000000000000
0.62174003186294668,0.75754725723171978,1.35899999999999754,0.17000000000000001,0.00000000000000000,0.09000000000000000
0.62523887276248424,0.77418324718171394,1.36799999999999744,0.17000000000000001,0.00000000000000000,0.09000000000000000
0.62858785007163653,0.79085005252165141,1.37699999999999734,0.17000000000000001,0.00000000000000000,0.09000000000000000
0.63178669252507258,0.80754632324941211,1.38599999999999723,0.17000000000000001,0.00000000000000000,0.09000000000000000
0.63483514101830252,0.82427070697619587,1.39499999999999713,0.17000000000000001,0.00000000000000000,0.09000000000000000
0.63773294862866514,0.84102184903606469,1.40399999999999703,0.17000000000000001,0.00000000000000000,0.09000000000000000
0.64047988063532846,0.85779839259567059,1.41299999999999693,0.17000000000000001,0.00000000000000000,0.09000000000000000
0.64307571453830181,0.87459897876415760,1.42199999999999682,0.17000000000000001,0.00000000000000000,0.09000000000000000
0.64552024007645825,0.89142224670323189,1.43099999999999672,0.17000000000000001,0.00000000000000000,0.09000000000000000
0.64781325924456579,0.90826683373738848,1.43999999999999662,0.17000000000000001,0.00000000000000000,0.09000000000000000
0.64995458630932557,0.92513137546428725,1.44899999999999651,0.17000000000000001,0.00000000000000000,0.09000000000000000
0.65194404782441595,0.94201450586526914,1.45799999999999641,0.17000000000000001,0.00000000000000000,0.09000000000000000
0.65378148264454206,0.95891485741600235,1.46699999999999631,0.17000000000000001,0.00000000000000000,0.09000000000000000
0.65546674193848808,0.97583106119725160,1.47599999999999620,0.17000000000000001,0.00000000000000000,0.09000000000000000
0.65699968920117258,0.99276174700575948,1.48499999999999610,0.17000000000000001,0.00000000000000000,0.09000000000000000
0.65838020026470545,1.00970554346523245,1.49399999999999600,0.17000000000000001,0.00000000000000000,0.09000000000000000
0.65960816330844529,1.02666107813742125,1.50299999999999589,0.17000000000000001,0.00000000000000000,0.09000000000000000
0.66068347886805701,1.04362697763328760,1.51199999999999579,0.17000000000000001,0.00000000000000000,0.09000000000000000
0.66160605984356813,1.06060186772424858,1.52099999999999569,0.17000000000000001,0.00000000000000000,0.09000000000000000
0.66237583150642410,1.07758437345348801,1.52999999999999559,0.17000000000000001,0.00000000000000000,0.09000000000000000
0.66299273150554117,1.09457311924732670,1.53899999999999548,0.17000000000000001,0.00000000000000000,0.09000000000000000
0.66345670987235661,1.11156672902664400,1.54799999999999538,0.17000000000000001,0.00000000000000000,0.09000000000000000
0.66376772902487635,1.12856382631833907,1.55699999999999528,0.17000000000000001,0.00000000000000000,0.09000000000000000
0.66392576377071921,1.14556303436682438,1.56599999999999517,0.17000000000000001,0.00000000000000000,0.09000000000000000
0.66393080130915705,1.16256297624554250,1.57499999999999507,0.17000000000000001,0.00000000000000000,0.09000000000000000
0.66378284123215214,1.17956227496849575,1.58399999999999497,0.17000000000000001,0.00000000000000000,0.09000000000000000
0.66348189552438974,1.19655955360178190,1.59299999999999486,0.17000000000000001,0.00000000000000000,0.09000000000000000
0.66302798856230760,1.21355343537512494,1.60199999999999476,0.17000000000000001,0.00000000000000000,0.09000000000000000
0.66242115711212157,1.23054254379339256,1.61099999999999466,0.17000000000000001,0.00000000000000000,0.09000000000000000
0.66166145032684731,1.24752550274809160,1.61999999999999456,0.10000000000000001,0.00000000000000000,-0.04000000000000000
0.66118958918750814,1.25751435722355254,1.61599999999999455,0.10000000000000001,0.00000000000000000,-0.04000000000000000
0.66075768713440730,1.26750501922780856,1.61199999999999455,0.10000000000000001,0.00000000000000000,-0.04000000000000000
0.66036575107796824,1.27749732891048051,1.60799999999999454,0.10000000000000001,0.00000000000000000,-0.04000000000000000
0.66001378728915960,1.28749112639482655,1.60399999999999454,0.10000000000000001,0.00000000000000000,-0.04000000000000000
0.65970180139939449,1.29748625178030030,1.59999999999999454,0.10000000000000001,0.00000000000000000,-0.04000000000000000
0.65942979840044047,1.30748254514510887,1.59599999999999453,0.10000000000000001,0.00000000000000000,-0.04000000000000000
0.65919778264433970,1.31747984654877159,1.59199999999999453,0.10000000000000001,0.00000000000000000,-0.04000000000000000
0.65900575784333937,1.32747799603467920,1.58799999999999453,0.10000000000000001,0.00000000000000000,-0.04000000000000000
0.65885372706983225,1.33747683363265346,1.58399999999999452,0.10000000000000001,0.00000000000000000,-0.04000000000000000
0.65874169275630734,1.34747619936150587,1.57999999999999452,0.10000000000000001,0.00000000000000000,-0.04000000000000000
0.65866965669531141,1.35747593323159821,1.57599999999999452,0.10000000000000001,0.00000000000000000,-0.04000000000000000
0.65863762003941984,1.36747587524740188,1.57199999999999451,0.10000000000000001,0.00000000000000000,-0.04000000000000000
0.65864558330121836,1.37747586541005784,1.56799999999999451,0.10000000000000001,0.00000000000000000,-0.04000000000000000
0.65869354635329502,1.38747574371993698,1.56399999999999451,0.10000000000000001,0.00000000000000000,-0.04000000000000000
0.65878150842824201,1.39747535017919966,1.55999999999999450,0.10000000000000001,0.00000000000000000,-0.04000000000000000
0.65890946811866802,1.40747452479435564,1.55599999999999450,0.10000000000000001,0.00000000000000000,-0.04000000000000000
0.65907742337722075,1.41747310757882472,1.55199999999999450,0.10000000000000001,0.00000000000000000,-0.04000000000000000
0.65928537151661959,1.42747093855549534,1.54799999999999449,0.10000000000000001,0.00000000000000000,-0.04000000000000000
0.65953330920969877,1.43746785775928543,1.54399999999999449,0.10000000000000001,0.00000000000000000,-0.04000000000000000
0.65982123248946045,1.44746370523970080,1.53999999999999448,0.10000000000000001,0.00000000000000000,-0.04000000000000000
0.66014913674913833,1.45745832106339512,1.53599999999999448,0.10000000000000001,0.00000000000000000,-0.04000000000000000
0.66051701674227126,1.46745154531672828,1.53199999999999448,0.10000000000000001,0.00000000000000000,-0.04000000000000000
0.66092486658278726,1.47744321810832568,1.52799999999999447,0.10000000000000001,0.00000000000000000,-0.04000000000000000
0.66137267974509750,1.48743317957163557,1.52399999999999447,0.10000000000000001,0.00000000000000000,-0.04000000000000000
0.66186044906420094,1.49742126986748780,1.51999999999999447,0.10000000000000001,0.00000000000000000,-0.04000000000000000
0.66238816673579892,1.50740732918665055,1.51599999999999446,0.10000000000000001,0.00000000000000000,-0.04000000000000000
0.66295582431641986,1.51739119775238795,1.51199999999999446,0.10000000000000001,0.00000000000000000,-0.04000000000000000
0.66356341272355468,1.52737271582301593,1.50799999999999446,0.10000000000000001,0.00000000000000000,-0.04000000000000000
0.66421092223580180,1.53735172369445805,1.50399999999999445,0.10000000000000001,0.00000000000000000,-0.04000000000000000
0.66489834249302282,1.54732806170280157,1.49999999999999445,0.10000000000000001,0.00000000000000000,-0.04000000000000000
0.66562566249650834,1.55730157022685090,1.49599999999999445,0.10000000000000001,0.00000000000000000,-0.04000000000000000
0.66639287060915375,1.56727208969068266,1.49199999999999444,0.10000000000000001,0.00000000000000000,-0.04000000000000000
0.66719995455564562,1.57723946056619790,1.48799999999999444,0.10000000000000001,0.00000000000000000,-0.04000000000000000
0.66804690142265810,1.58720352337567538,1.48399999999999443,0.10000000000000001,0.00000000000000000,-0.04000000000000000
0.66893369765905930,1.59716411869432284,1.47999999999999443,0.10000000000000001,0.00000000000000000,-0.04000000000000000
0.66986032907612847,1.60712108715282742,1.47599999999999443,0.10000000000000001,0.00000000000000000,-0.04000000000000000
0.67082678084778258,1.61707426943990629,1.47199999999999442,0.10000000000000001,0.00000000000000000,-0.04000000000000000
0.67183303751081391,1.62702350630485526,1.46799999999999442,0.10000000000000001,0.00000000000000000,-0.04000000000000000
0.67287908296513743,1.63696863856009678,1.46399999999999442,0.10000000000000001,0.00000000000000000,-0.04000000000000000
0.67396490047404811,1.64690950708372674,1.45999999999999441,0.10000000000000001,0.00000000000000000,-0.04000000000000000
0.67509047266448896,1.65684595282206093,1.45599999999999441,0.10000000000000001,0.00000000000000000,-0.04000000000000000
0.67625578152732890,1.66677781679217962,1.45199999999999441,0.10000000000000001,0.00000000000000000,-0.04000000000000000
0.67746080841765111,1.67670494008447113,1.44799999999999440,0.10000000000000001,0.00000000000000000,-0.04000000000000000
0.67870553405505096,1.68662716386517442,1.44399999999999440,0.10000000000000001,0.00000000000000000,-0.04000000000000000
0.67998993852394485,1.69654432937892086,1.43999999999999440,0.10000000000000001,0.00000000000000000,-0.04000000000000000
0.68131400127388864,1.70645627795127375,1.43599999999999439,0.10000000000000001,0.00000000000000000,-0.04000000000000000
0.68267770111990655,1.71636285099126717,1.43199999999999439,0.10000000000000001,0.00000000000000000,-0.04000000000000000
0.68408101624283024,1.72626388999394398,1.42799999999999438,0.10000000000000001,0.00000000000000000,-0.04000000000000000
0.68552392418964758,1.73615923654289150,1.42399999999999438,0.10000000000000001,0.00000000000000000,-0.04000000000000000
0.68700640187386230,1.74604873231277580,1.41999999999999438,0.10000000000000001,0.00000000000000000,-0.04000000000000000
0.68852842557586302,1.75593221907187580,1.41599999999999437,0.10000000000000001,0.00000000000000000,-0.04000000000000000
0.69008997094330304,1.76580953868461399,1.41199999999999437,0.10000000000000001,0.00000000000000000,-0.04000000000000000
0.69169101299148972,1.77568053311408725,1.40799999999999437,0.10000000000000001,0.00000000000000000,-0.04000000000000000
0.69333152610378446,1.78554504442459550,1.40399999999999436,0.10000000000000001,0.00000000000000000,-0.04000000000000000
0.69501148403201241,1.79540291478416814,1.39999999999999436,0.10000000000000001,0.00000000000000000,-0.04000000000000000
0.69673085989688266,1.80525398646708957,1.39599999999999436,0.10000000000000001,0.00000000000000000,-0.04000000000000000
0.69848962618841792,1.81509810185642317,1.39199999999999435,0.10000000000000001,0.00000000000000000,-0.04000000000000000
0.70028775476639515,1.82493510344653265,1.38799999999999435,0.10000000000000001,0.00000000000000000,-0.04000000000000000
0.70212521686079543,1.83476483384560241,1.38399999999999435,0.10000000000000001,0.00000000000000000,-0.04000000000000000
0.70400198307226447,1.84458713577815581,1.37999999999999434,0.10000000000000001,0.00000000000000000,-0.04000000000000000
0.70591802337258291,1.85440185208757158,1.37599999999999434,0.10000000000000001,0.00000000000000000,-0.04000000000000000
0.70787330710514684,1.86420882573859803,1.37199999999999434,0.10000000000000001,0.00000000000000000,-0.04000000000000000
0.70986780298545826,1.87400789981986593,1.36799999999999433,0.10000000000000001,0.00000000000000000,-0.04000000000000000
0.71190147910162560,1.88379891754639917,1.36399999999999433,0.10000000000000001,0.00000000000000000,-0.04000000000000000
0.71397430291487440,1.89358172226212274,1.35999999999999432,0.10000000000000001,0.00000000000000000,-0.04000000000000000
0.71608624126006792,1.90335615744237008,1.35599999999999432,0.10000000000000001,0.00000000000000000,-0.04000000000000000
0.71823726034623758,1.91312206669638685,1.35199999999999432,0.10000000000000001,0.00000000000000000,-0.04000000000000000
0.72042732575712398,1.92287929376983313,1.34799999999999431,0.10000000000000001,0.00000000000000000,-0.04000000000000000
0.72265640245172724,1.93262768254728412,1.34399999999999431,0.10000000000000001,0.00000000000000000,-0.04000000000000000
0.72492445476486778,1.94236707705472722,1.33999999999999431,0.10000000000000001,0.00000000000000000,-0.04000000000000000
0.72723144640775694,1.95209732146205805,1.33599999999999430,0.10000000000000001,0.00000000000000000,-0.04000000000000000
0.72957734046857770,1.96181826008557381,1.33199999999999430,0.10000000000000001,0.00000000000000000,-0.04000000000000000
0.73196209941307511,1.97152973739046389,1.32799999999999430,0.10000000000000001,0.00000000000000000,-0.04000000000000000
0.73438568508515700,1.98123159799329862,1.32399999999999429,0.10000000000000001,0.00000000000000000,-0.04000000000000000
0.73684805870750425,1.99092368666451525,1.31999999999999429,0.10000000000000001,0.00000000000000000,-0.04000000000000000
0.73934918088219148,2.00060584833090171,1.31599999999999429,0.10000000000000001,0.00000000000000000,-0.04000000000000000
0.74188901159131726,2.01027792807807781,1.31199999999999428,0.10000000000000001,0.00000000000000000,-0.04000000000000000
0.74446751019764434,2.01993977115297429,1.30799999999999428,0.10000000000000001,0.00000000000000000,-0.04000000000000000
0.74708463544525017,2.02959122296630801,1.30399999999999427,0.10000000000000001,0.00000000000000000,-0.04000000000000000
0.74974034546018642,2.03923212909505569,1.29999999999999427,0.10000000000000001,0.00000000000000000,-0.04000000000000000
0.75243459775114963,2.04886233528492490,1.29599999999999427,0.10000000000000001,0.00000000000000000,-0.04000000000000000
0.75516734921016060,2.05848168745282223,1.29199999999999426,0.10000000000000001,0.00000000000000000,-0.04000000000000000
0.75793855611325434,2.06809003168931804,1.28799999999999426,0.10000000000000001,0.00000000000000000,-0.04000000000000000
0.76074817412117945,2.07768721426110936,1.28399999999999426,0.10000000000000001,0.00000000000000000,-0.04000000000000000
0.76359615828010785,2.08727308161348013,1.27999999999999425,0.10000000000000001,0.00000000000000000,-0.04000000000000000
0.76648246302235357,2.09684748037275703,1.27599999999999425,0.10000000000000001,0.00000000000000000,-0.04000000000000000
0.76940704216710243,2.10641025734876441,1.27199999999999425,0.10000000000000001,0.00000000000000000,-0.04000000000000000
0.77236984892115046,2.11596125953727432,1.26799999999999424,0.10000000000000001,0.00000000000000000,-0.04000000000000000
0.77537083587965283,2.12550033412245565,1.26399999999999424,0.10000000000000001,0.00000000000000000,-0.04000000000000000
0.77840995502688226,2.13502732847931842,1.25999999999999424,0.10000000000000001,0.00000000000000000,-0.04000000000000000
0.78148715773699717,2.14454209017615671,1.25599999999999423,0.10000000000000001,0.00000000000000000,-0.04000000000000000
0.78460239477481986,2.15404446697698582,1.25199999999999423,0.10000000000000001,0.00000000000000000,-0.04000000000000000
0.78775561629662416,2.16353430684397985,1.24799999999999423,0.10000000000000001,0.00000000000000000,-0.04000000000000000
0.79094677185093309,2.17301145793990313,1.24399999999999422,0.10000000000000001,0.00000000000000000,-0.04000000000000000
0.79417581037932583,2.18247576863054027,1.23999999999999422,0.10000000000000001,0.00000000000000000,-0.04000000000000000
0.79744268021725473,2.19192708748712262,1.23599999999999421,0.10000000000000001,0.00000000000000000,-0.04000000000000000
0.80074732909487212,2.20136526328874949,1.23199999999999421,0.10000000000000001,0.00000000000000000,-0.04000000000000000
0.80408970413786640,2.21079014502480975,1.22799999999999421,0.10000000000000001,0.00000000000000000,-0.04000000000000000
0.80746975186830827,2.22020158189739680,1.22399999999999420,0.10000000000000001,0.00000000000000000,-0.04000000000000000
0.81088741820550614,2.22959942332372130,1.21999999999999420,0.10000000000000001,0.00000000000000000,-0.04000000000000000
0.81434264846687143,2.23898351893852077,1.21599999999999420,0.10000000000000001,0.00000000000000000,-0.04000000000000000
0.81783538736879380,2.24835371859646571,1.21199999999999419,0.10000000000000001,0.00000000000000000,-0.04000000000000000
0.82136557902752527,2.25770987237456167,1.20799999999999419,0.10000000000000001,0.00000000000000000,-0.04000000000000000
0.82493316696007457,2.26705183057454773,1.20399999999999419,0.10000000000000001,0.00000000000000000,-0.04000000000000000
0.82853809408511103,2.27637944372529155,1.19999999999999418,0.10000000000000001,0.00000000000000000,-0.04000000000000000
0.83218030272387744,2.28569256258518205,1.19599999999999418,0.10000000000000001,0.00000000000000000,-0.04000000000000000
0.83585973460111329,2.29499103814451644,1.19199999999999418,0.10000000000000001,0.00000000000000000,-0.04000000000000000
0.83957633084598704,2.30427472162788360,1.18799999999999417,0.10000000000000001,0.00000000000000000,-0.04000000000000000
0.84333003199303802,2.31354346449654624,1.18399999999999417,0.10000000000000001,0.00000000000000000,-0.04000000000000000
0.84712077798312801,2.32279711845081582,1.17999999999999416,0.10000000000000001,0.00000000000000000,-0.04000000000000000
0.85094850816440204,2.33203553543242670,1.17599999999999416,0.10000000000000001,0.00000000000000000,-0.04000000000000000
0.85481316129325891,2.34125856762690443,1.17199999999999416,0.10000000000000001,0.00000000000000000,-0.04000000000000000
0.85871467553533087,2.35046606746593056,1.16799999999999415,0.10000000000000001,0.00000000000000000,-0.04000000000000000
0.86265298846647342,2.35965788762970385,1.16399999999999415,0.10000000000000001,0.00000000000000000,-0.04000000000000000
0.86662803707376357,2.36883388104929793,1.15999999999999415,0.10000000000000001,0.00000000000000000,-0.04000000000000000
0.87063975775650848,2.37799390090901408,1.15599999999999414,0.10000000000000001,0.00000000000000000,-0.04000000000000000
0.87468808632726280,2.38713780064872960,1.15199999999999414,0.10000000000000001,0.00000000000000000,-0.04000000000000000
0.87877295801285571,2.39626543396624392,1.14799999999999414,0.10000000000000001,0.00000000000000000,-0.04000000000000000
0.88289430745542741,2.40537665481961849,1.14399999999999413,0.10000000000000001,0.00000000000000000,-0.04000000000000000
0.88705206871347475,2.41447131742951404,1.13999999999999413,0.10000000000000001,0.00000000000000000,-0.04000000000000000
0.89124617526290628,2.42354927628152295,1.13599999999999413,0.10000000000000001,0.00000000000000000,-0.04000000000000000
0.89547655999810671,2.43261038612849756,1.13199999999999412,0.10000000000000001,0.00000000000000000,-0.04000000000000000
0.89974315523301052,2.44165450199287326,1.12799999999999412,0.10000000000000001,0.00000000000000000,-0.04000000000000000
0.90404589270218505,2.45068147916898926,1.12399999999999411,0.10000000000000001,0.00000000000000000,-0.04000000000000000
0.90838470356192247,2.45969117322540320,1.11999999999999411,0.10000000000000001,0.00000000000000000,-0.04000000000000000
0.91275951839134162,2.46868344000720263,1.11599999999999411,0.10000000000000001,0.00000000000000000,-0.04000000000000000
0.91717026719349859,2.47765813563831072,1.11199999999999410,0.10000000000000001,0.00000000000000000,-0.04000000000000000
0.92161687939650661,2.48661511652378842,1.10799999999999410,0.10000000000000001,0.00000000000000000,-0.04000000000000000
0.92609928385466522,2.49555423935213305,1.10399999999999410,0.10000000000000001,0.00000000000000000,-0.04000000000000000
0.93061740884959887,2.50447536109757030,1.09999999999999409,0.10000000000000001,0.00000000000000000,-0.04000000000000000
0.93517118209140393,2.51337833902234209,1.09599999999999409,0.10000000000000001,0.00000000000000000,-0.04000000000000000
0.93976053071980570,2.52226303067899194,1.09199999999999409,0.10000000000000001,0.00000000000000000,-0.04000000000000000
0.94438538130532401,2.53112929391264263,1.08799999999999408,0.10000000000000001,0.00000000000000000,-0.04000000000000000
0.94904565985044820,2.53997698686327178,1.08399999999999408,0.10000000000000001,0.00000000000000000,-0.04000000000000000
0.95374129179082090,2.54880596796798065,1.07999999999999408,0.10000000000000001,0.00000000000000000,-0.04000000000000000
0.95847220199643124,2.55761609596325989,1.07599999999999407,0.10000000000000001,0.00000000000000000,-0.04000000000000000
0.96323831477281696,2.56640722988725001,1.07199999999999407,0.10000000000000001,0.00000000000000000,-0.04000000000000000
0.96803955386227525,2.57517922908199548,1.06799999999999407,0.10000000000000001,0.00000000000000000,-0.04000000000000000
0.97287584244508307,2.58393195319569635,1.06399999999999406,0.10000000000000001,0.00000000000000000,-0.04000000000000000
0.97774710314072633,2.59266526218495352,1.05999999999999406,0.10000000000000001,0.00000000000000000,-0.04000000000000000
0.98265325800913772,2.60137901631700919,1.05599999999999405,0.10000000000000001,0.00000000000000000,-0.04000000000000000
0.98759422855194412,2.61007307617198325,1.05199999999999405,0.10000000000000001,0.00000000000000000,-0.04000000000000000
0.99256993571372221,2.61874730264510402,1.04799999999999405,0.10000000000000001,0.00000000000000000,-0.04000000000000000
0.99758029988326358,2.62740155694893218,1.04399999999999404,0.10000000000000001,0.00000000000000000,-0.04000000000000000
1.00262524089484839,2.63603570061558390,1.03999999999999404,0.10000000000000001,0.00000000000000000,-0.04000000000000000
1.00770467802952801,2.64464959549894507,1.03599999999999404,0.10000000000000001,0.00000000000000000,-0.04000000000000000
1.01281853001641675,2.65324310377688066,1.03199999999999403,0.10000000000000001,0.00000000000000000,-0.04000000000000000
1.01796671503399194,2.66181608795344182,1.02799999999999403,0.10000000000000001,0.00000000000000000,-0.04000000000000000
1.02314915071140300,2.67036841086106458,1.02399999999999403,0.10000000000000001,0.00000000000000000,-0.04000000000000000
1.02836575412978970,2.67889993566276496,1.01999999999999402,0.10000000000000001,0.00000000000000000,-0.04000000000000000
1.03361644182360868,2.68741052585432838,1.01599999999999402,0.10000000000000001,0.00000000000000000,-0.04000000000000000
1.03890112978196880,2.69590004526649318,1.01199999999999402,0.10000000000000001,0.00000000000000000,-0.04000000000000000
1.04421973344997543,2.70436835806712939,1.00799999999999401,0.10000000000000001,0.00000000000000000,-0.04000000000000000
1.04957216773008333,2.71281532876341336,1.00399999999999401,0.10000000000000001,0.00000000000000000,-0.04000000000000000
1.05495834698345825,2.72124082220399410,0.99999999999999400,0.10000000000000001,0.00000000000000000,-0.04000000000000000
1.06037818503134718,2.72964470358115596,0.99599999999999400,0.10000000000000001,0.00000000000000000,-0.04000000000000000
1.06583159515645676,2.73802683843297645,0.99199999999999400,0.10000000000000001,0.00000000000000000,-0.04000000000000000
1.07131849010434155,2.74638709264547698,0.98799999999999399,0.10000000000000001,0.00000000000000000,-0.04000000000000000
1.07683878208479933,2.75472533245476825,0.98399999999999399,0.10000000000000001,0.00000000000000000,-0.04000000000000000
1.08239238277327599,2.76304142444919121,0.97999999999999399,0.10000000000000001,0.00000000000000000,-0.04000000000000000
1.08797920331227926,2.77133523557145134,0.97599999999999398,0.10000000000000001,0.00000000000000000,-0.04000000000000000
1.09359915431279964,2.77960663312074763,0.97199999999999398,0.10000000000000001,0.00000000000000000,-0.04000000000000000
1.09925214585574094,2.78785548475489575,0.96799999999999398,0.10000000000000001,0.00000000000000000,-0.04000000000000000
1.10493808749335920,2.79608165849244550,0.96399999999999397,0.10000000000000001,0.00000000000000000,-0.04000000000000000
1.11065688825070930,2.80428502271479285,0.95999999999999397,0.10000000000000001,0.00000000000000000,-0.04000000000000000
1.11640845662710131,2.81246544616828498,0.95599999999999397,0.10000000000000001,0.00000000000000000,-0.04000000000000000
1.12219270059756382,2.82062279796632120,0.95199999999999396,0.10000000000000001,0.00000000000000000,-0.04000000000000000
1.12800952761431672,2.82875694759144647,0.94799999999999396,0.10000000000000001,0.00000000000000000,-0.04000000000000000
1.13385884460825181,2.83686776489744075,0.94399999999999396,0.10000000000000001,0.00000000000000000,-0.04000000000000000
1.13974055799042207,2.84495512011140006,0.93999999999999395,0.10000000000000001,0.00000000000000000,-0.04000000000000000
1.14565457365353884,2.85301888383581348,0.93599999999999395,0.10000000000000001,0.00000000000000000,-0.04000000000000000
1.15160079697347761,2.86105892705063347,0.93199999999999394,0.10000000000000001,0.00000000000000000,-0.04000000000000000
1.15757913281079206,2.86907512111534002,0.92799999999999394,0.10000000000000001,0.00000000000000000,-0.04000000000000000
1.16358948551223640,2.87706733777099899,0.92399999999999394,0.10000000000000001,0.00000000000000000,-0.04000000000000000
1.16963175891229576,2.88503544914231469,0.91999999999999393,0.10000000000000001,0.00000000000000000,-0.04000000000000000
1.17570585633472446,2.89297932773967492,0.91599999999999393,0.10000000000000001,0.00000000000000000,-0.04000000000000000
1.18181168059409325,2.90089884646119200,0.91199999999999393,0.10000000000000001,0.00000000000000000,-0.04000000000000000
1.18794913399734448,2.90879387859473493,0.90799999999999392,0.10000000000000001,0.00000000000000000,-0.04000000000000000
1.19411811834535442,2.91666429781995795,0.90399999999999392,0.10000000000000001,0.00000000000000000,-0.04000000000000000
1.20031853493450535,2.92450997821032166,0.89999999999999392,0.10000000000000001,0.00000000000000000,-0.04000000000000000
1.20655028455826385,2.93233079423510690,0.89599999999999391,0.10000000000000001,0.00000000000000000,-0.04000000000000000
1.21281326750876906,2.94012662076142428,0.89199999999999391,0.10000000000000001,0.00000000000000000,-0.04000000000000000
1.21910738357842718,2.94789733305621571,0.88799999999999391,0.10000000000000001,0.00000000000000000,-0.04000000000000000
1.22543253206151559,2.95564280678825053,0.88399999999999390,0.10000000000000001,0.00000000000000000,-0.04000000000000000
1.23178861175579346,2.96336291803011376,0.87999999999999390,0.10000000000000001,0.00000000000000000,-0.04000000000000000
1.23817552096412120,2.97105754326019067,0.87599999999999389,0.10000000000000001,0.00000000000000000,-0.04000000000000000
1.24459315749608779,2.97872655936464126,0.87199999999999389,0.10000000000000001,0.00000000000000000,-0.04000000000000000
1.25104141866964569,2.98636984363937152,0.86799999999999389,0.10000000000000001,0.00000000000000000,-0.04000000000000000
1.25752020131275355,2.99398727379199636,0.86399999999999388,0.10000000000000001,0.00000000000000000,-0.04000000000000000
1.26402940176502732,3.00157872794379577,0.85999999999999388,0.10000000000000001,0.00000000000000000,-0.04000000000000000
1.27056891587939869,3.00914408463166527,0.85599999999999388,0.10000000000000001,0.00000000000000000,-0.04000000000000000
1.27713863902378133,3.01668322281005929,0.85199999999999387,0.10000000000000001,0.00000000000000000,-0.04000000000000000
1.28373846608274511,3.02419602185292780,0.84799999999999387,0.10000000000000001,0.00000000000000000,-0.04000000000000000
1.29036829145919785,3.03168236155564630,0.84399999999999387,0.10000000000000001,0.00000000000000000,-0.04000000000000000
1.29702800907607485,3.03914212213693924,0.83999999999999386,0.10000000000000001,0.00000000000000000,-0.04000000000000000
1.30371751237803646,3.04657518424079665,0.83599999999999386,0.10000000000000001,0.00000000000000000,-0.04000000000000000
1.31043669433317245,3.05398142893838331,0.83199999999999386,0.10000000000000001,0.00000000000000000,-0.04000000000000000
1.31718544743471488,3.06136073772994211,0.82799999999999385,0.10000000000000001,0.00000000000000000,-0.04000000000000000
1.32396366370275831,3.06871299254668983,0.82399999999999385,0.10000000000000001,0.00000000000000000,-0.04000000000000000
1.33077123468598679,3.07603807575270594,0.81999999999999384,0.10000000000000001,0.00000000000000000,-0.04000000000000000
1.33760805146340989,3.08333587014681587,0.81599999999999384,0.10000000000000001,0.00000000000000000,-0.04000000000000000
1.34447400464610500,3.09060625896446473,0.81199999999999384,0.10000000000000001,0.00000000000000000,-0.04000000000000000
1.35136898437896780,3.09784912587958638,0.80799999999999383,0.10000000000000001,0.00000000000000000,-0.04000000000000000
1.35829288034246964,3.10506435500646516,0.80399999999999383,0.10000000000000001,0.00000000000000000,-0.04000000000000000
1.36524558175442268,3.11225183090158852,0.79999999999999383,0.10000000000000001,0.00000000000000000,-0.04000000000000000
1.37222697737175281,3.11941143856549585,0.79599999999999382,0.10000000000000001,0.00000000000000000,-0.04000000000000000
1.37923695549227898,3.12654306344461697,0.79199999999999382,0.10000000000000001,0.00000000000000000,-0.04000000000000000
1.38627540395650084,3.13364659143310620,0.78799999999999382,0.10000000000000001,0.00000000000000000,-0.04000000000000000
1.39334221014939308,3.14072190887466718,0.78399999999999381,0.10000000000000001,0.00000000000000000,-0.04000000000000000
1.40043726100220756,3.14776890256437136,0.77999999999999381,0.10000000000000001,0.00000000000000000,-0.04000000000000000
1.40756044299428162,3.15478745975047081,0.77599999999999381,0.10000000000000001,0.00000000000000000,-0.04000000000000000
1.41471164215485579,3.16177746813619986,0.77199999999999380,0.10000000000000001,0.00000000000000000,-0.04000000000000000
1.42189074406489580,3.16873881588157325,0.76799999999999380,0.10000000000000001,0.00000000000000000,-0.04000000000000000
1.42909763385892430,3.17567139160517575,0.76399999999999380,0.10000000000000001,0.00000000000000000,-0.04000000000000000
1.43633219622685826,3.18257508438594394,0.75999999999999379,0.10000000000000001,0.00000000000000000,-0.04000000000000000
1.44359431541585415,3.18944978376494026,0.75599999999999379,0.10000000000000001,0.00000000000000000,-0.04000000000000000
1.45088387523216000,3.19629537974712141,0.75199999999999378,0.10000000000000001,0.00000000000000000,-0.04000000000000000
1.45820075904297419,3.20311176280309784,0.74799999999999378,0.10000000000000001,0.00000000000000000,-0.04000000000000000
1.46554484977831168,3.20989882387088610,0.74399999999999378,0.10000000000000001,0.00000000000000000,-0.04000000000000000
1.47291602993287762,3.21665645435765368,0.73999999999999377,0.10000000000000001,0.00000000000000000,-0.04000000000000000
1.48031418156794659,3.22338454614145720,0.73599999999999377,0.10000000000000001,0.00000000000000000,-0.04000000000000000
1.48773918631325031,3.23008299157297118,0.73199999999999377,0.10000000000000001,0.00000000000000000,-0.04000000000000000
1.49519092536887133,3.23675168347721209,0.72799999999999376,0.10000000000000001,0.00000000000000000,-0.04000000000000000
1.50266927950714368,3.24339051515525156,0.72399999999999376,0.10000000000000001,0.00000000000000000,-0.04000000000000000
1.51017412907456072,3.24999938038592440,0.71999999999999376,0.10000000000000001,0.00000000000000000,-0.04000000000000000
1.51770535399368955,3.25657817342752764,0.71599999999999375,0.10000000000000001,0.00000000000000000,-0.04000000000000000
1.52526283376509197,3.26312678901951347,0.71199999999999375,0.10000000000000001,0.00000000000000000,-0.04000000000000000
1.53284644746925292,3.26964512238417182,0.70799999999999375,0.10000000000000001,0.00000000000000000,-0.04000000000000000
1.54045607376851490,3.27613306922830771,0.70399999999999374,0.10000000000000001,0.00000000000000000,-0.04000000000000000
1.54809159090901960,3.28259052574491061,0.69999999999999374,0.10000000000000001,0.00000000000000000,-0.04000000000000000
1.55575287672265539,3.28901738861481352,0.69599999999999373,0.10000000000000001,0.00000000000000000,-0.04000000000000000
1.56343980862901288,3.29541355500834765,0.69199999999999373,0.10000000000000001,0.00000000000000000,-0.04000000000000000
1.57115226363734561,3.30177892258698735,0.68799999999999373,0.10000000000000001,0.00000000000000000,-0.04000000000000000
1.57889011834853799,3.30811338950498746,0.68399999999999372,0.10000000000000001,0.00000000000000000,-0.04000000000000000
1.58665324895707949,3.31441685441101175,0.67999999999999372,0.10000000000000001,0.00000000000000000,-0.04000000000000000
1.59444153125304622,3.32068921644975656,0.67599999999999372,0.10000000000000001,0.00000000000000000,-0.04000000000000000
1.60225484062408752,3.32693037526356328,0.67199999999999371,0.10000000000000001,0.00000000000000000,-0.04000000000000000
1.61009305205741993,3.33314023099402368,0.66799999999999371,0.10000000000000001,0.00000000000000000,-0.04000000000000000
1.61795604014182803,3.33931868428357870,0.66399999999999371,0.10000000000000001,0.00000000000000000,-0.04000000000000000
1.62584367906966998,3.34546563627710736,0.65999999999999370,0.10000000000000001,0.00000000000000000,-0.04000000000000000
1.63375584263889140,3.35158098862350906,0.65599999999999370,0.10000000000000001,0.00000000000000000,-0.04000000000000000
1.64169240425504381,3.35766464347727656,0.65199999999999370,0.10000000000000001,0.00000000000000000,-0.04000000000000000
1.64965323693331078,3.36371650350006224,0.64799999999999369,0.10000000000000001,0.00000000000000000,-0.04000000000000000
1.65763821330053940,3.36973647186223468,0.64399999999999369,0.10000000000000001,0.00000000000000000,-0.04000000000000000
1.66564720559727797,3.37572445224442852,0.63999999999999369,0.10000000000000001,0.00000000000000000,-0.04000000000000000
1.67368008567982063,3.38168034883908541,0.63599999999999368,0.10000000000000001,0.00000000000000000,-0.04000000000000000
1.68173672502225746,3.38760406635198708,0.63199999999999368,0.10000000000000001,0.00000000000000000,-0.04000000000000000
1.68981699471853086,3.39349551000377936,0.62799999999999367,0.10000000000000001,0.00000000000000000,-0.04000000000000000
1.69792076548449788,3.39935458553148973,0.62399999999999367,0.10000000000000001,0.00000000000000000,-0.04000000000000000
1.70604790765999925,3.40518119919003448,0.61999999999999367,0.10000000000000001,0.00000000000000000,-0.04000000000000000
1.71419829121093370,3.41097525775371979,0.61599999999999366,0.10000000000000001,0.00000000000000000,-0.04000000000000000
1.72237178573133809,3.41673666851773161,0.61199999999999366,0.10000000000000001,0.00000000000000000,-0.04000000000000000
1.73056826044547463,3.42246533929962116,0.60799999999999366,0.10000000000000001,0.00000000000000000,-0.04000000000000000
1.73878758420992274,3.42816117844077795,0.60399999999999365,0.10000000000000001,0.00000000000000000,-0.04000000000000000
1.74702962551567742,3.43382409480789752,0.59999999999999365,0.10000000000000001,0.00000000000000000,-0.04000000000000000
1.75529425249025373,3.43945399779443850,0.59599999999999365,0.10000000000000001,0.00000000000000000,-0.04000000000000000
1.76358133289979624,3.44505079732207342,0.59199999999999364,0.10000000000000001,0.00000000000000000,-0.04000000000000000
1.77189073415119513,3.45061440384212892,0.58799999999999364,0.10000000000000001,0.00000000000000000,-0.04000000000000000
1.78022232329420782,3.45614472833701969,0.58399999999999364,0.10000000000000001,0.00000000000000000,-0.04000000000000000
1.78857596702358568,3.46164168232167135,0.57999999999999363,0.10000000000000001,0.00000000000000000,-0.04000000000000000
1.79695153168120747,3.46710517784493799,0.57599999999999363,0.10000000000000001,0.00000000000000000,-0.04000000000000000
1.80534888325821719,3.47253512749100723,0.57199999999999362,0.10000000000000001,0.00000000000000000,-0.04000000000000000
1.81376788739716854,3.47793144438080093,0.56799999999999362,0.10000000000000001,0.00000000000000000,-0.04000000000000000
1.82220840939417528,3.48329404217336425,0.56399999999999362,0.10000000000000001,0.00000000000000000,-0.04000000000000000
1.83067031420106519,3.48862283506724635,0.55999999999999361,0.10000000000000001,0.00000000000000000,-0.04000000000000000
1.83915346642754196,3.49391773780187487,0.55599999999999361,0.10000000000000001,0.00000000000000000,-0.04000000000000000
1.84765773034335101,3.49917866565891877,0.55199999999999361,0.10000000000000001,0.00000000000000000,-0.04000000000000000
1.85618296988045128,3.50440553446364511,0.54799999999999360,0.10000000000000001,0.00000000000000000,-0.04000000000000000
1.86472904863519173,3.50959826058626412,0.54399999999999360,0.10000000000000001,0.00000000000000000,-0.04000000000000000
1.87329582987049470,3.51475676094326861,0.53999999999999360,0.10000000000000001,0.00000000000000000,-0.04000000000000000
1.88188317651804327,3.51988095299876314,0.53599999999999359,0.10000000000000001,0.00000000000000000,-0.04000000000000000
1.89049095118047417,3.52497075476578381,0.53199999999999359,0.10000000000000001,0.00000000000000000,-0.04000000000000000
1.89911901613357670,3.53002608480761104,0.52799999999999359,0.10000000000000001,0.00000000000000000,-0.04000000000000000
1.90776723332849540,3.53504686223907205,0.52399999999999358,0.10000000000000001,0.00000000000000000,-0.04000000000000000
1.91643546439393964,3.54003300672783494,0.51999999999999358,0.10000000000000001,0.00000000000000000,-0.04000000000000000
1.92512357063839734,3.54498443849569478,0.51599999999999357,0.10000000000000001,0.00000000000000000,-0.04000000000000000
1.93383141305235395,3.54990107831984814,0.51199999999999357,0.10000000000000001,0.00000000000000000,-0.04000000000000000
1.94255885231051661,3.55478284753416318,0.50799999999999357,0.10000000000000001,0.00000000000000000,-0.04000000000000000
1.95130574877404350,3.55962966803043646,0.50399999999999356,0.10000000000000001,0.00000000000000000,-0.04000000000000000
1.96007196249277760,3.56444146225964387,0.49999999999999356,0.10000000000000001,0.00000000000000000,-0.04000000000000000
1.96885735320748667,3.56921815323317970,0.49599999999999356,0.10000000000000001,0.00000000000000000,-0.04000000000000000
1.97766178035210660,3.57395966452409075,0.49199999999999355,0.10000000000000001,0.00000000000000000,-0.04000000000000000
1.98648510305599069,3.57866592026829755,0.48799999999999355,0.10000000000000001,0.00000000000000000,-0.04000000000000000
1.99532718014616406,3.58333684516580808,0.48399999999999355,0.10000000000000001,0.00000000000000000,-0.04000000000000000
2.00418787014958211,3.58797236448192436,0.47999999999999354,0.10000000000000001,0.00000000000000000,-0.04000000000000000
2.01306703129539333,3.59257240404843570,0.47599999999999354,0.10000000000000001,0.00000000000000000,-0.04000000000000000
2.02196452151720907,3.59713689026480710,0.47199999999999354,0.10000000000000001,0.00000000000000000,-0.04000000000000000
2.03088019845537593,3.60166575009935697,0.46799999999999353,0.10000000000000001,0.00000000000000000,-0.04000000000000000
2.03981391945925283,3.60615891109042419,0.46399999999999353,0.10000000000000001,0.00000000000000000,-0.04000000000000000
2.04876554158949409,3.61061630134752898,0.45999999999999353,0.10000000000000001,0.00000000000000000,-0.04000000000000000
2.05773492162033689,3.61503784955252216,0.45599999999999352,0.10000000000000001,0.00000000000000000,-0.04000000000000000
2.06672191604189193,3.61942348496072652,0.45199999999999352,0.10000000000000001,0.00000000000000000,-0.04000000000000000
2.07572638106244023,3.62377313740206963,0.44799999999999351,0.10000000000000001,0.00000000000000000,-0.04000000000000000
2.08474817261073353,3.62808673728220477,0.44399999999999351,0.10000000000000001,0.00000000000000000,-0.04000000000000000
2.09378714633829954,3.63236421558362599,0.43999999999999351,0.10000000000000001,0.00000000000000000,-0.04000000000000000
2.10284315762175122,3.63660550386677217,0.43599999999999350,0.10000000000000001,0.00000000000000000,-0.04000000000000000
2.11191606156510137,3.64081053427112078,0.43199999999999350,0.10000000000000001,0.00000000000000000,-0.04000000000000000
2.12100571300208074,3.64497923951627500,0.42799999999999350,0.10000000000000001,0.00000000000000000,-0.04000000000000000
2.13011196649845980,3.64911155290304023,0.42399999999999349,0.10000000000000001,0.00000000000000000,-0.04000000000000000
2.13923467635437703,3.65320740831448987,0.41999999999999349,0.10000000000000001,0.00000000000000000,-0.04000000000000000
2.14837369660666955,3.65726674021702536,0.41599999999999349,0.10000000000000001,0.00000000000000000,-0.04000000000000000
2.15752888103120810,3.66128948366142248,0.41199999999999348,0.10000000000000001,0.00000000000000000,-0.04000000000000000
2.16670008314523743,3.66527557428387185,0.40799999999999348,0.10000000000000001,0.00000000000000000,-0.04000000000000000
2.17588715620971929,3.66922494830700874,0.40399999999999348,0.10000000000000001,0.00000000000000000,-0.04000000000000000
2.18508995323168032,3.67313754254093316,0.39999999999999347,0.10000000000000001,0.00000000000000000,-0.04000000000000000
2.19430832696656486,3.67701329438422064,0.39599999999999347,0.10000000000000001,0.00000000000000000,-0.04000000000000000
2.20354212992058951,3.68085214182492448,0.39199999999999346,0.10000000000000001,0.00000000000000000,-0.04000000000000000
2.21279121435310433,3.68465402344156745,0.38799999999999346,0.10000000000000001,0.00000000000000000,-0.04000000000000000
2.22205543227895541,3.68841887840412497,0.38399999999999346,0.10000000000000001,0.00000000000000000,-0.04000000000000000
2.23133463547085364,3.69214664647499768,0.37999999999999345,0.10000000000000001,0.00000000000000000,-0.04000000000000000
2.24062867546174616,3.69583726800997603,0.37599999999999345,0.10000000000000001,0.00000000000000000,-0.04000000000000000
2.24993740354719129,3.69949068395919412,0.37199999999999345,0.10000000000000001,0.00000000000000000,-0.04000000000000000
2.25926067078773807,3.70310683586807476,0.36799999999999344,0.10000000000000001,0.00000000000000000,-0.04000000000000000
2.26859832801130956,3.70668566587826476,0.36399999999999344,0.10000000000000001,0.00000000000000000,-0.04000000000000000
2.27795022581558948,3.71022711672856031,0.35999999999999344,0.10000000000000001,0.00000000000000000,-0.04000000000000000
2.28731621457041268,3.71373113175582326,0.35599999999999343,0.10000000000000001,0.00000000000000000,-0.04000000000000000
2.29669614442015835,3.71719765489588783,0.35199999999999343,0.10000000000000001,0.00000000000000000,-0.04000000000000000
2.30608986528614945,3.72062663068445776,0.34799999999999343,0.10000000000000001,0.00000000000000000,-0.04000000000000000
2.31549722686905257,3.72401800425799356,0.34399999999999342,0.10000000000000001,0.00000000000000000,-0.04000000000000000
2.32491807865128264,3.72737172135459049,0.33999999999999342,0.10000000000000001,0.00000000000000000,-0.04000000000000000
2.33435226989941258,3.73068772831484630,0.33599999999999342,0.10000000000000001,0.00000000000000000,-0.04000000000000000
2.34379964966658338,3.73396597208272052,0.33199999999999341,0.10000000000000001,0.00000000000000000,-0.04000000000000000
2.35326006679492039,3.73720640020638317,0.32799999999999341,0.10000000000000001,0.00000000000000000,-0.04000000000000000
2.36273336991795135,3.74040896083905272,0.32399999999999340,0.10000000000000001,0.00000000000000000,-0.04000000000000000
2.37221940746302851,3.74357360273982787,0.31999999999999340,0.10000000000000001,0.00000000000000000,-0.04000000000000000
2.38171802765375329,3.74670027527450555,0.31599999999999340,0.10000000000000001,0.00000000000000000,-0.04000000000000000
2.39122907851240551,3.74978892841639189,0.31199999999999339,0.10000000000000001,0.00000000000000000,-0.04000000000000000
2.40075240786237432,3.75283951274710281,0.30799999999999339,0.10000000000000001,0.00000000000000000,-0.04000000000000000
2.41028786333059308,3.75585197945735372,0.30399999999999339,0.10000000000000001,0.00000000000000000,-0.04000000000000000
2.41983529234997796,3.75882628034774147,0.29999999999999338,0.10000000000000001,0.00000000000000000,-0.04000000000000000
2.42939454216186812,3.76176236782951579,0.29599999999999338,0.10000000000000001,0.00000000000000000,-0.04000000000000000
2.43896545981847090,3.76466019492533910,0.29199999999999338,0.10000000000000001,0.00000000000000000,-0.04000000000000000
2.44854789218530744,3.76751971527003970,0.28799999999999337,0.10000000000000001,0.00000000000000000,-0.04000000000000000
2.45814168594366445,3.77034088311135340,0.28399999999999337,0.10000000000000001,0.00000000000000000,-0.04000000000000000
2.46774668759304650,3.77312365331065491,0.27999999999999337,0.10000000000000001,0.00000000000000000,-0.04000000000000000
2.47736274345363228,3.77586798134367996,0.27599999999999336,0.10000000000000001,0.00000000000000000,-0.04000000000000000
2.48698969966873307,3.77857382330123892,0.27199999999999336,0.10000000000000001,0.00000000000000000,-0.04000000000000000
2.49662740220725476,3.78124113588991806,0.26799999999999335,0.10000000000000001,0.00000000000000000,-0.04000000000000000
2.50627569686616258,3.78386987643277317,0.26399999999999335,0.10000000000000001,0.00000000000000000,-0.04000000000000000
2.51593442927294753,3.78646000287001128,0.25999999999999335,0.10000000000000001,0.00000000000000000,-0.04000000000000000
2.52560344488809729,3.78901147375966474,0.25599999999999334,0.10000000000000001,0.00000000000000000,-0.04000000000000000
2.53528258900756809,3.79152424827825385,0.25199999999999334,0.10000000000000001,0.00000000000000000,-0.04000000000000000
2.54497170676526041,3.79399828622143964,0.24799999999999334,0.10000000000000001,0.00000000000000000,-0.04000000000000000
2.55467064313549708,3.79643354800466826,0.24399999999999333,0.10000000000000001,0.00000000000000000,-0.04000000000000000
2.56437924293550301,3.79882999466380289,0.23999999999999333,0.10000000000000001,0.00000000000000000,-0.04000000000000000
2.57409735082788860,3.80118758785574817,0.23599999999999333,0.10000000000000001,0.00000000000000000,-0.04000000000000000
2.58382481132313480,3.80350628985906303,0.23199999999999332,0.10000000000000001,0.00000000000000000,-0.04000000000000000
2.59356146878208138,3.80578606357456506,0.22799999999999332,0.10000000000000001,0.00000000000000000,-0.04000000000000000
2.60330716741841650,3.80802687252592342,0.22399999999999332,0.10000000000000001,0.00000000000000000,-0.04000000000000000
2.61306175130117024,3.81022868086024280,0.21999999999999331,0.10000000000000001,0.00000000000000000,-0.04000000000000000
2.62282506435720819,3.81239145334863716,0.21599999999999331,0.10000000000000001,0.00000000000000000,-0.04000000000000000
2.63259695037372987,3.81451515538679242,0.21199999999999330,0.10000000000000001,0.00000000000000000,-0.04000000000000000
2.64237725300076765,3.81659975299552112,0.20799999999999330,0.10000000000000001,0.00000000000000000,-0.04000000000000000
2.65216581575368782,3.81864521282130642,0.20399999999999330,0.10000000000000001,0.00000000000000000,-0.04000000000000000
2.66196248201569530,3.82065150213683413,0.19999999999999329,0.10000000000000001,0.00000000000000000,-0.04000000000000000
2.67176709504033871,3.82261858884151851,0.19599999999999329,0.10000000000000001,0.00000000000000000,-0.04000000000000000
2.68157949795401906,3.82454644146201428,0.19199999999999329,0.10000000000000001,0.00000000000000000,-0.04000000000000000
2.69139953375849927,3.82643502915272027,0.18799999999999328,0.10000000000000001,0.00000000000000000,-0.04000000000000000
2.70122704533341551,3.82828432169627408,0.18399999999999328,0.10000000000000001,0.00000000000000000,-0.04000000000000000
2.71106187543879251,3.83009428950403441,0.17999999999999328,0.10000000000000001,0.00000000000000000,-0.04000000000000000
2.72090386671755802,3.83186490361655485,0.17599999999999327,0.10000000000000001,0.00000000000000000,-0.04000000000000000
2.73075286169806208,3.83359613570404711,0.17199999999999327,0.10000000000000001,0.00000000000000000,-0.04000000000000000
2.74060870279659463,3.83528795806683487,0.16799999999999327,0.10000000000000001,0.00000000000000000,-0.04000000000000000
2.75047123231990875,3.83694034363579650,0.16399999999999326,0.10000000000000001,0.00000000000000000,-0.04000000000000000
2.76034029246774226,3.83855326597279856,0.15999999999999326,0.10000000000000001,0.00000000000000000,-0.04000000000000000
2.77021572533534322,3.84012669927111761,0.15599999999999326,0.10000000000000001,0.00000000000000000,-0.04000000000000000
2.78009737291599679,3.84166061835585460,0.15199999999999325,0.10000000000000001,0.00000000000000000,-0.04000000000000000
2.78998507710355215,3.84315499868433674,0.14799999999999325,0.10000000000000001,0.00000000000000000,-0.04000000000000000
2.79987867969495330,3.84460981634651056,0.14399999999999324,0.10000000000000001,0.00000000000000000,-0.04000000000000000
2.80977802239276997,3.84602504806532464,0.13999999999999324,0.10000000000000001,0.00000000000000000,-0.04000000000000000
2.81968294680773024,3.84740067119710183,0.13599999999999324,0.10000000000000001,0.00000000000000000,-0.04000000000000000
2.82959329446125452,3.84873666373190115,0.13199999999999323,0.10000000000000001,0.00000000000000000,-0.04000000000000000
2.83950890678799217,3.85003300429387085,0.12799999999999323,0.10000000000000001,0.00000000000000000,-0.04000000000000000
2.84942962513835685,3.85128967214158902,0.12399999999999323,0.10000000000000001,0.00000000000000000,-0.04000000000000000
2.85935529078106709,3.85250664716839752,0.11999999999999322,0.10000000000000001,0.00000000000000000,-0.04000000000000000
2.86928574490568433,3.85368390990272180,0.11599999999999322,0.10000000000000001,0.00000000000000000,-0.04000000000000000
2.87922082862515438,3.85482144150838302,0.11199999999999322,0.10000000000000001,0.00000000000000000,-0.04000000000000000
2.88916038297834943,3.85591922378489960,0.10799999999999321,0.10000000000000001,0.00000000000000000,-0.04000000000000000
2.89910424893261220,3.85697723916777857,0.10399999999999321,0.10000000000000001,0.00000000000000000,-0.04000000000000000
2.90905226738629930,3.85799547072879667,0.09999999999999321,0.10000000000000001,0.00000000000000000,-0.04000000000000000
2.91900427917132799,3.85897390217627034,0.09599999999999320,0.10000000000000001,0.00000000000000000,-0.04000000000000000
2.92896012505572179,3.85991251785531775,0.09199999999999320,0.10000000000000001,0.00000000000000000,-0.04000000000000000
2.93891964574615905,3.86081130274810747,0.08799999999999319,0.10000000000000001,0.00000000000000000,-0.04000000000000000
2.94888268189052116,3.86167024247410096,0.08399999999999319,0.10000000000000001,0.00000000000000000,-0.04000000000000000
2.95884907408044251,3.86248932329028039,0.07999999999999319,0.10000000000000001,0.00000000000000000,-0.04000000000000000
2.96881866285386042,3.86326853209137067,0.07599999999999318,0.10000000000000001,0.00000000000000000,-0.04000000000000000
2.97879128869756737,3.86400785641004729,0.07199999999999318,0.10000000000000001,0.00000000000000000,-0.04000000000000000
2.98876679204976226,3.86470728441713707,0.06799999999999318,0.10000000000000001,0.00000000000000000,-0.04000000000000000
2.99874501330260479,3.86536680492180684,0.06399999999999317,0.10000000000000001,0.00000000000000000,-0.04000000000000000
3.00872579280476726,3.86598640737174248,0.05999999999999317,0.10000000000000001,0.00000000000000000,-0.04000000000000000
3.01870897086399115,3.86656608185331807,0.05599999999999317,0.10000000000000001,0.00000000000000000,-0.04000000000000000
3.02869438774964017,3.86710581909175399,0.05199999999999316,0.10000000000000001,0.00000000000000000,-0.04000000000000000
3.03868188369525694,3.86760561045126616,0.04799999999999316,0.10000000000000001,0.00000000000000000,-0.04000000000000000
3.04867129890111954,3.86806544793520368,0.04399999999999316,0.10000000000000001,0.00000000000000000,-0.04000000000000000
3.05866247353679821,3.86848532418617630,0.03999999999999315,0.10000000000000001,0.00000000000000000,-0.04000000000000000
3.06865524774371146,3.86886523248617342,0.03599999999999315,0.10000000000000001,0.00000000000000000,-0.04000000000000000
3.07864946163768538,3.86920516675666981,0.03199999999999315,0.10000000000000001,0.00000000000000000,-0.04000000000000000
3.08864495531151073,3.86950512155872461,0.02799999999999314,0.10000000000000001,0.00000000000000000,-0.04000000000000000
3.09864156883750175,3.86976509209306752,0.02399999999999314,0.10000000000000001,0.00000000000000000,-0.04000000000000000
3.10863914227005544,3.86998507420017557,0.01999999999999314,0.10000000000000001,0.00000000000000000,-0.04000000000000000
3.11863751564821046,3.87016506436033936,0.01599999999999314,0.10000000000000001,0.00000000000000000,-0.04000000000000000
3.12863652899820588,3.87030505969372074,0.01199999999999314,0.10000000000000001,0.00000000000000000,-0.04000000000000000
3.13863602233604144,3.87040505796039680,0.00799999999999314,0.10000000000000001,0.00000000000000000,-0.04000000000000000
3.14863583567003680,3.87046505756039760,0.00399999999999314,0.10000000000000001,0.00000000000000000,-0.04000000000000000
3.15863580900339214,3.87048505753373107,-0.00000000000000686,0.10000000000000001,0.00000000000000000,-0.04000000000000000
3.16863578233674748,3.87046505756039760,-0.00400000000000686,0.10000000000000001,0.00000000000000000,-0.04000000000000000
3.17863559567074283,3.87040505796039680,-0.00800000000000686,0.10000000000000001,0.00000000000000000,-0.04000000000000000
3.18863508900857839,3.87030505969372074,-0.01200000000000686,0.10000000000000001,0.00000000000000000,-0.04000000000000000
3.19863410235857382,3.87016506436033936,-0.01600000000000686,0.10000000000000001,0.00000000000000000,-0.04000000000000000
3.20863247573672883,3.86998507420017512,-0.02000000000000686,0.10000000000000001,0.00000000000000000,-0.04000000000000000
3.21863004916928253,3.86976509209306707,-0.02400000000000686,0.10000000000000001,0.00000000000000000,-0.04000000000000000
3.22862666269527354,3.86950512155872417,-0.02800000000000686,0.10000000000000001,0.00000000000000000,-0.04000000000000000
3.23862215636909889,3.86920516675666892,-0.03200000000000686,0.10000000000000001,0.00000000000000000,-0.04000000000000000
3.24861637026307282,3.86886523248617209,-0.03600000000000687,0.10000000000000001,0.00000000000000000,-0.04000000000000000
3.25860914446998606,3.86848532418617497,-0.04000000000000687,0.10000000000000001,0.00000000000000000,-0.04000000000000000
3.26860031910566473,3.86806544793520191,-0.04400000000000687,0.10000000000000001,0.00000000000000000,-0.04000000000000000
3.27858973431152734,3.86760561045126439,-0.04800000000000688,0.10000000000000001,0.00000000000000000,-0.04000000000000000
3.28857723025714410,3.86710581909175177,-0.05200000000000688,0.10000000000000001,0.00000000000000000,-0.04000000000000000
3.29856264714279312,3.86656608185331541,-0.05600000000000688,0.10000000000000001,0.00000000000000000,-0.04000000000000000
3.30854582520201701,3.86598640737173982,-0.06000000000000689,0.10000000000000001,0.00000000000000000,-0.04000000000000000
3.31852660470417948,3.86536680492180418,-0.06400000000000688,0.10000000000000001,0.00000000000000000,-0.04000000000000000
3.32850482595702202,3.86470728441713440,-0.06800000000000689,0.10000000000000001,0.00000000000000000,-0.04000000000000000
3.33848032930921690,3.86400785641004463,-0.07200000000000689,0.10000000000000001,0.00000000000000000,-0.04000000000000000
3.34845295515292385,3.86326853209136800,-0.07600000000000690,0.10000000000000001,0.00000000000000000,-0.04000000000000000
3.35842254392634176,3.86248932329027772,-0.08000000000000690,0.10000000000000001,0.00000000000000000,-0.04000000000000000
3.36838893611626311,3.86167024247409785,-0.08400000000000690,0.10000000000000001,0.00000000000000000,-0.04000000000000000
3.37835197226062522,3.86081130274810436,-0.08800000000000691,0.10000000000000001,0.00000000000000000,-0.04000000000000000
3.38831149295106249,3.85991251785531420,-0.09200000000000691,0.10000000000000001,0.00000000000000000,-0.04000000000000000
3.39826733883545629,3.85897390217626679,-0.09600000000000691,0.10000000000000001,0.00000000000000000,-0.04000000000000000
3.40821935062048498,3.85799547072879268,-0.10000000000000692,0.10000000000000001,0.00000000000000000,-0.04000000000000000
3.41816736907417207,3.85697723916777457,-0.10400000000000692,0.10000000000000001,0.00000000000000000,-0.04000000000000000
3.42811123502843484,3.85591922378489516,-0.10800000000000692,0.10000000000000001,0.00000000000000000,-0.04000000000000000
3.43805078938162989,3.85482144150837858,-0.11200000000000693,0.10000000000000001,0.00000000000000000,-0.04000000000000000
3.44798587310109994,3.85368390990271736,-0.11600000000000693,0.10000000000000001,0.00000000000000000,-0.04000000000000000
3.45791632722571718,3.85250664716839308,-0.12000000000000693,0.10000000000000001,0.00000000000000000,-0.04000000000000000
3.46784199286842743,3.85128967214158457,-0.12400000000000694,0.10000000000000001,0.00000000000000000,-0.04000000000000000
3.47776271121879210,3.85003300429386597,-0.12800000000000694,0.10000000000000001,0.00000000000000000,-0.04000000000000000
3.48767832354552976,3.84873666373189627,-0.13200000000000695,0.10000000000000001,0.00000000000000000,-0.04000000000000000
3.49758867119905403,3.84740067119709694,-0.13600000000000695,0.10000000000000001,0.00000000000000000,-0.04000000000000000
3.50749359561401430,3.84602504806531975,-0.14000000000000695,0.10000000000000001,0.00000000000000000,-0.04000000000000000
3.51739293831183097,3.84460981634650523,-0.14400000000000696,0.10000000000000001,0.00000000000000000,-0.04000000000000000
3.52728654090323213,3.84315499868433141,-0.14800000000000696,0.10000000000000001,0.00000000000000000,-0.04000000000000000
3.53717424509078748,3.84166061835584927,-0.15200000000000696,0.10000000000000001,0.00000000000000000,-0.04000000000000000
3.54705589267144106,3.84012669927111228,-0.15600000000000697,0.10000000000000001,0.00000000000000000,-0.04000000000000000
3.55693132553904201,3.83855326597279323,-0.16000000000000697,0.10000000000000001,0.00000000000000000,-0.04000000000000000
3.56680038568687552,3.83694034363579117,-0.16400000000000697,0.10000000000000001,0.00000000000000000,-0.04000000000000000
3.57666291521018964,3.83528795806682909,-0.16800000000000698,0.10000000000000001,0.00000000000000000,-0.04000000000000000
3.58651875630872219,3.83359613570404090,-0.17200000000000698,0.10000000000000001,0.00000000000000000,-0.04000000000000000
3.59636775128922626,3.83186490361654863,-0.17600000000000698,0.10000000000000001,0.00000000000000000,-0.04000000000000000
3.60620974256799176,3.83009428950402819,-0.18000000000000699,0.10000000000000001,0.00000000000000000,-0.04000000000000000
3.61604457267336876,3.82828432169626787,-0.18400000000000699,0.10000000000000001,0.00000000000000000,-0.04000000000000000
3.62587208424828500,3.82643502915271405,-0.18800000000000699,0.10000000000000001,0.00000000000000000,-0.04000000000000000
3.63569212005276476,3.82454644146200806,-0.19200000000000700,0.10000000000000001,0.00000000000000000,-0.04000000000000000
3.64550452296644512,3.82261858884151229,-0.19600000000000700,0.10000000000000001,0.00000000000000000,-0.04000000000000000
3.65530913599108853,3.82065150213682792,-0.20000000000000701,0.10000000000000001,0.00000000000000000,-0.04000000000000000
3.66510580225309601,3.81864521282129976,-0.20400000000000701,0.10000000000000001,0.00000000000000000,-0.04000000000000000
3.67489436500601618,3.81659975299551446,-0.20800000000000701,0.10000000000000001,0.00000000000000000,-0.04000000000000000
3.68467466763305351,3.81451515538678576,-0.21200000000000702,0.10000000000000001,0.00000000000000000,-0.04000000000000000
3.69444655364957519,3.81239145334863050,-0.21600000000000702,0.10000000000000001,0.00000000000000000,-0.04000000000000000
3.70420986670561314,3.81022868086023614,-0.22000000000000702,0.10000000000000001,0.00000000000000000,-0.04000000000000000
3.71396445058836688,3.80802687252591632,-0.22400000000000703,0.10000000000000001,0.00000000000000000,-0.04000000000000000
3.72371014922470200,3.80578606357455751,-0.22800000000000703,0.10000000000000001,0.00000000000000000,-0.04000000000000000
3.73344680668364859,3.80350628985905503,-0.23200000000000703,0.10000000000000001,0.00000000000000000,-0.04000000000000000
3.74317426717889479,3.80118758785573974,-0.23600000000000704,0.10000000000000001,0.00000000000000000,-0.04000000000000000
3.75289237507128037,3.79882999466379445,-0.24000000000000704,0.10000000000000001,0.00000000000000000,-0.04000000000000000
3.76260097487128631,3.79643354800465982,-0.24400000000000704,0.10000000000000001,0.00000000000000000,-0.04000000000000000
3.77229991124152297,3.79399828622143120,-0.24800000000000705,0.10000000000000001,0.00000000000000000,-0.04000000000000000
3.78198902899921530,3.79152424827824497,-0.25200000000000705,0.10000000000000001,0.00000000000000000,-0.04000000000000000
3.79166817311868609,3.78901147375965586,-0.25600000000000706,0.10000000000000001,0.00000000000000000,-0.04000000000000000
3.80133718873383541,3.78646000287000239,-0.26000000000000706,0.10000000000000001,0.00000000000000000,-0.04000000000000000
3.81099592114062036,3.78386987643276429,-0.26400000000000706,0.10000000000000001,0.00000000000000000,-0.04000000000000000
3.82064421579952818,3.78124113588990918,-0.26800000000000707,0.10000000000000001,0.00000000000000000,-0.04000000000000000
3.83028191833804987,3.77857382330122960,-0.27200000000000707,0.10000000000000001,0.00000000000000000,-0.04000000000000000
3.83990887455315066,3.77586798134367063,-0.27600000000000707,0.10000000000000001,0.00000000000000000,-0.04000000000000000
3.84952493041373645,3.77312365331064514,-0.28000000000000708,0.10000000000000001,0.00000000000000000,-0.04000000000000000
3.85912993206311850,3.77034088311134363,-0.28400000000000708,0.10000000000000001,0.00000000000000000,-0.04000000000000000
3.86872372582147550,3.76751971527002993,-0.28800000000000708,0.10000000000000001,0.00000000000000000,-0.04000000000000000
3.87830615818831204,3.76466019492532888,-0.29200000000000709,0.10000000000000001,0.00000000000000000,-0.04000000000000000
3.88787707584491482,3.76176236782950557,-0.29600000000000709,0.10000000000000001,0.00000000000000000,-0.04000000000000000
3.89743632565680498,3.75882628034773125,-0.30000000000000709,0.10000000000000001,0.00000000000000000,-0.04000000000000000
3.90698375467618986,3.75585197945734306,-0.30400000000000710,0.10000000000000001,0.00000000000000000,-0.04000000000000000
3.91651921014440862,3.75283951274709215,-0.30800000000000710,0.10000000000000001,0.00000000000000000,-0.04000000000000000
3.92604253949437743,3.74978892841638123,-0.31200000000000710,0.10000000000000001,0.00000000000000000,-0.04000000000000000
3.93555359035302965,3.74670027527449445,-0.31600000000000711,0.10000000000000001,0.00000000000000000,-0.04000000000000000
3.94505221054375443,3.74357360273981676,-0.32000000000000711,0.10000000000000001,0.00000000000000000,-0.04000000000000000
3.95453824808883159,3.74040896083904162,-0.32400000000000712,0.10000000000000001,0.00000000000000000,-0.04000000000000000
3.96401155121186255,3.73720640020637163,-0.32800000000000712,0.10000000000000001,0.00000000000000000,-0.04000000000000000
3.97347196834019956,3.73396597208270897,-0.33200000000000712,0.10000000000000001,0.00000000000000000,-0.04000000000000000
3.98291934810737036,3.73068772831483431,-0.33600000000000713,0.10000000000000001,0.00000000000000000,-0.04000000000000000
3.99235353935550030,3.72737172135457806,-0.34000000000000713,0.10000000000000001,0.00000000000000000,-0.04000000000000000
4.00177439113773037,3.72401800425798113,-0.34400000000000713,0.10000000000000001,0.00000000000000000,-0.04000000000000000
4.01118175272063304,3.72062663068444532,-0.34800000000000714,0.10000000000000001,0.00000000000000000,-0.04000000000000000
4.02057547358662415,3.71719765489587539,-0.35200000000000714,0.10000000000000001,0.00000000000000000,-0.04000000000000000
4.02995540343636982,3.71373113175581082,-0.35600000000000714,0.10000000000000001,0.00000000000000000,-0.04000000000000000
4.03932139219119257,3.71022711672854788,-0.36000000000000715,0.10000000000000001,0.00000000000000000,-0.04000000000000000
4.04867328999547293,3.70668566587825232,-0.36400000000000715,0.10000000000000001,0.00000000000000000,-0.04000000000000000
4.05801094721904487,3.70310683586806233,-0.36800000000000715,0.10000000000000001,0.00000000000000000,-0.04000000000000000
4.06733421445959120,3.69949068395918124,-0.37200000000000716,0.10000000000000001,0.00000000000000000,-0.04000000000000000
4.07664294254503634,3.69583726800996271,-0.37600000000000716,0.10000000000000001,0.00000000000000000,-0.04000000000000000
4.08593698253592841,3.69214664647498436,-0.38000000000000717,0.10000000000000001,0.00000000000000000,-0.04000000000000000
4.09521618572782664,3.68841887840411164,-0.38400000000000717,0.10000000000000001,0.00000000000000000,-0.04000000000000000
4.10448040365367817,3.68465402344155413,-0.38800000000000717,0.10000000000000001,0.00000000000000000,-0.04000000000000000
4.11372948808619299,3.68085214182491116,-0.39200000000000718,0.10000000000000001,0.00000000000000000,-0.04000000000000000
4.12296329104021808,3.67701329438420732,-0.39600000000000718,0.10000000000000001,0.00000000000000000,-0.04000000000000000
4.13218166477510263,3.67313754254091984,-0.40000000000000718,0.10000000000000001,0.00000000000000000,-0.04000000000000000
4.14138446179706410,3.66922494830699542,-0.40400000000000719,0.10000000000000001,0.00000000000000000,-0.04000000000000000
4.15057153486154551,3.66527557428385808,-0.40800000000000719,0.10000000000000001,0.00000000000000000,-0.04000000000000000
4.15974273697557440,3.66128948366140827,-0.41200000000000719,0.10000000000000001,0.00000000000000000,-0.04000000000000000
4.16889792140011295,3.65726674021701115,-0.41600000000000720,0.10000000000000001,0.00000000000000000,-0.04000000000000000
4.17803694165240547,3.65320740831447566,-0.42000000000000720,0.10000000000000001,0.00000000000000000,-0.04000000000000000
4.18715965150832314,3.64911155290302558,-0.42400000000000720,0.10000000000000001,0.00000000000000000,-0.04000000000000000
4.19626590500470265,3.64497923951626035,-0.42800000000000721,0.10000000000000001,0.00000000000000000,-0.04000000000000000
4.20535555644168202,3.64081053427110612,-0.43200000000000721,0.10000000000000001,0.00000000000000000,-0.04000000000000000
4.21442846038503216,3.63660550386675752,-0.43600000000000722,0.10000000000000001,0.00000000000000000,-0.04000000000000000
4.22348447166848384,3.63236421558361133,-0.44000000000000722,0.10000000000000001,0.00000000000000000,-0.04000000000000000
4.23252344539604941,3.62808673728218967,-0.44400000000000722,0.10000000000000001,0.00000000000000000,-0.04000000000000000
4.24154523694434271,3.62377313740205453,-0.44800000000000723,0.10000000000000001,0.00000000000000000,-0.04000000000000000
4.25054970196489101,3.61942348496071142,-0.45200000000000723,0.10000000000000001,0.00000000000000000,-0.04000000000000000
4.25953669638644605,3.61503784955250662,-0.45600000000000723,0.10000000000000001,0.00000000000000000,-0.04000000000000000
4.26850607641728885,3.61061630134751343,-0.46000000000000724,0.10000000000000001,0.00000000000000000,-0.04000000000000000
4.27745769854753011,3.60615891109040865,-0.46400000000000724,0.10000000000000001,0.00000000000000000,-0.04000000000000000
4.28639141955140701,3.60166575009934142,-0.46800000000000724,0.10000000000000001,0.00000000000000000,-0.04000000000000000
4.29530709648957387,3.59713689026479155,-0.47200000000000725,0.10000000000000001,0.00000000000000000,-0.04000000000000000
4.30420458671139006,3.59257240404841971,-0.47600000000000725,0.10000000000000001,0.00000000000000000,-0.04000000000000000
4.31308374785720172,3.58797236448190837,-0.48000000000000725,0.10000000000000001,0.00000000000000000,-0.04000000000000000
4.32194443786061999,3.58333684516579210,-0.48400000000000726,0.10000000000000001,0.00000000000000000,-0.04000000000000000
4.33078651495079381,3.57866592026828112,-0.48800000000000726,0.10000000000000001,0.00000000000000000,-0.04000000000000000
4.33960983765467745,3.57395966452407432,-0.49200000000000726,0.10000000000000001,0.00000000000000000,-0.04000000000000000
4.34841426479929716,3.56921815323316327,-0.49600000000000727,0.10000000000000001,0.00000000000000000,-0.04000000000000000
4.35719965551400623,3.56444146225962699,-0.50000000000000722,0.10000000000000001,0.00000000000000000,-0.04000000000000000
4.36596586923274010,3.55962966803041958,-0.50400000000000722,0.10000000000000001,0.00000000000000000,-0.04000000000000000
4.37471276569626699,3.55478284753414586,-0.50800000000000722,0.10000000000000001,0.00000000000000000,-0.04000000000000000
4.38344020495442965,3.54990107831983082,-0.51200000000000723,0.10000000000000001,0.00000000000000000,-0.04000000000000000
4.39214804736838627,3.54498443849567701,-0.51600000000000723,0.10000000000000001,0.00000000000000000,-0.04000000000000000
4.40083615361284419,3.54003300672781718,-0.52000000000000723,0.10000000000000001,0.00000000000000000,-0.04000000000000000
4.40950438467828842,3.53504686223905384,-0.52400000000000724,0.10000000000000001,0.00000000000000000,-0.04000000000000000
4.41815260187320735,3.53002608480759283,-0.52800000000000724,0.10000000000000001,0.00000000000000000,-0.04000000000000000
4.42678066682630966,3.52497075476576560,-0.53200000000000724,0.10000000000000001,0.00000000000000000,-0.04000000000000000
4.43538844148874034,3.51988095299874493,-0.53600000000000725,0.10000000000000001,0.00000000000000000,-0.04000000000000000
4.44397578813628868,3.51475676094325040,-0.54000000000000725,0.10000000000000001,0.00000000000000000,-0.04000000000000000
4.45254256937159187,3.50959826058624591,-0.54400000000000726,0.10000000000000001,0.00000000000000000,-0.04000000000000000
4.46108864812633232,3.50440553446362690,-0.54800000000000726,0.10000000000000001,0.00000000000000000,-0.04000000000000000
4.46961388766343237,3.49917866565890057,-0.55200000000000726,0.10000000000000001,0.00000000000000000,-0.04000000000000000
4.47811815157924187,3.49391773780185622,-0.55600000000000727,0.10000000000000001,0.00000000000000000,-0.04000000000000000
4.48660130380571864,3.48862283506722770,-0.56000000000000727,0.10000000000000001,0.00000000000000000,-0.04000000000000000
4.49506320861260811,3.48329404217334559,-0.56400000000000727,0.10000000000000001,0.00000000000000000,-0.04000000000000000
4.50350373060961484,3.47793144438078228,-0.56800000000000728,0.10000000000000001,0.00000000000000000,-0.04000000000000000
4.51192273474856620,3.47253512749098814,-0.57200000000000728,0.10000000000000001,0.00000000000000000,-0.04000000000000000
4.52032008632557591,3.46710517784491845,-0.57600000000000728,0.10000000000000001,0.00000000000000000,-0.04000000000000000
4.52869565098319793,3.46164168232165181,-0.58000000000000729,0.10000000000000001,0.00000000000000000,-0.04000000000000000
4.53704929471257579,3.45614472833699971,-0.58400000000000729,0.10000000000000001,0.00000000000000000,-0.04000000000000000
4.54538088385558847,3.45061440384210893,-0.58800000000000729,0.10000000000000001,0.00000000000000000,-0.04000000000000000
4.55369028510698737,3.44505079732205344,-0.59200000000000730,0.10000000000000001,0.00000000000000000,-0.04000000000000000
4.56197736551652966,3.43945399779441852,-0.59600000000000730,0.10000000000000001,0.00000000000000000,-0.04000000000000000
4.57024199249110552,3.43382409480787754,-0.60000000000000731,0.10000000000000001,0.00000000000000000,-0.04000000000000000
4.57848403379685998,3.42816117844075796,-0.60400000000000731,0.10000000000000001,0.00000000000000000,-0.04000000000000000
4.58670335756130765,3.42246533929960073,-0.60800000000000731,0.10000000000000001,0.00000000000000000,-0.04000000000000000
4.59489983227544396,3.41673666851771118,-0.61200000000000732,0.10000000000000001,0.00000000000000000,-0.04000000000000000
4.60307332679584835,3.41097525775369892,-0.61600000000000732,0.10000000000000001,0.00000000000000000,-0.04000000000000000
4.61122371034678302,3.40518119919001361,-0.62000000000000732,0.10000000000000001,0.00000000000000000,-0.04000000000000000
4.61935085252228461,3.39935458553146885,-0.62400000000000733,0.10000000000000001,0.00000000000000000,-0.04000000000000000
4.62745462328825141,3.39349551000375849,-0.62800000000000733,0.10000000000000001,0.00000000000000000,-0.04000000000000000
4.63553489298452437,3.38760406635196620,-0.63200000000000733,0.10000000000000001,0.00000000000000000,-0.04000000000000000
4.64359153232696098,3.38168034883906454,-0.63600000000000734,0.10000000000000001,0.00000000000000000,-0.04000000000000000
4.65162441240950386,3.37572445224440765,-0.64000000000000734,0.10000000000000001,0.00000000000000000,-0.04000000000000000
4.65963340470624221,3.36973647186221381,-0.64400000000000734,0.10000000000000001,0.00000000000000000,-0.04000000000000000
4.66761838107347060,3.36371650350004137,-0.64800000000000735,0.10000000000000001,0.00000000000000000,-0.04000000000000000
4.67557921375173713,3.35766464347725568,-0.65200000000000735,0.10000000000000001,0.00000000000000000,-0.04000000000000000
4.68351577536788977,3.35158098862348774,-0.65600000000000736,0.10000000000000001,0.00000000000000000,-0.04000000000000000
4.69142793893711119,3.34546563627708604,-0.66000000000000736,0.10000000000000001,0.00000000000000000,-0.04000000000000000
4.69931557786495357,3.33931868428355738,-0.66400000000000736,0.10000000000000001,0.00000000000000000,-0.04000000000000000
4.70717856594936190,3.33314023099400236,-0.66800000000000737,0.10000000000000001,0.00000000000000000,-0.04000000000000000
4.71501677738269453,3.32693037526354196,-0.67200000000000737,0.10000000000000001,0.00000000000000000,-0.04000000000000000
4.72283008675373583,3.32068921644973525,-0.67600000000000737,0.10000000000000001,0.00000000000000000,-0.04000000000000000
4.73061836904970257,3.31441685441099043,-0.68000000000000738,0.10000000000000001,0.00000000000000000,-0.04000000000000000
4.73838149965824407,3.30811338950496614,-0.68400000000000738,0.10000000000000001,0.00000000000000000,-0.04000000000000000
4.74611935436943622,3.30177892258696604,-0.68800000000000738,0.10000000000000001,0.00000000000000000,-0.04000000000000000
4.75383180937776917,3.29541355500832589,-0.69200000000000739,0.10000000000000001,0.00000000000000000,-0.04000000000000000
4.76151874128412622,3.28901738861479132,-0.69600000000000739,0.10000000000000001,0.00000000000000000,-0.04000000000000000
4.76918002709776179,3.28259052574488841,-0.70000000000000739,0.10000000000000001,0.00000000000000000,-0.04000000000000000
4.77681554423826604,3.27613306922828551,-0.70400000000000740,0.10000000000000001,0.00000000000000000,-0.04000000000000000
4.78442517053752780,3.26964512238414917,-0.70800000000000740,0.10000000000000001,0.00000000000000000,-0.04000000000000000
4.79200878424168852,3.26312678901949083,-0.71200000000000740,0.10000000000000001,0.00000000000000000,-0.04000000000000000
4.79956626401309094,3.25657817342750500,-0.71600000000000741,0.10000000000000001,0.00000000000000000,-0.04000000000000000
4.80709748893221978,3.24999938038590130,-0.72000000000000741,0.10000000000000001,0.00000000000000000,-0.04000000000000000
4.81460233849963704,3.24339051515522847,-0.72400000000000742,0.10000000000000001,0.00000000000000000,-0.04000000000000000
4.82208069263790939,3.23675168347718900,-0.72800000000000742,0.10000000000000001,0.00000000000000000,-0.04000000000000000
4.82953243169353019,3.23008299157294809,-0.73200000000000742,0.10000000000000001,0.00000000000000000,-0.04000000000000000
4.83695743643883347,3.22338454614143410,-0.73600000000000743,0.10000000000000001,0.00000000000000000,-0.04000000000000000
4.84435558807390265,3.21665645435763059,-0.74000000000000743,0.10000000000000001,0.00000000000000000,-0.04000000000000000
4.85172676822846860,3.20989882387086300,-0.74400000000000743,0.10000000000000001,0.00000000000000000,-0.04000000000000000
4.85907085896380586,3.20311176280307475,-0.74800000000000744,0.10000000000000001,0.00000000000000000,-0.04000000000000000
4.86638774277462005,3.19629537974709832,-0.75200000000000744,0.10000000000000001,0.00000000000000000,-0.04000000000000000
4.87367730259092546,3.18944978376491717,-0.75600000000000744,0.10000000000000001,0.00000000000000000,-0.04000000000000000
4.88093942177992091,3.18257508438592085,-0.76000000000000745,0.10000000000000001,0.00000000000000000,-0.04000000000000000
4.88817398414785487,3.17567139160515266,-0.76400000000000745,0.10000000000000001,0.00000000000000000,-0.04000000000000000
4.89538087394188359,3.16873881588154971,-0.76800000000000745,0.10000000000000001,0.00000000000000000,-0.04000000000000000
4.90255997585192382,3.16177746813617633,-0.77200000000000746,0.10000000000000001,0.00000000000000000,-0.04000000000000000
4.90971117501249754,3.15478745975044728,-0.77600000000000746,0.10000000000000001,0.00000000000000000,-0.04000000000000000
4.91683435700457139,3.14776890256434783,-0.78000000000000747,0.10000000000000001,0.00000000000000000,-0.04000000000000000
4.92392940785738542,3.14072190887464320,-0.78400000000000747,0.10000000000000001,0.00000000000000000,-0.04000000000000000
4.93099621405027744,3.13364659143308222,-0.78800000000000747,0.10000000000000001,0.00000000000000000,-0.04000000000000000
4.93803466251449930,3.12654306344459298,-0.79200000000000748,0.10000000000000001,0.00000000000000000,-0.04000000000000000
4.94504464063502525,3.11941143856547187,-0.79600000000000748,0.10000000000000001,0.00000000000000000,-0.04000000000000000
4.95202603625235493,3.11225183090156454,-0.80000000000000748,0.10000000000000001,0.00000000000000000,-0.04000000000000000
4.95897873766430752,3.10506435500644118,-0.80400000000000749,0.10000000000000001,0.00000000000000000,-0.04000000000000000
4.96590263362780959,3.09784912587956240,-0.80800000000000749,0.10000000000000001,0.00000000000000000,-0.04000000000000000
4.97279761336067239,3.09060625896444030,-0.81200000000000749,0.10000000000000001,0.00000000000000000,-0.04000000000000000
4.97966356654336728,3.08333587014679145,-0.81600000000000750,0.10000000000000001,0.00000000000000000,-0.04000000000000000
4.98650038332079060,3.07603807575268151,-0.82000000000000750,0.10000000000000001,0.00000000000000000,-0.04000000000000000
4.99330795430401864,3.06871299254666496,-0.82400000000000750,0.10000000000000001,0.00000000000000000,-0.04000000000000000
5.00008617057206184,3.06136073772991724,-0.82800000000000751,0.10000000000000001,0.00000000000000000,-0.04000000000000000
5.00683492367360383,3.05398142893835844,-0.83200000000000751,0.10000000000000001,0.00000000000000000,-0.04000000000000000
5.01355410562873960,3.04657518424077178,-0.83600000000000751,0.10000000000000001,0.00000000000000000,-0.04000000000000000
5.02024360893070121,3.03914212213691437,-0.84000000000000752,0.10000000000000001,0.00000000000000000,-0.04000000000000000
5.02690332654757821,3.03168236155562143,-0.84400000000000752,0.10000000000000001,0.00000000000000000,-0.04000000000000000
5.03353315192403095,3.02419602185290293,-0.84800000000000753,0.10000000000000001,0.00000000000000000,-0.04000000000000000
5.04013297898299495,3.01668322281003443,-0.85200000000000753,0.10000000000000001,0.00000000000000000,-0.04000000000000000
5.04670270212737737,3.00914408463164040,-0.85600000000000753,0.10000000000000001,0.00000000000000000,-0.04000000000000000
5.05324221624174896,3.00157872794377090,-0.86000000000000754,0.10000000000000001,0.00000000000000000,-0.04000000000000000
5.05975141669402273,2.99398727379197149,-0.86400000000000754,0.10000000000000001,0.00000000000000000,-0.04000000000000000
5.06623019933713081,2.98636984363934666,-0.86800000000000754,0.10000000000000001,0.00000000000000000,-0.04000000000000000
5.07267846051068894,2.97872655936461594,-0.87200000000000755,0.10000000000000001,0.00000000000000000,-0.04000000000000000
5.07909609704265552,2.97105754326016536,-0.87600000000000755,0.10000000000000001,0.00000000000000000,-0.04000000000000000
5.08548300625098282,2.96336291803008844,-0.88000000000000755,0.10000000000000001,0.00000000000000000,-0.04000000000000000
5.09183908594526091,2.95564280678822522,-0.88400000000000756,0.10000000000000001,0.00000000000000000,-0.04000000000000000
5.09816423442834932,2.94789733305619039,-0.88800000000000756,0.10000000000000001,0.00000000000000000,-0.04000000000000000
5.10445835049800767,2.94012662076139852,-0.89200000000000756,0.10000000000000001,0.00000000000000000,-0.04000000000000000
5.11072133344851309,2.93233079423508070,-0.89600000000000757,0.10000000000000001,0.00000000000000000,-0.04000000000000000
5.11695308307227137,2.92450997821029501,-0.90000000000000757,0.10000000000000001,0.00000000000000000,-0.04000000000000000
5.12315349966142186,2.91666429781993131,-0.90400000000000758,0.10000000000000001,0.00000000000000000,-0.04000000000000000
5.12932248400943180,2.90879387859470784,-0.90800000000000758,0.10000000000000001,0.00000000000000000,-0.04000000000000000
5.13545993741268259,2.90089884646116491,-0.91200000000000758,0.10000000000000001,0.00000000000000000,-0.04000000000000000
5.14156576167205159,2.89297932773964783,-0.91600000000000759,0.10000000000000001,0.00000000000000000,-0.04000000000000000
5.14763985909447985,2.88503544914228716,-0.92000000000000759,0.10000000000000001,0.00000000000000000,-0.04000000000000000
5.15368213249453877,2.87706733777097146,-0.92400000000000759,0.10000000000000001,0.00000000000000000,-0.04000000000000000
5.15969248519598267,2.86907512111531204,-0.92800000000000760,0.10000000000000001,0.00000000000000000,-0.04000000000000000
5.16567082103329689,2.86105892705060549,-0.93200000000000760,0.10000000000000001,0.00000000000000000,-0.04000000000000000
5.17161704435323522,2.85301888383578550,-0.93600000000000760,0.10000000000000001,0.00000000000000000,-0.04000000000000000
5.17753106001635199,2.84495512011137208,-0.94000000000000761,0.10000000000000001,0.00000000000000000,-0.04000000000000000
5.18341277339852180,2.83686776489741277,-0.94400000000000761,0.10000000000000001,0.00000000000000000,-0.04000000000000000
5.18926209039245645,2.82875694759141849,-0.94800000000000761,0.10000000000000001,0.00000000000000000,-0.04000000000000000
5.19507891740920957,2.82062279796629278,-0.95200000000000762,0.10000000000000001,0.00000000000000000,-0.04000000000000000
5.20086316137967231,2.81246544616825656,-0.95600000000000762,0.10000000000000001,0.00000000000000000,-0.04000000000000000
5.20661472975606454,2.80428502271476443,-0.96000000000000763,0.10000000000000001,0.00000000000000000,-0.04000000000000000
5.21233353051341464,2.79608165849241708,-0.96400000000000763,0.10000000000000001,0.00000000000000000,-0.04000000000000000
5.21801947215103290,2.78785548475486733,-0.96800000000000763,0.10000000000000001,0.00000000000000000,-0.04000000000000000
5.22367246369397442,2.77960663312071921,-0.97200000000000764,0.10000000000000001,0.00000000000000000,-0.04000000000000000
5.22929241469449479,2.77133523557142292,-0.97600000000000764,0.10000000000000001,0.00000000000000000,-0.04000000000000000
5.23487923523349785,2.76304142444916279,-0.98000000000000764,0.02000000000000000,0.00000000000000000,0.03000000000000000
5.23599577014620632,2.76138210326605682,-0.97700000000000764,0.02000000000000000,0.00000000000000000,0.03000000000000000
5.23711727799059368,2.75972613914960441,-0.97400000000000764,0.02000000000000000,0.00000000000000000,0.03000000000000000
5.23824374867309750,2.75807354700347096,-0.97100000000000763,0.02000000000000000,0.00000000000000000,0.03000000000000000
5.23937517205548886,2.75642434170097506,-0.96800000000000763,0.02000000000000000,0.00000000000000000,0.03000000000000000
5.24051153795496472,2.75477853808495343,-0.96500000000000763,0.02000000000000000,0.00000000000000000,0.03000000000000000
5.24165283614423938,2.75313615096762732,-0.96200000000000763,0.02000000000000000,0.00000000000000000,0.03000000000000000
5.24279905635163779,2.75149719513046964,-0.95900000000000762,0.02000000000000000,0.00000000000000000,0.03000000000000000
5.24395018826118520,2.74986168532407182,-0.95600000000000762,0.02000000000000000,0.00000000000000000,0.03000000000000000
5.24510622151270223,2.74822963626801098,-0.95300000000000762,0.02000000000000000,0.00000000000000000,0.03000000000000000
5.24626714570189723,2.74660106265071802,-0.95000000000000762,0.02000000000000000,0.00000000000000000,0.03000000000000000
5.24743295038046043,2.74497597912934443,-0.94700000000000761,0.02000000000000000,0.00000000000000000,0.03000000000000000
5.24860362505615807,2.74335440032963040,-0.94400000000000761,0.02000000000000000,0.00000000000000000,0.03000000000000000
5.24977915919292570,2.74173634084577467,-0.94100000000000761,0.02000000000000000,0.00000000000000000,0.03000000000000000
5.25095954221096406,2.74012181524030174,-0.93800000000000761,0.02000000000000000,0.00000000000000000,0.03000000000000000
5.25214476348683412,2.73851083804393092,-0.93500000000000760,0.02000000000000000,0.00000000000000000,0.03000000000000000
5.25333481235355215,2.73690342375544615,-0.93200000000000760,0.02000000000000000,0.00000000000000000,0.03000000000000000
5.25452967810068561,2.73529958684156504,-0.92900000000000760,0.02000000000000000,0.00000000000000000,0.03000000000000000
5.25572934997445174,2.73369934173680917,-0.92600000000000759,0.02000000000000000,0.00000000000000000,0.03000000000000000
5.25693381717781172,2.73210270284337353,-0.92300000000000759,0.02000000000000000,0.00000000000000000,0.03000000000000000
5.25814306887056926,2.73050968453099774,-0.92000000000000759,0.02000000000000000,0.00000000000000000,0.03000000000000000
5.25935709416946651,2.72892030113683548,-0.91700000000000759,0.02000000000000000,0.00000000000000000,0.03000000000000000
5.26057588214828442,2.72733456696532661,-0.91400000000000758,0.02000000000000000,0.00000000000000000,0.03000000000000000
5.26179942183793958,2.72575249628806837,-0.91100000000000758,0.02000000000000000,0.00000000000000000,0.03000000000000000
5.26302770222658189,2.72417410334368570,-0.90800000000000758,0.02000000000000000,0.00000000000000000,0.03000000000000000
5.26426071225969761,2.72259940233770470,-0.90500000000000758,0.02000000000000000,0.00000000000000000,0.03000000000000000
5.26549844084020435,2.72102840744242380,-0.90200000000000757,0.02000000000000000,0.00000000000000000,0.03000000000000000
5.26674087682855241,2.71946113279678636,-0.89900000000000757,0.02000000000000000,0.00000000000000000,0.03000000000000000
5.26798800904282682,2.71789759250625362,-0.89600000000000757,0.02000000000000000,0.00000000000000000,0.03000000000000000
5.26923982625884602,2.71633780064267771,-0.89300000000000757,0.02000000000000000,0.00000000000000000,0.03000000000000000
5.27049631721026390,2.71478177124417464,-0.89000000000000756,0.02000000000000000,0.00000000000000000,0.03000000000000000
5.27175747058867028,2.71322951831499859,-0.88700000000000756,0.02000000000000000,0.00000000000000000,0.03000000000000000
5.27302327504369295,2.71168105582541541,-0.88400000000000756,0.02000000000000000,0.00000000000000000,0.03000000000000000
5.27429371918310075,2.71013639771157733,-0.88100000000000755,0.02000000000000000,0.00000000000000000,0.03000000000000000
5.27556879157290481,2.70859555787539685,-0.87800000000000755,0.02000000000000000,0.00000000000000000,0.03000000000000000
5.27684848073746249,2.70705855018442199,-0.87500000000000755,0.02000000000000000,0.00000000000000000,0.03000000000000000
5.27813277515957946,2.70552538847171142,-0.87200000000000755,0.02000000000000000,0.00000000000000000,0.03000000000000000
5.27942166328061457,2.70399608653571066,-0.86900000000000754,0.02000000000000000,0.00000000000000000,0.03000000000000000
5.28071513350058375,2.70247065814012633,-0.86600000000000754,0.02000000000000000,0.00000000000000000,0.03000000000000000
5.28201317417826388,2.70094911701380402,-0.86300000000000754,0.02000000000000000,0.00000000000000000,0.03000000000000000
5.28331577363129679,2.69943147685060358,-0.86000000000000754,0.02000000000000000,0.00000000000000000,0.03000000000000000
5.28462292013629664,2.69791775130927602,-0.85700000000000753,0.02000000000000000,0.00000000000000000,0.03000000000000000
5.28593460192895392,2.69640795401334143,-0.85400000000000753,0.02000000000000000,0.00000000000000000,0.03000000000000000
5.28725080720414109,2.69490209855096463,-0.85100000000000753,0.02000000000000000,0.00000000000000000,0.03000000000000000
5.28857152411602005,2.69340019847483525,-0.84800000000000753,0.02000000000000000,0.00000000000000000,0.03000000000000000
5.28989674077814698,2.69190226730204341,-0.84500000000000752,0.02000000000000000,0.00000000000000000,0.03000000000000000
5.29122644526358155,2.69040831851395978,-0.84200000000000752,0.02000000000000000,0.00000000000000000,0.03000000000000000
5.29256062560499174,2.68891836555611308,-0.83900000000000752,0.02000000000000000,0.00000000000000000,0.03000000000000000
5.29389926979476400,2.68743242183807007,-0.83600000000000751,0.02000000000000000,0.00000000000000000,0.03000000000000000
5.29524236578510887,2.68595050073331443,-0.83300000000000751,0.02000000000000000,0.00000000000000000,0.03000000000000000
5.29658990148817210,2.68447261557912586,-0.83000000000000751,0.02000000000000000,0.00000000000000000,0.03000000000000000
5.29794186477614115,2.68299877967646072,-0.82700000000000751,0.02000000000000000,0.00000000000000000,0.03000000000000000
5.29929824348135625,2.68152900628983248,-0.82400000000000750,0.02000000000000000,0.00000000000000000,0.03000000000000000
5.30065902539641698,2.68006330864719144,-0.82100000000000750,0.02000000000000000,0.00000000000000000,0.03000000000000000
5.30202419827429594,2.67860169993980612,-0.81800000000000750,0.02000000000000000,0.00000000000000000,0.03000000000000000
5.30339374982844713,2.67714419332214559,-0.81500000000000750,0.02000000000000000,0.00000000000000000,0.03000000000000000
5.30476766773291519,2.67569080191175956,-0.81200000000000749,0.02000000000000000,0.00000000000000000,0.03000000000000000
5.30614593962244818,2.67424153878916071,-0.80900000000000749,0.02000000000000000,0.00000000000000000,0.03000000000000000
5.30752855309260774,2.67279641699770742,-0.80600000000000749,0.02000000000000000,0.00000000000000000,0.03000000000000000
5.30891549569988275,2.67135544954348569,-0.80300000000000749,0.02000000000000000,0.00000000000000000,0.03000000000000000
5.31030675496179949,2.66991864939519363,-0.80000000000000748,0.02000000000000000,0.00000000000000000,0.03000000000000000
5.31170231835703355,2.66848602948402247,-0.79700000000000748,0.02000000000000000,0.00000000000000000,0.03000000000000000
5.31310217332552348,2.66705760270354153,-0.79400000000000748,0.02000000000000000,0.00000000000000000,0.03000000000000000
5.31450630726858453,2.66563338190958232,-0.79100000000000747,0.02000000000000000,0.00000000000000000,0.03000000000000000
5.31591470754902051,2.66421337992012264,-0.78800000000000747,0.02000000000000000,0.00000000000000000,0.03000000000000000
5.31732736149123841,2.66279760951517064,-0.78500000000000747,0.02000000000000000,0.00000000000000000,0.03000000000000000
5.31874425638136206,2.66138608343665028,-0.78200000000000747,0.02000000000000000,0.00000000000000000,0.03000000000000000
5.32016537946734669,2.65997881438828676,-0.77900000000000746,0.02000000000000000,0.00000000000000000,0.03000000000000000
5.32159071795909533,2.65857581503549234,-0.77600000000000746,0.02000000000000000,0.00000000000000000,0.03000000000000000
5.32302025902856979,2.65717709800525137,-0.77300000000000746,0.02000000000000000,0.00000000000000000,0.03000000000000000
5.32445398980991147,2.65578267588600792,-0.77000000000000746,0.02000000000000000,0.00000000000000000,0.03000000000000000
5.32589189739955149,2.65439256122755163,-0.76700000000000745,0.02000000000000000,0.00000000000000000,0.03000000000000000
5.32733396885633237,2.65300676654090495,-0.76400000000000745,0.02000000000000000,0.00000000000000000,0.03000000000000000
5.32878019120162083,2.65162530429821075,-0.76100000000000745,0.02000000000000000,0.00000000000000000,0.03000000000000000
5.33023055141942503,2.65024818693261954,-0.75800000000000745,0.02000000000000000,0.00000000000000000,0.03000000000000000
5.33168503645651271,2.64887542683817889,-0.75500000000000744,0.02000000000000000,0.00000000000000000,0.03000000000000000
5.33314363322252838,2.64750703636971974,-0.75200000000000744,0.02000000000000000,0.00000000000000000,0.03000000000000000
5.33460632859011152,2.64614302784274757,-0.74900000000000744,0.02000000000000000,0.00000000000000000,0.03000000000000000
5.33607310939501289,2.64478341353332969,-0.74600000000000743,0.02000000000000000,0.00000000000000000,0.03000000000000000
5.33754396243621620,2.64342820567798586,-0.74300000000000743,0.02000000000000000,0.00000000000000000,0.03000000000000000
5.33901887447605272,2.64207741647357786,-0.74000000000000743,0.02000000000000000,0.00000000000000000,0.03000000000000000
5.34049783224032470,2.64073105807719877,-0.73700000000000743,0.02000000000000000,0.00000000000000000,0.03000000000000000
5.34198082241842265,2.63938914260606561,-0.73400000000000742,0.02000000000000000,0.00000000000000000,0.03000000000000000
5.34346783166344430,2.63805168213740826,-0.73100000000000742,0.02000000000000000,0.00000000000000000,0.03000000000000000
5.34495884659231724,2.63671868870836201,-0.72800000000000742,0.02000000000000000,0.00000000000000000,0.03000000000000000
5.34645385378591609,2.63539017431585876,-0.72500000000000742,0.02000000000000000,0.00000000000000000,0.03000000000000000
5.34795283978918690,2.63406615091651908,-0.72200000000000741,0.02000000000000000,0.00000000000000000,0.03000000000000000
5.34945579111126612,2.63274663042654478,-0.71900000000000741,0.02000000000000000,0.00000000000000000,0.03000000000000000
5.35096269422560145,2.63143162472161096,-0.71600000000000741,0.02000000000000000,0.00000000000000000,0.03000000000000000
5.35247353557007521,2.63012114563676036,-0.71300000000000741,0.02000000000000000,0.00000000000000000,0.03000000000000000
5.35398830154712524,2.62881520496629584,-0.71000000000000740,0.02000000000000000,0.00000000000000000,0.03000000000000000
5.35550697852386826,2.62751381446367471,-0.70700000000000740,0.02000000000000000,0.00000000000000000,0.03000000000000000
5.35702955283222160,2.62621698584140262,-0.70400000000000740,0.02000000000000000,0.00000000000000000,0.03000000000000000
5.35855601076902666,2.62492473077092869,-0.70100000000000739,0.02000000000000000,0.00000000000000000,0.03000000000000000
5.36008633859617234,2.62363706088253945,-0.69800000000000739,0.02000000000000000,0.00000000000000000,0.03000000000000000
5.36162052254071853,2.62235398776525530,-0.69500000000000739,0.02000000000000000,0.00000000000000000,0.03000000000000000
5.36315854879502041,2.62107552296672575,-0.69200000000000739,0.02000000000000000,0.00000000000000000,0.03000000000000000
5.36470040351685196,2.61980167799312502,-0.68900000000000738,0.02000000000000000,0.00000000000000000,0.03000000000000000
5.36624607282953114,2.61853246430904951,-0.68600000000000738,0.02000000000000000,0.00000000000000000,0.03000000000000000
5.36779554282204430,2.61726789333741383,-0.68300000000000738,0.02000000000000000,0.00000000000000000,0.03000000000000000
5.36934879954917221,2.61600797645934824,-0.68000000000000738,0.02000000000000000,0.00000000000000000,0.03000000000000000
5.37090582903161451,2.61475272501409606,-0.67700000000000737,0.02000000000000000,0.00000000000000000,0.03000000000000000
5.37246661725611663,2.61350215029891197,-0.67400000000000737,0.02000000000000000,0.00000000000000000,0.03000000000000000
5.37403115017559418,2.61225626356895990,-0.67100000000000737,0.02000000000000000,0.00000000000000000,0.03000000000000000
5.37559941370926264,2.61101507603721172,-0.66800000000000737,0.02000000000000000,0.00000000000000000,0.03000000000000000
5.37717139374276076,2.60977859887434738,-0.66500000000000736,0.02000000000000000,0.00000000000000000,0.03000000000000000
5.37874707612827851,2.60854684320865271,-0.66200000000000736,0.02000000000000000,0.00000000000000000,0.03000000000000000
5.38032644668468496,2.60731982012592001,-0.65900000000000736,0.02000000000000000,0.00000000000000000,0.03000000000000000
5.38190949119765527,2.60609754066934940,-0.65600000000000736,0.02000000000000000,0.00000000000000000,0.03000000000000000
5.38349619541980040,2.60488001583944717,-0.65300000000000735,0.02000000000000000,0.00000000000000000,0.03000000000000000
5.38508654507079232,2.60366725659392895,-0.65000000000000735,0.02000000000000000,0.00000000000000000,0.03000000000000000
5.38668052583749546,2.60245927384761977,-0.64700000000000735,0.02000000000000000,0.00000000000000000,0.03000000000000000
5.38827812337409373,2.60125607847235596,-0.64400000000000734,0.02000000000000000,0.00000000000000000,0.03000000000000000
5.38987932330222019,2.60005768129688786,-0.64100000000000734,0.02000000000000000,0.00000000000000000,0.03000000000000000
5.39148411121108584,2.59886409310678212,-0.63800000000000734,0.02000000000000000,0.00000000000000000,0.03000000000000000
5.39309247265761016,2.59767532464432405,-0.63500000000000734,0.02000000000000000,0.00000000000000000,0.03000000000000000
5.39470439316655170,2.59649138660842205,-0.63200000000000733,0.02000000000000000,0.00000000000000000,0.03000000000000000
5.39631985823063598,2.59531228965451044,-0.62900000000000733,0.02000000000000000,0.00000000000000000,0.03000000000000000
5.39793885331068868,2.59413804439445395,-0.62600000000000733,0.02000000000000000,0.00000000000000000,0.03000000000000000
5.39956136383576535,2.59296866139645177,-0.62300000000000733,0.02000000000000000,0.00000000000000000,0.03000000000000000
5.40118737520328196,2.59180415118494301,-0.62000000000000732,0.02000000000000000,0.00000000000000000,0.03000000000000000
5.40281687277914724,2.59064452424051161,-0.61700000000000732,0.02000000000000000,0.00000000000000000,0.03000000000000000
5.40444984189789412,2.58948979099979271,-0.61400000000000732,0.02000000000000000,0.00000000000000000,0.03000000000000000
5.40608626786281121,2.58833996185537707,-0.61100000000000732,0.02000000000000000,0.00000000000000000,0.03000000000000000
5.40772613594607598,2.58719504715571968,-0.60800000000000731,0.02000000000000000,0.00000000000000000,0.03000000000000000
5.40936943138888626,2.58605505720504514,-0.60500000000000731,0.02000000000000000,0.00000000000000000,0.03000000000000000
5.41101613940159520,2.58492000226325480,-0.60200000000000731,0.02000000000000000,0.00000000000000000,0.03000000000000000
5.41266624516384098,2.58378989254583624,-0.59900000000000730,0.02000000000000000,0.00000000000000000,0.03000000000000000
5.41431973382468357,2.58266473822376863,-0.59600000000000730,0.02000000000000000,0.00000000000000000,0.03000000000000000
5.41597659050273528,2.58154454942343348,-0.59300000000000730,0.02000000000000000,0.00000000000000000,0.03000000000000000
5.41763680028629757,2.58042933622652271,-0.59000000000000730,0.02000000000000000,0.00000000000000000,0.03000000000000000
5.41930034823349427,2.57931910866994718,-0.58700000000000729,0.02000000000000000,0.00000000000000000,0.03000000000000000
5.42096721937240389,2.57821387674574742,-0.58400000000000729,0.02000000000000000,0.00000000000000000,0.03000000000000000
5.42263739870119821,2.57711365040100349,-0.58100000000000729,0.02000000000000000,0.00000000000000000,0.03000000000000000
5.42431087118827460,2.57601843953774479,-0.57800000000000729,0.02000000000000000,0.00000000000000000,0.03000000000000000
5.42598762177239191,2.57492825401286218,-0.57500000000000728,0.02000000000000000,0.00000000000000000,0.03000000000000000
5.42766763536280550,2.57384310363801738,-0.57200000000000728,0.02000000000000000,0.00000000000000000,0.03000000000000000
5.42935089683940575,2.57276299817955678,-0.56900000000000728,0.02000000000000000,0.00000000000000000,0.03000000000000000
5.43103739105284955,2.57168794735842221,-0.56600000000000728,0.02000000000000000,0.00000000000000000,0.03000000000000000
5.43272710282470062,2.57061796085006389,-0.56300000000000727,0.02000000000000000,0.00000000000000000,0.03000000000000000
5.43442001694756449,2.56955304828435338,-0.56000000000000727,0.02000000000000000,0.00000000000000000,0.03000000000000000
5.43611611818522533,2.56849321924549612,-0.55700000000000727,0.02000000000000000,0.00000000000000000,0.03000000000000000
5.43781539127278446,2.56743848327194657,-0.55400000000000726,0.02000000000000000,0.00000000000000000,0.03000000000000000
5.43951782091679448,2.56638884985632121,-0.55100000000000726,0.02000000000000000,0.00000000000000000,0.03000000000000000
5.44122339179540049,2.56534432844531368,-0.54800000000000726,0.02000000000000000,0.00000000000000000,0.03000000000000000
5.44293208855847599,2.56430492843961000,-0.54500000000000726,0.02000000000000000,0.00000000000000000,0.03000000000000000
5.44464389582776143,2.56327065919380281,-0.54200000000000725,0.02000000000000000,0.00000000000000000,0.03000000000000000
5.44635879819700275,2.56224153001630839,-0.53900000000000725,0.02000000000000000,0.00000000000000000,0.03000000000000000
5.44807678023209085,2.56121755016928265,-0.53600000000000725,0.02000000000000000,0.00000000000000000,0.03000000000000000
5.44979782647119926,2.56019872886853683,-0.53300000000000725,0.02000000000000000,0.00000000000000000,0.03000000000000000
5.45152192142492265,2.55918507528345618,-0.53000000000000724,0.02000000000000000,0.00000000000000000,0.03000000000000000
5.45324904957641809,2.55817659853691604,-0.52700000000000724,0.02000000000000000,0.00000000000000000,0.03000000000000000
5.45497919538154452,2.55717330770520013,-0.52400000000000724,0.02000000000000000,0.00000000000000000,0.03000000000000000
5.45671234326900123,2.55617521181791929,-0.52100000000000724,0.02000000000000000,0.00000000000000000,0.03000000000000000
5.45844847764046825,2.55518231985792976,-0.51800000000000723,0.02000000000000000,0.00000000000000000,0.03000000000000000
5.46018758287074846,2.55419464076125280,-0.51500000000000723,0.02000000000000000,0.00000000000000000,0.03000000000000000
5.46192964330790698,2.55321218341699296,-0.51200000000000723,0.02000000000000000,0.00000000000000000,0.03000000000000000
5.46367464327341068,2.55223495666726041,-0.50900000000000722,0.02000000000000000,0.00000000000000000,0.03000000000000000
5.46542256706227203,2.55126296930708873,-0.50600000000000722,0.02000000000000000,0.00000000000000000,0.03000000000000000
5.46717339894318854,2.55029623008435768,-0.50300000000000722,0.02000000000000000,0.00000000000000000,0.03000000000000000
5.46892712315868579,2.54933474769971413,-0.50000000000000722,0.02000000000000000,0.00000000000000000,0.03000000000000000
5.47068372392525681,2.54837853080649257,-0.49700000000000721,0.02000000000000000,0.00000000000000000,0.03000000000000000
5.47244318543350694,2.54742758801063918,-0.49400000000000721,0.02000000000000000,0.00000000000000000,0.03000000000000000
5.47420549184829497,2.54648192787063232,-0.49100000000000721,0.02000000000000000,0.00000000000000000,0.03000000000000000
5.47597062730887441,2.54554155889740663,-0.48800000000000721,0.02000000000000000,0.00000000000000000,0.03000000000000000
5.47773857592903823,2.54460648955427704,-0.48500000000000720,0.02000000000000000,0.00000000000000000,0.03000000000000000
5.47950932179726102,2.54367672825686109,-0.48200000000000720,0.02000000000000000,0.00000000000000000,0.03000000000000000
5.48128284897684193,2.54275228337300385,-0.47900000000000720,0.02000000000000000,0.00000000000000000,0.03000000000000000
5.48305914150604767,2.54183316322270336,-0.47600000000000720,0.02000000000000000,0.00000000000000000,0.03000000000000000
5.48483818339825824,2.54091937607803464,-0.47300000000000719,0.02000000000000000,0.00000000000000000,0.03000000000000000
5.48661995864210805,2.54001093016307600,-0.47000000000000719,0.02000000000000000,0.00000000000000000,0.03000000000000000
5.48840445120163256,2.53910783365383441,-0.46700000000000719,0.02000000000000000,0.00000000000000000,0.03000000000000000
5.49019164501641033,2.53821009467817271,-0.46400000000000718,0.02000000000000000,0.00000000000000000,0.03000000000000000
5.49198152400170869,2.53731772131573541,-0.46100000000000718,0.02000000000000000,0.00000000000000000,0.03000000000000000
5.49377407204862944,2.53643072159787675,-0.45800000000000718,0.02000000000000000,0.00000000000000000,0.03000000000000000
5.49556927302425180,2.53554910350758789,-0.45500000000000718,0.02000000000000000,0.00000000000000000,0.03000000000000000
5.49736711077177986,2.53467287497942584,-0.45200000000000717,0.02000000000000000,0.00000000000000000,0.03000000000000000
5.49916756911068560,2.53380204389944153,-0.44900000000000717,0.02000000000000000,0.00000000000000000,0.03000000000000000
5.50097063183685631,2.53293661810510873,-0.44600000000000717,0.02000000000000000,0.00000000000000000,0.03000000000000000
5.50277628272273933,2.53207660538525392,-0.44300000000000717,0.02000000000000000,0.00000000000000000,0.03000000000000000
5.50458450551748868,2.53122201347998566,-0.44000000000000716,0.02000000000000000,0.00000000000000000,0.03000000000000000
5.50639528394711153,2.53037285008062529,-0.43700000000000716,0.02000000000000000,0.00000000000000000,0.03000000000000000
5.50820860171461479,2.52952912282963771,-0.43400000000000716,0.02000000000000000,0.00000000000000000,0.03000000000000000
5.51002444250014989,2.52869083932056249,-0.43100000000000716,0.02000000000000000,0.00000000000000000,0.03000000000000000
5.51184278996116284,2.52785800709794550,-0.42800000000000715,0.02000000000000000,0.00000000000000000,0.03000000000000000
5.51366362773253815,2.52703063365727143,-0.42500000000000715,0.02000000000000000,0.00000000000000000,0.03000000000000000
5.51548693942674895,2.52620872644489536,-0.42200000000000715,0.02000000000000000,0.00000000000000000,0.03000000000000000
5.51731270863400169,2.52539229285797662,-0.41900000000000714,0.02000000000000000,0.00000000000000000,0.03000000000000000
5.51914091892238634,2.52458134024441216,-0.41600000000000714,0.02000000000000000,0.00000000000000000,0.03000000000000000
5.52097155383802196,2.52377587590276997,-0.41300000000000714,0.02000000000000000,0.00000000000000000,0.03000000000000000
5.52280459690520686,2.52297590708222375,-0.41000000000000714,0.02000000000000000,0.00000000000000000,0.03000000000000000
5.52464003162656603,2.52218144098248720,-0.40700000000000713,0.02000000000000000,0.00000000000000000,0.03000000000000000
5.52647784148319943,2.52139248475375011,-0.40400000000000713,0.02000000000000000,0.00000000000000000,0.03000000000000000
5.52831800993483036,2.52060904549661302,-0.40100000000000713,0.02000000000000000,0.00000000000000000,0.03000000000000000
5.53016052041995554,2.51983113026202421,-0.39800000000000713,0.02000000000000000,0.00000000000000000,0.03000000000000000
5.53200535635599255,2.51905874605121527,-0.39500000000000712,0.02000000000000000,0.00000000000000000,0.03000000000000000
5.53385250113943084,2.51829189981563895,-0.39200000000000712,0.02000000000000000,0.00000000000000000,0.03000000000000000
5.53570193814597999,2.51753059845690652,-0.38900000000000712,0.02000000000000000,0.00000000000000000,0.03000000000000000
5.53755365073071903,2.51677484882672475,-0.38600000000000712,0.02000000000000000,0.00000000000000000,0.03000000000000000
5.53940762222824734,2.51602465772683548,-0.38300000000000711,0.02000000000000000,0.00000000000000000,0.03000000000000000
5.54126383595283389,2.51528003190895300,-0.38000000000000711,0.02000000000000000,0.00000000000000000,0.03000000000000000
5.54312227519856826,2.51454097807470500,-0.37700000000000711,0.02000000000000000,0.00000000000000000,0.03000000000000000
5.54498292323950892,2.51380750287557131,-0.37400000000000710,0.02000000000000000,0.00000000000000000,0.03000000000000000
5.54684576332983692,2.51307961291282345,-0.37100000000000710,0.02000000000000000,0.00000000000000000,0.03000000000000000
5.54871077870400331,2.51235731473746604,-0.36800000000000710,0.02000000000000000,0.00000000000000000,0.03000000000000000
5.55057795257688280,2.51164061485017776,-0.36500000000000710,0.02000000000000000,0.00000000000000000,0.03000000000000000
5.55244726814392209,2.51092951970125311,-0.36200000000000709,0.02000000000000000,0.00000000000000000,0.03000000000000000
5.55431870858129528,2.51022403569054342,-0.35900000000000709,0.02000000000000000,0.00000000000000000,0.03000000000000000
5.55619225704604958,2.50952416916739995,-0.35600000000000709,0.02000000000000000,0.00000000000000000,0.03000000000000000
5.55806789667626244,2.50882992643061664,-0.35300000000000709,0.02000000000000000,0.00000000000000000,0.03000000000000000
5.55994561059118997,2.50814131372837368,-0.35000000000000708,0.02000000000000000,0.00000000000000000,0.03000000000000000
5.56182538189141873,2.50745833725818068,-0.34700000000000708,0.02000000000000000,0.00000000000000000,0.03000000000000000
5.56370719365902033,2.50678100316682118,-0.34400000000000708,0.02000000000000000,0.00000000000000000,0.03000000000000000
5.56559102895770152,2.50610931755029753,-0.34100000000000708,0.02000000000000000,0.00000000000000000,0.03000000000000000
5.56747687083295695,2.50544328645377545,-0.33800000000000707,0.02000000000000000,0.00000000000000000,0.03000000000000000
5.56936470231222280,2.50478291587153068,-0.33500000000000707,0.02000000000000000,0.00000000000000000,0.03000000000000000
5.57125450640502873,2.50412821174689393,-0.33200000000000707,0.02000000000000000,0.00000000000000000,0.03000000000000000
5.57314626610314967,2.50347917997219760,-0.32900000000000706,0.02000000000000000,0.00000000000000000,0.03000000000000000
5.57503996438076221,2.50283582638872382,-0.32600000000000706,0.02000000000000000,0.00000000000000000,0.03000000000000000
5.57693558419459379,2.50219815678665025,-0.32300000000000706,0.02000000000000000,0.00000000000000000,0.03000000000000000
5.57883310848407987,2.50156617690499861,-0.32000000000000706,0.02000000000000000,0.00000000000000000,0.03000000000000000
5.58073252017151411,2.50093989243158399,-0.31700000000000705,0.02000000000000000,0.00000000000000000,0.03000000000000000
5.58263380216220373,2.50031930900296251,-0.31400000000000705,0.02000000000000000,0.00000000000000000,0.03000000000000000
5.58453693734462409,2.49970443220438066,-0.31100000000000705,0.02000000000000000,0.00000000000000000,0.03000000000000000
5.58644190859057144,2.49909526756972555,-0.30800000000000705,0.02000000000000000,0.00000000000000000,0.03000000000000000
5.58834869875531748,2.49849182058147479,-0.30500000000000704,0.02000000000000000,0.00000000000000000,0.03000000000000000
5.59025729067776300,2.49789409667064710,-0.30200000000000704,0.02000000000000000,0.00000000000000000,0.03000000000000000
5.59216766718059421,2.49730210121675356,-0.29900000000000704,0.02000000000000000,0.00000000000000000,0.03000000000000000
5.59407981107043550,2.49671583954774912,-0.29600000000000704,0.02000000000000000,0.00000000000000000,0.03000000000000000
5.59599370513800487,2.49613531693998514,-0.29300000000000703,0.02000000000000000,0.00000000000000000,0.03000000000000000
5.59790933215826847,2.49556053861816141,-0.29000000000000703,0.02000000000000000,0.00000000000000000,0.03000000000000000
5.59982667489059516,2.49499150975527861,-0.28700000000000703,0.02000000000000000,0.00000000000000000,0.03000000000000000
5.60174571607891458,2.49442823547259263,-0.28400000000000702,0.02000000000000000,0.00000000000000000,0.03000000000000000
5.60366643845186818,2.49387072083956829,-0.28100000000000702,0.02000000000000000,0.00000000000000000,0.03000000000000000
5.60558882472296816,2.49331897087383370,-0.27800000000000702,0.02000000000000000,0.00000000000000000,0.03000000000000000
5.60751285759075024,2.49277299054113444,-0.27500000000000702,0.02000000000000000,0.00000000000000000,0.03000000000000000
5.60943851973893270,2.49223278475529009,-0.27200000000000701,0.02000000000000000,0.00000000000000000,0.03000000000000000
5.61136579383656819,2.49169835837814890,-0.26900000000000701,0.02000000000000000,0.00000000000000000,0.03000000000000000
5.61329466253820364,2.49116971621954475,-0.26600000000000701,0.02000000000000000,0.00000000000000000,0.03000000000000000
5.61522510848403300,2.49064686303725358,-0.26300000000000701,0.02000000000000000,0.00000000000000000,0.03000000000000000
5.61715711430005626,2.49012980353695035,-0.26000000000000700,0.02000000000000000,0.00000000000000000,0.03000000000000000
5.61909066259823398,2.48961854237216729,-0.25700000000000700,0.02000000000000000,0.00000000000000000,0.03000000000000000
5.62102573597664446,2.48911308414425125,-0.25400000000000700,0.02000000000000000,0.00000000000000000,0.03000000000000000
5.62296231701964011,2.48861343340232288,-0.25100000000000700,0.02000000000000000,0.00000000000000000,0.03000000000000000
5.62490038829800554,2.48811959464323573,-0.24800000000000699,0.02000000000000000,0.00000000000000000,0.03000000000000000
5.62683993236911117,2.48763157231153498,-0.24500000000000699,0.02000000000000000,0.00000000000000000,0.03000000000000000
5.62878093177707406,2.48714937079941878,-0.24200000000000699,0.02000000000000000,0.00000000000000000,0.03000000000000000
5.63072336905291326,2.48667299444669698,-0.23900000000000698,0.02000000000000000,0.00000000000000000,0.03000000000000000
5.63266722671470532,2.48620244754075381,-0.23600000000000698,0.02000000000000000,0.00000000000000000,0.03000000000000000
5.63461248726774500,2.48573773431650791,-0.23300000000000698,0.02000000000000000,0.00000000000000000,0.03000000000000000
5.63655913320470070,2.48527885895637546,-0.23000000000000698,0.02000000000000000,0.00000000000000000,0.03000000000000000
5.63850714700577171,2.48482582559023157,-0.22700000000000697,0.02000000000000000,0.00000000000000000,0.03000000000000000
5.64045651113884627,2.48437863829537342,-0.22400000000000697,0.02000000000000000,0.00000000000000000,0.03000000000000000
5.64240720805966145,2.48393730109648381,-0.22100000000000697,0.02000000000000000,0.00000000000000000,0.03000000000000000
5.64435922021195768,2.48350181796559433,-0.21800000000000697,0.02000000000000000,0.00000000000000000,0.03000000000000000
5.64631253002763867,2.48307219282205027,-0.21500000000000696,0.02000000000000000,0.00000000000000000,0.03000000000000000
5.64826711992692942,2.48264842953247511,-0.21200000000000696,0.02000000000000000,0.00000000000000000,0.03000000000000000
5.65022297231853443,2.48223053191073539,-0.20900000000000696,0.02000000000000000,0.00000000000000000,0.03000000000000000
5.65218006959979480,2.48181850371790702,-0.20600000000000696,0.02000000000000000,0.00000000000000000,0.03000000000000000
5.65413839415684816,2.48141234866224103,-0.20300000000000695,0.02000000000000000,0.00000000000000000,0.03000000000000000
5.65609792836478675,2.48101207039913030,-0.20000000000000695,0.02000000000000000,0.00000000000000000,0.03000000000000000
5.65805865458781643,2.48061767253107623,-0.19700000000000695,0.02000000000000000,0.00000000000000000,0.03000000000000000
5.66002055517941383,2.48022915860765725,-0.19400000000000694,0.02000000000000000,0.00000000000000000,0.03000000000000000
5.66198361248248716,2.47984653212549588,-0.19100000000000694,0.02000000000000000,0.00000000000000000,0.03000000000000000
5.66394780882953430,2.47946979652822774,-0.18800000000000694,0.02000000000000000,0.00000000000000000,0.03000000000000000
5.66591312654280088,2.47909895520647083,-0.18500000000000694,0.02000000000000000,0.00000000000000000,0.03000000000000000
5.66787954793444104,2.47873401149779449,-0.18200000000000693,0.02000000000000000,0.00000000000000000,0.03000000000000000
5.66984705530667465,2.47837496868668961,-0.17900000000000693,0.02000000000000000,0.00000000000000000,0.03000000000000000
5.67181563095194985,2.47802183000453891,-0.17600000000000693,0.02000000000000000,0.00000000000000000,0.03000000000000000
5.67378525715309845,2.47767459862958850,-0.17300000000000693,0.02000000000000000,0.00000000000000000,0.03000000000000000
5.67575591618349851,2.47733327768691813,-0.17000000000000692,0.02000000000000000,0.00000000000000000,0.03000000000000000
5.67772759030723151,2.47699787024841411,-0.16700000000000692,0.02000000000000000,0.00000000000000000,0.03000000000000000
5.67970026177924314,2.47666837933274131,-0.16400000000000692,0.02000000000000000,0.00000000000000000,0.03000000000000000
5.68167391284550494,2.47634480790531519,-0.16100000000000692,0.02000000000000000,0.00000000000000000,0.03000000000000000
5.68364852574316970,2.47602715887827696,-0.15800000000000691,0.02000000000000000,0.00000000000000000,0.03000000000000000
5.68562408270073405,2.47571543511046555,-0.15500000000000691,0.02000000000000000,0.00000000000000000,0.03000000000000000
5.68760056593820007,2.47540963940739278,-0.15200000000000691,0.02000000000000000,0.00000000000000000,0.03000000000000000
5.68957795766723073,2.47510977452121761,-0.14900000000000690,0.02000000000000000,0.00000000000000000,0.03000000000000000
5.69155624009131511,2.47481584315072256,-0.14600000000000690,0.02000000000000000,0.00000000000000000,0.03000000000000000
5.69353539540592379,2.47452784794128755,-0.14300000000000690,0.02000000000000000,0.00000000000000000,0.03000000000000000
5.69551540579867233,2.47424579148486767,-0.14000000000000690,0.02000000000000000,0.00000000000000000,0.03000000000000000
5.69749625344948107,2.47396967631996878,-0.13700000000000689,0.02000000000000000,0.00000000000000000,0.03000000000000000
5.69947792053073421,2.47369950493162616,-0.13400000000000689,0.02000000000000000,0.00000000000000000,0.03000000000000000
5.70146038920744136,2.47343527975138011,-0.13100000000000689,0.02000000000000000,0.00000000000000000,0.03000000000000000
5.70344364163739748,2.47317700315725553,-0.12800000000000689,0.02000000000000000,0.00000000000000000,0.03000000000000000
5.70542765997134449,2.47292467747373967,-0.12500000000000688,0.02000000000000000,0.00000000000000000,0.03000000000000000
5.70741242635313117,2.47267830497176266,-0.12200000000000688,0.02000000000000000,0.00000000000000000,0.03000000000000000
5.70939792291987303,2.47243788786867480,-0.11900000000000688,0.02000000000000000,0.00000000000000000,0.03000000000000000
5.71138413180211479,2.47220342832822837,-0.11600000000000688,0.02000000000000000,0.00000000000000000,0.03000000000000000
5.71337103512398947,2.47197492846055811,-0.11300000000000687,0.02000000000000000,0.00000000000000000,0.03000000000000000
5.71535861500338083,2.47175239032216121,-0.11000000000000687,0.02000000000000000,0.00000000000000000,0.03000000000000000
5.71734685355208327,2.47153581591587912,-0.10700000000000687,0.02000000000000000,0.00000000000000000,0.03000000000000000
5.71933573287596264,2.47132520719088022,-0.10400000000000686,0.02000000000000000,0.00000000000000000,0.03000000000000000
5.72132523507511959,2.47112056604264163,-0.10100000000000686,0.02000000000000000,0.00000000000000000,0.03000000000000000
5.72331534224404681,2.47092189431293185,-0.09800000000000686,0.02000000000000000,0.00000000000000000,0.03000000000000000
5.72530603647179337,2.47072919378979572,-0.09500000000000686,0.02000000000000000,0.00000000000000000,0.03000000000000000
5.72729729984212543,2.47054246620753659,-0.09200000000000685,0.02000000000000000,0.00000000000000000,0.03000000000000000
5.72928911443368527,2.47036171324670084,-0.08900000000000685,0.02000000000000000,0.00000000000000000,0.03000000000000000
5.73128146232015556,2.47018693653406451,-0.08600000000000685,0.02000000000000000,0.00000000000000000,0.03000000000000000
5.73327432557041838,2.47001813764261646,-0.08300000000000685,0.02000000000000000,0.00000000000000000,0.03000000000000000
5.73526768624871774,2.46985531809154590,-0.08000000000000684,0.02000000000000000,0.00000000000000000,0.03000000000000000
5.73726152641482123,2.46969847934622777,-0.07700000000000684,0.02000000000000000,0.00000000000000000,0.03000000000000000
5.73925582812418078,2.46954762281820939,-0.07400000000000684,0.02000000000000000,0.00000000000000000,0.03000000000000000
5.74125057342809519,2.46940274986519848,-0.07100000000000684,0.02000000000000000,0.00000000000000000,0.03000000000000000
5.74324574437386914,2.46926386179105073,-0.06800000000000683,0.02000000000000000,0.00000000000000000,0.03000000000000000
5.74524132300497836,2.46913095984575781,-0.06500000000000683,0.02000000000000000,0.00000000000000000,0.03000000000000000
5.74723729136122774,2.46900404522543671,-0.06200000000000683,0.02000000000000000,0.00000000000000000,0.03000000000000000
5.74923363147891653,2.46888311907231772,-0.05900000000000682,0.02000000000000000,0.00000000000000000,0.03000000000000000
5.75123032539099643,2.46876818247473562,-0.05600000000000682,0.02000000000000000,0.00000000000000000,0.03000000000000000
5.75322735512723593,2.46865923646711893,-0.05300000000000682,0.02000000000000000,0.00000000000000000,0.03000000000000000
5.75522470271438102,2.46855628202998112,-0.05000000000000682,0.02000000000000000,0.00000000000000000,0.03000000000000000
5.75722235017631689,2.46845932008991120,-0.04700000000000681,0.02000000000000000,0.00000000000000000,0.03000000000000000
5.75922027953422955,2.46836835151956624,-0.04400000000000681,0.02000000000000000,0.00000000000000000,0.03000000000000000
5.76121847280676924,2.46828337713766244,-0.04100000000000681,0.02000000000000000,0.00000000000000000,0.03000000000000000
5.76321691201020858,2.46820439770896893,-0.03800000000000681,0.02000000000000000,0.00000000000000000,0.03000000000000000
5.76521557915860949,2.46813141394429980,-0.03500000000000680,0.02000000000000000,0.00000000000000000,0.03000000000000000
5.76721445626398044,2.46806442650050872,-0.03200000000000680,0.02000000000000000,0.00000000000000000,0.03000000000000000
5.76921352533644072,2.46800343598048189,-0.02900000000000680,0.02000000000000000,0.00000000000000000,0.03000000000000000
5.77121276838438302,2.46794844293313398,-0.02600000000000680,0.02000000000000000,0.00000000000000000,0.03000000000000000
5.77321216741463239,2.46789944785340154,-0.02300000000000680,0.02000000000000000,0.00000000000000000,0.03000000000000000
5.77521170443261145,2.46785645118224028,-0.02000000000000680,0.02000000000000000,0.00000000000000000,0.03000000000000000
5.77721136144250114,2.46781945330662023,-0.01700000000000680,0.02000000000000000,0.00000000000000000,0.03000000000000000
5.77921112044740148,2.46778845455952167,-0.01400000000000681,0.02000000000000000,0.00000000000000000,0.03000000000000000
5.78121096344949503,2.46776345521993301,-0.01100000000000681,0.02000000000000000,0.00000000000000000,0.03000000000000000
5.78321087245020760,2.46774445551284805,-0.00800000000000681,0.02000000000000000,0.00000000000000000,0.03000000000000000
5.78521082945037257,2.46773145560926466,-0.00500000000000681,0.02000000000000000,0.00000000000000000,0.03000000000000000
5.78721081645038993,2.46772445562618126,-0.00200000000000681,0.02000000000000000,0.00000000000000000,0.03000000000000000
5.78921081545039051,2.46772345562659812,0.00099999999999319,0.02000000000000000,0.00000000000000000,0.03000000000000000
5.79121080845039593,2.46772845561951470,0.00399999999999319,0.02000000000000000,0.00000000000000000,0.03000000000000000
5.79321077745048374,2.46773945555993146,0.00699999999999319,0.02000000000000000,0.00000000000000000,0.03000000000000000
5.79521070445094555,2.46775645534884891,0.00999999999999319,0.02000000000000000,0.00000000000000000,0.03000000000000000
5.79721057145245311,2.46777945483326899,0.01299999999999319,0.02000000000000000,0.00000000000000000,0.03000000000000000
5.79921036045621552,2.46780845380619684,0.01599999999999319,0.02000000000000000,0.00000000000000000,0.03000000000000000
5.80121005346414620,2.46784345200664168,0.01899999999999319,0.02000000000000000,0.00000000000000000,0.03000000000000000
5.80320963247902100,2.46788444911961991,0.02199999999999319,0.02000000000000000,0.00000000000000000,0.03000000000000000
5.80520907950464249,2.46793144477615778,0.02499999999999319,0.02000000000000000,0.00000000000000000,0.03000000000000000
5.80720837654600164,2.46798443855329452,0.02799999999999319,0.02000000000000000,0.00000000000000000,0.03000000000000000
5.80920750560943766,2.46804342997408677,0.03099999999999319,0.02000000000000000,0.00000000000000000,0.03000000000000000
5.81120644870280234,2.46810841850761209,0.03399999999999319,0.02000000000000000,0.00000000000000000,0.03000000000000000
5.81320518783562168,2.46817940356897392,0.03699999999999319,0.02000000000000000,0.00000000000000000,0.03000000000000000
5.81520370501925754,2.46825638451930729,0.03999999999999319,0.02000000000000000,0.00000000000000000,0.03000000000000000
5.81720198226706842,2.46833936066578419,0.04299999999999320,0.02000000000000000,0.00000000000000000,0.03000000000000000
5.81920000159457196,2.46842833126162020,0.04599999999999320,0.02000000000000000,0.00000000000000000,0.03000000000000000
5.82119774501960840,2.46852329550608030,0.04899999999999320,0.02000000000000000,0.00000000000000000,0.03000000000000000
5.82319519456249957,2.46862425254448681,0.05199999999999320,0.02000000000000000,0.00000000000000000,0.03000000000000000
5.82519233224621402,2.46873120146822700,0.05499999999999321,0.02000000000000000,0.00000000000000000,0.03000000000000000
5.82718914009652522,2.46884414131476149,0.05799999999999321,0.02000000000000000,0.00000000000000000,0.03000000000000000
5.82918560014217668,2.46896307106763224,0.06099999999999321,0.02000000000000000,0.00000000000000000,0.03000000000000000
5.83118169441504097,2.46908798965647236,0.06399999999999322,0.02000000000000000,0.00000000000000000,0.03000000000000000
5.83317740495028403,2.46921889595701538,0.06699999999999322,0.02000000000000000,0.00000000000000000,0.03000000000000000
5.83517271378652325,2.46935578879110551,0.06999999999999322,0.02000000000000000,0.00000000000000000,0.03000000000000000
5.83716760296599357,2.46949866692670827,0.07299999999999322,0.02000000000000000,0.00000000000000000,0.03000000000000000
5.83916205453470560,2.46964752907792162,0.07599999999999323,0.02000000000000000,0.00000000000000000,0.03000000000000000
5.84115605054260811,2.46980237390498658,0.07899999999999323,0.02000000000000000,0.00000000000000000,0.03000000000000000
5.84314957304375149,2.46996320001430103,0.08199999999999323,0.02000000000000000,0.00000000000000000,0.03000000000000000
5.84514260409644582,2.47013000595843124,0.08499999999999323,0.02000000000000000,0.00000000000000000,0.03000000000000000
5.84713512576342520,2.47030279023612476,0.08799999999999324,0.02000000000000000,0.00000000000000000,0.03000000000000000
5.84912712011200853,2.47048155129232416,0.09099999999999324,0.02000000000000000,0.00000000000000000,0.03000000000000000
5.85111856921425932,2.47066628751818129,0.09399999999999324,0.02000000000000000,0.00000000000000000,0.03000000000000000
5.85310945514715009,2.47085699725107100,0.09699999999999324,0.02000000000000000,0.00000000000000000,0.03000000000000000
5.85509975999272037,2.47105367877460758,0.09999999999999325,0.02000000000000000,0.00000000000000000,0.03000000000000000
5.85708946583824019,2.47125633031865810,0.10299999999999325,0.02000000000000000,0.00000000000000000,0.03000000000000000
5.85907855477636996,2.47146495005936018,0.10599999999999325,0.02000000000000000,0.00000000000000000,0.03000000000000000
5.86106700890532295,2.47167953611913793,0.10899999999999326,0.02000000000000000,0.00000000000000000,0.03000000000000000
5.86305481032902520,2.47190008656671800,0.11199999999999326,0.02000000000000000,0.00000000000000000,0.03000000000000000
5.86504194115727806,2.47212659941714774,0.11499999999999326,0.02000000000000000,0.00000000000000000,0.03000000000000000
5.86702838350591627,2.47235907263181298,0.11799999999999326,0.02000000000000000,0.00000000000000000,0.03000000000000000
5.86901411949697316,2.47259750411845625,0.12099999999999327,0.02000000000000000,0.00000000000000000,0.03000000000000000
5.87099913125883788,2.47284189173119628,0.12399999999999327,0.02000000000000000,0.00000000000000000,0.03000000000000000
5.87298340092641791,2.47309223327054584,0.12699999999999326,0.02000000000000000,0.00000000000000000,0.03000000000000000
5.87496691064129894,2.47334852648343295,0.12999999999999326,0.02000000000000000,0.00000000000000000,0.03000000000000000
5.87694964255190833,2.47361076906322008,0.13299999999999326,0.02000000000000000,0.00000000000000000,0.03000000000000000
5.87893157881367134,2.47387895864972629,0.13599999999999327,0.02000000000000000,0.00000000000000000,0.03000000000000000
5.88091270158917556,2.47415309282924678,0.13899999999999327,0.02000000000000000,0.00000000000000000,0.03000000000000000
5.88289299304832891,2.47443316913457556,0.14199999999999327,0.02000000000000000,0.00000000000000000,0.03000000000000000
5.88487243536852134,2.47471918504502808,0.14499999999999327,0.02000000000000000,0.00000000000000000,0.03000000000000000
5.88685101073478556,2.47501113798646344,0.14799999999999328,0.02000000000000000,0.00000000000000000,0.03000000000000000
5.88882870133995695,2.47530902533130659,0.15099999999999328,0.02000000000000000,0.00000000000000000,0.03000000000000000
5.89080548938483339,2.47561284439857365,0.15399999999999328,0.02000000000000000,0.00000000000000000,0.03000000000000000
5.89278135707833606,2.47592259245389501,0.15699999999999328,0.02000000000000000,0.00000000000000000,0.03000000000000000
5.89475628663766837,2.47623826670954017,0.15999999999999329,0.02000000000000000,0.00000000000000000,0.03000000000000000
5.89673026028847769,2.47655986432444308,0.16299999999999329,0.02000000000000000,0.00000000000000000,0.03000000000000000
5.89870326026501512,2.47688738240422746,0.16599999999999329,0.02000000000000000,0.00000000000000000,0.03000000000000000
5.90067526881029369,2.47722081800123251,0.16899999999999329,0.02000000000000000,0.00000000000000000,0.03000000000000000
5.90264626817624993,2.47756016811454050,0.17199999999999330,0.02000000000000000,0.00000000000000000,0.03000000000000000
5.90461624062390289,2.47790542969000249,0.17499999999999330,0.02000000000000000,0.00000000000000000,0.03000000000000000
5.90658516842351311,2.47825659962026679,0.17799999999999330,0.02000000000000000,0.00000000000000000,0.03000000000000000
5.90855303385474429,2.47861367474480598,0.18099999999999331,0.02000000000000000,0.00000000000000000,0.03000000000000000
5.91051981920682135,2.47897665184994676,0.18399999999999331,0.02000000000000000,0.00000000000000000,0.03000000000000000
5.91248550677868856,2.47934552766889738,0.18699999999999331,0.02000000000000000,0.00000000000000000,0.03000000000000000
5.91445007887917207,2.47972029888177792,0.18999999999999331,0.02000000000000000,0.00000000000000000,0.03000000000000000
5.91641351782713532,2.48010096211565045,0.19299999999999332,0.02000000000000000,0.00000000000000000,0.03000000000000000
5.91837580595164159,2.48048751394454792,0.19599999999999332,0.02000000000000000,0.00000000000000000,0.03000000000000000
5.92033692559211033,2.48087995088950697,0.19899999999999332,0.02000000000000000,0.00000000000000000,0.03000000000000000
5.92229685909847881,2.48127826941859730,0.20199999999999332,0.02000000000000000,0.00000000000000000,0.03000000000000000
5.92425558883135750,2.48168246594695496,0.20499999999999333,0.02000000000000000,0.00000000000000000,0.03000000000000000
5.92621309716219358,2.48209253683681386,0.20799999999999333,0.02000000000000000,0.00000000000000000,0.03000000000000000
5.92816936647342452,2.48250847839753908,0.21099999999999333,0.02000000000000000,0.00000000000000000,0.03000000000000000
5.93012437915863977,2.48293028688565887,0.21399999999999333,0.02000000000000000,0.00000000000000000,0.03000000000000000
5.93207811762273796,2.48335795850490015,0.21699999999999334,0.02000000000000000,0.00000000000000000,0.03000000000000000
5.93403056428208675,2.48379148940622096,0.21999999999999334,0.02000000000000000,0.00000000000000000,0.03000000000000000
5.93598170156467919,2.48423087568784640,0.22299999999999334,0.02000000000000000,0.00000000000000000,0.03000000000000000
5.93793151191029267,2.48467611339530281,0.22599999999999335,0.02000000000000000,0.00000000000000000,0.03000000000000000
5.93987997777064702,2.48512719852145381,0.22899999999999335,0.02000000000000000,0.00000000000000000,0.03000000000000000
5.94182708160956263,2.48558412700653619,0.23199999999999335,0.02000000000000000,0.00000000000000000,0.03000000000000000
5.94377280590311852,2.48604689473819640,0.23499999999999335,0.02000000000000000,0.00000000000000000,0.03000000000000000
5.94571713313980954,2.48651549755152823,0.23799999999999336,0.02000000000000000,0.00000000000000000,0.03000000000000000
5.94766004582070362,2.48698993122910972,0.24099999999999336,0.02000000000000000,0.00000000000000000,0.03000000000000000
5.94960152645959894,2.48747019150104087,0.24399999999999336,0.02000000000000000,0.00000000000000000,0.03000000000000000
5.95154155758318382,2.48795627404498232,0.24699999999999336,0.02000000000000000,0.00000000000000000,0.03000000000000000
5.95348012173119034,2.48844817448619482,0.24999999999999337,0.02000000000000000,0.00000000000000000,0.03000000000000000
5.95541720145655429,2.48894588839757747,0.25299999999999334,0.02000000000000000,0.00000000000000000,0.03000000000000000
5.95735277932557228,2.48944941129970854,0.25599999999999334,0.02000000000000000,0.00000000000000000,0.03000000000000000
5.95928683791805547,2.48995873866088502,0.25899999999999335,0.02000000000000000,0.00000000000000000,0.03000000000000000
5.96121935982749029,2.49047386589716435,0.26199999999999335,0.02000000000000000,0.00000000000000000,0.03000000000000000
5.96315032766119213,2.49099478837240484,0.26499999999999335,0.02000000000000000,0.00000000000000000,0.03000000000000000
5.96507972404046338,2.49152150139830741,0.26799999999999335,0.02000000000000000,0.00000000000000000,0.03000000000000000
5.96700753160074981,2.49205400023445911,0.27099999999999336,0.02000000000000000,0.00000000000000000,0.03000000000000000
5.96893373299179686,2.49259228008837352,0.27399999999999336,0.02000000000000000,0.00000000000000000,0.03000000000000000
5.97085831087780416,2.49313633611553565,0.27699999999999336,0.02000000000000000,0.00000000000000000,0.03000000000000000
5.97278124793758458,2.49368616341944493,0.27999999999999337,0.02000000000000000,0.00000000000000000,0.03000000000000000
5.97470252686471692,2.49424175705165929,0.28299999999999337,0.02000000000000000,0.00000000000000000,0.03000000000000000
5.97662213036770407,2.49480311201183946,0.28599999999999337,0.02000000000000000,0.00000000000000000,0.03000000000000000
5.97854004117012749,2.49537022324779523,0.28899999999999337,0.02000000000000000,0.00000000000000000,0.03000000000000000
5.98045624201080361,2.49594308565552891,0.29199999999999338,0.02000000000000000,0.00000000000000000,0.03000000000000000
5.98237071564393652,2.49652169407928293,0.29499999999999338,0.02000000000000000,0.00000000000000000,0.03000000000000000
5.98428344483927699,2.49710604331158503,0.29799999999999338,0.02000000000000000,0.00000000000000000,0.03000000000000000
5.98619441238227523,2.49769612809329633,0.30099999999999338,0.02000000000000000,0.00000000000000000,0.03000000000000000
5.98810360107423634,2.49829194311365788,0.30399999999999339,0.02000000000000000,0.00000000000000000,0.03000000000000000
5.99001099373247481,2.49889348301033820,0.30699999999999339,0.02000000000000000,0.00000000000000000,0.03000000000000000
5.99191657319047000,2.49950074236948261,0.30999999999999339,0.02000000000000000,0.00000000000000000,0.03000000000000000
5.99382032229801887,2.50011371572576113,0.31299999999999339,0.02000000000000000,0.00000000000000000,0.03000000000000000
5.99572222392139320,2.50073239756241739,0.31599999999999340,0.02000000000000000,0.00000000000000000,0.03000000000000000
5.99762226094349060,2.50135678231131875,0.31899999999999340,0.02000000000000000,0.00000000000000000,0.03000000000000000
5.99952041626399080,2.50198686435300699,0.32199999999999340,0.02000000000000000,0.00000000000000000,0.03000000000000000
6.00141667279950841,2.50262263801674800,0.32499999999999341,0.02000000000000000,0.00000000000000000,0.03000000000000000
6.00331101348374840,2.50326409758058332,0.32799999999999341,0.02000000000000000,0.00000000000000000,0.03000000000000000
6.00520342126765616,2.50391123727138076,0.33099999999999341,0.02000000000000000,0.00000000000000000,0.03000000000000000
6.00709387911957560,2.50456405126488768,0.33399999999999341,0.02000000000000000,0.00000000000000000,0.03000000000000000
6.00898237002539748,2.50522253368578252,0.33699999999999342,0.02000000000000000,0.00000000000000000,0.03000000000000000
6.01086887698871752,2.50588667860772807,0.33999999999999342,0.02000000000000000,0.00000000000000000,0.03000000000000000
6.01275338303098561,2.50655648005342435,0.34299999999999342,0.02000000000000000,0.00000000000000000,0.03000000000000000
6.01463587119165943,2.50723193199466277,0.34599999999999342,0.02000000000000000,0.00000000000000000,0.03000000000000000
6.01651632452835905,2.50791302835238072,0.34899999999999343,0.02000000000000000,0.00000000000000000,0.03000000000000000
6.01839472611701698,2.50859976299671539,0.35199999999999343,0.02000000000000000,0.00000000000000000,0.03000000000000000
6.02027105905203097,2.50929212974705962,0.35499999999999343,0.02000000000000000,0.00000000000000000,0.03000000000000000
6.02214530644641766,2.50999012237211749,0.35799999999999343,0.02000000000000000,0.00000000000000000,0.03000000000000000
6.02401745143196354,2.51069373458995981,0.36099999999999344,0.02000000000000000,0.00000000000000000,0.03000000000000000
6.02588747715937600,2.51140296006808139,0.36399999999999344,0.02000000000000000,0.00000000000000000,0.03000000000000000
6.02775536679843604,2.51211779242345790,0.36699999999999344,0.02000000000000000,0.00000000000000000,0.03000000000000000
6.02962110353814928,2.51283822522260314,0.36999999999999345,0.02000000000000000,0.00000000000000000,0.03000000000000000
6.03148467058689874,2.51356425198162636,0.37299999999999345,0.02000000000000000,0.00000000000000000,0.03000000000000000
6.03334605117259226,2.51429586616629175,0.37599999999999345,0.02000000000000000,0.00000000000000000,0.03000000000000000
6.03520522854281793,2.51503306119207659,0.37899999999999345,0.02000000000000000,0.00000000000000000,0.03000000000000000
6.03706218596499156,2.51577583042423081,0.38199999999999346,0.02000000000000000,0.00000000000000000,0.03000000000000000
6.03891690672650938,2.51652416717783600,0.38499999999999346,0.02000000000000000,0.00000000000000000,0.03000000000000000
6.04076937413489645,2.51727806471786675,0.38799999999999346,0.02000000000000000,0.00000000000000000,0.03000000000000000
6.04261957151795936,2.51803751625925010,0.39099999999999346,0.02000000000000000,0.00000000000000000,0.03000000000000000
6.04446748222393371,2.51880251496692775,0.39399999999999347,0.02000000000000000,0.00000000000000000,0.03000000000000000
6.04631308962163505,2.51957305395591602,0.39699999999999347,0.02000000000000000,0.00000000000000000,0.03000000000000000
6.04815637710060994,2.52034912629136931,0.39999999999999347,0.02000000000000000,0.00000000000000000,0.03000000000000000
6.04999732807128332,2.52113072498864188,0.40299999999999347,0.02000000000000000,0.00000000000000000,0.03000000000000000
6.05183592596510866,2.52191784301335042,0.40599999999999348,0.02000000000000000,0.00000000000000000,0.03000000000000000
6.05367215423471805,2.52271047328143849,0.40899999999999348,0.02000000000000000,0.00000000000000000,0.03000000000000000
6.05550599635406872,2.52350860865923865,0.41199999999999348,0.02000000000000000,0.00000000000000000,0.03000000000000000
6.05733743581859407,2.52431224196353821,0.41499999999999349,0.02000000000000000,0.00000000000000000,0.03000000000000000
6.05916645614535199,2.52512136596164272,0.41799999999999349,0.02000000000000000,0.00000000000000000,0.03000000000000000
6.06099304087317137,2.52593597337144171,0.42099999999999349,0.02000000000000000,0.00000000000000000,0.03000000000000000
6.06281717356280136,2.52675605686147398,0.42399999999999349,0.02000000000000000,0.00000000000000000,0.03000000000000000
6.06463883779706059,2.52758160905099327,0.42699999999999350,0.02000000000000000,0.00000000000000000,0.03000000000000000
6.06645801718098365,2.52841262251003585,0.42999999999999350,0.02000000000000000,0.00000000000000000,0.03000000000000000
6.06827469534196773,2.52924908975948615,0.43299999999999350,0.02000000000000000,0.00000000000000000,0.03000000000000000
6.07008885592992264,2.53009100327114478,0.43599999999999350,0.02000000000000000,0.00000000000000000,0.03000000000000000
6.07190048261741477,2.53093835546779555,0.43899999999999351,0.02000000000000000,0.00000000000000000,0.03000000000000000
6.07370955909981536,2.53179113872327433,0.44199999999999351,0.02000000000000000,0.00000000000000000,0.03000000000000000
6.07551606909544883,2.53264934536253783,0.44499999999999351,0.02000000000000000,0.00000000000000000,0.03000000000000000
6.07731999634573761,2.53351296766173206,0.44799999999999351,0.02000000000000000,0.00000000000000000,0.03000000000000000
6.07912132461534860,2.53438199784826201,0.45099999999999352,0.02000000000000000,0.00000000000000000,0.03000000000000000
6.08092003769233980,2.53525642810086183,0.45399999999999352,0.02000000000000000,0.00000000000000000,0.03000000000000000
6.08271611938830503,2.53613625054966541,0.45699999999999352,0.02000000000000000,0.00000000000000000,0.03000000000000000
6.08450955353852230,2.53702145727627615,0.45999999999999353,0.02000000000000000,0.00000000000000000,0.03000000000000000
6.08630032400209497,2.53791204031383977,0.46299999999999353,0.02000000000000000,0.00000000000000000,0.03000000000000000
6.08808841466210193,2.53880799164711535,0.46599999999999353,0.02000000000000000,0.00000000000000000,0.03000000000000000
6.08987380942573875,2.53970930321254640,0.46899999999999353,0.02000000000000000,0.00000000000000000,0.03000000000000000
6.09165649222446426,2.54061596689833502,0.47199999999999354,0.02000000000000000,0.00000000000000000,0.03000000000000000
6.09343644701414622,2.54152797454451429,0.47499999999999354,0.02000000000000000,0.00000000000000000,0.03000000000000000
6.09521365777520341,2.54244531794302153,0.47799999999999354,0.02000000000000000,0.00000000000000000,0.03000000000000000
6.09698810851275042,2.54336798883777204,0.48099999999999354,0.02000000000000000,0.00000000000000000,0.03000000000000000
6.09875978325674328,2.54429597892473458,0.48399999999999355,0.02000000000000000,0.00000000000000000,0.03000000000000000
6.10052866606212074,2.54522927985200420,0.48699999999999355,0.02000000000000000,0.00000000000000000,0.03000000000000000
6.10229474100894898,2.54616788321987908,0.48999999999999355,0.02000000000000000,0.00000000000000000,0.03000000000000000
6.10405799220256640,2.54711178058093513,0.49299999999999355,0.02000000000000000,0.00000000000000000,0.03000000000000000
6.10581840377372398,2.54806096344010236,0.49599999999999356,0.02000000000000000,0.00000000000000000,0.03000000000000000
6.10757595987872914,2.54901542325474129,0.49899999999999356,0.02000000000000000,0.00000000000000000,0.03000000000000000
6.10933064469958875,2.54997515143472064,0.50199999999999356,0.02000000000000000,0.00000000000000000,0.03000000000000000
6.11108244244415122,2.55094013934249286,0.50499999999999357,0.02000000000000000,0.00000000000000000,0.03000000000000000
6.11283133734624862,2.55191037829317313,0.50799999999999357,0.02000000000000000,0.00000000000000000,0.03000000000000000
6.11457731366583968,2.55288585955461800,0.51099999999999357,0.02000000000000000,0.00000000000000000,0.03000000000000000
6.11632035568914834,2.55386657434750219,0.51399999999999357,0.02000000000000000,0.00000000000000000,0.03000000000000000
6.11806044772880853,2.55485251384539946,0.51699999999999358,0.02000000000000000,0.00000000000000000,0.03000000000000000
6.11979757412400271,2.55584366917486072,0.51999999999999358,0.02000000000000000,0.00000000000000000,0.03000000000000000
6.12153171924060580,2.55684003141549487,0.52299999999999358,0.02000000000000000,0.00000000000000000,0.03000000000000000
6.12326286747132364,2.55784159160004831,0.52599999999999358,0.02000000000000000,0.00000000000000000,0.03000000000000000
6.12499100323583345,2.55884834071448664,0.52899999999999359,0.02000000000000000,0.00000000000000000,0.03000000000000000
6.12671611098092583,2.55986026969807412,0.53199999999999359,0.02000000000000000,0.00000000000000000,0.03000000000000000
6.12843817518064160,2.56087736944345679,0.53499999999999359,0.02000000000000000,0.00000000000000000,0.03000000000000000
6.13015718033641566,2.56189963079674410,0.53799999999999359,0.02000000000000000,0.00000000000000000,0.03000000000000000
6.13187311097721199,2.56292704455759024,0.54099999999999360,0.02000000000000000,0.00000000000000000,0.03000000000000000
6.13358595165966758,2.56395960147927893,0.54399999999999360,0.02000000000000000,0.00000000000000000,0.03000000000000000
6.13529568696822736,2.56499729226880424,0.54699999999999360,0.02000000000000000,0.00000000000000000,0.03000000000000000
6.13700230151528459,2.56604010758695678,0.54999999999999361,0.02000000000000000,0.00000000000000000,0.03000000000000000
6.13870577994132027,2.56708803804840535,0.55299999999999361,0.02000000000000000,0.00000000000000000,0.03000000000000000
6.14040610691503996,2.56814107422178273,0.55599999999999361,0.02000000000000000,0.00000000000000000,0.03000000000000000
6.14210326713351318,2.56919920662977042,0.55899999999999361,0.02000000000000000,0.00000000000000000,0.03000000000000000
6.14379724532230842,2.57026242574918395,0.56199999999999362,0.02000000000000000,0.00000000000000000,0.03000000000000000
6.14548802623563351,2.57133072201105861,0.56499999999999362,0.02000000000000000,0.00000000000000000,0.03000000000000000
6.14717559465647234,2.57240408580073510,0.56799999999999362,0.02000000000000000,0.00000000000000000,0.03000000000000000
6.14885993539671993,2.57348250745794660,0.57099999999999362,0.02000000000000000,0.00000000000000000,0.03000000000000000
6.15054103329732094,2.57456597727690584,0.57399999999999363,0.02000000000000000,0.00000000000000000,0.03000000000000000
6.15221887322840644,2.57565448550639120,0.57699999999999363,0.02000000000000000,0.00000000000000000,0.03000000000000000
6.15389344008942718,2.57674802234983602,0.57999999999999363,0.02000000000000000,0.00000000000000000,0.03000000000000000
6.15556471880929390,2.57784657796541650,0.58299999999999363,0.02000000000000000,0.00000000000000000,0.03000000000000000
6.15723269434650877,2.57895014246613918,0.58599999999999364,0.02000000000000000,0.00000000000000000,0.03000000000000000
6.15889735168930308,2.58005870591993114,0.58899999999999364,0.02000000000000000,0.00000000000000000,0.03000000000000000
6.16055867585577221,2.58117225834972874,0.59199999999999364,0.02000000000000000,0.00000000000000000,0.03000000000000000
6.16221665189400980,2.58229078973356740,0.59499999999999365,0.02000000000000000,0.00000000000000000,0.03000000000000000
6.16387126488224268,2.58341429000467260,0.59799999999999365,0.02000000000000000,0.00000000000000000,0.03000000000000000
6.16552249992896506,2.58454274905154913,0.60099999999999365,0.02000000000000000,0.00000000000000000,0.03000000000000000
6.16717034217307258,2.58567615671807349,0.60399999999999365,0.02000000000000000,0.00000000000000000,0.03000000000000000
6.16881477678399648,2.58681450280358405,0.60699999999999366,0.02000000000000000,0.00000000000000000,0.03000000000000000
6.17045578896183589,2.58795777706297425,0.60999999999999366,0.02000000000000000,0.00000000000000000,0.03000000000000000
6.17209336393749286,2.58910596920678282,0.61299999999999366,0.02000000000000000,0.00000000000000000,0.03000000000000000
6.17372748697280294,2.59025906890128876,0.61599999999999366,0.02000000000000000,0.00000000000000000,0.03000000000000000
6.17535814336067013,2.59141706576860242,0.61899999999999367,0.02000000000000000,0.00000000000000000,0.03000000000000000
6.17698531842519838,2.59257994938675962,0.62199999999999367,0.02000000000000000,0.00000000000000000,0.03000000000000000
6.17860899752182302,2.59374770928981579,0.62499999999999367,0.02000000000000000,0.00000000000000000,0.03000000000000000
6.18022916603744310,2.59492033496793972,0.62799999999999367,0.02000000000000000,0.00000000000000000,0.03000000000000000
6.18184580939055284,2.59609781586750810,0.63099999999999368,0.02000000000000000,0.00000000000000000,0.03000000000000000
6.18345891303137218,2.59728014139120056,0.63399999999999368,0.02000000000000000,0.00000000000000000,0.03000000000000000
6.18506846244198005,2.59846730089809563,0.63699999999999368,0.02000000000000000,0.00000000000000000,0.03000000000000000
6.18667444313644310,2.59965928370376620,0.63999999999999369,0.02000000000000000,0.00000000000000000,0.03000000000000000
6.18827684066094541,2.60085607908037453,0.64299999999999369,0.02000000000000000,0.00000000000000000,0.03000000000000000
6.18987564059391993,2.60205767625677042,0.64599999999999369,0.02000000000000000,0.00000000000000000,0.03000000000000000
6.19147082854617814,2.60326406441858715,0.64899999999999369,0.02000000000000000,0.00000000000000000,0.03000000000000000
6.19306239016103888,2.60447523270834003,0.65199999999999370,0.02000000000000000,0.00000000000000000,0.03000000000000000
6.19465031111445885,2.60569117022552188,0.65499999999999370,0.02000000000000000,0.00000000000000000,0.03000000000000000
6.19623457711516057,2.60691186602670388,0.65799999999999370,0.02000000000000000,0.00000000000000000,0.03000000000000000
6.19781517390475933,2.60813730912563191,0.66099999999999370,0.02000000000000000,0.00000000000000000,0.03000000000000000
6.19939208725789559,2.60936748849332600,0.66399999999999371,0.02000000000000000,0.00000000000000000,0.03000000000000000
6.20096530298236015,2.61060239305818031,0.66699999999999371,0.02000000000000000,0.00000000000000000,0.03000000000000000
6.20253480691922210,2.61184201170606212,0.66999999999999371,0.02000000000000000,0.00000000000000000,0.03000000000000000
6.20410058494295580,2.61308633328041218,0.67299999999999371,0.02000000000000000,0.00000000000000000,0.03000000000000000
6.20566262296157056,2.61433534658234468,0.67599999999999372,0.02000000000000000,0.00000000000000000,0.03000000000000000
6.20722090691673412,2.61558904037074802,0.67899999999999372,0.02000000000000000,0.00000000000000000,0.03000000000000000
6.20877542278390138,2.61684740336238697,0.68199999999999372,0.02000000000000000,0.00000000000000000,0.03000000000000000
6.21032615657244058,2.61811042423200258,0.68499999999999373,0.02000000000000000,0.00000000000000000,0.03000000000000000
6.21187309432575763,2.61937809161241608,0.68799999999999373,0.02000000000000000,0.00000000000000000,0.03000000000000000
6.21341622212142308,2.62065039409462930,0.69099999999999373,0.02000000000000000,0.00000000000000000,0.03000000000000000
6.21495552607129742,2.62192732022792852,0.69399999999999373,0.02000000000000000,0.00000000000000000,0.03000000000000000
6.21649099232165536,2.62320885851998709,0.69699999999999374,0.02000000000000000,0.00000000000000000,0.03000000000000000
6.21802260705331111,2.62449499743696935,0.69999999999999374,0.02000000000000000,0.00000000000000000,0.03000000000000000
6.21955035648174270,2.62578572540363364,0.70299999999999374,0.02000000000000000,0.00000000000000000,0.03000000000000000
6.22107422685721456,2.62708103080343669,0.70599999999999374,0.02000000000000000,0.00000000000000000,0.03000000000000000
6.22259420446490452,2.62838090197863883,0.70899999999999375,0.02000000000000000,0.00000000000000000,0.03000000000000000
6.22411027562502461,2.62968532723040838,0.71199999999999375,0.02000000000000000,0.00000000000000000,0.03000000000000000
6.22562242669294363,2.63099429481892644,0.71499999999999375,0.02000000000000000,0.00000000000000000,0.03000000000000000
6.22713064405931327,2.63230779296349393,0.71799999999999375,0.02000000000000000,0.00000000000000000,0.03000000000000000
6.22863491415018711,2.63362580984263639,0.72099999999999376,0.02000000000000000,0.00000000000000000,0.03000000000000000
6.23013522342714410,2.63494833359421099,0.72399999999999376,0.02000000000000000,0.00000000000000000,0.03000000000000000
6.23163155838741112,2.63627535231551269,0.72699999999999376,0.02000000000000000,0.00000000000000000,0.03000000000000000
6.23312390556398288,2.63760685406338169,0.72999999999999376,0.02000000000000000,0.00000000000000000,0.03000000000000000
6.23461225152574627,2.63894282685431136,0.73299999999999377,0.02000000000000000,0.00000000000000000,0.03000000000000000
6.23609658287759672,2.64028325866455571,0.73599999999999377,0.02000000000000000,0.00000000000000000,0.03000000000000000
6.23757688626056250,2.64162813743023772,0.73899999999999377,0.02000000000000000,0.00000000000000000,0.03000000000000000
6.23905314835192293,2.64297745104745729,0.74199999999999378,0.02000000000000000,0.00000000000000000,0.03000000000000000
6.24052535586532908,2.64433118737240092,0.74499999999999378,0.02000000000000000,0.00000000000000000,0.03000000000000000
6.24199349555092287,2.64568933422145092,0.74799999999999378,0.02000000000000000,0.00000000000000000,0.03000000000000000
6.24345755419545778,2.64705187937129516,0.75099999999999378,0.02000000000000000,0.00000000000000000,0.03000000000000000
6.24491751862241529,2.64841881055903583,0.75399999999999379,0.02000000000000000,0.00000000000000000,0.03000000000000000
6.24637337569212647,2.64979011548230181,0.75699999999999379,0.02000000000000000,0.00000000000000000,0.03000000000000000
6.24782511230188664,2.65116578179935836,0.75999999999999379,0.02000000000000000,0.00000000000000000,0.03000000000000000
6.24927271538607609,2.65254579712921723,0.76299999999999379,0.02000000000000000,0.00000000000000000,0.03000000000000000
6.25071617191627737,2.65393014905175040,0.76599999999999380,0.02000000000000000,0.00000000000000000,0.03000000000000000
6.25215546890139073,2.65531882510779971,0.76899999999999380,0.02000000000000000,0.00000000000000000,0.03000000000000000
6.25359059338775314,2.65671181279928970,0.77199999999999380,0.02000000000000000,0.00000000000000000,0.03000000000000000
6.25502153245925463,2.65810909958934083,0.77499999999999380,0.02000000000000000,0.00000000000000000,0.03000000000000000
6.25644827323745290,2.65951067290238141,0.77799999999999381,0.02000000000000000,0.00000000000000000,0.03000000000000000
6.25787080288169051,2.66091652012426128,0.78099999999999381,0.02000000000000000,0.00000000000000000,0.03000000000000000
6.25928910858920950,2.66232662860236458,0.78399999999999381,0.02000000000000000,0.00000000000000000,0.03000000000000000
6.26070317759526951,2.66374098564572481,0.78699999999999382,0.02000000000000000,0.00000000000000000,0.03000000000000000
6.26211299717325787,2.66515957852513807,0.78999999999999382,0.02000000000000000,0.00000000000000000,0.03000000000000000
6.26351855463480867,2.66658239447327761,0.79299999999999382,0.02000000000000000,0.00000000000000000,0.03000000000000000
6.26491983732991375,2.66800942068481017,0.79599999999999382,0.02000000000000000,0.00000000000000000,0.03000000000000000
6.26631683264703820,2.66944064431650885,0.79899999999999383,0.02000000000000000,0.00000000000000000,0.03000000000000000
6.26770952801323400,2.67087605248737114,0.80199999999999383,0.02000000000000000,0.00000000000000000,0.03000000000000000
6.26909791089425195,2.67231563227873270,0.80499999999999383,0.02000000000000000,0.00000000000000000,0.03000000000000000
6.27048196879465536,2.67375937073438541,0.80799999999999383,0.02000000000000000,0.00000000000000000,0.03000000000000000
6.27186168925793286,2.67520725486069288,0.81099999999999384,0.02000000000000000,0.00000000000000000,0.03000000000000000
6.27323705986660940,2.67665927162670769,0.81399999999999384,0.02000000000000000,0.00000000000000000,0.03000000000000000
6.27460806824235906,2.67811540796428904,0.81699999999999384,0.02000000000000000,0.00000000000000000,0.03000000000000000
6.27597470204611607,2.67957565076821957,0.81999999999999384,0.02000000000000000,0.00000000000000000,0.03000000000000000
6.27733694897818495,2.68103998689632395,0.82299999999999385,0.02000000000000000,0.00000000000000000,0.03000000000000000
6.27869479677835240,2.68250840316958650,0.82599999999999385,0.02000000000000000,0.00000000000000000,0.03000000000000000
6.28004823322599748,2.68398088637227117,0.82899999999999385,0.02000000000000000,0.00000000000000000,0.03000000000000000
6.28139724614020079,2.68545742325203873,0.83199999999999386,0.02000000000000000,0.00000000000000000,0.03000000000000000
6.28274182337985554,2.68693800052006759,0.83499999999999386,0.02000000000000000,0.00000000000000000,0.03000000000000000
6.28408195284377591,2.68842260485117190,0.83799999999999386,0.02000000000000000,0.00000000000000000,0.03000000000000000
6.28541762247080538,2.68991122288392281,0.84099999999999386,0.02000000000000000,0.00000000000000000,0.03000000000000000
6.28674882023992687,2.69140384122076837,0.84399999999999387,0.02000000000000000,0.00000000000000000,0.03000000000000000
6.28807553417036935,2.69290044642815340,0.84699999999999387,0.02000000000000000,0.00000000000000000,0.03000000000000000
6.28939775232171616,2.69440102503664125,0.84999999999999387,0.02000000000000000,0.00000000000000000,0.03000000000000000
6.29071546279401250,2.69590556354103450,0.85299999999999387,0.02000000000000000,0.00000000000000000,0.03000000000000000
6.29202865372787379,2.69741404840049670,0.85599999999999388,0.02000000000000000,0.00000000000000000,0.03000000000000000
6.29333731330458956,2.69892646603867448,0.85899999999999388,0.02000000000000000,0.00000000000000000,0.03000000000000000
6.29464142974623364,2.70044280284381877,0.86199999999999388,0.02000000000000000,0.00000000000000000,0.03000000000000000
6.29594099131576623,2.70196304516890917,0.86499999999999388,0.02000000000000000,0.00000000000000000,0.03000000000000000
6.29723598631714143,2.70348717933177474,0.86799999999999389,0.02000000000000000,0.00000000000000000,0.03000000000000000
6.29852640309541378,2.70501519161521831,0.87099999999999389,0.02000000000000000,0.00000000000000000,0.03000000000000000
6.29981223003684043,2.70654706826713998,0.87399999999999389,0.02000000000000000,0.00000000000000000,0.03000000000000000
6.30109345556898770,2.70808279550065967,0.87699999999999390,0.02000000000000000,0.00000000000000000,0.03000000000000000
6.30237006816083500,2.70962235949424324,0.87999999999999390,0.02000000000000000,0.00000000000000000,0.03000000000000000
6.30364205632287700,2.71116574639182462,0.88299999999999390,0.02000000000000000,0.00000000000000000,0.03000000000000000
6.30490940860722926,2.71271294230293236,0.88599999999999390,0.02000000000000000,0.00000000000000000,0.03000000000000000
6.30617211360772956,2.71426393330281357,0.88899999999999391,0.02000000000000000,0.00000000000000000,0.03000000000000000
6.30743015996004175,2.71581870543255999,0.89199999999999391,0.02000000000000000,0.00000000000000000,0.03000000000000000
6.30868353634175616,2.71737724469923281,0.89499999999999391,0.02000000000000000,0.00000000000000000,0.03000000000000000
6.30993223147249438,2.71893953707598923,0.89799999999999391,0.02000000000000000,0.00000000000000000,0.03000000000000000
6.31117623411400874,2.72050556850220815,0.90099999999999392,0.02000000000000000,0.00000000000000000,0.03000000000000000
6.31241553307028447,2.72207532488361759,0.90399999999999392,0.02000000000000000,0.00000000000000000,0.03000000000000000
6.31365011718763824,2.72364879209242039,0.90699999999999392,0.02000000000000000,0.00000000000000000,0.03000000000000000
6.31487997535482215,2.72522595596742256,0.90999999999999392,0.02000000000000000,0.00000000000000000,0.03000000000000000
6.31610509650312046,2.72680680231415984,0.91299999999999393,0.02000000000000000,0.00000000000000000,0.03000000000000000
6.31732546960645180,2.72839131690502601,0.91599999999999393,0.02000000000000000,0.00000000000000000,0.03000000000000000
6.31854108368146594,2.72997948547939995,0.91899999999999393,0.02000000000000000,0.00000000000000000,0.03000000000000000
6.31975192778764416,2.73157129374377527,0.92199999999999394,0.02000000000000000,0.00000000000000000,0.03000000000000000
6.32095799102739786,2.73316672737188870,0.92499999999999394,0.02000000000000000,0.00000000000000000,0.03000000000000000
6.32215926254616623,2.73476577200484838,0.92799999999999394,0.02000000000000000,0.00000000000000000,0.03000000000000000
6.32335573153251396,2.73636841325126312,0.93099999999999394,0.02000000000000000,0.00000000000000000,0.03000000000000000
6.32454738721822807,2.73797463668737251,0.93399999999999395,0.02000000000000000,0.00000000000000000,0.03000000000000000
6.32573421887841469,2.73958442785717660,0.93699999999999395,0.02000000000000000,0.00000000000000000,0.03000000000000000
6.32691621583159769,2.74119777227256556,0.93999999999999395,0.02000000000000000,0.00000000000000000,0.03000000000000000
6.32809336743981277,2.74281465541345071,0.94299999999999395,0.02000000000000000,0.00000000000000000,0.03000000000000000
6.32926566310870253,2.74443506272789461,0.94599999999999396,0.02000000000000000,0.00000000000000000,0.03000000000000000
6.33043309228761419,2.74605897963224255,0.94899999999999396,0.02000000000000000,0.00000000000000000,0.03000000000000000
6.33159564446969281,2.74768639151125305,0.95199999999999396,0.02000000000000000,0.00000000000000000,0.03000000000000000
6.33275330919197721,2.74931728371823025,0.95499999999999396,0.02000000000000000,0.00000000000000000,0.03000000000000000
6.33390607603549238,2.75095164157515537,0.95799999999999397,0.02000000000000000,0.00000000000000000,0.03000000000000000
6.33505393462534450,2.75258945037281899,0.96099999999999397,0.02000000000000000,0.00000000000000000,0.03000000000000000
6.33619687463081416,2.75423069537095255,0.96399999999999397,0.02000000000000000,0.00000000000000000,0.03000000000000000
6.33733488576544879,2.75587536179836246,0.96699999999999398,0.02000000000000000,0.00000000000000000,0.03000000000000000
6.33846795778715588,2.75752343485306195,0.96999999999999398,0.02000000000000000,0.00000000000000000,0.03000000000000000
6.33959608049829448,2.75917489970240437,0.97299999999999398,0.02000000000000000,0.00000000000000000,0.03000000000000000
6.34071924374576845,2.76082974148321725,0.97599999999999398,0.02000000000000000,0.00000000000000000,0.03000000000000000
6.34183743742111616,2.76248794530193598,0.97899999999999399,0.02000000000000000,0.00000000000000000,0.03000000000000000
6.34295065146060200,2.76414949623473749,0.98199999999999399,0.02000000000000000,0.00000000000000000,0.03000000000000000
6.34405887584530692,2.76581437932767438,0.98499999999999399,0.02000000000000000,0.00000000000000000,0.03000000000000000
6.34516210060121910,2.76748257959680988,0.98799999999999399,0.02000000000000000,0.00000000000000000,0.03000000000000000
6.34626031579932270,2.76915408202835334,0.99099999999999400,0.02000000000000000,0.00000000000000000,0.03000000000000000
6.34735351155568850,2.77082887157879387,0.99399999999999400,0.02000000000000000,0.00000000000000000,0.03000000000000000
6.34844167803156267,2.77250693317503671,0.99699999999999400,0.02000000000000000,0.00000000000000000,0.03000000000000000
6.34952480543345388,2.77418825171453864,0.99999999999999400,0.02000000000000000,0.00000000000000000,0.03000000000000000
6.35060288401322293,2.77587281206544478,1.00299999999999390,0.02000000000000000,0.00000000000000000,0.03000000000000000
6.35167590406816984,2.77756059906672270,1.00599999999999379,0.02000000000000000,0.00000000000000000,0.03000000000000000
6.35274385594112090,2.77925159752830098,1.00899999999999368,0.02000000000000000,0.00000000000000000,0.03000000000000000
6.35380673002051743,2.78094579223120508,1.01199999999999357,0.02000000000000000,0.00000000000000000,0.03000000000000000
6.35486451674049935,2.78264316792769417,1.01499999999999346,0.02000000000000000,0.00000000000000000,0.03000000000000000
6.35591720658099302,2.78434370934139830,1.01799999999999335,0.02000000000000000,0.00000000000000000,0.03000000000000000
6.35696479006779747,2.78604740116745608,1.02099999999999325,0.02000000000000000,0.00000000000000000,0.03000000000000000
6.35800725777266784,2.78775422807265283,1.02399999999999314,0.02000000000000000,0.00000000000000000,0.03000000000000000
6.35904460031340246,2.78946417469555774,1.02699999999999303,0.02000000000000000,0.00000000000000000,0.03000000000000000
6.36007680835392541,2.79117722564666249,1.02999999999999292,0.02000000000000000,0.00000000000000000,0.03000000000000000
6.36110387260437093,2.79289336550852063,1.03299999999999281,0.02000000000000000,0.00000000000000000,0.03000000000000000
6.36212578382116778,2.79461257883588443,1.03599999999999270,0.02000000000000000,0.00000000000000000,0.03000000000000000
6.36314253280712183,2.79633485015584604,1.03899999999999260,0.02000000000000000,0.00000000000000000,0.03000000000000000
6.36415411041149959,2.79806016396797519,1.04199999999999249,0.02000000000000000,0.00000000000000000,0.03000000000000000
6.36516050753010898,2.79978850474445906,1.04499999999999238,0.02000000000000000,0.00000000000000000,0.03000000000000000
6.36616171510538287,2.80151985693024219,1.04799999999999227,0.02000000000000000,0.00000000000000000,0.03000000000000000
6.36715772412645986,2.80325420494316679,1.05099999999999216,0.02000000000000000,0.00000000000000000,0.03000000000000000
6.36814852562926514,2.80499153317411221,1.05399999999999205,0.02000000000000000,0.00000000000000000,0.03000000000000000
6.36913411069659219,2.80673182598713611,1.05699999999999195,0.02000000000000000,0.00000000000000000,0.03000000000000000
6.37011447045818180,2.80847506771961530,1.05999999999999184,0.02000000000000000,0.00000000000000000,0.03000000000000000
6.37108959609080294,2.81022124268238560,1.06299999999999173,0.02000000000000000,0.00000000000000000,0.03000000000000000
6.37205947881833179,2.81197033515988437,1.06599999999999162,0.02000000000000000,0.00000000000000000,0.03000000000000000
6.37302410991182988,2.81372232941029088,1.06899999999999151,0.02000000000000000,0.00000000000000000,0.03000000000000000
6.37398348068962406,2.81547720966566883,1.07199999999999140,0.02000000000000000,0.00000000000000000,0.03000000000000000
6.37493758251738374,2.81723496013210806,1.07499999999999130,0.02000000000000000,0.00000000000000000,0.03000000000000000
6.37588640680819907,2.81899556498986570,1.07799999999999119,0.02000000000000000,0.00000000000000000,0.03000000000000000
6.37682994502265732,2.82075900839351013,1.08099999999999108,0.02000000000000000,0.00000000000000000,0.03000000000000000
6.37776818866892192,2.82252527447206258,1.08399999999999097,0.02000000000000000,0.00000000000000000,0.03000000000000000
6.37870112930280531,2.82429434732914064,1.08699999999999086,0.02000000000000000,0.00000000000000000,0.03000000000000000
6.37962875852784883,2.82606621104310030,1.08999999999999075,0.02000000000000000,0.00000000000000000,0.03000000000000000
6.38055106799539562,2.82784084966717986,1.09299999999999065,0.02000000000000000,0.00000000000000000,0.03000000000000000
6.38146804940466605,2.82961824722964383,1.09599999999999054,0.02000000000000000,0.00000000000000000,0.03000000000000000
6.38237969450283416,2.83139838773392594,1.09899999999999043,0.02000000000000000,0.00000000000000000,0.03000000000000000
6.38328599508510042,2.83318125515877428,1.10199999999999032,0.02000000000000000,0.00000000000000000,0.03000000000000000
6.38418694299476552,2.83496683345839351,1.10499999999999021,0.02000000000000000,0.00000000000000000,0.03000000000000000
6.38508253012330407,2.83675510656259133,1.10799999999999010,0.02000000000000000,0.00000000000000000,0.03000000000000000
6.38597274841043827,2.83854605837692153,1.11099999999999000,0.02000000000000000,0.00000000000000000,0.03000000000000000
6.38685758984420993,2.84033967278283006,1.11399999999998989,0.02000000000000000,0.00000000000000000,0.03000000000000000
6.38773704646105145,2.84213593363779937,1.11699999999998978,0.02000000000000000,0.00000000000000000,0.03000000000000000
6.38861111034585960,2.84393482477549364,1.11999999999998967,0.02000000000000000,0.00000000000000000,0.03000000000000000
6.38947977363206476,2.84573633000590531,1.12299999999998956,0.02000000000000000,0.00000000000000000,0.03000000000000000
6.39034302850170377,2.84754043311549898,1.12599999999998945,0.02000000000000000,0.00000000000000000,0.03000000000000000
6.39120086718548830,2.84934711786735884,1.12899999999998935,0.02000000000000000,0.00000000000000000,0.03000000000000000
6.39205328196287681,2.85115636800133476,1.13199999999998924,0.02000000000000000,0.00000000000000000,0.03000000000000000
6.39290026516214116,2.85296816723418756,1.13499999999998913,0.02000000000000000,0.00000000000000000,0.03000000000000000
6.39374180916043855,2.85478249925973593,1.13799999999998902,0.02000000000000000,0.00000000000000000,0.03000000000000000
6.39457790638387813,2.85659934774900437,1.14099999999998891,0.02000000000000000,0.00000000000000000,0.03000000000000000
6.39540854930759117,2.85841869635036883,1.14399999999998880,0.02000000000000000,0.00000000000000000,0.03000000000000000
6.39623373045579680,2.86024052868970369,1.14699999999998870,0.02000000000000000,0.00000000000000000,0.03000000000000000
6.39705344240187035,2.86206482837053056,1.14999999999998859,0.02000000000000000,0.00000000000000000,0.03000000000000000
6.39786767776841003,2.86389157897416480,1.15299999999998848,0.02000000000000000,0.00000000000000000,0.03000000000000000
6.39867642922730262,2.86572076405986298,1.15599999999998837,0.02000000000000000,0.00000000000000000,0.03000000000000000
6.39947968949979096,2.86755236716497164,1.15899999999998826,0.02000000000000000,0.00000000000000000,0.03000000000000000
6.40027745135653703,2.86938637180507516,1.16199999999998815,0.02000000000000000,0.00000000000000000,0.03000000000000000
6.40106970761769034,2.87122276147414457,1.16499999999998805,0.02000000000000000,0.00000000000000000,0.03000000000000000
6.40185645115295010,2.87306151964468492,1.16799999999998794,0.02000000000000000,0.00000000000000000,0.03000000000000000
6.40263767488162916,2.87490262976788502,1.17099999999998783,0.02000000000000000,0.00000000000000000,0.03000000000000000
6.40341337177271974,2.87674607527376613,1.17399999999998772,0.02000000000000000,0.00000000000000000,0.03000000000000000
6.40418353484495473,2.87859183957133169,1.17699999999998761,0.02000000000000000,0.00000000000000000,0.03000000000000000
6.40494815716687160,2.88043990604871514,1.17999999999998750,0.02000000000000000,0.00000000000000000,0.03000000000000000
6.40570723185687463,2.88229025807333050,1.18299999999998739,0.02000000000000000,0.00000000000000000,0.03000000000000000
6.40646075208329702,2.88414287899202204,1.18599999999998729,0.02000000000000000,0.00000000000000000,0.03000000000000000
6.40720871106446133,2.88599775213121434,1.18899999999998718,0.02000000000000000,0.00000000000000000,0.03000000000000000
6.40795110206874252,2.88785486079706111,1.19199999999998707,0.02000000000000000,0.00000000000000000,0.03000000000000000
6.40868791841462571,2.88971418827559745,1.19499999999998696,0.02000000000000000,0.00000000000000000,0.03000000000000000
6.40941915347076918,2.89157571783288825,1.19799999999998685,0.02000000000000000,0.00000000000000000,0.03000000000000000
6.41014480065606218,2.89343943271518045,1.20099999999998674,0.02000000000000000,0.00000000000000000,0.03000000000000000
6.41086485343968526,2.89530531614905229,1.20399999999998664,0.02000000000000000,0.00000000000000000,0.03000000000000000
6.41157930534116804,2.89717335134156562,1.20699999999998653,0.02000000000000000,0.00000000000000000,0.03000000000000000
6.41228814993044871,2.89904352148041644,1.20999999999998642,0.02000000000000000,0.00000000000000000,0.03000000000000000
6.41299138082792997,2.90091580973408592,1.21299999999998631,0.02000000000000000,0.00000000000000000,0.03000000000000000
6.41368899170453943,2.90279019925199222,1.21599999999998620,0.02000000000000000,0.00000000000000000,0.03000000000000000
6.41438097628178294,2.90466667316464289,1.21899999999998609,0.02000000000000000,0.00000000000000000,0.03000000000000000
6.41506732833180404,2.90654521458378490,1.22199999999998599,0.02000000000000000,0.00000000000000000,0.03000000000000000
6.41574804167743995,2.90842580660255834,1.22499999999998588,0.02000000000000000,0.00000000000000000,0.03000000000000000
6.41642311019227396,2.91030843229564784,1.22799999999998577,0.02000000000000000,0.00000000000000000,0.03000000000000000
6.41709252780069495,2.91219307471943489,1.23099999999998566,0.02000000000000000,0.00000000000000000,0.03000000000000000
6.41775628847794799,2.91407971691215018,1.23399999999998555,0.02000000000000000,0.00000000000000000,0.03000000000000000
6.41841438625019212,2.91596834189402676,1.23699999999998544,0.02000000000000000,0.00000000000000000,0.03000000000000000
6.41906681519455180,2.91785893266745244,1.23999999999998534,0.02000000000000000,0.00000000000000000,0.03000000000000000
6.41971356943917026,2.91975147221712339,1.24299999999998523,0.02000000000000000,0.00000000000000000,0.03000000000000000
6.42035464316326454,2.92164594351019602,1.24599999999998512,0.02000000000000000,0.00000000000000000,0.03000000000000000
6.42099003059717521,2.92354232949644199,1.24899999999998501,0.02000000000000000,0.00000000000000000,0.03000000000000000
6.42161972602241971,2.92544061310839965,1.25199999999998490,0.02000000000000000,0.00000000000000000,0.03000000000000000
6.42224372377174291,2.92734077726152986,1.25499999999998479,0.02000000000000000,0.00000000000000000,0.03000000000000000
6.42286201822916958,2.92924280485436750,1.25799999999998469,0.02000000000000000,0.00000000000000000,0.03000000000000000
6.42347460383005409,2.93114667876867729,1.26099999999998458,0.02000000000000000,0.00000000000000000,0.03000000000000000
6.42408147506113014,2.93305238186960704,1.26399999999998447,0.02000000000000000,0.00000000000000000,0.03000000000000000
6.42468262646056054,2.93495989700584170,1.26699999999998436,0.02000000000000000,0.00000000000000000,0.03000000000000000
6.42527805261798690,2.93686920700975751,1.26999999999998425,0.02000000000000000,0.00000000000000000,0.03000000000000000
6.42586774817457762,2.93878029469757784,1.27299999999998414,0.02000000000000000,0.00000000000000000,0.03000000000000000
6.42645170782307673,2.94069314286952599,1.27599999999998404,0.02000000000000000,0.00000000000000000,0.03000000000000000
6.42702992630785097,2.94260773430998146,1.27899999999998393,0.02000000000000000,0.00000000000000000,0.03000000000000000
6.42760239842493863,2.94452405178763454,1.28199999999998382,0.02000000000000000,0.00000000000000000,0.03000000000000000
6.42816911902209398,2.94644207805564040,1.28499999999998371,0.02000000000000000,0.00000000000000000,0.03000000000000000
6.42873008299883608,2.94836179585177582,1.28799999999998360,0.02000000000000000,0.00000000000000000,0.03000000000000000
6.42928528530649235,2.95028318789859334,1.29099999999998349,0.02000000000000000,0.00000000000000000,0.03000000000000000
6.42983472094824560,2.95220623690357797,1.29399999999998339,0.02000000000000000,0.00000000000000000,0.03000000000000000
6.43037838497917935,2.95413092555930135,1.29699999999998328,0.02000000000000000,0.00000000000000000,0.03000000000000000
6.43091627250632047,2.95605723654357844,1.29999999999998317,0.02000000000000000,0.00000000000000000,0.03000000000000000
6.43144837868868535,2.95798515251962346,1.30299999999998306,0.02000000000000000,0.00000000000000000,0.03000000000000000
6.43197469873732164,2.95991465613620575,1.30599999999998295,0.02000000000000000,0.00000000000000000,0.03000000000000000
6.43249522791535266,2.96184573002780605,1.30899999999998284,0.02000000000000000,0.00000000000000000,0.03000000000000000
6.43300996153801918,2.96377835681477197,1.31199999999998274,0.02000000000000000,0.00000000000000000,0.03000000000000000
6.43351889497272200,2.96571251910347566,1.31499999999998263,0.02000000000000000,0.00000000000000000,0.03000000000000000
6.43402202363906373,2.96764819948646918,1.31799999999998252,0.02000000000000000,0.00000000000000000,0.03000000000000000
6.43451934300888961,2.96958538054264265,1.32099999999998241,0.02000000000000000,0.00000000000000000,0.03000000000000000
6.43501084860632844,2.97152404483737920,1.32399999999998230,0.02000000000000000,0.00000000000000000,0.03000000000000000
6.43549653600783422,2.97346417492271353,1.32699999999998219,0.02000000000000000,0.00000000000000000,0.03000000000000000
6.43597640084222267,2.97540575333748825,1.32999999999998209,0.02000000000000000,0.00000000000000000,0.03000000000000000
6.43645043879071377,2.97734876260751014,1.33299999999998198,0.02000000000000000,0.00000000000000000,0.03000000000000000
6.43691864558696913,2.97929318524570919,1.33599999999998187,0.02000000000000000,0.00000000000000000,0.03000000000000000
6.43738101701713106,2.98123900375229489,1.33899999999998176,0.02000000000000000,0.00000000000000000,0.03000000000000000
6.43783754891985893,2.98318620061491391,1.34199999999998165,0.02000000000000000,0.00000000000000000,0.03000000000000000
6.43828823718636922,2.98513475830880726,1.34499999999998154,0.02000000000000000,0.00000000000000000,0.03000000000000000
6.43873307776047099,2.98708465929696887,1.34799999999998144,0.02000000000000000,0.00000000000000000,0.03000000000000000
6.43917206663860142,2.98903588603030324,1.35099999999998133,0.02000000000000000,0.00000000000000000,0.03000000000000000
6.43960519986986402,2.99098842094778261,1.35399999999998122,0.02000000000000000,0.00000000000000000,0.03000000000000000
6.44003247355606234,2.99294224647660645,1.35699999999998111,0.02000000000000000,0.00000000000000000,0.03000000000000000
6.44045388385173645,2.99489734503235772,1.35999999999998100,0.02000000000000000,0.00000000000000000,0.03000000000000000
6.44086942696419662,2.99685369901916276,1.36299999999998089,0.02000000000000000,0.00000000000000000,0.03000000000000000
6.44127909915355712,2.99881129082984899,1.36599999999998079,0.02000000000000000,0.00000000000000000,0.03000000000000000
6.44168289673277172,3.00077010284610335,1.36899999999998068,0.02000000000000000,0.00000000000000000,0.03000000000000000
6.44208081606766392,3.00273011743863050,1.37199999999998057,0.02000000000000000,0.00000000000000000,0.03000000000000000
6.44247285357696331,3.00469131696731262,1.37499999999998046,0.02000000000000000,0.00000000000000000,0.03000000000000000
6.44285900573233405,3.00665368378136755,1.37799999999998035,0.02000000000000000,0.00000000000000000,0.03000000000000000
6.44323926905841038,3.00861720021950685,1.38099999999998024,0.02000000000000000,0.00000000000000000,0.03000000000000000
6.44361364013282412,3.01058184861009570,1.38399999999998014,0.02000000000000000,0.00000000000000000,0.03000000000000000
6.44398211558623846,3.01254761127131188,1.38699999999998003,0.02000000000000000,0.00000000000000000,0.03000000000000000
6.44434469210237726,3.01451447051130472,1.38999999999997992,0.02000000000000000,0.00000000000000000,0.03000000000000000
6.44470136641805347,3.01648240862835459,1.39299999999997981,0.02000000000000000,0.00000000000000000,0.03000000000000000
6.44505213532320109,3.01845140791103184,1.39599999999997970,0.02000000000000000,0.00000000000000000,0.03000000000000000
6.44539699566090185,3.02042145063835576,1.39899999999997959,0.02000000000000000,0.00000000000000000,0.03000000000000000
6.44573594432741626,3.02239251907995543,1.40199999999997948,0.02000000000000000,0.00000000000000000,0.03000000000000000
6.44606897827220759,3.02436459549622771,1.40499999999997938,0.02000000000000000,0.00000000000000000,0.03000000000000000
6.44639609449797302,3.02633766213849853,1.40799999999997927,0.02000000000000000,0.00000000000000000,0.03000000000000000
6.44671729006066840,3.02831170124918136,1.41099999999997916,0.02000000000000000,0.00000000000000000,0.03000000000000000
6.44703256206953590,3.03028669506193760,1.41399999999997905,0.02000000000000000,0.00000000000000000,0.03000000000000000
6.44734190768712967,3.03226262580183636,1.41699999999997894,0.02000000000000000,0.00000000000000000,0.03000000000000000
6.44764532412934077,3.03423947568551400,1.41999999999997883,0.02000000000000000,0.00000000000000000,0.03000000000000000
6.44794280866542380,3.03621722692133522,1.42299999999997873,0.02000000000000000,0.00000000000000000,0.03000000000000000
6.44823435861801997,3.03819586170955214,1.42599999999997862,0.02000000000000000,0.00000000000000000,0.03000000000000000
6.44851997136318111,3.04017536224246498,1.42899999999997851,0.02000000000000000,0.00000000000000000,0.03000000000000000
6.44879964433039543,3.04215571070458246,1.43199999999997840,0.02000000000000000,0.00000000000000000,0.03000000000000000
6.44907337500260702,3.04413688927278159,1.43499999999997829,0.02000000000000000,0.00000000000000000,0.03000000000000000
6.44934116091624254,3.04611888011646847,1.43799999999997818,0.02000000000000000,0.00000000000000000,0.03000000000000000
6.44960299966122985,3.04810166539773952,1.44099999999997808,0.02000000000000000,0.00000000000000000,0.03000000000000000
6.44985888888102288,3.05008522727153997,1.44399999999997797,0.02000000000000000,0.00000000000000000,0.03000000000000000
6.45010882627262028,3.05206954788582641,1.44699999999997786,0.02000000000000000,0.00000000000000000,0.03000000000000000
6.45035280958658674,3.05405460938172713,1.44999999999997775,0.02000000000000000,0.00000000000000000,0.03000000000000000
6.45059083662707344,3.05604039389370152,1.45299999999997764,0.02000000000000000,0.00000000000000000,0.03000000000000000
6.45082290525184021,3.05802688354970265,1.45599999999997753,0.02000000000000000,0.00000000000000000,0.03000000000000000
6.45104901337226977,3.06001406047133706,1.45899999999997743,0.02000000000000000,0.00000000000000000,0.03000000000000000
6.45126915895339081,3.06200190677402606,1.46199999999997732,0.02000000000000000,0.00000000000000000,0.03000000000000000
6.45148334001389490,3.06399040456716598,1.46499999999997721,0.02000000000000000,0.00000000000000000,0.03000000000000000
6.45169155462615329,3.06597953595429029,1.46799999999997710,0.02000000000000000,0.00000000000000000,0.03000000000000000
6.45189380091623654,3.06796928303322991,1.47099999999997699,0.02000000000000000,0.00000000000000000,0.03000000000000000
6.45209007706392956,3.06995962789627441,1.47399999999997688,0.02000000000000000,0.00000000000000000,0.03000000000000000
6.45228038130274761,3.07195055263033368,1.47699999999997678,0.02000000000000000,0.00000000000000000,0.03000000000000000
6.45246471191995408,3.07394203931709864,1.47999999999997667,0.02000000000000000,0.00000000000000000,0.03000000000000000
6.45264306725657555,3.07593407003320207,1.48299999999997656,0.02000000000000000,0.00000000000000000,0.03000000000000000
6.45281544570741428,3.07792662685038154,1.48599999999997645,0.02000000000000000,0.00000000000000000,0.03000000000000000
6.45298184572106504,3.07991969183563885,1.48899999999997634,0.02000000000000000,0.00000000000000000,0.03000000000000000
6.45314226579992933,3.08191324705140257,1.49199999999997623,0.02000000000000000,0.00000000000000000,0.03000000000000000
6.45329670450022785,3.08390727455568925,1.49499999999997613,0.02000000000000000,0.00000000000000000,0.03000000000000000
6.45344516043201288,3.08590175640226461,1.49799999999997602,0.02000000000000000,0.00000000000000000,0.03000000000000000
6.45358763225918253,3.08789667464080564,1.50099999999997591,0.02000000000000000,0.00000000000000000,0.03000000000000000
6.45372411869949048,3.08989201131706182,1.50399999999997580,0.02000000000000000,0.00000000000000000,0.03000000000000000
6.45385461852456022,3.09188774847301628,1.50699999999997569,0.02000000000000000,0.00000000000000000,0.03000000000000000
6.45397913055989392,3.09388386814704841,1.50999999999997558,0.02000000000000000,0.00000000000000000,0.03000000000000000
6.45409765368488486,3.09588035237409454,1.51299999999997548,0.02000000000000000,0.00000000000000000,0.03000000000000000
6.45421018683282455,3.09787718318581007,1.51599999999997537,0.02000000000000000,0.00000000000000000,0.03000000000000000
6.45431672899091602,3.09987434261073114,1.51899999999997526,0.02000000000000000,0.00000000000000000,0.03000000000000000
6.45441727920028097,3.10187181267443624,1.52199999999997515,0.02000000000000000,0.00000000000000000,0.03000000000000000
6.45451183655596772,3.10386957539970831,1.52499999999997504,0.02000000000000000,0.00000000000000000,0.03000000000000000
6.45460040020696102,3.10586761280669643,1.52799999999997493,0.02000000000000000,0.00000000000000000,0.03000000000000000
6.45468296935618824,3.10786590691307740,1.53099999999997483,0.02000000000000000,0.00000000000000000,0.03000000000000000
6.45475954326052737,3.10986443973421789,1.53399999999997472,0.02000000000000000,0.00000000000000000,0.03000000000000000
6.45483012123081412,3.11186319328333560,1.53699999999997461,0.02000000000000000,0.00000000000000000,0.03000000000000000
6.45489470263184728,3.11386214957166230,1.53999999999997450,0.02000000000000000,0.00000000000000000,0.03000000000000000
6.45495328688239489,3.11586129060860495,1.54299999999997439,0.02000000000000000,0.00000000000000000,0.03000000000000000
6.45500587345519872,3.11786059840190788,1.54599999999997428,0.02000000000000000,0.00000000000000000,0.03000000000000000
6.45505246187698045,3.11986005495781438,1.54899999999997418,0.02000000000000000,0.00000000000000000,0.03000000000000000
6.45509305172844439,3.12185964228122881,1.55199999999997407,0.02000000000000000,0.00000000000000000,0.03000000000000000
6.45512764264428185,3.12385934237587870,1.55499999999997396,0.02000000000000000,0.00000000000000000,0.03000000000000000
6.45515623431317476,3.12585913724447684,1.55799999999997385,0.02000000000000000,0.00000000000000000,0.03000000000000000
6.45517882647779917,3.12785900888888291,1.56099999999997374,0.02000000000000000,0.00000000000000000,0.03000000000000000
6.45519541893482440,3.12985893931026515,1.56399999999997363,0.02000000000000000,0.00000000000000000,0.03000000000000000
6.45520601153491924,3.13185891050926379,1.56699999999997353,0.02000000000000000,0.00000000000000000,0.03000000000000000
6.45521060418275017,3.13385890448615134,1.56999999999997342,0.02000000000000000,0.00000000000000000,0.03000000000000000
6.45520919683698402,3.13585890324099559,1.57299999999997331,0.02000000000000000,0.00000000000000000,0.03000000000000000
6.45520178951028623,3.13785888877382124,1.57599999999997320,0.02000000000000000,0.00000000000000000,0.03000000000000000
6.45518838226932257,3.13985884308477203,1.57899999999997309,0.02000000000000000,0.00000000000000000,0.03000000000000000
6.45516897523475830,3.14185874817427280,1.58199999999997298,0.02000000000000000,0.00000000000000000,0.03000000000000000
6.45514356858125726,3.14385858604319113,1.58499999999997288,0.02000000000000000,0.00000000000000000,0.03000000000000000
6.45511216253747833,3.14585833869299947,1.58799999999997277,0.02000000000000000,0.00000000000000000,0.03000000000000000
6.45507475738607628,3.14785798812593764,1.59099999999997266,0.02000000000000000,0.00000000000000000,0.03000000000000000
6.45503135346369650,3.14985751634517408,1.59399999999997255,0.02000000000000000,0.00000000000000000,0.03000000000000000
6.45498195116097495,3.15185690535496876,1.59699999999997244,0.02000000000000000,0.00000000000000000,0.03000000000000000
6.45492655092253109,3.15385613716083357,1.59999999999997233,0.02000000000000000,0.00000000000000000,0.03000000000000000
6.45486515324696697,3.15585519376969614,1.60299999999997222,0.02000000000000000,0.00000000000000000,0.03000000000000000
6.45479775868686101,3.15785405719006018,1.60599999999997212,0.02000000000000000,0.00000000000000000,0.03000000000000000
6.45472436784876447,3.15985270943216845,1.60899999999997201,0.02000000000000000,0.00000000000000000,0.03000000000000000
6.45464498139319431,3.16185113250816441,1.61199999999997190,0.02000000000000000,0.00000000000000000,0.03000000000000000
6.45455960003462792,3.16384930843225387,1.61499999999997179,0.02000000000000000,0.00000000000000000,0.03000000000000000
6.45446822454149682,3.16584721922086665,1.61799999999997168,0.02000000000000000,0.00000000000000000,0.03000000000000000
6.45437085573617964,3.16784484689281953,1.62099999999997157,0.02000000000000000,0.00000000000000000,0.03000000000000000
6.45426749449499493,3.16984217346947705,1.62399999999997147,0.02000000000000000,0.00000000000000000,0.03000000000000000
6.45415814174819413,3.17183918097491313,1.62699999999997136,0.02000000000000000,0.00000000000000000,0.03000000000000000
6.45404279847994999,3.17383585143607405,1.62999999999997125,0.02000000000000000,0.00000000000000000,0.03000000000000000
6.45392146572835212,3.17583216688293879,1.63299999999997114,0.02000000000000000,0.00000000000000000,0.03000000000000000
6.45379414458539369,3.17782810934868198,1.63599999999997103,0.02000000000000000,0.00000000000000000,0.03000000000000000
6.45366083619696429,3.17982366086983470,1.63899999999997092,0.02000000000000000,0.00000000000000000,0.03000000000000000
6.45352154176283932,3.18181880348644697,1.64199999999997082,0.02000000000000000,0.00000000000000000,0.03000000000000000
6.45337626253666663,3.18381351924224854,1.64499999999997071,0.02000000000000000,0.00000000000000000,0.03000000000000000
6.45322499982595854,3.18580779018481142,1.64799999999997060,0.02000000000000000,0.00000000000000000,0.03000000000000000
6.45306775499207941,3.18780159836571020,1.65099999999997049,0.02000000000000000,0.00000000000000000,0.03000000000000000
6.45290452945023052,3.18979492584068502,1.65399999999997038,0.02000000000000000,0.00000000000000000,0.03000000000000000
6.45273532466944122,3.19178775466980191,1.65699999999997027,0.02000000000000000,0.00000000000000000,0.03000000000000000
6.45256014217255291,3.19378006691761485,1.65999999999997017,0.02000000000000000,0.00000000000000000,0.03000000000000000
6.45237898353620754,3.19577184465332698,1.66299999999997006,0.02000000000000000,0.00000000000000000,0.03000000000000000
6.45219185039083154,3.19776306995095227,1.66599999999996995,0.02000000000000000,0.00000000000000000,0.03000000000000000
6.45199874442062171,3.19975372488947629,1.66899999999996984,0.02000000000000000,0.00000000000000000,0.03000000000000000
6.45179966736353006,3.20174379155301825,1.67199999999996973,0.02000000000000000,0.00000000000000000,0.03000000000000000
6.45159462101124959,3.20373325203099135,1.67499999999996962,0.02000000000000000,0.00000000000000000,0.03000000000000000
6.45138360720919568,3.20572208841826489,1.67799999999996952,0.02000000000000000,0.00000000000000000,0.03000000000000000
6.45116662785649098,3.20771028281532500,1.68099999999996941,0.02000000000000000,0.00000000000000000,0.03000000000000000
6.45094368490594849,3.20969781732843540,1.68399999999996930,0.02000000000000000,0.00000000000000000,0.03000000000000000
6.45071478036405299,3.21168467406979863,1.68699999999996919,0.02000000000000000,0.00000000000000000,0.03000000000000000
6.45047991629094319,3.21367083515771768,1.68999999999996908,0.02000000000000000,0.00000000000000000,0.03000000000000000
6.45023909480039492,3.21565628271675585,1.69299999999996897,0.02000000000000000,0.00000000000000000,0.03000000000000000
6.44999231805980067,3.21764099887789889,1.69599999999996887,0.02000000000000000,0.00000000000000000,0.03000000000000000
6.44973958829014826,3.21962496577871482,1.69899999999996876,0.02000000000000000,0.00000000000000000,0.03000000000000000
6.44948090776600491,3.22160816556351470,1.70199999999996865,0.02000000000000000,0.00000000000000000,0.03000000000000000
6.44921627881549231,3.22359058038351387,1.70499999999996854,0.02000000000000000,0.00000000000000000,0.03000000000000000
6.44894570382027066,3.22557219239699222,1.70799999999996843,0.02000000000000000,0.00000000000000000,0.03000000000000000
6.44866918521551202,3.22755298376945499,1.71099999999996832,0.02000000000000000,0.00000000000000000,0.03000000000000000
6.44838672548988256,3.22953293667379349,1.71399999999996822,0.02000000000000000,0.00000000000000000,0.03000000000000000
6.44809832718551768,3.23151203329044456,1.71699999999996811,0.02000000000000000,0.00000000000000000,0.03000000000000000
6.44780399289799977,3.23349025580755223,1.71999999999996800,0.02000000000000000,0.00000000000000000,0.03000000000000000
6.44750372527633608,3.23546758642112753,1.72299999999996789,0.02000000000000000,0.00000000000000000,0.03000000000000000
6.44719752702293292,3.23744400733520798,1.72599999999996778,0.02000000000000000,0.00000000000000000,0.03000000000000000
6.44688540089357254,3.23941950076201834,1.72899999999996767,0.02000000000000000,0.00000000000000000,0.03000000000000000
6.44656734969738743,3.24139404892213179,1.73199999999996757,0.02000000000000000,0.00000000000000000,0.03000000000000000
6.44624337629683719,3.24336763404462758,1.73499999999996746,0.02000000000000000,0.00000000000000000,0.03000000000000000
6.44591348360768013,3.24534023836725316,1.73799999999996735,0.02000000000000000,0.00000000000000000,0.03000000000000000
6.44557767459894748,3.24731184413658314,1.74099999999996724,0.02000000000000000,0.00000000000000000,0.03000000000000000
6.44523595229291857,3.24928243360817870,1.74399999999996713,0.02000000000000000,0.00000000000000000,0.03000000000000000
6.44488831976509147,3.25125198904674795,1.74699999999996702,0.02000000000000000,0.00000000000000000,0.03000000000000000
6.44453478014415726,3.25322049272630531,1.74999999999996692,0.00000000000000000,0.00000000000000000,-0.04000000000000000
6.44453478014415726,3.25322049272630531,1.74599999999996691,0.00000000000000000,0.00000000000000000,-0.04000000000000000
6.44453478014415726,3.25322049272630531,1.74199999999996691,0.00000000000000000,0.00000000000000000,-0.04000000000000000
6.44453478014415726,3.25322049272630531,1.73799999999996690,0.00000000000000000,0.00000000000000000,-0.04000000000000000
6.44453478014415726,3.25322049272630531,1.73399999999996690,0.00000000000000000,0.00000000000000000,-0.04000000000000000
6.44453478014415726,3.25322049272630531,1.72999999999996690,0.00000000000000000,0.00000000000000000,-0.04000000000000000
6.44453478014415726,3.25322049272630531,1.72599999999996689,0.00000000000000000,0.00000000000000000,-0.04000000000000000
6.44453478014415726,3.25322049272630531,1.72199999999996689,0.00000000000000000,0.00000000000000000,-0.04000000000000000
6.44453478014415726,3.25322049272630531,1.71799999999996689,0.00000000000000000,0.00000000000000000,-0.04000000000000000
6.44453478014415726,3.25322049272630531,1.71399999999996688,0.00000000000000000,0.00000000000000000,-0.04000000000000000
6.44453478014415726,3.25322049272630531,1.70999999999996688,0.00000000000000000,0.00000000000000000,-0.04000000000000000
6.44453478014415726,3.25322049272630531,1.70599999999996688,0.00000000000000000,0.00000000000000000,-0.04000000000000000
6.44453478014415726,3.25322049272630531,1.70199999999996687,0.00000000000000000,0.00000000000000000,-0.04000000000000000
6.44453478014415726,3.25322049272630531,1.69799999999996687,0.00000000000000000,0.00000000000000000,-0.04000000000000000
6.44453478014415726,3.25322049272630531,1.69399999999996687,0.00000000000000000,0.00000000000000000,-0.04000000000000000
6.44453478014415726,3.25322049272630531,1.68999999999996686,0.00000000000000000,0.00000000000000000,-0.04000000000000000
6.44453478014415726,3.25322049272630531,1.68599999999996686,0.00000000000000000,0.00000000000000000,-0.04000000000000000
6.44453478014415726,3.25322049272630531,1.68199999999996685,0.00000000000000000,0.00000000000000000,-0.04000000000000000
6.44453478014415726,3.25322049272630531,1.67799999999996685,0.00000000000000000,0.00000000000000000,-0.04000000000000000
6.44453478014415726,3.25322049272630531,1.67399999999996685,0.00000000000000000,0.00000000000000000,-0.04000000000000000
6.44453478014415726,3.25322049272630531,1.66999999999996684,0.00000000000000000,0.00000000000000000,-0.04000000000000000
6.44453478014415726,3.25322049272630531,1.66599999999996684,0.00000000000000000,0.00000000000000000,-0.04000000000000000
6.44453478014415726,3.25322049272630531,1.66199999999996684,0.00000000000000000,0.00000000000000000,-0.04000000000000000
6.44453478014415726,3.25322049272630531,1.65799999999996683,0.00000000000000000,0.00000000000000000,-0.04000000000000000
6.44453478014415726,3.25322049272630531,1.65399999999996683,0.00000000000000000,0.00000000000000000,-0.04000000000000000
6.44453478014415726,3.25322049272630531,1.64999999999996683,0.00000000000000000,0.00000000000000000,-0.04000000000000000
6.44453478014415726,3.25322049272630531,1.64599999999996682,0.00000000000000000,0.00000000000000000,-0.04000000000000000
6.44453478014415726,3.25322049272630531,1.64199999999996682,0.00000000000000000,0.00000000000000000,-0.04000000000000000
6.44453478014415726,3.25322049272630531,1.63799999999996682,0.00000000000000000,0.00000000000000000,-0.04000000000000000
6.44453478014415726,3.25322049272630531,1.63399999999996681,0.00000000000000000,0.00000000000000000,-0.04000000000000000
6.44453478014415726,3.25322049272630531,1.62999999999996681,0.00000000000000000,0.00000000000000000,-0.04000000000000000
6.44453478014415726,3.25322049272630531,1.62599999999996681,0.00000000000000000,0.00000000000000000,-0.04000000000000000
6.44453478014415726,3.25322049272630531,1.62199999999996680,0.00000000000000000,0.00000000000000000,-0.04000000000000000
6.44453478014415726,3.25322049272630531,1.61799999999996680,0.00000000000000000,0.00000000000000000,-0.04000000000000000
6.44453478014415726,3.25322049272630531,1.61399999999996679,0.00000000000000000,0.00000000000000000,-0.04000000000000000
6.44453478014415726,3.25322049272630531,1.60999999999996679,0.00000000000000000,0.00000000000000000,-0.04000000000000000
6.44453478014415726,3.25322049272630531,1.60599999999996679,0.00000000000000000,0.00000000000000000,-0.04000000000000000
6.44453478014415726,3.25322049272630531,1.60199999999996678,0.00000000000000000,0.00000000000000000,-0.04000000000000000
6.44453478014415726,3.25322049272630531,1.59799999999996678,0.00000000000000000,0.00000000000000000,-0.04000000000000000
6.44453478014415726,3.25322049272630531,1.59399999999996678,0.00000000000000000,0.00000000000000000,-0.04000000000000000
6.44453478014415726,3.25322049272630531,1.58999999999996677,0.00000000000000000,0.00000000000000000,-0.04000000000000000
6.44453478014415726,3.25322049272630531,1.58599999999996677,0.00000000000000000,0.00000000000000000,-0.04000000000000000
6.44453478014415726,3.25322049272630531,1.58199999999996677,0.00000000000000000,0.00000000000000000,-0.04000000000000000
6.44453478014415726,3.25322049272630531,1.57799999999996676,0.00000000000000000,0.00000000000000000,-0.04000000000000000
6.44453478014415726,3.25322049272630531,1.57399999999996676,0.00000000000000000,0.00000000000000000,-0.04000000000000000
6.44453478014415726,3.25322049272630531,1.56999999999996676,0.00000000000000000,0.00000000000000000,-0.04000000000000000
6.44453478014415726,3.25322049272630531,1.56599999999996675,0.00000000000000000,0.00000000000000000,-0.04000000000000000
6.44453478014415726,3.25322049272630531,1.56199999999996675,0.00000000000000000,0.00000000000000000,-0.04000000000000000
6.44453478014415726,3.25322049272630531,1.55799999999996674,0.00000000000000000,0.00000000000000000,-0.04000000000000000
6.44453478014415726,3.25322049272630531,1.55399999999996674,0.00000000000000000,0.00000000000000000,-0.04000000000000000
6.44453478014415726,3.25322049272630531,1.54999999999996674,0.00000000000000000,0.00000000000000000,-0.04000000000000000
6.44453478014415726,3.25322049272630531,1.54599999999996673,0.00000000000000000,0.00000000000000000,-0.04000000000000000
6.44453478014415726,3.25322049272630531,1.54199999999996673,0.00000000000000000,0.00000000000000000,-0.04000000000000000
6.44453478014415726,3.25322049272630531,1.53799999999996673,0.00000000000000000,0.00000000000000000,-0.04000000000000000
6.44453478014415726,3.25322049272630531,1.53399999999996672,0.00000000000000000,0.00000000000000000,-0.04000000000000000
6.44453478014415726,3.25322049272630531,1.52999999999996672,0.00000000000000000,0.00000000000000000,-0.04000000000000000
6.44453478014415726,3.25322049272630531,1.52599999999996672,0.00000000000000000,0.00000000000000000,-0.04000000000000000
6.44453478014415726,3.25322049272630531,1.52199999999996671,0.00000000000000000,0.00000000000000000,-0.04000000000000000
6.44453478014415726,3.25322049272630531,1.51799999999996671,0.00000000000000000,0.00000000000000000,-0.04000000000000000
6.44453478014415726,3.25322049272630531,1.51399999999996671,0.00000000000000000,0.00000000000000000,-0.04000000000000000
6.44453478014415726,3.25322049272630531,1.50999999999996670,0.00000000000000000,0.00000000000000000,-0.04000000000000000
6.44453478014415726,3.25322049272630531,1.50599999999996670,0.00000000000000000,0.00000000000000000,-0.04000000000000000
6.44453478014415726,3.25322049272630531,1.50199999999996670,0.00000000000000000,0.00000000000000000,-0.04000000000000000
6.44453478014415726,3.25322049272630531,1.49799999999996669,0.00000000000000000,0.00000000000000000,-0.04000000000000000
6.44453478014415726,3.25322049272630531,1.49399999999996669,0.00000000000000000,0.00000000000000000,-0.04000000000000000
6.44453478014415726,3.25322049272630531,1.48999999999996668,0.00000000000000000,0.00000000000000000,-0.04000000000000000
6.44453478014415726,3.25322049272630531,1.48599999999996668,0.00000000000000000,0.00000000000000000,-0.04000000000000000
6.44453478014415726,3.25322049272630531,1.48199999999996668,0.00000000000000000,0.00000000000000000,-0.04000000000000000
6.44453478014415726,3.25322049272630531,1.47799999999996667,0.00000000000000000,0.00000000000000000,-0.04000000000000000
6.44453478014415726,3.25322049272630531,1.47399999999996667,0.00000000000000000,0.00000000000000000,-0.04000000000000000
6.44453478014415726,3.25322049272630531,1.46999999999996667,0.00000000000000000,0.00000000000000000,-0.04000000000000000
6.44453478014415726,3.25322049272630531,1.46599999999996666,0.00000000000000000,0.00000000000000000,-0.04000000000000000
6.44453478014415726,3.25322049272630531,1.46199999999996666,0.00000000000000000,0.00000000000000000,-0.04000000000000000
6.44453478014415726,3.25322049272630531,1.45799999999996666,0.00000000000000000,0.00000000000000000,-0.04000000000000000
6.44453478014415726,3.25322049272630531,1.45399999999996665,0.00000000000000000,0.00000000000000000,-0.04000000000000000
6.44453478014415726,3.25322049272630531,1.44999999999996665,0.00000000000000000,0.00000000000000000,-0.04000000000000000
6.44453478014415726,3.25322049272630531,1.44599999999996665,0.00000000000000000,0.00000000000000000,-0.04000000000000000
6.44453478014415726,3.25322049272630531,1.44199999999996664,0.00000000000000000,0.00000000000000000,-0.04000000000000000
6.44453478014415726,3.25322049272630531,1.43799999999996664,0.00000000000000000,0.00000000000000000,-0.04000000000000000
6.44453478014415726,3.25322049272630531,1.43399999999996663,0.00000000000000000,0.00000000000000000,-0.04000000000000000
6.44453478014415726,3.25322049272630531,1.42999999999996663,0.00000000000000000,0.00000000000000000,-0.04000000000000000
6.44453478014415726,3.25322049272630531,1.42599999999996663,0.00000000000000000,0.00000000000000000,-0.04000000000000000
6.44453478014415726,3.25322049272630531,1.42199999999996662,0.00000000000000000,0.00000000000000000,-0.04000000000000000
6.44453478014415726,3.25322049272630531,1.41799999999996662,0.00000000000000000,0.00000000000000000,-0.04000000000000000
6.44453478014415726,3.25322049272630531,1.41399999999996662,0.00000000000000000,0.00000000000000000,-0.04000000000000000
6.44453478014415726,3.25322049272630531,1.40999999999996661,0.00000000000000000,0.00000000000000000,-0.04000000000000000
6.44453478014415726,3.25322049272630531,1.40599999999996661,0.00000000000000000,0.00000000000000000,-0.04000000000000000
6.44453478014415726,3.25322049272630531,1.40199999999996661,0.00000000000000000,0.00000000000000000,-0.04000000000000000
6.44453478014415726,3.25322049272630531,1.39799999999996660,0.00000000000000000,0.00000000000000000,-0.04000000000000000
6.44453478014415726,3.25322049272630531,1.39399999999996660,0.00000000000000000,0.00000000000000000,-0.04000000000000000
6.44453478014415726,3.25322049272630531,1.38999999999996660,0.00000000000000000,0.00000000000000000,-0.04000000000000000
6.44453478014415726,3.25322049272630531,1.38599999999996659,0.00000000000000000,0.00000000000000000,-0.04000000000000000
6.44453478014415726,3.25322049272630531,1.38199999999996659,0.00000000000000000,0.00000000000000000,-0.04000000000000000
6.44453478014415726,3.25322049272630531,1.37799999999996658,0.00000000000000000,0.00000000000000000,-0.04000000000000000
6.44453478014415726,3.25322049272630531,1.37399999999996658,0.00000000000000000,0.00000000000000000,-0.04000000000000000
6.44453478014415726,3.25322049272630531,1.36999999999996658,0.00000000000000000,0.00000000000000000,-0.04000000000000000
6.44453478014415726,3.25322049272630531,1.36599999999996657,0.00000000000000000,0.00000000000000000,-0.04000000000000000
6.44453478014415726,3.25322049272630531,1.36199999999996657,0.00000000000000000,0.00000000000000000,-0.04000000000000000
6.44453478014415726,3.25322049272630531,1.35799999999996657,0.00000000000000000,0.00000000000000000,-0.04000000000000000
6.44453478014415726,3.25322049272630531,1.35399999999996656,0.00000000000000000,0.00000000000000000,-0.04000000000000000
6.44453478014415726,3.25322049272630531,1.34999999999996656,0.00000000000000000,0.00000000000000000,-0.04000000000000000
6.44453478014415726,3.25322049272630531,1.34599999999996656,0.00000000000000000,0.00000000000000000,-0.04000000000000000
6.44453478014415726,3.25322049272630531,1.34199999999996655,0.00000000000000000,0.00000000000000000,-0.04000000000000000
6.44453478014415726,3.25322049272630531,1.33799999999996655,0.00000000000000000,0.00000000000000000,-0.04000000000000000
6.44453478014415726,3.25322049272630531,1.33399999999996655,0.00000000000000000,0.00000000000000000,-0.04000000000000000
6.44453478014415726,3.25322049272630531,1.32999999999996654,0.00000000000000000,0.00000000000000000,-0.04000000000000000
6.44453478014415726,3.25322049272630531,1.32599999999996654,0.00000000000000000,0.00000000000000000,-0.04000000000000000
6.44453478014415726,3.25322049272630531,1.32199999999996654,0.00000000000000000,0.00000000000000000,-0.04000000000000000
6.44453478014415726,3.25322049272630531,1.31799999999996653,0.00000000000000000,0.00000000000000000,-0.04000000000000000
6.44453478014415726,3.25322049272630531,1.31399999999996653,0.00000000000000000,0.00000000000000000,-0.04000000000000000
6.44453478014415726,3.25322049272630531,1.30999999999996652,0.00000000000000000,0.00000000000000000,-0.04000000000000000
6.44453478014415726,3.25322049272630531,1.30599999999996652,0.00000000000000000,0.00000000000000000,-0.04000000000000000
6.44453478014415726,3.25322049272630531,1.30199999999996652,0.00000000000000000,0.00000000000000000,-0.04000000000000000
6.44453478014415726,3.25322049272630531,1.29799999999996651,0.00000000000000000,0.00000000000000000,-0.04000000000000000
6.44453478014415726,3.25322049272630531,1.29399999999996651,0.00000000000000000,0.00000000000000000,-0.04000000000000000
6.44453478014415726,3.25322049272630531,1.28999999999996651,0.00000000000000000,0.00000000000000000,-0.04000000000000000
6.44453478014415726,3.25322049272630531,1.28599999999996650,0.00000000000000000,0.00000000000000000,-0.04000000000000000
6.44453478014415726,3.25322049272630531,1.28199999999996650,0.00000000000000000,0.00000000000000000,-0.04000000000000000
6.44453478014415726,3.25322049272630531,1.27799999999996650,0.00000000000000000,0.00000000000000000,-0.04000000000000000
6.44453478014415726,3.25322049272630531,1.27399999999996649,0.00000000000000000,0.00000000000000000,-0.04000000000000000
6.44453478014415726,3.25322049272630531,1.26999999999996649,0.00000000000000000,0.00000000000000000,-0.04000000000000000
6.44453478014415726,3.25322049272630531,1.26599999999996649,0.00000000000000000,0.00000000000000000,-0.04000000000000000
6.44453478014415726,3.25322049272630531,1.26199999999996648,0.00000000000000000,0.00000000000000000,-0.04000000000000000
6.44453478014415726,3.25322049272630531,1.25799999999996648,0.00000000000000000,0.00000000000000000,-0.04000000000000000
6.44453478014415726,3.25322049272630531,1.25399999999996647,0.00000000000000000,0.00000000000000000,-0.04000000000000000
6.44453478014415726,3.25322049272630531,1.24999999999996647,0.00000000000000000,0.00000000000000000,-0.04000000000000000
6.44453478014415726,3.25322049272630531,1.24599999999996647,0.00000000000000000,0.00000000000000000,-0.04000000000000000
6.44453478014415726,3.25322049272630531,1.24199999999996646,0.00000000000000000,0.00000000000000000,-0.04000000000000000
6.44453478014415726,3.25322049272630531,1.23799999999996646,0.00000000000000000,0.00000000000000000,-0.04000000000000000
6.44453478014415726,3.25322049272630531,1.23399999999996646,0.00000000000000000,0.00000000000000000,-0.04000000000000000
6.44453478014415726,3.25322049272630531,1.22999999999996645,0.00000000000000000,0.00000000000000000,-0.04000000000000000
6.44453478014415726,3.25322049272630531,1.22599999999996645,0.00000000000000000,0.00000000000000000,-0.04000000000000000
6.44453478014415726,3.25322049272630531,1.22199999999996645,0.00000000000000000,0.00000000000000000,-0.04000000000000000
6.44453478014415726,3.25322049272630531,1.21799999999996644,0.00000000000000000,0.00000000000000000,-0.04000000000000000
6.44453478014415726,3.25322049272630531,1.21399999999996644,0.00000000000000000,0.00000000000000000,-0.04000000000000000
6.44453478014415726,3.25322049272630531,1.20999999999996644,0.00000000000000000,0.00000000000000000,-0.04000000000000000
6.44453478014415726,3.25322049272630531,1.20599999999996643,0.00000000000000000,0.00000000000000000,-0.04000000000000000
6.44453478014415726,3.25322049272630531,1.20199999999996643,0.00000000000000000,0.00000000000000000,-0.04000000000000000
6.44453478014415726,3.25322049272630531,1.19799999999996643,0.00000000000000000,0.00000000000000000,-0.04000000000000000
6.44453478014415726,3.25322049272630531,1.19399999999996642,0.00000000000000000,0.00000000000000000,-0.04000000000000000
6.44453478014415726,3.25322049272630531,1.18999999999996642,0.00000000000000000,0.00000000000000000,-0.04000000000000000
6.44453478014415726,3.25322049272630531,1.18599999999996641,0.00000000000000000,0.00000000000000000,-0.04000000000000000
6.44453478014415726,3.25322049272630531,1.18199999999996641,0.00000000000000000,0.00000000000000000,-0.04000000000000000
6.44453478014415726,3.25322049272630531,1.17799999999996641,0.00000000000000000,0.00000000000000000,-0.04000000000000000
6.44453478014415726,3.25322049272630531,1.17399999999996640,0.00000000000000000,0.00000000000000000,-0.04000000000000000
6.44453478014415726,3.25322049272630531,1.16999999999996640,0.00000000000000000,0.00000000000000000,-0.04000000000000000
6.44453478014415726,3.25322049272630531,1.16599999999996640,0.00000000000000000,0.00000000000000000,-0.04000000000000000
6.44453478014415726,3.25322049272630531,1.16199999999996639,0.00000000000000000,0.00000000000000000,-0.04000000000000000
6.44453478014415726,3.25322049272630531,1.15799999999996639,0.00000000000000000,0.00000000000000000,-0.04000000000000000
6.44453478014415726,3.25322049272630531,1.15399999999996639,0.00000000000000000,0.00000000000000000,-0.04000000000000000
6.44453478014415726,3.25322049272630531,1.14999999999996638,0.00000000000000000,0.00000000000000000,-0.04000000000000000
6.44453478014415726,3.25322049272630531,1.14599999999996638,0.00000000000000000,0.00000000000000000,-0.04000000000000000
6.44453478014415726,3.25322049272630531,1.14199999999996638,0.00000000000000000,0.00000000000000000,-0.04000000000000000
6.44453478014415726,3.25322049272630531,1.13799999999996637,0.00000000000000000,0.00000000000000000,-0.04000000000000000
6.44453478014415726,3.25322049272630531,1.13399999999996637,0.00000000000000000,0.00000000000000000,-0.04000000000000000
6.44453478014415726,3.25322049272630531,1.12999999999996636,0.00000000000000000,0.00000000000000000,-0.04000000000000000
6.44453478014415726,3.25322049272630531,1.12599999999996636,0.00000000000000000,0.00000000000000000,-0.04000000000000000
6.44453478014415726,3.25322049272630531,1.12199999999996636,0.00000000000000000,0.00000000000000000,-0.04000000000000000
6.44453478014415726,3.25322049272630531,1.11799999999996635,0.00000000000000000,0.00000000000000000,-0.04000000000000000
6.44453478014415726,3.25322049272630531,1.11399999999996635,0.00000000000000000,0.00000000000000000,-0.04000000000000000
6.44453478014415726,3.25322049272630531,1.10999999999996635,0.00000000000000000,0.00000000000000000,-0.04000000000000000
6.44453478014415726,3.25322049272630531,1.10599999999996634,0.00000000000000000,0.00000000000000000,-0.04000000000000000
6.44453478014415726,3.25322049272630531,1.10199999999996634,0.00000000000000000,0.00000000000000000,-0.04000000000000000
6.44453478014415726,3.25322049272630531,1.09799999999996634,0.00000000000000000,0.00000000000000000,-0.04000000000000000
6.44453478014415726,3.25322049272630531,1.09399999999996633,0.00000000000000000,0.00000000000000000,-0.04000000000000000
6.44453478014415726,3.25322049272630531,1.08999999999996633,0.00000000000000000,0.00000000000000000,-0.04000000000000000
6.44453478014415726,3.25322049272630531,1.08599999999996633,0.00000000000000000,0.00000000000000000,-0.04000000000000000
6.44453478014415726,3.25322049272630531,1.08199999999996632,0.00000000000000000,0.00000000000000000,-0.04000000000000000
6.44453478014415726,3.25322049272630531,1.07799999999996632,0.00000000000000000,0.00000000000000000,-0.04000000000000000
6.44453478014415726,3.25322049272630531,1.07399999999996631,0.00000000000000000,0.00000000000000000,-0.04000000000000000
6.44453478014415726,3.25322049272630531,1.06999999999996631,0.00000000000000000,0.00000000000000000,-0.04000000000000000
6.44453478014415726,3.25322049272630531,1.06599999999996631,0.00000000000000000,0.00000000000000000,-0.04000000000000000
6.44453478014415726,3.25322049272630531,1.06199999999996630,0.00000000000000000,0.00000000000000000,-0.04000000000000000
6.44453478014415726,3.25322049272630531,1.05799999999996630,0.00000000000000000,0.00000000000000000,-0.04000000000000000
6.44453478014415726,3.25322049272630531,1.05399999999996630,0.00000000000000000,0.00000000000000000,-0.04000000000000000
6.44453478014415726,3.25322049272630531,1.04999999999996629,0.00000000000000000,0.00000000000000000,-0.04000000000000000
6.44453478014415726,3.25322049272630531,1.04599999999996629,0.00000000000000000,0.00000000000000000,-0.04000000000000000
6.44453478014415726,3.25322049272630531,1.04199999999996629,0.00000000000000000,0.00000000000000000,-0.04000000000000000
6.44453478014415726,3.25322049272630531,1.03799999999996628,0.00000000000000000,0.00000000000000000,-0.04000000000000000
6.44453478014415726,3.25322049272630531,1.03399999999996628,0.00000000000000000,0.00000000000000000,-0.04000000000000000
6.44453478014415726,3.25322049272630531,1.02999999999996628,0.00000000000000000,0.00000000000000000,-0.04000000000000000
6.44453478014415726,3.25322049272630531,1.02599999999996627,0.00000000000000000,0.00000000000000000,-0.04000000000000000
6.44453478014415726,3.25322049272630531,1.02199999999996627,0.00000000000000000,0.00000000000000000,-0.04000000000000000
6.44453478014415726,3.25322049272630531,1.01799999999996627,0.00000000000000000,0.00000000000000000,-0.04000000000000000
6.44453478014415726,3.25322049272630531,1.01399999999996626,0.00000000000000000,0.00000000000000000,-0.04000000000000000
6.44453478014415726,3.25322049272630531,1.00999999999996626,0.00000000000000000,0.00000000000000000,-0.04000000000000000
6.44453478014415726,3.25322049272630531,1.00599999999996625,0.00000000000000000,0.00000000000000000,-0.04000000000000000
6.44453478014415726,3.25322049272630531,1.00199999999996625,0.00000000000000000,0.00000000000000000,-0.04000000000000000
6.44453478014415726,3.25322049272630531,0.99799999999996625,0.00000000000000000,0.00000000000000000,-0.04000000000000000
6.44453478014415726,3.25322049272630531,0.99399999999996624,0.00000000000000000,0.00000000000000000,-0.04000000000000000
6.44453478014415726,3.25322049272630531,0.98999999999996624,0.00000000000000000,0.00000000000000000,-0.04000000000000000
6.44453478014415726,3.25322049272630531,0.98599999999996624,0.00000000000000000,0.00000000000000000,-0.04000000000000000
6.44453478014415726,3.25322049272630531,0.98199999999996623,0.00000000000000000,0.00000000000000000,-0.04000000000000000
6.44453478014415726,3.25322049272630531,0.97799999999996623,0.00000000000000000,0.00000000000000000,-0.04000000000000000
6.44453478014415726,3.25322049272630531,0.97399999999996623,0.00000000000000000,0.00000000000000000,-0.04000000000000000
6.44453478014415726,3.25322049272630531,0.96999999999996622,0.00000000000000000,0.00000000000000000,-0.04000000000000000
6.44453478014415726,3.25322049272630531,0.96599999999996622,0.00000000000000000,0.00000000000000000,-0.04000000000000000
6.44453478014415726,3.25322049272630531,0.96199999999996622,0.00000000000000000,0.00000000000000000,-0.04000000000000000
6.44453478014415726,3.25322049272630531,0.95799999999996621,0.00000000000000000,0.00000000000000000,-0.04000000000000000
6.44453478014415726,3.25322049272630531,0.95399999999996621,0.00000000000000000,0.00000000000000000,-0.04000000000000000
6.44453478014415726,3.25322049272630531,0.94999999999996620,0.00000000000000000,0.00000000000000000,-0.04000000000000000
6.44453478014415726,3.25322049272630531,0.94599999999996620,0.00000000000000000,0.00000000000000000,-0.04000000000000000
6.44453478014415726,3.25322049272630531,0.94199999999996620,0.00000000000000000,0.00000000000000000,-0.04000000000000000
6.44453478014415726,3.25322049272630531,0.93799999999996619,0.00000000000000000,0.00000000000000000,-0.04000000000000000
6.44453478014415726,3.25322049272630531,0.93399999999996619,0.00000000000000000,0.00000000000000000,-0.04000000000000000
6.44453478014415726,3.25322049272630531,0.92999999999996619,0.00000000000000000,0.00000000000000000,-0.04000000000000000
6.44453478014415726,3.25322049272630531,0.92599999999996618,0.00000000000000000,0.00000000000000000,-0.04000000000000000
6.44453478014415726,3.25322049272630531,0.92199999999996618,0.00000000000000000,0.00000000000000000,-0.04000000000000000
6.44453478014415726,3.25322049272630531,0.91799999999996618,0.00000000000000000,0.00000000000000000,-0.04000000000000000
6.44453478014415726,3.25322049272630531,0.91399999999996617,0.00000000000000000,0.00000000000000000,-0.04000000000000000
6.44453478014415726,3.25322049272630531,0.90999999999996617,0.00000000000000000,0.00000000000000000,-0.04000000000000000
6.44453478014415726,3.25322049272630531,0.90599999999996617,0.00000000000000000,0.00000000000000000,-0.04000000000000000
6.44453478014415726,3.25322049272630531,0.90199999999996616,0.00000000000000000,0.00000000000000000,-0.04000000000000000
6.44453478014415726,3.25322049272630531,0.89799999999996616,0.00000000000000000,0.00000000000000000,-0.04000000000000000
6.44453478014415726,3.25322049272630531,0.89399999999996616,0.00000000000000000,0.00000000000000000,-0.04000000000000000
6.44453478014415726,3.25322049272630531,0.88999999999996615,0.00000000000000000,0.00000000000000000,-0.04000000000000000
6.44453478014415726,3.25322049272630531,0.88599999999996615,0.00000000000000000,0.00000000000000000,-0.04000000000000000
6.44453478014415726,3.25322049272630531,0.88199999999996614,0.00000000000000000,0.00000000000000000,-0.04000000000000000
6.44453478014415726,3.25322049272630531,0.87799999999996614,0.00000000000000000,0.00000000000000000,-0.04000000000000000
6.44453478014415726,3.25322049272630531,0.87399999999996614,0.00000000000000000,0.00000000000000000,-0.04000000000000000
6.44453478014415726,3.25322049272630531,0.86999999999996613,0.00000000000000000,0.00000000000000000,-0.04000000000000000
6.44453478014415726,3.25322049272630531,0.86599999999996613,0.00000000000000000,0.00000000000000000,-0.04000000000000000
6.44453478014415726,3.25322049272630531,0.86199999999996613,0.00000000000000000,0.00000000000000000,-0.04000000000000000
6.44453478014415726,3.25322049272630531,0.85799999999996612,0.00000000000000000,0.00000000000000000,-0.04000000000000000
6.44453478014415726,3.25322049272630531,0.85399999999996612,0.00000000000000000,0.00000000000000000,-0.04000000000000000
6.44453478014415726,3.25322049272630531,0.84999999999996612,0.00000000000000000,0.00000000000000000,-0.04000000000000000
6.44453478014415726,3.25322049272630531,0.84599999999996611,0.00000000000000000,0.00000000000000000,-0.04000000000000000
6.44453478014415726,3.25322049272630531,0.84199999999996611,0.00000000000000000,0.00000000000000000,-0.04000000000000000
6.44453478014415726,3.25322049272630531,0.83799999999996611,0.00000000000000000,0.00000000000000000,-0.04000000000000000
6.44453478014415726,3.25322049272630531,0.83399999999996610,0.00000000000000000,0.00000000000000000,-0.04000000000000000
6.44453478014415726,3.25322049272630531,0.82999999999996610,0.00000000000000000,0.00000000000000000,-0.04000000000000000
6.44453478014415726,3.25322049272630531,0.82599999999996609,0.00000000000000000,0.00000000000000000,-0.04000000000000000
6.44453478014415726,3.25322049272630531,0.82199999999996609,0.00000000000000000,0.00000000000000000,-0.04000000000000000
6.44453478014415726,3.25322049272630531,0.81799999999996609,0.00000000000000000,0.00000000000000000,-0.04000000000000000
6.44453478014415726,3.25322049272630531,0.81399999999996608,0.00000000000000000,0.00000000000000000,-0.04000000000000000
6.44453478014415726,3.25322049272630531,0.80999999999996608,0.00000000000000000,0.00000000000000000,-0.04000000000000000
6.44453478014415726,3.25322049272630531,0.80599999999996608,0.00000000000000000,0.00000000000000000,-0.04000000000000000
6.44453478014415726,3.25322049272630531,0.80199999999996607,0.00000000000000000,0.00000000000000000,-0.04000000000000000
6.44453478014415726,3.25322049272630531,0.79799999999996607,0.00000000000000000,0.00000000000000000,-0.04000000000000000
6.44453478014415726,3.25322049272630531,0.79399999999996607,0.00000000000000000,0.00000000000000000,-0.04000000000000000
6.44453478014415726,3.25322049272630531,0.78999999999996606,0.00000000000000000,0.00000000000000000,-0.04000000000000000
6.44453478014415726,3.25322049272630531,0.78599999999996606,0.00000000000000000,0.00000000000000000,-0.04000000000000000
6.44453478014415726,3.25322049272630531,0.78199999999996606,0.00000000000000000,0.00000000000000000,-0.04000000000000000
6.44453478014415726,3.25322049272630531,0.77799999999996605,0.00000000000000000,0.00000000000000000,-0.04000000000000000
6.44453478014415726,3.25322049272630531,0.77399999999996605,0.00000000000000000,0.00000000000000000,-0.04000000000000000
6.44453478014415726,3.25322049272630531,0.76999999999996604,0.00000000000000000,0.00000000000000000,-0.04000000000000000
6.44453478014415726,3.25322049272630531,0.76599999999996604,0.00000000000000000,0.00000000000000000,-0.04000000000000000
6.44453478014415726,3.25322049272630531,0.76199999999996604,0.00000000000000000,0.00000000000000000,-0.04000000000000000
6.44453478014415726,3.25322049272630531,0.75799999999996603,0.00000000000000000,0.00000000000000000,-0.04000000000000000
6.44453478014415726,3.25322049272630531,0.75399999999996603,0.00000000000000000,0.00000000000000000,-0.04000000000000000
6.44453478014415726,3.25322049272630531,0.74999999999996603,0.00000000000000000,0.00000000000000000,-0.04000000000000000
6.44453478014415726,3.25322049272630531,0.74599999999996602,0.00000000000000000,0.00000000000000000,-0.04000000000000000
6.44453478014415726,3.25322049272630531,0.74199999999996602,0.00000000000000000,0.00000000000000000,-0.04000000000000000
6.44453478014415726,3.25322049272630531,0.73799999999996602,0.00000000000000000,0.00000000000000000,-0.04000000000000000
6.44453478014415726,3.25322049272630531,0.73399999999996601,0.00000000000000000,0.00000000000000000,-0.04000000000000000
6.44453478014415726,3.25322049272630531,0.72999999999996601,0.00000000000000000,0.00000000000000000,-0.04000000000000000
6.44453478014415726,3.25322049272630531,0.72599999999996601,0.00000000000000000,0.00000000000000000,-0.04000000000000000
6.44453478014415726,3.25322049272630531,0.72199999999996600,0.00000000000000000,0.00000000000000000,-0.04000000000000000
6.44453478014415726,3.25322049272630531,0.71799999999996600,0.00000000000000000,0.00000000000000000,-0.04000000000000000
6.44453478014415726,3.25322049272630531,0.71399999999996600,0.00000000000000000,0.00000000000000000,-0.04000000000000000
6.44453478014415726,3.25322049272630531,0.70999999999996599,0.00000000000000000,0.00000000000000000,-0.04000000000000000
6.44453478014415726,3.25322049272630531,0.70599999999996599,0.00000000000000000,0.00000000000000000,-0.04000000000000000
6.44453478014415726,3.25322049272630531,0.70199999999996598,0.00000000000000000,0.00000000000000000,-0.04000000000000000
6.44453478014415726,3.25322049272630531,0.69799999999996598,0.00000000000000000,0.00000000000000000,-0.04000000000000000
6.44453478014415726,3.25322049272630531,0.69399999999996598,0.00000000000000000,0.00000000000000000,-0.04000000000000000
6.44453478014415726,3.25322049272630531,0.68999999999996597,0.00000000000000000,0.00000000000000000,-0.04000000000000000
6.44453478014415726,3.25322049272630531,0.68599999999996597,0.00000000000000000,0.00000000000000000,-0.04000000000000000
6.44453478014415726,3.25322049272630531,0.68199999999996597,0.00000000000000000,0.00000000000000000,-0.04000000000000000
6.44453478014415726,3.25322049272630531,0.67799999999996596,0.00000000000000000,0.00000000000000000,-0.04000000000000000
6.44453478014415726,3.25322049272630531,0.67399999999996596,0.00000000000000000,0.00000000000000000,-0.04000000000000000
6.44453478014415726,3.25322049272630531,0.66999999999996596,0.00000000000000000,0.00000000000000000,-0.04000000000000000
6.44453478014415726,3.25322049272630531,0.66599999999996595,0.00000000000000000,0.00000000000000000,-0.04000000000000000
6.44453478014415726,3.25322049272630531,0.66199999999996595,0.00000000000000000,0.00000000000000000,-0.04000000000000000
6.44453478014415726,3.25322049272630531,0.65799999999996595,0.00000000000000000,0.00000000000000000,-0.04000000000000000
6.44453478014415726,3.25322049272630531,0.65399999999996594,0.00000000000000000,0.00000000000000000,-0.04000000000000000
6.44453478014415726,3.25322049272630531,0.64999999999996594,0.00000000000000000,0.00000000000000000,-0.04000000000000000
6.44453478014415726,3.25322049272630531,0.64599999999996593,0.00000000000000000,0.00000000000000000,-0.04000000000000000
6.44453478014415726,3.25322049272630531,0.64199999999996593,0.00000000000000000,0.00000000000000000,-0.04000000000000000
6.44453478014415726,3.25322049272630531,0.63799999999996593,0.00000000000000000,0.00000000000000000,-0.04000000000000000
6.44453478014415726,3.25322049272630531,0.63399999999996592,0.00000000000000000,0.00000000000000000,-0.04000000000000000
6.44453478014415726,3.25322049272630531,0.62999999999996592,0.00000000000000000,0.00000000000000000,-0.04000000000000000
6.44453478014415726,3.25322049272630531,0.62599999999996592,0.00000000000000000,0.00000000000000000,-0.04000000000000000
6.44453478014415726,3.25322049272630531,0.62199999999996591,0.00000000000000000,0.00000000000000000,-0.04000000000000000
6.44453478014415726,3.25322049272630531,0.61799999999996591,0.00000000000000000,0.00000000000000000,-0.04000000000000000
6.44453478014415726,3.25322049272630531,0.61399999999996591,0.00000000000000000,0.00000000000000000,-0.04000000000000000
6.44453478014415726,3.25322049272630531,0.60999999999996590,0.00000000000000000,0.00000000000000000,-0.04000000000000000
6.44453478014415726,3.25322049272630531,0.60599999999996590,0.00000000000000000,0.00000000000000000,-0.04000000000000000
6.44453478014415726,3.25322049272630531,0.60199999999996590,0.00000000000000000,0.00000000000000000,-0.04000000000000000
6.44453478014415726,3.25322049272630531,0.59799999999996589,0.00000000000000000,0.00000000000000000,-0.04000000000000000
6.44453478014415726,3.25322049272630531,0.59399999999996589,0.00000000000000000,0.00000000000000000,-0.04000000000000000
6.44453478014415726,3.25322049272630531,0.58999999999996589,0.00000000000000000,0.00000000000000000,-0.04000000000000000
6.44453478014415726,3.25322049272630531,0.58599999999996588,0.00000000000000000,0.00000000000000000,-0.04000000000000000
6.44453478014415726,3.25322049272630531,0.58199999999996588,0.00000000000000000,0.00000000000000000,-0.04000000000000000
6.44453478014415726,3.25322049272630531,0.57799999999996587,0.00000000000000000,0.00000000000000000,-0.04000000000000000
6.44453478014415726,3.25322049272630531,0.57399999999996587,0.00000000000000000,0.00000000000000000,-0.04000000000000000
6.44453478014415726,3.25322049272630531,0.56999999999996587,0.00000000000000000,0.00000000000000000,-0.04000000000000000
6.44453478014415726,3.25322049272630531,0.56599999999996586,0.00000000000000000,0.00000000000000000,-0.04000000000000000
6.44453478014415726,3.25322049272630531,0.56199999999996586,0.00000000000000000,0.00000000000000000,-0.04000000000000000
6.44453478014415726,3.25322049272630531,0.55799999999996586,0.00000000000000000,0.00000000000000000,-0.04000000000000000
6.44453478014415726,3.25322049272630531,0.55399999999996585,0.00000000000000000,0.00000000000000000,-0.04000000000000000
6.44453478014415726,3.25322049272630531,0.54999999999996585,0.00000000000000000,0.00000000000000000,-0.04000000000000000
6.44453478014415726,3.25322049272630531,0.54599999999996585,0.00000000000000000,0.00000000000000000,-0.04000000000000000
6.44453478014415726,3.25322049272630531,0.54199999999996584,0.00000000000000000,0.00000000000000000,-0.04000000000000000
6.44453478014415726,3.25322049272630531,0.53799999999996584,0.00000000000000000,0.00000000000000000,-0.04000000000000000
6.44453478014415726,3.25322049272630531,0.53399999999996584,0.00000000000000000,0.00000000000000000,-0.04000000000000000
6.44453478014415726,3.25322049272630531,0.52999999999996583,0.00000000000000000,0.00000000000000000,-0.04000000000000000
6.44453478014415726,3.25322049272630531,0.52599999999996583,0.00000000000000000,0.00000000000000000,-0.04000000000000000
6.44453478014415726,3.25322049272630531,0.52199999999996582,0.00000000000000000,0.00000000000000000,-0.04000000000000000
6.44453478014415726,3.25322049272630531,0.51799999999996582,0.00000000000000000,0.00000000000000000,-0.04000000000000000
6.44453478014415726,3.25322049272630531,0.51399999999996582,0.00000000000000000,0.00000000000000000,-0.04000000000000000
6.44453478014415726,3.25322049272630531,0.50999999999996581,0.00000000000000000,0.00000000000000000,-0.04000000000000000
6.44453478014415726,3.25322049272630531,0.50599999999996581,0.00000000000000000,0.00000000000000000,-0.04000000000000000
6.44453478014415726,3.25322049272630531,0.50199999999996581,0.00000000000000000,0.00000000000000000,-0.04000000000000000
6.44453478014415726,3.25322049272630531,0.49799999999996580,0.00000000000000000,0.00000000000000000,-0.04000000000000000
6.44453478014415726,3.25322049272630531,0.49399999999996580,0.00000000000000000,0.00000000000000000,-0.04000000000000000
6.44453478014415726,3.25322049272630531,0.48999999999996580,0.00000000000000000,0.00000000000000000,-0.04000000000000000
6.44453478014415726,3.25322049272630531,0.48599999999996579,0.00000000000000000,0.00000000000000000,-0.04000000000000000
6.44453478014415726,3.25322049272630531,0.48199999999996579,0.00000000000000000,0.00000000000000000,-0.04000000000000000
6.44453478014415726,3.25322049272630531,0.47799999999996579,0.00000000000000000,0.00000000000000000,-0.04000000000000000
6.44453478014415726,3.25322049272630531,0.47399999999996578,0.00000000000000000,0.00000000000000000,-0.04000000000000000
6.44453478014415726,3.25322049272630531,0.46999999999996578,0.00000000000000000,0.00000000000000000,-0.04000000000000000
6.44453478014415726,3.25322049272630531,0.46599999999996577,0.00000000000000000,0.00000000000000000,-0.04000000000000000
6.44453478014415726,3.25322049272630531,0.46199999999996577,0.00000000000000000,0.00000000000000000,-0.04000000000000000
6.44453478014415726,3.25322049272630531,0.45799999999996577,0.00000000000000000,0.00000000000000000,-0.04000000000000000
6.44453478014415726,3.25322049272630531,0.45399999999996576,0.00000000000000000,0.00000000000000000,-0.04000000000000000
6.44453478014415726,3.25322049272630531,0.44999999999996576,0.00000000000000000,0.00000000000000000,-0.04000000000000000
6.44453478014415726,3.25322049272630531,0.44599999999996576,0.00000000000000000,0.00000000000000000,-0.04000000000000000
6.44453478014415726,3.25322049272630531,0.44199999999996575,0.00000000000000000,0.00000000000000000,-0.04000000000000000
6.44453478014415726,3.25322049272630531,0.43799999999996575,0.00000000000000000,0.00000000000000000,-0.04000000000000000
6.44453478014415726,3.25322049272630531,0.43399999999996575,0.00000000000000000,0.00000000000000000,-0.04000000000000000
6.44453478014415726,3.25322049272630531,0.42999999999996574,0.00000000000000000,0.00000000000000000,-0.04000000000000000
6.44453478014415726,3.25322049272630531,0.42599999999996574,0.00000000000000000,0.00000000000000000,-0.04000000000000000
6.44453478014415726,3.25322049272630531,0.42199999999996574,0.00000000000000000,0.00000000000000000,-0.04000000000000000
6.44453478014415726,3.25322049272630531,0.41799999999996573,0.00000000000000000,0.00000000000000000,-0.04000000000000000
6.44453478014415726,3.25322049272630531,0.41399999999996573,0.00000000000000000,0.00000000000000000,-0.04000000000000000
6.44453478014415726,3.25322049272630531,0.40999999999996573,0.00000000000000000,0.00000000000000000,-0.04000000000000000
6.44453478014415726,3.25322049272630531,0.40599999999996572,0.00000000000000000,0.00000000000000000,-0.04000000000000000
6.44453478014415726,3.25322049272630531,0.40199999999996572,0.00000000000000000,0.00000000000000000,-0.04000000000000000
6.44453478014415726,3.25322049272630531,0.39799999999996571,0.00000000000000000,0.00000000000000000,-0.04000000000000000
6.44453478014415726,3.25322049272630531,0.39399999999996571,0.00000000000000000,0.00000000000000000,-0.04000000000000000
6.44453478014415726,3.25322049272630531,0.38999999999996571,0.00000000000000000,0.00000000000000000,-0.04000000000000000
6.44453478014415726,3.25322049272630531,0.38599999999996570,0.00000000000000000,0.00000000000000000,-0.04000000000000000
6.44453478014415726,3.25322049272630531,0.38199999999996570,0.00000000000000000,0.00000000000000000,-0.04000000000000000
6.44453478014415726,3.25322049272630531,0.37799999999996570,0.00000000000000000,0.00000000000000000,-0.04000000000000000
6.44453478014415726,3.25322049272630531,0.37399999999996569,0.00000000000000000,0.00000000000000000,-0.04000000000000000
6.44453478014415726,3.25322049272630531,0.36999999999996569,0.00000000000000000,0.00000000000000000,-0.04000000000000000
6.44453478014415726,3.25322049272630531,0.36599999999996569,0.00000000000000000,0.00000000000000000,-0.04000000000000000
6.44453478014415726,3.25322049272630531,0.36199999999996568,0.00000000000000000,0.00000000000000000,-0.04000000000000000
6.44453478014415726,3.25322049272630531,0.35799999999996568,0.00000000000000000,0.00000000000000000,-0.04000000000000000
6.44453478014415726,3.25322049272630531,0.35399999999996568,0.00000000000000000,0.00000000000000000,-0.04000000000000000
6.44453478014415726,3.25322049272630531,0.34999999999996567,0.00000000000000000,0.00000000000000000,-0.04000000000000000
6.44453478014415726,3.25322049272630531,0.34599999999996567,0.00000000000000000,0.00000000000000000,-0.04000000000000000
6.44453478014415726,3.25322049272630531,0.34199999999996566,0.00000000000000000,0.00000000000000000,-0.04000000000000000
6.44453478014415726,3.25322049272630531,0.33799999999996566,0.00000000000000000,0.00000000000000000,-0.04000000000000000
6.44453478014415726,3.25322049272630531,0.33399999999996566,0.00000000000000000,0.00000000000000000,-0.04000000000000000
6.44453478014415726,3.25322049272630531,0.32999999999996565,0.00000000000000000,0.00000000000000000,-0.04000000000000000
6.44453478014415726,3.25322049272630531,0.32599999999996565,0.00000000000000000,0.00000000000000000,-0.04000000000000000
6.44453478014415726,3.25322049272630531,0.32199999999996565,0.00000000000000000,0.00000000000000000,-0.04000000000000000
6.44453478014415726,3.25322049272630531,0.31799999999996564,0.00000000000000000,0.00000000000000000,-0.04000000000000000
6.44453478014415726,3.25322049272630531,0.31399999999996564,0.00000000000000000,0.00000000000000000,-0.04000000000000000
6.44453478014415726,3.25322049272630531,0.30999999999996564,0.00000000000000000,0.00000000000000000,-0.04000000000000000
6.44453478014415726,3.25322049272630531,0.30599999999996563,0.00000000000000000,0.00000000000000000,-0.04000000000000000
6.44453478014415726,3.25322049272630531,0.30199999999996563,0.00000000000000000,0.00000000000000000,-0.04000000000000000
6.44453478014415726,3.25322049272630531,0.29799999999996563,0.00000000000000000,0.00000000000000000,-0.04000000000000000
6.44453478014415726,3.25322049272630531,0.29399999999996562,0.00000000000000000,0.00000000000000000,-0.04000000000000000
6.44453478014415726,3.25322049272630531,0.28999999999996562,0.00000000000000000,0.00000000000000000,-0.04000000000000000
6.44453478014415726,3.25322049272630531,0.28599999999996562,0.00000000000000000,0.00000000000000000,-0.04000000000000000
6.44453478014415726,3.25322049272630531,0.28199999999996561,0.00000000000000000,0.00000000000000000,-0.04000000000000000
6.44453478014415726,3.25322049272630531,0.27799999999996561,0.00000000000000000,0.00000000000000000,-0.04000000000000000
6.44453478014415726,3.25322049272630531,0.27399999999996560,0.00000000000000000,0.00000000000000000,-0.04000000000000000
6.44453478014415726,3.25322049272630531,0.26999999999996560,0.00000000000000000,0.00000000000000000,-0.04000000000000000
6.44453478014415726,3.25322049272630531,0.26599999999996560,0.00000000000000000,0.00000000000000000,-0.04000000000000000
6.44453478014415726,3.25322049272630531,0.26199999999996559,0.00000000000000000,0.00000000000000000,-0.04000000000000000
6.44453478014415726,3.25322049272630531,0.25799999999996559,0.00000000000000000,0.00000000000000000,-0.04000000000000000
6.44453478014415726,3.25322049272630531,0.25399999999996559,0.00000000000000000,0.00000000000000000,-0.04000000000000000
6.44453478014415726,3.25322049272630531,0.24999999999996558,0.00000000000000000,0.00000000000000000,-0.04000000000000000
6.44453478014415726,3.25322049272630531,0.24599999999996558,0.00000000000000000,0.00000000000000000,-0.04000000000000000
6.44453478014415726,3.25322049272630531,0.24199999999996558,0.00000000000000000,0.00000000000000000,-0.04000000000000000
6.44453478014415726,3.25322049272630531,0.23799999999996557,0.00000000000000000,0.00000000000000000,-0.04000000000000000
6.44453478014415726,3.25322049272630531,0.23399999999996557,0.00000000000000000,0.00000000000000000,-0.04000000000000000
6.44453478014415726,3.25322049272630531,0.22999999999996557,0.00000000000000000,0.00000000000000000,-0.04000000000000000
6.44453478014415726,3.25322049272630531,0.22599999999996556,0.00000000000000000,0.00000000000000000,-0.04000000000000000
6.44453478014415726,3.25322049272630531,0.22199999999996556,0.00000000000000000,0.00000000000000000,-0.04000000000000000
6.44453478014415726,3.25322049272630531,0.21799999999996555,0.00000000000000000,0.00000000000000000,-0.04000000000000000
6.44453478014415726,3.25322049272630531,0.21399999999996555,0.00000000000000000,0.00000000000000000,-0.04000000000000000
6.44453478014415726,3.25322049272630531,0.20999999999996555,0.00000000000000000,0.00000000000000000,-0.04000000000000000
6.44453478014415726,3.25322049272630531,0.20599999999996554,0.00000000000000000,0.00000000000000000,-0.04000000000000000
6.44453478014415726,3.25322049272630531,0.20199999999996554,0.00000000000000000,0.00000000000000000,-0.04000000000000000
6.44453478014415726,3.25322049272630531,0.19799999999996554,0.00000000000000000,0.00000000000000000,-0.04000000000000000
6.44453478014415726,3.25322049272630531,0.19399999999996553,0.00000000000000000,0.00000000000000000,-0.04000000000000000
6.44453478014415726,3.25322049272630531,0.18999999999996553,0.00000000000000000,0.00000000000000000,-0.04000000000000000
6.44453478014415726,3.25322049272630531,0.18599999999996553,0.00000000000000000,0.00000000000000000,-0.04000000000000000
6.44453478014415726,3.25322049272630531,0.18199999999996552,0.00000000000000000,0.00000000000000000,-0.04000000000000000
6.44453478014415726,3.25322049272630531,0.17799999999996552,0.00000000000000000,0.00000000000000000,-0.04000000000000000
6.44453478014415726,3.25322049272630531,0.17399999999996552,0.00000000000000000,0.00000000000000000,-0.04000000000000000
6.44453478014415726,3.25322049272630531,0.16999999999996551,0.00000000000000000,0.00000000000000000,-0.04000000000000000
6.44453478014415726,3.25322049272630531,0.16599999999996551,0.00000000000000000,0.00000000000000000,-0.04000000000000000
6.44453478014415726,3.25322049272630531,0.16199999999996550,0.00000000000000000,0.00000000000000000,-0.04000000000000000
6.44453478014415726,3.25322049272630531,0.15799999999996550,0.00000000000000000,0.00000000000000000,-0.04000000000000000
6.44453478014415726,3.25322049272630531,0.15399999999996550,0.00000000000000000,0.00000000000000000,-0.04000000000000000
6.44453478014415726,3.25322049272630531,0.14999999999996549,0.00000000000000000,0.00000000000000000,-0.04000000000000000
6.44453478014415726,3.25322049272630531,0.14599999999996549,0.00000000000000000,0.00000000000000000,-0.04000000000000000
6.44453478014415726,3.25322049272630531,0.14199999999996549,0.00000000000000000,0.00000000000000000,-0.04000000000000000
6.44453478014415726,3.25322049272630531,0.13799999999996548,0.00000000000000000,0.00000000000000000,-0.04000000000000000
6.44453478014415726,3.25322049272630531,0.13399999999996548,0.00000000000000000,0.00000000000000000,-0.04000000000000000
6.44453478014415726,3.25322049272630531,0.12999999999996548,0.00000000000000000,0.00000000000000000,-0.04000000000000000
6.44453478014415726,3.25322049272630531,0.12599999999996547,0.00000000000000000,0.00000000000000000,-0.04000000000000000
6.44453478014415726,3.25322049272630531,0.12199999999996547,0.00000000000000000,0.00000000000000000,-0.04000000000000000
6.44453478014415726,3.25322049272630531,0.11799999999996547,0.00000000000000000,0.00000000000000000,-0.04000000000000000
6.44453478014415726,3.25322049272630531,0.11399999999996546,0.00000000000000000,0.00000000000000000,-0.04000000000000000
6.44453478014415726,3.25322049272630531,0.10999999999996546,0.00000000000000000,0.00000000000000000,-0.04000000000000000
6.44453478014415726,3.25322049272630531,0.10599999999996546,0.00000000000000000,0.00000000000000000,-0.04000000000000000
6.44453478014415726,3.25322049272630531,0.10199999999996545,0.00000000000000000,0.00000000000000000,-0.04000000000000000
6.44453478014415726,3.25322049272630531,0.09799999999996545,0.00000000000000000,0.00000000000000000,-0.04000000000000000
6.44453478014415726,3.25322049272630531,0.09399999999996544,0.00000000000000000,0.00000000000000000,-0.04000000000000000
6.44453478014415726,3.25322049272630531,0.08999999999996544,0.00000000000000000,0.00000000000000000,-0.04000000000000000
6.44453478014415726,3.25322049272630531,0.08599999999996544,0.00000000000000000,0.00000000000000000,-0.04000000000000000
6.44453478014415726,3.25322049272630531,0.08199999999996543,0.00000000000000000,0.00000000000000000,-0.04000000000000000
6.44453478014415726,3.25322049272630531,0.07799999999996543,0.00000000000000000,0.00000000000000000,-0.04000000000000000
6.44453478014415726,3.25322049272630531,0.07399999999996543,0.00000000000000000,0.00000000000000000,-0.04000000000000000
6.44453478014415726,3.25322049272630531,0.06999999999996542,0.00000000000000000,0.00000000000000000,-0.04000000000000000
6.44453478014415726,3.25322049272630531,0.06599999999996542,0.00000000000000000,0.00000000000000000,-0.04000000000000000
6.44453478014415726,3.25322049272630531,0.06199999999996542,0.00000000000000000,0.00000000000000000,-0.04000000000000000
6.44453478014415726,3.25322049272630531,0.05799999999996541,0.00000000000000000,0.00000000000000000,-0.04000000000000000
6.44453478014415726,3.25322049272630531,0.05399999999996541,0.00000000000000000,0.00000000000000000,-0.04000000000000000
6.44453478014415726,3.25322049272630531,0.04999999999996541,0.00000000000000000,0.00000000000000000,-0.04000000000000000
6.44453478014415726,3.25322049272630531,0.04599999999996540,0.00000000000000000,0.00000000000000000,-0.04000000000000000
6.44453478014415726,3.25322049272630531,0.04199999999996540,0.00000000000000000,0.00000000000000000,-0.04000000000000000
6.44453478014415726,3.25322049272630531,0.03799999999996539,0.00000000000000000,0.00000000000000000,-0.04000000000000000
6.44453478014415726,3.25322049272630531,0.03399999999996539,0.00000000000000000,0.00000000000000000,-0.04000000000000000
6.44453478014415726,3.25322049272630531,0.02999999999996539,0.00000000000000000,0.00000000000000000,-0.04000000000000000
6.44453478014415726,3.25322049272630531,0.02599999999996539,0.00000000000000000,0.00000000000000000,-0.04000000000000000
6.44453478014415726,3.25322049272630531,0.02199999999996539,0.00000000000000000,0.00000000000000000,-0.04000000000000000
6.44453478014415726,3.25322049272630531,0.01799999999996539,0.00000000000000000,0.00000000000000000,-0.04000000000000000
6.44453478014415726,3.25322049272630531,0.01399999999996539,0.00000000000000000,0.00000000000000000,-0.04000000000000000
6.44453478014415726,3.25322049272630531,0.00999999999996539,0.00000000000000000,0.00000000000000000,-0.04000000000000000
6.44453478014415726,3.25322049272630531,0.00599999999996539,0.00000000000000000,0.00000000000000000,-0.04000000000000000
6.44453478014415726,3.25322049272630531,0.00199999999996539,0.00000000000000000,0.00000000000000000,-0.04000000000000000
6.44453478014415726,3.25322049272630531,-0.00200000000003461,0.00000000000000000,0.00000000000000000,-0.04000000000000000
6.44453478014415726,3.25322049272630531,-0.00600000000003461,0.00000000000000000,0.00000000000000000,-0.04000000000000000
6.44453478014415726,3.25322049272630531,-0.01000000000003461,0.00000000000000000,0.00000000000000000,-0.04000000000000000
6.44453478014415726,3.25322049272630531,-0.01400000000003461,0.00000000000000000,0.00000000000000000,-0.04000000000000000
6.44453478014415726,3.25322049272630531,-0.01800000000003461,0.00000000000000000,0.00000000000000000,-0.04000000000000000
6.44453478014415726,3.25322049272630531,-0.02200000000003461,0.00000000000000000,0.00000000000000000,-0.04000000000000000
6.44453478014415726,3.25322049272630531,-0.02600000000003461,0.00000000000000000,0.00000000000000000,-0.04000000000000000
6.44453478014415726,3.25322049272630531,-0.03000000000003461,0.00000000000000000,0.00000000000000000,-0.04000000000000000
6.44453478014415726,3.25322049272630531,-0.03400000000003461,0.00000000000000000,0.00000000000000000,-0.04000000000000000
6.44453478014415726,3.25322049272630531,-0.03800000000003462,0.00000000000000000,0.00000000000000000,-0.04000000000000000
6.44453478014415726,3.25322049272630531,-0.04200000000003462,0.00000000000000000,0.00000000000000000,-0.04000000000000000
6.44453478014415726,3.25322049272630531,-0.04600000000003462,0.00000000000000000,0.00000000000000000,-0.04000000000000000
6.44453478014415726,3.25322049272630531,-0.05000000000003463,0.00000000000000000,0.00000000000000000,-0.04000000000000000
6.44453478014415726,3.25322049272630531,-0.05400000000003463,0.00000000000000000,0.00000000000000000,-0.04000000000000000
6.44453478014415726,3.25322049272630531,-0.05800000000003463,0.00000000000000000,0.00000000000000000,-0.04000000000000000
6.44453478014415726,3.25322049272630531,-0.06200000000003464,0.00000000000000000,0.00000000000000000,-0.04000000000000000
6.44453478014415726,3.25322049272630531,-0.06600000000003464,0.00000000000000000,0.00000000000000000,-0.04000000000000000
6.44453478014415726,3.25322049272630531,-0.07000000000003465,0.00000000000000000,0.00000000000000000,-0.04000000000000000
6.44453478014415726,3.25322049272630531,-0.07400000000003465,0.00000000000000000,0.00000000000000000,-0.04000000000000000
6.44453478014415726,3.25322049272630531,-0.07800000000003465,0.00000000000000000,0.00000000000000000,-0.04000000000000000
6.44453478014415726,3.25322049272630531,-0.08200000000003466,0.00000000000000000,0.00000000000000000,-0.04000000000000000
6.44453478014415726,3.25322049272630531,-0.08600000000003466,0.00000000000000000,0.00000000000000000,-0.04000000000000000
6.44453478014415726,3.25322049272630531,-0.09000000000003466,0.00000000000000000,0.00000000000000000,-0.04000000000000000
6.44453478014415726,3.25322049272630531,-0.09400000000003467,0.00000000000000000,0.00000000000000000,-0.04000000000000000
6.44453478014415726,3.25322049272630531,-0.09800000000003467,0.00000000000000000,0.00000000000000000,-0.04000000000000000
6.44453478014415726,3.25322049272630531,-0.10200000000003467,0.00000000000000000,0.00000000000000000,-0.04000000000000000
6.44453478014415726,3.25322049272630531,-0.10600000000003468,0.00000000000000000,0.00000000000000000,-0.04000000000000000
6.44453478014415726,3.25322049272630531,-0.11000000000003468,0.00000000000000000,0.00000000000000000,-0.04000000000000000
6.44453478014415726,3.25322049272630531,-0.11400000000003468,0.00000000000000000,0.00000000000000000,-0.04000000000000000
6.44453478014415726,3.25322049272630531,-0.11800000000003469,0.00000000000000000,0.00000000000000000,-0.04000000000000000
6.44453478014415726,3.25322049272630531,-0.12200000000003469,0.00000000000000000,0.00000000000000000,-0.04000000000000000
6.44453478014415726,3.25322049272630531,-0.12600000000003470,0.00000000000000000,0.00000000000000000,-0.04000000000000000
6.44453478014415726,3.25322049272630531,-0.13000000000003470,0.00000000000000000,0.00000000000000000,-0.04000000000000000
6.44453478014415726,3.25322049272630531,-0.13400000000003470,0.00000000000000000,0.00000000000000000,-0.04000000000000000
6.44453478014415726,3.25322049272630531,-0.13800000000003471,0.00000000000000000,0.00000000000000000,-0.04000000000000000
6.44453478014415726,3.25322049272630531,-0.14200000000003471,0.00000000000000000,0.00000000000000000,-0.04000000000000000
6.44453478014415726,3.25322049272630531,-0.14600000000003471,0.00000000000000000,0.00000000000000000,-0.04000000000000000
6.44453478014415726,3.25322049272630531,-0.15000000000003472,0.00000000000000000,0.00000000000000000,-0.04000000000000000
6.44453478014415726,3.25322049272630531,-0.15400000000003472,0.00000000000000000,0.00000000000000000,-0.04000000000000000
6.44453478014415726,3.25322049272630531,-0.15800000000003472,0.00000000000000000,0.00000000000000000,-0.04000000000000000
6.44453478014415726,3.25322049272630531,-0.16200000000003473,0.00000000000000000,0.00000000000000000,-0.04000000000000000
6.44453478014415726,3.25322049272630531,-0.16600000000003473,0.00000000000000000,0.00000000000000000,-0.04000000000000000
6.44453478014415726,3.25322049272630531,-0.17000000000003473,0.00000000000000000,0.00000000000000000,-0.04000000000000000
6.44453478014415726,3.25322049272630531,-0.17400000000003474,0.00000000000000000,0.00000000000000000,-0.04000000000000000
6.44453478014415726,3.25322049272630531,-0.17800000000003474,0.00000000000000000,0.00000000000000000,-0.04000000000000000
6.44453478014415726,3.25322049272630531,-0.18200000000003475,0.00000000000000000,0.00000000000000000,-0.04000000000000000
6.44453478014415726,3.25322049272630531,-0.18600000000003475,0.00000000000000000,0.00000000000000000,-0.04000000000000000
6.44453478014415726,3.25322049272630531,-0.19000000000003475,0.00000000000000000,0.00000000000000000,-0.04000000000000000
6.44453478014415726,3.25322049272630531,-0.19400000000003476,0.00000000000000000,0.00000000000000000,-0.04000000000000000
6.44453478014415726,3.25322049272630531,-0.19800000000003476,0.00000000000000000,0.00000000000000000,-0.04000000000000000
6.44453478014415726,3.25322049272630531,-0.20200000000003476,0.00000000000000000,0.00000000000000000,-0.04000000000000000
6.44453478014415726,3.25322049272630531,-0.20600000000003477,0.00000000000000000,0.00000000000000000,-0.04000000000000000
6.44453478014415726,3.25322049272630531,-0.21000000000003477,0.00000000000000000,0.00000000000000000,-0.04000000000000000
6.44453478014415726,3.25322049272630531,-0.21400000000003477,0.00000000000000000,0.00000000000000000,-0.04000000000000000
6.44453478014415726,3.25322049272630531,-0.21800000000003478,0.00000000000000000,0.00000000000000000,-0.04000000000000000
6.44453478014415726,3.25322049272630531,-0.22200000000003478,0.00000000000000000,0.00000000000000000,-0.04000000000000000
6.44453478014415726,3.25322049272630531,-0.22600000000003478,0.00000000000000000,0.00000000000000000,-0.04000000000000000
6.44453478014415726,3.25322049272630531,-0.23000000000003479,0.00000000000000000,0.00000000000000000,-0.04000000000000000
6.44453478014415726,3.25322049272630531,-0.23400000000003479,0.00000000000000000,0.00000000000000000,-0.04000000000000000
6.44453478014415726,3.25322049272630531,-0.23800000000003479,0.00000000000000000,0.00000000000000000,-0.04000000000000000
6.44453478014415726,3.25322049272630531,-0.24200000000003480,0.00000000000000000,0.00000000000000000,-0.04000000000000000
6.44453478014415726,3.25322049272630531,-0.24600000000003480,0.00000000000000000,0.00000000000000000,-0.04000000000000000
6.44453478014415726,3.25322049272630531,-0.25000000000003481,0.00000000000000000,0.00000000000000000,-0.04000000000000000
6.44453478014415726,3.25322049272630531,-0.25400000000003481,0.00000000000000000,0.00000000000000000,-0.04000000000000000
6.44453478014415726,3.25322049272630531,-0.25800000000003481,0.00000000000000000,0.00000000000000000,-0.04000000000000000
6.44453478014415726,3.25322049272630531,-0.26200000000003482,0.00000000000000000,0.00000000000000000,-0.04000000000000000
6.44453478014415726,3.25322049272630531,-0.26600000000003482,0.00000000000000000,0.00000000000000000,-0.04000000000000000
6.44453478014415726,3.25322049272630531,-0.27000000000003482,0.00000000000000000,0.00000000000000000,-0.04000000000000000
6.44453478014415726,3.25322049272630531,-0.27400000000003483,0.00000000000000000,0.00000000000000000,-0.04000000000000000
6.44453478014415726,3.25322049272630531,-0.27800000000003483,0.00000000000000000,0.00000000000000000,-0.04000000000000000
6.44453478014415726,3.25322049272630531,-0.28200000000003483,0.00000000000000000,0.00000000000000000,-0.04000000000000000
6.44453478014415726,3.25322049272630531,-0.28600000000003484,0.00000000000000000,0.00000000000000000,-0.04000000000000000
6.44453478014415726,3.25322049272630531,-0.29000000000003484,0.00000000000000000,0.00000000000000000,-0.04000000000000000
6.44453478014415726,3.25322049272630531,-0.29400000000003484,0.00000000000000000,0.00000000000000000,-0.04000000000000000
6.44453478014415726,3.25322049272630531,-0.29800000000003485,0.00000000000000000,0.00000000000000000,-0.04000000000000000
6.44453478014415726,3.25322049272630531,-0.30200000000003485,0.00000000000000000,0.00000000000000000,-0.04000000000000000
6.44453478014415726,3.25322049272630531,-0.30600000000003486,0.00000000000000000,0.00000000000000000,-0.04000000000000000
6.44453478014415726,3.25322049272630531,-0.31000000000003486,0.00000000000000000,0.00000000000000000,-0.04000000000000000
6.44453478014415726,3.25322049272630531,-0.31400000000003486,0.00000000000000000,0.00000000000000000,-0.04000000000000000
6.44453478014415726,3.25322049272630531,-0.31800000000003487,0.00000000000000000,0.00000000000000000,-0.04000000000000000
6.44453478014415726,3.25322049272630531,-0.32200000000003487,0.00000000000000000,0.00000000000000000,-0.04000000000000000
6.44453478014415726,3.25322049272630531,-0.32600000000003487,0.00000000000000000,0.00000000000000000,-0.04000000000000000
6.44453478014415726,3.25322049272630531,-0.33000000000003488,0.00000000000000000,0.00000000000000000,-0.04000000000000000
6.44453478014415726,3.25322049272630531,-0.33400000000003488,0.00000000000000000,0.00000000000000000,-0.04000000000000000
6.44453478014415726,3.25322049272630531,-0.33800000000003488,0.00000000000000000,0.00000000000000000,-0.04000000000000000
6.44453478014415726,3.25322049272630531,-0.34200000000003489,0.00000000000000000,0.00000000000000000,-0.04000000000000000
6.44453478014415726,3.25322049272630531,-0.34600000000003489,0.00000000000000000,0.00000000000000000,-0.04000000000000000
6.44453478014415726,3.25322049272630531,-0.35000000000003489,0.00000000000000000,0.00000000000000000,-0.04000000000000000
6.44453478014415726,3.25322049272630531,-0.35400000000003490,0.00000000000000000,0.00000000000000000,-0.04000000000000000
6.44453478014415726,3.25322049272630531,-0.35800000000003490,0.00000000000000000,0.00000000000000000,-0.04000000000000000
6.44453478014415726,3.25322049272630531,-0.36200000000003490,0.00000000000000000,0.00000000000000000,-0.04000000000000000
6.44453478014415726,3.25322049272630531,-0.36600000000003491,0.00000000000000000,0.00000000000000000,-0.04000000000000000
6.44453478014415726,3.25322049272630531,-0.37000000000003491,0.00000000000000000,0.00000000000000000,-0.04000000000000000
6.44453478014415726,3.25322049272630531,-0.37400000000003492,0.00000000000000000,0.00000000000000000,-0.04000000000000000
6.44453478014415726,3.25322049272630531,-0.37800000000003492,0.00000000000000000,0.00000000000000000,-0.04000000000000000
6.44453478014415726,3.25322049272630531,-0.38200000000003492,0.00000000000000000,0.00000000000000000,-0.04000000000000000
6.44453478014415726,3.25322049272630531,-0.38600000000003493,0.00000000000000000,0.00000000000000000,-0.04000000000000000
6.44453478014415726,3.25322049272630531,-0.39000000000003493,0.00000000000000000,0.00000000000000000,-0.04000000000000000
6.44453478014415726,3.25322049272630531,-0.39400000000003493,0.00000000000000000,0.00000000000000000,-0.04000000000000000
6.44453478014415726,3.25322049272630531,-0.39800000000003494,0.00000000000000000,0.00000000000000000,-0.04000000000000000
6.44453478014415726,3.25322049272630531,-0.40200000000003494,0.00000000000000000,0.00000000000000000,-0.04000000000000000
6.44453478014415726,3.25322049272630531,-0.40600000000003494,0.00000000000000000,0.00000000000000000,-0.04000000000000000
6.44453478014415726,3.25322049272630531,-0.41000000000003495,0.00000000000000000,0.00000000000000000,-0.04000000000000000
6.44453478014415726,3.25322049272630531,-0.41400000000003495,0.00000000000000000,0.00000000000000000,-0.04000000000000000
6.44453478014415726,3.25322049272630531,-0.41800000000003495,0.00000000000000000,0.00000000000000000,-0.04000000000000000
6.44453478014415726,3.25322049272630531,-0.42200000000003496,0.00000000000000000,0.00000000000000000,-0.04000000000000000
6.44453478014415726,3.25322049272630531,-0.42600000000003496,0.00000000000000000,0.00000000000000000,-0.04000000000000000
6.44453478014415726,3.25322049272630531,-0.43000000000003497,0.00000000000000000,0.00000000000000000,-0.04000000000000000
6.44453478014415726,3.25322049272630531,-0.43400000000003497,0.00000000000000000,0.00000000000000000,-0.04000000000000000
6.44453478014415726,3.25322049272630531,-0.43800000000003497,0.00000000000000000,0.00000000000000000,-0.04000000000000000
6.44453478014415726,3.25322049272630531,-0.44200000000003498,0.00000000000000000,0.00000000000000000,-0.04000000000000000
6.44453478014415726,3.25322049272630531,-0.44600000000003498,0.00000000000000000,0.00000000000000000,-0.04000000000000000
6.44453478014415726,3.25322049272630531,-0.45000000000003498,0.00000000000000000,0.00000000000000000,-0.04000000000000000
6.44453478014415726,3.25322049272630531,-0.45400000000003499,0.00000000000000000,0.00000000000000000,-0.04000000000000000
6.44453478014415726,3.25322049272630531,-0.45800000000003499,0.00000000000000000,0.00000000000000000,-0.04000000000000000
6.44453478014415726,3.25322049272630531,-0.46200000000003499,0.00000000000000000,0.00000000000000000,-0.04000000000000000
6.44453478014415726,3.25322049272630531,-0.46600000000003500,0.00000000000000000,0.00000000000000000,-0.04000000000000000
6.44453478014415726,3.25322049272630531,-0.47000000000003500,0.00000000000000000,0.00000000000000000,-0.04000000000000000
6.44453478014415726,3.25322049272630531,-0.47400000000003500,0.00000000000000000,0.00000000000000000,-0.04000000000000000
6.44453478014415726,3.25322049272630531,-0.47800000000003501,0.00000000000000000,0.00000000000000000,-0.04000000000000000
6.44453478014415726,3.25322049272630531,-0.48200000000003501,0.00000000000000000,0.00000000000000000,-0.04000000000000000
6.44453478014415726,3.25322049272630531,-0.48600000000003502,0.00000000000000000,0.00000000000000000,-0.04000000000000000
6.44453478014415726,3.25322049272630531,-0.49000000000003502,0.00000000000000000,0.00000000000000000,-0.04000000000000000
6.44453478014415726,3.25322049272630531,-0.49400000000003502,0.00000000000000000,0.00000000000000000,-0.04000000000000000
6.44453478014415726,3.25322049272630531,-0.49800000000003503,0.00000000000000000,0.00000000000000000,-0.04000000000000000
6.44453478014415726,3.25322049272630531,-0.50200000000003497,0.00000000000000000,0.00000000000000000,-0.04000000000000000
6.44453478014415726,3.25322049272630531,-0.50600000000003498,0.00000000000000000,0.00000000000000000,-0.04000000000000000
6.44453478014415726,3.25322049272630531,-0.51000000000003498,0.00000000000000000,0.00000000000000000,-0.04000000000000000
6.44453478014415726,3.25322049272630531,-0.51400000000003498,0.00000000000000000,0.00000000000000000,-0.04000000000000000
6.44453478014415726,3.25322049272630531,-0.51800000000003499,0.00000000000000000,0.00000000000000000,-0.04000000000000000
6.44453478014415726,3.25322049272630531,-0.52200000000003499,0.00000000000000000,0.00000000000000000,-0.04000000000000000
6.44453478014415726,3.25322049272630531,-0.52600000000003500,0.00000000000000000,0.00000000000000000,-0.04000000000000000
6.44453478014415726,3.25322049272630531,-0.53000000000003500,0.00000000000000000,0.00000000000000000,-0.04000000000000000
6.44453478014415726,3.25322049272630531,-0.53400000000003500,0.00000000000000000,0.00000000000000000,-0.04000000000000000
6.44453478014415726,3.25322049272630531,-0.53800000000003501,0.00000000000000000,0.00000000000000000,-0.04000000000000000
6.44453478014415726,3.25322049272630531,-0.54200000000003501,0.00000000000000000,0.00000000000000000,-0.04000000000000000
6.44453478014415726,3.25322049272630531,-0.54600000000003501,0.00000000000000000,0.00000000000000000,-0.04000000000000000
6.44453478014415726,3.25322049272630531,-0.55000000000003502,0.00000000000000000,0.00000000000000000,-0.04000000000000000
6.44453478014415726,3.25322049272630531,-0.55400000000003502,0.00000000000000000,0.00000000000000000,-0.04000000000000000
6.44453478014415726,3.25322049272630531,-0.55800000000003502,0.00000000000000000,0.00000000000000000,-0.04000000000000000
6.44453478014415726,3.25322049272630531,-0.56200000000003503,0.00000000000000000,0.00000000000000000,-0.04000000000000000
6.44453478014415726,3.25322049272630531,-0.56600000000003503,0.00000000000000000,0.00000000000000000,-0.04000000000000000
6.44453478014415726,3.25322049272630531,-0.57000000000003503,0.00000000000000000,0.00000000000000000,-0.04000000000000000
6.44453478014415726,3.25322049272630531,-0.57400000000003504,0.00000000000000000,0.00000000000000000,-0.04000000000000000
6.44453478014415726,3.25322049272630531,-0.57800000000003504,0.00000000000000000,0.00000000000000000,-0.04000000000000000
6.44453478014415726,3.25322049272630531,-0.58200000000003504,0.00000000000000000,0.00000000000000000,-0.04000000000000000
6.44453478014415726,3.25322049272630531,-0.58600000000003505,0.00000000000000000,0.00000000000000000,-0.04000000000000000
6.44453478014415726,3.25322049272630531,-0.59000000000003505,0.00000000000000000,0.00000000000000000,-0.04000000000000000
6.44453478014415726,3.25322049272630531,-0.59400000000003506,0.00000000000000000,0.00000000000000000,-0.04000000000000000
6.44453478014415726,3.25322049272630531,-0.59800000000003506,0.00000000000000000,0.00000000000000000,-0.04000000000000000
6.44453478014415726,3.25322049272630531,-0.60200000000003506,0.00000000000000000,0.00000000000000000,-0.04000000000000000
6.44453478014415726,3.25322049272630531,-0.60600000000003507,0.00000000000000000,0.00000000000000000,-0.04000000000000000
6.44453478014415726,3.25322049272630531,-0.61000000000003507,0.00000000000000000,0.00000000000000000,-0.04000000000000000
6.44453478014415726,3.25322049272630531,-0.61400000000003507,0.00000000000000000,0.00000000000000000,-0.04000000000000000
6.44453478014415726,3.25322049272630531,-0.61800000000003508,0.00000000000000000,0.00000000000000000,-0.04000000000000000
6.44453478014415726,3.25322049272630531,-0.62200000000003508,0.00000000000000000,0.00000000000000000,-0.04000000000000000
6.44453478014415726,3.25322049272630531,-0.62600000000003508,0.00000000000000000,0.00000000000000000,-0.04000000000000000
6.44453478014415726,3.25322049272630531,-0.63000000000003509,0.00000000000000000,0.00000000000000000,-0.04000000000000000
6.44453478014415726,3.25322049272630531,-0.63400000000003509,0.00000000000000000,0.00000000000000000,-0.04000000000000000
6.44453478014415726,3.25322049272630531,-0.63800000000003509,0.00000000000000000,0.00000000000000000,-0.04000000000000000
6.44453478014415726,3.25322049272630531,-0.64200000000003510,0.00000000000000000,0.00000000000000000,-0.04000000000000000
6.44453478014415726,3.25322049272630531,-0.64600000000003510,0.00000000000000000,0.00000000000000000,-0.04000000000000000
6.44453478014415726,3.25322049272630531,-0.65000000000003511,0.00000000000000000,0.00000000000000000,-0.04000000000000000
6.44453478014415726,3.25322049272630531,-0.65400000000003511,0.00000000000000000,0.00000000000000000,-0.04000000000000000
6.44453478014415726,3.25322049272630531,-0.65800000000003511,0.00000000000000000,0.00000000000000000,-0.04000000000000000
6.44453478014415726,3.25322049272630531,-0.66200000000003512,0.00000000000000000,0.00000000000000000,-0.04000000000000000
6.44453478014415726,3.25322049272630531,-0.66600000000003512,0.00000000000000000,0.00000000000000000,-0.04000000000000000
6.44453478014415726,3.25322049272630531,-0.67000000000003512,0.00000000000000000,0.00000000000000000,-0.04000000000000000
6.44453478014415726,3.25322049272630531,-0.67400000000003513,0.00000000000000000,0.00000000000000000,-0.04000000000000000
6.44453478014415726,3.25322049272630531,-0.67800000000003513,0.00000000000000000,0.00000000000000000,-0.04000000000000000
6.44453478014415726,3.25322049272630531,-0.68200000000003513,0.00000000000000000,0.00000000000000000,-0.04000000000000000
6.44453478014415726,3.25322049272630531,-0.68600000000003514,0.00000000000000000,0.00000000000000000,-0.04000000000000000
6.44453478014415726,3.25322049272630531,-0.69000000000003514,0.00000000000000000,0.00000000000000000,-0.04000000000000000
6.44453478014415726,3.25322049272630531,-0.69400000000003514,0.00000000000000000,0.00000000000000000,-0.04000000000000000
6.44453478014415726,3.25322049272630531,-0.69800000000003515,0.00000000000000000,0.00000000000000000,-0.04000000000000000
6.44453478014415726,3.25322049272630531,-0.70200000000003515,0.00000000000000000,0.00000000000000000,-0.04000000000000000
6.44453478014415726,3.25322049272630531,-0.70600000000003515,0.00000000000000000,0.00000000000000000,-0.04000000000000000
6.44453478014415726,3.25322049272630531,-0.71000000000003516,0.00000000000000000,0.00000000000000000,-0.04000000000000000
6.44453478014415726,3.25322049272630531,-0.71400000000003516,0.00000000000000000,0.00000000000000000,-0.04000000000000000
6.44453478014415726,3.25322049272630531,-0.71800000000003517,0.00000000000000000,0.00000000000000000,-0.04000000000000000
6.44453478014415726,3.25322049272630531,-0.72200000000003517,0.00000000000000000,0.00000000000000000,-0.04000000000000000
6.44453478014415726,3.25322049272630531,-0.72600000000003517,0.00000000000000000,0.00000000000000000,-0.04000000000000000
6.44453478014415726,3.25322049272630531,-0.73000000000003518,0.00000000000000000,0.00000000000000000,-0.04000000000000000
6.44453478014415726,3.25322049272630531,-0.73400000000003518,0.00000000000000000,0.00000000000000000,-0.04000000000000000
6.44453478014415726,3.25322049272630531,-0.73800000000003518,0.00000000000000000,0.00000000000000000,-0.04000000000000000
6.44453478014415726,3.25322049272630531,-0.74200000000003519,0.00000000000000000,0.00000000000000000,-0.04000000000000000
6.44453478014415726,3.25322049272630531,-0.74600000000003519,0.00000000000000000,0.00000000000000000,-0.04000000000000000
6.44453478014415726,3.25322049272630531,-0.75000000000003519,0.00000000000000000,0.00000000000000000,-0.04000000000000000
6.44453478014415726,3.25322049272630531,-0.75400000000003520,0.00000000000000000,0.00000000000000000,-0.04000000000000000
6.44453478014415726,3.25322049272630531,-0.75800000000003520,0.00000000000000000,0.00000000000000000,-0.04000000000000000
6.44453478014415726,3.25322049272630531,-0.76200000000003520,0.00000000000000000,0.00000000000000000,-0.04000000000000000
6.44453478014415726,3.25322049272630531,-0.76600000000003521,0.00000000000000000,0.00000000000000000,-0.04000000000000000
6.44453478014415726,3.25322049272630531,-0.77000000000003521,0.00000000000000000,0.00000000000000000,-0.04000000000000000
6.44453478014415726,3.25322049272630531,-0.77400000000003522,0.00000000000000000,0.00000000000000000,-0.04000000000000000
6.44453478014415726,3.25322049272630531,-0.77800000000003522,0.00000000000000000,0.00000000000000000,-0.04000000000000000
6.44453478014415726,3.25322049272630531,-0.78200000000003522,0.00000000000000000,0.00000000000000000,-0.04000000000000000
6.44453478014415726,3.25322049272630531,-0.78600000000003523,0.00000000000000000,0.00000000000000000,-0.04000000000000000
6.44453478014415726,3.25322049272630531,-0.79000000000003523,0.00000000000000000,0.00000000000000000,-0.04000000000000000
6.44453478014415726,3.25322049272630531,-0.79400000000003523,0.00000000000000000,0.00000000000000000,-0.04000000000000000
6.44453478014415726,3.25322049272630531,-0.79800000000003524,0.00000000000000000,0.00000000000000000,-0.04000000000000000
6.44453478014415726,3.25322049272630531,-0.80200000000003524,0.00000000000000000,0.00000000000000000,-0.04000000000000000
6.44453478014415726,3.25322049272630531,-0.80600000000003524,0.00000000000000000,0.00000000000000000,-0.04000000000000000
6.44453478014415726,3.25322049272630531,-0.81000000000003525,0.00000000000000000,0.00000000000000000,-0.04000000000000000
6.44453478014415726,3.25322049272630531,-0.81400000000003525,0.00000000000000000,0.00000000000000000,-0.04000000000000000
6.44453478014415726,3.25322049272630531,-0.81800000000003525,0.00000000000000000,0.00000000000000000,-0.04000000000000000
6.44453478014415726,3.25322049272630531,-0.82200000000003526,0.00000000000000000,0.00000000000000000,-0.04000000000000000
6.44453478014415726,3.25322049272630531,-0.82600000000003526,0.00000000000000000,0.00000000000000000,-0.04000000000000000
6.44453478014415726,3.25322049272630531,-0.83000000000003527,0.00000000000000000,0.00000000000000000,-0.04000000000000000
6.44453478014415726,3.25322049272630531,-0.83400000000003527,0.00000000000000000,0.00000000000000000,-0.04000000000000000
6.44453478014415726,3.25322049272630531,-0.83800000000003527,0.00000000000000000,0.00000000000000000,-0.04000000000000000
6.44453478014415726,3.25322049272630531,-0.84200000000003528,0.00000000000000000,0.00000000000000000,-0.04000000000000000
6.44453478014415726,3.25322049272630531,-0.84600000000003528,0.00000000000000000,0.00000000000000000,-0.04000000000000000
6.44453478014415726,3.25322049272630531,-0.85000000000003528,0.00000000000000000,0.00000000000000000,-0.04000000000000000
6.44453478014415726,3.25322049272630531,-0.85400000000003529,0.00000000000000000,0.00000000000000000,-0.04000000000000000
6.44453478014415726,3.25322049272630531,-0.85800000000003529,0.00000000000000000,0.00000000000000000,-0.04000000000000000
6.44453478014415726,3.25322049272630531,-0.86200000000003529,0.00000000000000000,0.00000000000000000,-0.04000000000000000
6.44453478014415726,3.25322049272630531,-0.86600000000003530,0.00000000000000000,0.00000000000000000,-0.04000000000000000
6.44453478014415726,3.25322049272630531,-0.87000000000003530,0.00000000000000000,0.00000000000000000,-0.04000000000000000
6.44453478014415726,3.25322049272630531,-0.87400000000003530,0.00000000000000000,0.00000000000000000,-0.04000000000000000
6.44453478014415726,3.25322049272630531,-0.87800000000003531,0.00000000000000000,0.00000000000000000,-0.04000000000000000
6.44453478014415726,3.25322049272630531,-0.88200000000003531,0.00000000000000000,0.00000000000000000,-0.04000000000000000
6.44453478014415726,3.25322049272630531,-0.88600000000003531,0.00000000000000000,0.00000000000000000,-0.04000000000000000
6.44453478014415726,3.25322049272630531,-0.89000000000003532,0.00000000000000000,0.00000000000000000,-0.04000000000000000
6.44453478014415726,3.25322049272630531,-0.89400000000003532,0.00000000000000000,0.00000000000000000,-0.04000000000000000
6.44453478014415726,3.25322049272630531,-0.89800000000003533,0.00000000000000000,0.00000000000000000,-0.04000000000000000
6.44453478014415726,3.25322049272630531,-0.90200000000003533,0.00000000000000000,0.00000000000000000,-0.04000000000000000
6.44453478014415726,3.25322049272630531,-0.90600000000003533,0.00000000000000000,0.00000000000000000,-0.04000000000000000
6.44453478014415726,3.25322049272630531,-0.91000000000003534,0.00000000000000000,0.00000000000000000,-0.04000000000000000
6.44453478014415726,3.25322049272630531,-0.91400000000003534,0.00000000000000000,0.00000000000000000,-0.04000000000000000
6.44453478014415726,3.25322049272630531,-0.91800000000003534,0.00000000000000000,0.00000000000000000,-0.04000000000000000
6.44453478014415726,3.25322049272630531,-0.92200000000003535,0.00000000000000000,0.00000000000000000,-0.04000000000000000
6.44453478014415726,3.25322049272630531,-0.92600000000003535,0.00000000000000000,0.00000000000000000,-0.04000000000000000
6.44453478014415726,3.25322049272630531,-0.93000000000003535,0.00000000000000000,0.00000000000000000,-0.04000000000000000
6.44453478014415726,3.25322049272630531,-0.93400000000003536,0.00000000000000000,0.00000000000000000,-0.04000000000000000
6.44453478014415726,3.25322049272630531,-0.93800000000003536,0.00000000000000000,0.00000000000000000,-0.04000000000000000
6.44453478014415726,3.25322049272630531,-0.94200000000003536,0.00000000000000000,0.00000000000000000,-0.04000000000000000
6.44453478014415726,3.25322049272630531,-0.94600000000003537,0.00000000000000000,0.00000000000000000,-0.04000000000000000
6.44453478014415726,3.25322049272630531,-0.95000000000003537,0.00000000000000000,0.00000000000000000,-0.04000000000000000
6.44453478014415726,3.25322049272630531,-0.95400000000003538,0.00000000000000000,0.00000000000000000,-0.04000000000000000
6.44453478014415726,3.25322049272630531,-0.95800000000003538,0.00000000000000000,0.00000000000000000,-0.04000000000000000
6.44453478014415726,3.25322049272630531,-0.96200000000003538,0.00000000000000000,0.00000000000000000,-0.04000000000000000
6.44453478014415726,3.25322049272630531,-0.96600000000003539,0.00000000000000000,0.00000000000000000,-0.04000000000000000
6.44453478014415726,3.25322049272630531,-0.97000000000003539,0.00000000000000000,0.00000000000000000,-0.04000000000000000
6.44453478014415726,3.25322049272630531,-0.97400000000003539,0.00000000000000000,0.00000000000000000,-0.04000000000000000
6.44453478014415726,3.25322049272630531,-0.97800000000003540,0.00000000000000000,0.00000000000000000,-0.04000000000000000
6.44453478014415726,3.25322049272630531,-0.98200000000003540,0.00000000000000000,0.00000000000000000,-0.04000000000000000
6.44453478014415726,3.25322049272630531,-0.98600000000003540,0.00000000000000000,0.00000000000000000,-0.04000000000000000
6.44453478014415726,3.25322049272630531,-0.99000000000003541,0.00000000000000000,0.00000000000000000,-0.04000000000000000
6.44453478014415726,3.25322049272630531,-0.99400000000003541,0.00000000000000000,0.00000000000000000,-0.04000000000000000
6.44453478014415726,3.25322049272630531,-0.99800000000003541,0.00000000000000000,0.00000000000000000,-0.04000000000000000
6.44453478014415726,3.25322049272630531,-1.00200000000003531,0.00000000000000000,0.00000000000000000,-0.04000000000000000
6.44453478014415726,3.25322049272630531,-1.00600000000003531,0.00000000000000000,0.00000000000000000,-0.04000000000000000
6.44453478014415726,3.25322049272630531,-1.01000000000003531,0.00000000000000000,0.00000000000000000,-0.04000000000000000
6.44453478014415726,3.25322049272630531,-1.01400000000003532,0.00000000000000000,0.00000000000000000,-0.04000000000000000
6.44453478014415726,3.25322049272630531,-1.01800000000003532,0.00000000000000000,0.00000000000000000,-0.04000000000000000
6.44453478014415726,3.25322049272630531,-1.02200000000003532,0.00000000000000000,0.00000000000000000,-0.04000000000000000
6.44453478014415726,3.25322049272630531,-1.02600000000003533,0.00000000000000000,0.00000000000000000,-0.04000000000000000
6.44453478014415726,3.25322049272630531,-1.03000000000003533,0.00000000000000000,0.00000000000000000,-0.04000000000000000
6.44453478014415726,3.25322049272630531,-1.03400000000003534,0.00000000000000000,0.00000000000000000,-0.04000000000000000
6.44453478014415726,3.25322049272630531,-1.03800000000003534,0.00000000000000000,0.00000000000000000,-0.04000000000000000
6.44453478014415726,3.25322049272630531,-1.04200000000003534,0.00000000000000000,0.00000000000000000,-0.04000000000000000
6.44453478014415726,3.25322049272630531,-1.04600000000003535,0.00000000000000000,0.00000000000000000,-0.04000000000000000
6.44453478014415726,3.25322049272630531,-1.05000000000003535,0.00000000000000000,0.00000000000000000,-0.04000000000000000
